timestamp,state,segment,cmd_ideal_v,cmd_ideal_omega,vn_body_vx,vn_body_vy,vn_body_vz,odom_pose_x,odom_pose_y,odom_pose_z,odom_qx,odom_qy,odom_qz,odom_qw,odom_linear_x,odom_linear_y,odom_linear_z,odom_angular_x,odom_angular_y,odom_omega_z,controller_controller_state,controller_base_v,controller_base_omega,controller_applied_v,controller_applied_omega,controller_model_corrected_v,controller_model_corrected_omega,controller_delta_v,controller_delta_omega,controller_a_v,controller_a_omega,controller_b_v,controller_b_omega,controller_used_model_estimate,controller_used_model_applied,controller_history_len,controller_history_ready,controller_history_span_sec,controller_latest_meas_v,controller_latest_meas_omega,controller_right_rpm,controller_left_rpm,controller_can_right_rpm,controller_can_left_rpm,velocity_timestamp,odom_timestamp,can_timestamp,can_id,can_dlc,can_data_hex,can_right_rpm,can_left_rpm,debug_timestamp,valid_cmd,valid_velocity_body,valid_odom,valid_can,valid_debug,controller_node_time_sec
0.0012466907501220703,2,forward_2mps,2.0,0.0,0.021042151376605034,-0.004807259887456894,-0.1241503581404686,34.84260266992192,0.64441648023229,0.0,0.0,0.0,-0.07979326781865638,0.9968114337279745,0.0,-0.0,0.0,0.0,0.0,-0.0008868674346667208,nan,nan,nan,nan,nan,nan,nan,nan,nan,nan,nan,nan,nan,nan,nan,nan,nan,nan,nan,nan,nan,nan,nan,nan,0.04207015037536621,0.0619661808013916,,,,,,,nan,1,1,1,0,0,nan
0.05124669075012207,2,forward_2mps,2.0,0.0,0.021042151376605034,-0.004807259887456894,-0.1241503581404686,34.84260266992192,0.64441648023229,0.0,0.0,0.0,-0.07979326781865638,0.9968114337279745,0.0,-0.0,0.0,0.0,0.0,-0.0008868674346667208,2.0,2.0,0.0,2.0,0.0,2.0,0.0,0.0,0.0,1.0,1.0,0.0,0.0,0.0,0.0,20.0,0.0,1.2541158199310303,0.0206292737275362,0.0013583507067413138,165.42088573330858,165.42088573330858,165.0,165.0,0.04207015037536621,0.0619661808013916,0.08188438415527344,528,8,0000000000000000,0,0,0.10176467895507812,1,1,1,1,1,1779078376.1898863
0.10124669075012208,2,forward_2mps,2.0,0.0,0.02116067335009575,-0.0050746360793709755,-0.12415239214897156,34.84260266992192,0.64441648023229,0.0,0.0,0.0,-0.07979326781865638,0.9968114337279745,0.0,-0.0,0.0,0.0,0.0,-0.0008868674346667208,2.0,2.0,0.0,2.0,0.0,2.0,0.0,0.0,0.0,1.0,1.0,0.0,0.0,0.0,0.0,20.0,0.0,1.2541158199310303,0.0206292737275362,0.0013583507067413138,165.42088573330858,165.42088573330858,165.0,165.0,0.14209485054016113,0.0619661808013916,0.08188438415527344,528,8,0000000000000000,0,0,0.10176467895507812,1,1,1,1,1,1779078376.1898863
0.1512466907501221,2,forward_2mps,2.0,0.0,0.02116067335009575,-0.0050746360793709755,-0.12415239214897156,34.84260266992192,0.64441648023229,0.0,0.0,0.0,-0.08075816992234339,0.996733724718289,0.0,-0.0,0.0,0.0,0.0,-0.02618166730345822,2.0,2.0,0.0,2.0,0.0,2.0,0.0,0.0,0.0,1.0,1.0,0.0,0.0,0.0,0.0,20.0,0.0,1.2541158199310303,0.0206292737275362,0.0013583507067413138,165.42088573330858,165.42088573330858,165.0,165.0,0.14209485054016113,0.16212797164916992,0.18183183670043945,528,8,a5000000a5000000,165,165,0.10176467895507812,1,1,1,1,1,1779078376.1898863
0.20124669075012208,2,forward_2mps,2.0,0.0,0.07772396504878998,0.03811642527580261,-0.11798197776079178,34.84260266992192,0.64441648023229,0.0,0.0,0.0,-0.08075816992234339,0.996733724718289,0.0,-0.0,0.0,0.0,0.0,-0.02618166730345822,2.0,2.0,0.0,2.0,0.0,2.0,0.0,0.0,0.0,1.0,1.0,0.0,0.0,0.0,0.0,20.0,0.0,1.2541158199310303,0.0206292737275362,0.0013583507067413138,165.42088573330858,165.42088573330858,165.0,165.0,0.24213838577270508,0.16212797164916992,0.18183183670043945,528,8,a5000000a5000000,165,165,0.2017662525177002,1,1,1,1,1,1779078376.2100072
0.25124669075012207,2,forward_2mps,2.0,0.0,0.07772396504878998,0.03811642527580261,-0.11798197776079178,34.84260266992192,0.64441648023229,0.0,0.0,0.0,-0.0805448058596404,0.9967509890885651,0.0,-0.0,0.0,0.0,0.0,0.010597372892781218,2.0,2.0,0.0,2.0,0.0,2.0,0.0,0.0,0.0,1.0,1.0,0.0,0.0,0.0,0.0,20.0,0.0,1.2541158199310303,0.0206292737275362,0.0013583507067413138,165.42088573330858,165.42088573330858,165.0,165.0,0.24213838577270508,0.26200056076049805,0.281902551651001,528,8,a5000000a5000000,165,165,0.2017662525177002,1,1,1,1,1,1779078376.2100072
0.30124669075012206,2,forward_2mps,2.0,0.0,0.09363742917776108,0.06428193300962448,-0.12566179037094116,34.84260266992192,0.64441648023229,0.0,0.0,0.0,-0.0805448058596404,0.9967509890885651,0.0,-0.0,0.0,0.0,0.0,0.010597372892781218,2.0,2.0,0.0,2.0,0.0,2.0,0.0,0.0,0.0,1.0,1.0,0.0,0.0,0.0,0.0,20.0,0.0,1.2541158199310303,0.021042151376605034,-0.0008868674346667208,165.42088573330858,165.42088573330858,165.0,165.0,0.3422269821166992,0.26200056076049805,0.281902551651001,528,8,a5000000a5000000,165,165,0.30182576179504395,1,1,1,1,1,1779078376.2300987
0.35124669075012205,2,forward_2mps,2.0,0.0,0.09363742917776108,0.06428193300962448,-0.12566179037094116,34.8585530376712,0.6417323832651731,0.0,0.0,0.0,-0.08326155219957171,0.9965277286284201,0.17705621609710043,-0.029794676844161472,0.0,0.0,0.0,-0.03529548552530251,2.0,2.0,0.0,2.0,0.0,2.0,0.0,0.0,0.0,1.0,1.0,0.0,0.0,0.0,0.0,20.0,0.0,1.2541158199310303,0.021042151376605034,-0.0008868674346667208,165.42088573330858,165.42088573330858,165.0,165.0,0.3422269821166992,0.3619685173034668,0.3819301128387451,528,8,a5000000a5000000,165,165,0.30182576179504395,1,1,1,1,1,1779078376.2300987
0.40124669075012204,2,forward_2mps,2.0,0.0,0.1302517205476761,0.10019584745168686,-0.11950939148664474,34.8585530376712,0.6417323832651731,0.0,0.0,0.0,-0.08326155219957171,0.9965277286284201,0.17705621609710043,-0.029794676844161472,0.0,0.0,0.0,-0.03529548552530251,2.0,2.0,0.0,2.0,0.0,2.0,0.0,0.0,0.0,1.0,1.0,0.0,0.0,0.0,0.0,20.0,0.0,1.2546052932739258,0.021042151376605034,-0.0008868674346667208,165.42088573330858,165.42088573330858,165.0,165.0,0.4422283172607422,0.3619685173034668,0.3819301128387451,528,8,a5000000a5000000,165,165,0.40187931060791016,1,1,1,1,1,1779078376.2500315
0.451246690750122,2,forward_2mps,2.0,0.0,0.1302517205476761,0.10019584745168686,-0.11950939148664474,34.86479711748349,0.6406805201189305,0.0,0.0,0.0,-0.0833485780280271,0.9965204536489484,0.3475445741945995,-0.05854654973376795,0.0,0.0,0.0,-0.005948072213694835,2.0,2.0,0.0,2.0,0.0,2.0,0.0,0.0,0.0,1.0,1.0,0.0,0.0,0.0,0.0,20.0,0.0,1.2546052932739258,0.021042151376605034,-0.0008868674346667208,165.42088573330858,165.42088573330858,165.0,165.0,0.4422283172607422,0.4622795581817627,0.4819316864013672,528,8,a5000000a5000000,165,165,0.40187931060791016,1,1,1,1,1,1779078376.2500315
0.5012466907501221,2,forward_2mps,2.0,0.0,0.17545436322689056,0.1343497484922409,-0.11126895248889923,34.86479711748349,0.6406805201189305,0.0,0.0,0.0,-0.0833485780280271,0.9965204536489484,0.3475445741945995,-0.05854654973376795,0.0,0.0,0.0,-0.005948072213694835,2.0,2.0,0.0,2.0,0.0,2.0,0.0,0.0,0.0,1.0,1.0,0.0,0.0,0.0,0.0,20.0,0.0,1.2546052932739258,0.021042151376605034,-0.0008868674346667208,165.42088573330858,165.42088573330858,165.0,165.0,0.5424766540527344,0.4622795581817627,0.4819316864013672,528,8,a5000000a5000000,165,165,0.5018939971923828,1,1,1,1,1,1779078376.2701283
0.5512466907501221,2,forward_2mps,2.0,0.0,0.17545436322689056,0.1343497484922409,-0.11126895248889923,34.872923384459604,0.639313646347802,0.0,0.0,0.0,-0.08322585414625475,0.9965307106163995,0.38690528393524826,-0.06507916686425436,0.0,0.0,0.0,0.02458556272444308,2.0,2.0,0.0,2.0,0.0,2.0,0.0,0.0,0.0,1.0,1.0,0.0,0.0,0.0,0.0,20.0,0.0,1.2546052932739258,0.021042151376605034,-0.0008868674346667208,165.42088573330858,165.42088573330858,165.0,165.0,0.5424766540527344,0.5624058246612549,0.5820868015289307,528,8,a5000000a5000000,165,165,0.5018939971923828,1,1,1,1,1,1779078376.2701283
0.6012466907501222,2,forward_2mps,2.0,0.0,0.22864726185798645,0.1865842342376709,-0.10998460650444031,34.872923384459604,0.639313646347802,0.0,0.0,0.0,-0.08322585414625475,0.9965307106163995,0.38690528393524826,-0.06507916686425436,0.0,0.0,0.0,0.02458556272444308,2.0,2.0,0.0,2.0,0.0,2.0,0.0,0.0,0.0,1.0,1.0,0.0,0.0,0.0,0.0,20.0,0.0,1.2546052932739258,0.02116067335009575,-0.0008868674346667208,165.42088573330858,165.42088573330858,165.0,165.0,0.6420447826385498,0.5624058246612549,0.5820868015289307,528,8,a5000000a5000000,165,165,0.6018424034118652,1,1,1,1,1,1779078376.2899673
0.6512466907501222,2,forward_2mps,2.0,0.0,0.22864726185798645,0.1865842342376709,-0.10998460650444031,34.87468593621894,0.6390173781074985,0.0,0.0,0.0,-0.08317067671731314,0.9965353172539266,0.4459330374214348,-0.07495711577861845,0.0,0.0,0.0,0.028425886794523802,2.0,2.0,0.0,2.0,0.0,2.0,0.0,0.0,0.0,1.0,1.0,0.0,0.0,0.0,0.0,20.0,0.0,1.2546052932739258,0.02116067335009575,-0.0008868674346667208,165.42088573330858,165.42088573330858,165.0,165.0,0.6420447826385498,0.66227126121521,0.6818997859954834,528,8,a5000000a5000000,165,165,0.6018424034118652,1,1,1,1,1,1779078376.2899673
0.7012466907501222,2,forward_2mps,2.0,0.0,0.2925150692462921,0.2544723153114319,-0.11684637516736984,34.87468593621894,0.6390173781074985,0.0,0.0,0.0,-0.08317067671731314,0.9965353172539266,0.4459330374214348,-0.07495711577861845,0.0,0.0,0.0,0.028425886794523802,2.0,2.0,0.0,2.0,0.0,2.0,0.0,0.0,0.0,1.0,1.0,0.0,0.0,0.0,0.0,20.0,0.0,1.2547216415405273,0.02116067335009575,-0.0008868674346667208,165.42088573330858,165.42088573330858,165.0,165.0,0.7421424388885498,0.66227126121521,0.6818997859954834,528,8,a5000000a5000000,165,165,0.7019069194793701,1,1,1,1,1,1779078376.3099957
0.7512466907501223,2,forward_2mps,2.0,0.0,0.2925150692462921,0.2544723153114319,-0.11684637516736984,34.92416050116062,0.6307701439890677,0.0,0.0,0.0,-0.08271968594609982,0.9965728541140274,0.6165303773021411,-0.10305920984140798,0.0,0.0,0.0,-0.005203577951464804,2.0,2.0,0.0,2.0,0.0,2.0,0.0,0.0,0.0,1.0,1.0,0.0,0.0,0.0,0.0,20.0,0.0,1.2547216415405273,0.02116067335009575,-0.0008868674346667208,165.42088573330858,165.42088573330858,165.0,165.0,0.7421424388885498,0.7620165348052979,0.7820055484771729,528,8,a5000000a5000000,165,165,0.7019069194793701,1,1,1,1,1,1779078376.3099957
0.8012466907501223,2,forward_2mps,2.0,0.0,0.34601250290870667,0.29639777541160583,-0.11955644190311432,34.92416050116062,0.6307701439890677,0.0,0.0,0.0,-0.08271968594609982,0.9965728541140274,0.6165303773021411,-0.10305920984140798,0.0,0.0,0.0,-0.005203577951464804,2.0,2.0,0.0,2.0,0.0,2.0,0.0,0.0,0.0,1.0,1.0,0.0,0.0,0.0,0.0,20.0,0.0,1.2547216415405273,0.07772396504878998,-0.02618166730345822,165.42088573330858,165.42088573330858,165.0,165.0,0.8424153327941895,0.7620165348052979,0.7820055484771729,528,8,a5000000a5000000,165,165,0.8019161224365234,1,1,1,1,1,1779078376.3299382
0.8512466907501224,2,forward_2mps,2.0,0.0,0.34601250290870667,0.29639777541160583,-0.11955644190311432,35.002940341689275,0.617759781173492,0.0,0.0,0.0,-0.08070281546889929,0.9967382081446425,0.8466550446998549,-0.13800681327392558,0.0,0.0,0.0,0.030801673416269534,2.0,2.0,0.0,2.0,0.0,2.0,0.0,0.0,0.0,1.0,1.0,0.0,0.0,0.0,0.0,20.0,0.0,1.2547216415405273,0.07772396504878998,-0.02618166730345822,165.42088573330858,165.42088573330858,165.0,165.0,0.8424153327941895,0.8621706962585449,0.8819000720977783,528,8,a5000000a5000000,165,165,0.8019161224365234,1,1,1,1,1,1779078376.3299382
0.9012466907501224,2,forward_2mps,2.0,0.0,0.3941717743873596,0.34371069073677063,-0.12547457218170166,35.002940341689275,0.617759781173492,0.0,0.0,0.0,-0.08070281546889929,0.9967382081446425,0.8466550446998549,-0.13800681327392558,0.0,0.0,0.0,0.030801673416269534,2.0,2.0,0.0,2.0,0.0,2.0,0.0,0.0,0.0,1.0,1.0,0.0,0.0,0.0,0.0,20.0,0.0,1.2547216415405273,0.07772396504878998,-0.02618166730345822,165.42088573330858,165.42088573330858,165.0,165.0,0.9421210289001465,0.8621706962585449,0.8819000720977783,528,8,a5000000a5000000,165,165,0.9018657207489014,1,1,1,1,1,1779078376.3499572
0.9512466907501225,2,forward_2mps,2.0,0.0,0.3941717743873596,0.34371069073677063,-0.12547457218170166,35.05121455557516,0.6099129697698892,0.0,0.0,0.0,-0.08049046682746984,0.9967553785909038,0.8795321334473322,-0.1429811734956218,0.0,0.0,0.0,-0.013353888226552871,2.0,2.0,0.0,2.0,0.0,2.0,0.0,0.0,0.0,1.0,1.0,0.0,0.0,0.0,0.0,20.0,0.0,1.2547216415405273,0.07772396504878998,-0.02618166730345822,165.42088573330858,165.42088573330858,165.0,165.0,0.9421210289001465,0.9619312286376953,0.9818069934844971,528,8,a5000000a5000000,165,165,0.9018657207489014,1,1,1,1,1,1779078376.3499572
1.0012466907501225,2,forward_2mps,2.0,0.0,0.4728259742259979,0.42016375064849854,-0.11730781942605972,35.05121455557516,0.6099129697698892,0.0,0.0,0.0,-0.08049046682746984,0.9967553785909038,0.8795321334473322,-0.1429811734956218,0.0,0.0,0.0,-0.013353888226552871,2.0,2.0,0.0,2.0,0.0,2.0,0.0,0.0,0.0,1.0,1.0,0.0,0.0,0.0,0.0,20.0,0.0,1.254932165145874,0.07772396504878998,-0.02618166730345822,165.42088573330858,165.42088573330858,165.0,165.0,1.0420372486114502,0.9619312286376953,0.9818069934844971,528,8,a5000000a5000000,165,165,1.0017685890197754,1,1,1,1,1,1779078376.3701541
1.0512466907501226,2,forward_2mps,2.0,0.0,0.4728259742259979,0.42016375064849854,-0.11730781942605972,35.09090995262158,0.6034267305973517,0.0,0.0,0.0,-0.08120838810421568,0.9966971444232772,1.0171299512379883,-0.1668540786563606,0.0,0.0,0.0,-0.031544891193822824,2.0,2.0,0.0,2.0,0.0,2.0,0.0,0.0,0.0,1.0,1.0,0.0,0.0,0.0,0.0,20.0,0.0,1.254932165145874,0.07772396504878998,-0.02618166730345822,165.42088573330858,165.42088573330858,165.0,165.0,1.0420372486114502,1.062119483947754,1.0818254947662354,528,8,a5000000a5000000,165,165,1.0017685890197754,1,1,1,1,1,1779078376.3701541
1.1012466907501226,2,forward_2mps,2.0,0.0,0.5535932779312134,0.5054049491882324,-0.12296677380800247,35.09090995262158,0.6034267305973517,0.0,0.0,0.0,-0.08120838810421568,0.9966971444232772,1.0171299512379883,-0.1668540786563606,0.0,0.0,0.0,-0.031544891193822824,2.0,2.0,0.0,2.0,0.0,2.0,0.0,0.0,0.0,1.0,1.0,0.0,0.0,0.0,0.0,20.0,0.0,1.254932165145874,0.09363742917776108,-0.02618166730345822,165.42088573330858,165.42088573330858,165.0,165.0,1.1419932842254639,1.062119483947754,1.0818254947662354,528,8,a5000000a5000000,165,165,1.1017611026763916,1,1,1,1,1,1779078376.3899148
1.1512466907501226,2,forward_2mps,2.0,0.0,0.5535932779312134,0.5054049491882324,-0.12296677380800247,35.12541453963636,0.5977472396629132,0.0,0.0,0.0,-0.08160838342795954,0.996664473006977,0.984189384560903,-0.16226170554156868,0.0,0.0,0.0,-0.013038418804469768,2.0,2.0,0.0,2.0,0.0,2.0,0.0,0.0,0.0,1.0,1.0,0.0,0.0,0.0,0.0,20.0,0.0,1.254932165145874,0.09363742917776108,-0.02618166730345822,165.42088573330858,165.42088573330858,165.0,165.0,1.1419932842254639,1.1619408130645752,1.1818952560424805,528,8,a5000000a5000000,165,165,1.1017611026763916,1,1,1,1,1,1779078376.3899148
1.2012466907501227,2,forward_2mps,2.0,0.0,0.6263243556022644,0.5778281688690186,-0.1353188455104828,35.12541453963636,0.5977472396629132,0.0,0.0,0.0,-0.08160838342795954,0.996664473006977,0.984189384560903,-0.16226170554156868,0.0,0.0,0.0,-0.013038418804469768,2.0,2.0,0.0,2.0,0.0,2.0,0.0,0.0,0.0,1.0,1.0,0.0,0.0,0.0,0.0,20.0,0.0,1.254932165145874,0.09363742917776108,-0.02618166730345822,165.42088573330858,165.42088573330858,165.0,165.0,1.242185115814209,1.1619408130645752,1.1818952560424805,528,8,a5000000a5000000,165,165,1.2018961906433105,1,1,1,1,1,1779078376.4100852
1.2512466907501227,2,forward_2mps,2.0,0.0,0.6263243556022644,0.5778281688690186,-0.1353188455104828,35.21952025069687,0.5823033872305107,0.0,0.0,0.0,-0.08073863801443108,0.9967353070557773,1.089481320594907,-0.1776684748144694,0.0,0.0,0.0,0.015364604357863718,2.0,2.0,0.0,2.0,0.0,2.0,0.0,0.0,0.0,1.0,1.0,0.0,0.0,0.0,0.0,20.0,0.0,1.254932165145874,0.09363742917776108,-0.02618166730345822,165.42088573330858,165.42088573330858,165.0,165.0,1.242185115814209,1.2621684074401855,1.2819287776947021,528,8,a5000000a5000000,165,165,1.2018961906433105,1,1,1,1,1,1779078376.4100852
1.3012466907501228,2,forward_2mps,2.0,0.0,0.684476912021637,0.631043553352356,-0.11408823728561401,35.21952025069687,0.5823033872305107,0.0,0.0,0.0,-0.08073863801443108,0.9967353070557773,1.089481320594907,-0.1776684748144694,0.0,0.0,0.0,0.015364604357863718,2.0,2.0,0.0,2.0,0.0,2.0,0.0,0.0,0.0,1.0,1.0,0.0,0.0,0.0,0.0,20.0,0.0,1.2536280155181885,0.17545436322689056,0.010597372892781218,165.42088573330858,165.42088573330858,165.0,165.0,1.3421151638031006,1.2621684074401855,1.2819287776947021,528,8,a5000000a5000000,165,165,1.3017780780792236,1,1,1,1,1,1779078376.490024
1.3512466907501228,2,forward_2mps,2.0,0.0,0.684476912021637,0.631043553352356,-0.11408823728561401,35.27419062304711,0.5734380004446226,0.0,0.0,0.0,-0.0799616792493112,0.9967979383263341,1.1422753826887937,-0.18445027629171426,0.0,0.0,0.0,0.024144297061378172,2.0,2.0,0.0,2.0,0.0,2.0,0.0,0.0,0.0,1.0,1.0,0.0,0.0,0.0,0.0,20.0,0.0,1.2536280155181885,0.17545436322689056,0.010597372892781218,165.42088573330858,165.42088573330858,165.0,165.0,1.3421151638031006,1.3621740341186523,1.381922960281372,528,8,a5000000a5000000,165,165,1.3017780780792236,1,1,1,1,1,1779078376.490024
1.4012466907501229,2,forward_2mps,2.0,0.0,0.7353346943855286,0.6733624339103699,-0.1092662587761879,35.27419062304711,0.5734380004446226,0.0,0.0,0.0,-0.0799616792493112,0.9967979383263341,1.1422753826887937,-0.18445027629171426,0.0,0.0,0.0,0.024144297061378172,2.0,2.0,0.0,2.0,0.0,2.0,0.0,0.0,0.0,1.0,1.0,0.0,0.0,0.0,0.0,20.0,0.0,1.2551157474517822,0.2925150692462921,0.034578015617759875,165.42088573330858,165.42088573330858,165.0,165.0,1.4420380592346191,1.3621740341186523,1.381922960281372,528,8,a5000000a5000000,165,165,1.4019420146942139,1,1,1,1,1,1779078376.5906122
1.451246690750123,2,forward_2mps,2.0,0.0,0.7353346943855286,0.6733624339103699,-0.1092662587761879,35.36600252323584,0.5586659109968638,0.0,0.0,0.0,-0.07973421848405876,0.9968161587789076,1.2014470003020066,-0.19344251313981473,0.0,0.0,0.0,-0.0016036913525816464,2.0,2.0,0.0,2.0,0.0,2.0,0.0,0.0,0.0,1.0,1.0,0.0,0.0,0.0,0.0,20.0,0.0,1.2551157474517822,0.2925150692462921,0.034578015617759875,165.42088573330858,165.42088573330858,165.0,165.0,1.4420380592346191,1.4621024131774902,1.4818294048309326,528,8,a5000000a5000000,165,165,1.4019420146942139,1,1,1,1,1,1779078376.5906122
1.501246690750123,2,forward_2mps,2.0,0.0,0.7778267860412598,0.7158140540122986,-0.11425208300352097,35.36600252323584,0.5586659109968638,0.0,0.0,0.0,-0.07973421848405876,0.9968161587789076,1.2014470003020066,-0.19344251313981473,0.0,0.0,0.0,-0.0016036913525816464,2.0,2.0,0.0,2.0,0.0,2.0,0.0,0.0,0.0,1.0,1.0,0.0,0.0,0.0,0.0,20.0,0.0,1.2559161186218262,0.3941717743873596,0.014109723364242094,165.42088573330858,165.42088573330858,165.0,165.0,1.5421733856201172,1.4621024131774902,1.4818294048309326,528,8,a5000000a5000000,165,165,1.5018219947814941,1,1,1,1,1,1779078376.6906703
1.551246690750123,2,forward_2mps,2.0,0.0,0.7778267860412598,0.7158140540122986,-0.11425208300352097,35.48825519538109,0.5390089762472982,0.0,0.0,0.0,-0.07936767400379946,0.9968454104439798,1.260683474695384,-0.20202900266955162,0.0,0.0,0.0,0.015303686209920002,2.0,2.0,0.0,2.0,0.0,2.0,0.0,0.0,0.0,1.0,1.0,0.0,0.0,0.0,0.0,20.0,0.0,1.2559161186218262,0.3941717743873596,0.014109723364242094,165.42088573330858,165.42088573330858,165.0,165.0,1.5421733856201172,1.561995506286621,1.581906795501709,528,8,a5000000a5000000,165,165,1.5018219947814941,1,1,1,1,1,1779078376.6906703
1.601246690750123,2,forward_2mps,2.0,0.0,0.80985426902771,0.7631680965423584,-0.11419586837291718,35.48825519538109,0.5390089762472982,0.0,0.0,0.0,-0.07936767400379946,0.9968454104439798,1.260683474695384,-0.20202900266955162,0.0,0.0,0.0,0.015303686209920002,2.0,2.0,0.0,2.0,0.0,2.0,0.0,0.0,0.0,1.0,1.0,0.0,0.0,0.0,0.0,20.0,0.0,1.2549362182617188,0.5535932779312134,0.016933751625528612,165.42088573330858,165.42088573330858,165.0,165.0,1.6421082019805908,1.561995506286621,1.581906795501709,528,8,a5000000a5000000,165,165,1.6018157005310059,1,1,1,1,1,1779078376.790964
1.651246690750123,2,forward_2mps,2.0,0.0,0.80985426902771,0.7631680965423584,-0.11419586837291718,35.68898467076079,0.5071035438762839,0.0,0.0,0.0,-0.07835322743832608,0.9969256600920642,1.3202057285837656,-0.20881262205853482,0.0,0.0,0.0,0.021085194704146968,2.0,2.0,0.0,2.0,0.0,2.0,0.0,0.0,0.0,1.0,1.0,0.0,0.0,0.0,0.0,20.0,0.0,1.2549362182617188,0.5535932779312134,0.016933751625528612,165.42088573330858,165.42088573330858,165.0,165.0,1.6421082019805908,1.6620349884033203,1.681912899017334,528,8,c2000000c1000000,194,193,1.6018157005310059,1,1,1,1,1,1779078376.790964
1.7012466907501231,2,forward_2mps,2.0,0.0,0.8459828495979309,0.7890857458114624,-0.10219410061836243,35.68898467076079,0.5071035438762839,0.0,0.0,0.0,-0.07835322743832608,0.9969256600920642,1.3202057285837656,-0.20881262205853482,0.0,0.0,0.0,0.021085194704146968,2.0,2.0,0.0,2.0,0.0,2.0,0.0,0.0,0.0,1.0,1.0,0.0,0.0,0.0,0.0,20.0,0.0,1.2551743984222412,0.684476912021637,-0.018392367044388166,165.42088573330858,165.42088573330858,165.0,165.0,1.7421314716339111,1.6620349884033203,1.681912899017334,528,8,c2000000c1000000,194,193,1.701735019683838,1,1,1,1,1,1779078376.8907425
1.7512466907501232,2,forward_2mps,2.0,0.0,0.8459828495979309,0.7890857458114624,-0.10219410061836243,35.73209997859882,0.5002850116515981,0.0,0.0,0.0,-0.07835962760116559,0.9969251570515244,1.3530439191869723,-0.21402433872561646,0.0,0.0,0.0,0.008130191180913356,2.0,2.0,0.0,2.0,0.0,2.0,0.0,0.0,0.0,1.0,1.0,0.0,0.0,0.0,0.0,20.0,0.0,1.2551743984222412,0.684476912021637,-0.018392367044388166,165.42088573330858,165.42088573330858,165.0,165.0,1.7421314716339111,1.7619819641113281,1.7818000316619873,528,8,b6000000b9000000,182,185,1.701735019683838,1,1,1,1,1,1779078376.8907425
1.8012466907501232,2,forward_2mps,2.0,0.0,0.8644195795059204,0.82591712474823,-0.10685694217681885,35.73209997859882,0.5002850116515981,0.0,0.0,0.0,-0.07835962760116559,0.9969251570515244,1.3530439191869723,-0.21402433872561646,0.0,0.0,0.0,0.008130191180913356,2.0,2.0,0.0,2.0,0.0,2.0,0.0,0.0,0.0,1.0,1.0,0.0,0.0,0.0,0.0,20.0,0.0,1.2553222179412842,0.7778267860412598,0.016126975764618252,165.42088573330858,165.42088573330858,165.0,165.0,1.8420336246490479,1.7619819641113281,1.7818000316619873,528,8,b6000000b9000000,182,185,1.8017942905426025,1,1,1,1,1,1779078376.9911237
1.8512466907501233,2,forward_2mps,2.0,0.0,0.8644195795059204,0.82591712474823,-0.10685694217681885,35.784488655673314,0.49200949326430543,0.0,0.0,0.0,-0.07811736132867642,0.9969441698806634,1.3991285297971445,-0.2206170287569062,0.0,0.0,0.0,0.025445270094276058,2.0,2.0,0.0,2.0,0.0,2.0,0.0,0.0,0.0,1.0,1.0,0.0,0.0,0.0,0.0,20.0,0.0,1.2553222179412842,0.7778267860412598,0.016126975764618252,165.42088573330858,165.42088573330858,165.0,165.0,1.8420336246490479,1.8620777130126953,1.881849765777588,528,8,b4000000b5000000,180,181,1.8017942905426025,1,1,1,1,1,1779078376.9911237
1.9012466907501233,2,forward_2mps,2.0,0.0,0.8911457657814026,0.849595308303833,-0.11107665300369263,35.784488655673314,0.49200949326430543,0.0,0.0,0.0,-0.07811736132867642,0.9969441698806634,1.3991285297971445,-0.2206170287569062,0.0,0.0,0.0,0.025445270094276058,2.0,2.0,0.0,2.0,0.0,2.0,0.0,0.0,0.0,1.0,1.0,0.0,0.0,0.0,0.0,20.0,0.0,1.2545678615570068,0.8459828495979309,0.013372033219331746,165.42088573330858,165.42088573330858,165.0,165.0,1.9423797130584717,1.8620777130126953,1.881849765777588,528,8,b4000000b5000000,180,181,1.9017555713653564,1,1,1,1,1,1779078377.0900455
1.9512466907501234,2,forward_2mps,2.0,0.0,0.8911457657814026,0.849595308303833,-0.11107665300369263,35.8888687723421,0.475663932489375,0.0,0.0,0.0,-0.07758716494000532,0.9969855725318058,1.4453508266362929,-0.2263301764967221,0.0,0.0,0.0,0.0005519045159472673,2.0,2.0,0.0,2.0,0.0,2.0,0.0,0.0,0.0,1.0,1.0,0.0,0.0,0.0,0.0,20.0,0.0,1.2545678615570068,0.8459828495979309,0.013372033219331746,165.42088573330858,165.42088573330858,165.0,165.0,1.9423797130584717,1.9622023105621338,1.982062816619873,528,8,b2000000b3000000,178,179,1.9017555713653564,1,1,1,1,1,1779078377.0900455
2.0012466907501234,2,stop_after_2mps,0.0,0.0,0.9052139520645142,0.8783895373344421,-0.10732945799827576,35.8888687723421,0.475663932489375,0.0,0.0,0.0,-0.07758716494000532,0.9969855725318058,1.4453508266362929,-0.2263301764967221,0.0,0.0,0.0,0.0005519045159472673,2.0,2.0,0.0,2.0,0.0,2.0,0.0,0.0,0.0,1.0,1.0,0.0,0.0,0.0,0.0,20.0,0.0,1.2548770904541016,0.8911457657814026,0.006544609476315329,165.42088573330858,165.42088573330858,165.0,165.0,2.043440818786621,1.9622023105621338,1.982062816619873,528,8,b2000000b3000000,178,179,2.0028419494628906,1,1,1,1,1,1779078377.190522
2.0512466907501232,2,stop_after_2mps,0.0,0.0,0.9052139520645142,0.8783895373344421,-0.10732945799827576,36.10833600898357,0.4413406828804457,0.0,0.0,0.0,-0.07694367120680833,0.9970354414268424,1.491639472861357,-0.23160630725845258,0.0,0.0,0.0,0.03550949355659144,2.0,2.0,0.0,2.0,0.0,2.0,0.0,0.0,0.0,1.0,1.0,0.0,0.0,0.0,0.0,20.0,0.0,1.2548770904541016,0.8911457657814026,0.006544609476315329,165.42088573330858,165.42088573330858,165.0,165.0,2.043440818786621,2.0632264614105225,2.082934856414795,528,8,b1000000b3000000,177,179,2.0028419494628906,1,1,1,1,1,1779078377.190522
2.101246690750123,2,stop_after_2mps,0.0,0.0,0.9227063059806824,0.9028437733650208,-0.1080353632569313,36.10833600898357,0.4413406828804457,0.0,0.0,0.0,-0.07694367120680833,0.9970354414268424,1.491639472861357,-0.23160630725845258,0.0,0.0,0.0,0.03550949355659144,2.0,2.0,0.0,2.0,0.0,2.0,0.0,0.0,0.0,1.0,1.0,0.0,0.0,0.0,0.0,20.0,0.0,1.2549521923065186,0.9227063059806824,0.017524306571881747,165.42088573330858,165.42088573330858,165.0,165.0,2.1432783603668213,2.0632264614105225,2.082934856414795,528,8,b1000000b3000000,177,179,2.1028754711151123,1,1,1,1,1,1779078377.2899764
2.151246690750123,2,stop_after_2mps,0.0,0.0,0.9227063059806824,0.9028437733650208,-0.1080353632569313,36.31027493644341,0.4102995368568991,0.0,0.0,0.0,-0.07592709202976586,0.9971133720374546,1.5118281428518945,-0.23158486238476175,0.0,0.0,0.0,0.006424636432490429,2.0,2.0,0.0,2.0,0.0,2.0,0.0,0.0,0.0,1.0,1.0,0.0,0.0,0.0,0.0,20.0,0.0,1.2549521923065186,0.9227063059806824,0.017524306571881747,165.42088573330858,165.42088573330858,165.0,165.0,2.1432783603668213,2.1632144451141357,2.18308424949646,528,8,b1000000b3000000,177,179,2.1028754711151123,1,1,1,1,1,1779078377.2899764
2.2012466907501227,2,stop_after_2mps,0.0,0.0,0.9344391822814941,0.9172186255455017,-0.12152745574712753,36.31027493644341,0.4102995368568991,0.0,0.0,0.0,-0.07592709202976586,0.9971133720374546,1.5118281428518945,-0.23158486238476175,0.0,0.0,0.0,0.006424636432490429,2.0,2.0,0.0,2.1095560783832066,-0.005652349330321946,2.1095560783832066,-0.005652349330321946,0.10955607838320658,-0.005652349330321946,0.9841618537902832,0.7843603491783142,-0.07614462077617645,0.004433478694409132,1.0,1.0,20.0,1.0,1.1400952339172363,0.9512775540351868,-0.007137658516791193,174.34206500021307,174.62256999002184,174.0,175.0,2.2433664798736572,2.1632144451141357,2.18308424949646,528,8,b1000000b3000000,177,179,2.2028675079345703,1,1,1,1,1,1779078377.3901267
2.2512466907501225,2,stop_after_2mps,0.0,0.0,0.9344391822814941,0.9172186255455017,-0.12152745574712753,36.48337945022229,0.38389064419894375,0.0,0.0,0.0,-0.07530962506334109,0.9971601979485638,1.5449858355918986,-0.2347060624579222,0.0,0.0,0.0,0.029921413187929166,2.0,2.0,0.0,2.1095560783832066,-0.005652349330321946,2.1095560783832066,-0.005652349330321946,0.10955607838320658,-0.005652349330321946,0.9841618537902832,0.7843603491783142,-0.07614462077617645,0.004433478694409132,1.0,1.0,20.0,1.0,1.1400952339172363,0.9512775540351868,-0.007137658516791193,174.34206500021307,174.62256999002184,174.0,175.0,2.2433664798736572,2.2634429931640625,2.282975435256958,528,8,b0000000b3000000,176,179,2.2028675079345703,1,1,1,1,1,1779078377.3901267
2.3012466907501223,2,stop_after_2mps,0.0,0.0,0.9512775540351868,0.933462917804718,-0.10078664124011993,36.48337945022229,0.38389064419894375,0.0,0.0,0.0,-0.07530962506334109,0.9971601979485638,1.5449858355918986,-0.2347060624579222,0.0,0.0,0.0,0.029921413187929166,2.0,2.0,0.0,2.218582902160914,-0.040901446464711375,2.218582902160914,-0.040901446464711375,0.21858290216091403,-0.040901446464711375,0.9450677633285522,0.7382853031158447,-0.0967111811041832,0.030196936801075935,1.0,1.0,20.0,1.0,1.140054702758789,0.9983661770820618,0.005418339328311332,182.4850813488214,184.5148673994112,182.0,185.0,2.343203067779541,2.2634429931640625,2.282975435256958,528,8,b0000000b3000000,176,179,2.3028526306152344,1,1,1,1,1,1779078377.4904578
2.351246690750122,2,stop_after_2mps,0.0,0.0,0.9512775540351868,0.933462917804718,-0.10078664124011993,36.97144829188662,0.31089831130741613,0.0,0.0,0.0,-0.0731494785209978,0.9973209883443275,1.5854601759479765,-0.2338321702472704,0.0,0.0,0.0,0.03097586569587832,2.0,2.0,0.0,2.218582902160914,-0.040901446464711375,2.218582902160914,-0.040901446464711375,0.21858290216091403,-0.040901446464711375,0.9450677633285522,0.7382853031158447,-0.0967111811041832,0.030196936801075935,1.0,1.0,20.0,1.0,1.140054702758789,0.9983661770820618,0.005418339328311332,182.4850813488214,184.5148673994112,182.0,185.0,2.343203067779541,2.363055467605591,2.3829190731048584,528,8,b0000000b2000000,176,178,2.3028526306152344,1,1,1,1,1,1779078377.4904578
2.401246690750122,2,stop_after_2mps,0.0,0.0,0.9580762982368469,0.9429193139076233,-0.09392831474542618,36.97144829188662,0.31089831130741613,0.0,0.0,0.0,-0.0731494785209978,0.9973209883443275,1.5854601759479765,-0.2338321702472704,0.0,0.0,0.0,0.03097586569587832,2.0,2.0,0.0,2.1819805960689416,-0.03853825288335604,2.1819805960689416,-0.03853825288335604,0.18198059606894157,-0.03853825288335604,0.9594157934188843,0.7508162260055542,-0.0934266448020935,0.02893514558672905,1.0,1.0,20.0,1.0,1.1408288478851318,1.0413492918014526,-0.00544617590926449,179.5163266383216,181.42883621629528,180.0,181.0,2.443124771118164,2.363055467605591,2.3829190731048584,528,8,b0000000b2000000,176,178,2.4028549194335938,1,1,1,1,1,1779078377.5907722
2.451246690750122,2,stop_after_2mps,0.0,0.0,0.9580762982368469,0.9429193139076233,-0.09392831474542618,37.22773653784103,0.2734463601363067,0.0,0.0,0.0,-0.07181231736997616,0.9974181625947834,1.546593961987516,-0.22386443370454545,0.0,0.0,0.0,0.03473156490776246,2.0,2.0,0.0,2.1819805960689416,-0.03853825288335604,2.1819805960689416,-0.03853825288335604,0.18198059606894157,-0.03853825288335604,0.9594157934188843,0.7508162260055542,-0.0934266448020935,0.02893514558672905,1.0,1.0,20.0,1.0,1.1408288478851318,1.0413492918014526,-0.00544617590926449,179.5163266383216,181.42883621629528,180.0,181.0,2.443124771118164,2.4631597995758057,2.482944965362549,528,8,b0000000b2000000,176,178,2.4028549194335938,1,1,1,1,1,1779078377.5907722
2.5012466907501216,2,stop_after_2mps,0.0,0.0,0.9983661770820618,0.9857068061828613,-0.09141139686107635,37.22773653784103,0.2734463601363067,0.0,0.0,0.0,-0.07181231736997616,0.9974181625947834,1.546593961987516,-0.22386443370454545,0.0,0.0,0.0,0.03473156490776246,2.0,2.0,0.0,2.158918158378693,-0.039470396385996434,2.158918158378693,-0.039470396385996434,0.15891815837869316,-0.039470396385996434,0.9674638509750366,0.7480556964874268,-0.08867527544498444,0.029526054859161377,1.0,1.0,20.0,1.0,1.139530897140503,1.0722308158874512,0.02756702241457091,177.58569280280096,179.54446118192584,178.0,180.0,2.5432326793670654,2.4631597995758057,2.482944965362549,528,8,b0000000b2000000,176,178,2.502835988998413,1,1,1,1,1,1779078377.690012
2.5512466907501214,2,stop_after_2mps,0.0,0.0,0.9983661770820618,0.9857068061828613,-0.09141139686107635,37.43831922215813,0.243187657527779,0.0,0.0,0.0,-0.07066914483967532,0.9974998105100717,1.3496005188262186,-0.19219299016290714,0.0,0.0,0.0,0.011990126275872981,2.0,2.0,0.0,2.158918158378693,-0.039470396385996434,2.158918158378693,-0.039470396385996434,0.15891815837869316,-0.039470396385996434,0.9674638509750366,0.7480556964874268,-0.08867527544498444,0.029526054859161377,1.0,1.0,20.0,1.0,1.139530897140503,1.0722308158874512,0.02756702241457091,177.58569280280096,179.54446118192584,178.0,180.0,2.5432326793670654,2.563236713409424,2.582993507385254,528,8,0000000000000000,0,0,2.502835988998413,1,1,1,1,1,1779078377.690012
2.6012466907501213,2,stop_after_2mps,0.0,0.0,1.0216383934020996,1.0028951168060303,-0.10966908931732178,37.43831922215813,0.243187657527779,0.0,0.0,0.0,-0.07066914483967532,0.9974998105100717,1.3496005188262186,-0.19219299016290714,0.0,0.0,0.0,0.011990126275872981,2.0,2.0,0.0,2.1557253912253747,-0.04088989389155754,2.1557253912253747,-0.04088989389155754,0.15572539122537465,-0.04088989389155754,0.9690954089164734,0.7554975748062134,-0.0891035795211792,0.03089221566915512,1.0,1.0,20.0,1.0,1.1399800777435303,1.0821003913879395,0.006424636432490429,177.28639543737992,179.3156081769047,177.0,179.0,2.643120050430298,2.563236713409424,2.582993507385254,528,8,0000000000000000,0,0,2.602865695953369,1,1,1,1,1,1779078377.7904952
2.651246690750121,2,stop_after_2mps,0.0,0.0,1.0216383934020996,1.0028951168060303,-0.10966908931732178,37.50403640093146,0.23386518739258552,0.0,0.0,0.0,-0.07016738612465892,0.9975352314201403,1.2246904018618232,-0.17314801245128458,0.0,0.0,0.0,0.02811487464330991,2.0,2.0,0.0,2.1557253912253747,-0.04088989389155754,2.1557253912253747,-0.04088989389155754,0.15572539122537465,-0.04088989389155754,0.9690954089164734,0.7554975748062134,-0.0891035795211792,0.03089221566915512,1.0,1.0,20.0,1.0,1.1399800777435303,1.0821003913879395,0.006424636432490429,177.28639543737992,179.3156081769047,177.0,179.0,2.643120050430298,2.663045644760132,2.6829543113708496,528,8,0000000000000000,0,0,2.602865695953369,1,1,1,1,1,1779078377.7904952
2.701246690750121,2,stop_after_2mps,0.0,0.0,1.0413492918014526,1.038308024406433,-0.11702656000852585,37.50403640093146,0.23386518739258552,0.0,0.0,0.0,-0.07016738612465892,0.9975352314201403,1.2246904018618232,-0.17314801245128458,0.0,0.0,0.0,0.02811487464330991,2.0,2.0,0.0,2.1481700370470183,-0.043856867780168056,2.1481700370470183,-0.043856867780168056,0.14817003704701825,-0.043856867780168056,0.9716258645057678,0.7540740966796875,-0.08721756935119629,0.033071327954530716,1.0,1.0,20.0,1.0,1.1398932933807373,1.096888780593872,0.024098318584361938,176.5878688299834,178.7643214040886,177.0,179.0,2.7431399822235107,2.663045644760132,2.6829543113708496,528,8,0000000000000000,0,0,2.702881097793579,1,1,1,1,1,1779078377.8903146
2.7512466907501207,2,stop_after_2mps,0.0,0.0,1.0413492918014526,1.038308024406433,-0.11702656000852585,37.53903813769746,0.22892487986800655,0.0,0.0,0.0,-0.06998500772800212,0.9975480433008285,1.1325678752577721,-0.15970124713165565,0.0,0.0,0.0,0.013576720735010065,2.0,2.0,0.0,2.1481700370470183,-0.043856867780168056,2.1481700370470183,-0.043856867780168056,0.14817003704701825,-0.043856867780168056,0.9716258645057678,0.7540740966796875,-0.08721756935119629,0.033071327954530716,1.0,1.0,20.0,1.0,1.1398932933807373,1.096888780593872,0.024098318584361938,176.5878688299834,178.7643214040886,177.0,179.0,2.7431399822235107,2.7631444931030273,2.7828738689422607,528,8,0000000000000000,0,0,2.702881097793579,1,1,1,1,1,1779078377.8903146
2.8012466907501206,2,stop_after_2mps,0.0,0.0,1.0562608242034912,1.0444685220718384,-0.13235412538051605,37.53903813769746,0.22892487986800655,0.0,0.0,0.0,-0.06998500772800212,0.9975480433008285,1.1325678752577721,-0.15970124713165565,0.0,0.0,0.0,0.013576720735010065,2.0,2.0,0.0,2.1383851894603514,-0.045006052274317074,2.1383851894603514,-0.045006052274317074,0.1383851894603514,-0.045006052274317074,0.9747052788734436,0.751031756401062,-0.08429533243179321,0.03380097448825836,1.0,1.0,20.0,1.0,1.1393194198608398,1.0935008525848389,0.015065059538444434,175.75004488517354,177.98352719434664,176.0,178.0,2.843290090560913,2.7631444931030273,2.7828738689422607,528,8,0000000000000000,0,0,2.802842140197754,1,1,1,1,1,1779078377.98994
2.8512466907501204,2,stop_after_2mps,0.0,0.0,1.0562608242034912,1.0444685220718384,-0.13235412538051605,37.56726624639688,0.22494879357405403,0.0,0.0,0.0,-0.06986766693647038,0.9975562686469643,1.0667562628003013,-0.15016533269598256,0.0,0.0,0.0,0.008472703027699586,2.0,2.0,0.0,2.1383851894603514,-0.045006052274317074,2.1383851894603514,-0.045006052274317074,0.1383851894603514,-0.045006052274317074,0.9747052788734436,0.751031756401062,-0.08429533243179321,0.03380097448825836,1.0,1.0,20.0,1.0,1.1393194198608398,1.0935008525848389,0.015065059538444434,175.75004488517354,177.98352719434664,176.0,178.0,2.843290090560913,2.8631114959716797,2.8829596042633057,528,8,0000000000000000,0,0,2.802842140197754,1,1,1,1,1,1779078377.98994
2.90124669075012,2,stop_after_2mps,0.0,0.0,1.0722308158874512,1.0641905069351196,-0.12450411170721054,37.56726624639688,0.22494879357405403,0.0,0.0,0.0,-0.06986766693647038,0.9975562686469643,1.0667562628003013,-0.15016533269598256,0.0,0.0,0.0,0.008472703027699586,2.0,2.0,0.0,2.1409165418106384,-0.046606614262928066,2.1409165418106384,-0.046606614262928066,0.1409165418106384,-0.046606614262928066,0.9736307859420776,0.7530198693275452,-0.0844622552394867,0.0350957065820694,1.0,1.0,20.0,1.0,1.1412932872772217,1.101876139640808,-0.0015287188730431153,175.91969920184323,178.2326114255645,176.0,178.0,2.943268299102783,2.8631114959716797,2.8829596042633057,528,8,0000000000000000,0,0,2.902869701385498,1,1,1,1,1,1779078378.09071
2.95124669075012,2,stop_after_2mps,0.0,0.0,1.0722308158874512,1.0641905069351196,-0.12450411170721054,37.57053907567063,0.22448819269374432,0.0,0.0,0.0,-0.06985132950666223,0.9975574127668801,1.0535912897543256,-0.1482769295177328,0.0,0.0,0.0,0.012554238496821996,2.0,2.0,0.0,2.1409165418106384,-0.046606614262928066,2.1409165418106384,-0.046606614262928066,0.1409165418106384,-0.046606614262928066,0.9736307859420776,0.7530198693275452,-0.0844622552394867,0.0350957065820694,1.0,1.0,20.0,1.0,1.1412932872772217,1.101876139640808,-0.0015287188730431153,175.91969920184323,178.2326114255645,176.0,178.0,2.943268299102783,2.9630818367004395,2.9829299449920654,528,8,0000000000000000,0,0,2.902869701385498,1,1,1,1,1,1779078378.09071
3.00124669075012,2,stop_after_2mps,0.0,0.0,1.0737162828445435,1.0699650049209595,-0.11312027275562286,37.57053907567063,0.22448819269374432,0.0,0.0,0.0,-0.06985132950666223,0.9975574127668801,1.0535912897543256,-0.1482769295177328,0.0,0.0,0.0,0.012554238496821996,2.0,0.0,0.0,0.0,0.0,0.08503052739636108,-0.04360806294674572,0.08503052739636108,-0.04360806294674572,0.9420797228813171,0.7776029109954834,-0.08010553568601608,0.03390975669026375,1.0,0.0,20.0,1.0,1.1399168968200684,1.100689172744751,0.022195149205962317,0.0,0.0,0.0,0.0,3.0432538986206055,2.9630818367004395,2.9829299449920654,528,8,0000000000000000,0,0,3.0028626918792725,1,1,1,1,1,1779078378.1911397
3.0512466907501197,2,stop_after_2mps,0.0,0.0,1.0737162828445435,1.0699650049209595,-0.11312027275562286,37.577347778523205,0.22353046060411821,0.0,0.0,0.0,-0.06981619176905297,0.9975598725725022,1.0404317112124473,-0.14635017248787263,0.0,0.0,0.0,0.009082723798610687,2.0,0.0,0.0,0.0,0.0,0.08503052739636108,-0.04360806294674572,0.08503052739636108,-0.04360806294674572,0.9420797228813171,0.7776029109954834,-0.08010553568601608,0.03390975669026375,1.0,0.0,20.0,1.0,1.1399168968200684,1.100689172744751,0.022195149205962317,0.0,0.0,0.0,0.0,3.0432538986206055,3.063462734222412,3.0830581188201904,528,8,0000000000000000,0,0,3.0028626918792725,1,1,1,1,1,1779078378.1911397
3.1012466907501195,2,stop_after_2mps,0.0,0.0,1.0821003913879395,1.0929993391036987,-0.11822069436311722,37.577347778523205,0.22353046060411821,0.0,0.0,0.0,-0.06981619176905297,0.9975598725725022,1.0404317112124473,-0.14635017248787263,0.0,0.0,0.0,0.009082723798610687,2.0,0.0,0.0,0.0,0.0,-0.12090072656721937,0.0114593135855971,-0.12090072656721937,0.0114593135855971,1.0046616792678833,0.6515363454818726,0.1214643269777298,-0.0074661592952907085,1.0,0.0,20.0,1.0,1.1405856609344482,1.1161503791809082,0.009606784637672883,0.0,0.0,0.0,0.0,3.143259048461914,3.063462734222412,3.0830581188201904,528,8,0000000000000000,0,0,3.102919816970825,1,1,1,1,1,1779078378.2909515
3.1512466907501193,2,stop_after_2mps,0.0,0.0,1.0821003913879395,1.0929993391036987,-0.11822069436311722,37.57892752502206,0.22330827226709035,0.0,0.0,0.0,-0.06980893656779658,0.9975603803155343,1.033848815593136,-0.14540886733488645,0.0,0.0,0.0,0.007298162362274603,2.0,0.0,0.0,0.0,0.0,-0.12090072656721937,0.0114593135855971,-0.12090072656721937,0.0114593135855971,1.0046616792678833,0.6515363454818726,0.1214643269777298,-0.0074661592952907085,1.0,0.0,20.0,1.0,1.1405856609344482,1.1161503791809082,0.009606784637672883,0.0,0.0,0.0,0.0,3.143259048461914,3.163604259490967,3.1829113960266113,528,8,0000000000000000,0,0,3.102919816970825,1,1,1,1,1,1779078378.2909515
3.201246690750119,2,stop_after_2mps,0.0,0.0,1.0805917978286743,1.0961040258407593,-0.11617041379213333,37.57892752502206,0.22330827226709035,0.0,0.0,0.0,-0.06980893656779658,0.9975603803155343,1.033848815593136,-0.14540886733488645,0.0,0.0,0.0,0.007298162362274603,2.0,0.0,0.0,0.0,0.0,-0.11277365413135398,0.031082458916527052,-0.11277365413135398,0.031082458916527052,0.9880113005638123,0.6611269116401672,0.11142164468765259,-0.02054945006966591,1.0,0.0,20.0,1.0,1.1405117511749268,1.1134116649627686,0.03473156490776246,0.0,0.0,0.0,0.0,3.243267297744751,3.163604259490967,3.1829113960266113,528,8,0000000000000000,0,0,3.202923536300659,1,1,1,1,1,1779078378.3910377
3.251246690750119,2,stop_after_2mps,0.0,0.0,1.0805917978286743,1.0961040258407593,-0.11617041379213333,37.58590238894218,0.2223272792703893,0.0,0.0,0.0,-0.06980835225001643,0.9975604212057221,1.0206789351616945,-0.14355532935716792,0.0,0.0,0.0,-0.0031215053429236262,2.0,0.0,0.0,0.0,0.0,-0.11277365413135398,0.031082458916527052,-0.11277365413135398,0.031082458916527052,0.9880113005638123,0.6611269116401672,0.11142164468765259,-0.02054945006966591,1.0,0.0,20.0,1.0,1.1405117511749268,1.1134116649627686,0.03473156490776246,0.0,0.0,0.0,0.0,3.243267297744751,3.2638866901397705,3.282999277114868,528,8,0000000000000000,0,0,3.202923536300659,1,1,1,1,1,1779078378.3910377
3.301246690750119,2,stop_after_2mps,0.0,0.0,1.096888780593872,1.1031471490859985,-0.12109527736902237,37.58590238894218,0.2223272792703893,0.0,0.0,0.0,-0.06980835225001643,0.9975604212057221,1.0206789351616945,-0.14355532935716792,0.0,0.0,0.0,-0.0031215053429236262,2.0,0.0,0.0,0.0,0.0,-0.10474148785357064,0.04376206952132775,-0.10474148785357064,0.04376206952132775,0.9744740128517151,0.6735727787017822,0.10206785798072815,-0.029476938769221306,1.0,0.0,20.0,1.0,1.1405653953552246,1.0840892791748047,0.026268970633363864,0.0,0.0,0.0,0.0,3.3432953357696533,3.2638866901397705,3.282999277114868,528,8,0000000000000000,0,0,3.302922248840332,1,1,1,1,1,1779078378.4910803
3.3512466907501186,2,stop_after_2mps,0.0,0.0,1.096888780593872,1.1031471490859985,-0.12109527736902237,37.59093600039615,0.2216193341825215,0.0,0.0,0.0,-0.06980672323004063,0.9975605352016912,1.0009243187701415,-0.14077357008601618,0.0,0.0,0.0,-0.0011599135076193995,2.0,0.0,0.0,0.0,0.0,-0.10474148785357064,0.04376206952132775,-0.10474148785357064,0.04376206952132775,0.9744740128517151,0.6735727787017822,0.10206785798072815,-0.029476938769221306,1.0,0.0,20.0,1.0,1.1405653953552246,1.0840892791748047,0.026268970633363864,0.0,0.0,0.0,0.0,3.3432953357696533,3.3633484840393066,3.38297700881958,528,8,0000000000000000,0,0,3.302922248840332,1,1,1,1,1,1779078378.4910803
3.4012466907501184,2,stop_after_2mps,0.0,0.0,1.078285574913025,1.1185072660446167,-0.08682119846343994,37.59093600039615,0.2216193341825215,0.0,0.0,0.0,-0.06980672323004063,0.9975605352016912,1.0009243187701415,-0.14077357008601618,0.0,0.0,0.0,-0.0011599135076193995,2.0,0.0,0.0,0.0,0.0,-0.09796445770119709,0.055554108053811974,-0.09796445770119709,0.055554108053811974,0.9643790125846863,0.679430365562439,0.09447486698627472,-0.037745147943496704,1.0,0.0,20.0,1.0,1.1408882141113281,0.9476267099380493,0.008701972045109535,0.0,0.0,0.0,0.0,3.4432578086853027,3.3633484840393066,3.38297700881958,528,8,0000000000000000,0,0,3.4028820991516113,1,1,1,1,1,1779078378.5909386
3.4512466907501183,2,stop_after_2mps,0.0,0.0,1.078285574913025,1.1185072660446167,-0.08682119846343994,37.59488815171991,0.22106354497245767,0.0,0.0,0.0,-0.06979985921485204,0.9975610155041078,0.9877561736295833,-0.13890769317885907,0.0,0.0,0.0,0.0018822441133760017,2.0,0.0,0.0,0.0,0.0,-0.09796445770119709,0.055554108053811974,-0.09796445770119709,0.055554108053811974,0.9643790125846863,0.679430365562439,0.09447486698627472,-0.037745147943496704,1.0,0.0,20.0,1.0,1.1408882141113281,0.9476267099380493,0.008701972045109535,0.0,0.0,0.0,0.0,3.4432578086853027,3.463853597640991,3.4830424785614014,528,8,0000000000000000,0,0,3.4028820991516113,1,1,1,1,1,1779078378.5909386
3.501246690750118,2,stop_after_2mps,0.0,0.0,1.0935008525848389,1.1359361410140991,-0.09907345473766327,37.59488815171991,0.22106354497245767,0.0,0.0,0.0,-0.06979985921485204,0.9975610155041078,0.9877561736295833,-0.13890769317885907,0.0,0.0,0.0,0.0018822441133760017,2.0,0.0,0.0,0.0,0.0,-0.09454703467726405,0.060165785082534985,-0.09454703467726405,0.060165785082534985,0.9598187804222107,0.6805481910705566,0.09074801951646805,-0.040945716202259064,1.0,0.0,20.0,1.0,1.1415736675262451,0.7437198758125305,0.011847909768559114,0.0,0.0,0.0,0.0,3.543456792831421,3.463853597640991,3.4830424785614014,528,8,0000000000000000,0,0,3.5030629634857178,1,1,1,1,1,1779078378.6908507
3.551246690750118,2,stop_after_2mps,0.0,0.0,1.0935008525848389,1.1359361410140991,-0.09907345473766327,37.598879632046824,0.22050229760345547,0.0,0.0,0.0,-0.06979095551796441,0.997561638460446,0.9745885377284967,-0.13703819331676964,0.0,0.0,0.0,0.0048636729691938305,2.0,0.0,0.0,0.0,0.0,-0.09454703467726405,0.060165785082534985,-0.09454703467726405,0.060165785082534985,0.9598187804222107,0.6805481910705566,0.09074801951646805,-0.040945716202259064,1.0,0.0,20.0,1.0,1.1415736675262451,0.7437198758125305,0.011847909768559114,0.0,0.0,0.0,0.0,3.543456792831421,3.563246488571167,3.5830297470092773,528,8,0000000000000000,0,0,3.5030629634857178,1,1,1,1,1,1779078378.6908507
3.6012466907501177,2,stop_after_2mps,0.0,0.0,1.0869415998458862,1.1315135955810547,-0.11030615121126175,37.598879632046824,0.22050229760345547,0.0,0.0,0.0,-0.06979095551796441,0.997561638460446,0.9745885377284967,-0.13703819331676964,0.0,0.0,0.0,0.0048636729691938305,2.0,0.0,0.0,0.0,0.0,-0.08706437605712096,0.07392521019301618,-0.08706437605712096,0.07392521019301618,0.9492588639259338,0.6829594969749451,0.08264663070440292,-0.05048792436718941,1.0,0.0,20.0,1.0,1.1410481929779053,0.5296955704689026,0.004058379291772886,0.0,0.0,0.0,0.0,3.6432411670684814,3.563246488571167,3.5830297470092773,528,8,0000000000000000,0,0,3.6030681133270264,1,1,1,1,1,1779078378.7909021
3.6512466907501175,2,stop_after_2mps,0.0,0.0,1.0869415998458862,1.1315135955810547,-0.11030615121126175,37.60456502268536,0.21970320547499927,0.0,0.0,0.0,-0.06976185778381747,0.9975636737564928,0.9614263071713319,-0.1351302387111388,0.0,0.0,0.0,0.008378880548422172,2.0,0.0,0.0,0.0,0.0,-0.08706437605712096,0.07392521019301618,-0.08706437605712096,0.07392521019301618,0.9492588639259338,0.6829594969749451,0.08264663070440292,-0.05048792436718941,1.0,0.0,20.0,1.0,1.1410481929779053,0.5296955704689026,0.004058379291772886,0.0,0.0,0.0,0.0,3.6432411670684814,3.6631853580474854,3.683041572570801,528,8,0000000000000000,0,0,3.6030681133270264,1,1,1,1,1,1779078378.7909021
3.7012466907501174,2,stop_after_2mps,0.0,0.0,1.101876139640808,1.1396328210830688,-0.09691467136144638,37.60456502268536,0.21970320547499927,0.0,0.0,0.0,-0.06976185778381747,0.9975636737564928,0.9614263071713319,-0.1351302387111388,0.0,0.0,0.0,0.008378880548422172,2.0,0.0,0.0,0.0,0.0,-0.07895127710434341,0.08704505006368993,-0.07895127710434341,0.08704505006368993,0.9410417079925537,0.685795783996582,0.07429644465446472,-0.059695128351449966,1.0,0.0,20.0,1.0,1.14107084274292,0.37508055567741394,-0.0052485105074179935,0.0,0.0,0.0,0.0,3.7434778213500977,3.6631853580474854,3.683041572570801,528,8,0000000000000000,0,0,3.7028696537017822,1,1,1,1,1,1779078378.8909502
3.751246690750117,2,stop_after_2mps,0.0,0.0,1.101876139640808,1.1396328210830688,-0.09691467136144638,37.60921194384654,0.21905032209421804,0.0,0.0,0.0,-0.06973554872098711,0.9975655132594464,0.9482631124857672,-0.13322912209517396,0.0,0.0,0.0,0.011214521274972054,2.0,0.0,0.0,0.0,0.0,-0.07895127710434341,0.08704505006368993,-0.07895127710434341,0.08704505006368993,0.9410417079925537,0.685795783996582,0.07429644465446472,-0.059695128351449966,1.0,0.0,20.0,1.0,1.14107084274292,0.37508055567741394,-0.0052485105074179935,0.0,0.0,0.0,0.0,3.7434778213500977,3.763317584991455,3.783057689666748,528,8,0000000000000000,0,0,3.7028696537017822,1,1,1,1,1,1779078378.8909502
3.801246690750117,2,stop_after_2mps,0.0,0.0,1.091583251953125,1.135124921798706,-0.09173528850078583,37.60921194384654,0.21905032209421804,0.0,0.0,0.0,-0.06973554872098711,0.9975655132594464,0.9482631124857672,-0.13322912209517396,0.0,0.0,0.0,0.011214521274972054,2.0,0.0,0.0,0.0,0.0,-0.07534675450178692,0.09329786816052507,-0.07534675450178692,0.09329786816052507,0.9388705492019653,0.6872021555900574,0.07074084877967834,-0.06411449611186981,1.0,0.0,20.0,1.0,1.1409881114959717,0.2636725604534149,0.003877914051312477,0.0,0.0,0.0,0.0,3.8431520462036133,3.763317584991455,3.783057689666748,528,8,0000000000000000,0,0,3.802839517593384,1,1,1,1,1,1779078378.9909875
3.851246690750117,2,stop_after_2mps,0.0,0.0,1.091583251953125,1.135124921798706,-0.09173528850078583,37.61499228219657,0.2182385999807628,0.0,0.0,0.0,-0.06970134723368118,0.9975679035503346,0.9285165739675202,-0.13038984747247087,0.0,0.0,0.0,0.010492397034169473,2.0,0.0,0.0,0.0,0.0,-0.07534675450178692,0.09329786816052507,-0.07534675450178692,0.09329786816052507,0.9388705492019653,0.6872021555900574,0.07074084877967834,-0.06411449611186981,1.0,0.0,20.0,1.0,1.1409881114959717,0.2636725604534149,0.003877914051312477,0.0,0.0,0.0,0.0,3.8431520462036133,3.8630919456481934,3.8829233646392822,528,8,0000000000000000,0,0,3.802839517593384,1,1,1,1,1,1779078378.9909875
3.9012466907501167,2,stop_after_2mps,0.0,0.0,1.100689172744751,1.1467088460922241,-0.07288606464862823,37.61499228219657,0.2182385999807628,0.0,0.0,0.0,-0.06970134723368118,0.9975679035503346,0.9285165739675202,-0.13038984747247087,0.0,0.0,0.0,0.010492397034169473,2.0,0.0,0.0,0.0,0.0,-0.06804861795482788,0.10245198141438917,-0.06804861795482788,0.10245198141438917,0.9364416003227234,0.6901532411575317,0.06372355669736862,-0.07070756703615189,1.0,0.0,20.0,1.0,1.1410367488861084,0.1811259239912033,0.0019630415837762188,0.0,0.0,0.0,0.0,3.9432411193847656,3.8630919456481934,3.8829233646392822,528,8,0000000000000000,0,0,3.9028854370117188,1,1,1,1,1,1779078379.0910835
3.9512466907501165,2,stop_after_2mps,0.0,0.0,1.100689172744751,1.1467088460922241,-0.07288606464862823,37.61876206694695,0.21770937600881815,0.0,0.0,0.0,-0.06968060536738105,0.9975693525944125,0.908766208269436,-0.1275778046108021,0.0,0.0,0.0,0.009328609689440739,2.0,0.0,0.0,0.0,0.0,-0.06804861795482788,0.10245198141438917,-0.06804861795482788,0.10245198141438917,0.9364416003227234,0.6901532411575317,0.06372355669736862,-0.07070756703615189,1.0,0.0,20.0,1.0,1.1410367488861084,0.1811259239912033,0.0019630415837762188,0.0,0.0,0.0,0.0,3.9432411193847656,3.9633584022521973,3.9831881523132324,528,8,0000000000000000,0,0,3.9028854370117188,1,1,1,1,1,1779078379.0910835
4.001246690750117,2,forward_4mps,4.0,0.0,1.1023839712142944,1.1435059309005737,-0.11021534353494644,37.61876206694695,0.21770937600881815,0.0,0.0,0.0,-0.06968060536738105,0.9975693525944125,0.908766208269436,-0.1275778046108021,0.0,0.0,0.0,0.009328609689440739,2.0,0.0,0.0,0.0,0.0,-0.05917961735708897,0.11380398462241896,-0.05917961735708897,0.11380398462241896,0.9350680112838745,0.6940343379974365,0.05533696711063385,-0.07898387312889099,1.0,0.0,20.0,1.0,1.1398711204528809,0.12015087902545929,0.0004897622562789342,0.0,0.0,0.0,0.0,4.044313669204712,3.9633584022521973,3.9831881523132324,528,8,0000000000000000,0,0,4.003942966461182,1,1,1,1,1,1779078379.1910698
4.051246690750117,2,forward_4mps,4.0,0.0,1.1023839712142944,1.1435059309005737,-0.11021534353494644,37.623963626749145,0.21697951888969777,0.0,0.0,0.0,-0.06964603340071746,0.9975717668576763,0.895604395919376,-0.12566677480111274,0.0,0.0,0.0,0.011847909768559114,2.0,0.0,0.0,0.0,0.0,-0.05917961735708897,0.11380398462241896,-0.05917961735708897,0.11380398462241896,0.9350680112838745,0.6940343379974365,0.05533696711063385,-0.07898387312889099,1.0,0.0,20.0,1.0,1.1398711204528809,0.12015087902545929,0.0004897622562789342,0.0,0.0,0.0,0.0,4.044313669204712,4.064375400543213,4.08431077003479,528,8,0000000000000000,0,0,4.003942966461182,1,1,1,1,1,1779078379.1910698
4.101246690750116,2,forward_4mps,4.0,0.0,1.1161503791809082,1.1608126163482666,-0.11941530555486679,37.623963626749145,0.21697951888969777,0.0,0.0,0.0,-0.06964603340071746,0.9975717668576763,0.895604395919376,-0.12566677480111274,0.0,0.0,0.0,0.011847909768559114,2.0,0.0,0.0,0.0,0.0,-0.05606298563325914,0.12183127692128079,-0.05606298563325914,0.12183127692128079,0.9353704452514648,0.6984171867370605,0.05243965983390808,-0.0850890576839447,1.0,0.0,20.0,1.0,1.1405162811279297,0.0833728089928627,0.0004159535440006771,0.0,0.0,0.0,0.0,4.144621133804321,4.064375400543213,4.08431077003479,528,8,0000000000000000,0,0,4.104109764099121,1,1,1,1,1,1779078379.2911406
4.151246690750116,2,forward_4mps,4.0,0.0,1.1161503791809082,1.1608126163482666,-0.11941530555486679,37.657650029678756,0.21226596037676376,0.0,0.0,0.0,-0.0693239506637979,0.9975942009977621,0.8034824512805973,-0.11221168292079482,0.0,0.0,0.0,0.012148256849728731,2.0,0.0,0.0,0.0,0.0,-0.05606298563325914,0.12183127692128079,-0.05606298563325914,0.12183127692128079,0.9353704452514648,0.6984171867370605,0.05243965983390808,-0.0850890576839447,1.0,0.0,20.0,1.0,1.1405162811279297,0.0833728089928627,0.0004159535440006771,0.0,0.0,0.0,0.0,4.144621133804321,4.164356708526611,4.184132099151611,528,8,0000000000000000,0,0,4.104109764099121,1,1,1,1,1,1779078379.2911406
4.201246690750116,2,forward_4mps,4.0,0.0,1.1066699028015137,1.1411333084106445,-0.11583203822374344,37.657650029678756,0.21226596037676376,0.0,0.0,0.0,-0.0693239506637979,0.9975942009977621,0.8034824512805973,-0.11221168292079482,0.0,0.0,0.0,0.012148256849728731,2.0,0.0,0.0,0.0,0.0,-0.08276785549480883,0.20592110739370867,-0.08276785549480883,0.20592110739370867,0.9945871829986572,0.8206175565719604,0.08231984823942184,-0.16898247599601746,1.0,0.0,20.0,1.0,1.14021635055542,0.058886729180812836,-0.0001291028645701125,0.0,0.0,0.0,0.0,4.2443296909332275,4.164356708526611,4.184132099151611,528,8,0000000000000000,0,0,4.204066276550293,1,1,1,1,1,1779078379.3912294
4.251246690750116,2,forward_4mps,4.0,0.0,1.1066699028015137,1.1411333084106445,-0.11583203822374344,37.75149083401828,0.19920427487184122,0.0,0.0,0.0,-0.0690336689313905,0.9976143305676153,0.42153317648136135,-0.05861984061114316,0.0,0.0,0.0,-0.0052485105074179935,2.0,0.0,0.0,0.0,0.0,-0.08276785549480883,0.20592110739370867,-0.08276785549480883,0.20592110739370867,0.9945871829986572,0.8206175565719604,0.08231984823942184,-0.16898247599601746,1.0,0.0,20.0,1.0,1.14021635055542,0.058886729180812836,-0.0001291028645701125,0.0,0.0,0.0,0.0,4.2443296909332275,4.264337062835693,4.284201622009277,528,8,0000000000000000,0,0,4.204066276550293,1,1,1,1,1,1779078379.3912294
4.301246690750116,2,forward_4mps,4.0,0.0,1.1134116649627686,1.1477471590042114,-0.1202126294374466,37.75149083401828,0.19920427487184122,0.0,0.0,0.0,-0.0690336689313905,0.9976143305676153,0.42153317648136135,-0.05861984061114316,0.0,0.0,0.0,-0.0052485105074179935,2.0,0.0,0.0,0.0,0.0,-0.08157053920893235,0.20710911550413974,-0.08157053920893235,0.20710911550413974,0.9932675361633301,0.8203126788139343,0.08102136850357056,-0.1698942333459854,1.0,0.0,20.0,1.0,1.1401293277740479,0.04250022768974304,-0.0014546655612563202,0.0,0.0,0.0,0.0,4.344268560409546,4.264337062835693,4.284201622009277,528,8,0000000000000000,0,0,4.304050922393799,1,1,1,1,1,1779078379.491212
4.3512466907501155,2,forward_4mps,4.0,0.0,1.1134116649627686,1.1477471590042114,-0.1202126294374466,37.793786771558004,0.19333482598965782,0.0,0.0,0.0,-0.06849483270699491,0.9976514711523463,0.0,-0.0,0.0,0.0,0.0,-0.002101815618262809,2.0,0.0,0.0,0.0,0.0,-0.08157053920893235,0.20710911550413974,-0.08157053920893235,0.20710911550413974,0.9932675361633301,0.8203126788139343,0.08102136850357056,-0.1698942333459854,1.0,0.0,20.0,1.0,1.1401293277740479,0.04250022768974304,-0.0014546655612563202,0.0,0.0,0.0,0.0,4.344268560409546,4.364244222640991,4.384066104888916,528,8,0000000000000000,0,0,4.304050922393799,1,1,1,1,1,1779078379.491212
4.401246690750115,2,forward_4mps,4.0,0.0,1.100927710533142,1.133363962173462,-0.1179676204919815,37.793786771558004,0.19333482598965782,0.0,0.0,0.0,-0.06849483270699491,0.9976514711523463,0.0,-0.0,0.0,0.0,0.0,-0.002101815618262809,2.0,0.0,0.0,0.0,0.0,-0.0809863990244367,0.20768228546895395,-0.0809863990244367,0.20768228546895395,0.9926660656929016,0.820216953754425,0.08039245009422302,-0.1703445315361023,1.0,0.0,20.0,1.0,1.140885591506958,0.02402404509484768,-0.0019081846104901227,0.0,0.0,0.0,0.0,4.444248199462891,4.364244222640991,4.384066104888916,528,8,0000000000000000,0,0,4.4040915966033936,1,1,1,1,1,1779078379.5911279
4.451246690750115,2,forward_4mps,4.0,0.0,1.100927710533142,1.133363962173462,-0.1179676204919815,37.95380121720907,0.17132007920027637,0.0,0.0,0.0,-0.06890111763984051,0.9976234941038532,1.0011782550301174,-0.13895607793501977,0.0,0.0,0.0,0.0034577704357021226,2.0,0.0,0.0,0.0,0.0,-0.0809863990244367,0.20768228546895395,-0.0809863990244367,0.20768228546895395,0.9926660656929016,0.820216953754425,0.08039245009422302,-0.1703445315361023,1.0,0.0,20.0,1.0,1.140885591506958,0.02402404509484768,-0.0019081846104901227,0.0,0.0,0.0,0.0,4.444248199462891,4.464230537414551,4.484059572219849,528,8,0000000000000000,0,0,4.4040915966033936,1,1,1,1,1,1779078379.5911279
4.501246690750115,2,forward_4mps,4.0,0.0,1.0840892791748047,1.127451777458191,-0.11051665246486664,37.95380121720907,0.17132007920027637,0.0,0.0,0.0,-0.06890111763984051,0.9976234941038532,1.0011782550301174,-0.13895607793501977,0.0,0.0,0.0,0.0034577704357021226,2.0,0.0,0.0,0.0,0.0,-0.08013066465688037,0.20876553006646464,-0.08013066465688037,0.20876553006646464,0.9917369484901428,0.8196275234222412,0.07946854084730148,-0.17110997438430786,1.0,0.0,20.0,1.0,1.1402981281280518,0.015464282594621181,0.0010102083518432395,0.0,0.0,0.0,0.0,4.544342279434204,4.464230537414551,4.484059572219849,528,8,0000000000000000,0,0,4.504024028778076,1,1,1,1,1,1779078379.6912944
4.551246690750115,2,forward_4mps,4.0,0.0,1.0840892791748047,1.127451777458191,-0.11051665246486664,38.10505831798803,0.1504883609706577,0.0,0.0,0.0,-0.06797833255318557,0.9976867976992021,1.3242641654082619,-0.1813016743770219,0.0,0.0,0.0,0.016514163829946082,2.0,0.0,0.0,0.0,0.0,-0.08013066465688037,0.20876553006646464,-0.08013066465688037,0.20876553006646464,0.9917369484901428,0.8196275234222412,0.07946854084730148,-0.17110997438430786,1.0,0.0,20.0,1.0,1.1402981281280518,0.015464282594621181,0.0010102083518432395,0.0,0.0,0.0,0.0,4.544342279434204,4.564301490783691,4.584071397781372,528,8,fa000000f6000000,250,246,4.504024028778076,1,1,1,1,1,1779078379.6912944
4.601246690750115,2,forward_4mps,4.0,0.0,1.0256152153015137,1.0652549266815186,-0.10903652757406235,38.10505831798803,0.1504883609706577,0.0,0.0,0.0,-0.06797833255318557,0.9976867976992021,1.3242641654082619,-0.1813016743770219,0.0,0.0,0.0,0.016514163829946082,2.0,0.0,0.0,0.0,0.0,-0.07913320344679185,0.2096734223192571,-0.07913320344679185,0.2096734223192571,0.9908214807510376,0.8194501399993896,0.07840687781572342,-0.17181691527366638,1.0,0.0,20.0,1.0,1.1396074295043945,0.009788579307496548,-0.0002979710294223647,0.0,0.0,0.0,0.0,4.64433479309082,4.564301490783691,4.584071397781372,528,8,fa000000f6000000,250,246,4.604052543640137,1,1,1,1,1,1779078379.7912939
4.651246690750114,2,forward_4mps,4.0,0.0,1.0256152153015137,1.0652549266815186,-0.10903652757406235,38.21611378516848,0.13535213735597731,0.0,0.0,0.0,-0.0674508284824411,0.9977225995922074,1.5353136694940228,-0.20854224463874255,0.0,0.0,0.0,0.006807348692921363,2.0,0.0,0.0,0.0,0.0,-0.07913320344679185,0.2096734223192571,-0.07913320344679185,0.2096734223192571,0.9908214807510376,0.8194501399993896,0.07840687781572342,-0.17181691527366638,1.0,0.0,20.0,1.0,1.1396074295043945,0.009788579307496548,-0.0002979710294223647,0.0,0.0,0.0,0.0,4.64433479309082,4.664273977279663,4.684130907058716,528,8,fa000000f6000000,250,246,4.604052543640137,1,1,1,1,1,1779078379.7912939
4.701246690750114,2,forward_4mps,4.0,0.0,0.9476267099380493,0.9800201058387756,-0.10015708208084106,38.21611378516848,0.13535213735597731,0.0,0.0,0.0,-0.0674508284824411,0.9977225995922074,1.5353136694940228,-0.20854224463874255,0.0,0.0,0.0,0.006807348692921363,2.0,0.0,0.0,0.0,0.0,-0.07866577362332147,0.21008673247073698,-0.07866577362332147,0.21008673247073698,0.9904258251190186,0.8193773031234741,0.07791261374950409,-0.17214030027389526,1.0,0.0,20.0,1.0,1.1400713920593262,0.0046450793743133545,-0.0009011804867767548,0.0,0.0,0.0,0.0,4.744370460510254,4.664273977279663,4.684130907058716,528,8,fa000000f6000000,250,246,4.704075336456299,1,1,1,1,1,1779078379.8913376
4.751246690750114,2,forward_4mps,4.0,0.0,0.9476267099380493,0.9800201058387756,-0.10015708208084106,38.315196103483004,0.12193735069417747,0.0,0.0,0.0,-0.06701492699173234,0.9977519729673767,1.6870678011944304,-0.22765392062705073,0.0,0.0,0.0,0.005660512006122217,2.0,0.0,0.0,0.0,0.0,-0.07866577362332147,0.21008673247073698,-0.07866577362332147,0.21008673247073698,0.9904258251190186,0.8193773031234741,0.07791261374950409,-0.17214030027389526,1.0,0.0,20.0,1.0,1.1400713920593262,0.0046450793743133545,-0.0009011804867767548,0.0,0.0,0.0,0.0,4.744370460510254,4.764242887496948,4.7841103076934814,528,8,fb000000f5000000,251,245,4.704075336456299,1,1,1,1,1,1779078379.8913376
4.801246690750114,2,forward_4mps,4.0,0.0,0.8492266535758972,0.8743031024932861,-0.11436357349157333,38.315196103483004,0.12193735069417747,0.0,0.0,0.0,-0.06701492699173234,0.9977519729673767,1.6870678011944304,-0.22765392062705073,0.0,0.0,0.0,0.005660512006122217,2.0,0.0,0.0,0.0,0.0,-0.07774624207913806,0.21084780347283347,-0.07774624207913806,0.21084780347283347,0.9897188544273376,0.8193671703338623,0.076946921646595,-0.17276176810264587,1.0,0.0,20.0,1.0,1.1403961181640625,-9.064987534657121e-05,-0.002101815618262809,0.0,0.0,0.0,0.0,4.844372272491455,4.764242887496948,4.7841103076934814,528,8,fb000000f5000000,251,245,4.8040266036987305,1,1,1,1,1,1779078379.9911468
4.851246690750114,2,forward_4mps,4.0,0.0,0.8492266535758972,0.8743031024932861,-0.11436357349157333,38.47677231024823,0.1002560674208825,0.0,0.0,0.0,-0.06615959255558534,0.9978090540343272,1.8456545933817823,-0.2458325116893279,0.0,0.0,0.0,0.03138112008400154,2.0,0.0,0.0,0.0,0.0,-0.07774624207913806,0.21084780347283347,-0.07774624207913806,0.21084780347283347,0.9897188544273376,0.8193671703338623,0.076946921646595,-0.17276176810264587,1.0,0.0,20.0,1.0,1.1403961181640625,-9.064987534657121e-05,-0.002101815618262809,0.0,0.0,0.0,0.0,4.844372272491455,4.864225625991821,4.884110927581787,528,8,fb000000f5000000,251,245,4.8040266036987305,1,1,1,1,1,1779078379.9911468
4.9012466907501135,2,forward_4mps,4.0,0.0,0.7437198758125305,0.7593382000923157,-0.11611827462911606,38.47677231024823,0.1002560674208825,0.0,0.0,0.0,-0.06615959255558534,0.9978090540343272,1.8456545933817823,-0.2458325116893279,0.0,0.0,0.0,0.03138112008400154,2.0,0.0,0.0,0.0,0.0,-0.0772251070352734,0.21135945334844017,-0.0772251070352734,0.21135945334844017,0.9893198609352112,0.819199800491333,0.07640033215284348,-0.1731456220149994,1.0,0.0,20.0,1.0,1.1400794982910156,0.0008269462268799543,-0.0013524330302374236,0.0,0.0,0.0,0.0,4.9444451332092285,4.864225625991821,4.884110927581787,528,8,fb000000f5000000,251,245,4.904040813446045,1,1,1,1,1,1779078380.0911288
4.951246690750113,2,forward_4mps,4.0,0.0,0.7437198758125305,0.7593382000923157,-0.11611827462911606,38.67065765608227,0.07456619640597655,0.0,0.0,0.0,-0.0655509593780907,0.9978492229413279,1.9909922879220334,-0.2627192788863688,0.0,0.0,0.0,0.00976816519131539,2.0,0.0,0.0,0.0,0.0,-0.0772251070352734,0.21135945334844017,-0.0772251070352734,0.21135945334844017,0.9893198609352112,0.819199800491333,0.07640033215284348,-0.1731456220149994,1.0,0.0,20.0,1.0,1.1400794982910156,0.0008269462268799543,-0.0013524330302374236,0.0,0.0,0.0,0.0,4.9444451332092285,4.964308261871338,4.984072208404541,528,8,fb000000f6000000,251,246,4.904040813446045,1,1,1,1,1,1779078380.0911288
5.001246690750113,2,stop_after_4mps,0.0,0.0,0.5296955704689026,0.5499785542488098,-0.1091608926653862,38.67065765608227,0.07456619640597655,0.0,0.0,0.0,-0.0655509593780907,0.9978492229413279,1.9909922879220334,-0.2627192788863688,0.0,0.0,0.0,0.00976816519131539,2.0,4.0,0.0,3.0,0.15433209125322303,3.0,0.15433209125322303,-1.0,0.15433209125322303,0.9971302151679993,0.7851597666740417,0.08609625697135925,-0.12117534875869751,1.0,1.0,20.0,1.0,1.1403172016143799,0.003552711335942149,-0.0010942112720559829,251.96079128479016,244.30186591513558,252.0,244.0,5.04578423500061,4.964308261871338,4.984072208404541,528,8,fb000000f6000000,251,246,5.005255699157715,1,1,1,1,1,1779078380.1929064
5.051246690750113,2,stop_after_4mps,0.0,0.0,0.5296955704689026,0.5499785542488098,-0.1091608926653862,38.82333670217812,0.05453051859640587,0.0,0.0,0.0,-0.06491616516799696,0.9978907212214578,2.0572628454117425,-0.26880135877901434,0.0,0.0,0.0,0.006494029834383955,2.0,4.0,0.0,3.0,0.15433209125322303,3.0,0.15433209125322303,-1.0,0.15433209125322303,0.9971302151679993,0.7851597666740417,0.08609625697135925,-0.12117534875869751,1.0,1.0,20.0,1.0,1.1403172016143799,0.003552711335942149,-0.0010942112720559829,251.96079128479016,244.30186591513558,252.0,244.0,5.04578423500061,5.065605163574219,5.085398197174072,528,8,fa000000f6000000,250,246,5.005255699157715,1,1,1,1,1,1779078380.1929064
5.101246690750113,2,stop_after_4mps,0.0,0.0,0.37508055567741394,0.3758007287979126,-0.10750816017389297,38.82333670217812,0.05453051859640587,0.0,0.0,0.0,-0.06491616516799696,0.9978907212214578,2.0572628454117425,-0.26880135877901434,0.0,0.0,0.0,0.006494029834383955,2.0,4.0,0.0,3.0,0.08774756049359592,3.0,0.08774756049359592,-1.0,0.08774756049359592,1.0781100988388062,0.8375536203384399,0.00510456133633852,-0.07349328696727753,1.0,1.0,20.0,1.0,1.1416056156158447,0.003349573817104101,0.005812430747290128,250.308620476631,245.9540367232947,250.0,246.0,5.1456379890441895,5.065605163574219,5.085398197174072,528,8,fa000000f6000000,250,246,5.105360746383667,1,1,1,1,1,1779078380.2925167
5.151246690750113,2,stop_after_4mps,0.0,0.0,0.37508055567741394,0.3758007287979126,-0.10750816017389297,38.93448501622935,0.040045750445725226,0.0,0.0,0.0,-0.06448091784800163,0.9979189402118186,2.1036583255028654,-0.2729971945501264,0.0,0.0,0.0,0.05118492533573052,2.0,4.0,0.0,3.0,0.08774756049359592,3.0,0.08774756049359592,-1.0,0.08774756049359592,1.0781100988388062,0.8375536203384399,0.00510456133633852,-0.07349328696727753,1.0,1.0,20.0,1.0,1.1416056156158447,0.003349573817104101,0.005812430747290128,250.308620476631,245.9540367232947,250.0,246.0,5.1456379890441895,5.165588617324829,5.18536114692688,528,8,f9000000f7000000,249,247,5.105360746383667,1,1,1,1,1,1779078380.2925167
5.2012466907501125,2,stop_after_4mps,0.0,0.0,0.2636725604534149,0.25674116611480713,-0.10892641544342041,38.93448501622935,0.040045750445725226,0.0,0.0,0.0,-0.06448091784800163,0.9979189402118186,2.1036583255028654,-0.2729971945501264,0.0,0.0,0.0,0.05118492533573052,2.0,4.0,0.0,3.0,0.09947076413273721,3.0,0.09947076413273721,-1.0,0.09947076413273721,1.0819971561431885,0.8833886384963989,-0.01807328686118126,-0.08787134289741516,1.0,1.0,20.0,1.0,1.141125202178955,0.1580454558134079,-0.028221533885715792,250.5995098860738,245.6631473138519,251.0,246.0,5.245650053024292,5.165588617324829,5.18536114692688,528,8,f9000000f7000000,249,247,5.205366373062134,1,1,1,1,1,1779078380.3921564
5.251246690750112,2,stop_after_4mps,0.0,0.0,0.2636725604534149,0.25674116611480713,-0.10892641544342041,39.05049872238913,0.025104898315242326,0.0,0.0,0.0,-0.0636747999854229,0.9979707008959814,2.150268021476632,-0.2755142114823932,0.0,0.0,0.0,0.027449524759586286,2.0,4.0,0.0,3.0,0.09947076413273721,3.0,0.09947076413273721,-1.0,0.09947076413273721,1.0819971561431885,0.8833886384963989,-0.01807328686118126,-0.08787134289741516,1.0,1.0,20.0,1.0,1.141125202178955,0.1580454558134079,-0.028221533885715792,250.5995098860738,245.6631473138519,251.0,246.0,5.245650053024292,5.265870571136475,5.2854766845703125,528,8,f9000000f7000000,249,247,5.205366373062134,1,1,1,1,1,1779078380.3921564
5.301246690750112,2,stop_after_4mps,0.0,0.0,0.1811259239912033,0.16755910217761993,-0.11277465522289276,39.05049872238913,0.025104898315242326,0.0,0.0,0.0,-0.0636747999854229,0.9979707008959814,2.150268021476632,-0.2755142114823932,0.0,0.0,0.0,0.027449524759586286,2.0,4.0,0.0,3.0,0.10755391599180962,3.0,0.10755391599180962,-1.0,0.10755391599180962,1.0970367193222046,0.9034445285797119,-0.019251415506005287,-0.09716899693012238,1.0,1.0,20.0,1.0,1.1412827968597412,0.45795491337776184,0.02218977522700863,250.8000782070805,245.46257899284524,251.0,245.0,5.3468286991119385,5.265870571136475,5.2854766845703125,528,8,f9000000f7000000,249,247,5.305424451828003,1,1,1,1,1,1779078380.4922101
5.351246690750112,2,stop_after_4mps,0.0,0.0,0.1811259239912033,0.16755910217761993,-0.11277465522289276,39.52446127476903,-0.03473026254148989,0.0,0.0,0.0,-0.0620760608039284,0.9980714216302694,2.2105269734886255,-0.276039735107059,0.0,0.0,0.0,0.01707546816067926,2.0,4.0,0.0,3.0,0.10755391599180962,3.0,0.10755391599180962,-1.0,0.10755391599180962,1.0970367193222046,0.9034445285797119,-0.019251415506005287,-0.09716899693012238,1.0,1.0,20.0,1.0,1.1412827968597412,0.45795491337776184,0.02218977522700863,250.8000782070805,245.46257899284524,251.0,245.0,5.3468286991119385,5.365587472915649,5.385368585586548,528,8,f9000000f8000000,249,248,5.305424451828003,1,1,1,1,1,1779078380.4922101
5.401246690750112,2,stop_after_4mps,0.0,0.0,0.12015087902545929,0.11139626055955887,-0.1098264530301094,39.52446127476903,-0.03473026254148989,0.0,0.0,0.0,-0.0620760608039284,0.9980714216302694,2.2105269734886255,-0.276039735107059,0.0,0.0,0.0,0.01707546816067926,2.0,4.0,0.0,3.0,0.10672520703591155,3.0,0.10672520703591155,-1.0,0.10672520703591155,1.1308295726776123,0.9446489214897156,-0.02666834369301796,-0.10081785172224045,1.0,1.0,20.0,1.0,1.140878677368164,0.7588157653808594,0.016514163829946082,250.77951534165553,245.4831418582702,251.0,245.0,5.4457385540008545,5.365587472915649,5.385368585586548,528,8,f9000000f8000000,249,248,5.405354738235474,1,1,1,1,1,1779078380.5921743
5.451246690750112,2,stop_after_4mps,0.0,0.0,0.12015087902545929,0.11139626055955887,-0.1098264530301094,39.8590859094351,-0.07586808611220848,0.0,0.0,0.0,-0.06012640162012775,0.9981907712597904,2.1125621344131393,-0.2554287433656596,0.0,0.0,0.0,0.03016851677339637,2.0,4.0,0.0,3.0,0.10672520703591155,3.0,0.10672520703591155,-1.0,0.10672520703591155,1.1308295726776123,0.9446489214897156,-0.02666834369301796,-0.10081785172224045,1.0,1.0,20.0,1.0,1.140878677368164,0.7588157653808594,0.016514163829946082,250.77951534165553,245.4831418582702,251.0,245.0,5.4457385540008545,5.465545892715454,5.485394716262817,528,8,f8000000f8000000,248,248,5.405354738235474,1,1,1,1,1,1779078380.5921743
5.501246690750111,2,stop_after_4mps,0.0,0.0,0.0833728089928627,0.07158282399177551,-0.11071409285068512,39.8590859094351,-0.07586808611220848,0.0,0.0,0.0,-0.06012640162012775,0.9981907712597904,2.1125621344131393,-0.2554287433656596,0.0,0.0,0.0,0.03016851677339637,2.0,4.0,0.0,3.0,0.09299777327121436,3.0,0.09299777327121436,-1.0,0.09299777327121436,1.165316104888916,0.9622491002082825,-0.03099137917160988,-0.08948702365159988,1.0,1.0,20.0,1.0,1.1400651931762695,0.9869644045829773,0.013225367838185937,250.43889470382533,245.82376249610041,250.0,246.0,5.545623302459717,5.465545892715454,5.485394716262817,528,8,f8000000f8000000,248,248,5.505359172821045,1,1,1,1,1,1779078380.692178
5.551246690750111,2,stop_after_4mps,0.0,0.0,0.0833728089928627,0.07158282399177551,-0.11071409285068512,40.01847788786041,-0.09498644760233405,0.0,0.0,0.0,-0.059209191045989436,0.9982455968826908,1.947947657260424,-0.23189403181763768,0.0,0.0,0.0,0.0319477137943487,2.0,4.0,0.0,3.0,0.09299777327121436,3.0,0.09299777327121436,-1.0,0.09299777327121436,1.165316104888916,0.9622491002082825,-0.03099137917160988,-0.08948702365159988,1.0,1.0,20.0,1.0,1.1400651931762695,0.9869644045829773,0.013225367838185937,250.43889470382533,245.82376249610041,250.0,246.0,5.545623302459717,5.565797328948975,5.5853869915008545,528,8,0000000000000000,0,0,5.505359172821045,1,1,1,1,1,1779078380.692178
5.601246690750111,2,stop_after_4mps,0.0,0.0,0.058886729180812836,0.04579480364918709,-0.11073720455169678,40.01847788786041,-0.09498644760233405,0.0,0.0,0.0,-0.059209191045989436,0.9982455968826908,1.947947657260424,-0.23189403181763768,0.0,0.0,0.0,0.0319477137943487,2.0,4.0,0.0,3.0,0.07798914513209039,3.0,0.07798914513209039,-1.0,0.07798914513209039,1.1755015850067139,0.9609725475311279,-0.03579840809106827,-0.07494542747735977,1.0,1.0,20.0,1.0,1.1409990787506104,1.16362464427948,0.02986319932102927,250.06648361976298,246.19617358016276,250.0,246.0,5.645610570907593,5.565797328948975,5.5853869915008545,528,8,0000000000000000,0,0,5.605305194854736,1,1,1,1,1,1779078380.7920501
5.651246690750111,2,stop_after_4mps,0.0,0.0,0.058886729180812836,0.04579480364918709,-0.11073720455169678,40.189811684907326,-0.11517527227108212,0.0,0.0,0.0,-0.05805409443423644,0.9983134388153957,1.6182283918025921,-0.1888456048253601,0.0,0.0,0.0,0.029453970928050285,2.0,4.0,0.0,3.0,0.07798914513209039,3.0,0.07798914513209039,-1.0,0.07798914513209039,1.1755015850067139,0.9609725475311279,-0.03579840809106827,-0.07494542747735977,1.0,1.0,20.0,1.0,1.1409990787506104,1.16362464427948,0.02986319932102927,250.06648361976298,246.19617358016276,250.0,246.0,5.645610570907593,5.665534257888794,5.685455083847046,528,8,0000000000000000,0,0,5.605305194854736,1,1,1,1,1,1779078380.7920501
5.701246690750111,2,stop_after_4mps,0.0,0.0,0.04250022768974304,0.02673940546810627,-0.111824169754982,40.189811684907326,-0.11517527227108212,0.0,0.0,0.0,-0.05805409443423644,0.9983134388153957,1.6182283918025921,-0.1888456048253601,0.0,0.0,0.0,0.029453970928050285,2.0,4.0,0.0,3.0,0.051471096819501745,3.0,0.051471096819501745,-1.0,0.051471096819501745,1.194535732269287,0.9500728845596313,-0.03782426565885544,-0.04890129342675209,1.0,1.0,20.0,1.0,1.1415588855743408,1.2991878986358643,0.018772552522925742,249.40848776379488,246.8541694361308,249.0,247.0,5.745596170425415,5.665534257888794,5.685455083847046,528,8,0000000000000000,0,0,5.705335378646851,1,1,1,1,1,1779078380.8920705
5.7512466907501105,2,stop_after_4mps,0.0,0.0,0.04250022768974304,0.02673940546810627,-0.111824169754982,40.29830207887091,-0.12774494362052677,0.0,0.0,0.0,-0.05732771770389516,0.9983554140599742,1.3740747277229788,-0.15832671076306168,0.0,0.0,0.0,0.01608466244479033,2.0,4.0,0.0,3.0,0.051471096819501745,3.0,0.051471096819501745,-1.0,0.051471096819501745,1.194535732269287,0.9500728845596313,-0.03782426565885544,-0.04890129342675209,1.0,1.0,20.0,1.0,1.1415588855743408,1.2991878986358643,0.018772552522925742,249.40848776379488,246.8541694361308,249.0,247.0,5.745596170425415,5.765698194503784,5.78535532951355,528,8,0000000000000000,0,0,5.705335378646851,1,1,1,1,1,1779078380.8920705
5.80124669075011,2,stop_after_4mps,0.0,0.0,0.02402404509484768,0.017170632258057594,-0.11007494479417801,40.29830207887091,-0.12774494362052677,0.0,0.0,0.0,-0.05732771770389516,0.9983554140599742,1.3740747277229788,-0.15832671076306168,0.0,0.0,0.0,0.01608466244479033,2.0,4.0,0.0,3.0,0.033112451134990464,3.0,0.033112451134990464,-1.0,0.033112451134990464,1.2048428058624268,0.9439433217048645,-0.041034527122974396,-0.03125627711415291,1.0,1.0,20.0,1.0,1.1409094333648682,1.3946665525436401,-0.00165934156463984,248.95295224929552,247.3097049506302,249.0,247.0,5.845873117446899,5.765698194503784,5.78535532951355,528,8,0000000000000000,0,0,5.8053975105285645,1,1,1,1,1,1779078380.9921756
5.85124669075011,2,stop_after_4mps,0.0,0.0,0.02402404509484768,0.017170632258057594,-0.11007494479417801,40.34657402978385,-0.13329220907786296,0.0,0.0,0.0,-0.05705351054165159,0.9983711218454155,1.2486371243899896,-0.1431783032158993,0.0,0.0,0.0,0.011402028739854755,2.0,4.0,0.0,3.0,0.033112451134990464,3.0,0.033112451134990464,-1.0,0.033112451134990464,1.2048428058624268,0.9439433217048645,-0.041034527122974396,-0.03125627711415291,1.0,1.0,20.0,1.0,1.1409094333648682,1.3946665525436401,-0.00165934156463984,248.95295224929552,247.3097049506302,249.0,247.0,5.845873117446899,5.8658201694488525,5.885414123535156,528,8,0000000000000000,0,0,5.8053975105285645,1,1,1,1,1,1779078380.9921756
5.90124669075011,2,stop_after_4mps,0.0,0.0,0.015464282594621181,0.006247287150472403,-0.11072953790426254,40.34657402978385,-0.13329220907786296,0.0,0.0,0.0,-0.05705351054165159,0.9983711218454155,1.2486371243899896,-0.1431783032158993,0.0,0.0,0.0,0.011402028739854755,2.0,4.0,0.0,3.0,0.022971679356986865,3.0,0.022971679356986865,-1.0,0.022971679356986865,1.2078922986984253,0.9330466985702515,-0.03977473825216293,-0.021433649584650993,1.0,1.0,20.0,1.0,1.140899419784546,1.4617382287979126,0.05120232453094535,248.70132793186502,247.5613292680607,249.0,248.0,5.94595742225647,5.8658201694488525,5.885414123535156,528,8,0000000000000000,0,0,5.905550003051758,1,1,1,1,1,1779078381.0922956
5.95124669075011,2,stop_after_4mps,0.0,0.0,0.015464282594621181,0.006247287150472403,-0.11072953790426254,40.381069804939855,-0.1372429942547171,0.0,0.0,0.0,-0.05689579809848525,0.9983801220771257,1.1627940971904904,-0.1329626958351629,0.0,0.0,0.0,0.025746143970223272,2.0,4.0,0.0,3.0,0.022971679356986865,3.0,0.022971679356986865,-1.0,0.022971679356986865,1.2078922986984253,0.9330466985702515,-0.03977473825216293,-0.021433649584650993,1.0,1.0,20.0,1.0,1.140899419784546,1.4617382287979126,0.05120232453094535,248.70132793186502,247.5613292680607,249.0,248.0,5.94595742225647,5.965656042098999,5.985435724258423,528,8,0000000000000000,0,0,5.905550003051758,1,1,1,1,1,1779078381.0922956
6.00124669075011,2,stop_after_4mps,0.0,0.0,0.009788579307496548,-0.00023181221331469715,-0.11025921255350113,40.381069804939855,-0.1372429942547171,0.0,0.0,0.0,-0.05689579809848525,0.9983801220771257,1.1627940971904904,-0.1329626958351629,0.0,0.0,0.0,0.025746143970223272,2.0,0.0,0.0,0.0,0.0,0.005210916649348392,0.06963160025807395,0.005210916649348392,0.06963160025807395,1.2223840951919556,0.8961230516433716,-0.0063697416335344315,-0.062398482114076614,1.0,0.0,20.0,1.0,1.1411285400390625,1.492592215538025,0.04601654860539148,0.0,0.0,0.0,0.0,6.045842409133911,5.965656042098999,5.985435724258423,528,8,0000000000000000,0,0,6.00537633895874,1,1,1,1,1,1779078381.1935587
6.0512466907501095,2,stop_after_4mps,0.0,0.0,0.009788579307496548,-0.00023181221331469715,-0.11025921255350113,40.40381688040642,-0.13983908983925133,0.0,0.0,0.0,-0.056760899989426426,0.9983878005226178,1.1033670886386988,-0.12586530555496453,0.0,0.0,0.0,0.0002821506915298992,2.0,0.0,0.0,0.0,0.0,0.005210916649348392,0.06963160025807395,0.005210916649348392,0.06963160025807395,1.2223840951919556,0.8961230516433716,-0.0063697416335344315,-0.062398482114076614,1.0,0.0,20.0,1.0,1.1411285400390625,1.492592215538025,0.04601654860539148,0.0,0.0,0.0,0.0,6.045842409133911,6.065616846084595,6.085514545440674,528,8,0000000000000000,0,0,6.00537633895874,1,1,1,1,1,1779078381.1935587
6.101246690750109,2,stop_after_4mps,0.0,0.0,0.0046450793743133545,-0.005687143187969923,-0.11128784716129303,40.40381688040642,-0.13983908983925133,0.0,0.0,0.0,-0.056760899989426426,0.9983878005226178,1.1033670886386988,-0.12586530555496453,0.0,0.0,0.0,0.0002821506915298992,2.0,0.0,0.0,0.0,0.0,-0.10648831969962616,0.2887430502604776,-0.10648831969962616,0.2887430502604776,1.2740471363067627,0.8025808930397034,0.13567113876342773,-0.23173965513706207,1.0,0.0,20.0,1.0,1.1423988342285156,1.5473623275756836,0.008522623765970487,0.0,0.0,0.0,0.0,6.146006345748901,6.065616846084595,6.085514545440674,528,8,0000000000000000,0,0,6.105503559112549,1,1,1,1,1,1779078381.2936304
6.151246690750109,2,stop_after_4mps,0.0,0.0,0.0046450793743133545,-0.005687143187969923,-0.11128784716129303,40.410183453916844,-0.14056525549485865,0.0,0.0,0.0,-0.056753644001057,0.9983882130176625,1.0901549190074025,-0.12434209079307539,0.0,0.0,0.0,0.005847950929639949,2.0,0.0,0.0,0.0,0.0,-0.10648831969962616,0.2887430502604776,-0.10648831969962616,0.2887430502604776,1.2740471363067627,0.8025808930397034,0.13567113876342773,-0.23173965513706207,1.0,0.0,20.0,1.0,1.1423988342285156,1.5473623275756836,0.008522623765970487,0.0,0.0,0.0,0.0,6.146006345748901,6.165888547897339,6.1855645179748535,528,8,0000000000000000,0,0,6.105503559112549,1,1,1,1,1,1779078381.2936304
6.201246690750109,2,stop_after_4mps,0.0,0.0,-9.064987534657121e-05,-0.008038230240345001,-0.11044362187385559,40.410183453916844,-0.14056525549485865,0.0,0.0,0.0,-0.056753644001057,0.9983882130176625,1.0901549190074025,-0.12434209079307539,0.0,0.0,0.0,0.005847950929639949,2.0,0.0,0.0,0.0,0.0,-0.10968698029481483,0.2885795509618965,-0.10968698029481483,0.2885795509618965,1.2679623365402222,0.8178550004959106,0.13907895982265472,-0.23601622879505157,1.0,0.0,20.0,1.0,1.1411733627319336,1.5398192405700684,0.0159721317962052,0.0,0.0,0.0,0.0,6.245850324630737,6.165888547897339,6.1855645179748535,528,8,0000000000000000,0,0,6.205470561981201,1,1,1,1,1,1779078381.3934262
6.251246690750109,2,stop_after_4mps,0.0,0.0,-9.064987534657121e-05,-0.008038230240345001,-0.11044362187385559,40.41248456893817,-0.14082765208078987,0.0,0.0,0.0,-0.056739397347256616,0.9983890227705181,1.076944425172434,-0.12280417875001061,0.0,0.0,0.0,0.009449040434709975,2.0,0.0,0.0,0.0,0.0,-0.10968698029481483,0.2885795509618965,-0.10968698029481483,0.2885795509618965,1.2679623365402222,0.8178550004959106,0.13907895982265472,-0.23601622879505157,1.0,0.0,20.0,1.0,1.1411733627319336,1.5398192405700684,0.0159721317962052,0.0,0.0,0.0,0.0,6.245850324630737,6.265755653381348,6.285487413406372,528,8,0000000000000000,0,0,6.205470561981201,1,1,1,1,1,1779078381.3934262
6.301246690750109,2,stop_after_4mps,0.0,0.0,0.0008269462268799543,-0.008571665734052658,-0.11162140220403671,40.41248456893817,-0.14082765208078987,0.0,0.0,0.0,-0.056739397347256616,0.9983890227705181,1.076944425172434,-0.12280417875001061,0.0,0.0,0.0,0.009449040434709975,2.0,0.0,0.0,0.0,0.0,-0.10274446299289447,0.2884419488340623,-0.10274446299289447,0.2884419488340623,1.2536766529083252,0.832753598690033,0.12880833446979523,-0.24020107090473175,1.0,0.0,20.0,1.0,1.141258716583252,1.5182240009307861,0.03192867140034306,0.0,0.0,0.0,0.0,6.345710515975952,6.265755653381348,6.285487413406372,528,8,0000000000000000,0,0,6.305464029312134,1,1,1,1,1,1779078381.4936824
6.351246690750108,2,stop_after_4mps,0.0,0.0,0.0008269462268799543,-0.008571665734052658,-0.11162140220403671,40.41885108249122,-0.1415529578685543,0.0,0.0,0.0,-0.05668761640061778,0.9983919641838152,1.0703500585872296,-0.1219397533607271,0.0,0.0,0.0,0.021004286129726168,2.0,0.0,0.0,0.0,0.0,-0.10274446299289447,0.2884419488340623,-0.10274446299289447,0.2884419488340623,1.2536766529083252,0.832753598690033,0.12880833446979523,-0.24020107090473175,1.0,0.0,20.0,1.0,1.141258716583252,1.5182240009307861,0.03192867140034306,0.0,0.0,0.0,0.0,6.345710515975952,6.3657355308532715,6.385484457015991,528,8,0000000000000000,0,0,6.305464029312134,1,1,1,1,1,1779078381.4936824
6.401246690750108,2,stop_after_4mps,0.0,0.0,0.003552711335942149,-0.01401296816766262,-0.10963129252195358,40.41885108249122,-0.1415529578685543,0.0,0.0,0.0,-0.05668761640061778,0.9983919641838152,1.0703500585872296,-0.1219397533607271,0.0,0.0,0.0,0.021004286129726168,2.0,0.0,0.0,0.0,0.0,-0.09879815400064129,0.28732220202920955,-0.09879815400064129,0.28732220202920955,1.241753101348877,0.8443305492401123,0.12268291413784027,-0.242594912648201,1.0,0.0,20.0,1.0,1.1410164833068848,1.4191937446594238,0.028475701827585763,0.0,0.0,0.0,0.0,6.445806980133057,6.3657355308532715,6.385484457015991,528,8,0000000000000000,0,0,6.405411005020142,1,1,1,1,1,1779078381.5933998
6.451246690750108,2,stop_after_4mps,0.0,0.0,0.003552711335942149,-0.01401296816766262,-0.10963129252195358,40.42101335125533,-0.1417992013327859,0.0,0.0,0.0,-0.056666363094554896,0.9983931706966129,1.05714098687218,-0.1203893165870763,0.0,0.0,0.0,0.020600363732430085,2.0,0.0,0.0,0.0,0.0,-0.09879815400064129,0.28732220202920955,-0.09879815400064129,0.28732220202920955,1.241753101348877,0.8443305492401123,0.12268291413784027,-0.242594912648201,1.0,0.0,20.0,1.0,1.1410164833068848,1.4191937446594238,0.028475701827585763,0.0,0.0,0.0,0.0,6.445806980133057,6.465598106384277,6.485461235046387,528,8,0000000000000000,0,0,6.405411005020142,1,1,1,1,1,1779078381.5933998
6.501246690750108,2,stop_after_4mps,0.0,0.0,0.003349573817104101,-0.014772146940231323,-0.11028846353292465,40.42101335125533,-0.1417992013327859,0.0,0.0,0.0,-0.056666363094554896,0.9983931706966129,1.05714098687218,-0.1203893165870763,0.0,0.0,0.0,0.020600363732430085,2.0,0.0,0.0,0.0,0.0,-0.09782162055499966,0.2867794267353798,-0.09782162055499966,0.2867794267353798,1.235438585281372,0.8490978479385376,0.12085260450839996,-0.24350379407405853,1.0,0.0,20.0,1.0,1.141305685043335,1.205496907234192,0.015296295133481987,0.0,0.0,0.0,0.0,6.5457892417907715,6.465598106384277,6.485461235046387,528,8,0000000000000000,0,0,6.505427360534668,1,1,1,1,1,1779078381.6935554
6.551246690750108,2,stop_after_4mps,0.0,0.0,0.003349573817104101,-0.014772146940231323,-0.11028846353292465,40.429331692206986,-0.1427452889340451,0.0,0.0,0.0,-0.056593990317139596,0.998397275767509,1.0439439492203013,-0.11873310225043503,0.0,0.0,0.0,0.016075107796374395,2.0,0.0,0.0,0.0,0.0,-0.09782162055499966,0.2867794267353798,-0.09782162055499966,0.2867794267353798,1.235438585281372,0.8490978479385376,0.12085260450839996,-0.24350379407405853,1.0,0.0,20.0,1.0,1.141305685043335,1.205496907234192,0.015296295133481987,0.0,0.0,0.0,0.0,6.5457892417907715,6.5656280517578125,6.5855255126953125,528,8,0000000000000000,0,0,6.505427360534668,1,1,1,1,1,1779078381.6935554
6.6012466907501075,2,stop_after_4mps,0.0,0.0,0.1580454558134079,0.13188615441322327,-0.1222258061170578,40.429331692206986,-0.1427452889340451,0.0,0.0,0.0,-0.056593990317139596,0.998397275767509,1.0439439492203013,-0.11873310225043503,0.0,0.0,0.0,0.016075107796374395,2.0,0.0,0.0,0.0,0.0,-0.09715125779986579,0.28516242840304573,-0.09715125779986579,0.28516242840304573,1.2216678857803345,0.8578522205352783,0.11868657171726227,-0.2446272224187851,1.0,0.0,20.0,1.0,1.141312599182129,0.9811680912971497,0.01810139756448006,0.0,0.0,0.0,0.0,6.645735740661621,6.5656280517578125,6.5855255126953125,528,8,0000000000000000,0,0,6.605405330657959,1,1,1,1,1,1779078381.7934432
6.651246690750107,2,stop_after_4mps,0.0,0.0,0.1580454558134079,0.13188615441322327,-0.1222258061170578,40.4314067695232,-0.1429812440734339,0.0,0.0,0.0,-0.05658115314689459,0.9983980033576628,1.030732483146982,-0.11720364577914351,0.0,0.0,0.0,0.013391337194902852,2.0,0.0,0.0,0.0,0.0,-0.09715125779986579,0.28516242840304573,-0.09715125779986579,0.28516242840304573,1.2216678857803345,0.8578522205352783,0.11868657171726227,-0.2446272224187851,1.0,0.0,20.0,1.0,1.141312599182129,0.9811680912971497,0.01810139756448006,0.0,0.0,0.0,0.0,6.645735740661621,6.665589332580566,6.685457944869995,528,8,0000000000000000,0,0,6.605405330657959,1,1,1,1,1,1779078381.7934432
6.701246690750107,2,stop_after_4mps,0.0,0.0,0.45795491337776184,0.4390909969806671,-0.08784687519073486,40.4314067695232,-0.1429812440734339,0.0,0.0,0.0,-0.05658115314689459,0.9983980033576628,1.030732483146982,-0.11720364577914351,0.0,0.0,0.0,0.013391337194902852,2.0,0.0,0.0,0.0,0.0,-0.09882069069104953,0.28419123026535265,-0.09882069069104953,0.28419123026535265,1.2071551084518433,0.8644036054611206,0.11929190158843994,-0.24565592408180237,1.0,0.0,20.0,1.0,1.1412849426269531,0.7270707488059998,0.014509624666980555,0.0,0.0,0.0,0.0,6.745753765106201,6.665589332580566,6.685457944869995,528,8,0000000000000000,0,0,6.705407381057739,1,1,1,1,1,1779078381.8934097
6.751246690750107,2,stop_after_4mps,0.0,0.0,0.45795491337776184,0.4390909969806671,-0.08784687519073486,40.43754511441735,-0.14367878196973435,0.0,0.0,0.0,-0.05654521054634141,0.9984000396455671,1.010918978439419,-0.11487694316807644,0.0,0.0,0.0,0.006422186643032197,2.0,0.0,0.0,0.0,0.0,-0.09882069069104953,0.28419123026535265,-0.09882069069104953,0.28419123026535265,1.2071551084518433,0.8644036054611206,0.11929190158843994,-0.24565592408180237,1.0,0.0,20.0,1.0,1.1412849426269531,0.7270707488059998,0.014509624666980555,0.0,0.0,0.0,0.0,6.745753765106201,6.765588760375977,6.785370588302612,528,8,0000000000000000,0,0,6.705407381057739,1,1,1,1,1,1779078381.8934097
6.801246690750107,2,stop_after_4mps,0.0,0.0,0.7588157653808594,0.7487946152687073,-0.09199868142604828,40.43754511441735,-0.14367878196973435,0.0,0.0,0.0,-0.05654521054634141,0.9984000396455671,1.010918978439419,-0.11487694316807644,0.0,0.0,0.0,0.006422186643032197,2.0,0.0,0.0,0.0,0.0,-0.09937241795681555,0.2840273703660613,-0.09937241795681555,0.2840273703660613,1.2009027004241943,0.8668320178985596,0.11933660507202148,-0.24620401859283447,1.0,0.0,20.0,1.0,1.1417877674102783,0.5369927287101746,0.004108830359778427,0.0,0.0,0.0,0.0,6.8456854820251465,6.765588760375977,6.785370588302612,528,8,0000000000000000,0,0,6.805502653121948,1,1,1,1,1,1779078381.9935975
6.851246690750107,2,stop_after_4mps,0.0,0.0,0.7588157653808594,0.7487946152687073,-0.09199868142604828,40.44165554033929,-0.1441457799595974,0.0,0.0,0.0,-0.05653382047818112,0.998400684666302,0.9977069378530049,-0.11335251949505466,0.0,0.0,0.0,0.006878870443026764,2.0,0.0,0.0,0.0,0.0,-0.09937241795681555,0.2840273703660613,-0.09937241795681555,0.2840273703660613,1.2009027004241943,0.8668320178985596,0.11933660507202148,-0.24620401859283447,1.0,0.0,20.0,1.0,1.1417877674102783,0.5369927287101746,0.004108830359778427,0.0,0.0,0.0,0.0,6.8456854820251465,6.86565637588501,6.8854687213897705,528,8,0000000000000000,0,0,6.805502653121948,1,1,1,1,1,1779078381.9935975
6.901246690750106,2,stop_after_4mps,0.0,0.0,0.9869644045829773,0.9834142923355103,-0.08675182610750198,40.44165554033929,-0.1441457799595974,0.0,0.0,0.0,-0.05653382047818112,0.998400684666302,0.9977069378530049,-0.11335251949505466,0.0,0.0,0.0,0.006878870443026764,2.0,0.0,0.0,0.0,0.0,-0.09965700809118108,0.2842187501816046,-0.09965700809118108,0.2842187501816046,1.1900182962417603,0.8718107342720032,0.11859366297721863,-0.24778495728969574,1.0,0.0,20.0,1.0,1.1412010192871094,0.37895333766937256,0.0024749011430666074,0.0,0.0,0.0,0.0,6.945775032043457,6.86565637588501,6.8854687213897705,528,8,0000000000000000,0,0,6.905395269393921,1,1,1,1,1,1779078382.093617
6.951246690750106,2,stop_after_4mps,0.0,0.0,0.9869644045829773,0.9834142923355103,-0.08675182610750198,40.44835780610268,-0.14490693086982692,0.0,0.0,0.0,-0.056510739275563965,0.9984019913574538,0.9844974469584309,-0.11180564220001747,0.0,0.0,0.0,0.005823887686577085,2.0,0.0,0.0,0.0,0.0,-0.09965700809118108,0.2842187501816046,-0.09965700809118108,0.2842187501816046,1.1900182962417603,0.8718107342720032,0.11859366297721863,-0.24778495728969574,1.0,0.0,20.0,1.0,1.1412010192871094,0.37895333766937256,0.0024749011430666074,0.0,0.0,0.0,0.0,6.945775032043457,6.965683937072754,6.985510587692261,528,8,0000000000000000,0,0,6.905395269393921,1,1,1,1,1,1779078382.093617
7.001246690750106,2,sine_low_wl5m,2.0,2.944086999569085e-05,1.16362464427948,1.1695806980133057,-0.08163508772850037,40.44835780610268,-0.14490693086982692,0.0,0.0,0.0,-0.056510739275563965,0.9984019913574538,0.9844974469584309,-0.11180564220001747,0.0,0.0,0.0,0.005823887686577085,2.0,0.0,0.0,0.0,0.0,-0.10040235194037049,0.28445827665822787,-0.10040235194037049,0.28445827665822787,1.181043267250061,0.8743488192558289,0.11857952177524567,-0.24871575832366943,1.0,0.0,20.0,1.0,1.1415722370147705,0.2607918977737427,0.012405349757696154,0.0,0.0,0.0,0.0,7.047154903411865,6.965683937072754,6.985510587692261,528,8,0000000000000000,0,0,7.006629467010498,1,1,1,1,1,1779078382.193666
7.051246690750106,2,sine_low_wl5m,2.0,0.035272272304448744,1.16362464427948,1.1695806980133057,-0.08163508772850037,40.45030311974461,-0.14512782581338793,0.0,0.0,0.0,-0.056503911275789784,0.998402377806933,0.9646768490914892,-0.10954132718818708,0.0,0.0,0.0,0.005507209441830443,2.0,0.0,0.0,0.0,0.0,-0.10040235194037049,0.28445827665822787,-0.10040235194037049,0.28445827665822787,1.181043267250061,0.8743488192558289,0.11857952177524567,-0.24871575832366943,1.0,0.0,20.0,1.0,1.1415722370147705,0.2607918977737427,0.012405349757696154,0.0,0.0,0.0,0.0,7.047154903411865,7.0669941902160645,7.086686611175537,528,8,0000000000000000,0,0,7.006629467010498,1,1,1,1,1,1779078382.193666
7.101246690750106,2,sine_low_wl5m,2.0,0.08714151935414251,1.2991878986358643,1.3107303380966187,-0.09281180799007416,40.45030311974461,-0.14512782581338793,0.0,0.0,0.0,-0.056503911275789784,0.998402377806933,0.9646768490914892,-0.10954132718818708,0.0,0.0,0.0,0.005507209441830443,2.0,0.0,0.0,0.0,0.0,-0.10099025712597276,0.28394478374603055,-0.10099025712597276,0.28394478374603055,1.1762510538101196,0.8732877969741821,0.11878989636898041,-0.2479655146598816,1.0,0.0,20.0,1.0,1.1416490077972412,0.18052658438682556,0.005285540331633873,0.0,0.0,0.0,0.0,7.147078275680542,7.0669941902160645,7.086686611175537,528,8,0000000000000000,0,0,7.1066858768463135,1,1,1,1,1,1779078382.2937458
7.1512466907501056,2,sine_low_wl5m,2.0,0.12077300982963546,1.2991878986358643,1.3107303380966187,-0.09281180799007416,40.45786556121873,-0.14598594917578894,0.0,0.0,0.0,-0.056464178516219446,0.998404625662606,0.9514706939641585,-0.10796503138890827,0.0,0.0,0.0,0.012164756278170125,2.0,0.0,0.0,0.0,0.0,-0.10099025712597276,0.28394478374603055,-0.10099025712597276,0.28394478374603055,1.1762510538101196,0.8732877969741821,0.11878989636898041,-0.2479655146598816,1.0,0.0,20.0,1.0,1.1416490077972412,0.18052658438682556,0.005285540331633873,0.0,0.0,0.0,0.0,7.147078275680542,7.167035102844238,7.186800956726074,528,8,0000000000000000,0,0,7.1066858768463135,1,1,1,1,1,1779078382.2937458
7.201246690750105,2,sine_low_wl5m,2.0,0.1687483868081704,1.3946665525436401,1.4186002016067505,-0.09458468109369278,40.45786556121873,-0.14598594917578894,0.0,0.0,0.0,-0.056464178516219446,0.998404625662606,0.9514706939641585,-0.10796503138890827,0.0,0.0,0.0,0.012164756278170125,2.0,0.0,0.0,0.0,0.0,-0.08541168931507222,0.20215287249515923,-0.08541168931507222,0.20215287249515923,0.9979809522628784,0.8226647973060608,0.0852392390370369,-0.16630405187606812,1.0,0.0,20.0,1.0,1.1398301124572754,0.1353374868631363,0.00307297521514213,0.0,0.0,0.0,0.0,7.24711799621582,7.167035102844238,7.186800956726074,528,8,0000000000000000,0,0,7.2068188190460205,1,1,1,1,1,1779078382.393751
7.251246690750105,2,sine_low_wl5m,2.0,0.1986648526471242,1.3946665525436401,1.4186002016067505,-0.09458468109369278,40.49974297477266,-0.15071617920158134,0.0,0.0,0.0,-0.05597885021024756,0.9984319547816659,0.8194119840563834,-0.09217330414692175,0.0,0.0,0.0,0.029578033899253002,2.0,0.0,0.0,0.0,0.0,-0.08541168931507222,0.20215287249515923,-0.08541168931507222,0.20215287249515923,0.9979809522628784,0.8226647973060608,0.0852392390370369,-0.16630405187606812,1.0,0.0,20.0,1.0,1.1398301124572754,0.1353374868631363,0.00307297521514213,0.0,0.0,0.0,0.0,7.24711799621582,7.266930341720581,7.286702394485474,528,8,0000000000000000,0,0,7.2068188190460205,1,1,1,1,1,1779078382.393751
7.301246690750105,2,sine_low_wl5m,2.0,0.2396975290873811,1.4617382287979126,1.4936425685882568,-0.08789288252592087,40.49974297477266,-0.15071617920158134,0.0,0.0,0.0,-0.05597885021024756,0.9984319547816659,0.8194119840563834,-0.09217330414692175,0.0,0.0,0.0,0.029578033899253002,2.0,0.0,0.0,0.0,0.0,-0.0841061899849038,0.20380506935831444,-0.0841061899849038,0.20380506935831444,0.9962396621704102,0.8215947151184082,0.08378992229700089,-0.16744516789913177,1.0,0.0,20.0,1.0,1.1401221752166748,0.09842048585414886,-0.0030391352168895503,0.0,0.0,0.0,0.0,7.347041606903076,7.266930341720581,7.286702394485474,528,8,0000000000000000,0,0,7.306745290756226,1,1,1,1,1,1779078382.4937694
7.351246690750105,2,sine_low_wl5m,2.0,0.2640847847936689,1.4617382287979126,1.4936425685882568,-0.08789288252592087,40.58589780580269,-0.16036219338823116,0.0,0.0,0.0,-0.055667127550344475,0.9984493832489926,0.5022554258817346,-0.05617970859141204,0.0,0.0,0.0,-0.0002192953053332912,2.0,0.0,0.0,0.0,0.0,-0.0841061899849038,0.20380506935831444,-0.0841061899849038,0.20380506935831444,0.9962396621704102,0.8215947151184082,0.08378992229700089,-0.16744516789913177,1.0,0.0,20.0,1.0,1.1401221752166748,0.09842048585414886,-0.0030391352168895503,0.0,0.0,0.0,0.0,7.347041606903076,7.3669257164001465,7.386702060699463,528,8,0000000000000000,0,0,7.306745290756226,1,1,1,1,1,1779078382.4937694
7.401246690750105,2,sine_low_wl5m,2.0,0.2955863712214772,1.492592215538025,1.5540220737457275,-0.05438746139407158,40.58589780580269,-0.16036219338823116,0.0,0.0,0.0,-0.055667127550344475,0.9984493832489926,0.5022554258817346,-0.05617970859141204,0.0,0.0,0.0,-0.0002192953053332912,2.0,0.0,0.0,0.0,0.0,-0.0835132165758314,0.20468586700251393,-0.0835132165758314,0.20468586700251393,0.9954637885093689,0.8210251331329346,0.08313438296318054,-0.16805224120616913,1.0,0.0,20.0,1.0,1.1400806903839111,0.07222234457731247,-0.0019782750234712846,0.0,0.0,0.0,0.0,7.4470720291137695,7.3669257164001465,7.386702060699463,528,8,0000000000000000,0,0,7.40666389465332,1,1,1,1,1,1779078382.5936809
7.4512466907501045,2,sine_low_wl5m,2.0,0.3129028806975233,1.492592215538025,1.5540220737457275,-0.05438746139407158,40.64572495783223,-0.1670298739381686,0.0,0.0,0.0,-0.055074214840744685,0.998482263668051,0.0,-0.0,0.0,0.0,0.0,-0.00041110012314180607,2.0,0.0,0.0,0.0,0.0,-0.0835132165758314,0.20468586700251393,-0.0835132165758314,0.20468586700251393,0.9954637885093689,0.8210251331329346,0.08313438296318054,-0.16805224120616913,1.0,0.0,20.0,1.0,1.1400806903839111,0.07222234457731247,-0.0019782750234712846,0.0,0.0,0.0,0.0,7.4470720291137695,7.466853141784668,7.486618518829346,528,8,0000000000000000,0,0,7.40666389465332,1,1,1,1,1,1779078382.5936809
7.501246690750104,2,sine_low_wl5m,2.0,0.3329066678924809,1.5473623275756836,1.586013913154602,-0.10350912064313889,40.64572495783223,-0.1670298739381686,0.0,0.0,0.0,-0.055074214840744685,0.998482263668051,0.0,-0.0,0.0,0.0,0.0,-0.00041110012314180607,2.0,0.0,0.0,0.0,0.0,-0.0822303027616919,0.2064222920272605,-0.0822303027616919,0.2064222920272605,0.9938402771949768,0.8202115297317505,0.08172378689050674,-0.16930994391441345,1.0,0.0,20.0,1.0,1.1398375034332275,0.05375297740101814,0.0039993710550144165,0.0,0.0,0.0,0.0,7.5472259521484375,7.466853141784668,7.486618518829346,528,8,0000000000000000,0,0,7.506616830825806,1,1,1,1,1,1779078382.6935825
7.551246690750104,2,sine_low_wl5m,2.0,0.3420739747235994,1.5473623275756836,1.586013913154602,-0.10350912064313889,40.71588930706784,-0.17482027742953019,0.0,0.0,0.0,-0.055431380056374144,0.9984624990980111,0.8657753790466597,-0.09642724739455578,0.0,0.0,0.0,0.020964202157389495,2.0,0.0,0.0,0.0,0.0,-0.0822303027616919,0.2064222920272605,-0.0822303027616919,0.2064222920272605,0.9938402771949768,0.8202115297317505,0.08172378689050674,-0.16930994391441345,1.0,0.0,20.0,1.0,1.1398375034332275,0.05375297740101814,0.0039993710550144165,0.0,0.0,0.0,0.0,7.5472259521484375,7.567056655883789,7.586815595626831,528,8,cf000000c6000000,207,198,7.506616830825806,1,1,1,1,1,1779078382.6935825
7.601246690750104,2,sine_low_wl5m,2.0,0.3493179889209226,1.5398192405700684,1.6117708683013916,-0.09771333634853363,40.71588930706784,-0.17482027742953019,0.0,0.0,0.0,-0.055431380056374144,0.9984624990980111,0.8657753790466597,-0.09642724739455578,0.0,0.0,0.0,0.020964202157389495,2.0,0.0,0.0,0.0,0.0,-0.08097582291405464,0.20776159021757976,-0.08097582291405464,0.20776159021757976,0.992640495300293,0.8199277520179749,0.08037988096475601,-0.17034949362277985,1.0,0.0,20.0,1.0,1.14033842086792,0.033716052770614624,-0.003001566850818802,0.0,0.0,0.0,0.0,7.647433519363403,7.567056655883789,7.586815595626831,528,8,cf000000c6000000,207,198,7.606777191162109,1,1,1,1,1,1779078382.7936928
7.651246690750104,2,sine_low_wl5m,2.0,0.3497447875318937,1.5398192405700684,1.6117708683013916,-0.09771333634853363,40.80134729543276,-0.18420208816643277,0.0,0.0,0.0,-0.05392068830495343,0.9985452214961124,0.9586195672176617,-0.10383223254234852,0.0,0.0,0.0,0.03791849360368142,2.0,0.0,0.0,0.0,0.0,-0.08097582291405464,0.20776159021757976,-0.08097582291405464,0.20776159021757976,0.992640495300293,0.8199277520179749,0.08037988096475601,-0.17034949362277985,1.0,0.0,20.0,1.0,1.14033842086792,0.033716052770614624,-0.003001566850818802,0.0,0.0,0.0,0.0,7.647433519363403,7.667149066925049,7.687002658843994,528,8,dc000000cd000000,220,205,7.606777191162109,1,1,1,1,1,1779078382.7936928
7.701246690750104,2,sine_low_wl5m,2.0,0.3437732666084069,1.5182240009307861,1.5923583507537842,-0.09394235163927078,40.80134729543276,-0.18420208816643277,0.0,0.0,0.0,-0.05392068830495343,0.9985452214961124,0.9586195672176617,-0.10383223254234852,0.0,0.0,0.0,0.03791849360368142,2.0,0.0,0.0,0.0,0.0,-0.0804856937446948,0.20844066148029716,-0.0804856937446948,0.20844066148029716,0.9920625686645508,0.8195571899414062,0.07984684407711029,-0.17082904279232025,1.0,0.0,20.0,1.0,1.1401619911193848,0.023142579942941666,0.0007339988188391098,0.0,0.0,0.0,0.0,7.7472145557403564,7.667149066925049,7.687002658843994,528,8,dc000000cd000000,220,205,7.706772804260254,1,1,1,1,1,1779078382.8936853
7.751246690750103,2,sine_low_wl5m,2.0,0.33543276503966774,1.5182240009307861,1.5923583507537842,-0.09394235163927078,40.90111701745585,-0.19491547035788975,0.0,0.0,0.0,-0.053330837690373806,0.9985768982663493,1.1769379220714733,-0.12607266897721947,0.0,0.0,0.0,0.005470391877437193,2.0,0.0,0.0,0.0,0.0,-0.0804856937446948,0.20844066148029716,-0.0804856937446948,0.20844066148029716,0.9920625686645508,0.8195571899414062,0.07984684407711029,-0.17082904279232025,1.0,0.0,20.0,1.0,1.1401619911193848,0.023142579942941666,0.0007339988188391098,0.0,0.0,0.0,0.0,7.7472145557403564,7.766973972320557,7.786851167678833,528,8,d9000000c9000000,217,201,7.706772804260254,1,1,1,1,1,1779078382.8936853
7.801246690750103,2,sine_low_wl5m,2.0,0.3166257722537637,1.4191937446594238,1.49740731716156,-0.06670069694519043,40.90111701745585,-0.19491547035788975,0.0,0.0,0.0,-0.053330837690373806,0.9985768982663493,1.1769379220714733,-0.12607266897721947,0.0,0.0,0.0,0.005470391877437193,2.0,0.0,0.0,0.0,0.0,-0.0793370922512705,0.2095000166575523,-0.0793370922512705,0.2095000166575523,0.9910116195678711,0.8194159269332886,0.07862398028373718,-0.1716676503419876,1.0,0.0,20.0,1.0,1.1399946212768555,0.015278499573469162,-0.00041110012314180607,0.0,0.0,0.0,0.0,7.848240852355957,7.766973972320557,7.786851167678833,528,8,d9000000c9000000,217,201,7.806810617446899,1,1,1,1,1,1779078382.9937606
7.851246690750103,2,sine_low_wl5m,2.0,0.29955348328510856,1.4191937446594238,1.49740731716156,-0.06670069694519043,40.95415777527367,-0.2005831703222898,0.0,0.0,0.0,-0.053049427206728804,0.9985918877464597,1.269582517279009,-0.1352729577897084,0.0,0.0,0.0,0.018961489858357515,2.0,0.0,0.0,0.0,0.0,-0.0793370922512705,0.2095000166575523,-0.0793370922512705,0.2095000166575523,0.9910116195678711,0.8194159269332886,0.07862398028373718,-0.1716676503419876,1.0,0.0,20.0,1.0,1.1399946212768555,0.015278499573469162,-0.00041110012314180607,0.0,0.0,0.0,0.0,7.848240852355957,7.867039680480957,7.886886835098267,528,8,d2000000bf000000,210,191,7.806810617446899,1,1,1,1,1,1779078382.9937606
7.901246690750103,2,sine_low_wl5m,2.0,0.2695784421723201,1.205496907234192,1.2665480375289917,-0.055651310831308365,40.95415777527367,-0.2005831703222898,0.0,0.0,0.0,-0.053049427206728804,0.9985918877464597,1.269582517279009,-0.1352729577897084,0.0,0.0,0.0,0.018961489858357515,2.0,0.0,0.0,0.0,0.0,-0.07855539719550231,0.21030155145394597,-0.07855539719550231,0.21030155145394597,0.9903156757354736,0.8191146850585938,0.0777946412563324,-0.1722610890865326,1.0,0.0,20.0,1.0,1.1397829055786133,0.01183291431516409,0.0011615160342305095,0.0,0.0,0.0,0.0,7.947312116622925,7.867039680480957,7.886886835098267,528,8,d2000000bf000000,210,191,7.906813621520996,1,1,1,1,1,1779078383.0936892
7.951246690750103,2,sine_low_wl5m,2.0,0.24582822603232793,1.205496907234192,1.2665480375289917,-0.055651310831308365,41.00724484980437,-0.20619994765622962,0.0,0.0,0.0,-0.05242504760471186,0.9986248616891349,1.3226569618043948,-0.13925545861846628,0.0,0.0,0.0,0.03457712656857499,2.0,0.0,0.0,0.0,0.0,-0.07855539719550231,0.21030155145394597,-0.07855539719550231,0.21030155145394597,0.9903156757354736,0.8191146850585938,0.0777946412563324,-0.1722610890865326,1.0,0.0,20.0,1.0,1.1397829055786133,0.01183291431516409,0.0011615160342305095,0.0,0.0,0.0,0.0,7.947312116622925,7.967052459716797,7.986933469772339,528,8,d2000000bc000000,210,188,7.906813621520996,1,1,1,1,1,1779078383.0936892
8.001246690750103,2,sine_low_wl5m,2.0,0.20561761726908373,0.9811680912971497,1.0228571891784668,-0.09364106506109238,41.00724484980437,-0.20619994765622962,0.0,0.0,0.0,-0.05242504760471186,0.9986248616891349,1.3226569618043948,-0.13925545861846628,0.0,0.0,0.0,0.03457712656857499,2.0,2.0,2.944086999569085e-05,1.9174009319806113,0.1548734879056448,1.9174009319806113,0.1548734879056448,-0.08259906801938866,0.15484404703564913,0.9900076985359192,0.8187949061393738,0.10175831615924835,-0.1267801821231842,1.0,1.0,20.0,1.0,1.1401503086090088,0.010656796395778656,-1.2139268682425362e-05,162.43197666894582,154.74618380515824,162.0,155.0,8.047211170196533,7.967052459716797,7.986933469772339,528,8,d2000000bc000000,210,188,8.00673794746399,1,1,1,1,1,1779078383.194953
8.051246690750103,2,sine_low_wl5m,2.0,0.17612648897327401,0.9811680912971497,1.0228571891784668,-0.09364106506109238,41.07606601869665,-0.21340320335142127,0.0,0.0,0.0,-0.05189453628719173,0.9986525707690024,1.3955583991820435,-0.14543185376445442,0.0,0.0,0.0,0.01879004762470602,2.0,2.0,2.944086999569085e-05,1.9174009319806113,0.1548734879056448,1.9174009319806113,0.1548734879056448,-0.08259906801938866,0.15484404703564913,0.9900076985359192,0.8187949061393738,0.10175831615924835,-0.1267801821231842,1.0,1.0,20.0,1.0,1.1401503086090088,0.010656796395778656,-1.2139268682425362e-05,162.43197666894582,154.74618380515824,162.0,155.0,8.047211170196533,8.066945314407349,8.086683750152588,528,8,ce000000b7000000,206,183,8.00673794746399,1,1,1,1,1,1779078383.194953
8.101246690750104,2,sine_low_wl5m,2.0,0.12874125302591366,0.7270707488059998,0.756324827671051,-0.098732590675354,41.07606601869665,-0.21340320335142127,0.0,0.0,0.0,-0.05189453628719173,0.9986525707690024,1.3955583991820435,-0.14543185376445442,0.0,0.0,0.0,0.01879004762470602,2.0,2.0,0.08714151935414251,2.4592076584750453,0.20930642007296468,2.4592076584750453,0.20930642007296468,0.4592076584750453,0.12216490071882218,0.9064200520515442,0.8654772043228149,-0.2290751338005066,-0.0940084159374237,1.0,1.0,20.0,1.0,1.141047716140747,0.009589307010173798,0.0008282541972305533,208.59570254325953,198.20860652381822,209.0,198.0,8.147883653640747,8.066945314407349,8.086683750152588,528,8,ce000000b7000000,206,183,8.106647729873657,1,1,1,1,1,1779078383.2949781
8.151246690750105,2,sine_low_wl5m,2.0,0.09473618748639825,0.7270707488059998,0.756324827671051,-0.098732590675354,41.177673965853366,-0.22390676359378128,0.0,0.0,0.0,-0.05112318795090167,0.9986923548589609,1.4619321662385267,-0.15006622285320115,0.0,0.0,0.0,0.028906292266746774,2.0,2.0,0.08714151935414251,2.4592076584750453,0.20930642007296468,2.4592076584750453,0.20930642007296468,0.4592076584750453,0.12216490071882218,0.9064200520515442,0.8654772043228149,-0.2290751338005066,-0.0940084159374237,1.0,1.0,20.0,1.0,1.141047716140747,0.009589307010173798,0.0008282541972305533,208.59570254325953,198.20860652381822,209.0,198.0,8.147883653640747,8.166823863983154,8.1868257522583,528,8,ca000000b3000000,202,179,8.106647729873657,1,1,1,1,1,1779078383.2949781
8.201246690750105,2,sine_low_wl5m,2.0,0.04376275900860587,0.5369927287101746,0.5334546566009521,-0.10701889544725418,41.177673965853366,-0.22390676359378128,0.0,0.0,0.0,-0.05112318795090167,0.9986923548589609,1.4619321662385267,-0.15006622285320115,0.0,0.0,0.0,0.028906292266746774,2.0,2.0,0.1687483868081704,2.5014264546505736,0.2506821770211129,2.5014264546505736,0.2506821770211129,0.5014264546505736,0.0819337902129425,0.9168710112571716,0.9863022565841675,-0.2934854030609131,-0.07850001007318497,1.0,1.0,20.0,1.0,1.1413865089416504,0.03101988323032856,-0.02747574360786681,213.11430002657184,200.67387969845586,213.0,201.0,8.247133731842041,8.166823863983154,8.1868257522583,528,8,ca000000b3000000,202,179,8.206632852554321,1,1,1,1,1,1779078383.3950458
8.251246690750106,2,sine_low_wl5m,2.0,0.008693185131101656,0.5369927287101746,0.5334546566009521,-0.10701889544725418,41.305591270240924,-0.2368755011384429,0.0,0.0,0.0,-0.05004627136303921,0.998746900231814,1.528417665178134,-0.1535607326432347,0.0,0.0,0.0,0.013414781353823828,2.0,2.0,0.1687483868081704,2.5014264546505736,0.2506821770211129,2.5014264546505736,0.2506821770211129,0.5014264546505736,0.0819337902129425,0.9168710112571716,0.9863022565841675,-0.2934854030609131,-0.07850001007318497,1.0,1.0,20.0,1.0,1.1413865089416504,0.03101988323032856,-0.02747574360786681,213.11430002657184,200.67387969845586,213.0,201.0,8.247133731842041,8.266906023025513,8.286672830581665,528,8,c9000000b3000000,201,179,8.206632852554321,1,1,1,1,1,1779078383.3950458
8.301246690750107,2,sine_low_wl5m,2.0,-0.04398865915690166,0.37895333766937256,0.3700239956378937,-0.10037411749362946,41.305591270240924,-0.2368755011384429,0.0,0.0,0.0,-0.05004627136303921,0.998746900231814,1.528417665178134,-0.1535607326432347,0.0,0.0,0.0,0.013414781353823828,2.0,2.0,0.2396975290873811,2.531039044029709,0.3413929842657325,2.531039044029709,0.3413929842657325,0.531039044029709,0.10169545517835141,0.9118447303771973,0.9994829893112183,-0.3079146146774292,-0.10151895135641098,1.0,1.0,20.0,1.0,1.141129732131958,0.31433239579200745,0.020964202157389495,217.81438972054679,200.8723307684343,218.0,201.0,8.347058534622192,8.266906023025513,8.286672830581665,528,8,c9000000b3000000,201,179,8.3066725730896,1,1,1,1,1,1779078383.495143
8.351246690750108,2,sine_low_wl5m,2.0,-0.07862372626646458,0.37895333766937256,0.3700239956378937,-0.10037411749362946,41.35009490780846,-0.2413358238278703,0.0,0.0,0.0,-0.04983687730395986,0.9987573707665892,1.54833233512409,-0.15490580817154745,0.0,0.0,0.0,0.017205707476008057,2.0,2.0,0.2396975290873811,2.531039044029709,0.3413929842657325,2.531039044029709,0.3413929842657325,0.531039044029709,0.10169545517835141,0.9118447303771973,0.9994829893112183,-0.3079146146774292,-0.10151895135641098,1.0,1.0,20.0,1.0,1.141129732131958,0.31433239579200745,0.020964202157389495,217.81438972054679,200.8723307684343,218.0,201.0,8.347058534622192,8.366864204406738,8.386718988418579,528,8,c6000000b2000000,198,178,8.3066725730896,1,1,1,1,1,1779078383.495143
8.401246690750108,2,sine_low_wl5m,2.0,-0.1289574589796957,0.2607918977737427,0.2580302059650421,-0.10769983381032944,41.35009490780846,-0.2413358238278703,0.0,0.0,0.0,-0.04983687730395986,0.9987573707665892,1.54833233512409,-0.15490580817154745,0.0,0.0,0.0,0.017205707476008057,2.0,2.0,0.2955863712214772,2.4236371668239265,0.3946232550474491,2.4236371668239265,0.3946232550474491,0.4236371668239265,0.09903688382597192,0.9419288039207458,1.0143862962722778,-0.28289365768432617,-0.1047140508890152,1.0,1.0,20.0,1.0,1.1410653591156006,0.5801056623458862,0.028318213647778923,210.2519426732268,190.66826415895366,210.0,191.0,8.44701600074768,8.366864204406738,8.386718988418579,528,8,c6000000b2000000,198,178,8.40666937828064,1,1,1,1,1,1779078383.594826
8.451246690750109,2,sine_low_wl5m,2.0,-0.16092986695478612,0.2607918977737427,0.2580302059650421,-0.10769983381032944,41.56441280435896,-0.26246843464966263,0.0,0.0,0.0,-0.04851515312761597,0.9988224466425472,1.6016851632178857,-0.15596318334052642,0.0,0.0,0.0,0.024183392100898732,2.0,2.0,0.2955863712214772,2.4236371668239265,0.3946232550474491,2.4236371668239265,0.3946232550474491,0.4236371668239265,0.09903688382597192,0.9419288039207458,1.0143862962722778,-0.28289365768432617,-0.1047140508890152,1.0,1.0,20.0,1.0,1.1410653591156006,0.5801056623458862,0.028318213647778923,210.2519426732268,190.66826415895366,210.0,191.0,8.44701600074768,8.466928958892822,8.48672604560852,528,8,c0000000b0000000,192,176,8.40666937828064,1,1,1,1,1,1779078383.594826
8.50124669075011,2,sine_low_wl5m,2.0,-0.2058469081717281,0.18052658438682556,0.1644263118505478,-0.10455994307994843,41.56441280435896,-0.26246843464966263,0.0,0.0,0.0,-0.04851515312761597,0.9988224466425472,1.6016851632178857,-0.15596318334052642,0.0,0.0,0.0,0.024183392100898732,2.0,2.0,0.3329066678924809,2.3731658717620614,0.43377489433100064,2.3731658717620614,0.43377489433100064,0.3731658717620614,0.10086822643851973,0.9530389308929443,1.019627332687378,-0.2617194652557373,-0.10938207060098648,1.0,1.0,20.0,1.0,1.1409611701965332,0.7739052772521973,0.00954540624497522,207.04891433383574,185.52228616510382,207.0,186.0,8.547175407409668,8.466928958892822,8.48672604560852,528,8,c0000000b0000000,192,176,8.506736516952515,1,1,1,1,1,1779078383.6946776
8.55124669075011,2,sine_low_wl5m,2.0,-0.23321189032546927,0.18052658438682556,0.1644263118505478,-0.10455994307994843,41.697728398793934,-0.27531665695642615,0.0,0.0,0.0,-0.04763445892862291,0.9988648348613427,1.6085773623993898,-0.153771290404891,0.0,0.0,0.0,0.016858917596192045,2.0,2.0,0.3329066678924809,2.3731658717620614,0.43377489433100064,2.3731658717620614,0.43377489433100064,0.3731658717620614,0.10086822643851973,0.9530389308929443,1.019627332687378,-0.2617194652557373,-0.10938207060098648,1.0,1.0,20.0,1.0,1.1409611701965332,0.7739052772521973,0.00954540624497522,207.04891433383574,185.52228616510382,207.0,186.0,8.547175407409668,8.566822052001953,8.586704969406128,528,8,bb000000b0000000,187,176,8.506736516952515,1,1,1,1,1,1779078383.6946776
8.601246690750111,2,sine_low_wl5m,2.0,-0.2697619480810551,0.1353374868631363,0.09333320707082748,-0.10309722274541855,41.697728398793934,-0.27531665695642615,0.0,0.0,0.0,-0.04763445892862291,0.9988648348613427,1.6085773623993898,-0.153771290404891,0.0,0.0,0.0,0.016858917596192045,2.0,2.0,0.3493179889209226,2.3527977719234427,0.4534790065700276,2.3527977719234427,0.4534790065700276,0.35279777192344275,0.10416101764910501,0.9571085572242737,1.0167396068572998,-0.2518828809261322,-0.11175207793712616,1.0,1.0,20.0,1.0,1.141376256942749,0.9105390310287476,0.016631282979988615,205.8531805307066,183.34871085222417,206.0,183.0,8.647279262542725,8.566822052001953,8.586704969406128,528,8,bb000000b0000000,187,176,8.60671615600586,1,1,1,1,1,1779078383.7948012
8.651246690750112,2,sine_low_wl5m,2.0,-0.29079216964136967,0.1353374868631363,0.09333320707082748,-0.10309722274541855,41.7890097301751,-0.283997958791316,0.0,0.0,0.0,-0.04727499516204103,0.9988819123562249,1.615307734518361,-0.1532415348537618,0.0,0.0,0.0,0.012360431835246079,2.0,2.0,0.3493179889209226,2.3527977719234427,0.4534790065700276,2.3527977719234427,0.4534790065700276,0.35279777192344275,0.10416101764910501,0.9571085572242737,1.0167396068572998,-0.2518828809261322,-0.11175207793712616,1.0,1.0,20.0,1.0,1.141376256942749,0.9105390310287476,0.016631282979988615,205.8531805307066,183.34871085222417,206.0,183.0,8.647279262542725,8.666846513748169,8.686677694320679,528,8,b6000000b1000000,182,177,8.60671615600586,1,1,1,1,1,1779078383.7948012
8.701246690750112,2,sine_low_wl5m,2.0,-0.31673898462309735,0.09842048585414886,0.05605033040046692,-0.10513942688703537,41.7890097301751,-0.283997958791316,0.0,0.0,0.0,-0.04727499516204103,0.9988819123562249,1.615307734518361,-0.1532415348537618,0.0,0.0,0.0,0.012360431835246079,2.0,2.0,0.3437732666084069,2.2998726999239785,0.4493843201559645,2.2998726999239785,0.4493843201559645,0.29987269992397847,0.10561105354755762,0.9681417942047119,1.0057246685028076,-0.22660288214683533,-0.10818362981081009,1.0,1.0,20.0,1.0,1.141181468963623,0.9927205443382263,0.015828125562538375,201.37412238886918,179.0728567064111,201.0,179.0,8.74716591835022,8.666846513748169,8.686677694320679,528,8,b6000000b1000000,182,177,8.706647634506226,1,1,1,1,1,1779078383.8953688
8.751246690750113,2,sine_low_wl5m,2.0,-0.3300894754736647,0.09842048585414886,0.05605033040046692,-0.10513942688703537,42.03390260704744,-0.30688478276387626,0.0,0.0,0.0,-0.04596919765950236,0.9989428576583055,1.6355680530569179,-0.1508500810176591,0.0,0.0,0.0,0.019500885186707523,2.0,2.0,0.3437732666084069,2.2998726999239785,0.4493843201559645,2.2998726999239785,0.4493843201559645,0.29987269992397847,0.10561105354755762,0.9681417942047119,1.0057246685028076,-0.22660288214683533,-0.10818362981081009,1.0,1.0,20.0,1.0,1.141181468963623,0.9927205443382263,0.015828125562538375,201.37412238886918,179.0728567064111,201.0,179.0,8.74716591835022,8.766852140426636,8.786668300628662,528,8,af000000b3000000,175,179,8.706647634506226,1,1,1,1,1,1779078383.8953688
8.801246690750114,2,sine_low_wl5m,2.0,-0.3438290570547976,0.07222234457731247,0.03518374264240265,-0.10465459525585175,42.03390260704744,-0.30688478276387626,0.0,0.0,0.0,-0.04596919765950236,0.9989428576583055,1.6355680530569179,-0.1508500810176591,0.0,0.0,0.0,0.019500885186707523,2.0,2.0,0.3166257722537637,2.272785845692656,0.4290998059864932,2.272785845692656,0.4290998059864932,0.2727858456926562,0.11247403373272952,0.9700632691383362,0.9792397618293762,-0.2047460675239563,-0.10356581956148148,1.0,1.0,20.0,1.0,1.141404390335083,1.0721968412399292,0.017205707476008057,198.63043433444446,177.33581334216152,199.0,177.0,8.847708225250244,8.766852140426636,8.786668300628662,528,8,af000000b3000000,175,179,8.806785821914673,1,1,1,1,1,1779078383.995073
8.851246690750115,2,sine_low_wl5m,2.0,-0.3486630752052567,0.07222234457731247,0.03518374264240265,-0.10465459525585175,42.078437414702094,-0.31097627968142094,0.0,0.0,0.0,-0.04572678585464661,0.9989539834523927,1.6356410730951665,-0.15005626653866488,0.0,0.0,0.0,0.0035956753844553404,2.0,2.0,0.3166257722537637,2.272785845692656,0.4290998059864932,2.272785845692656,0.4290998059864932,0.2727858456926562,0.11247403373272952,0.9700632691383362,0.9792397618293762,-0.2047460675239563,-0.10356581956148148,1.0,1.0,20.0,1.0,1.141404390335083,1.0721968412399292,0.017205707476008057,198.63043433444446,177.33581334216152,199.0,177.0,8.847708225250244,8.866990804672241,8.886647701263428,528,8,a6000000b4000000,166,180,8.806785821914673,1,1,1,1,1,1779078383.995073
8.901246690750115,2,sine_low_wl5m,2.0,-0.34930179580954596,0.05375297740101814,0.013597041368484497,-0.10543272644281387,42.078437414702094,-0.31097627968142094,0.0,0.0,0.0,-0.04572678585464661,0.9989539834523927,1.6356410730951665,-0.15005626653866488,0.0,0.0,0.0,0.0035956753844553404,2.0,2.0,0.2695784421723201,2.267157019153586,0.37897851490022866,2.267157019153586,0.37897851490022866,0.2671570191535859,0.10940007272790858,0.9667183756828308,0.9565959572792053,-0.19170235097408295,-0.09295087307691574,1.0,1.0,20.0,1.0,1.1414036750793457,1.1040505170822144,0.011993334194032729,196.92120534374038,178.11391686113345,197.0,178.0,8.94697380065918,8.866990804672241,8.886647701263428,528,8,a6000000b4000000,166,180,8.9066743850708,1,1,1,1,1,1779078384.0950463
8.951246690750116,2,sine_low_wl5m,2.0,-0.34532047684102674,0.05375297740101814,0.013597041368484497,-0.10543272644281387,42.305088452602234,-0.3315363511270675,0.0,0.0,0.0,-0.04469652398034517,0.9990006109828334,1.6293238368778729,-0.1460883672787758,0.0,0.0,0.0,0.07346390526115952,2.0,2.0,0.2695784421723201,2.267157019153586,0.37897851490022866,2.267157019153586,0.37897851490022866,0.2671570191535859,0.10940007272790858,0.9667183756828308,0.9565959572792053,-0.19170235097408295,-0.09295087307691574,1.0,1.0,20.0,1.0,1.1414036750793457,1.1040505170822144,0.011993334194032729,196.92120534374038,178.11391686113345,197.0,178.0,8.94697380065918,8.966914176940918,8.986752271652222,528,8,9b000000b6000000,155,182,8.9066743850708,1,1,1,1,1,1779078384.0950463
9.001246690750117,2,sine_low_wl5m,2.0,-0.3328388493937733,0.033716052770614624,0.007648179307579994,-0.10387244075536728,42.305088452602234,-0.3315363511270675,0.0,0.0,0.0,-0.04469652398034517,0.9990006109828334,1.6293238368778729,-0.1460883672787758,0.0,0.0,0.0,0.07346390526115952,2.0,2.0,0.20561761726908373,2.2255441654161174,0.3063108456280369,2.2255441654161174,0.3063108456280369,0.22554416541611744,0.10069322835895317,0.9706524610519409,0.9151496887207031,-0.16022992134094238,-0.0747026577591896,1.0,1.0,20.0,1.0,1.1413986682891846,1.1375558376312256,0.01888872983666426,191.67627524989186,176.47521183183926,192.0,176.0,9.047119140625,8.966914176940918,8.986752271652222,528,8,9b000000b6000000,155,182,9.006656169891357,1,1,1,1,1,1779078384.1948729
9.051246690750117,2,sine_low_wl5m,2.0,-0.3202833221092182,0.033716052770614624,0.007648179307579994,-0.10387244075536728,42.44866343848738,-0.3442352361270993,0.0,0.0,0.0,-0.04407282481501304,0.9990283209763501,1.6228809728923805,-0.1434682484793774,0.0,0.0,0.0,-0.0018350152924747707,2.0,2.0,0.20561761726908373,2.2255441654161174,0.3063108456280369,2.2255441654161174,0.3063108456280369,0.22554416541611744,0.10069322835895317,0.9706524610519409,0.9151496887207031,-0.16022992134094238,-0.0747026577591896,1.0,1.0,20.0,1.0,1.1413986682891846,1.1375558376312256,0.01888872983666426,191.67627524989186,176.47521183183926,192.0,176.0,9.047119140625,9.066967487335205,9.086697101593018,528,8,8c000000b7000000,140,183,9.006656169891357,1,1,1,1,1,1779078384.1948729
9.101246690750118,2,sine_low_wl5m,2.0,-0.2954443701178218,0.023142579942941666,-0.003119325265288353,-0.10471126437187195,42.44866343848738,-0.3442352361270993,0.0,0.0,0.0,-0.04407282481501304,0.9990283209763501,1.6228809728923805,-0.1434682484793774,0.0,0.0,0.0,-0.0018350152924747707,2.0,2.0,0.12874125302591366,2.172358090859748,0.2039756891227069,2.172358090859748,0.2039756891227069,0.17235809085974818,0.07523443609679323,0.9738452434539795,0.8654347658157349,-0.11554059386253357,-0.047786399722099304,1.0,1.0,20.0,1.0,1.1412651538848877,1.1544771194458008,0.01522739513520762,184.73797563438035,174.61542388555836,185.0,175.0,9.146972894668579,9.066967487335205,9.086697101593018,528,8,8c000000b7000000,140,183,9.106716632843018,1,1,1,1,1,1779078384.295022
9.151246690750119,2,sine_low_wl5m,2.0,-0.2751172771233422,0.023142579942941666,-0.003119325265288353,-0.10471126437187195,42.741403633032945,-0.36976603884287246,0.0,0.0,0.0,-0.04248732363115596,0.9990970059662182,1.6299539917036825,-0.13888110527297456,0.0,0.0,0.0,0.020965811937180417,2.0,2.0,0.12874125302591366,2.172358090859748,0.2039756891227069,2.172358090859748,0.2039756891227069,0.17235809085974818,0.07523443609679323,0.9738452434539795,0.8654347658157349,-0.11554059386253357,-0.047786399722099304,1.0,1.0,20.0,1.0,1.1412651538848877,1.1544771194458008,0.01522739513520762,184.73797563438035,174.61542388555836,185.0,175.0,9.146972894668579,9.166853189468384,9.186690330505371,528,8,86000000b8000000,134,184,9.106716632843018,1,1,1,1,1,1779078384.295022
9.20124669075012,2,sine_low_wl5m,2.0,-0.2395045808050488,0.015278499573469162,-0.010227160528302193,-0.1039404422044754,42.741403633032945,-0.36976603884287246,0.0,0.0,0.0,-0.04248732363115596,0.9990970059662182,1.6299539917036825,-0.13888110527297456,0.0,0.0,0.0,0.020965811937180417,2.0,2.0,0.04376275900860587,2.158382810296832,0.07098335269645269,2.158382810296832,0.07098335269645269,0.15838281029683188,0.027220593687846815,0.9737347960472107,0.8024039268493652,-0.10169244557619095,-0.013194561935961246,1.0,1.0,20.0,1.0,1.1398866176605225,1.1538327932357788,0.012475234370269395,180.2821174767299,176.75947875411975,180.0,177.0,9.247018814086914,9.166853189468384,9.186690330505371,528,8,86000000b8000000,134,184,9.206720352172852,1,1,1,1,1,1779078384.3947241
9.25124669075012,2,sine_low_wl5m,2.0,-0.2126745901174818,0.015278499573469162,-0.010227160528302193,-0.1039404422044754,42.83918271114882,-0.3780751001292874,0.0,0.0,0.0,-0.042240196799948865,0.999107484595277,1.6233963887199199,-0.1375134742088295,0.0,0.0,0.0,0.0066326626059045315,2.0,2.0,0.04376275900860587,2.158382810296832,0.07098335269645269,2.158382810296832,0.07098335269645269,0.15838281029683188,0.027220593687846815,0.9737347960472107,0.8024039268493652,-0.10169244557619095,-0.013194561935961246,1.0,1.0,20.0,1.0,1.1398866176605225,1.1538327932357788,0.012475234370269395,180.2821174767299,176.75947875411975,180.0,177.0,9.247018814086914,9.267895221710205,9.286667346954346,528,8,84000000b6000000,132,182,9.206720352172852,1,1,1,1,1,1779078384.3947241
9.301246690750121,2,sine_low_wl5m,2.0,-0.1685069982451655,0.01183291431516409,-0.014408617280423641,-0.1044096052646637,42.83918271114882,-0.3780751001292874,0.0,0.0,0.0,-0.042240196799948865,0.999107484595277,1.6233963887199199,-0.1375134742088295,0.0,0.0,0.0,0.0066326626059045315,2.0,2.0,-0.04398865915690166,2.1312406533939954,-0.11338499509313868,2.1312406533939954,-0.11338499509313868,0.13124065339399538,-0.06939633593623702,0.9718766212463379,0.7375087738037109,-0.07130296528339386,0.039633769541978836,1.0,1.0,20.0,1.0,1.1396207809448242,1.1614888906478882,0.009459822307958677,173.46242135005892,179.0892952452111,173.0,179.0,9.346995115280151,9.267895221710205,9.286667346954346,528,8,84000000b6000000,132,182,9.3066565990448,1,1,1,1,1,1779078384.494839
9.351246690750122,2,sine_low_wl5m,2.0,-0.1368574428723205,0.01183291431516409,-0.014408617280423641,-0.1044096052646637,43.114320320179566,-0.40122057292844504,0.0,0.0,0.0,-0.04149328563112205,0.9991387827762138,1.636854054109517,-0.13618887130991936,0.0,0.0,0.0,0.041544361127080584,2.0,2.0,-0.04398865915690166,2.1312406533939954,-0.11338499509313868,2.1312406533939954,-0.11338499509313868,0.13124065339399538,-0.06939633593623702,0.9718766212463379,0.7375087738037109,-0.07130296528339386,0.039633769541978836,1.0,1.0,20.0,1.0,1.1396207809448242,1.1614888906478882,0.009459822307958677,173.46242135005892,179.0892952452111,173.0,179.0,9.346995115280151,9.366904973983765,9.386773586273193,528,8,84000000b6000000,132,182,9.3066565990448,1,1,1,1,1,1779078384.494839
9.401246690750122,2,sine_low_wl5m,2.0,-0.08692443938519934,0.010656796395778656,-0.006770310923457146,-0.10404626280069351,43.114320320179566,-0.40122057292844504,0.0,0.0,0.0,-0.04149328563112205,0.9991387827762138,1.636854054109517,-0.13618887130991936,0.0,0.0,0.0,0.041544361127080584,2.0,2.0,-0.1289574589796957,2.0745850710788365,-0.3489555871140096,2.0745850710788365,-0.3489555871140096,0.0745850710788365,-0.21999812813431388,0.9839665293693542,0.6281042098999023,-0.04132227227091789,0.09022301435470581,1.0,1.0,20.0,1.0,1.139951229095459,1.1484184265136719,0.07346390526115952,162.93116864818208,180.24853133877792,163.0,180.0,9.44713568687439,9.366904973983765,9.386773586273193,528,8,84000000b6000000,132,182,9.406627178192139,1,1,1,1,1,1779078384.5949185
9.451246690750123,2,sine_low_wl5m,2.0,-0.05244552938308201,0.010656796395778656,-0.006770310923457146,-0.10404626280069351,43.339877386017946,-0.4197856632268869,0.0,0.0,0.0,-0.04095700910852371,0.999160909666148,1.610489194853999,-0.13225465524918462,0.0,0.0,0.0,0.020455768960450676,2.0,2.0,-0.1289574589796957,2.0745850710788365,-0.3489555871140096,2.0745850710788365,-0.3489555871140096,0.0745850710788365,-0.21999812813431388,0.9839665293693542,0.6281042098999023,-0.04132227227091789,0.09022301435470581,1.0,1.0,20.0,1.0,1.139951229095459,1.1484184265136719,0.07346390526115952,162.93116864818208,180.24853133877792,163.0,180.0,9.44713568687439,9.46699595451355,9.486677408218384,528,8,84000000b6000000,132,182,9.406627178192139,1,1,1,1,1,1779078384.5949185
9.501246690750124,2,stop_after_sine_low,0.0,0.0,0.009589307010173798,-0.007898536510765553,-0.10434633493423462,43.339877386017946,-0.4197856632268869,0.0,0.0,0.0,-0.04095700910852371,0.999160909666148,1.610489194853999,-0.13225465524918462,0.0,0.0,0.0,0.020455768960450676,2.0,2.0,-0.2058469081717281,2.0276917602154936,-0.5669193058995019,2.0276917602154936,-0.5669193058995019,0.027691760215493577,-0.3610723977277738,0.9947718381881714,0.5841672420501709,-0.017090659588575363,0.12532877922058105,1.0,1.0,20.0,1.0,1.1400811672210693,1.1679255962371826,-0.005931139167481073,153.64423942630805,181.77832754267047,154.0,182.0,9.547963619232178,9.46699595451355,9.486677408218384,528,8,84000000b6000000,132,182,9.507447957992554,1,1,1,1,1,1779078384.6950336
9.551246690750125,2,stop_after_sine_low,0.0,0.0,0.009589307010173798,-0.007898536510765553,-0.10434633493423462,43.41382782634201,-0.4258269802790189,0.0,0.0,0.0,-0.040609032931581225,0.9991751130029018,1.6105809237569657,-0.131132866233914,0.0,0.0,0.0,0.012651151579065288,2.0,2.0,-0.2058469081717281,2.0276917602154936,-0.5669193058995019,2.0276917602154936,-0.5669193058995019,0.027691760215493577,-0.3610723977277738,0.9947718381881714,0.5841672420501709,-0.017090659588575363,0.12532877922058105,1.0,1.0,20.0,1.0,1.1400811672210693,1.1679255962371826,-0.005931139167481073,153.64423942630805,181.77832754267047,154.0,182.0,9.547963619232178,9.567844152450562,9.587687492370605,528,8,85000000b7000000,133,183,9.507447957992554,1,1,1,1,1,1779078384.6950336
9.601246690750125,2,stop_after_sine_low,0.0,0.0,0.03101988323032856,0.016985099762678146,-0.10425132513046265,43.41382782634201,-0.4258269802790189,0.0,0.0,0.0,-0.040609032931581225,0.9991751130029018,1.6105809237569657,-0.131132866233914,0.0,0.0,0.0,0.012651151579065288,2.0,2.0,-0.2697619480810551,1.951429975285226,-0.8921001461055922,1.951429975285226,-0.8921001461055922,-0.04857002471477401,-0.622338198024537,1.017303705215454,0.49200981855392456,0.014803055673837662,0.16916008293628693,1.0,1.0,20.0,1.0,1.1389384269714355,1.1740580797195435,0.022067897533006864,139.26783802936512,183.53943692884545,139.0,184.0,9.647976398468018,9.567844152450562,9.587687492370605,528,8,85000000b7000000,133,183,9.607636213302612,1,1,1,1,1,1779078384.7949364
9.651246690750126,2,stop_after_sine_low,0.0,0.0,0.03101988323032856,0.016985099762678146,-0.10425132513046265,43.5045242411627,-0.43316806789499157,0.0,0.0,0.0,-0.040130359739554394,0.9991944526603288,1.6239626645509462,-0.13065624609046017,0.0,0.0,0.0,0.023029992967494098,2.0,2.0,-0.2697619480810551,1.951429975285226,-0.8921001461055922,1.951429975285226,-0.8921001461055922,-0.04857002471477401,-0.622338198024537,1.017303705215454,0.49200981855392456,0.014803055673837662,0.16916008293628693,1.0,1.0,20.0,1.0,1.1389384269714355,1.1740580797195435,0.022067897533006864,139.26783802936512,183.53943692884545,139.0,184.0,9.647976398468018,9.667789459228516,9.687670469284058,528,8,88000000b7000000,136,183,9.607636213302612,1,1,1,1,1,1779078384.7949364
9.701246690750127,2,stop_after_sine_low,0.0,0.0,0.31433239579200745,0.28496041893959045,-0.11055408418178558,43.5045242411627,-0.43316806789499157,0.0,0.0,0.0,-0.040130359739554394,0.9991944526603288,1.6239626645509462,-0.13065624609046017,0.0,0.0,0.0,0.023029992967494098,2.0,2.0,-0.31673898462309735,1.9089567451715244,-1.0,1.9089567451715244,-1.0,-0.09104325482847564,-0.6832610153769026,1.0325289964675903,0.4430937170982361,0.028946807608008385,0.2038751095533371,1.0,1.0,20.0,1.0,1.1396970748901367,1.1539673805236816,0.019987146762626067,133.07752494642742,182.70379066641996,133.0,183.0,9.747904300689697,9.667789459228516,9.687670469284058,528,8,88000000b7000000,136,183,9.707587003707886,1,1,1,1,1,1779078384.894762
9.751246690750127,2,stop_after_sine_low,0.0,0.0,0.31433239579200745,0.28496041893959045,-0.11055408418178558,43.814444847342614,-0.4577417099599667,0.0,0.0,0.0,-0.039188823588388454,0.9992318230049312,1.6109471849363488,-0.12655397236837745,0.0,0.0,0.0,0.011340615329593072,2.0,2.0,-0.31673898462309735,1.9089567451715244,-1.0,1.9089567451715244,-1.0,-0.09104325482847564,-0.6832610153769026,1.0325289964675903,0.4430937170982361,0.028946807608008385,0.2038751095533371,1.0,1.0,20.0,1.0,1.1396970748901367,1.1539673805236816,0.019987146762626067,133.07752494642742,182.70379066641996,133.0,183.0,9.747904300689697,9.767799854278564,9.787672281265259,528,8,90000000b3000000,144,179,9.707587003707886,1,1,1,1,1,1779078384.894762
9.801246690750128,2,stop_after_sine_low,0.0,0.0,0.5801056623458862,0.5677931904792786,-0.09271499514579773,43.814444847342614,-0.4577417099599667,0.0,0.0,0.0,-0.039188823588388454,0.9992318230049312,1.6109471849363488,-0.12655397236837745,0.0,0.0,0.0,0.011340615329593072,2.0,2.0,-0.3438290570547976,1.8983840966511436,-1.0,1.8983840966511436,-1.0,-0.1016159033488564,-0.6561709429452024,1.0361970663070679,0.4361345171928406,0.032899968326091766,0.21073903143405914,1.0,1.0,20.0,1.0,1.1400389671325684,1.161863923072815,0.008857185026453714,132.20305650503323,181.82932222502578,132.0,182.0,9.84787917137146,9.767799854278564,9.787672281265259,528,8,90000000b3000000,144,179,9.807585954666138,1,1,1,1,1,1779078384.995064
9.851246690750129,2,stop_after_sine_low,0.0,0.0,0.5801056623458862,0.5677931904792786,-0.09271499514579773,44.24042021438296,-0.49032939196763886,0.0,0.0,0.0,-0.037225245729456465,0.9993069003466261,1.5915378799367528,-0.11873772564586733,0.0,0.0,0.0,0.025035905268240927,2.0,2.0,-0.3438290570547976,1.8983840966511436,-1.0,1.8983840966511436,-1.0,-0.1016159033488564,-0.6561709429452024,1.0361970663070679,0.4361345171928406,0.032899968326091766,0.21073903143405914,1.0,1.0,20.0,1.0,1.1400389671325684,1.161863923072815,0.008857185026453714,132.20305650503323,181.82932222502578,132.0,182.0,9.84787917137146,9.86789584159851,9.887657880783081,528,8,a0000000b3000000,160,179,9.807585954666138,1,1,1,1,1,1779078384.995064
9.90124669075013,2,stop_after_sine_low,0.0,0.0,0.7739052772521973,0.77649986743927,-0.09573480486869812,44.24042021438296,-0.49032939196763886,0.0,0.0,0.0,-0.037225245729456465,0.9993069003466261,1.5915378799367528,-0.11873772564586733,0.0,0.0,0.0,0.025035905268240927,2.0,2.0,-0.34930179580954596,1.8965237408475066,-1.0,1.8965237408475066,-1.0,-0.10347625915249337,-0.6506982041904541,1.0370662212371826,0.43550193309783936,0.03317929059267044,0.21122588217258453,1.0,1.0,20.0,1.0,1.138838291168213,1.1572163105010986,0.041544361127080584,132.04918565262489,181.67545137261746,132.0,182.0,9.947907209396362,9.86789584159851,9.887657880783081,528,8,a0000000b3000000,160,179,9.907611608505249,1,1,1,1,1,1779078385.0955133
9.95124669075013,2,stop_after_sine_low,0.0,0.0,0.7739052772521973,0.77649986743927,-0.09573480486869812,44.50709634540557,-0.5097444491289723,0.0,0.0,0.0,-0.036049849468520995,0.9993499929220478,1.5055895986002823,-0.1087646962329453,0.0,0.0,0.0,-0.0028379543951969257,2.0,2.0,-0.34930179580954596,1.8965237408475066,-1.0,1.8965237408475066,-1.0,-0.10347625915249337,-0.6506982041904541,1.0370662212371826,0.43550193309783936,0.03317929059267044,0.21122588217258453,1.0,1.0,20.0,1.0,1.138838291168213,1.1572163105010986,0.041544361127080584,132.04918565262489,181.67545137261746,132.0,182.0,9.947907209396362,9.967777252197266,9.987657308578491,528,8,ac000000b1000000,172,177,9.907611608505249,1,1,1,1,1,1779078385.0955133
10.001246690750131,2,stop_after_sine_low,0.0,0.0,0.9105390310287476,0.9281367659568787,-0.09345266968011856,44.50709634540557,-0.5097444491289723,0.0,0.0,0.0,-0.036049849468520995,0.9993499929220478,1.5055895986002823,-0.1087646962329453,0.0,0.0,0.0,-0.0028379543951969257,2.0,2.0,-0.3328388493937733,1.9035263288618078,-1.0,1.9035263288618078,-1.0,-0.09647367113819216,-0.6671611506062267,1.0346697568893433,0.4396625757217407,0.03047887608408928,0.20719245076179504,1.0,1.0,20.0,1.0,1.1398234367370605,1.1591377258300781,-0.01691324202906399,132.62837280850044,182.25463852849302,133.0,182.0,10.047992706298828,9.967777252197266,9.987657308578491,528,8,ac000000b1000000,172,177,10.00765609741211,1,1,1,1,1,1779078385.1948605
10.051246690750132,2,stop_after_sine_low,0.0,0.0,0.9105390310287476,0.9281367659568787,-0.09345266968011856,44.614272582530596,-0.5174434948604967,0.0,0.0,0.0,-0.035492113586340204,0.9993699564591555,1.3531491309082662,-0.09623417869971061,0.0,0.0,0.0,0.03479064600098636,2.0,2.0,-0.3328388493937733,1.9035263288618078,-1.0,1.9035263288618078,-1.0,-0.09647367113819216,-0.6671611506062267,1.0346697568893433,0.4396625757217407,0.03047887608408928,0.20719245076179504,1.0,1.0,20.0,1.0,1.1398234367370605,1.1591377258300781,-0.01691324202906399,132.62837280850044,182.25463852849302,133.0,182.0,10.047992706298828,10.067886590957642,10.087602853775024,528,8,0000000000000000,0,0,10.00765609741211,1,1,1,1,1,1779078385.1948605
10.101246690750132,2,stop_after_sine_low,0.0,0.0,0.9927205443382263,1.0259864330291748,-0.07466248422861099,44.614272582530596,-0.5174434948604967,0.0,0.0,0.0,-0.035492113586340204,0.9993699564591555,1.3531491309082662,-0.09623417869971061,0.0,0.0,0.0,0.03479064600098636,2.0,2.0,-0.2954443701178218,1.9150249317850823,-1.0,1.9150249317850823,-1.0,-0.08497506821491774,-0.7045556298821782,1.031100869178772,0.44669580459594727,0.02541612833738327,0.19842149317264557,1.0,1.0,20.0,1.0,1.1401526927947998,1.1571978330612183,0.01834372556126649,133.5794273486323,183.20569306862484,134.0,183.0,10.14798617362976,10.067886590957642,10.087602853775024,528,8,0000000000000000,0,0,10.107633113861084,1,1,1,1,1,1779078385.2951858
10.151246690750133,2,stop_after_sine_low,0.0,0.0,0.9927205443382263,1.0259864330291748,-0.07466248422861099,44.65439410813568,-0.5202827033173675,0.0,0.0,0.0,-0.03517894784041932,0.9993810292520271,1.2603418808371634,-0.08884000472454462,0.0,0.0,0.0,0.02572077781035714,2.0,2.0,-0.2954443701178218,1.9150249317850823,-1.0,1.9150249317850823,-1.0,-0.08497506821491774,-0.7045556298821782,1.031100869178772,0.44669580459594727,0.02541612833738327,0.19842149317264557,1.0,1.0,20.0,1.0,1.1401526927947998,1.1571978330612183,0.01834372556126649,133.5794273486323,183.20569306862484,134.0,183.0,10.14798617362976,10.167773008346558,10.187717914581299,528,8,0000000000000000,0,0,10.107633113861084,1,1,1,1,1,1779078385.2951858
10.201246690750134,2,stop_after_sine_low,0.0,0.0,1.0721968412399292,1.0802490711212158,-0.0964098572731018,44.65439410813568,-0.5202827033173675,0.0,0.0,0.0,-0.03517894784041932,0.9993810292520271,1.2603418808371634,-0.08884000472454462,0.0,0.0,0.0,0.02572077781035714,2.0,2.0,-0.2395045808050488,1.9303810983540535,-0.9239060649377101,1.9303810983540535,-0.9239060649377101,-0.06961890164594653,-0.6844014841326613,1.0265223979949951,0.4583585858345032,0.018420565873384476,0.1839756965637207,1.0,1.0,20.0,1.0,1.1395657062530518,1.1554396152496338,0.021682010221306353,136.73767160682652,182.58767948573805,137.0,183.0,10.247926712036133,10.167773008346558,10.187717914581299,528,8,0000000000000000,0,0,10.207675218582153,1,1,1,1,1,1779078385.394845
10.251246690750135,2,stop_after_sine_low,0.0,0.0,1.0721968412399292,1.0802490711212158,-0.0964098572731018,44.69186566335154,-0.5229097506283316,0.0,0.0,0.0,-0.034833964316573866,0.9993931133092682,1.180798520122212,-0.08241386503587003,0.0,0.0,0.0,0.024675111977027934,2.0,2.0,-0.2395045808050488,1.9303810983540535,-0.9239060649377101,1.9303810983540535,-0.9239060649377101,-0.06961890164594653,-0.6844014841326613,1.0265223979949951,0.4583585858345032,0.018420565873384476,0.1839756965637207,1.0,1.0,20.0,1.0,1.1395657062530518,1.1554396152496338,0.021682010221306353,136.73767160682652,182.58767948573805,137.0,183.0,10.247926712036133,10.26792860031128,10.287864923477173,528,8,0000000000000000,0,0,10.207675218582153,1,1,1,1,1,1779078385.394845
10.301246690750135,2,stop_after_sine_low,0.0,0.0,1.1040505170822144,1.1207199096679688,-0.08954185247421265,44.69186566335154,-0.5229097506283316,0.0,0.0,0.0,-0.034833964316573866,0.9993931133092682,1.180798520122212,-0.08241386503587003,0.0,0.0,0.0,0.024675111977027934,2.0,2.0,-0.1685069982451655,1.9873311342149664,-0.6100534868539677,1.9873311342149664,-0.6100534868539677,-0.012668865785033567,-0.4415464886088022,1.0092723369598389,0.516210675239563,-0.005758338142186403,0.14640912413597107,1.0,1.0,20.0,1.0,1.1400415897369385,1.1576024293899536,0.008477499166901471,149.23570001259876,179.51037645462173,149.0,180.0,10.34810996055603,10.26792860031128,10.287864923477173,528,8,0000000000000000,0,0,10.307697772979736,1,1,1,1,1,1779078385.4949617
10.351246690750136,2,stop_after_sine_low,0.0,0.0,1.1040505170822144,1.1207199096679688,-0.08954185247421265,44.71393745175459,-0.5244419843029222,0.0,0.0,0.0,-0.034509007970558774,0.999404386806906,1.1211458713335092,-0.07751780301476313,0.0,0.0,0.0,0.03519908937412118,2.0,2.0,-0.1685069982451655,1.9873311342149664,-0.6100534868539677,1.9873311342149664,-0.6100534868539677,-0.012668865785033567,-0.4415464886088022,1.0092723369598389,0.516210675239563,-0.005758338142186403,0.14640912413597107,1.0,1.0,20.0,1.0,1.1400415897369385,1.1576024293899536,0.008477499166901471,149.23570001259876,179.51037645462173,149.0,180.0,10.34810996055603,10.367874383926392,10.387729406356812,528,8,0000000000000000,0,0,10.307697772979736,1,1,1,1,1,1779078385.4949617
10.401246690750137,2,stop_after_sine_low,0.0,0.0,1.1375558376312256,1.1481249332427979,-0.07197810709476471,44.71393745175459,-0.5244419843029222,0.0,0.0,0.0,-0.034509007970558774,0.999404386806906,1.1211458713335092,-0.07751780301476313,0.0,0.0,0.0,0.03519908937412118,2.0,2.0,-0.08692443938519934,2.0608905878629438,-0.3475256553273648,2.0608905878629438,-0.3475256553273648,0.06089058786294377,-0.26060121594216545,0.9911572337150574,0.5824598073959351,-0.042666614055633545,0.11549528688192368,1.0,1.0,20.0,1.0,1.1402318477630615,1.160280704498291,0.029333291258959567,161.8339729639684,179.08037347975878,162.0,179.0,10.44810700416565,10.367874383926392,10.387729406356812,528,8,0000000000000000,0,0,10.407606840133667,1,1,1,1,1,1779078385.594853
10.451246690750137,2,stop_after_sine_low,0.0,0.0,1.1375558376312256,1.1481249332427979,-0.07197810709476471,44.719233824569976,-0.524807674069845,0.0,0.0,0.0,-0.03446113348692748,0.9994060387444115,1.1145192497020024,-0.07695234056607984,0.0,0.0,0.0,0.02495184543362393,2.0,2.0,-0.08692443938519934,2.0608905878629438,-0.3475256553273648,2.0608905878629438,-0.3475256553273648,0.06089058786294377,-0.26060121594216545,0.9911572337150574,0.5824598073959351,-0.042666614055633545,0.11549528688192368,1.0,1.0,20.0,1.0,1.1402318477630615,1.160280704498291,0.029333291258959567,161.8339729639684,179.08037347975878,162.0,179.0,10.44810700416565,10.467957496643066,10.487706661224365,528,8,0000000000000000,0,0,10.407606840133667,1,1,1,1,1,1779078385.594853
10.501246690750138,2,stop_after_sine_low,0.0,0.0,1.1544771194458008,1.1761415004730225,-0.10914510488510132,44.719233824569976,-0.524807674069845,0.0,0.0,0.0,-0.03446113348692748,0.9994060387444115,1.1145192497020024,-0.07695234056607984,0.0,0.0,0.0,0.02495184543362393,2.0,0.0,0.0,0.0,0.0,0.06386267324655683,-0.05129841891748476,0.06386267324655683,-0.05129841891748476,0.9492937922477722,0.7323675155639648,-0.060624439269304276,0.03756929561495781,1.0,0.0,20.0,1.0,1.139707088470459,1.1505931615829468,0.018397463730778812,0.0,0.0,0.0,0.0,10.54806113243103,10.467957496643066,10.487706661224365,528,8,0000000000000000,0,0,10.507602453231812,1,1,1,1,1,1779078385.695775
10.551246690750139,2,stop_after_sine_low,0.0,0.0,1.1544771194458008,1.1761415004730225,-0.10914510488510132,44.723650611150084,-0.525112290410042,0.0,0.0,0.0,-0.03442261131632125,0.9994073663077361,1.101257021763531,-0.07595134550908203,0.0,0.0,0.0,0.01592818044600207,2.0,0.0,0.0,0.0,0.0,0.06386267324655683,-0.05129841891748476,0.06386267324655683,-0.05129841891748476,0.9492937922477722,0.7323675155639648,-0.060624439269304276,0.03756929561495781,1.0,0.0,20.0,1.0,1.139707088470459,1.1505931615829468,0.018397463730778812,0.0,0.0,0.0,0.0,10.54806113243103,10.567923784255981,10.587838649749756,528,8,0000000000000000,0,0,10.507602453231812,1,1,1,1,1,1779078385.695775
10.60124669075014,2,stop_after_sine_low,0.0,0.0,1.1538327932357788,1.1841050386428833,-0.09619628638029099,44.723650611150084,-0.525112290410042,0.0,0.0,0.0,-0.03442261131632125,0.9994073663077361,1.101257021763531,-0.07595134550908203,0.0,0.0,0.0,0.01592818044600207,2.0,0.0,0.0,0.0,0.0,-0.109663586375798,-0.008349092303570803,-0.109663586375798,-0.008349092303570803,1.0147829055786133,0.6399931907653809,0.11128473281860352,0.005343362223356962,1.0,0.0,20.0,1.0,1.1408917903900146,1.1441013813018799,0.025828047037358248,0.0,0.0,0.0,0.0,10.648059606552124,10.567923784255981,10.587838649749756,528,8,0000000000000000,0,0,10.607695817947388,1,1,1,1,1,1779078385.7957911
10.65124669075014,2,stop_after_sine_low,0.0,0.0,1.1538327932357788,1.1841050386428833,-0.09619628638029099,44.72931457555872,-0.5255025561208391,0.0,0.0,0.0,-0.034390489325671895,0.9994084721693832,1.081359578269342,-0.07450921898396153,0.0,0.0,0.0,0.009335498022429046,2.0,0.0,0.0,0.0,0.0,-0.109663586375798,-0.008349092303570803,-0.109663586375798,-0.008349092303570803,1.0147829055786133,0.6399931907653809,0.11128473281860352,0.005343362223356962,1.0,0.0,20.0,1.0,1.1408917903900146,1.1441013813018799,0.025828047037358248,0.0,0.0,0.0,0.0,10.648059606552124,10.668132781982422,10.687777519226074,528,8,0000000000000000,0,0,10.607695817947388,1,1,1,1,1,1779078385.7957911
10.701246690750141,2,stop_after_sine_low,0.0,0.0,1.1614888906478882,1.1884387731552124,-0.09508105367422104,44.72931457555872,-0.5255025561208391,0.0,0.0,0.0,-0.034390489325671895,0.9994084721693832,1.081359578269342,-0.07450921898396153,0.0,0.0,0.0,0.009335498022429046,2.0,0.0,0.0,0.0,0.0,-0.10203075076892025,0.004663604512187617,-0.10203075076892025,0.004663604512187617,1.0064074993133545,0.6440785527229309,0.10268451273441315,-0.0030037276446819305,1.0,0.0,20.0,1.0,1.140951156616211,1.1318731307983398,0.0131543579887422,0.0,0.0,0.0,0.0,10.748100757598877,10.668132781982422,10.687777519226074,528,8,0000000000000000,0,0,10.707729578018188,1,1,1,1,1,1779078385.895772
10.751246690750142,2,stop_after_sine_low,0.0,0.0,1.1614888906478882,1.1884387731552124,-0.09508105367422104,44.73339438131397,-0.5257834807312635,0.0,0.0,0.0,-0.034367647283817845,0.9994092579219862,1.068094725577737,-0.07354617172470221,0.0,0.0,0.0,0.010620668705932453,2.0,0.0,0.0,0.0,0.0,-0.10203075076892025,0.004663604512187617,-0.10203075076892025,0.004663604512187617,1.0064074993133545,0.6440785527229309,0.10268451273441315,-0.0030037276446819305,1.0,0.0,20.0,1.0,1.140951156616211,1.1318731307983398,0.0131543579887422,0.0,0.0,0.0,0.0,10.748100757598877,10.767924070358276,10.787768602371216,528,8,0000000000000000,0,0,10.707729578018188,1,1,1,1,1,1779078385.895772
10.801246690750142,2,stop_after_sine_low,0.0,0.0,1.1484184265136719,1.2003393173217773,-0.05843551084399223,44.73339438131397,-0.5257834807312635,0.0,0.0,0.0,-0.034367647283817845,0.9994092579219862,1.068094725577737,-0.07354617172470221,0.0,0.0,0.0,0.010620668705932453,2.0,0.0,0.0,0.0,0.0,-0.09565077263216985,0.009963680908174991,-0.09565077263216985,0.009963680908174991,0.9946911334991455,0.6558516025543213,0.09514297544956207,-0.006534696090966463,1.0,0.0,20.0,1.0,1.1397778987884521,1.1096618175506592,0.005806814383969491,0.0,0.0,0.0,0.0,10.848047256469727,10.767924070358276,10.787768602371216,528,8,0000000000000000,0,0,10.807671070098877,1,1,1,1,1,1779078385.9960926
10.851246690750143,2,stop_after_sine_low,0.0,0.0,1.1484184265136719,1.2003393173217773,-0.05843551084399223,44.738879739525615,-0.5261608348514291,0.0,0.0,0.0,-0.03433563162624502,0.9994103583617826,1.0614652774406501,-0.07302135619963121,0.0,0.0,0.0,0.014088169198060491,2.0,0.0,0.0,0.0,0.0,-0.09565077263216985,0.009963680908174991,-0.09565077263216985,0.009963680908174991,0.9946911334991455,0.6558516025543213,0.09514297544956207,-0.006534696090966463,1.0,0.0,20.0,1.0,1.1397778987884521,1.1096618175506592,0.005806814383969491,0.0,0.0,0.0,0.0,10.848047256469727,10.86804986000061,10.887752771377563,528,8,0000000000000000,0,0,10.807671070098877,1,1,1,1,1,1779078385.9960926
10.901246690750144,2,stop_after_sine_low,0.0,0.0,1.1679255962371826,1.1610608100891113,-0.10886532813310623,44.738879739525615,-0.5261608348514291,0.0,0.0,0.0,-0.03433563162624502,0.9994103583617826,1.0614652774406501,-0.07302135619963121,0.0,0.0,0.0,0.014088169198060491,2.0,0.0,0.0,0.0,0.0,-0.08983159181184534,0.0218880761384619,-0.08983159181184534,0.0218880761384619,0.9829368591308594,0.6624884009361267,0.08829878270626068,-0.014500596560537815,1.0,0.0,20.0,1.0,1.1407537460327148,0.9736237525939941,0.027506524132616415,0.0,0.0,0.0,0.0,10.948143720626831,10.86804986000061,10.887752771377563,528,8,0000000000000000,0,0,10.90774416923523,1,1,1,1,1,1779078386.0956995
10.951246690750144,2,stop_after_sine_low,0.0,0.0,1.1679255962371826,1.1610608100891113,-0.10886532813310623,44.74313696779801,-0.5264534433047302,0.0,0.0,0.0,-0.03430537931663243,0.9994113972483714,1.048201325026285,-0.07204513097240872,0.0,0.0,0.0,0.014676961378316917,2.0,0.0,0.0,0.0,0.0,-0.08983159181184534,0.0218880761384619,-0.08983159181184534,0.0218880761384619,0.9829368591308594,0.6624884009361267,0.08829878270626068,-0.014500596560537815,1.0,0.0,20.0,1.0,1.1407537460327148,0.9736237525939941,0.027506524132616415,0.0,0.0,0.0,0.0,10.948143720626831,10.968076229095459,10.987909078598022,528,8,0000000000000000,0,0,10.90774416923523,1,1,1,1,1,1779078386.0956995
11.001246690750145,2,stop_after_sine_low,0.0,0.0,1.1740580797195435,1.165974736213684,-0.09378040581941605,44.74313696779801,-0.5264534433047302,0.0,0.0,0.0,-0.03430537931663243,0.9994113972483714,1.048201325026285,-0.07204513097240872,0.0,0.0,0.0,0.014676961378316917,2.0,0.0,0.0,0.0,0.0,-0.08760941619349305,0.02376534935971422,-0.08760941619349305,0.02376534935971422,0.9782240390777588,0.6638622879981995,0.08570163697004318,-0.015776919201016426,1.0,0.0,20.0,1.0,1.1408467292785645,0.745189905166626,0.004539278452229118,0.0,0.0,0.0,0.0,11.04816198348999,10.968076229095459,10.987909078598022,528,8,0000000000000000,0,0,11.007759809494019,1,1,1,1,1,1779078386.1957839
11.051246690750146,2,stop_after_sine_low,0.0,0.0,1.1740580797195435,1.165974736213684,-0.09378040581941605,44.74909525153034,-0.5268625912415873,0.0,0.0,0.0,-0.03427385006236535,0.9994124790104947,1.0283032255954443,-0.07061230416620305,0.0,0.0,0.0,0.007954428883530047,2.0,0.0,0.0,0.0,0.0,-0.08760941619349305,0.02376534935971422,-0.08760941619349305,0.02376534935971422,0.9782240390777588,0.6638622879981995,0.08570163697004318,-0.015776919201016426,1.0,0.0,20.0,1.0,1.1408467292785645,0.745189905166626,0.004539278452229118,0.0,0.0,0.0,0.0,11.04816198348999,11.068019151687622,11.08777403831482,528,8,0000000000000000,0,0,11.007759809494019,1,1,1,1,1,1779078386.1957839
11.101246690750147,2,stop_after_sine_low,0.0,0.0,1.1539673805236816,1.1791831254959106,-0.06402341276407242,44.74909525153034,-0.5268625912415873,0.0,0.0,0.0,-0.03427385006236535,0.9994124790104947,1.0283032255954443,-0.07061230416620305,0.0,0.0,0.0,0.007954428883530047,2.0,0.0,0.0,0.0,0.0,-0.08013025140652678,0.041274187854182014,-0.08013025140652678,0.041274187854182014,0.9648755192756653,0.6658742427825928,0.07731571793556213,-0.027483418583869934,1.0,0.0,20.0,1.0,1.140031099319458,0.5417919158935547,0.015088573896588232,0.0,0.0,0.0,0.0,11.148080110549927,11.068019151687622,11.08777403831482,528,8,0000000000000000,0,0,11.1078040599823,1,1,1,1,1,1779078386.295786
11.151246690750147,2,stop_after_sine_low,0.0,0.0,1.1539673805236816,1.1791831254959106,-0.06402341276407242,44.75325335271806,-0.5271480790492553,0.0,0.0,0.0,-0.03426860723200878,0.9994126587943433,1.0150355281147012,-0.06969052809061804,0.0,0.0,0.0,0.003381834372799448,2.0,0.0,0.0,0.0,0.0,-0.08013025140652678,0.041274187854182014,-0.08013025140652678,0.041274187854182014,0.9648755192756653,0.6658742427825928,0.07731571793556213,-0.027483418583869934,1.0,0.0,20.0,1.0,1.140031099319458,0.5417919158935547,0.015088573896588232,0.0,0.0,0.0,0.0,11.148080110549927,11.167875289916992,11.187696933746338,528,8,0000000000000000,0,0,11.1078040599823,1,1,1,1,1,1779078386.295786
11.201246690750148,2,stop_after_sine_low,0.0,0.0,1.161863923072815,1.161522626876831,-0.06926863640546799,44.75325335271806,-0.5271480790492553,0.0,0.0,0.0,-0.03426860723200878,0.9994126587943433,1.0150355281147012,-0.06969052809061804,0.0,0.0,0.0,0.003381834372799448,2.0,0.0,0.0,0.0,0.0,-0.07313460110013183,0.0511087143029496,-0.07313460110013183,0.0511087143029496,0.9561064839363098,0.6669551134109497,0.06992446631193161,-0.03408721834421158,1.0,0.0,20.0,1.0,1.1407155990600586,0.37170255184173584,0.0024516491142545418,0.0,0.0,0.0,0.0,11.24819016456604,11.167875289916992,11.187696933746338,528,8,0000000000000000,0,0,11.20784306526184,1,1,1,1,1,1779078386.395725
11.251246690750149,2,stop_after_sine_low,0.0,0.0,1.161863923072815,1.161522626876831,-0.06926863640546799,44.75911925571689,-0.5275508888639613,0.0,0.0,0.0,-0.034274320466712346,0.9994124628783378,1.0017663034039552,-0.0687909941799947,0.0,0.0,0.0,-0.004020519244292944,2.0,0.0,0.0,0.0,0.0,-0.07313460110013183,0.0511087143029496,-0.07313460110013183,0.0511087143029496,0.9561064839363098,0.6669551134109497,0.06992446631193161,-0.03408721834421158,1.0,0.0,20.0,1.0,1.1407155990600586,0.37170255184173584,0.0024516491142545418,0.0,0.0,0.0,0.0,11.24819016456604,11.269073486328125,11.287823915481567,528,8,0000000000000000,0,0,11.20784306526184,1,1,1,1,1,1779078386.395725
11.30124669075015,2,stop_after_sine_low,0.0,0.0,1.1572163105010986,1.1600836515426636,-0.1063004583120346,44.75911925571689,-0.5275508888639613,0.0,0.0,0.0,-0.034274320466712346,0.9994124628783378,1.0017663034039552,-0.0687909941799947,0.0,0.0,0.0,-0.004020519244292944,2.0,0.0,0.0,0.0,0.0,-0.06949961908793117,0.056177457226571845,-0.06949961908793117,0.056177457226571845,0.9524861574172974,0.6675686836242676,0.06619742512702942,-0.037502311170101166,1.0,0.0,20.0,1.0,1.140674352645874,0.2569449245929718,-0.0005766420478810303,0.0,0.0,0.0,0.0,11.348022937774658,11.269073486328125,11.287823915481567,528,8,0000000000000000,0,0,11.307744264602661,1,1,1,1,1,1779078386.4957078
11.35124669075015,2,stop_after_sine_low,0.0,0.0,1.1572163105010986,1.1600836515426636,-0.1063004583120346,44.76220953431879,-0.5277631472397049,0.0,0.0,0.0,-0.03428234560017173,0.9994121876283831,0.9818625786737297,-0.06744005411821788,0.0,0.0,0.0,-0.005660353837454701,2.0,0.0,0.0,0.0,0.0,-0.06949961908793117,0.056177457226571845,-0.06949961908793117,0.056177457226571845,0.9524861574172974,0.6675686836242676,0.06619742512702942,-0.037502311170101166,1.0,0.0,20.0,1.0,1.140674352645874,0.2569449245929718,-0.0005766420478810303,0.0,0.0,0.0,0.0,11.348022937774658,11.368114709854126,11.387752771377563,528,8,0000000000000000,0,0,11.307744264602661,1,1,1,1,1,1779078386.4957078
11.40124669075015,2,stop_after_sine_low,0.0,0.0,1.1591377258300781,1.1573097705841064,-0.10277426987886429,44.76220953431879,-0.5277631472397049,0.0,0.0,0.0,-0.03428234560017173,0.9994121876283831,0.9818625786737297,-0.06744005411821788,0.0,0.0,0.0,-0.005660353837454701,2.0,0.0,0.0,0.0,0.0,-0.06205092094563062,0.06808355918038779,-0.06205092094563062,0.06808355918038779,0.9453686475753784,0.6693568825721741,0.058660995215177536,-0.045572198927402496,1.0,0.0,20.0,1.0,1.1409716606140137,0.18952085077762604,0.0057054029889075,0.0,0.0,0.0,0.0,11.44790267944336,11.368114709854126,11.387752771377563,528,8,0000000000000000,0,0,11.407712697982788,1,1,1,1,1,1779078386.5958269
11.451246690750152,2,stop_after_sine_low,0.0,0.0,1.1591377258300781,1.1573097705841064,-0.10277426987886429,44.76881091955692,-0.5282166257733124,0.0,0.0,0.0,-0.03428662921719803,0.9994120406803805,0.9685935951105867,-0.06653700508726014,0.0,0.0,0.0,-0.001190788392084615,2.0,0.0,0.0,0.0,0.0,-0.06205092094563062,0.06808355918038779,-0.06205092094563062,0.06808355918038779,0.9453686475753784,0.6693568825721741,0.058660995215177536,-0.045572198927402496,1.0,0.0,20.0,1.0,1.1409716606140137,0.18952085077762604,0.0057054029889075,0.0,0.0,0.0,0.0,11.44790267944336,11.467849731445312,11.487722158432007,528,8,0000000000000000,0,0,11.407712697982788,1,1,1,1,1,1779078386.5958269
11.501246690750152,2,sine_high_wl5m,2.0,4.5684537591042576e-05,1.1571978330612183,1.1554813385009766,-0.08710309863090515,44.76881091955692,-0.5282166257733124,0.0,0.0,0.0,-0.03428662921719803,0.9994120406803805,0.9685935951105867,-0.06653700508726014,0.0,0.0,0.0,-0.001190788392084615,2.0,0.0,0.0,0.0,0.0,-0.05519926832331394,0.0807948885128383,-0.05519926832331394,0.0807948885128383,0.9401981234550476,0.673385500907898,0.05189824849367142,-0.05440610647201538,1.0,0.0,20.0,1.0,1.1408655643463135,0.13620994985103607,0.0002388268386793139,0.0,0.0,0.0,0.0,11.550877332687378,11.467849731445312,11.487722158432007,528,8,0000000000000000,0,0,11.50874924659729,1,1,1,1,1,1779078386.6958444
11.551246690750153,2,sine_high_wl5m,2.0,0.09569637818597575,1.1571978330612183,1.1554813385009766,-0.08710309863090515,44.77175845922059,-0.5284190561425098,0.0,0.0,0.0,-0.034278319030638216,0.9994123257416999,0.9553262809284795,-0.06560965205520687,0.0,0.0,0.0,0.001250246681386302,2.0,0.0,0.0,0.0,0.0,-0.05519926832331394,0.0807948885128383,-0.05519926832331394,0.0807948885128383,0.9401981234550476,0.673385500907898,0.05189824849367142,-0.05440610647201538,1.0,0.0,20.0,1.0,1.1408655643463135,0.13620994985103607,0.0002388268386793139,0.0,0.0,0.0,0.0,11.550877332687378,11.569209337234497,11.589253187179565,528,8,0000000000000000,0,0,11.50874924659729,1,1,1,1,1,1779078386.6958444
11.601246690750154,2,sine_high_wl5m,2.0,0.23651198037892746,1.1554396152496338,1.1551337242126465,-0.08207715302705765,44.77175845922059,-0.5284190561425098,0.0,0.0,0.0,-0.034278319030638216,0.9994123257416999,0.9553262809284795,-0.06560965205520687,0.0,0.0,0.0,0.001250246681386302,2.0,0.0,0.0,0.0,0.0,-0.054775003970775095,0.09211212751626868,-0.054775003970775095,0.09211212751626868,0.9381771087646484,0.6802607178688049,0.05138865485787392,-0.06266026198863983,1.0,0.0,20.0,1.0,1.140974998474121,0.08561970293521881,0.0035979841624553983,0.0,0.0,0.0,0.0,11.649715423583984,11.569209337234497,11.589253187179565,528,8,0000000000000000,0,0,11.609073638916016,1,1,1,1,1,1779078386.79595
11.651246690750154,2,sine_high_wl5m,2.0,0.3277634920259791,1.1554396152496338,1.1551337242126465,-0.08207715302705765,44.788064111446,-0.5295379332878841,0.0,0.0,0.0,-0.03423608025375968,0.9994137735737176,0.9155263306755919,-0.06279852993030102,0.0,0.0,0.0,0.005063180339804173,2.0,0.0,0.0,0.0,0.0,-0.054775003970775095,0.09211212751626868,-0.054775003970775095,0.09211212751626868,0.9381771087646484,0.6802607178688049,0.05138865485787392,-0.06266026198863983,1.0,0.0,20.0,1.0,1.140974998474121,0.08561970293521881,0.0035979841624553983,0.0,0.0,0.0,0.0,11.649715423583984,11.669417381286621,11.689075231552124,528,8,0000000000000000,0,0,11.609073638916016,1,1,1,1,1,1779078386.79595
11.701246690750155,2,sine_high_wl5m,2.0,0.45796336608552607,1.1576024293899536,1.150964379310608,-0.06607557088136673,44.788064111446,-0.5295379332878841,0.0,0.0,0.0,-0.03423608025375968,0.9994137735737176,0.9155263306755919,-0.06279852993030102,0.0,0.0,0.0,0.005063180339804173,2.0,0.0,0.0,0.0,0.0,-0.08251295460245499,0.2058983563219993,-0.08251295460245499,0.2058983563219993,0.9943537712097168,0.820979118347168,0.08204706758260727,-0.16903825104236603,1.0,0.0,20.0,1.0,1.1398735046386719,0.06022370979189873,-0.0017215705020721512,0.0,0.0,0.0,0.0,11.749183654785156,11.669417381286621,11.689075231552124,528,8,0000000000000000,0,0,11.708887815475464,1,1,1,1,1,1779078386.89605
11.751246690750156,2,sine_high_wl5m,2.0,0.5391821248302658,1.1576024293899536,1.150964379310608,-0.06607557088136673,44.840368590890975,-0.5331133592344274,0.0,0.0,0.0,-0.03403720450823824,0.9994205664830319,0.7496905170780043,-0.0511236242939769,0.0,0.0,0.0,0.001356528651135629,2.0,0.0,0.0,0.0,0.0,-0.08251295460245499,0.2058983563219993,-0.08251295460245499,0.2058983563219993,0.9943537712097168,0.820979118347168,0.08204706758260727,-0.16903825104236603,1.0,0.0,20.0,1.0,1.1398735046386719,0.06022370979189873,-0.0017215705020721512,0.0,0.0,0.0,0.0,11.749183654785156,11.769110679626465,11.788908958435059,528,8,0000000000000000,0,0,11.708887815475464,1,1,1,1,1,1779078386.89605
11.801246690750157,2,sine_high_wl5m,2.0,0.6505723277466806,1.160280704498291,1.1499141454696655,-0.10060492902994156,44.840368590890975,-0.5331133592344274,0.0,0.0,0.0,-0.03403720450823824,0.9994205664830319,0.7496905170780043,-0.0511236242939769,0.0,0.0,0.0,0.001356528651135629,2.0,0.0,0.0,0.0,0.0,-0.08159960475366207,0.20714402665104112,-0.08159960475366207,0.20714402665104112,0.9932239055633545,0.8201815485954285,0.0810466781258583,-0.1698957085609436,1.0,0.0,20.0,1.0,1.140096664428711,0.043765801936388016,0.0023120314649258877,0.0,0.0,0.0,0.0,11.849185228347778,11.769110679626465,11.788908958435059,528,8,0000000000000000,0,0,11.808965921401978,1,1,1,1,1,1779078386.99597
11.851246690750157,2,sine_high_wl5m,2.0,0.7167546386473822,1.160280704498291,1.1499141454696655,-0.10060492902994156,44.94121568912854,-0.5398954117500843,0.0,0.0,0.0,-0.03332188124847274,0.9994446719203933,0.31184829845220735,-0.020817431873960065,0.0,0.0,0.0,0.0010401056197080695,2.0,0.0,0.0,0.0,0.0,-0.08159960475366207,0.20714402665104112,-0.08159960475366207,0.20714402665104112,0.9932239055633545,0.8201815485954285,0.0810466781258583,-0.1698957085609436,1.0,0.0,20.0,1.0,1.140096664428711,0.043765801936388016,0.0023120314649258877,0.0,0.0,0.0,0.0,11.849185228347778,11.869205236434937,11.888912677764893,528,8,0000000000000000,0,0,11.808965921401978,1,1,1,1,1,1779078386.99597
11.901246690750158,2,sine_high_wl5m,2.0,0.8022817921013584,1.1505931615829468,1.1684705018997192,-0.11427094042301178,44.94121568912854,-0.5398954117500843,0.0,0.0,0.0,-0.03332188124847274,0.9994446719203933,0.31184829845220735,-0.020817431873960065,0.0,0.0,0.0,0.0010401056197080695,2.0,0.0,0.0,0.0,0.0,-0.0811219827405836,0.20762982375674985,-0.0811219827405836,0.20762982375674985,0.9927927851676941,0.8200222253799438,0.08053731918334961,-0.17026107013225555,1.0,0.0,20.0,1.0,1.1403064727783203,0.03165281563997269,-0.0013653373013458618,0.0,0.0,0.0,0.0,11.949196338653564,11.869205236434937,11.888912677764893,528,8,0000000000000000,0,0,11.90884780883789,1,1,1,1,1,1779078387.0960171
11.951246690750159,2,sine_high_wl5m,2.0,0.8492974195472656,1.1505931615829468,1.1684705018997192,-0.11427094042301178,44.9885919157039,-0.5429788481613217,0.0,0.0,0.0,-0.032529219757513606,0.9994707848966708,0.6768479679195845,-0.044104707572776986,0.0,0.0,0.0,-0.041871614591664615,2.0,0.0,0.0,0.0,0.0,-0.0811219827405836,0.20762982375674985,-0.0811219827405836,0.20762982375674985,0.9927927851676941,0.8200222253799438,0.08053731918334961,-0.17026107013225555,1.0,0.0,20.0,1.0,1.1403064727783203,0.03165281563997269,-0.0013653373013458618,0.0,0.0,0.0,0.0,11.949196338653564,11.969084978103638,11.988936424255371,528,8,0000000000000000,0,0,11.90884780883789,1,1,1,1,1,1779078387.0960171
12.00124669075016,2,sine_high_wl5m,2.0,0.9035998408741986,1.1441013813018799,1.1501712799072266,-0.0876370221376419,44.9885919157039,-0.5429788481613217,0.0,0.0,0.0,-0.032529219757513606,0.9994707848966708,0.6768479679195845,-0.044104707572776986,0.0,0.0,0.0,-0.041871614591664615,2.0,0.0,0.0,0.0,0.0,-0.0801804771376214,0.20871022533883735,-0.0801804771376214,0.20871022533883735,0.9917900562286377,0.8195614814758301,0.07952219992876053,-0.17105086147785187,1.0,0.0,20.0,1.0,1.1399857997894287,0.02440200373530388,0.0003161855668701414,0.0,0.0,0.0,0.0,12.049530506134033,11.969084978103638,11.988936424255371,528,8,0000000000000000,0,0,12.00885820388794,1,1,1,1,1,1779078387.1960623
12.05124669075016,2,sine_high_wl5m,2.0,0.92845715403813,1.1441013813018799,1.1501712799072266,-0.0876370221376419,45.08756489442808,-0.5494247749046911,0.0,0.0,0.0,-0.031152077370135228,0.9995146562584888,0.9291703048735918,-0.05797559839971867,0.0,0.0,0.0,0.07122881742227015,2.0,0.0,0.0,0.0,0.0,-0.0801804771376214,0.20871022533883735,-0.0801804771376214,0.20871022533883735,0.9917900562286377,0.8195614814758301,0.07952219992876053,-0.17105086147785187,1.0,0.0,20.0,1.0,1.1399857997894287,0.02440200373530388,0.0003161855668701414,0.0,0.0,0.0,0.0,12.049530506134033,12.069337129592896,12.088896989822388,528,8,d2000000c2000000,210,194,12.00885820388794,1,1,1,1,1,1779078387.1960623
12.10124669075016,2,sine_high_wl5m,2.0,0.9481388585467044,1.1318731307983398,1.1385982036590576,-0.042634349316358566,45.08756489442808,-0.5494247749046911,0.0,0.0,0.0,-0.031152077370135228,0.9995146562584888,0.9291703048735918,-0.05797559839971867,0.0,0.0,0.0,0.07122881742227015,2.0,0.0,0.0,0.0,0.0,-0.07935185111117433,0.20962726060868894,-0.07935185111117433,0.20962726060868894,0.9910117983818054,0.8191454410552979,0.07863862067461014,-0.17171521484851837,1.0,0.0,20.0,1.0,1.1402475833892822,0.019741447642445564,0.000654261932863429,0.0,0.0,0.0,0.0,12.149256944656372,12.069337129592896,12.088896989822388,528,8,d2000000c2000000,210,194,12.108838081359863,1,1,1,1,1,1779078387.2961237
12.151246690750162,2,sine_high_wl5m,2.0,0.9493119420118514,1.1318731307983398,1.1385982036590576,-0.042634349316358566,45.15480968351406,-0.5535093610842056,0.0,0.0,0.0,-0.029889389993214152,0.9995532123733251,1.095262713385465,-0.06556135787442167,0.0,0.0,0.0,0.016545060806883567,2.0,0.0,0.0,0.0,0.0,-0.07935185111117433,0.20962726060868894,-0.07935185111117433,0.20962726060868894,0.9910117983818054,0.8191454410552979,0.07863862067461014,-0.17171521484851837,1.0,0.0,20.0,1.0,1.1402475833892822,0.019741447642445564,0.000654261932863429,0.0,0.0,0.0,0.0,12.149256944656372,12.169067144393921,12.188962697982788,528,8,e4000000c6000000,228,198,12.108838081359863,1,1,1,1,1,1779078387.2961237
12.201246690750162,2,sine_high_wl5m,2.0,0.9331097453125147,1.1096618175506592,1.1059706211090088,-0.07427047938108444,45.15480968351406,-0.5535093610842056,0.0,0.0,0.0,-0.029889389993214152,0.9995532123733251,1.095262713385465,-0.06556135787442167,0.0,0.0,0.0,0.016545060806883567,2.0,0.0,0.0,0.0,0.0,-0.07875339591638517,0.21007236611482974,-0.07875339591638517,0.21007236611482974,0.9904733300209045,0.8192228078842163,0.07800313830375671,-0.17209607362747192,1.0,0.0,20.0,1.0,1.1401801109313965,0.010913746431469917,0.0006833543507930528,0.0,0.0,0.0,0.0,12.249293565750122,12.169067144393921,12.188962697982788,528,8,e4000000c6000000,228,198,12.208899736404419,1,1,1,1,1,1779078387.396134
12.251246690750163,2,sine_high_wl5m,2.0,0.9104935698817437,1.1096618175506592,1.1059706211090088,-0.07427047938108444,45.197476041970035,-0.5560593455730628,0.0,0.0,0.0,-0.029888170744511056,0.9995532488314702,1.188194268637277,-0.07112124105119305,0.0,0.0,0.0,-0.014755681217141822,2.0,0.0,0.0,0.0,0.0,-0.07875339591638517,0.21007236611482974,-0.07875339591638517,0.21007236611482974,0.9904733300209045,0.8192228078842163,0.07800313830375671,-0.17209607362747192,1.0,0.0,20.0,1.0,1.1401801109313965,0.010913746431469917,0.0006833543507930528,0.0,0.0,0.0,0.0,12.249293565750122,12.269146919250488,12.289055109024048,528,8,e6000000bb000000,230,187,12.208899736404419,1,1,1,1,1,1779078387.396134
12.301246690750164,2,sine_high_wl5m,2.0,0.8594334974561761,0.9736237525939941,0.9643883109092712,-0.10136829316616058,45.197476041970035,-0.5560593455730628,0.0,0.0,0.0,-0.029888170744511056,0.9995532488314702,1.188194268637277,-0.07112124105119305,0.0,0.0,0.0,-0.014755681217141822,2.0,0.0,0.0,0.0,0.0,-0.07796080869254403,0.21080980490226192,-0.07796080869254403,0.21080980490226192,0.989863395690918,0.8190738558769226,0.07717055082321167,-0.17266879975795746,1.0,0.0,20.0,1.0,1.1400015354156494,0.009042144753038883,0.0007013455406099008,0.0,0.0,0.0,0.0,12.349267482757568,12.269146919250488,12.289055109024048,528,8,e6000000bb000000,230,187,12.308976650238037,1,1,1,1,1,1779078387.4960623
12.351246690750164,2,sine_high_wl5m,2.0,0.8144596960871046,0.9736237525939941,0.9643883109092712,-0.10136829316616058,45.259814237536965,-0.5597801054111382,0.0,0.0,0.0,-0.029540714763354594,0.99956357785349,1.2878168978031876,-0.07618582535218044,0.0,0.0,0.0,0.04710629667622377,2.0,0.0,0.0,0.0,0.0,-0.07796080869254403,0.21080980490226192,-0.07796080869254403,0.21080980490226192,0.989863395690918,0.8190738558769226,0.07717055082321167,-0.17266879975795746,1.0,0.0,20.0,1.0,1.1400015354156494,0.009042144753038883,0.0007013455406099008,0.0,0.0,0.0,0.0,12.349267482757568,12.36922025680542,12.388899087905884,528,8,e1000000b0000000,225,176,12.308976650238037,1,1,1,1,1,1779078387.4960623
12.401246690750165,2,sine_high_wl5m,2.0,0.731761151479329,0.745189905166626,0.7604225873947144,-0.09027872234582901,45.259814237536965,-0.5597801054111382,0.0,0.0,0.0,-0.029540714763354594,0.99956357785349,1.2878168978031876,-0.07618582535218044,0.0,0.0,0.0,0.04710629667622377,2.0,0.0,0.0,0.0,0.0,-0.0771655172791943,0.2113642167340602,-0.0771655172791943,0.2113642167340602,0.9892124533653259,0.8192741870880127,0.07633309066295624,-0.1731652468442917,1.0,0.0,20.0,1.0,1.1400632858276367,-0.002189558930695057,0.0009733698584374943,0.0,0.0,0.0,0.0,12.44911527633667,12.36922025680542,12.388899087905884,528,8,e1000000b0000000,225,176,12.408951759338379,1,1,1,1,1,1779078387.59598
12.451246690750166,2,sine_high_wl5m,2.0,0.667359035050647,0.745189905166626,0.7604225873947144,-0.09027872234582901,45.33986794209166,-0.5643692328971229,0.0,0.0,0.0,-0.02795867899066907,0.9996090797252177,1.3743643390609457,-0.07694106797699216,0.0,0.0,0.0,0.0503096394353296,2.0,0.0,0.0,0.0,0.0,-0.0771655172791943,0.2113642167340602,-0.0771655172791943,0.2113642167340602,0.9892124533653259,0.8192741870880127,0.07633309066295624,-0.1731652468442917,1.0,0.0,20.0,1.0,1.1400632858276367,-0.002189558930695057,0.0009733698584374943,0.0,0.0,0.0,0.0,12.44911527633667,12.469108819961548,12.488932132720947,528,8,de000000ad000000,222,173,12.408951759338379,1,1,1,1,1,1779078387.59598
12.501246690750166,2,sine_high_wl5m,2.0,0.558131479566515,0.5417919158935547,0.5371366143226624,-0.10819511860609055,45.33986794209166,-0.5643692328971229,0.0,0.0,0.0,-0.02795867899066907,0.9996090797252177,1.3743643390609457,-0.07694106797699216,0.0,0.0,0.0,0.0503096394353296,2.0,2.0,4.5684537591042576e-05,1.9212292022805069,0.15706598111552808,1.9212292022805069,0.15706598111552808,-0.07877079771949314,0.15702029657793704,0.9892590045928955,0.819139301776886,0.09940671175718307,-0.12861323356628418,1.0,1.0,20.0,1.0,1.1400001049041748,-0.002259104512631893,-0.0017016448979080005,162.80301722617492,155.00841911176437,163.0,155.0,12.549278497695923,12.469108819961548,12.488932132720947,528,8,de000000ad000000,222,173,12.508897304534912,1,1,1,1,1,1779078387.6970391
12.551246690750167,2,sine_high_wl5m,2.0,0.4781487201018049,0.5417919158935547,0.5371366143226624,-0.10819511860609055,45.45397595567131,-0.5705679149035654,0.0,0.0,0.0,-0.026615938151022103,0.9996457331656755,1.4542510702570195,-0.07749488441561334,0.0,0.0,0.0,0.023502757845868673,2.0,2.0,4.5684537591042576e-05,1.9212292022805069,0.15706598111552808,1.9212292022805069,0.15706598111552808,-0.07877079771949314,0.15702029657793704,0.9892590045928955,0.819139301776886,0.09940671175718307,-0.12861323356628418,1.0,1.0,20.0,1.0,1.1400001049041748,-0.002259104512631893,-0.0017016448979080005,162.80301722617492,155.00841911176437,163.0,155.0,12.549278497695923,12.56914758682251,12.588941812515259,528,8,da000000a8000000,218,168,12.508897304534912,1,1,1,1,1,1779078387.6970391
12.601246690750168,2,sine_high_wl5m,2.0,0.3494037301510991,0.37170255184173584,0.3826587498188019,-0.09436047077178955,45.45397595567131,-0.5705679149035654,0.0,0.0,0.0,-0.026615938151022103,0.9996457331656755,1.4542510702570195,-0.07749488441561334,0.0,0.0,0.0,0.023502757845868673,2.0,2.0,0.23651198037892746,2.454811537542892,0.37533705669287337,2.454811537542892,0.37533705669287337,0.45481153754289183,0.13882507631394592,0.9323201179504395,0.9693995714187622,-0.2886701822280884,-0.12733960151672363,1.0,1.0,20.0,1.0,1.1411595344543457,-0.007042240351438522,0.0001339611680298829,212.3518376793453,193.72526116934486,212.0,194.0,12.649191856384277,12.56914758682251,12.588941812515259,528,8,da000000a8000000,218,168,12.608887434005737,1,1,1,1,1,1779078387.7971172
12.651246690750169,2,sine_high_wl5m,2.0,0.2590596471412682,0.37170255184173584,0.3826587498188019,-0.09436047077178955,45.64236604604894,-0.5802888330596724,0.0,0.0,0.0,-0.024776110609952964,0.9996930250547131,1.5475098937005063,-0.07675324379604195,0.0,0.0,0.0,0.0622509129533421,2.0,2.0,0.23651198037892746,2.454811537542892,0.37533705669287337,2.454811537542892,0.37533705669287337,0.45481153754289183,0.13882507631394592,0.9323201179504395,0.9693995714187622,-0.2886701822280884,-0.12733960151672363,1.0,1.0,20.0,1.0,1.1411595344543457,-0.007042240351438522,0.0001339611680298829,212.3518376793453,193.72526116934486,212.0,194.0,12.649191856384277,12.669253587722778,12.688965320587158,528,8,d5000000a3000000,213,163,12.608887434005737,1,1,1,1,1,1779078387.7971172
12.70124669075017,2,sine_high_wl5m,2.0,0.11873822049482761,0.2569449245929718,0.26326635479927063,-0.09949678182601929,45.64236604604894,-0.5802888330596724,0.0,0.0,0.0,-0.024776110609952964,0.9996930250547131,1.5475098937005063,-0.07675324379604195,0.0,0.0,0.0,0.0622509129533421,2.0,2.0,0.45796336608552607,2.48732650937846,0.6473380011388125,2.48732650937846,0.6473380011388125,0.4873265093784598,0.1893746350532864,0.9338937997817993,1.0042835474014282,-0.322898805141449,-0.19214753806591034,1.0,1.0,20.0,1.0,1.1411030292510986,0.1664029359817505,-0.04122654551777611,221.7903609722435,189.66539331707995,222.0,190.0,12.749139547348022,12.669253587722778,12.688965320587158,528,8,d5000000a3000000,213,163,12.708871841430664,1,1,1,1,1,1779078387.896976
12.75124669075017,2,sine_high_wl5m,2.0,0.023552700342354706,0.2569449245929718,0.26326635479927063,-0.09949678182601929,45.71505021402624,-0.5837936453317184,0.0,0.0,0.0,-0.023726529126780315,0.9997184862828116,1.5742370486763302,-0.07476551085321781,0.0,0.0,0.0,0.010490423423690637,2.0,2.0,0.45796336608552607,2.48732650937846,0.6473380011388125,2.48732650937846,0.6473380011388125,0.4873265093784598,0.1893746350532864,0.9338937997817993,1.0042835474014282,-0.322898805141449,-0.19214753806591034,1.0,1.0,20.0,1.0,1.1411030292510986,0.1664029359817505,-0.04122654551777611,221.7903609722435,189.66539331707995,222.0,190.0,12.749139547348022,12.769073247909546,12.788945436477661,528,8,d5000000a3000000,213,163,12.708871841430664,1,1,1,1,1,1779078387.896976
12.80124669075017,2,sine_high_wl5m,2.0,-0.11940108397067728,0.18952085077762604,0.1591615229845047,-0.10321120917797089,45.71505021402624,-0.5837936453317184,0.0,0.0,0.0,-0.023726529126780315,0.9997184862828116,1.5742370486763302,-0.07476551085321781,0.0,0.0,0.0,0.010490423423690637,2.0,2.0,0.6505723277466806,2.5198543419749275,0.9210492914881712,2.5198543419749275,0.9210492914881712,0.5198543419749275,0.27047696374149055,0.9306978583335876,0.9764542579650879,-0.3452230393886566,-0.2487901747226715,1.0,1.0,20.0,1.0,1.1410167217254639,0.46065711975097656,0.06441431691535564,231.2723870245094,185.56415014390652,231.0,186.0,12.849246740341187,12.769073247909546,12.788945436477661,528,8,d5000000a3000000,213,163,12.8088698387146,1,1,1,1,1,1779078387.9970167
12.851246690750171,2,sine_high_wl5m,2.0,-0.2133764272746407,0.18952085077762604,0.1591615229845047,-0.10321120917797089,45.85786316950891,-0.5905121411922457,0.0,0.0,0.0,-0.023043689518712655,0.9997344589306528,1.627479914736846,-0.07506608838889153,0.0,0.0,0.0,0.03840016364907858,2.0,2.0,0.6505723277466806,2.5198543419749275,0.9210492914881712,2.5198543419749275,0.9210492914881712,0.5198543419749275,0.27047696374149055,0.9306978583335876,0.9764542579650879,-0.3452230393886566,-0.2487901747226715,1.0,1.0,20.0,1.0,1.1410167217254639,0.46065711975097656,0.06441431691535564,231.2723870245094,185.56415014390652,231.0,186.0,12.849246740341187,12.869174242019653,12.888916254043579,528,8,d3000000a1000000,211,161,12.8088698387146,1,1,1,1,1,1779078387.9970167
12.901246690750172,2,sine_high_wl5m,2.0,-0.3500155402089902,0.13620994985103607,0.10135102272033691,-0.1019916981458664,45.85786316950891,-0.5905121411922457,0.0,0.0,0.0,-0.023043689518712655,0.9997344589306528,1.627479914736846,-0.07506608838889153,0.0,0.0,0.0,0.03840016364907858,2.0,2.0,0.8022817921013584,2.425232965919227,1.0,2.425232965919227,1.0,0.4252329659192271,0.19771820789864158,0.9570823311805725,0.924721360206604,-0.321147620677948,-0.2716335356235504,1.0,1.0,20.0,1.0,1.1408984661102295,0.7020424604415894,0.016514676856324417,225.405225525985,175.77895980599246,225.0,176.0,12.949158430099487,12.869174242019653,12.888916254043579,528,8,d3000000a1000000,211,161,12.90883994102478,1,1,1,1,1,1779078388.0969105
12.951246690750173,2,sine_high_wl5m,2.0,-0.4369049329473665,0.13620994985103607,0.10135102272033691,-0.1019916981458664,46.00266712048553,-0.5969157938965488,0.0,0.0,0.0,-0.02137727324381983,0.9997714799836306,1.6609399137171532,-0.07106145335942768,0.0,0.0,0.0,0.046119340129154224,2.0,2.0,0.8022817921013584,2.425232965919227,1.0,2.425232965919227,1.0,0.4252329659192271,0.19771820789864158,0.9570823311805725,0.924721360206604,-0.321147620677948,-0.2716335356235504,1.0,1.0,20.0,1.0,1.1408984661102295,0.7020424604415894,0.016514676856324417,225.405225525985,175.77895980599246,225.0,176.0,12.949158430099487,12.969144582748413,12.988957643508911,528,8,d0000000a2000000,208,162,12.90883994102478,1,1,1,1,1,1779078388.0969105
13.001246690750174,2,sine_high_wl5m,2.0,-0.5586591089066526,0.08561970293521881,0.07355798035860062,-0.10306756943464279,46.00266712048553,-0.5969157938965488,0.0,0.0,0.0,-0.02137727324381983,0.9997714799836306,1.6609399137171532,-0.07106145335942768,0.0,0.0,0.0,0.046119340129154224,2.0,2.0,0.9035998408741986,2.3431449609408186,1.0,2.3431449609408186,1.0,0.3431449609408186,0.09640015912580135,0.9793617725372314,0.8741163015365601,-0.29478660225868225,-0.28395718336105347,1.0,1.0,20.0,1.0,1.140838861465454,0.8646402359008789,0.047591730977521826,218.61569028018076,168.98942456018818,219.0,169.0,13.049219608306885,12.969144582748413,12.988957643508911,528,8,d0000000a2000000,208,162,13.008852005004883,1,1,1,1,1,1779078388.196918
13.051246690750174,2,sine_high_wl5m,2.0,-0.6329809471994334,0.08561970293521881,0.07355798035860062,-0.10306756943464279,46.16876697858381,-0.603790026570041,0.0,0.0,0.0,-0.020539184737361535,0.9997890486949357,1.687633624593841,-0.06936914118923661,0.0,0.0,0.0,0.005392158518258084,2.0,2.0,0.9035998408741986,2.3431449609408186,1.0,2.3431449609408186,1.0,0.3431449609408186,0.09640015912580135,0.9793617725372314,0.8741163015365601,-0.29478660225868225,-0.28395718336105347,1.0,1.0,20.0,1.0,1.140838861465454,0.8646402359008789,0.047591730977521826,218.61569028018076,168.98942456018818,219.0,169.0,13.049219608306885,13.069100379943848,13.088908195495605,528,8,c3000000a7000000,195,167,13.008852005004883,1,1,1,1,1,1779078388.196918
13.101246690750175,2,sine_high_wl5m,2.0,-0.7321990706977726,0.06022370979189873,0.0440533347427845,-0.10431034117937088,46.16876697858381,-0.603790026570041,0.0,0.0,0.0,-0.020539184737361535,0.9997890486949357,1.687633624593841,-0.06936914118923661,0.0,0.0,0.0,0.005392158518258084,2.0,2.0,0.9481388585467044,2.3339523993949642,1.0,2.3339523993949642,1.0,0.33395239939496424,0.05186114145329557,0.9823446869850159,0.8526413440704346,-0.2927457392215729,-0.2919647991657257,1.0,1.0,20.0,1.0,1.1416072845458984,0.9793179631233215,0.016005122141351805,217.85536944364415,168.2291037236516,218.0,168.0,13.149158954620361,13.069100379943848,13.088908195495605,528,8,c3000000a7000000,195,167,13.108870029449463,1,1,1,1,1,1779078388.2969096
13.151246690750176,2,sine_high_wl5m,2.0,-0.7892498501600907,0.06022370979189873,0.0440533347427845,-0.10431034117937088,46.258839045195465,-0.6074851762312229,0.0,0.0,0.0,-0.02029990690294702,0.9997939356586094,1.6943109920151218,-0.06883126473614921,0.0,0.0,0.0,0.040347845969282634,2.0,2.0,0.9481388585467044,2.3339523993949642,1.0,2.3339523993949642,1.0,0.33395239939496424,0.05186114145329557,0.9823446869850159,0.8526413440704346,-0.2927457392215729,-0.2919647991657257,1.0,1.0,20.0,1.0,1.1416072845458984,0.9793179631233215,0.016005122141351805,217.85536944364415,168.2291037236516,218.0,168.0,13.149158954620361,13.16904067993164,13.188896179199219,528,8,bb000000ac000000,187,172,13.108870029449463,1,1,1,1,1,1779078388.2969096
13.201246690750176,2,sine_high_wl5m,2.0,-0.8597290639905719,0.043765801936388016,0.025936951860785484,-0.10514027625322342,46.258839045195465,-0.6074851762312229,0.0,0.0,0.0,-0.02029990690294702,0.9997939356586094,1.6943109920151218,-0.06883126473614921,0.0,0.0,0.0,0.040347845969282634,2.0,2.0,0.9331097453125147,2.274714309150026,1.0,2.274714309150026,1.0,0.2747143091500259,0.06689025468748533,0.9973457455635071,0.8414649963378906,-0.26867663860321045,-0.28729599714279175,1.0,1.0,20.0,1.0,1.1408605575561523,1.0623981952667236,0.018873290868245178,212.95576076491045,163.3294950449179,213.0,163.0,13.249158382415771,13.16904067993164,13.188896179199219,528,8,bb000000ac000000,187,172,13.208885669708252,1,1,1,1,1,1779078388.3970025
13.251246690750177,2,sine_high_wl5m,2.0,-0.8959465624698347,0.043765801936388016,0.025936951860785484,-0.10514027625322342,46.4796755112837,-0.6159620479075452,0.0,0.0,0.0,-0.018692543521179272,0.9998252791446658,1.7011687395960995,-0.0636316966998091,0.0,0.0,0.0,0.019382666951758852,2.0,2.0,0.9331097453125147,2.274714309150026,1.0,2.274714309150026,1.0,0.2747143091500259,0.06689025468748533,0.9973457455635071,0.8414649963378906,-0.26867663860321045,-0.28729599714279175,1.0,1.0,20.0,1.0,1.1408605575561523,1.0623981952667236,0.018873290868245178,212.95576076491045,163.3294950449179,213.0,163.0,13.249158382415771,13.269267797470093,13.288925409317017,528,8,ab000000b3000000,171,179,13.208885669708252,1,1,1,1,1,1779078388.3970025
13.301246690750178,2,sine_high_wl5m,2.0,-0.933233019583387,0.03165281563997269,0.013204817660152912,-0.10581269860267639,46.4796755112837,-0.6159620479075452,0.0,0.0,0.0,-0.018692543521179272,0.9998252791446658,1.7011687395960995,-0.0636316966998091,0.0,0.0,0.0,0.019382666951758852,2.0,2.0,0.8594334974561761,2.262533219931804,1.0,2.262533219931804,1.0,0.2625332199318038,0.14056650254382386,0.998092770576477,0.8576453924179077,-0.25821805000305176,-0.2753038704395294,1.0,1.0,20.0,1.0,1.1410737037658691,1.1107629537582397,0.010490423423690637,211.94825748107309,162.32199176108054,212.0,162.0,13.349186182022095,13.269267797470093,13.288925409317017,528,8,ab000000b3000000,171,179,13.308860778808594,1,1,1,1,1,1779078388.4969711
13.351246690750179,2,sine_high_wl5m,2.0,-0.9463567444227543,0.03165281563997269,0.013204817660152912,-0.10581269860267639,46.65408605903924,-0.6223649763488758,0.0,0.0,0.0,-0.018117232598008397,0.9998358694720797,1.7012408415088354,-0.06167392144324643,0.0,0.0,0.0,0.01097263151478136,2.0,2.0,0.8594334974561761,2.262533219931804,1.0,2.262533219931804,1.0,0.2625332199318038,0.14056650254382386,0.998092770576477,0.8576453924179077,-0.25821805000305176,-0.2753038704395294,1.0,1.0,20.0,1.0,1.1410737037658691,1.1107629537582397,0.010490423423690637,211.94825748107309,162.32199176108054,212.0,162.0,13.349186182022095,13.369154453277588,13.388929605484009,528,8,90000000b7000000,144,183,13.308860778808594,1,1,1,1,1,1779078388.4969711
13.40124669075018,2,sine_high_wl5m,2.0,-0.9481053093413375,0.02440200373530388,0.0033074046950787306,-0.10386524349451065,46.65408605903924,-0.6223649763488758,0.0,0.0,0.0,-0.018117232598008397,0.9998358694720797,1.7012408415088354,-0.06167392144324643,0.0,0.0,0.0,0.01097263151478136,2.0,2.0,0.731761151479329,2.246597969307825,1.0,2.246597969307825,1.0,0.24659796930782507,0.26823884852067104,0.9977293014526367,0.8935433626174927,-0.24149662256240845,-0.24901679158210754,1.0,1.0,20.0,1.0,1.141061544418335,1.1432549953460693,0.03612892455918238,210.63024584477265,161.0039801247801,211.0,161.0,13.449206829071045,13.369154453277588,13.388929605484009,528,8,90000000b7000000,144,183,13.408881664276123,1,1,1,1,1,1779078388.5970275
13.45124669075018,2,sine_high_wl5m,2.0,-0.937295079941353,0.02440200373530388,0.0033074046950787306,-0.10386524349451065,46.77781701113168,-0.6268090258613375,0.0,0.0,0.0,-0.017889233265160464,0.99983997486257,1.6946232111414359,-0.060660142838047645,0.0,0.0,0.0,-0.00032944748284512875,2.0,2.0,0.731761151479329,2.246597969307825,1.0,2.246597969307825,1.0,0.24659796930782507,0.26823884852067104,0.9977293014526367,0.8935433626174927,-0.24149662256240845,-0.24901679158210754,1.0,1.0,20.0,1.0,1.141061544418335,1.1432549953460693,0.03612892455918238,210.63024584477265,161.0039801247801,211.0,161.0,13.449206829071045,13.469123840332031,13.48894715309143,528,8,82000000b3000000,130,179,13.408881664276123,1,1,1,1,1,1779078388.5970275
13.50124669075018,2,sine_high_wl5m,2.0,-0.9033984226541009,0.019741447642445564,-0.002268077339977026,-0.10425660014152527,46.77781701113168,-0.6268090258613375,0.0,0.0,0.0,-0.017889233265160464,0.99983997486257,1.6946232111414359,-0.060660142838047645,0.0,0.0,0.0,-0.00032944748284512875,2.0,2.0,0.558131479566515,2.2156152371701117,0.8104593609222941,2.2156152371701117,0.8104593609222941,0.21561523717011166,0.2523278813557791,1.0004236698150635,0.9345592856407166,-0.2165539264678955,-0.19929084181785583,1.0,1.0,20.0,1.0,1.141101598739624,1.171144723892212,0.03724178559960235,203.36455328863974,163.14448168825461,203.0,163.0,13.549400091171265,13.469123840332031,13.48894715309143,528,8,82000000b3000000,130,179,13.508908987045288,1,1,1,1,1,1779078388.6969845
13.551246690750181,2,sine_high_wl5m,2.0,-0.8693358358958841,0.019741447642445564,-0.002268077339977026,-0.10425660014152527,46.90865190090281,-0.6313893916415413,0.0,0.0,0.0,-0.017277679645118393,0.9998507297522369,1.681404413995485,-0.05812756508129759,0.0,0.0,0.0,0.006246240391719808,2.0,2.0,0.558131479566515,2.2156152371701117,0.8104593609222941,2.2156152371701117,0.8104593609222941,0.21561523717011166,0.2523278813557791,1.0004236698150635,0.9345592856407166,-0.2165539264678955,-0.19929084181785583,1.0,1.0,20.0,1.0,1.141101598739624,1.171144723892212,0.03724178559960235,203.36455328863974,163.14448168825461,203.0,163.0,13.549400091171265,13.569142580032349,13.58895993232727,528,8,7d000000ae000000,125,174,13.508908987045288,1,1,1,1,1,1779078388.6969845
13.601246690750182,2,sine_high_wl5m,2.0,-0.8019339546130186,0.010913746431469917,0.0008491269545629621,-0.10250488668680191,46.90865190090281,-0.6313893916415413,0.0,0.0,0.0,-0.017277679645118393,0.9998507297522369,1.681404413995485,-0.05812756508129759,0.0,0.0,0.0,0.006246240391719808,2.0,2.0,0.3494037301510991,2.1614885084733957,0.5290630997003658,2.1614885084733957,0.5290630997003658,0.1614885084733957,0.1796593695492667,1.00620436668396,0.908190131187439,-0.1748991757631302,-0.13108615577220917,1.0,1.0,20.0,1.0,1.1411595344543457,1.2076541185379028,0.003214448779411891,191.90538477120526,165.64995880283195,192.0,166.0,13.649200677871704,13.569142580032349,13.58895993232727,528,8,7d000000ae000000,125,174,13.608874320983887,1,1,1,1,1,1779078388.7970932
13.651246690750183,2,sine_high_wl5m,2.0,-0.746770192082226,0.010913746431469917,0.0008491269545629621,-0.10250488668680191,47.026155932516005,-0.6353874232215789,0.0,0.0,0.0,-0.01688474824267013,0.9998574424770672,1.6615114442640506,-0.05613241231131539,0.0,0.0,0.0,-0.005885780669742942,2.0,2.0,0.3494037301510991,2.1614885084733957,0.5290630997003658,2.1614885084733957,0.5290630997003658,0.1614885084733957,0.1796593695492667,1.00620436668396,0.908190131187439,-0.1748991757631302,-0.13108615577220917,1.0,1.0,20.0,1.0,1.1411595344543457,1.2076541185379028,0.003214448779411891,191.90538477120526,165.64995880283195,192.0,166.0,13.649200677871704,13.669354677200317,13.68889570236206,528,8,7b000000ac000000,123,172,13.608874320983887,1,1,1,1,1,1779078388.7970932
13.701246690750184,2,sine_high_wl5m,2.0,-0.6500587436348849,0.009042144753038883,-0.0016722287982702255,-0.10245723277330399,47.026155932516005,-0.6353874232215789,0.0,0.0,0.0,-0.01688474824267013,0.9998574424770672,1.6615114442640506,-0.05613241231131539,0.0,0.0,0.0,-0.005885780669742942,2.0,2.0,0.11873822049482761,2.1583465415946272,0.22446438173661368,2.1583465415946272,0.22446438173661368,0.15834654159462724,0.10572616124178606,0.9846289753913879,0.8382287621498108,-0.1251705437898636,-0.06941428035497665,1.0,1.0,20.0,1.0,1.1399157047271729,1.226933479309082,0.028327295882504114,184.0874628413708,172.94813378863574,184.0,173.0,13.749337434768677,13.669354677200317,13.68889570236206,528,8,7b000000ac000000,123,172,13.708862781524658,1,1,1,1,1,1779078388.8969681
13.751246690750184,2,sine_high_wl5m,2.0,-0.577258346417808,0.009042144753038883,-0.0016722287982702255,-0.10245723277330399,47.06764918374761,-0.636784322418811,0.0,0.0,0.0,-0.016753734829665662,0.999859646335053,1.6615260974883328,-0.055696988226387155,0.0,0.0,0.0,0.0178944334320206,2.0,2.0,0.11873822049482761,2.1583465415946272,0.22446438173661368,2.1583465415946272,0.22446438173661368,0.15834654159462724,0.10572616124178606,0.9846289753913879,0.8382287621498108,-0.1251705437898636,-0.06941428035497665,1.0,1.0,20.0,1.0,1.1399157047271729,1.226933479309082,0.028327295882504114,184.0874628413708,172.94813378863574,184.0,173.0,13.749337434768677,13.769156455993652,13.789096117019653,528,8,7a000000ac000000,122,172,13.708862781524658,1,1,1,1,1,1779078388.8969681
13.801246690750185,2,sine_high_wl5m,2.0,-0.45737815334280524,-0.002189558930695057,0.007463880814611912,-0.10078321397304535,47.06764918374761,-0.636784322418811,0.0,0.0,0.0,-0.016753734829665662,0.999859646335053,1.6615260974883328,-0.055696988226387155,0.0,0.0,0.0,0.0178944334320206,2.0,2.0,-0.11940108397067728,2.0959012204882574,-0.24816444661392129,2.0959012204882574,-0.24816444661392129,0.09590122048825744,-0.128763362643244,0.9772862792015076,0.6850591897964478,-0.048295505344867706,0.05060625076293945,1.0,1.0,20.0,1.0,1.1397705078125,1.2096340656280518,-0.0012295269677330672,167.1951807663863,179.51065553630366,167.0,180.0,13.849735260009766,13.769156455993652,13.789096117019653,528,8,7a000000ac000000,122,172,13.808900833129883,1,1,1,1,1,1779078388.9973707
13.851246690750186,2,sine_high_wl5m,2.0,-0.37144198802174316,-0.002189558930695057,0.007463880814611912,-0.10078321397304535,47.25368442996106,-0.6428359228474121,0.0,0.0,0.0,-0.015872350566646706,0.9998740263090593,1.6549752224072412,-0.05255655688282921,0.0,0.0,0.0,0.016574946437702857,2.0,2.0,-0.11940108397067728,2.0959012204882574,-0.24816444661392129,2.0959012204882574,-0.24816444661392129,0.09590122048825744,-0.128763362643244,0.9772862792015076,0.6850591897964478,-0.048295505344867706,0.05060625076293945,1.0,1.0,20.0,1.0,1.1397705078125,1.2096340656280518,-0.0012295269677330672,167.1951807663863,179.51065553630366,167.0,180.0,13.849735260009766,13.869105577468872,13.888922214508057,528,8,7b000000ac000000,123,172,13.808900833129883,1,1,1,1,1,1779078388.9973707
13.901246690750186,2,sine_high_wl5m,2.0,-0.23593691293360528,-0.002259104512631893,0.007017035037279129,-0.10125774890184402,47.25368442996106,-0.6428359228474121,0.0,0.0,0.0,-0.015872350566646706,0.9998740263090593,1.6549752224072412,-0.05255655688282921,0.0,0.0,0.0,0.016574946437702857,2.0,2.0,-0.3500155402089902,1.9412864381501063,-1.0,1.9412864381501063,-1.0,-0.058713561849893736,-0.6499844597910098,1.018476963043213,0.4777243137359619,0.022844484075903893,0.18736153841018677,1.0,1.0,20.0,1.0,1.1399385929107666,1.2151539325714111,-0.015706405889541492,135.75152817042888,185.37779389042146,136.0,185.0,13.949253797531128,13.869105577468872,13.888922214508057,528,8,7b000000ac000000,123,172,13.908872127532959,1,1,1,1,1,1779078389.0969307
13.951246690750187,2,sine_high_wl5m,2.0,-0.1423590277619937,-0.002259104512631893,0.007017035037279129,-0.10125774890184402,47.35210268493595,-0.6458960296929225,0.0,0.0,0.0,-0.015412921645210286,0.9998812138681067,1.6417294655002905,-0.05062573684956306,0.0,0.0,0.0,0.00800231140493626,2.0,2.0,-0.3500155402089902,1.9412864381501063,-1.0,1.9412864381501063,-1.0,-0.058713561849893736,-0.6499844597910098,1.018476963043213,0.4777243137359619,0.022844484075903893,0.18736153841018677,1.0,1.0,20.0,1.0,1.1399385929107666,1.2151539325714111,-0.015706405889541492,135.75152817042888,185.37779389042146,136.0,185.0,13.949253797531128,13.969408750534058,13.989054679870605,528,8,7b000000ad000000,123,173,13.908872127532959,1,1,1,1,1,1779078389.0969307
14.001246690750188,2,s2_stop,0.0,0.0,-0.007042240351438522,0.013279031030833721,-0.0994502454996109,47.35210268493595,-0.6458960296929225,0.0,0.0,0.0,-0.015412921645210286,0.9998812138681067,1.6417294655002905,-0.05062573684956306,0.0,0.0,0.0,0.00800231140493626,2.0,2.0,-0.5586591089066526,1.8542435581097763,-1.0,1.8542435581097763,-1.0,-0.14575644189022374,-0.4413408910933474,1.0550349950790405,0.40342748165130615,0.043708156794309616,0.24222731590270996,1.0,1.0,20.0,1.0,1.140056848526001,1.2053524255752563,0.006535531153776093,128.5521730139041,178.1784387338967,129.0,178.0,14.050670146942139,13.969408750534058,13.989054679870605,528,8,7b000000ad000000,123,173,14.01003098487854,1,1,1,1,1,1779078389.196899
14.051246690750189,2,s2_stop,0.0,0.0,-0.007042240351438522,0.013279031030833721,-0.0994502454996109,47.538994220386684,-0.6515366120503918,0.0,0.0,0.0,-0.014921436493240193,0.9998886691692122,1.6351315652051808,-0.04881332750660435,0.0,0.0,0.0,0.013450262014905026,2.0,2.0,-0.5586591089066526,1.8542435581097763,-1.0,1.8542435581097763,-1.0,-0.14575644189022374,-0.4413408910933474,1.0550349950790405,0.40342748165130615,0.043708156794309616,0.24222731590270996,1.0,1.0,20.0,1.0,1.140056848526001,1.2053524255752563,0.006535531153776093,128.5521730139041,178.1784387338967,129.0,178.0,14.050670146942139,14.070518016815186,14.090353965759277,528,8,7d000000af000000,125,175,14.01003098487854,1,1,1,1,1,1779078389.196899
14.10124669075019,2,s2_stop,0.0,0.0,0.1664029359817505,0.15395793318748474,-0.10547787696123123,47.538994220386684,-0.6515366120503918,0.0,0.0,0.0,-0.014921436493240193,0.9998886691692122,1.6351315652051808,-0.04881332750660435,0.0,0.0,0.0,0.013450262014905026,2.0,2.0,-0.7321990706977726,1.7998973581251276,-1.0,1.7998973581251276,-1.0,-0.20010264187487237,-0.26780092930222743,1.0782747268676758,0.37458252906799316,0.05921616777777672,0.26588526368141174,1.0,1.0,20.0,1.0,1.1399993896484375,1.1909799575805664,0.0178944334320206,124.05717474505407,173.68344046504663,124.0,174.0,14.15081000328064,14.070518016815186,14.090353965759277,528,8,7d000000af000000,125,175,14.110445261001587,1,1,1,1,1,1779078389.2969754
14.15124669075019,2,s2_stop,0.0,0.0,0.1664029359817505,0.15395793318748474,-0.10547787696123123,47.59964113460247,-0.653334396676553,0.0,0.0,0.0,-0.014714289642122682,0.9998917389799397,1.6285046921948156,-0.04794015015963601,0.0,0.0,0.0,0.02718544925361363,2.0,2.0,-0.7321990706977726,1.7998973581251276,-1.0,1.7998973581251276,-1.0,-0.20010264187487237,-0.26780092930222743,1.0782747268676758,0.37458252906799316,0.05921616777777672,0.26588526368141174,1.0,1.0,20.0,1.0,1.1399993896484375,1.1909799575805664,0.0178944334320206,124.05717474505407,173.68344046504663,124.0,174.0,14.15081000328064,14.170587539672852,14.190215110778809,528,8,80000000b2000000,128,178,14.110445261001587,1,1,1,1,1,1779078389.2969754
14.20124669075019,2,s2_stop,0.0,0.0,0.46065711975097656,0.4374347925186157,-0.09301496297121048,47.59964113460247,-0.653334396676553,0.0,0.0,0.0,-0.014714289642122682,0.9998917389799397,1.6285046921948156,-0.04794015015963601,0.0,0.0,0.0,0.02718544925361363,2.0,2.0,-0.8597290639905719,1.7865236978435877,-1.0,1.7865236978435877,-1.0,-0.21347630215641233,-0.14027093600942808,1.087493896484375,0.3594539165496826,0.05716638267040253,0.27290573716163635,1.0,1.0,20.0,1.0,1.1392548084259033,1.1801799535751343,0.024271792732044575,122.95103338041972,172.5772991004123,123.0,173.0,14.250655889511108,14.170587539672852,14.190215110778809,528,8,80000000b2000000,128,178,14.210206270217896,1,1,1,1,1,1779078389.3969371
14.251246690750191,2,s2_stop,0.0,0.0,0.46065711975097656,0.4374347925186157,-0.09301496297121048,47.96473067730005,-0.6634650206398695,0.0,0.0,0.0,-0.013228458279313664,0.9999125001176615,1.6086974456609575,-0.042572349640654365,0.0,0.0,0.0,0.025193299429249673,2.0,2.0,-0.8597290639905719,1.7865236978435877,-1.0,1.7865236978435877,-1.0,-0.21347630215641233,-0.14027093600942808,1.087493896484375,0.3594539165496826,0.05716638267040253,0.27290573716163635,1.0,1.0,20.0,1.0,1.1392548084259033,1.1801799535751343,0.024271792732044575,122.95103338041972,172.5772991004123,123.0,173.0,14.250655889511108,14.270451545715332,14.290257453918457,528,8,83000000b5000000,131,181,14.210206270217896,1,1,1,1,1,1779078389.3969371
14.301246690750192,2,s2_stop,0.0,0.0,0.7020424604415894,0.6813564896583557,-0.08754635602235794,47.96473067730005,-0.6634650206398695,0.0,0.0,0.0,-0.013228458279313664,0.9999125001176615,1.6086974456609575,-0.042572349640654365,0.0,0.0,0.0,0.025193299429249673,2.0,2.0,-0.933233019583387,1.7787369939656736,-1.0,1.7787369939656736,-1.0,-0.22126300603432636,-0.066766980416613,1.0926992893218994,0.351310670375824,0.056375350803136826,0.27704694867134094,1.0,1.0,20.0,1.0,1.1391894817352295,1.1757197380065918,0.008886889824512875,122.30699165420596,171.93325737419852,122.0,172.0,14.350478172302246,14.270451545715332,14.290257453918457,528,8,83000000b5000000,131,181,14.310120582580566,1,1,1,1,1,1779078389.496912
14.351246690750193,2,s2_stop,0.0,0.0,0.7020424604415894,0.6813564896583557,-0.08754635602235794,48.53818171744958,-0.6773018206995636,0.0,0.0,0.0,-0.011381354116972357,0.9999352302916745,1.602195634952905,-0.0364773998168094,0.0,0.0,0.0,-0.007543348721279889,2.0,2.0,-0.933233019583387,1.7787369939656736,-1.0,1.7787369939656736,-1.0,-0.22126300603432636,-0.066766980416613,1.0926992893218994,0.351310670375824,0.056375350803136826,0.27704694867134094,1.0,1.0,20.0,1.0,1.1391894817352295,1.1757197380065918,0.008886889824512875,122.30699165420596,171.93325737419852,122.0,172.0,14.350478172302246,14.370401620864868,14.390188455581665,528,8,87000000b9000000,135,185,14.310120582580566,1,1,1,1,1,1779078389.496912
14.401246690750193,2,s2_stop,0.0,0.0,0.8646402359008789,0.8433108329772949,-0.080905981361866,48.53818171744958,-0.6773018206995636,0.0,0.0,0.0,-0.011381354116972357,0.9999352302916745,1.602195634952905,-0.0364773998168094,0.0,0.0,0.0,-0.007543348721279889,2.0,2.0,-0.9481053093413375,1.784319779518106,-1.0,1.784319779518106,-1.0,-0.21568022048189395,-0.05189469065866248,1.0906734466552734,0.35093963146209717,0.05388979613780975,0.2759854197502136,1.0,1.0,20.0,1.0,1.140014410018921,1.1591565608978271,0.021669306426063788,122.76874631967719,172.39501203966975,123.0,172.0,14.450469732284546,14.370401620864868,14.390188455581665,528,8,87000000b9000000,135,185,14.410136938095093,1,1,1,1,1,1779078389.5969448
14.451246690750194,2,s2_stop,0.0,0.0,0.8646402359008789,0.8433108329772949,-0.080905981361866,48.871843104238636,-0.6840387916728374,0.0,0.0,0.0,-0.009182705393781385,0.9999578380720114,1.569096973158429,-0.0288207559447208,0.0,0.0,0.0,0.014520250026702798,2.0,2.0,-0.9481053093413375,1.784319779518106,-1.0,1.784319779518106,-1.0,-0.21568022048189395,-0.05189469065866248,1.0906734466552734,0.35093963146209717,0.05388979613780975,0.2759854197502136,1.0,1.0,20.0,1.0,1.140014410018921,1.1591565608978271,0.021669306426063788,122.76874631967719,172.39501203966975,123.0,172.0,14.450469732284546,14.470322370529175,14.490223169326782,528,8,a7000000b2000000,167,178,14.410136938095093,1,1,1,1,1,1779078389.5969448
14.501246690750195,2,s2_stop,0.0,0.0,0.9793179631233215,0.9537006616592407,-0.07750165462493896,48.871843104238636,-0.6840387916728374,0.0,0.0,0.0,-0.009182705393781385,0.9999578380720114,1.569096973158429,-0.0288207559447208,0.0,0.0,0.0,0.014520250026702798,2.0,2.0,-0.9033984226541009,1.797783800973056,-1.0,1.797783800973056,-1.0,-0.202216199026944,-0.09660157734589914,1.0837496519088745,0.3563767075538635,0.05165243148803711,0.2712937891483307,1.0,1.0,20.0,1.0,1.1400094032287598,1.1569886207580566,0.01524478171556998,123.88236149698226,173.50862721697482,124.0,174.0,14.550418615341187,14.470322370529175,14.490223169326782,528,8,a7000000b2000000,167,178,14.51010012626648,1,1,1,1,1,1779078389.697087
14.551246690750196,2,s2_stop,0.0,0.0,0.9793179631233215,0.9537006616592407,-0.07750165462493896,49.01145663010471,-0.686678748326686,0.0,0.0,0.0,-0.009692009920280673,0.9999530313688264,1.4161492734958259,-0.027454534180878558,0.0,0.0,0.0,-0.004374465334310021,2.0,2.0,-0.9033984226541009,1.797783800973056,-1.0,1.797783800973056,-1.0,-0.202216199026944,-0.09660157734589914,1.0837496519088745,0.3563767075538635,0.05165243148803711,0.2712937891483307,1.0,1.0,20.0,1.0,1.1400094032287598,1.1569886207580566,0.01524478171556998,123.88236149698226,173.50862721697482,124.0,174.0,14.550418615341187,14.570301294326782,14.590104818344116,528,8,0000000000000000,0,0,14.51010012626648,1,1,1,1,1,1779078389.697087
14.601246690750196,2,s2_stop,0.0,0.0,1.0623981952667236,1.024276852607727,-0.08762580156326294,49.01145663010471,-0.686678748326686,0.0,0.0,0.0,-0.009692009920280673,0.9999530313688264,1.4161492734958259,-0.027454534180878558,0.0,0.0,0.0,-0.004374465334310021,2.0,2.0,-0.8019339546130186,1.8172662897334824,-1.0,1.8172662897334824,-1.0,-0.18273371026651763,-0.19806604538698136,1.073089599609375,0.3697941303253174,0.049910444766283035,0.26259422302246094,1.0,1.0,20.0,1.0,1.1399550437927246,1.1601279973983765,0.009462899713661575,125.49376677050174,175.12003249049428,125.0,175.0,14.650461673736572,14.570301294326782,14.590104818344116,528,8,0000000000000000,0,0,14.610097408294678,1,1,1,1,1,1779078389.7969573
14.651246690750197,2,s2_stop,0.0,0.0,1.0623981952667236,1.024276852607727,-0.08762580156326294,49.08067900847565,-0.6879995525136825,0.0,0.0,0.0,-0.00923879782644539,0.9999573213966294,1.303145640081393,-0.024082081626948297,0.0,0.0,0.0,0.03885913757525411,2.0,2.0,-0.8019339546130186,1.8172662897334824,-1.0,1.8172662897334824,-1.0,-0.18273371026651763,-0.19806604538698136,1.073089599609375,0.3697941303253174,0.049910444766283035,0.26259422302246094,1.0,1.0,20.0,1.0,1.1399550437927246,1.1601279973983765,0.009462899713661575,125.49376677050174,175.12003249049428,125.0,175.0,14.650461673736572,14.670300245285034,14.69017767906189,528,8,0000000000000000,0,0,14.610097408294678,1,1,1,1,1,1779078389.7969573
14.701246690750198,2,s2_stop,0.0,0.0,1.1107629537582397,1.0674748420715332,-0.07421904057264328,49.08067900847565,-0.6879995525136825,0.0,0.0,0.0,-0.00923879782644539,0.9999573213966294,1.303145640081393,-0.024082081626948297,0.0,0.0,0.0,0.03885913757525411,2.0,2.0,-0.6500587436348849,1.8526726574413277,-1.0,1.8526726574413277,-1.0,-0.1473273425586723,-0.3499412563651151,1.0559121370315552,0.39319485425949097,0.04374045506119728,0.2452453225851059,1.0,1.0,20.0,1.0,1.139848232269287,1.1496047973632812,0.01657900162017175,128.4222431239172,178.04850884390981,128.0,178.0,14.750434637069702,14.670300245285034,14.69017767906189,528,8,0000000000000000,0,0,14.710159540176392,1,1,1,1,1,1779078389.8968976
14.751246690750198,2,s2_stop,0.0,0.0,1.1107629537582397,1.0674748420715332,-0.07421904057264328,49.119164605233976,-0.688687266938267,0.0,0.0,0.0,-0.008745654398718447,0.9999617560332686,1.2100852762164669,-0.02116840395970643,0.0,0.0,0.0,0.016122468150764867,2.0,2.0,-0.6500587436348849,1.8526726574413277,-1.0,1.8526726574413277,-1.0,-0.1473273425586723,-0.3499412563651151,1.0559121370315552,0.39319485425949097,0.04374045506119728,0.2452453225851059,1.0,1.0,20.0,1.0,1.139848232269287,1.1496047973632812,0.01657900162017175,128.4222431239172,178.04850884390981,128.0,178.0,14.750434637069702,14.770305156707764,14.7901930809021,528,8,0000000000000000,0,0,14.710159540176392,1,1,1,1,1,1779078389.8968976
14.8012466907502,2,s2_stop,0.0,0.0,1.1432549953460693,1.1097123622894287,-0.06433569639921188,49.119164605233976,-0.688687266938267,0.0,0.0,0.0,-0.008745654398718447,0.9999617560332686,1.2100852762164669,-0.02116840395970643,0.0,0.0,0.0,0.016122468150764867,2.0,2.0,-0.45737815334280524,1.896046063633956,-1.0,1.896046063633956,-1.0,-0.103953936366044,-0.5426218466571948,1.0388641357421875,0.42489707469940186,0.030265744775533676,0.2156108170747757,1.0,1.0,20.0,1.0,1.1397967338562012,1.143110990524292,0.0002563252143164391,132.00967675874477,181.63594247873735,132.0,182.0,14.850590467453003,14.770305156707764,14.7901930809021,528,8,0000000000000000,0,0,14.810122013092041,1,1,1,1,1,1779078389.9970405
14.8512466907502,2,s2_stop,0.0,0.0,1.1432549953460693,1.1097123622894287,-0.06433569639921188,49.15709539515893,-0.6893473100395368,0.0,0.0,0.0,-0.008593870654811505,0.9999630720117461,1.1037099635067233,-0.018972383195311516,0.0,0.0,0.0,0.029517248501753725,2.0,2.0,-0.45737815334280524,1.896046063633956,-1.0,1.896046063633956,-1.0,-0.103953936366044,-0.5426218466571948,1.0388641357421875,0.42489707469940186,0.030265744775533676,0.2156108170747757,1.0,1.0,20.0,1.0,1.1397967338562012,1.143110990524292,0.0002563252143164391,132.00967675874477,181.63594247873735,132.0,182.0,14.850590467453003,14.87043833732605,14.890244007110596,528,8,0000000000000000,0,0,14.810122013092041,1,1,1,1,1,1779078389.9970405
14.9012466907502,2,s2_stop,0.0,0.0,1.171144723892212,1.1390303373336792,-0.05888796225190163,49.15709539515893,-0.6893473100395368,0.0,0.0,0.0,-0.008593870654811505,0.9999630720117461,1.1037099635067233,-0.018972383195311516,0.0,0.0,0.0,0.029517248501753725,2.0,2.0,-0.23593691293360528,1.9444380754520472,-0.8816791494114131,1.9444380754520472,-0.8816791494114131,-0.055561924547952835,-0.6457422364778078,1.0215461254119873,0.46440809965133667,0.013666817918419838,0.17352202534675598,1.0,1.0,20.0,1.0,1.1400418281555176,1.1417734622955322,-0.0010664634050176498,138.94811247318987,182.70255622165766,139.0,183.0,14.950516939163208,14.87043833732605,14.890244007110596,528,8,0000000000000000,0,0,14.91013503074646,1,1,1,1,1,1779078390.0973601
14.951246690750201,2,s2_stop,0.0,0.0,1.171144723892212,1.1390303373336792,-0.05888796225190163,49.165682485011345,-0.6894927342085747,0.0,0.0,0.0,-0.008466694421005352,0.9999641569004267,1.0837681014753902,-0.018353840276004722,0.0,0.0,0.0,0.03135331924677596,2.0,2.0,-0.23593691293360528,1.9444380754520472,-0.8816791494114131,1.9444380754520472,-0.8816791494114131,-0.055561924547952835,-0.6457422364778078,1.0215461254119873,0.46440809965133667,0.013666817918419838,0.17352202534675598,1.0,1.0,20.0,1.0,1.1400418281555176,1.1417734622955322,-0.0010664634050176498,138.94811247318987,182.70255622165766,139.0,183.0,14.950516939163208,14.970525026321411,14.99018907546997,528,8,0000000000000000,0,0,14.91013503074646,1,1,1,1,1,1779078390.0973601
15.001246690750202,2,s2_stop,0.0,0.0,1.2076541185379028,1.172879695892334,-0.09772788733243942,49.165682485011345,-0.6894927342085747,0.0,0.0,0.0,-0.008466694421005352,0.9999641569004267,1.0837681014753902,-0.018353840276004722,0.0,0.0,0.0,0.03135331924677596,2.0,0.0,0.0,0.0,0.0,0.04477646665689965,-0.09995353519465482,0.04477646665689965,-0.09995353519465482,0.9349247217178345,0.6639086008071899,-0.04186262562870979,0.06636001169681549,1.0,0.0,20.0,1.0,1.1399962902069092,1.1557313203811646,5.133589355367247e-05,0.0,0.0,0.0,0.0,15.050486326217651,14.970525026321411,14.99018907546997,528,8,0000000000000000,0,0,15.010203838348389,1,1,1,1,1,1779078390.1981947
15.051246690750203,2,s2_stop,0.0,0.0,1.2076541185379028,1.172879695892334,-0.09772788733243942,49.17627660141844,-0.6896694989809738,0.0,0.0,0.0,-0.008341720771778366,0.9999652072420149,1.0638259192876462,-0.017750130286405645,0.0,0.0,0.0,0.022393443721730116,2.0,0.0,0.0,0.0,0.0,0.04477646665689965,-0.09995353519465482,0.04477646665689965,-0.09995353519465482,0.9349247217178345,0.6639086008071899,-0.04186262562870979,0.06636001169681549,1.0,0.0,20.0,1.0,1.1399962902069092,1.1557313203811646,5.133589355367247e-05,0.0,0.0,0.0,0.0,15.050486326217651,15.070502042770386,15.09022045135498,528,8,0000000000000000,0,0,15.010203838348389,1,1,1,1,1,1779078390.1981947
15.101246690750203,2,s2_stop,0.0,0.0,1.226933479309082,1.187965989112854,-0.10039112716913223,49.17627660141844,-0.6896694989809738,0.0,0.0,0.0,-0.008341720771778366,0.9999652072420149,1.0638259192876462,-0.017750130286405645,0.0,0.0,0.0,0.022393443721730116,2.0,0.0,0.0,0.0,0.0,-0.0834114350999278,-0.032735175879230693,-0.0834114350999278,-0.032735175879230693,1.0060123205184937,0.6304062604904175,0.0839129313826561,0.020636459812521935,1.0,0.0,20.0,1.0,1.1412384510040283,1.1607869863510132,0.03545469690692103,0.0,0.0,0.0,0.0,15.150474309921265,15.070502042770386,15.09022045135498,528,8,0000000000000000,0,0,15.110236883163452,1,1,1,1,1,1779078390.298328
15.151246690750204,2,s2_stop,0.0,0.0,1.226933479309082,1.187965989112854,-0.10039112716913223,49.184744365209944,-0.6898090349048736,0.0,0.0,0.0,-0.008238403975734809,0.9999660637741326,1.0505316949180354,-0.017311171431504915,0.0,0.0,0.0,0.02567601214926616,2.0,0.0,0.0,0.0,0.0,-0.0834114350999278,-0.032735175879230693,-0.0834114350999278,-0.032735175879230693,1.0060123205184937,0.6304062604904175,0.0839129313826561,0.020636459812521935,1.0,0.0,20.0,1.0,1.1412384510040283,1.1607869863510132,0.03545469690692103,0.0,0.0,0.0,0.0,15.150474309921265,15.170411586761475,15.19028115272522,528,8,0000000000000000,0,0,15.110236883163452,1,1,1,1,1,1779078390.298328
15.201246690750205,2,s2_stop,0.0,0.0,1.2096340656280518,1.1922118663787842,-0.05080791562795639,49.184744365209944,-0.6898090349048736,0.0,0.0,0.0,-0.008238403975734809,0.9999660637741326,1.0505316949180354,-0.017311171431504915,0.0,0.0,0.0,0.02567601214926616,2.0,0.0,0.0,0.0,0.0,-0.07590421446027916,-0.018210790607602372,-0.07590421446027916,-0.018210790607602372,1.000049352645874,0.6298418641090393,0.07590796053409576,0.011469918303191662,1.0,0.0,20.0,1.0,1.1405305862426758,1.1509597301483154,0.011689747928799902,0.0,0.0,0.0,0.0,15.250575542449951,15.170411586761475,15.19028115272522,528,8,0000000000000000,0,0,15.210211515426636,1,1,1,1,1,1779078390.3983245
15.251246690750206,2,s2_stop,0.0,0.0,1.2096340656280518,1.1922118663787842,-0.05080791562795639,49.1868639394776,-0.6898438504896919,0.0,0.0,0.0,-0.008212041311835576,0.9999662806202481,1.0372347251343177,-0.017037352311976662,0.0,0.0,0.0,0.02555653646208432,2.0,0.0,0.0,0.0,0.0,-0.07590421446027916,-0.018210790607602372,-0.07590421446027916,-0.018210790607602372,1.000049352645874,0.6298418641090393,0.07590796053409576,0.011469918303191662,1.0,0.0,20.0,1.0,1.1405305862426758,1.1509597301483154,0.011689747928799902,0.0,0.0,0.0,0.0,15.250575542449951,15.27053713798523,15.290245056152344,528,8,0000000000000000,0,0,15.210211515426636,1,1,1,1,1,1779078390.3983245
15.301246690750206,2,s2_stop,0.0,0.0,1.2151539325714111,1.1900752782821655,-0.07509644329547882,49.1868639394776,-0.6898438504896919,0.0,0.0,0.0,-0.008212041311835576,0.9999662806202481,1.0372347251343177,-0.017037352311976662,0.0,0.0,0.0,0.02555653646208432,2.0,0.0,0.0,0.0,0.0,-0.07167744161958348,-0.015921031514628602,-0.07167744161958348,-0.015921031514628602,0.9925945401191711,0.6363842487335205,0.0711466372013092,0.010131893679499626,1.0,0.0,20.0,1.0,1.1414871215820312,1.1155816316604614,-0.018254853510765175,0.0,0.0,0.0,0.0,15.350727081298828,15.27053713798523,15.290245056152344,528,8,0000000000000000,0,0,15.310353994369507,1,1,1,1,1,1779078390.4982138
15.351246690750207,2,s2_stop,0.0,0.0,1.2151539325714111,1.1900752782821655,-0.07509644329547882,49.19400780543576,-0.6899600016099572,0.0,0.0,0.0,-0.008128624520767895,0.9999669621859516,1.0239396358471624,-0.01664809173131537,0.0,0.0,0.0,0.022328929297954155,2.0,0.0,0.0,0.0,0.0,-0.07167744161958348,-0.015921031514628602,-0.07167744161958348,-0.015921031514628602,0.9925945401191711,0.6363842487335205,0.0711466372013092,0.010131893679499626,1.0,0.0,20.0,1.0,1.1414871215820312,1.1155816316604614,-0.018254853510765175,0.0,0.0,0.0,0.0,15.350727081298828,15.37053632736206,15.390242099761963,528,8,0000000000000000,0,0,15.310353994369507,1,1,1,1,1,1779078390.4982138
15.401246690750208,2,s2_stop,0.0,0.0,1.2053524255752563,1.1962815523147583,-0.09641853719949722,49.19400780543576,-0.6899600016099572,0.0,0.0,0.0,-0.008128624520767895,0.9999669621859516,1.0239396358471624,-0.01664809173131537,0.0,0.0,0.0,0.022328929297954155,2.0,0.0,0.0,0.0,0.0,-0.06739767005579424,0.0008094089012446101,-0.06739767005579424,0.0008094089012446101,0.9811210632324219,0.6432565450668335,0.06612527370452881,-0.0005206575733609498,1.0,0.0,20.0,1.0,1.1411099433898926,0.972999095916748,-0.013959199809128629,0.0,0.0,0.0,0.0,15.45094895362854,15.37053632736206,15.390242099761963,528,8,0000000000000000,0,0,15.410197257995605,1,1,1,1,1,1779078390.598202
15.451246690750208,2,s2_stop,0.0,0.0,1.2053524255752563,1.1962815523147583,-0.09641853719949722,49.196071110917515,-0.6899934693084061,0.0,0.0,0.0,-0.008109414061625355,0.9999671181611809,1.010642349101344,-0.016393051672926626,0.0,0.0,0.0,0.02041595579063775,2.0,0.0,0.0,0.0,0.0,-0.06739767005579424,0.0008094089012446101,-0.06739767005579424,0.0008094089012446101,0.9811210632324219,0.6432565450668335,0.06612527370452881,-0.0005206575733609498,1.0,0.0,20.0,1.0,1.1411099433898926,0.972999095916748,-0.013959199809128629,0.0,0.0,0.0,0.0,15.45094895362854,15.47058653831482,15.490208387374878,528,8,0000000000000000,0,0,15.410197257995605,1,1,1,1,1,1779078390.598202
15.501246690750209,2,s2_stop,0.0,0.0,1.1909799575805664,1.188915729522705,-0.05716785043478012,49.196071110917515,-0.6899934693084061,0.0,0.0,0.0,-0.008109414061625355,0.9999671181611809,1.010642349101344,-0.016393051672926626,0.0,0.0,0.0,0.02041595579063775,2.0,0.0,0.0,0.0,0.0,-0.06473785735120291,0.013312013472694333,-0.06473785735120291,0.013312013472694333,0.9747332334518433,0.6452162265777588,0.06310214102268219,-0.008589127101004124,1.0,0.0,20.0,1.0,1.1411149501800537,0.7664404511451721,0.009749326687363108,0.0,0.0,0.0,0.0,15.550668001174927,15.47058653831482,15.490208387374878,528,8,0000000000000000,0,0,15.510268449783325,1,1,1,1,1,1779078390.6981916
15.55124669075021,2,s2_stop,0.0,0.0,1.1909799575805664,1.188915729522705,-0.05716785043478012,49.20419570332093,-0.6901243884356092,0.0,0.0,0.0,-0.008056181465903743,0.9999675484435424,0.9906971659159555,-0.01596402648208331,0.0,0.0,0.0,0.010564304411060398,2.0,0.0,0.0,0.0,0.0,-0.06473785735120291,0.013312013472694333,-0.06473785735120291,0.013312013472694333,0.9747332334518433,0.6452162265777588,0.06310214102268219,-0.008589127101004124,1.0,0.0,20.0,1.0,1.1411149501800537,0.7664404511451721,0.009749326687363108,0.0,0.0,0.0,0.0,15.550668001174927,15.570510149002075,15.590240955352783,528,8,0000000000000000,0,0,15.510268449783325,1,1,1,1,1,1779078390.6981916
15.60124669075021,2,s2_stop,0.0,0.0,1.1801799535751343,1.1670383214950562,-0.05646313726902008,49.20419570332093,-0.6901243884356092,0.0,0.0,0.0,-0.008056181465903743,0.9999675484435424,0.9906971659159555,-0.01596402648208331,0.0,0.0,0.0,0.010564304411060398,2.0,0.0,0.0,0.0,0.0,-0.059662363261314875,0.02801234732417287,-0.059662363261314875,0.02801234732417287,0.9632014036178589,0.6473369002342224,0.05746687203645706,-0.01813342608511448,1.0,0.0,20.0,1.0,1.14125657081604,0.5590412020683289,0.006416247023659808,0.0,0.0,0.0,0.0,15.650735139846802,15.570510149002075,15.590240955352783,528,8,0000000000000000,0,0,15.6102454662323,1,1,1,1,1,1779078390.7982872
15.651246690750211,2,s2_stop,0.0,0.0,1.1801799535751343,1.1670383214950562,-0.05646313726902008,49.20519785989685,-0.6901405255356043,0.0,0.0,0.0,-0.00805040429618322,0.999967594970291,0.9707504237932829,-0.01563138638748992,0.0,0.0,0.0,0.009240624770528515,2.0,0.0,0.0,0.0,0.0,-0.059662363261314875,0.02801234732417287,-0.059662363261314875,0.02801234732417287,0.9632014036178589,0.6473369002342224,0.05746687203645706,-0.01813342608511448,1.0,0.0,20.0,1.0,1.14125657081604,0.5590412020683289,0.006416247023659808,0.0,0.0,0.0,0.0,15.650735139846802,15.670583248138428,15.690224647521973,528,8,0000000000000000,0,0,15.6102454662323,1,1,1,1,1,1779078390.7982872
15.701246690750212,2,s2_stop,0.0,0.0,1.1757197380065918,1.158715009689331,-0.07118827849626541,49.20519785989685,-0.6901405255356043,0.0,0.0,0.0,-0.00805040429618322,0.999967594970291,0.9707504237932829,-0.01563138638748992,0.0,0.0,0.0,0.009240624770528515,2.0,0.0,0.0,0.0,0.0,-0.05415284510757398,0.03804270205308856,-0.05415284510757398,0.03804270205308856,0.9544867277145386,0.6478074789047241,0.05168817192316055,-0.02464434690773487,1.0,0.0,20.0,1.0,1.1410598754882812,0.39387622475624084,0.003703941710624677,0.0,0.0,0.0,0.0,15.750725030899048,15.670583248138428,15.690224647521973,528,8,0000000000000000,0,0,15.710314750671387,1,1,1,1,1,1779078390.8982089
15.751246690750213,2,s2_stop,0.0,0.0,1.1757197380065918,1.158715009689331,-0.07118827849626541,49.21371206150278,-0.6902763219744736,0.0,0.0,0.0,-0.007973941253840365,0.9999682076250626,0.9574548193625642,-0.015270833469232194,0.0,0.0,0.0,0.020100367218327725,2.0,0.0,0.0,0.0,0.0,-0.05415284510757398,0.03804270205308856,-0.05415284510757398,0.03804270205308856,0.9544867277145386,0.6478074789047241,0.05168817192316055,-0.02464434690773487,1.0,0.0,20.0,1.0,1.1410598754882812,0.39387622475624084,0.003703941710624677,0.0,0.0,0.0,0.0,15.750725030899048,15.77076506614685,15.79026484489441,528,8,0000000000000000,0,0,15.710314750671387,1,1,1,1,1,1779078390.8982089
15.801246690750213,2,s2_stop,0.0,0.0,1.1591565608978271,1.1534885168075562,-0.05377371981739998,49.21371206150278,-0.6902763219744736,0.0,0.0,0.0,-0.007973941253840365,0.9999682076250626,0.9574548193625642,-0.015270833469232194,0.0,0.0,0.0,0.020100367218327725,2.0,0.0,0.0,0.0,0.0,-0.05134695374074236,0.04272933324543528,-0.05134695374074236,0.04272933324543528,0.9508910179138184,0.6482741832733154,0.04882535710930824,-0.02770032361149788,1.0,0.0,20.0,1.0,1.141202449798584,0.27977249026298523,0.00061245624476895,0.0,0.0,0.0,0.0,15.850751638412476,15.77076506614685,15.79026484489441,528,8,0000000000000000,0,0,15.810302734375,1,1,1,1,1,1779078390.998319
15.851246690750214,2,s2_stop,0.0,0.0,1.1591565608978271,1.1534885168075562,-0.05377371981739998,49.21566777125476,-0.6903074148406054,0.0,0.0,0.0,-0.007948500388275487,0.9999684101718301,0.9441576007770103,-0.015010696683705384,0.0,0.0,0.0,0.021511042981337384,2.0,0.0,0.0,0.0,0.0,-0.05134695374074236,0.04272933324543528,-0.05134695374074236,0.04272933324543528,0.9508910179138184,0.6482741832733154,0.04882535710930824,-0.02770032361149788,1.0,0.0,20.0,1.0,1.141202449798584,0.27977249026298523,0.00061245624476895,0.0,0.0,0.0,0.0,15.850751638412476,15.870611906051636,15.89031720161438,528,8,0000000000000000,0,0,15.810302734375,1,1,1,1,1,1779078390.998319
15.901246690750215,2,s2_stop,0.0,0.0,1.1569886207580566,1.1417391300201416,-0.05858706682920456,49.21566777125476,-0.6903074148406054,0.0,0.0,0.0,-0.007948500388275487,0.9999684101718301,0.9441576007770103,-0.015010696683705384,0.0,0.0,0.0,0.021511042981337384,2.0,0.0,0.0,0.0,0.0,-0.044948342840612325,0.0522032438492806,-0.044948342840612325,0.0522032438492806,0.9440834522247314,0.6497042775154114,0.04243498668074608,-0.033916670829057693,1.0,0.0,20.0,1.0,1.1410472393035889,0.1946706622838974,0.0033403008077733986,0.0,0.0,0.0,0.0,15.950478553771973,15.870611906051636,15.89031720161438,528,8,0000000000000000,0,0,15.910283088684082,1,1,1,1,1,1779078391.0983176
15.951246690750216,2,s2_stop,0.0,0.0,1.1569886207580566,1.1417391300201416,-0.05858706682920456,49.222764804592195,-0.6904189371413318,0.0,0.0,0.0,-0.007856238680520829,0.9999691392807053,0.9308623214501681,-0.014627507412164564,0.0,0.0,0.0,0.023964901035325895,2.0,0.0,0.0,0.0,0.0,-0.044948342840612325,0.0522032438492806,-0.044948342840612325,0.0522032438492806,0.9440834522247314,0.6497042775154114,0.04243498668074608,-0.033916670829057693,1.0,0.0,20.0,1.0,1.1410472393035889,0.1946706622838974,0.0033403008077733986,0.0,0.0,0.0,0.0,15.950478553771973,15.970448970794678,15.990242004394531,528,8,0000000000000000,0,0,15.910283088684082,1,1,1,1,1,1779078391.0983176
16.001246690750214,2,s2_stop,0.0,0.0,1.1601279973983765,1.13425874710083,-0.10019797086715698,49.222764804592195,-0.6904189371413318,0.0,0.0,0.0,-0.007856238680520829,0.9999691392807053,0.9308623214501681,-0.014627507412164564,0.0,0.0,0.0,0.023964901035325895,2.0,0.0,0.0,0.0,0.0,-0.040508994960805386,0.059862713653837614,-0.040508994960805386,0.059862713653837614,0.9399285912513733,0.6524101495742798,0.038075562566518784,-0.03905504196882248,1.0,0.0,20.0,1.0,1.1407315731048584,0.1336386799812317,-0.0014359274162943046,0.0,0.0,0.0,0.0,16.050583362579346,15.970448970794678,15.990242004394531,528,8,0000000000000000,0,0,16.010197162628174,1,1,1,1,1,1779078391.1986382
16.051246690750215,2,s2_stop,0.0,0.0,1.1601279973983765,1.13425874710083,-0.10019797086715698,49.22558774307661,-0.6904631049582052,0.0,0.0,0.0,-0.007822303456954208,0.9999694053162963,0.9175652647961631,-0.014356265575243955,0.0,0.0,0.0,0.022579185401389007,2.0,0.0,0.0,0.0,0.0,-0.040508994960805386,0.059862713653837614,-0.040508994960805386,0.059862713653837614,0.9399285912513733,0.6524101495742798,0.038075562566518784,-0.03905504196882248,1.0,0.0,20.0,1.0,1.1407315731048584,0.1336386799812317,-0.0014359274162943046,0.0,0.0,0.0,0.0,16.050583362579346,16.070441961288452,16.090253114700317,528,8,0000000000000000,0,0,16.010197162628174,1,1,1,1,1,1779078391.1986382
16.101246690750216,2,s2_stop,0.0,0.0,1.1496047973632812,1.1349658966064453,-0.056096889078617096,49.22558774307661,-0.6904631049582052,0.0,0.0,0.0,-0.007822303456954208,0.9999694053162963,0.9175652647961631,-0.014356265575243955,0.0,0.0,0.0,0.022579185401389007,2.0,0.0,0.0,0.0,0.0,-0.043278829689735655,0.06885592799386808,-0.043278829689735655,0.06885592799386808,0.9377562403678894,0.6599758267402649,0.0405849926173687,-0.04544324800372124,1.0,0.0,20.0,1.0,1.1413180828094482,0.09626204520463943,0.0038551132475262025,0.0,0.0,0.0,0.0,16.15051817893982,16.070441961288452,16.090253114700317,528,8,0000000000000000,0,0,16.110224723815918,1,1,1,1,1,1779078391.2983828
16.151246690750217,2,s2_stop,0.0,0.0,1.1496047973632812,1.1349658966064453,-0.056096889078617096,49.23283775314182,-0.6905758014528203,0.0,0.0,0.0,-0.0077714571286901625,0.999969801771082,0.9042686516164565,-0.014056243551511735,0.0,0.0,0.0,0.01130442891641039,2.0,0.0,0.0,0.0,0.0,-0.043278829689735655,0.06885592799386808,-0.043278829689735655,0.06885592799386808,0.9377562403678894,0.6599758267402649,0.0405849926173687,-0.04544324800372124,1.0,0.0,20.0,1.0,1.1413180828094482,0.09626204520463943,0.0038551132475262025,0.0,0.0,0.0,0.0,16.15051817893982,16.170477151870728,16.190265417099,528,8,0000000000000000,0,0,16.110224723815918,1,1,1,1,1,1779078391.2983828
16.201246690750217,2,s2_stop,0.0,0.0,1.143110990524292,1.137411117553711,-0.06247381493449211,49.23283775314182,-0.6905758014528203,0.0,0.0,0.0,-0.0077714571286901625,0.999969801771082,0.9042686516164565,-0.014056243551511735,0.0,0.0,0.0,0.01130442891641039,2.0,0.0,0.0,0.0,0.0,-0.08263814858506113,0.20587028629827456,-0.08263814858506113,0.20587028629827456,0.9945685863494873,0.8210667371749878,0.08218930661678314,-0.1690332442522049,1.0,0.0,20.0,1.0,1.140000820159912,0.056891895830631256,-0.0024305280726825457,0.0,0.0,0.0,0.0,16.25059151649475,16.170477151870728,16.190265417099,528,8,0000000000000000,0,0,16.210203886032104,1,1,1,1,1,1779078391.3983684
16.251246690750218,2,s2_stop,0.0,0.0,1.143110990524292,1.137411117553711,-0.06247381493449211,49.23372972142384,-0.6905896564545241,0.0,0.0,0.0,-0.007765830129842139,0.9999698454865499,0.8909707390212352,-0.013839506803164339,0.0,0.0,0.0,0.009749326687363108,2.0,0.0,0.0,0.0,0.0,-0.08263814858506113,0.20587028629827456,-0.08263814858506113,0.20587028629827456,0.9945685863494873,0.8210667371749878,0.08218930661678314,-0.1690332442522049,1.0,0.0,20.0,1.0,1.140000820159912,0.056891895830631256,-0.0024305280726825457,0.0,0.0,0.0,0.0,16.25059151649475,16.27047848701477,16.2902889251709,528,8,0000000000000000,0,0,16.210203886032104,1,1,1,1,1,1779078391.3983684
16.30124669075022,2,s2_stop,0.0,0.0,1.1417734622955322,1.1306020021438599,-0.049924638122320175,49.23372972142384,-0.6905896564545241,0.0,0.0,0.0,-0.007765830129842139,0.9999698454865499,0.8909707390212352,-0.013839506803164339,0.0,0.0,0.0,0.009749326687363108,2.0,0.0,0.0,0.0,0.0,-0.08168565981755559,0.2071691408765251,-0.08168565981755559,0.2071691408765251,0.993345320224762,0.8202411532402039,0.08114206790924072,-0.1699286550283432,1.0,0.0,20.0,1.0,1.1398522853851318,0.03776787966489792,0.003631006907526352,0.0,0.0,0.0,0.0,16.35077452659607,16.27047848701477,16.2902889251709,528,8,0000000000000000,0,0,16.310588836669922,1,1,1,1,1,1779078391.4984446
16.35124669075022,2,s2_stop,0.0,0.0,1.1417734622955322,1.1306020021438599,-0.049924638122320175,49.24245824279903,-0.690724037352614,0.0,0.0,0.0,-0.0076971201531271325,0.9999703767319051,0.8710254840007304,-0.013409967366522104,0.0,0.0,0.0,0.015354474553153879,2.0,0.0,0.0,0.0,0.0,-0.08168565981755559,0.2071691408765251,-0.08168565981755559,0.2071691408765251,0.993345320224762,0.8202411532402039,0.08114206790924072,-0.1699286550283432,1.0,0.0,20.0,1.0,1.1398522853851318,0.03776787966489792,0.003631006907526352,0.0,0.0,0.0,0.0,16.35077452659607,16.370634078979492,16.390334367752075,528,8,0000000000000000,0,0,16.310588836669922,1,1,1,1,1,1779078391.4984446
16.40124669075022,2,s2_stop,0.0,0.0,1.1557313203811646,1.1354079246520996,-0.06334983557462692,49.24245824279903,-0.690724037352614,0.0,0.0,0.0,-0.0076971201531271325,0.9999703767319051,0.8710254840007304,-0.013409967366522104,0.0,0.0,0.0,0.015354474553153879,2.0,0.0,0.0,0.0,0.0,-0.08104989897889764,0.2077091646045436,-0.08104989897889764,0.2077091646045436,0.992741048336029,0.8202375769615173,0.08046156167984009,-0.17037086188793182,1.0,0.0,20.0,1.0,1.1400620937347412,0.01845131255686283,0.000675401928954199,0.0,0.0,0.0,0.0,16.451016664505005,16.370634078979492,16.390334367752075,528,8,0000000000000000,0,0,16.4102680683136,1,1,1,1,1,1779078391.5983455
16.45124669075022,2,s2_stop,0.0,0.0,1.1557313203811646,1.1354079246520996,-0.06334983557462692,49.24507909303038,-0.6907642559521925,0.0,0.0,0.0,-0.007672137844389233,0.9999705687173481,0.8577280437516471,-0.01316237773770221,0.0,0.0,0.0,0.015510964677688206,2.0,0.0,0.0,0.0,0.0,-0.08104989897889764,0.2077091646045436,-0.08104989897889764,0.2077091646045436,0.992741048336029,0.8202375769615173,0.08046156167984009,-0.17037086188793182,1.0,0.0,20.0,1.0,1.1400620937347412,0.01845131255686283,0.000675401928954199,0.0,0.0,0.0,0.0,16.451016664505005,16.470601558685303,16.49042296409607,528,8,0000000000000000,0,0,16.4102680683136,1,1,1,1,1,1779078391.5983455
16.50124669075022,2,s2_stop,0.0,0.0,1.1607869863510132,1.1281700134277344,-0.10406038165092468,49.24507909303038,-0.6907642559521925,0.0,0.0,0.0,-0.007672137844389233,0.9999705687173481,0.8577280437516471,-0.01316237773770221,0.0,0.0,0.0,0.015510964677688206,2.0,0.0,0.0,0.0,0.0,-0.07989915324613028,0.2087517101041479,-0.07989915324613028,0.2087517101041479,0.9915760159492493,0.820036768913269,0.07922608405351639,-0.17118407785892487,1.0,0.0,20.0,1.0,1.139918565750122,0.009163504466414452,-0.0009056271514555115,0.0,0.0,0.0,0.0,16.550580978393555,16.470601558685303,16.49042296409607,528,8,0000000000000000,0,0,16.510186195373535,1,1,1,1,1,1779078391.698846
16.551246690750222,2,s2_stop,0.0,0.0,1.1607869863510132,1.1281700134277344,-0.10406038165092468,49.25175996562504,-0.6908660341979035,0.0,0.0,0.0,-0.007616474324033884,0.9999709942387686,0.8444313719655184,-0.012864299153160582,0.0,0.0,0.0,0.013210394115252912,2.0,0.0,0.0,0.0,0.0,-0.07989915324613028,0.2087517101041479,-0.07989915324613028,0.2087517101041479,0.9915760159492493,0.820036768913269,0.07922608405351639,-0.17118407785892487,1.0,0.0,20.0,1.0,1.139918565750122,0.009163504466414452,-0.0009056271514555115,0.0,0.0,0.0,0.0,16.550580978393555,16.570565223693848,16.59036660194397,528,8,0000000000000000,0,0,16.510186195373535,1,1,1,1,1,1779078391.698846
16.601246690750223,2,s2_stop,0.0,0.0,1.1509597301483154,1.132786750793457,-0.06151391938328743,49.25175996562504,-0.6908660341979035,0.0,0.0,0.0,-0.007616474324033884,0.9999709942387686,0.8444313719655184,-0.012864299153160582,0.0,0.0,0.0,0.013210394115252912,2.0,0.0,0.0,0.0,0.0,-0.07901752886139324,0.2097162290438354,-0.07901752886139324,0.2097162290438354,0.9906677007675171,0.8195574283599854,0.07828011363744736,-0.1718744933605194,1.0,0.0,20.0,1.0,1.1402359008789062,0.0049171666614711285,0.0016266266274326086,0.0,0.0,0.0,0.0,16.65065312385559,16.570565223693848,16.59036660194397,528,8,0000000000000000,0,0,16.61026883125305,1,1,1,1,1,1779078391.7984042
16.651246690750224,2,s2_stop,0.0,0.0,1.1509597301483154,1.132786750793457,-0.06151391938328743,49.25412022208053,-0.6909019115526118,0.0,0.0,0.0,-0.007599650119013215,0.9999711222420719,0.8311336657118036,-0.012633744636279092,0.0,0.0,0.0,0.011435649992419666,2.0,0.0,0.0,0.0,0.0,-0.07901752886139324,0.2097162290438354,-0.07901752886139324,0.2097162290438354,0.9906677007675171,0.8195574283599854,0.07828011363744736,-0.1718744933605194,1.0,0.0,20.0,1.0,1.1402359008789062,0.0049171666614711285,0.0016266266274326086,0.0,0.0,0.0,0.0,16.65065312385559,16.67059087753296,16.690361499786377,528,8,0000000000000000,0,0,16.61026883125305,1,1,1,1,1,1779078391.7984042
16.701246690750224,2,s2_stop,0.0,0.0,1.1155816316604614,1.1098307371139526,-0.08238934725522995,49.25412022208053,-0.6909019115526118,0.0,0.0,0.0,-0.007599650119013215,0.9999711222420719,0.8311336657118036,-0.012633744636279092,0.0,0.0,0.0,0.011435649992419666,2.0,0.0,0.0,0.0,0.0,-0.07855282635655696,0.21010900093591253,-0.07855282635655696,0.21010900093591253,0.990317165851593,0.8195130825042725,0.0777922123670578,-0.17218707501888275,1.0,0.0,20.0,1.0,1.140165090560913,0.0017651834059506655,-0.0007682341447161614,0.0,0.0,0.0,0.0,16.750757932662964,16.67059087753296,16.690361499786377,528,8,0000000000000000,0,0,16.710274696350098,1,1,1,1,1,1779078391.8985007
16.751246690750225,2,s2_stop,0.0,0.0,1.1155816316604614,1.1098307371139526,-0.08238934725522995,49.261664869302834,-0.6910160605951274,0.0,0.0,0.0,-0.007564253295173622,0.9999713906267951,0.8178364051148486,-0.012373705466606868,0.0,0.0,0.0,0.007228319414063506,2.0,0.0,0.0,0.0,0.0,-0.07855282635655696,0.21010900093591253,-0.07855282635655696,0.21010900093591253,0.990317165851593,0.8195130825042725,0.0777922123670578,-0.17218707501888275,1.0,0.0,20.0,1.0,1.140165090560913,0.0017651834059506655,-0.0007682341447161614,0.0,0.0,0.0,0.0,16.750757932662964,16.770585298538208,16.79036045074463,528,8,0000000000000000,0,0,16.710274696350098,1,1,1,1,1,1779078391.8985007
16.801246690750226,2,s2_stop,0.0,0.0,0.972999095916748,0.9763971567153931,-0.04909151419997215,49.261664869302834,-0.6910160605951274,0.0,0.0,0.0,-0.007564253295173622,0.9999713906267951,0.8178364051148486,-0.012373705466606868,0.0,0.0,0.0,0.007228319414063506,2.0,0.0,0.0,0.0,0.0,-0.07790668506793799,0.21085115352006978,-0.07790668506793799,0.21085115352006978,0.9898006319999695,0.8191065192222595,0.07711208611726761,-0.17270955443382263,1.0,0.0,20.0,1.0,1.1391706466674805,0.006352671422064304,0.0009891894197487728,0.0,0.0,0.0,0.0,16.8508083820343,16.770585298538208,16.79036045074463,528,8,0000000000000000,0,0,16.81032395362854,1,1,1,1,1,1779078391.9984136
16.851246690750227,2,s2_stop,0.0,0.0,0.972999095916748,0.9763971567153931,-0.04909151419997215,49.26409077832357,-0.6910526910141123,0.0,0.0,0.0,-0.00754918820793148,0.9999715044727031,0.8045386185911719,-0.012148265428139883,0.0,0.0,0.0,0.010897123106470239,2.0,0.0,0.0,0.0,0.0,-0.07790668506793799,0.21085115352006978,-0.07790668506793799,0.21085115352006978,0.9898006319999695,0.8191065192222595,0.07711208611726761,-0.17270955443382263,1.0,0.0,20.0,1.0,1.1391706466674805,0.006352671422064304,0.0009891894197487728,0.0,0.0,0.0,0.0,16.8508083820343,16.870925188064575,16.89032816886902,528,8,0000000000000000,0,0,16.81032395362854,1,1,1,1,1,1779078391.9984136
16.901246690750227,2,s2_stop,0.0,0.0,0.7664404511451721,0.756228506565094,-0.06679429113864899,49.26409077832357,-0.6910526910141123,0.0,0.0,0.0,-0.00754918820793148,0.9999715044727031,0.8045386185911719,-0.012148265428139883,0.0,0.0,0.0,0.010897123106470239,2.0,0.0,0.0,0.0,0.0,-0.0773768294378499,0.2113406274808685,-0.0773768294378499,0.2113406274808685,0.989431619644165,0.818976640701294,0.07655908167362213,-0.17308303713798523,1.0,0.0,20.0,1.0,1.1402785778045654,0.007119929883629084,0.0002068187169873356,0.0,0.0,0.0,0.0,16.950571298599243,16.870925188064575,16.89032816886902,528,8,0000000000000000,0,0,16.910255908966064,1,1,1,1,1,1779078392.0985107
16.951246690750228,2,s2_stop,0.0,0.0,0.7664404511451721,0.756228506565094,-0.06679429113864899,49.271915836310626,-0.6911705661083781,0.0,0.0,0.0,-0.007531258262691222,0.9999716396723363,0.7912408875444857,-0.011919093041936358,0.0,0.0,0.0,0.004642716145462537,2.0,0.0,0.0,0.0,0.0,-0.0773768294378499,0.2113406274808685,-0.0773768294378499,0.2113406274808685,0.989431619644165,0.818976640701294,0.07655908167362213,-0.17308303713798523,1.0,0.0,20.0,1.0,1.1402785778045654,0.007119929883629084,0.0002068187169873356,0.0,0.0,0.0,0.0,16.950571298599243,16.970327854156494,16.990151405334473,528,8,0000000000000000,0,0,16.910255908966064,1,1,1,1,1,1779078392.0985107
17.00124669075023,2,s2_stop,0.0,0.0,0.5590412020683289,0.5517660975456238,-0.08023501932621002,49.271915836310626,-0.6911705661083781,0.0,0.0,0.0,-0.007531258262691222,0.9999716396723363,0.7912408875444857,-0.011919093041936358,0.0,0.0,0.0,0.004642716145462537,2.0,0.0,0.0,0.0,0.0,-0.07708100583316908,0.21155747822442508,-0.07708100583316908,0.21155747822442508,0.9891958832740784,0.8190255761146545,0.07624821364879608,-0.17327098548412323,1.0,0.0,20.0,1.0,1.1398963928222656,0.0039247130043804646,0.00043504993853246644,0.0,0.0,0.0,0.0,17.0504150390625,16.970327854156494,16.990151405334473,528,8,0000000000000000,0,0,17.0101261138916,1,1,1,1,1,1779078392.198322
17.05124669075023,2,s2_stop,0.0,0.0,0.5590412020683289,0.5517660975456238,-0.08023501932621002,49.2734962774581,-0.6911943625046172,0.0,0.0,0.0,-0.007527763218478985,0.9999716659890552,0.7779428032658363,-0.01171333410762433,0.0,0.0,0.0,0.0038088030648353415,2.0,0.0,0.0,0.0,0.0,-0.07708100583316908,0.21155747822442508,-0.07708100583316908,0.21155747822442508,0.9891958832740784,0.8190255761146545,0.07624821364879608,-0.17327098548412323,1.0,0.0,20.0,1.0,1.1398963928222656,0.0039247130043804646,0.00043504993853246644,0.0,0.0,0.0,0.0,17.0504150390625,17.07029891014099,17.090142011642456,528,8,0000000000000000,0,0,17.0101261138916,1,1,1,1,1,1779078392.198322
17.10124669075023,2,s2_stop,0.0,0.0,0.39387622475624084,0.3880763351917267,-0.08292588591575623,49.2734962774581,-0.6911943625046172,0.0,0.0,0.0,-0.007527763218478985,0.9999716659890552,0.7779428032658363,-0.01171333410762433,0.0,0.0,0.0,0.0038088030648353415,2.0,0.0,0.0,0.0,0.0,-0.07665378151979682,0.21186234029445677,-0.07665378151979682,0.21186234029445677,0.9889740347862244,0.8191062211990356,0.07580859959125519,-0.17353776097297668,1.0,0.0,20.0,1.0,1.1399939060211182,0.003555673873052001,-0.0030189550322813497,0.0,0.0,0.0,0.0,17.150409698486328,17.07029891014099,17.090142011642456,528,8,0000000000000000,0,0,17.110157251358032,1,1,1,1,1,1779078392.2984555
17.15124669075023,2,s2_stop,0.0,0.0,0.39387622475624084,0.3880763351917267,-0.08292588591575623,49.28115967589451,-0.6913094187521486,0.0,0.0,0.0,-0.007506233966688842,0.9999718278289831,0.7646451307308936,-0.011480180779471346,0.0,0.0,0.0,0.004037684883268,2.0,0.0,0.0,0.0,0.0,-0.07665378151979682,0.21186234029445677,-0.07665378151979682,0.21186234029445677,0.9889740347862244,0.8191062211990356,0.07580859959125519,-0.17353776097297668,1.0,0.0,20.0,1.0,1.1399939060211182,0.003555673873052001,-0.0030189550322813497,0.0,0.0,0.0,0.0,17.150409698486328,17.17043423652649,17.19024109840393,528,8,0000000000000000,0,0,17.110157251358032,1,1,1,1,1,1779078392.2984555
17.20124669075023,2,s2_stop,0.0,0.0,0.27977249026298523,0.26729729771614075,-0.08418886363506317,49.28115967589451,-0.6913094187521486,0.0,0.0,0.0,-0.007506233966688842,0.9999718278289831,0.7646451307308936,-0.011480180779471346,0.0,0.0,0.0,0.004037684883268,2.0,0.0,0.0,0.0,0.0,-0.0764954316415443,0.21214670827602075,-0.0764954316415443,0.21214670827602075,0.9887619018554688,0.8188639283180237,0.07563576847314835,-0.17371928691864014,1.0,0.0,20.0,1.0,1.1399874687194824,0.0038395794108510017,0.002482949298769117,0.0,0.0,0.0,0.0,17.250693798065186,17.17043423652649,17.19024109840393,528,8,0000000000000000,0,0,17.21061086654663,1,1,1,1,1,1779078392.3983605
17.251246690750232,2,s2_stop,0.0,0.0,0.27977249026298523,0.26729729771614075,-0.08418886363506317,49.284101253858324,-0.6913535211681762,0.0,0.0,0.0,-0.007495755603319736,0.9999719064293433,0.7513471907888103,-0.01126477924329331,0.0,0.0,0.0,0.0041024548803761844,2.0,0.0,0.0,0.0,0.0,-0.0764954316415443,0.21214670827602075,-0.0764954316415443,0.21214670827602075,0.9887619018554688,0.8188639283180237,0.07563576847314835,-0.17371928691864014,1.0,0.0,20.0,1.0,1.1399874687194824,0.0038395794108510017,0.002482949298769117,0.0,0.0,0.0,0.0,17.250693798065186,17.27048373222351,17.29044795036316,528,8,0000000000000000,0,0,17.21061086654663,1,1,1,1,1,1779078392.3983605
17.301246690750233,2,s2_stop,0.0,0.0,0.1946706622838974,0.1814752072095871,-0.08832129836082458,49.284101253858324,-0.6913535211681762,0.0,0.0,0.0,-0.007495755603319736,0.9999719064293433,0.7513471907888103,-0.01126477924329331,0.0,0.0,0.0,0.0041024548803761844,2.0,0.0,0.0,0.0,0.0,-0.0763734215251127,0.2121860408956254,-0.0763734215251127,0.2121860408956254,0.9887363314628601,0.8189563155174255,0.07551317662000656,-0.17377109825611115,1.0,0.0,20.0,1.0,1.1398522853851318,0.0042753140442073345,-0.0004467193176409779,0.0,0.0,0.0,0.0,17.35079312324524,17.27048373222351,17.29044795036316,528,8,0000000000000000,0,0,17.31032133102417,1,1,1,1,1,1779078392.4985669
17.351246690750234,2,s2_stop,0.0,0.0,0.1946706622838974,0.1814752072095871,-0.08832129836082458,49.2914263094385,-0.6914632531480029,0.0,0.0,0.0,-0.007489550458410536,0.9999719529236463,0.7380491476927367,-0.0110562429594322,0.0,0.0,0.0,-0.0007280445234232551,2.0,0.0,0.0,0.0,0.0,-0.0763734215251127,0.2121860408956254,-0.0763734215251127,0.2121860408956254,0.9887363314628601,0.8189563155174255,0.07551317662000656,-0.17377109825611115,1.0,0.0,20.0,1.0,1.1398522853851318,0.0042753140442073345,-0.0004467193176409779,0.0,0.0,0.0,0.0,17.35079312324524,17.370476245880127,17.390226364135742,528,8,0000000000000000,0,0,17.31032133102417,1,1,1,1,1,1779078392.4985669
17.401246690750234,2,s2_stop,0.0,0.0,0.1336386799812317,0.12185735255479813,-0.08774854242801666,49.2914263094385,-0.6914632531480029,0.0,0.0,0.0,-0.007489550458410536,0.9999719529236463,0.7380491476927367,-0.0110562429594322,0.0,0.0,0.0,-0.0007280445234232551,2.0,0.0,0.0,0.0,0.0,-0.07624595763096238,0.21233210283167261,-0.07624595763096238,0.21233210283167261,0.9886323809623718,0.8188987374305725,0.07537922263145447,-0.1738784909248352,1.0,0.0,20.0,1.0,1.1399285793304443,0.004234731197357178,0.0008072252800111035,0.0,0.0,0.0,0.0,17.450390815734863,17.370476245880127,17.390226364135742,528,8,0000000000000000,0,0,17.410425186157227,1,1,1,1,1,1779078392.5986266
17.451246690750235,2,s2_stop,0.0,0.0,0.1336386799812317,0.12185735255479813,-0.08774854242801666,49.29363444501865,-0.691496342695663,0.0,0.0,0.0,-0.007492013150118671,0.9999719344756424,0.7247509113660918,-0.010860601150983775,0.0,0.0,0.0,-0.0014119366288091787,2.0,0.0,0.0,0.0,0.0,-0.07624595763096238,0.21233210283167261,-0.07624595763096238,0.21233210283167261,0.9886323809623718,0.8188987374305725,0.07537922263145447,-0.1738784909248352,1.0,0.0,20.0,1.0,1.1399285793304443,0.004234731197357178,0.0008072252800111035,0.0,0.0,0.0,0.0,17.450390815734863,17.470337629318237,17.490306615829468,528,8,0000000000000000,0,0,17.410425186157227,1,1,1,1,1,1779078392.5986266
17.501246690750236,2,s2_stop,0.0,0.0,0.09626204520463943,0.08185982704162598,-0.08738016337156296,49.29363444501865,-0.691496342695663,0.0,0.0,0.0,-0.007492013150118671,0.9999719344756424,0.7247509113660918,-0.010860601150983775,0.0,0.0,0.0,-0.0014119366288091787,2.0,0.0,0.0,0.0,0.0,-0.07617686982874132,0.21239879909484471,-0.07617686982874132,0.21239879909484471,0.9885969161987305,0.8188865780830383,0.07530821859836578,-0.17393052577972412,1.0,0.0,20.0,1.0,1.1400480270385742,0.004776032641530037,0.0007114610267560476,0.0,0.0,0.0,0.0,17.550525903701782,17.470337629318237,17.490306615829468,528,8,0000000000000000,0,0,17.510411500930786,1,1,1,1,1,1779078392.6984708
17.551246690750236,2,s2_stop,0.0,0.0,0.09626204520463943,0.08185982704162598,-0.08738016337156296,49.30223363805633,-0.6916250710646396,0.0,0.0,0.0,-0.007484280919433805,0.999971992377346,0.7048038018272751,-0.010550785807479908,0.0,0.0,0.0,0.004703193124355664,2.0,0.0,0.0,0.0,0.0,-0.07617686982874132,0.21239879909484471,-0.07617686982874132,0.21239879909484471,0.9885969161987305,0.8188865780830383,0.07530821859836578,-0.17393052577972412,1.0,0.0,20.0,1.0,1.1400480270385742,0.004776032641530037,0.0007114610267560476,0.0,0.0,0.0,0.0,17.550525903701782,17.57035255432129,17.59022307395935,528,8,0000000000000000,0,0,17.510411500930786,1,1,1,1,1,1779078392.6984708
17.601246690750237,2,s2_stop,0.0,0.0,0.056891895830631256,0.06300017982721329,-0.08857814222574234,49.30223363805633,-0.6916250710646396,0.0,0.0,0.0,-0.007484280919433805,0.999971992377346,0.7048038018272751,-0.010550785807479908,0.0,0.0,0.0,0.004703193124355664,2.0,0.0,0.0,0.0,0.0,-0.07616817174231154,0.21239066732843645,-0.07616817174231154,0.21239066732843645,0.9886283278465271,0.8189032673835754,0.07530201226472855,-0.1739274114370346,1.0,0.0,20.0,1.0,1.1402108669281006,0.006039276719093323,-0.0007633783131084202,0.0,0.0,0.0,0.0,17.65040349960327,17.57035255432129,17.59022307395935,528,8,0000000000000000,0,0,17.610141038894653,1,1,1,1,1,1779078392.7982988
17.651246690750238,2,s2_stop,0.0,0.0,0.056891895830631256,0.06300017982721329,-0.08857814222574234,49.304285773472344,-0.6916557435723543,0.0,0.0,0.0,-0.007472688750645333,0.9999720790716289,0.6848567619296171,-0.010236300270349798,0.0,0.0,0.0,0.006968271998043618,2.0,0.0,0.0,0.0,0.0,-0.07616817174231154,0.21239066732843645,-0.07616817174231154,0.21239066732843645,0.9886283278465271,0.8189032673835754,0.07530201226472855,-0.1739274114370346,1.0,0.0,20.0,1.0,1.1402108669281006,0.006039276719093323,-0.0007633783131084202,0.0,0.0,0.0,0.0,17.65040349960327,17.670339345932007,17.690229177474976,528,8,0000000000000000,0,0,17.610141038894653,1,1,1,1,1,1779078392.7982988
17.70124669075024,2,s2_stop,0.0,0.0,0.03776787966489792,0.04321358725428581,-0.09006691724061966,49.304285773472344,-0.6916557435723543,0.0,0.0,0.0,-0.007472688750645333,0.9999720790716289,0.6848567619296171,-0.010236300270349798,0.0,0.0,0.0,0.006968271998043618,2.0,0.0,0.0,0.0,0.0,-0.07615705783818119,0.21240074078705423,-0.07615705783818119,0.21240074078705423,0.9886355400085449,0.818902313709259,0.07529157400131226,-0.17393545806407928,1.0,0.0,20.0,1.0,1.1390478610992432,0.006511791609227657,-0.001219776213467624,0.0,0.0,0.0,0.0,17.750556468963623,17.670339345932007,17.690229177474976,528,8,0000000000000000,0,0,17.710260152816772,1,1,1,1,1,1779078392.8983574
17.75124669075024,2,s2_stop,0.0,0.0,0.03776787966489792,0.04321358725428581,-0.09006691724061966,49.31134656954288,-0.6917605779840231,0.0,0.0,0.0,-0.00742308271754636,0.9999724485419428,0.6516122511344965,-0.009674742947043612,0.0,0.0,0.0,0.006416247023659808,2.0,0.0,0.0,0.0,0.0,-0.07615705783818119,0.21240074078705423,-0.07615705783818119,0.21240074078705423,0.9886355400085449,0.818902313709259,0.07529157400131226,-0.17393545806407928,1.0,0.0,20.0,1.0,1.1390478610992432,0.006511791609227657,-0.001219776213467624,0.0,0.0,0.0,0.0,17.750556468963623,17.77039361000061,17.790224075317383,528,8,0000000000000000,0,0,17.710260152816772,1,1,1,1,1,1779078392.8983574
17.80124669075024,2,s2_stop,0.0,0.0,0.01845131255686283,0.03410866856575012,-0.09032400697469711,49.31134656954288,-0.6917605779840231,0.0,0.0,0.0,-0.00742308271754636,0.9999724485419428,0.6516122511344965,-0.009674742947043612,0.0,0.0,0.0,0.006416247023659808,2.0,0.0,0.0,0.0,0.0,-0.0762310343732025,0.2124093472624353,-0.0762310343732025,0.2124093472624353,0.9886807799339294,0.8187829852104187,0.07536815851926804,-0.17391715943813324,1.0,0.0,20.0,1.0,1.1399891376495361,0.008970548398792744,2.298828516254446e-05,0.0,0.0,0.0,0.0,17.850448608398438,17.77039361000061,17.790224075317383,528,8,0000000000000000,0,0,17.810097217559814,1,1,1,1,1,1779078392.99841
17.85124669075024,2,s2_stop,0.0,0.0,0.01845131255686283,0.03410866856575012,-0.09032400697469711,49.31371253813657,-0.6917956680577875,0.0,0.0,0.0,-0.007414971571955454,0.9999725087204083,0.5984195583669506,-0.00887526001025717,0.0,0.0,0.0,0.003564545400120344,2.0,0.0,0.0,0.0,0.0,-0.0762310343732025,0.2124093472624353,-0.0762310343732025,0.2124093472624353,0.9886807799339294,0.8187829852104187,0.07536815851926804,-0.17391715943813324,1.0,0.0,20.0,1.0,1.1399891376495361,0.008970548398792744,2.298828516254446e-05,0.0,0.0,0.0,0.0,17.850448608398438,17.8703773021698,17.890161752700806,528,8,0000000000000000,0,0,17.810097217559814,1,1,1,1,1,1779078392.99841
17.90124669075024,2,s2_stop,0.0,0.0,0.009163504466414452,0.023398704826831818,-0.09040508419275284,49.31371253813657,-0.6917956680577875,0.0,0.0,0.0,-0.007414971571955454,0.9999725087204083,0.5984195583669506,-0.00887526001025717,0.0,0.0,0.0,0.003564545400120344,2.0,0.0,0.0,0.0,0.0,-0.07625503364767815,0.21240372966841722,-0.07625503364767815,0.21240372966841722,0.9886993765830994,0.8187561631202698,0.07539330422878265,-0.1739068627357483,1.0,0.0,20.0,1.0,1.1399922370910645,0.009218956343829632,0.00018432730526438481,0.0,0.0,0.0,0.0,17.95042061805725,17.8703773021698,17.890161752700806,528,8,0000000000000000,0,0,17.910249948501587,1,1,1,1,1,1779078393.098361
17.951246690750242,2,s2_stop,0.0,0.0,0.009163504466414452,0.023398704826831818,-0.09040508419275284,49.32065924254981,-0.6918983648946614,0.0,0.0,0.0,-0.007391160987667642,0.9999726849965724,0.5585253149935275,-0.008256977661890066,0.0,0.0,0.0,0.0043227059572644114,2.0,0.0,0.0,0.0,0.0,-0.07625503364767815,0.21240372966841722,-0.07625503364767815,0.21240372966841722,0.9886993765830994,0.8187561631202698,0.07539330422878265,-0.1739068627357483,1.0,0.0,20.0,1.0,1.1399922370910645,0.009218956343829632,0.00018432730526438481,0.0,0.0,0.0,0.0,17.95042061805725,17.970423698425293,17.990244388580322,528,8,0000000000000000,0,0,17.910249948501587,1,1,1,1,1,1779078393.098361
