timestamp,state,segment,cmd_ideal_v,cmd_ideal_omega,vn_body_vx,vn_body_vy,vn_body_vz,odom_pose_x,odom_pose_y,odom_pose_z,odom_qx,odom_qy,odom_qz,odom_qw,odom_linear_x,odom_linear_y,odom_linear_z,odom_angular_x,odom_angular_y,odom_omega_z,controller_controller_state,controller_base_v,controller_base_omega,controller_applied_v,controller_applied_omega,controller_model_corrected_v,controller_model_corrected_omega,controller_delta_v,controller_delta_omega,controller_a_v,controller_a_omega,controller_b_v,controller_b_omega,controller_used_model_estimate,controller_used_model_applied,controller_history_len,controller_history_ready,controller_history_span_sec,controller_latest_meas_v,controller_latest_meas_omega,controller_right_rpm,controller_left_rpm,controller_can_right_rpm,controller_can_left_rpm,velocity_timestamp,odom_timestamp,can_timestamp,can_id,can_dlc,can_data_hex,can_right_rpm,can_left_rpm,debug_timestamp,valid_cmd,valid_velocity_body,valid_odom,valid_can,valid_debug,controller_node_time_sec
0.0018401145935058594,1,forward_2mps,2.0,0.0,-0.017775073647499084,0.012947825714945793,0.1279192715883255,,,,,,,,,,,,,,nan,nan,nan,nan,nan,nan,nan,nan,nan,nan,nan,nan,nan,nan,nan,nan,nan,nan,nan,nan,nan,nan,nan,nan,0.04247927665710449,,0.06240725517272949,528,8,0000000000000000,0,0,nan,1,1,0,1,0,nan
0.05184011459350586,1,forward_2mps,2.0,0.0,-0.017775073647499084,0.012947825714945793,0.1279192715883255,,,,,,,,,,,,,,1.0,2.0,0.0,2.0,0.0,1.9266479782688533,0.16034196339678297,-0.07335202173114674,0.16034196339678297,0.9882493615150452,0.8193517923355103,0.09599136561155319,-0.1313764750957489,1.0,0.0,20.0,1.0,1.2412254810333252,-0.017771471291780472,-0.00035639067566215887,226.4465016188093,225.51318585637807,226.0,226.0,0.04247927665710449,,0.06240725517272949,528,8,0000000000000000,0,0,0.08231258392333984,1,1,0,1,1,1779092642.217506
0.10184011459350586,1,forward_2mps,2.0,0.0,-0.01755479723215103,0.013318800367414951,0.12830990552902222,82.75652546207397,-5.992801661351143,0.0,0.0,0.0,0.9919397085840181,0.12671075145485178,-0.0,0.0,0.0,0.0,0.0,-0.06551338357460344,1.0,2.0,0.0,2.0,0.0,1.9266479782688533,0.16034196339678297,-0.07335202173114674,0.16034196339678297,0.9882493615150452,0.8193517923355103,0.09599136561155319,-0.1313764750957489,1.0,0.0,20.0,1.0,1.2412254810333252,-0.017771471291780472,-0.00035639067566215887,226.4465016188093,225.51318585637807,226.0,226.0,0.12249112129211426,0.14256548881530762,0.06240725517272949,528,8,0000000000000000,0,0,0.08231258392333984,1,1,1,1,1,1779092642.217506
0.15184011459350588,1,forward_2mps,2.0,0.0,-0.01755479723215103,0.013318800367414951,0.12830990552902222,82.75652546207397,-5.992801661351143,0.0,0.0,0.0,0.9919397085840181,0.12671075145485178,-0.0,0.0,0.0,0.0,0.0,-0.06551338357460344,1.0,2.0,0.0,2.0,0.0,1.9266479782688533,0.16034196339678297,-0.07335202173114674,0.16034196339678297,0.9882493615150452,0.8193517923355103,0.09599136561155319,-0.1313764750957489,1.0,0.0,20.0,1.0,1.2412254810333252,-0.017775073647499084,-0.00035639067566215887,226.4465016188093,225.51318585637807,226.0,226.0,0.12249112129211426,0.14256548881530762,0.16240453720092773,528,8,e2000000e2000000,226,226,0.1822948455810547,1,1,1,1,1,1779092642.2376482
0.20184011459350587,1,forward_2mps,2.0,0.0,0.05096206068992615,0.018345855176448822,0.12162327021360397,82.7504297223502,-5.991191089091643,0.0,0.0,0.0,0.9916710798994496,0.1287962316648258,-0.16073040489301293,0.042467025022376016,0.0,0.0,0.0,-0.12775352241973476,1.0,2.0,0.0,2.0,0.0,1.9266479782688533,0.16034196339678297,-0.07335202173114674,0.16034196339678297,0.9882493615150452,0.8193517923355103,0.09599136561155319,-0.1313764750957489,1.0,0.0,20.0,1.0,1.2412254810333252,-0.017775073647499084,-0.00035639067566215887,226.4465016188093,225.51318585637807,226.0,226.0,0.22255635261535645,0.24244236946105957,0.16240453720092773,528,8,e2000000e2000000,226,226,0.1822948455810547,1,1,1,1,1,1779092642.2376482
0.25184011459350586,1,forward_2mps,2.0,0.0,0.05096206068992615,0.018345855176448822,0.12162327021360397,82.7504297223502,-5.991191089091643,0.0,0.0,0.0,0.9916710798994496,0.1287962316648258,-0.16073040489301293,0.042467025022376016,0.0,0.0,0.0,-0.12775352241973476,1.0,2.0,0.0,2.0,0.0,1.9266479782688533,0.16034196339678297,-0.07335202173114674,0.16034196339678297,0.9882493615150452,0.8193517923355103,0.09599136561155319,-0.1313764750957489,1.0,0.0,20.0,1.0,1.2412254810333252,-0.017775073647499084,-0.00035639067566215887,226.4465016188093,225.51318585637807,226.0,226.0,0.22255635261535645,0.24244236946105957,0.26227855682373047,528,8,e2000000e2000000,226,226,0.2821989059448242,1,1,1,1,1,1779092642.2580104
0.30184011459350585,1,forward_2mps,2.0,0.0,0.19269491732120514,0.00967548880726099,0.13155034184455872,82.74002426477402,-5.988404703445634,0.0,0.0,0.0,0.9914550896164959,0.13044847746733662,-0.23124670079077622,0.06192351302693151,0.0,0.0,0.0,-0.002363192099015716,1.0,2.0,0.0,2.0,0.0,1.9266479782688533,0.16034196339678297,-0.07335202173114674,0.16034196339678297,0.9882493615150452,0.8193517923355103,0.09599136561155319,-0.1313764750957489,1.0,0.0,20.0,1.0,1.2412254810333252,-0.017775073647499084,-0.00035639067566215887,226.4465016188093,225.51318585637807,226.0,226.0,0.32250285148620605,0.34253644943237305,0.26227855682373047,528,8,e2000000e2000000,226,226,0.2821989059448242,1,1,1,1,1,1779092642.2580104
0.35184011459350584,1,forward_2mps,2.0,0.0,0.19269491732120514,0.00967548880726099,0.13155034184455872,82.74002426477402,-5.988404703445634,0.0,0.0,0.0,0.9914550896164959,0.13044847746733662,-0.23124670079077622,0.06192351302693151,0.0,0.0,0.0,-0.002363192099015716,1.0,2.0,0.0,2.0,0.0,2.50130877108681,0.13190102659256378,0.5013087710868098,0.13190102659256378,0.8643274307250977,0.7465440034866333,-0.1619497835636139,-0.09846992045640945,1.0,0.0,20.0,1.0,1.241469144821167,-0.017775073647499084,-0.00035639067566215887,226.4465016188093,225.51318585637807,226.0,226.0,0.32250285148620605,0.34253644943237305,0.3623185157775879,528,8,e2000000e2000000,226,226,0.3822290897369385,1,1,1,1,1,1779092642.2774053
0.4018401145935058,1,forward_2mps,2.0,0.0,0.36708319187164307,-0.0034313141368329525,0.12858285009860992,82.73732761913546,-5.987682965762505,0.0,0.0,0.0,0.991463511701321,0.13038445062538961,-0.44323816868094673,0.11862948707969088,0.0,0.0,0.0,0.02820742880991651,1.0,2.0,0.0,2.0,0.0,2.50130877108681,0.13190102659256378,0.5013087710868098,0.13190102659256378,0.8643274307250977,0.7465440034866333,-0.1619497835636139,-0.09846992045640945,1.0,0.0,20.0,1.0,1.241469144821167,-0.017775073647499084,-0.00035639067566215887,226.4465016188093,225.51318585637807,226.0,226.0,0.42259836196899414,0.44241952896118164,0.3623185157775879,528,8,e2000000e2000000,226,226,0.3822290897369385,1,1,1,1,1,1779092642.2774053
0.4518401145935058,1,forward_2mps,2.0,0.0,0.36708319187164307,-0.0034313141368329525,0.12858285009860992,82.73732761913546,-5.987682965762505,0.0,0.0,0.0,0.991463511701321,0.13038445062538961,-0.44323816868094673,0.11862948707969088,0.0,0.0,0.0,0.02820742880991651,1.0,2.0,0.0,2.0,0.0,2.50130877108681,0.13190102659256378,0.5013087710868098,0.13190102659256378,0.8643274307250977,0.7465440034866333,-0.1619497835636139,-0.09846992045640945,1.0,0.0,20.0,1.0,1.241469144821167,-0.01755479723215103,-0.00035639067566215887,226.4465016188093,225.51318585637807,226.0,226.0,0.42259836196899414,0.44241952896118164,0.46238183975219727,528,8,e2000000e2000000,226,226,0.4822254180908203,1,1,1,1,1,1779092642.2973497
0.5018401145935059,1,forward_2mps,2.0,0.0,0.5662738680839539,-0.009993760846555233,0.13374987244606018,82.62734528287905,-5.9592193129679885,0.0,0.0,0.0,0.9919726801416635,0.12645236989698896,-0.9784502896386169,0.25357783942281054,0.0,0.0,0.0,-0.1087968544175317,1.0,2.0,0.0,2.0,0.0,2.50130877108681,0.13190102659256378,0.5013087710868098,0.13190102659256378,0.8643274307250977,0.7465440034866333,-0.1619497835636139,-0.09846992045640945,1.0,0.0,20.0,1.0,1.241469144821167,-0.01755479723215103,-0.00035639067566215887,226.4465016188093,225.51318585637807,226.0,226.0,0.522531270980835,0.5425620079040527,0.46238183975219727,528,8,e2000000e2000000,226,226,0.4822254180908203,1,1,1,1,1,1779092642.2973497
0.5518401145935059,1,forward_2mps,2.0,0.0,0.5662738680839539,-0.009993760846555233,0.13374987244606018,82.62734528287905,-5.9592193129679885,0.0,0.0,0.0,0.9919726801416635,0.12645236989698896,-0.9784502896386169,0.25357783942281054,0.0,0.0,0.0,-0.1087968544175317,1.0,2.0,0.0,2.0,0.0,2.50130877108681,0.13190102659256378,0.5013087710868098,0.13190102659256378,0.8643274307250977,0.7465440034866333,-0.1619497835636139,-0.09846992045640945,1.0,0.0,20.0,1.0,1.241469144821167,-0.01755479723215103,-0.06551338357460344,226.4465016188093,225.51318585637807,226.0,226.0,0.522531270980835,0.5425620079040527,0.5623750686645508,528,8,e2000000e2000000,226,226,0.5822486877441406,1,1,1,1,1,1779092642.3175187
0.601840114593506,1,forward_2mps,2.0,0.0,0.7673083543777466,-0.0035211904905736446,0.13959749042987823,82.52279712006934,-5.9317594956689605,0.0,0.0,0.0,0.9918261042710499,0.1275969391737608,-1.1708616407000765,0.3063290638826314,0.0,0.0,0.0,0.07970703809338987,1.0,2.0,0.0,2.0,0.0,2.50130877108681,0.13190102659256378,0.5013087710868098,0.13190102659256378,0.8643274307250977,0.7465440034866333,-0.1619497835636139,-0.09846992045640945,1.0,0.0,20.0,1.0,1.241469144821167,-0.01755479723215103,-0.06551338357460344,226.4465016188093,225.51318585637807,226.0,226.0,0.622631311416626,0.6424257755279541,0.5623750686645508,528,8,e2000000e2000000,226,226,0.5822486877441406,1,1,1,1,1,1779092642.3175187
0.651840114593506,1,forward_2mps,2.0,0.0,0.7673083543777466,-0.0035211904905736446,0.13959749042987823,82.52279712006934,-5.9317594956689605,0.0,0.0,0.0,0.9918261042710499,0.1275969391737608,-1.1708616407000765,0.3063290638826314,0.0,0.0,0.0,0.07970703809338987,1.0,2.0,0.0,2.0,0.0,2.6202096320581334,0.1303632472848991,0.6202096320581334,0.1303632472848991,0.8440330624580383,0.7531310319900513,-0.21154356002807617,-0.0981806069612503,1.0,0.0,20.0,1.0,1.2411634922027588,0.05096206068992615,-0.06551338357460344,226.4465016188093,225.51318585637807,226.0,226.0,0.622631311416626,0.6424257755279541,0.6623084545135498,528,8,e2000000e2000000,226,226,0.6823844909667969,1,1,1,1,1,1779092642.3370285
0.701840114593506,1,forward_2mps,2.0,0.0,0.9303693175315857,-0.028351062908768654,0.14120113849639893,82.43878592653311,-5.910028775041273,0.0,0.0,0.0,0.992108856513427,0.12537949125602835,-1.313916331552614,0.337486979463098,0.0,0.0,0.0,0.020077590143221545,1.0,2.0,0.0,2.0,0.0,2.6202096320581334,0.1303632472848991,0.6202096320581334,0.1303632472848991,0.8440330624580383,0.7531310319900513,-0.21154356002807617,-0.0981806069612503,1.0,0.0,20.0,1.0,1.2411634922027588,0.05096206068992615,-0.06551338357460344,226.4465016188093,225.51318585637807,226.0,226.0,0.7226250171661377,0.7426183223724365,0.6623084545135498,528,8,e2000000e2000000,226,226,0.6823844909667969,1,1,1,1,1,1779092642.3370285
0.7518401145935061,1,forward_2mps,2.0,0.0,0.9303693175315857,-0.028351062908768654,0.14120113849639893,82.43878592653311,-5.910028775041273,0.0,0.0,0.0,0.992108856513427,0.12537949125602835,-1.313916331552614,0.337486979463098,0.0,0.0,0.0,0.020077590143221545,1.0,2.0,0.0,2.0,0.0,2.6202096320581334,0.1303632472848991,0.6202096320581334,0.1303632472848991,0.8440330624580383,0.7531310319900513,-0.21154356002807617,-0.0981806069612503,1.0,0.0,20.0,1.0,1.2411634922027588,0.05096206068992615,-0.12775352241973476,226.4465016188093,225.51318585637807,226.0,226.0,0.7226250171661377,0.7426183223724365,0.7623500823974609,528,8,e2000000e2000000,226,226,0.7822914123535156,1,1,1,1,1,1779092642.3582637
0.8018401145935061,1,forward_2mps,2.0,0.0,1.0701196193695068,-0.023420879617333412,0.15516023337841034,82.36363942824666,-5.890717188093677,0.0,0.0,0.0,0.9920805595153048,0.12560319833427733,-1.423244331502449,0.36625278534155153,0.0,0.0,0.0,-0.013995043160841075,1.0,2.0,0.0,2.0,0.0,2.6202096320581334,0.1303632472848991,0.6202096320581334,0.1303632472848991,0.8440330624580383,0.7531310319900513,-0.21154356002807617,-0.0981806069612503,1.0,0.0,20.0,1.0,1.2411634922027588,0.05096206068992615,-0.12775352241973476,226.4465016188093,225.51318585637807,226.0,226.0,0.8226418495178223,0.8424539566040039,0.7623500823974609,528,8,e2000000e2000000,226,226,0.7822914123535156,1,1,1,1,1,1779092642.3582637
0.8518401145935062,1,forward_2mps,2.0,0.0,1.0701196193695068,-0.023420879617333412,0.15516023337841034,82.36363942824666,-5.890717188093677,0.0,0.0,0.0,0.9920805595153048,0.12560319833427733,-1.423244331502449,0.36625278534155153,0.0,0.0,0.0,-0.013995043160841075,1.0,2.0,0.0,2.0,0.0,2.6202096320581334,0.1303632472848991,0.6202096320581334,0.1303632472848991,0.8440330624580383,0.7531310319900513,-0.21154356002807617,-0.0981806069612503,1.0,0.0,20.0,1.0,1.2411634922027588,0.05096206068992615,-0.12775352241973476,226.4465016188093,225.51318585637807,226.0,226.0,0.8226418495178223,0.8424539566040039,0.8622617721557617,528,8,e2000000e2000000,226,226,0.88226318359375,1,1,1,1,1,1779092642.3778567
0.9018401145935062,1,forward_2mps,2.0,0.0,1.2022825479507446,-0.030778510496020317,0.12447670102119446,82.24870299911368,-5.861027609765834,0.0,0.0,0.0,0.9920004478654589,0.12623435124691246,-1.5129078260569377,0.3913797104983467,0.0,0.0,0.0,0.006620620090088087,1.0,2.0,0.0,2.0,0.0,2.6202096320581334,0.1303632472848991,0.6202096320581334,0.1303632472848991,0.8440330624580383,0.7531310319900513,-0.21154356002807617,-0.0981806069612503,1.0,0.0,20.0,1.0,1.2411634922027588,0.05096206068992615,-0.12775352241973476,226.4465016188093,225.51318585637807,226.0,226.0,0.9224975109100342,0.9425535202026367,0.8622617721557617,528,8,e2000000e2000000,226,226,0.88226318359375,1,1,1,1,1,1779092642.3778567
0.9518401145935063,1,forward_2mps,2.0,0.0,1.2022825479507446,-0.030778510496020317,0.12447670102119446,82.24870299911368,-5.861027609765834,0.0,0.0,0.0,0.9920004478654589,0.12623435124691246,-1.5129078260569377,0.3913797104983467,0.0,0.0,0.0,0.006620620090088087,1.0,2.0,0.0,2.0,0.0,2.643685915431329,0.13223632192330714,0.643685915431329,0.13223632192330714,0.8404732346534729,0.7545220255851746,-0.22194725275039673,-0.09977521747350693,1.0,0.0,20.0,1.0,1.2414114475250244,0.19269491732120514,0.02820742880991651,226.4465016188093,225.51318585637807,226.0,226.0,0.9224975109100342,0.9425535202026367,0.9623045921325684,528,8,e2000000e2000000,226,226,0.9822549819946289,1,1,1,1,1,1779092642.3972685
1.0018401145935063,1,forward_2mps,2.0,0.0,1.3016502857208252,-0.03770061954855919,0.14226838946342468,82.08459445015676,-5.818837389919953,0.0,0.0,0.0,0.992192828640899,0.12471323423587251,-1.6236315656117057,0.4147154273328086,0.0,0.0,0.0,0.03525808770754096,1.0,2.0,0.0,2.0,0.0,2.643685915431329,0.13223632192330714,0.643685915431329,0.13223632192330714,0.8404732346534729,0.7545220255851746,-0.22194725275039673,-0.09977521747350693,1.0,0.0,20.0,1.0,1.2414114475250244,0.19269491732120514,0.02820742880991651,226.4465016188093,225.51318585637807,226.0,226.0,1.022571325302124,1.0424416065216064,0.9623045921325684,528,8,e2000000e2000000,226,226,0.9822549819946289,1,1,1,1,1,1779092642.3972685
1.0518401145935063,1,forward_2mps,2.0,0.0,1.3016502857208252,-0.03770061954855919,0.14226838946342468,82.08459445015676,-5.818837389919953,0.0,0.0,0.0,0.992192828640899,0.12471323423587251,-1.6236315656117057,0.4147154273328086,0.0,0.0,0.0,0.03525808770754096,1.0,2.0,0.0,2.0,0.0,2.643685915431329,0.13223632192330714,0.643685915431329,0.13223632192330714,0.8404732346534729,0.7545220255851746,-0.22194725275039673,-0.09977521747350693,1.0,0.0,20.0,1.0,1.2414114475250244,0.19269491732120514,0.08988532145054634,226.4465016188093,225.51318585637807,226.0,226.0,1.022571325302124,1.0424416065216064,1.062312364578247,528,8,e2000000e2000000,226,226,1.0822720527648926,1,1,1,1,1,1779092642.4180658
1.1018401145935064,1,forward_2mps,2.0,0.0,1.399709701538086,-0.03996457904577255,0.1467970311641693,81.91052775776066,-5.774556123766886,0.0,0.0,0.0,0.9923166932375074,0.12372380661044467,-1.7082566746823054,0.4327035611700038,0.0,0.0,0.0,0.04765572853951972,1.0,2.0,0.0,2.0,0.0,2.643685915431329,0.13223632192330714,0.643685915431329,0.13223632192330714,0.8404732346534729,0.7545220255851746,-0.22194725275039673,-0.09977521747350693,1.0,0.0,20.0,1.0,1.2414114475250244,0.19269491732120514,0.08988532145054634,226.4465016188093,225.51318585637807,226.0,226.0,1.1225626468658447,1.1425659656524658,1.062312364578247,528,8,e2000000e2000000,226,226,1.0822720527648926,1,1,1,1,1,1779092642.4180658
1.1518401145935064,1,forward_2mps,2.0,0.0,1.399709701538086,-0.03996457904577255,0.1467970311641693,81.91052775776066,-5.774556123766886,0.0,0.0,0.0,0.9923166932375074,0.12372380661044467,-1.7082566746823054,0.4327035611700038,0.0,0.0,0.0,0.04765572853951972,1.0,2.0,0.0,2.0,0.0,2.643685915431329,0.13223632192330714,0.643685915431329,0.13223632192330714,0.8404732346534729,0.7545220255851746,-0.22194725275039673,-0.09977521747350693,1.0,0.0,20.0,1.0,1.2414114475250244,0.36708319187164307,0.16601189533328906,226.4465016188093,225.51318585637807,226.0,226.0,1.1225626468658447,1.1425659656524658,1.1624417304992676,528,8,e2000000e2000000,226,226,1.1822669506072998,1,1,1,1,1,1779092642.4371212
1.2018401145935065,1,forward_2mps,2.0,0.0,1.4680919647216797,-0.04750286415219307,0.1526951938867569,81.79978426177843,-5.746612355824744,0.0,0.0,0.0,0.9923940972838624,0.12310140403808487,-1.7410395853138834,0.43868417461446546,0.0,0.0,0.0,0.0006665832608464817,1.0,2.0,0.0,2.0,0.0,2.643685915431329,0.13223632192330714,0.643685915431329,0.13223632192330714,0.8404732346534729,0.7545220255851746,-0.22194725275039673,-0.09977521747350693,1.0,0.0,20.0,1.0,1.2414114475250244,0.36708319187164307,0.16601189533328906,226.4465016188093,225.51318585637807,226.0,226.0,1.222618579864502,1.2424590587615967,1.1624417304992676,528,8,e2000000e2000000,226,226,1.1822669506072998,1,1,1,1,1,1779092642.4371212
1.2518401145935065,1,forward_2mps,2.0,0.0,1.4680919647216797,-0.04750286415219307,0.1526951938867569,81.79978426177843,-5.746612355824744,0.0,0.0,0.0,0.9923940972838624,0.12310140403808487,-1.7410395853138834,0.43868417461446546,0.0,0.0,0.0,0.0006665832608464817,1.0,2.0,0.0,2.0,0.0,2.6053744302182573,0.12877787888184059,0.6053744302182573,0.12877787888184059,0.8453633189201355,0.7404592037200928,-0.202487975358963,-0.09535476565361023,1.0,0.0,20.0,1.0,1.2411518096923828,0.5662738680839539,0.040438263095865075,226.4465016188093,225.51318585637807,226.0,226.0,1.222618579864502,1.2424590587615967,1.2624106407165527,528,8,e2000000e2000000,226,226,1.2822368144989014,1,1,1,1,1,1779092642.4980345
1.3018401145935066,1,forward_2mps,2.0,0.0,1.540831208229065,-0.04991544410586357,0.15668746829032898,81.62733077853562,-5.703312898382043,0.0,0.0,0.0,0.992482666435692,0.12238528026155253,-1.8061771918377074,0.4523256056868871,0.0,0.0,0.0,-0.07402680223829197,1.0,2.0,0.0,2.0,0.0,2.6053744302182573,0.12877787888184059,0.6053744302182573,0.12877787888184059,0.8453633189201355,0.7404592037200928,-0.202487975358963,-0.09535476565361023,1.0,0.0,20.0,1.0,1.2411518096923828,0.5662738680839539,0.040438263095865075,226.4465016188093,225.51318585637807,226.0,226.0,1.322549819946289,1.3425774574279785,1.2624106407165527,528,8,e2000000e2000000,226,226,1.2822368144989014,1,1,1,1,1,1779092642.4980345
1.3518401145935066,1,forward_2mps,2.0,0.0,1.540831208229065,-0.04991544410586357,0.15668746829032898,81.62733077853562,-5.703312898382043,0.0,0.0,0.0,0.992482666435692,0.12238528026155253,-1.8061771918377074,0.4523256056868871,0.0,0.0,0.0,-0.07402680223829197,1.0,2.0,0.0,2.0,0.0,2.614373938679411,0.0961385615336613,0.6143739386794111,0.0961385615336613,0.8473265171051025,0.7834168672561646,-0.2152283638715744,-0.07531657069921494,1.0,0.0,20.0,1.0,1.2410190105438232,0.9303693175315857,-0.03917401022796485,226.4465016188093,225.51318585637807,226.0,226.0,1.322549819946289,1.3425774574279785,1.3623998165130615,528,8,e2000000e2000000,226,226,1.3822197914123535,1,1,1,1,1,1779092642.5972023
1.4018401145935067,1,forward_2mps,2.0,0.0,1.5837771892547607,-0.07127383351325989,0.14954441785812378,81.52535654970032,-5.677737027973251,0.0,0.0,0.0,0.9925186647122637,0.12209299815216708,-1.8193464561673443,0.45448502093735554,0.0,0.0,0.0,0.024504477185500202,1.0,2.0,0.0,2.0,0.0,2.614373938679411,0.0961385615336613,0.6143739386794111,0.0961385615336613,0.8473265171051025,0.7834168672561646,-0.2152283638715744,-0.07531657069921494,1.0,0.0,20.0,1.0,1.2410190105438232,0.9303693175315857,-0.03917401022796485,226.4465016188093,225.51318585637807,226.0,226.0,1.4228770732879639,1.4424004554748535,1.3623998165130615,528,8,e2000000e2000000,226,226,1.3822197914123535,1,1,1,1,1,1779092642.5972023
1.4518401145935067,1,forward_2mps,2.0,0.0,1.5837771892547607,-0.07127383351325989,0.14954441785812378,81.52535654970032,-5.677737027973251,0.0,0.0,0.0,0.9925186647122637,0.12209299815216708,-1.8193464561673443,0.45448502093735554,0.0,0.0,0.0,0.024504477185500202,1.0,2.0,0.0,2.0,0.0,2.435655491306794,0.06113715103467824,0.43565549130679404,0.06113715103467824,0.8808669447898865,0.7616616487503052,-0.1454884111881256,-0.04656582325696945,1.0,0.0,20.0,1.0,1.2414944171905518,1.2022825479507446,0.05534065741546404,226.4465016188093,225.51318585637807,226.0,226.0,1.4228770732879639,1.4424004554748535,1.4622633457183838,528,8,e2000000e2000000,226,226,1.4822123050689697,1,1,1,1,1,1779092642.6972754
1.5018401145935067,1,forward_2mps,2.0,0.0,1.6389986276626587,-0.07693736255168915,0.15960082411766052,81.18907726945889,-5.594368877312584,0.0,0.0,0.0,0.9926731676455142,0.12083038623053764,-1.833408129286259,0.4530454899309592,0.0,0.0,0.0,0.03677341139167107,1.0,2.0,0.0,2.0,0.0,2.435655491306794,0.06113715103467824,0.43565549130679404,0.06113715103467824,0.8808669447898865,0.7616616487503052,-0.1454884111881256,-0.04656582325696945,1.0,0.0,20.0,1.0,1.2414944171905518,1.2022825479507446,0.05534065741546404,226.4465016188093,225.51318585637807,226.0,226.0,1.522484540939331,1.5425739288330078,1.4622633457183838,528,8,e2000000e2000000,226,226,1.4822123050689697,1,1,1,1,1,1779092642.6972754
1.5518401145935068,1,forward_2mps,2.0,0.0,1.6389986276626587,-0.07693736255168915,0.15960082411766052,81.18907726945889,-5.594368877312584,0.0,0.0,0.0,0.9926731676455142,0.12083038623053764,-1.833408129286259,0.4530454899309592,0.0,0.0,0.0,0.03677341139167107,1.0,2.0,0.0,2.0,0.0,2.3792355564554373,0.05155656975898076,0.3792355564554373,0.05155656975898076,0.894923210144043,0.7740813493728638,-0.12923312187194824,-0.03990897908806801,1.0,0.0,20.0,1.0,1.2415425777435303,1.399709701538086,-0.010919832293196697,226.4465016188093,225.51318585637807,226.0,226.0,1.522484540939331,1.5425739288330078,1.5625324249267578,528,8,e2000000e2000000,226,226,1.5822694301605225,1,1,1,1,1,1779092642.797343
1.6018401145935068,1,forward_2mps,2.0,0.0,1.6907880306243896,-0.05620994791388512,0.1312675178050995,81.00813387210097,-5.550016510492108,0.0,0.0,0.0,0.9928563964435652,0.11931544762141291,-1.8606242681818912,0.453749986836787,0.0,0.0,0.0,0.005555812651817868,1.0,2.0,0.0,2.0,0.0,2.3792355564554373,0.05155656975898076,0.3792355564554373,0.05155656975898076,0.894923210144043,0.7740813493728638,-0.12923312187194824,-0.03990897908806801,1.0,0.0,20.0,1.0,1.2415425777435303,1.399709701538086,-0.010919832293196697,226.4465016188093,225.51318585637807,226.0,226.0,1.6225721836090088,1.6424157619476318,1.5625324249267578,528,8,e2000000e2000000,226,226,1.5822694301605225,1,1,1,1,1,1779092642.797343
1.6518401145935069,1,forward_2mps,2.0,0.0,1.6907880306243896,-0.05620994791388512,0.1312675178050995,81.00813387210097,-5.550016510492108,0.0,0.0,0.0,0.9928563964435652,0.11931544762141291,-1.8606242681818912,0.453749986836787,0.0,0.0,0.0,0.005555812651817868,1.0,2.0,0.0,2.0,0.0,2.2530962721784173,0.02462501665764055,0.25309627217841735,0.02462501665764055,0.925946831703186,0.769316554069519,-0.08624735474586487,-0.018944432958960533,1.0,0.0,20.0,1.0,1.2412896156311035,1.540831208229065,0.021534342297096266,226.4465016188093,225.51318585637807,226.0,226.0,1.6225721836090088,1.6424157619476318,1.6622650623321533,528,8,e2000000e2000000,226,226,1.682433843612671,1,1,1,1,1,1779092642.8973272
1.701840114593507,1,forward_2mps,2.0,0.0,1.7221184968948364,-0.06412498652935028,0.16009804606437683,80.88058049831938,-5.5189983644012015,0.0,0.0,0.0,0.9929239125372376,0.11875227960651631,-1.8869869417003837,0.45791176441883147,0.0,0.0,0.0,0.02122615295303055,1.0,2.0,0.0,2.0,0.0,2.2530962721784173,0.02462501665764055,0.25309627217841735,0.02462501665764055,0.925946831703186,0.769316554069519,-0.08624735474586487,-0.018944432958960533,1.0,0.0,20.0,1.0,1.2412896156311035,1.540831208229065,0.021534342297096266,226.4465016188093,225.51318585637807,226.0,226.0,1.7225010395050049,1.7424943447113037,1.6622650623321533,528,8,e2000000e2000000,226,226,1.682433843612671,1,1,1,1,1,1779092642.8973272
1.751840114593507,1,forward_2mps,2.0,0.0,1.7221184968948364,-0.06412498652935028,0.16009804606437683,80.88058049831938,-5.5189983644012015,0.0,0.0,0.0,0.9929239125372376,0.11875227960651631,-1.8869869417003837,0.45791176441883147,0.0,0.0,0.0,0.02122615295303055,1.0,2.0,0.0,2.0,0.0,2.1111462214712025,-0.0042424361368214964,0.11114622147120246,-0.0042424361368214964,0.9675115942955017,0.7775354385375977,-0.042558446526527405,0.0032986444421112537,1.0,0.0,20.0,1.0,1.2415764331817627,1.6389986276626587,-0.012322628638356882,226.4465016188093,225.51318585637807,226.0,226.0,1.7225010395050049,1.7424943447113037,1.7623417377471924,528,8,e2000000e2000000,226,226,1.782376766204834,1,1,1,1,1,1779092642.997482
1.801840114593507,1,forward_2mps,2.0,0.0,1.748719573020935,-0.08100251108407974,0.1650126576423645,80.77507613348847,-5.493452255130793,0.0,0.0,0.0,0.9929733939542252,0.1183378168593077,-1.8809049634355781,0.4547735300019673,0.0,0.0,0.0,0.01292213536009452,1.0,2.0,0.0,2.0,0.0,2.1111462214712025,-0.0042424361368214964,0.11114622147120246,-0.0042424361368214964,0.9675115942955017,0.7775354385375977,-0.042558446526527405,0.0032986444421112537,1.0,0.0,20.0,1.0,1.2415764331817627,1.6389986276626587,-0.012322628638356882,226.4465016188093,225.51318585637807,226.0,226.0,1.8225603103637695,1.8424131870269775,1.7623417377471924,528,8,e2000000e2000000,226,226,1.782376766204834,1,1,1,1,1,1779092642.997482
1.851840114593507,1,forward_2mps,2.0,0.0,1.748719573020935,-0.08100251108407974,0.1650126576423645,80.77507613348847,-5.493452255130793,0.0,0.0,0.0,0.9929733939542252,0.1183378168593077,-1.8809049634355781,0.4547735300019673,0.0,0.0,0.0,0.01292213536009452,1.0,2.0,0.0,2.0,0.0,2.071502204334391,-0.0038865798380837966,0.07150220433439092,-0.0038865798380837966,0.9809209108352661,0.7781474590301514,-0.03197982907295227,0.0030243322253227234,1.0,0.0,20.0,1.0,1.2408132553100586,1.7221184968948364,0.028463523154204546,226.4465016188093,225.51318585637807,226.0,226.0,1.8225603103637695,1.8424131870269775,1.8622357845306396,528,8,e2000000e2000000,226,226,1.8824825286865234,1,1,1,1,1,1779092643.1021183
1.901840114593507,1,forward_2mps,2.0,0.0,1.7866849899291992,-0.08999253809452057,0.1467106193304062,80.64004203549334,-5.4609492487895475,0.0,0.0,0.0,0.9930791942593807,0.11744664290280578,-1.8881845757605673,0.4529480213013635,0.0,0.0,0.0,0.009555349319641224,1.0,2.0,0.0,2.0,0.0,2.071502204334391,-0.0038865798380837966,0.07150220433439092,-0.0038865798380837966,0.9809209108352661,0.7781474590301514,-0.03197982907295227,0.0030243322253227234,1.0,0.0,20.0,1.0,1.2408132553100586,1.7221184968948364,0.028463523154204546,226.4465016188093,225.51318585637807,226.0,226.0,1.9225609302520752,1.942434310913086,1.8622357845306396,528,8,e2000000e2000000,226,226,1.8824825286865234,1,1,1,1,1,1779092643.1021183
1.9518401145935071,1,forward_2mps,2.0,0.0,1.7866849899291992,-0.08999253809452057,0.1467106193304062,80.64004203549334,-5.4609492487895475,0.0,0.0,0.0,0.9930791942593807,0.11744664290280578,-1.8881845757605673,0.4529480213013635,0.0,0.0,0.0,0.009555349319641224,1.0,2.0,0.0,2.0,0.0,2.013613193576447,-0.003971288418974368,0.013613193576447191,-0.003971288418974368,1.001234769821167,0.7821495532989502,-0.016099542379379272,0.0031061414629220963,1.0,0.0,20.0,1.0,1.2413489818572998,1.7866849899291992,0.06688877147755057,226.4465016188093,225.51318585637807,226.0,226.0,1.9225609302520752,1.942434310913086,1.9623925685882568,528,8,e2000000e2000000,226,226,1.9822568893432617,1,1,1,1,1,1779092643.1973307
2.001840114593507,1,stop_after_2mps,0.0,0.0,1.8052831888198853,-0.09840218722820282,0.16683048009872437,80.4920605501496,-5.4255844761360725,0.0,0.0,0.0,0.9931719052843953,0.11666004694737689,-1.895368547659636,0.45149736259860235,0.0,0.0,0.0,0.013055749554620499,1.0,2.0,0.0,2.0,0.0,2.013613193576447,-0.003971288418974368,0.013613193576447191,-0.003971288418974368,1.001234769821167,0.7821495532989502,-0.016099542379379272,0.0031061414629220963,1.0,0.0,20.0,1.0,1.2413489818572998,1.7866849899291992,0.06688877147755057,226.4465016188093,225.51318585637807,226.0,226.0,2.023513078689575,2.0434865951538086,1.9623925685882568,528,8,e2000000e2000000,226,226,1.9822568893432617,1,1,1,1,1,1779092643.1973307
2.051840114593507,1,stop_after_2mps,0.0,0.0,1.8052831888198853,-0.09840218722820282,0.16683048009872437,80.4920605501496,-5.4255844761360725,0.0,0.0,0.0,0.9931719052843953,0.11666004694737689,-1.895368547659636,0.45149736259860235,0.0,0.0,0.0,0.013055749554620499,1.0,2.0,0.0,2.0,0.0,1.9873884266092805,-0.007221196346047476,-0.0126115733907195,-0.007221196346047476,1.0118745565414429,0.7905254364013672,-0.01098778285086155,0.005708539392799139,1.0,0.0,20.0,1.0,1.241452932357788,1.8034095764160156,0.029861152443837125,226.4465016188093,225.51318585637807,226.0,226.0,2.023513078689575,2.0434865951538086,2.0633163452148438,528,8,e2000000e2000000,226,226,2.0832884311676025,1,1,1,1,1,1779092643.2973132
2.101840114593507,1,stop_after_2mps,0.0,0.0,1.8034095764160156,-0.01241619698703289,0.19159303605556488,80.3574698839395,-5.393602329128646,0.0,0.0,0.0,0.9932418173940402,0.11606331108401244,-1.8829683507433945,0.4461531521414422,0.0,0.0,0.0,0.02049981163837421,1.0,2.0,0.0,2.0,0.0,1.9873884266092805,-0.007221196346047476,-0.0126115733907195,-0.007221196346047476,1.0118745565414429,0.7905254364013672,-0.01098778285086155,0.005708539392799139,1.0,0.0,20.0,1.0,1.241452932357788,1.8034095764160156,0.029861152443837125,226.4465016188093,225.51318585637807,226.0,226.0,2.123539686203003,2.143418312072754,2.0633163452148438,528,8,e2000000e2000000,226,226,2.0832884311676025,1,1,1,1,1,1779092643.2973132
2.1518401145935067,1,stop_after_2mps,0.0,0.0,1.8034095764160156,-0.01241619698703289,0.19159303605556488,80.3574698839395,-5.393602329128646,0.0,0.0,0.0,0.9932418173940402,0.11606331108401244,-1.8829683507433945,0.4461531521414422,0.0,0.0,0.0,0.02049981163837421,1.0,2.0,0.0,2.0,0.0,1.9558905212537385,0.0006128252954373266,-0.04410947874626148,0.0006128252954373266,1.0223597288131714,0.7752378582954407,0.0003762971027754247,-0.00047508536954410374,1.0,0.0,20.0,1.0,1.1398899555206299,1.8429008722305298,-0.01708229101735506,226.4465016188093,225.51318585637807,226.0,226.0,2.123539686203003,2.143418312072754,2.1634087562561035,528,8,e2000000e2000000,226,226,2.1832175254821777,1,1,1,1,1,1779092643.3974936
2.2018401145935065,1,stop_after_2mps,0.0,0.0,1.8351778984069824,-0.037110380828380585,0.13112035393714905,80.12445579531723,-5.338727748990319,0.0,0.0,0.0,0.9933787561423904,0.11488536392855862,-1.9034441212616435,0.44623941505811654,0.0,0.0,0.0,0.022549319064987257,1.0,2.0,0.0,2.0,0.0,1.9558905212537385,0.0006128252954373266,-0.04410947874626148,0.0006128252954373266,1.0223597288131714,0.7752378582954407,0.0003762971027754247,-0.00047508536954410374,1.0,0.0,20.0,1.0,1.1398899555206299,1.8429008722305298,-0.01708229101735506,226.4465016188093,225.51318585637807,226.0,226.0,2.223653554916382,2.2435736656188965,2.1634087562561035,528,8,e2000000e2000000,226,226,2.1832175254821777,1,1,1,1,1,1779092643.3974936
2.2518401145935063,1,stop_after_2mps,0.0,0.0,1.8351778984069824,-0.037110380828380585,0.13112035393714905,80.12445579531723,-5.338727748990319,0.0,0.0,0.0,0.9933787561423904,0.11488536392855862,-1.9034441212616435,0.44623941505811654,0.0,0.0,0.0,0.022549319064987257,1.0,2.0,0.0,2.0,0.0,1.9601612192606532,-0.008814943443084146,-0.03983878073934677,-0.008814943443084146,1.0266313552856445,0.768020749092102,-0.012362969107925892,0.0067700594663619995,1.0,0.0,20.0,1.0,1.1403882503509521,1.856658935546875,0.04140448006233961,226.4465016188093,225.51318585637807,226.0,226.0,2.223653554916382,2.2435736656188965,2.2632274627685547,528,8,e2000000e2000000,226,226,2.283273458480835,1,1,1,1,1,1779092643.4976737
2.301840114593506,1,stop_after_2mps,0.0,0.0,1.8429008722305298,-0.047565292567014694,0.10894664376974106,79.71678585157511,-5.244232784538012,0.0,0.0,0.0,0.9936328641513186,0.1126664603085019,-1.9183804237388422,0.4407104344269115,0.0,0.0,0.0,0.0336285594552353,1.0,2.0,0.0,2.0,0.0,1.9601612192606532,-0.008814943443084146,-0.03983878073934677,-0.008814943443084146,1.0266313552856445,0.768020749092102,-0.012362969107925892,0.0067700594663619995,1.0,0.0,20.0,1.0,1.1403882503509521,1.856658935546875,0.04140448006233961,226.4465016188093,225.51318585637807,226.0,226.0,2.323462724685669,2.3434128761291504,2.2632274627685547,528,8,e2000000e2000000,226,226,2.283273458480835,1,1,1,1,1,1779092643.4976737
2.351840114593506,1,stop_after_2mps,0.0,0.0,1.8429008722305298,-0.047565292567014694,0.10894664376974106,79.71678585157511,-5.244232784538012,0.0,0.0,0.0,0.9936328641513186,0.1126664603085019,-1.9183804237388422,0.4407104344269115,0.0,0.0,0.0,0.0336285594552353,1.0,2.0,0.0,2.0,0.0,1.955491836257375,-0.0043400577016596345,-0.044508163742625007,-0.0043400577016596345,1.0275335311889648,0.7725422978401184,-0.009333431720733643,0.003352878149598837,1.0,0.0,20.0,1.0,1.139984369277954,1.8781216144561768,0.031434548070622174,226.4465016188093,225.51318585637807,226.0,226.0,2.323462724685669,2.3434128761291504,2.363265037536621,528,8,e2000000e2000000,226,226,2.383169651031494,1,1,1,1,1,1779092643.59715
2.4018401145935058,1,stop_after_2mps,0.0,0.0,1.8575550317764282,-0.0715293139219284,0.1629047989845276,79.29667223119604,-5.149053827339902,0.0,0.0,0.0,0.9939108159164028,0.11018752199949988,-1.8556715990394101,0.4165689455025834,0.0,0.0,0.0,0.0045220867774706155,1.0,2.0,0.0,2.0,0.0,1.955491836257375,-0.0043400577016596345,-0.044508163742625007,-0.0043400577016596345,1.0275335311889648,0.7725422978401184,-0.009333431720733643,0.003352878149598837,1.0,0.0,20.0,1.0,1.139984369277954,1.8781216144561768,0.031434548070622174,226.4465016188093,225.51318585637807,226.0,226.0,2.4236998558044434,2.4434611797332764,2.363265037536621,528,8,e2000000e2000000,226,226,2.383169651031494,1,1,1,1,1,1779092643.59715
2.4518401145935056,1,stop_after_2mps,0.0,0.0,1.8575550317764282,-0.0715293139219284,0.1629047989845276,79.29667223119604,-5.149053827339902,0.0,0.0,0.0,0.9939108159164028,0.11018752199949988,-1.8556715990394101,0.4165689455025834,0.0,0.0,0.0,0.0045220867774706155,1.0,2.0,0.0,2.0,0.0,1.9569504492636605,-0.0050504910790098384,-0.04304955073633954,-0.0050504910790098384,1.027430772781372,0.7753289341926575,-0.01063111238181591,0.003915791865438223,1.0,0.0,20.0,1.0,1.1399085521697998,1.8994263410568237,0.03174062007832482,226.4465016188093,225.51318585637807,226.0,226.0,2.4236998558044434,2.4434611797332764,2.463257312774658,528,8,e2000000e2000000,226,226,2.483257293701172,1,1,1,1,1,1779092643.6972125
2.5018401145935054,1,stop_after_2mps,0.0,0.0,1.856658935546875,-0.06825818121433258,0.15146459639072418,79.10586773055839,-5.106497595933554,0.0,0.0,0.0,0.9940853979006417,0.1086012047848591,-1.6751883576102693,0.3704410174777597,0.0,0.0,0.0,0.03179465983797741,1.0,2.0,0.0,2.0,0.0,1.9569504492636605,-0.0050504910790098384,-0.04304955073633954,-0.0050504910790098384,1.027430772781372,0.7753289341926575,-0.01063111238181591,0.003915791865438223,1.0,0.0,20.0,1.0,1.1399085521697998,1.8994263410568237,0.03174062007832482,226.4465016188093,225.51318585637807,226.0,226.0,2.5235157012939453,2.543431282043457,2.463257312774658,528,8,e2000000e2000000,226,226,2.483257293701172,1,1,1,1,1,1779092643.6972125
2.5518401145935052,1,stop_after_2mps,0.0,0.0,1.856658935546875,-0.06825818121433258,0.15146459639072418,79.10586773055839,-5.106497595933554,0.0,0.0,0.0,0.9940853979006417,0.1086012047848591,-1.6751883576102693,0.3704410174777597,0.0,0.0,0.0,0.03179465983797741,1.0,2.0,0.0,2.0,0.0,1.959854401691669,-0.006522346726796945,-0.040145598308330976,-0.006522346726796945,1.026633620262146,0.7808406949043274,-0.01205241959542036,0.005092913750559092,1.0,0.0,20.0,1.0,1.1401216983795166,1.9008766412734985,0.03829960400502525,226.4465016188093,225.51318585637807,226.0,226.0,2.5235157012939453,2.543431282043457,2.5632834434509277,528,8,0000000000000000,0,0,2.5832018852233887,1,1,1,1,1,1779092643.797924
2.601840114593505,1,stop_after_2mps,0.0,0.0,1.882196068763733,-0.056760530918836594,0.15009263157844543,78.98074176810162,-5.078999701044359,0.0,0.0,0.0,0.9942242497697001,0.10732260325708123,-1.4422562803107382,0.31504279324822765,0.0,0.0,0.0,0.028879156312536118,1.0,2.0,0.0,2.0,0.0,1.959854401691669,-0.006522346726796945,-0.040145598308330976,-0.006522346726796945,1.026633620262146,0.7808406949043274,-0.01205241959542036,0.005092913750559092,1.0,0.0,20.0,1.0,1.1401216983795166,1.9008766412734985,0.03829960400502525,226.4465016188093,225.51318585637807,226.0,226.0,2.6237237453460693,2.643503427505493,2.5632834434509277,528,8,0000000000000000,0,0,2.5832018852233887,1,1,1,1,1,1779092643.797924
2.651840114593505,1,stop_after_2mps,0.0,0.0,1.882196068763733,-0.056760530918836594,0.15009263157844543,78.98074176810162,-5.078999701044359,0.0,0.0,0.0,0.9942242497697001,0.10732260325708123,-1.4422562803107382,0.31504279324822765,0.0,0.0,0.0,0.028879156312536118,1.0,2.0,0.0,2.0,0.0,1.9458218017771682,-0.0048431604674017675,-0.054178198222831764,-0.0048431604674017675,1.0323874950408936,0.7845109701156616,-0.008842095732688904,0.003799512516707182,1.0,0.0,20.0,1.0,1.1407365798950195,1.9266937971115112,0.024037457644791153,226.4465016188093,225.51318585637807,226.0,226.0,2.6237237453460693,2.643503427505493,2.6632349491119385,528,8,0000000000000000,0,0,2.683373212814331,1,1,1,1,1,1779092643.8981378
2.7018401145935047,1,stop_after_2mps,0.0,0.0,1.8781216144561768,-0.055452294647693634,0.18086838722229004,78.90578043421671,-5.06264945193063,0.0,0.0,0.0,0.9942497026999817,0.10708654761919463,-1.279972639068531,0.2789572404544792,0.0,0.0,0.0,-0.004673591780981057,1.0,2.0,0.0,2.0,0.0,1.9458218017771682,-0.0048431604674017675,-0.054178198222831764,-0.0048431604674017675,1.0323874950408936,0.7845109701156616,-0.008842095732688904,0.003799512516707182,1.0,0.0,20.0,1.0,1.1407365798950195,1.9266937971115112,0.024037457644791153,226.4465016188093,225.51318585637807,226.0,226.0,2.7234914302825928,2.743413209915161,2.6632349491119385,528,8,0000000000000000,0,0,2.683373212814331,1,1,1,1,1,1779092643.8981378
2.7518401145935045,1,stop_after_2mps,0.0,0.0,1.8781216144561768,-0.055452294647693634,0.18086838722229004,78.90578043421671,-5.06264945193063,0.0,0.0,0.0,0.9942497026999817,0.10708654761919463,-1.279972639068531,0.2789572404544792,0.0,0.0,0.0,-0.004673591780981057,1.0,2.0,0.0,2.0,0.0,1.9586871914593156,-0.00854540563155209,-0.04131280854068442,-0.00854540563155209,1.0279721021652222,0.7862289547920227,-0.013475789688527584,0.006718645337969065,1.0,0.0,20.0,1.0,1.1405117511749268,1.9097766876220703,0.014153054161082637,226.4465016188093,225.51318585637807,226.0,226.0,2.7234914302825928,2.743413209915161,2.763261556625366,528,8,0000000000000000,0,0,2.783169746398926,1,1,1,1,1,1779092643.9974644
2.8018401145935043,1,stop_after_2mps,0.0,0.0,1.886001706123352,-0.052999675273895264,0.21183249354362488,78.8708729089403,-5.055044912153638,0.0,0.0,0.0,0.9942586903375634,0.1070030685926021,-1.1825560533423711,0.2575182668188786,0.0,0.0,0.0,0.0013462133457664803,1.0,2.0,0.0,2.0,0.0,1.9586871914593156,-0.00854540563155209,-0.04131280854068442,-0.00854540563155209,1.0279721021652222,0.7862289547920227,-0.013475789688527584,0.006718645337969065,1.0,0.0,20.0,1.0,1.1405117511749268,1.9097766876220703,0.014153054161082637,226.4465016188093,225.51318585637807,226.0,226.0,2.8237311840057373,2.8434438705444336,2.763261556625366,528,8,0000000000000000,0,0,2.783169746398926,1,1,1,1,1,1779092643.9974644
2.851840114593504,1,stop_after_2mps,0.0,0.0,1.886001706123352,-0.052999675273895264,0.21183249354362488,78.8708729089403,-5.055044912153638,0.0,0.0,0.0,0.9942586903375634,0.1070030685926021,-1.1825560533423711,0.2575182668188786,0.0,0.0,0.0,0.0013462133457664803,1.0,2.0,0.0,2.0,0.0,1.9538553969844292,-0.006814605046205082,-0.04614460301557077,-0.006814605046205082,1.0294688940048218,0.7846952676773071,-0.011433354578912258,0.005347388330847025,1.0,0.0,20.0,1.0,1.1392109394073486,1.912810206413269,0.004319178181986043,226.4465016188093,225.51318585637807,226.0,226.0,2.8237311840057373,2.8434438705444336,2.863306760787964,528,8,0000000000000000,0,0,2.8832638263702393,1,1,1,1,1,1779092644.0986943
2.901840114593504,1,stop_after_2mps,0.0,0.0,1.8994263410568237,-0.0614822655916214,0.2002929300069809,78.8441518147741,-5.0492287745953846,0.0,0.0,0.0,0.9942727684704642,0.10687217541567445,-1.117644485378129,0.24307464842135973,0.0,0.0,0.0,0.023409749350551866,1.0,2.0,0.0,2.0,0.0,1.9538553969844292,-0.006814605046205082,-0.04614460301557077,-0.006814605046205082,1.0294688940048218,0.7846952676773071,-0.011433354578912258,0.005347388330847025,1.0,0.0,20.0,1.0,1.1392109394073486,1.912810206413269,0.004319178181986043,226.4465016188093,225.51318585637807,226.0,226.0,2.9234626293182373,2.943429946899414,2.863306760787964,528,8,0000000000000000,0,0,2.8832638263702393,1,1,1,1,1,1779092644.0986943
2.951840114593504,1,stop_after_2mps,0.0,0.0,1.8994263410568237,-0.0614822655916214,0.2002929300069809,78.8441518147741,-5.0492287745953846,0.0,0.0,0.0,0.9942727684704642,0.10687217541567445,-1.117644485378129,0.24307464842135973,0.0,0.0,0.0,0.023409749350551866,1.0,2.0,0.0,2.0,0.0,1.9536586903759212,-0.0041384646377605906,-0.046341309624078786,-0.0041384646377605906,1.029099464416504,0.7836713790893555,-0.010509111918509007,0.003243196289986372,1.0,0.0,20.0,1.0,1.1401031017303467,1.90427565574646,0.027814270204046938,226.4465016188093,225.51318585637807,226.0,226.0,2.9234626293182373,2.943429946899414,2.963351249694824,528,8,0000000000000000,0,0,2.983193874359131,1,1,1,1,1,1779092644.1973412
3.0018401145935036,1,stop_after_2mps,0.0,0.0,1.882812261581421,-0.05133238434791565,0.17949721217155457,78.84108431648542,-5.048561833716637,0.0,0.0,0.0,0.9942761652791721,0.10684056887598713,-1.1046638913184301,0.24017796818858814,0.0,0.0,0.0,0.023020316662979438,1.0,2.0,0.0,2.0,0.0,1.9536586903759212,-0.0041384646377605906,-0.046341309624078786,-0.0041384646377605906,1.029099464416504,0.7836713790893555,-0.010509111918509007,0.003243196289986372,1.0,0.0,20.0,1.0,1.1401031017303467,1.90427565574646,0.027814270204046938,226.4465016188093,225.51318585637807,226.0,226.0,3.0234389305114746,3.0434348583221436,2.963351249694824,528,8,0000000000000000,0,0,2.983193874359131,1,1,1,1,1,1779092644.1973412
3.0518401145935035,1,stop_after_2mps,0.0,0.0,1.882812261581421,-0.05133238434791565,0.17949721217155457,78.84108431648542,-5.048561833716637,0.0,0.0,0.0,0.9942761652791721,0.10684056887598713,-1.1046638913184301,0.24017796818858814,0.0,0.0,0.0,0.023020316662979438,1.0,0.0,0.0,0.0,0.0,-0.1258277865919316,0.034949882701068975,-0.1258277865919316,0.034949882701068975,1.0616934299468994,0.6797430515289307,0.13359053432941437,-0.02375693991780281,1.0,0.0,20.0,1.0,1.141082525253296,1.9113481044769287,0.027363158650197603,0.0,0.0,0.0,0.0,3.0234389305114746,3.0434348583221436,3.063387155532837,528,8,0000000000000000,0,0,3.0832173824310303,1,1,1,1,1,1779092644.2983613
3.1018401145935033,1,stop_after_2mps,0.0,0.0,1.9008766412734985,-0.058577828109264374,0.21443083882331848,78.83323033243408,-5.046855262931111,0.0,0.0,0.0,0.9942830234416605,0.10677672637663342,-1.0916983172322594,0.23721215151666514,0.0,0.0,0.0,0.01926601178813028,1.0,0.0,0.0,0.0,0.0,-0.1258277865919316,0.034949882701068975,-0.1258277865919316,0.034949882701068975,1.0616934299468994,0.6797430515289307,0.13359053432941437,-0.02375693991780281,1.0,0.0,20.0,1.0,1.141082525253296,1.9113481044769287,0.027363158650197603,0.0,0.0,0.0,0.0,3.123490810394287,3.1434359550476074,3.063387155532837,528,8,0000000000000000,0,0,3.0832173824310303,1,1,1,1,1,1779092644.2983613
3.151840114593503,1,stop_after_2mps,0.0,0.0,1.9008766412734985,-0.058577828109264374,0.21443083882331848,78.83323033243408,-5.046855262931111,0.0,0.0,0.0,0.9942830234416605,0.10677672637663342,-1.0916983172322594,0.23721215151666514,0.0,0.0,0.0,0.01926601178813028,1.0,0.0,0.0,0.0,0.0,-0.11587547699942549,0.05649943320264982,-0.11587547699942549,0.05649943320264982,1.0684176683425903,0.6963722705841064,0.12380340695381165,-0.03934463858604431,1.0,0.0,20.0,1.0,1.1411213874816895,1.8811936378479004,0.013966372455830059,0.0,0.0,0.0,0.0,3.123490810394287,3.1434359550476074,3.1634023189544678,528,8,0000000000000000,0,0,3.183297872543335,1,1,1,1,1,1779092644.398326
3.201840114593503,1,stop_after_2mps,0.0,0.0,1.8940904140472412,-0.05048700422048569,0.14343994855880737,78.83219928252132,-5.046631245364752,0.0,0.0,0.0,0.9942838372316426,0.10676914825885105,-1.0852037072275147,0.23578363228422292,0.0,0.0,0.0,0.01892367989501384,1.0,0.0,0.0,0.0,0.0,-0.11587547699942549,0.05649943320264982,-0.11587547699942549,0.05649943320264982,1.0684176683425903,0.6963722705841064,0.12380340695381165,-0.03934463858604431,1.0,0.0,20.0,1.0,1.1411213874816895,1.8811936378479004,0.013966372455830059,0.0,0.0,0.0,0.0,3.2237906455993652,3.2435474395751953,3.1634023189544678,528,8,0000000000000000,0,0,3.183297872543335,1,1,1,1,1,1779092644.398326
3.2518401145935028,1,stop_after_2mps,0.0,0.0,1.8940904140472412,-0.05048700422048569,0.14343994855880737,78.83219928252132,-5.046631245364752,0.0,0.0,0.0,0.9942838372316426,0.10676914825885105,-1.0852037072275147,0.23578363228422292,0.0,0.0,0.0,0.01892367989501384,1.0,0.0,0.0,0.0,0.0,-0.11145317054535192,0.0640022148390078,-0.11145317054535192,0.0640022148390078,1.0628180503845215,0.7134373784065247,0.11845444142818451,-0.045661572366952896,1.0,0.0,20.0,1.0,1.141089677810669,1.852122187614441,0.023137422716404607,0.0,0.0,0.0,0.0,3.2237906455993652,3.2435474395751953,3.263258695602417,528,8,0000000000000000,0,0,3.283215284347534,1,1,1,1,1,1779092644.4984856
3.3018401145935026,1,stop_after_2mps,0.0,0.0,1.9266937971115112,-0.04580406844615936,0.11637171357870102,78.82614676911177,-5.045316785078142,0.0,0.0,0.0,0.9942886981517941,0.10672387140471695,-1.072228467803893,0.23286222495232195,0.0,0.0,0.0,0.017493649316185574,1.0,0.0,0.0,0.0,0.0,-0.11145317054535192,0.0640022148390078,-0.11145317054535192,0.0640022148390078,1.0628180503845215,0.7134373784065247,0.11845444142818451,-0.045661572366952896,1.0,0.0,20.0,1.0,1.141089677810669,1.852122187614441,0.023137422716404607,0.0,0.0,0.0,0.0,3.323493719100952,3.3434247970581055,3.263258695602417,528,8,0000000000000000,0,0,3.283215284347534,1,1,1,1,1,1779092644.4984856
3.3518401145935024,1,stop_after_2mps,0.0,0.0,1.9266937971115112,-0.04580406844615936,0.11637171357870102,78.82614676911177,-5.045316785078142,0.0,0.0,0.0,0.9942886981517941,0.10672387140471695,-1.072228467803893,0.23286222495232195,0.0,0.0,0.0,0.017493649316185574,1.0,0.0,0.0,0.0,0.0,-0.10969562060458747,0.06594432091073363,-0.10969562060458747,0.06594432091073363,1.0579679012298584,0.7189205288887024,0.11605444550514221,-0.04740872606635094,1.0,0.0,20.0,1.0,1.1408259868621826,1.722588062286377,0.02845981068650509,0.0,0.0,0.0,0.0,3.323493719100952,3.3434247970581055,3.3633921146392822,528,8,0000000000000000,0,0,3.3832836151123047,1,1,1,1,1,1779092644.598126
3.401840114593502,1,stop_after_2mps,0.0,0.0,1.8900426626205444,-0.052383050322532654,0.14502191543579102,78.82157192598106,-5.0443235836128055,0.0,0.0,0.0,0.9942925336762323,0.10668813184088755,-1.059248293818467,0.22996350421559345,0.0,0.0,0.0,0.017813752757332775,1.0,0.0,0.0,0.0,0.0,-0.10969562060458747,0.06594432091073363,-0.10969562060458747,0.06594432091073363,1.0579679012298584,0.7189205288887024,0.11605444550514221,-0.04740872606635094,1.0,0.0,20.0,1.0,1.1408259868621826,1.722588062286377,0.02845981068650509,0.0,0.0,0.0,0.0,3.423895835876465,3.4436028003692627,3.3633921146392822,528,8,0000000000000000,0,0,3.3832836151123047,1,1,1,1,1,1779092644.598126
3.451840114593502,1,stop_after_2mps,0.0,0.0,1.8900426626205444,-0.052383050322532654,0.14502191543579102,78.82157192598106,-5.0443235836128055,0.0,0.0,0.0,0.9942925336762323,0.10668813184088755,-1.059248293818467,0.22996350421559345,0.0,0.0,0.0,0.017813752757332775,1.0,0.0,0.0,0.0,0.0,-0.10884893432224411,0.06454369058606671,-0.10884893432224411,0.06454369058606671,1.044073462486267,0.7274274826049805,0.11364628374576569,-0.04695085436105728,1.0,0.0,20.0,1.0,1.14091157913208,1.4326400756835938,0.001756297650833137,0.0,0.0,0.0,0.0,3.423895835876465,3.4436028003692627,3.463287353515625,528,8,0000000000000000,0,0,3.483238458633423,1,1,1,1,1,1779092644.6983278
3.501840114593502,1,stop_after_2mps,0.0,0.0,1.9097766876220703,-0.05924265831708908,0.17077508568763733,78.81622196894658,-5.043162556186964,0.0,0.0,0.0,0.9942968348506646,0.10664803892219675,-1.0462696969066805,0.2270574894539788,0.0,0.0,0.0,0.01651582575289529,1.0,0.0,0.0,0.0,0.0,-0.10884893432224411,0.06454369058606671,-0.10884893432224411,0.06454369058606671,1.044073462486267,0.7274274826049805,0.11364628374576569,-0.04695085436105728,1.0,0.0,20.0,1.0,1.14091157913208,1.4326400756835938,0.001756297650833137,0.0,0.0,0.0,0.0,3.523510694503784,3.543473243713379,3.463287353515625,528,8,0000000000000000,0,0,3.483238458633423,1,1,1,1,1,1779092644.6983278
3.5518401145935017,1,stop_after_2mps,0.0,0.0,1.9097766876220703,-0.05924265831708908,0.17077508568763733,78.81622196894658,-5.043162556186964,0.0,0.0,0.0,0.9942968348506646,0.10664803892219675,-1.0462696969066805,0.2270574894539788,0.0,0.0,0.0,0.01651582575289529,1.0,0.0,0.0,0.0,0.0,-0.10510834857005276,0.08350208958506875,-0.10510834857005276,0.08350208958506875,1.0001444816589355,0.7278487682342529,0.10512353479862213,-0.06077689304947853,1.0,0.0,20.0,1.0,1.1411464214324951,1.1026428937911987,0.021071238978262664,0.0,0.0,0.0,0.0,3.523510694503784,3.543473243713379,3.56355619430542,528,8,0000000000000000,0,0,3.5833182334899902,1,1,1,1,1,1779092644.7983253
3.6018401145935015,1,stop_after_2mps,0.0,0.0,1.9038797616958618,-0.0599677674472332,0.1373937577009201,78.81305262523635,-5.042474917756052,0.0,0.0,0.0,0.9942994142548118,0.10662398797896308,-1.0332834046777688,0.22418691187940615,0.0,0.0,0.0,0.015737263207453583,1.0,0.0,0.0,0.0,0.0,-0.10510834857005276,0.08350208958506875,-0.10510834857005276,0.08350208958506875,1.0001444816589355,0.7278487682342529,0.10512353479862213,-0.06077689304947853,1.0,0.0,20.0,1.0,1.1411464214324951,1.1026428937911987,0.021071238978262664,0.0,0.0,0.0,0.0,3.623741388320923,3.6434712409973145,3.56355619430542,528,8,0000000000000000,0,0,3.5833182334899902,1,1,1,1,1,1779092644.7983253
3.6518401145935013,1,stop_after_2mps,0.0,0.0,1.9038797616958618,-0.0599677674472332,0.1373937577009201,78.81305262523635,-5.042474917756052,0.0,0.0,0.0,0.9942994142548118,0.10662398797896308,-1.0332834046777688,0.22418691187940615,0.0,0.0,0.0,0.015737263207453583,1.0,0.0,0.0,0.0,0.0,-0.10266575263938019,0.09126173556889841,-0.10266575263938019,0.09126173556889841,0.984447181224823,0.7270550727844238,0.10106901079416275,-0.06635230779647827,1.0,0.0,20.0,1.0,1.1410000324249268,0.7672233581542969,-0.004974234938822664,0.0,0.0,0.0,0.0,3.623741388320923,3.6434712409973145,3.6633100509643555,528,8,0000000000000000,0,0,3.6832213401794434,1,1,1,1,1,1779092644.898963
3.701840114593501,1,stop_after_2mps,0.0,0.0,1.912810206413269,-0.054026197642087936,0.16331477463245392,78.80720318811039,-5.041206386669698,0.0,0.0,0.0,0.9943045949563272,0.1065756653684793,-1.0203076409872314,0.2212677788246986,0.0,0.0,0.0,0.016941928122643952,1.0,0.0,0.0,0.0,0.0,-0.10266575263938019,0.09126173556889841,-0.10266575263938019,0.09126173556889841,0.984447181224823,0.7270550727844238,0.10106901079416275,-0.06635230779647827,1.0,0.0,20.0,1.0,1.1410000324249268,0.7672233581542969,-0.004974234938822664,0.0,0.0,0.0,0.0,3.7235405445098877,3.743434190750122,3.6633100509643555,528,8,0000000000000000,0,0,3.6832213401794434,1,1,1,1,1,1779092644.898963
3.751840114593501,1,stop_after_2mps,0.0,0.0,1.912810206413269,-0.054026197642087936,0.16331477463245392,78.80720318811039,-5.041206386669698,0.0,0.0,0.0,0.9943045949563272,0.1065756653684793,-1.0203076409872314,0.2212677788246986,0.0,0.0,0.0,0.016941928122643952,1.0,0.0,0.0,0.0,0.0,-0.0966059198115959,0.10235730669837839,-0.0966059198115959,0.10235730669837839,0.9656501412391663,0.7256673574447632,0.09328752011060715,-0.0742773562669754,1.0,0.0,20.0,1.0,1.1411106586456299,0.520652174949646,0.003072844543886955,0.0,0.0,0.0,0.0,3.7235405445098877,3.743434190750122,3.7633168697357178,528,8,0000000000000000,0,0,3.7832703590393066,1,1,1,1,1,1779092644.9982533
3.801840114593501,1,stop_after_2mps,0.0,0.0,1.8894131183624268,-0.047439806163311005,0.16167959570884705,78.80304172373978,-5.040304258022934,0.0,0.0,0.0,0.9943087802569536,0.10653661109651126,-1.0008283632759998,0.21696111190579195,0.0,0.0,0.0,0.01761596352674987,1.0,0.0,0.0,0.0,0.0,-0.0966059198115959,0.10235730669837839,-0.0966059198115959,0.10235730669837839,0.9656501412391663,0.7256673574447632,0.09328752011060715,-0.0742773562669754,1.0,0.0,20.0,1.0,1.1411106586456299,0.520652174949646,0.003072844543886955,0.0,0.0,0.0,0.0,3.823582410812378,3.8434653282165527,3.7633168697357178,528,8,0000000000000000,0,0,3.7832703590393066,1,1,1,1,1,1779092644.9982533
3.8518401145935006,1,stop_after_2mps,0.0,0.0,1.8894131183624268,-0.047439806163311005,0.16167959570884705,78.80304172373978,-5.040304258022934,0.0,0.0,0.0,0.9943087802569536,0.10653661109651126,-1.0008283632759998,0.21696111190579195,0.0,0.0,0.0,0.01761596352674987,1.0,0.0,0.0,0.0,0.0,-0.08782016724927817,0.11642970929926362,-0.08782016724927817,0.11642970929926362,0.9552821516990662,0.7265843152999878,0.08389303833246231,-0.08459600061178207,1.0,0.0,20.0,1.0,1.140700101852417,0.3323814272880554,0.0006742777702796536,0.0,0.0,0.0,0.0,3.823582410812378,3.8434653282165527,3.863288402557373,528,8,0000000000000000,0,0,3.8832924365997314,1,1,1,1,1,1779092645.0985758
3.9018401145935004,1,stop_after_2mps,0.0,0.0,1.90427565574646,-0.06443645060062408,0.1704479455947876,78.79825025457292,-5.039266077399869,0.0,0.0,0.0,0.9943143157760496,0.10648493528573173,-0.9878528456767441,0.21404075599892905,0.0,0.0,0.0,0.021071238978262664,1.0,0.0,0.0,0.0,0.0,-0.08782016724927817,0.11642970929926362,-0.08782016724927817,0.11642970929926362,0.9552821516990662,0.7265843152999878,0.08389303833246231,-0.08459600061178207,1.0,0.0,20.0,1.0,1.140700101852417,0.3323814272880554,0.0006742777702796536,0.0,0.0,0.0,0.0,3.9234819412231445,3.9433958530426025,3.863288402557373,528,8,0000000000000000,0,0,3.8832924365997314,1,1,1,1,1,1779092645.0985758
3.9518401145935003,1,stop_after_2mps,0.0,0.0,1.90427565574646,-0.06443645060062408,0.1704479455947876,78.79825025457292,-5.039266077399869,0.0,0.0,0.0,0.9943143157760496,0.10648493528573173,-0.9878528456767441,0.21404075599892905,0.0,0.0,0.0,0.021071238978262664,1.0,0.0,0.0,0.0,0.0,-0.08373720033576337,0.12198942338973887,-0.08373720033576337,0.12198942338973887,0.9525002241134644,0.7284579277038574,0.07975970208644867,-0.08886416256427765,1.0,0.0,20.0,1.0,1.140972375869751,0.20573176443576813,0.002676427408354804,0.0,0.0,0.0,0.0,3.9234819412231445,3.9433958530426025,3.963317632675171,528,8,0000000000000000,0,0,3.98331618309021,1,1,1,1,1,1779092645.1983323
4.0018401145935005,1,forward_4mps,4.0,0.0,1.8917362689971924,-0.05424777418375015,0.16834400594234467,78.78856319646368,-5.037169210056327,0.0,0.0,0.0,0.9943292479936737,0.10634541167504771,-0.9619151680895364,0.20813816012104383,0.0,0.0,0.0,0.03256152743001095,1.0,0.0,0.0,0.0,0.0,-0.08373720033576337,0.12198942338973887,-0.08373720033576337,0.12198942338973887,0.9525002241134644,0.7284579277038574,0.07975970208644867,-0.08886416256427765,1.0,0.0,20.0,1.0,1.140972375869751,0.20573176443576813,0.002676427408354804,0.0,0.0,0.0,0.0,4.02481746673584,4.044481515884399,3.963317632675171,528,8,0000000000000000,0,0,3.98331618309021,1,1,1,1,1,1779092645.1983323
4.0518401145935,1,forward_4mps,4.0,0.0,1.8917362689971924,-0.05424777418375015,0.16834400594234467,78.78856319646368,-5.037169210056327,0.0,0.0,0.0,0.9943292479936737,0.10634541167504771,-0.9619151680895364,0.20813816012104383,0.0,0.0,0.0,0.03256152743001095,1.0,0.0,0.0,0.0,0.0,-0.07456844216305925,0.14655884987856482,-0.07456844216305925,0.14655884987856482,0.9493098258972168,0.7454313039779663,0.07078855484724045,-0.1092495545744896,1.0,0.0,20.0,1.0,1.141228199005127,0.11025013774633408,-0.003390742996102072,0.0,0.0,0.0,0.0,4.02481746673584,4.044481515884399,4.064198970794678,528,8,0000000000000000,0,0,4.084178686141968,1,1,1,1,1,1779092645.2983706
4.1018401145935,1,forward_4mps,4.0,0.0,1.9113481044769287,-0.0636916235089302,0.16512537002563477,78.78478133827578,-5.03635140830237,0.0,0.0,0.0,0.9943361311040192,0.10628103490788306,-0.9424432847099683,0.2037971105594758,0.0,0.0,0.0,0.03124392641166831,1.0,0.0,0.0,0.0,0.0,-0.07456844216305925,0.14655884987856482,-0.07456844216305925,0.14655884987856482,0.9493098258972168,0.7454313039779663,0.07078855484724045,-0.1092495545744896,1.0,0.0,20.0,1.0,1.141228199005127,0.11025013774633408,-0.003390742996102072,0.0,0.0,0.0,0.0,4.1244261264801025,4.144345045089722,4.064198970794678,528,8,0000000000000000,0,0,4.084178686141968,1,1,1,1,1,1779092645.2983706
4.1518401145935,1,forward_4mps,4.0,0.0,1.9113481044769287,-0.0636916235089302,0.16512537002563477,78.78478133827578,-5.03635140830237,0.0,0.0,0.0,0.9943361311040192,0.10628103490788306,-0.9424432847099683,0.2037971105594758,0.0,0.0,0.0,0.03124392641166831,1.0,0.0,0.0,0.0,0.0,-0.08433848414525767,0.2010381063547601,-0.08433848414525767,0.2010381063547601,0.996505856513977,0.8245842456817627,0.08404379338026047,-0.16577285528182983,1.0,0.0,20.0,1.0,1.1401138305664062,0.05449539050459862,0.004759113974793573,0.0,0.0,0.0,0.0,4.1244261264801025,4.144345045089722,4.165776252746582,528,8,0000000000000000,0,0,4.184194564819336,1,1,1,1,1,1779092645.3984308
4.2018401145935,1,forward_4mps,4.0,0.0,1.8807318210601807,-0.05918414145708084,0.16234244406223297,78.70621431765566,-5.019420071534547,0.0,0.0,0.0,0.9943802476073212,0.10586747927670014,-0.7085845523762399,0.15260985655292789,0.0,0.0,0.0,-0.004660343693208613,1.0,0.0,0.0,0.0,0.0,-0.08433848414525767,0.2010381063547601,-0.08433848414525767,0.2010381063547601,0.996505856513977,0.8245842456817627,0.08404379338026047,-0.16577285528182983,1.0,0.0,20.0,1.0,1.1401138305664062,0.05449539050459862,0.004759113974793573,0.0,0.0,0.0,0.0,4.224524736404419,4.244548797607422,4.165776252746582,528,8,0000000000000000,0,0,4.184194564819336,1,1,1,1,1,1779092645.3984308
4.2518401145935,1,forward_4mps,4.0,0.0,1.8807318210601807,-0.05918414145708084,0.16234244406223297,78.70621431765566,-5.019420071534547,0.0,0.0,0.0,0.9943802476073212,0.10586747927670014,-0.7085845523762399,0.15260985655292789,0.0,0.0,0.0,-0.004660343693208613,1.0,0.0,0.0,0.0,0.0,-0.08342230350326706,0.20219875529546114,-0.08342230350326706,0.20219875529546114,0.9954186677932739,0.8242621421813965,0.08304011821746826,-0.16666477918624878,1.0,0.0,20.0,1.0,1.139784574508667,0.009876814670860767,-0.001502561774516887,0.0,0.0,0.0,0.0,4.224524736404419,4.244548797607422,4.264291048049927,528,8,0000000000000000,0,0,4.284223318099976,1,1,1,1,1,1779092645.4984055
4.3018401145934995,1,forward_4mps,4.0,0.0,1.8811936378479004,-0.0658019408583641,0.17042797803878784,78.50915690209544,-4.97720815390814,0.0,0.0,0.0,0.9941521173188141,0.10798873844303741,-2.0068753972779256,0.44119523528260596,0.0,0.0,0.0,-0.15767430232223295,1.0,0.0,0.0,0.0,0.0,-0.08342230350326706,0.20219875529546114,-0.08342230350326706,0.20219875529546114,0.9954186677932739,0.8242621421813965,0.08304011821746826,-0.16666477918624878,1.0,0.0,20.0,1.0,1.139784574508667,0.009876814670860767,-0.001502561774516887,0.0,0.0,0.0,0.0,4.324473857879639,4.344386100769043,4.264291048049927,528,8,0000000000000000,0,0,4.284223318099976,1,1,1,1,1,1779092645.4984055
4.351840114593499,1,forward_4mps,4.0,0.0,1.8811936378479004,-0.0658019408583641,0.17042797803878784,78.50915690209544,-4.97720815390814,0.0,0.0,0.0,0.9941521173188141,0.10798873844303741,-2.0068753972779256,0.44119523528260596,0.0,0.0,0.0,-0.15767430232223295,1.0,0.0,0.0,0.0,0.0,-0.08161140922290797,0.20458842851866582,-0.08161140922290797,0.20458842851866582,0.9934602975845337,0.823370099067688,0.0810776948928833,-0.16845199465751648,1.0,0.0,20.0,1.0,1.1400794982910156,-0.017956437543034554,0.0006449814624747813,0.0,0.0,0.0,0.0,4.324473857879639,4.344386100769043,4.364477157592773,528,8,0000000000000000,0,0,4.384318590164185,1,1,1,1,1,1779092645.5983527
4.401840114593499,1,forward_4mps,4.0,0.0,1.866668701171875,-0.06726856529712677,0.13292337954044342,78.33071742547035,-4.937555093666429,0.0,0.0,0.0,0.9941270339638066,0.10821940834399568,-2.675560587205873,0.5895019961405428,0.0,0.0,0.0,0.09490419377692677,1.0,0.0,0.0,0.0,0.0,-0.08161140922290797,0.20458842851866582,-0.08161140922290797,0.20458842851866582,0.9934602975845337,0.823370099067688,0.0810776948928833,-0.16845199465751648,1.0,0.0,20.0,1.0,1.1400794982910156,-0.017956437543034554,0.0006449814624747813,0.0,0.0,0.0,0.0,4.424454212188721,4.44446063041687,4.364477157592773,528,8,0000000000000000,0,0,4.384318590164185,1,1,1,1,1,1779092645.5983527
4.451840114593499,1,forward_4mps,4.0,0.0,1.866668701171875,-0.06726856529712677,0.13292337954044342,78.33071742547035,-4.937555093666429,0.0,0.0,0.0,0.9941270339638066,0.10821940834399568,-2.675560587205873,0.5895019961405428,0.0,0.0,0.0,0.09490419377692677,1.0,0.0,0.0,0.0,0.0,-0.07980783511879148,0.206847161047617,-0.07980783511879148,0.206847161047617,0.9916480183601379,0.8228812217712402,0.0791412815451622,-0.17021064460277557,1.0,0.0,20.0,1.0,1.1401236057281494,-0.0357375293970108,-0.0012213754283400895,0.0,0.0,0.0,0.0,4.424454212188721,4.44446063041687,4.46423602104187,528,8,0000000000000000,0,0,4.484254360198975,1,1,1,1,1,1779092645.6982875
4.501840114593499,1,forward_4mps,4.0,0.0,1.852122187614441,-0.07030658423900604,0.1461431384086609,78.08043438795112,-4.883371818755046,0.0,0.0,0.0,0.9943143951368747,0.10648419424304771,-2.3331531982443505,0.5055269920559778,0.0,0.0,0.0,-0.075876631303351,1.0,0.0,0.0,0.0,0.0,-0.07980783511879148,0.206847161047617,-0.07980783511879148,0.206847161047617,0.9916480183601379,0.8228812217712402,0.0791412815451622,-0.17021064460277557,1.0,0.0,20.0,1.0,1.1401236057281494,-0.0357375293970108,-0.0012213754283400895,0.0,0.0,0.0,0.0,4.524608373641968,4.544467210769653,4.46423602104187,528,8,0000000000000000,0,0,4.484254360198975,1,1,1,1,1,1779092645.6982875
4.551840114593499,1,forward_4mps,4.0,0.0,1.852122187614441,-0.07030658423900604,0.1461431384086609,78.08043438795112,-4.883371818755046,0.0,0.0,0.0,0.9943143951368747,0.10648419424304771,-2.3331531982443505,0.5055269920559778,0.0,0.0,0.0,-0.075876631303351,1.0,0.0,0.0,0.0,0.0,-0.07940106448374919,0.20779802795488678,-0.07940106448374919,0.20779802795488678,0.9912384152412415,0.8221444487571716,0.07870538532733917,-0.17083999514579773,1.0,0.0,20.0,1.0,1.1403725147247314,-0.033975519239902496,0.0008595600879583042,0.0,0.0,0.0,0.0,4.524608373641968,4.544467210769653,4.5643744468688965,528,8,a7010000a6010000,423,422,4.584313869476318,1,1,1,1,1,1779092645.7984085
4.601840114593498,1,forward_4mps,4.0,0.0,1.8000922203063965,-0.07101341336965561,0.1555355042219162,77.81622399830587,-4.82509009948839,0.0,0.0,0.0,0.9940734284916333,0.10871071137146317,-2.382806820692041,0.5274701553079975,0.0,0.0,0.0,0.010909338777376723,1.0,0.0,0.0,0.0,0.0,-0.07940106448374919,0.20779802795488678,-0.07940106448374919,0.20779802795488678,0.9912384152412415,0.8221444487571716,0.07870538532733917,-0.17083999514579773,1.0,0.0,20.0,1.0,1.1403725147247314,-0.033975519239902496,0.0008595600879583042,0.0,0.0,0.0,0.0,4.624550104141235,4.644835710525513,4.5643744468688965,528,8,a7010000a6010000,423,422,4.584313869476318,1,1,1,1,1,1779092645.7984085
4.651840114593498,1,forward_4mps,4.0,0.0,1.8000922203063965,-0.07101341336965561,0.1555355042219162,77.81622399830587,-4.82509009948839,0.0,0.0,0.0,0.9940734284916333,0.10871071137146317,-2.382806820692041,0.5274701553079975,0.0,0.0,0.0,0.010909338777376723,1.0,0.0,0.0,0.0,0.0,-0.07837406713958442,0.2094551026477493,-0.07837406713958442,0.2094551026477493,0.9901889562606812,0.8211249709129333,0.07760513573884964,-0.1719888150691986,1.0,0.0,20.0,1.0,1.1403379440307617,-0.031760092824697495,-0.00020854764396543304,0.0,0.0,0.0,0.0,4.624550104141235,4.644835710525513,4.6642327308654785,528,8,a7010000a6010000,423,422,4.684174537658691,1,1,1,1,1,1779092645.8982937
4.701840114593498,1,forward_4mps,4.0,0.0,1.722588062286377,-0.06932973116636276,0.14900994300842285,77.59068107885662,-4.7755252300996345,0.0,0.0,0.0,0.9942481943067651,0.10710055143526111,-2.566426844022296,0.5594028030452022,0.0,0.0,0.0,0.04266376792567471,1.0,0.0,0.0,0.0,0.0,-0.07837406713958442,0.2094551026477493,-0.07837406713958442,0.2094551026477493,0.9901889562606812,0.8211249709129333,0.07760513573884964,-0.1719888150691986,1.0,0.0,20.0,1.0,1.1403379440307617,-0.031760092824697495,-0.00020854764396543304,0.0,0.0,0.0,0.0,4.724745035171509,4.744395732879639,4.6642327308654785,528,8,a7010000a6010000,423,422,4.684174537658691,1,1,1,1,1,1779092645.8982937
4.751840114593498,1,forward_4mps,4.0,0.0,1.722588062286377,-0.06932973116636276,0.14900994300842285,77.59068107885662,-4.7755252300996345,0.0,0.0,0.0,0.9942481943067651,0.10710055143526111,-2.566426844022296,0.5594028030452022,0.0,0.0,0.0,0.04266376792567471,1.0,0.0,0.0,0.0,0.0,-0.07766267484403593,0.2105392307900253,-0.07766267484403593,0.2105392307900253,0.9894930124282837,0.8202211856842041,0.07684667408466339,-0.17268873751163483,1.0,0.0,20.0,1.0,1.1399526596069336,-0.02603115327656269,0.0015187121569554605,0.0,0.0,0.0,0.0,4.724745035171509,4.744395732879639,4.764424085617065,528,8,a7010000a6010000,423,422,4.784223318099976,1,1,1,1,1,1779092645.998279
4.801840114593498,1,forward_4mps,4.0,0.0,1.5813149213790894,-0.05568380281329155,0.15808680653572083,77.3319392123865,-4.719250969867283,0.0,0.0,0.0,0.9942778659725977,0.10682474075314692,-3.015103491009575,0.6554485760874604,0.0,0.0,0.0,0.005513098390519063,1.0,0.0,0.0,0.0,0.0,-0.07766267484403593,0.2105392307900253,-0.07766267484403593,0.2105392307900253,0.9894930124282837,0.8202211856842041,0.07684667408466339,-0.17268873751163483,1.0,0.0,20.0,1.0,1.1399526596069336,-0.02603115327656269,0.0015187121569554605,0.0,0.0,0.0,0.0,4.824589252471924,4.844464063644409,4.764424085617065,528,8,a7010000a6010000,423,422,4.784223318099976,1,1,1,1,1,1779092645.998279
4.8518401145934975,1,forward_4mps,4.0,0.0,1.5813149213790894,-0.05568380281329155,0.15808680653572083,77.3319392123865,-4.719250969867283,0.0,0.0,0.0,0.9942778659725977,0.10682474075314692,-3.015103491009575,0.6554485760874604,0.0,0.0,0.0,0.005513098390519063,1.0,0.0,0.0,0.0,0.0,-0.07726934517532685,0.2109653982850629,-0.07726934517532685,0.2109653982850629,0.9891631603240967,0.8199814558029175,0.0764319896697998,-0.17298771440982819,1.0,0.0,20.0,1.0,1.1402466297149658,-0.02255498617887497,-0.0009420637003323704,0.0,0.0,0.0,0.0,4.824589252471924,4.844464063644409,4.864553451538086,528,8,a7010000a6010000,423,422,4.884200096130371,1,1,1,1,1,1779092646.0985034
4.901840114593497,1,forward_4mps,4.0,0.0,1.4326400756835938,-0.05577031895518303,0.15450385212898254,77.0289142421826,-4.653574043547576,0.0,0.0,0.0,0.9944014061814581,0.1056685543780118,-3.114139636156845,0.669397419626561,0.0,0.0,0.0,0.04472979135885014,1.0,0.0,0.0,0.0,0.0,-0.07726934517532685,0.2109653982850629,-0.07726934517532685,0.2109653982850629,0.9891631603240967,0.8199814558029175,0.0764319896697998,-0.17298771440982819,1.0,0.0,20.0,1.0,1.1402466297149658,-0.02255498617887497,-0.0009420637003323704,0.0,0.0,0.0,0.0,4.924474477767944,4.944499969482422,4.864553451538086,528,8,a7010000a6010000,423,422,4.884200096130371,1,1,1,1,1,1779092646.0985034
4.951840114593497,1,forward_4mps,4.0,0.0,1.4326400756835938,-0.05577031895518303,0.15450385212898254,77.0289142421826,-4.653574043547576,0.0,0.0,0.0,0.9944014061814581,0.1056685543780118,-3.114139636156845,0.669397419626561,0.0,0.0,0.0,0.04472979135885014,1.0,0.0,0.0,0.0,0.0,-0.07660344904500645,0.21169695572888295,-0.07660344904500645,0.21169695572888295,0.988726019859314,0.8195613622665405,0.07573982328176498,-0.17349864542484283,1.0,0.0,20.0,1.0,1.1403062343597412,-0.01498436089605093,0.00013524285495783233,0.0,0.0,0.0,0.0,4.924474477767944,4.944499969482422,4.9645092487335205,528,8,a7010000a6010000,423,422,4.9842352867126465,1,1,1,1,1,1779092646.1983812
5.001840114593497,1,stop_after_4mps,0.0,0.0,1.1026428937911987,-0.032542966306209564,0.1402226835489273,76.74305710414808,-4.592674678244147,0.0,0.0,0.0,0.994626819540734,0.10352531019168361,-0.23426273928812974,0.04930037599691405,0.0,0.0,0.0,0.02582417511444645,1.0,0.0,0.0,0.0,0.0,-0.07660344904500645,0.21169695572888295,-0.07660344904500645,0.21169695572888295,0.988726019859314,0.8195613622665405,0.07573982328176498,-0.17349864542484283,1.0,0.0,20.0,1.0,1.1403062343597412,-0.01498436089605093,0.00013524285495783233,0.0,0.0,0.0,0.0,5.025463581085205,5.045492887496948,4.9645092487335205,528,8,a7010000a6010000,423,422,4.9842352867126465,1,1,1,1,1,1779092646.1983812
5.051840114593497,1,stop_after_4mps,0.0,0.0,1.1026428937911987,-0.032542966306209564,0.1402226835489273,76.74305710414808,-4.592674678244147,0.0,0.0,0.0,0.994626819540734,0.10352531019168361,-0.23426273928812974,0.04930037599691405,0.0,0.0,0.0,0.02582417511444645,1.0,4.0,0.0,4.0,0.0,3.0,0.20068089122741534,-1.0,0.20068089122741534,1.1979365348815918,0.8859444260597229,0.129465252161026,-0.17779211699962616,1.0,0.0,20.0,1.0,1.141122579574585,-0.014007041230797768,0.0013489156505880392,423.3761274917957,421.50949596693334,423.0,422.0,5.025463581085205,5.045492887496948,5.065288066864014,528,8,a7010000a6010000,423,422,5.085225820541382,1,1,1,1,1,1779092646.299299
5.101840114593497,1,stop_after_4mps,0.0,0.0,0.7672233581542969,-0.026079274713993073,0.1397523581981659,76.72939530636773,-4.5898145134482755,0.0,0.0,0.0,0.9947350762177304,0.10247989140366062,-0.19530487662784005,0.04067320243218226,0.0,0.0,0.0,0.03703300175383491,1.0,4.0,0.0,4.0,0.0,3.0,0.20068089122741534,-1.0,0.20068089122741534,1.1979365348815918,0.8859444260597229,0.129465252161026,-0.17779211699962616,1.0,0.0,20.0,1.0,1.141122579574585,-0.014007041230797768,0.0013489156505880392,423.3761274917957,421.50949596693334,423.0,422.0,5.125402212142944,5.145350933074951,5.065288066864014,528,8,a7010000a6010000,423,422,5.085225820541382,1,1,1,1,1,1779092646.299299
5.1518401145934964,1,stop_after_4mps,0.0,0.0,0.7672233581542969,-0.026079274713993073,0.1397523581981659,76.72939530636773,-4.5898145134482755,0.0,0.0,0.0,0.9947350762177304,0.10247989140366062,-0.19530487662784005,0.04067320243218226,0.0,0.0,0.0,0.03703300175383491,1.0,4.0,0.0,4.0,0.0,3.0,0.1961751967445775,-1.0,0.1961751967445775,1.1915727853775024,0.9048037528991699,0.10932682454586029,-0.17750005424022675,1.0,0.0,20.0,1.0,1.141153335571289,0.0475759319961071,-0.14276269248592166,423.3761274917957,421.50949596693334,423.0,422.0,5.125402212142944,5.145350933074951,5.1652116775512695,528,8,a7010000a6010000,423,422,5.185170650482178,1,1,1,1,1,1779092646.4001074
5.201840114593496,1,stop_after_4mps,0.0,0.0,0.520652174949646,-0.02000275067985058,0.14223438501358032,76.70991135788586,-4.585787941939078,0.0,0.0,0.0,0.9948575306888757,0.10128422202708923,-0.267049515375731,0.05494492308610072,0.0,0.0,0.0,0.022856188591809094,1.0,4.0,0.0,4.0,0.0,3.0,0.1961751967445775,-1.0,0.1961751967445775,1.1915727853775024,0.9048037528991699,0.10932682454586029,-0.17750005424022675,1.0,0.0,20.0,1.0,1.141153335571289,0.0475759319961071,-0.14276269248592166,423.3761274917957,421.50949596693334,423.0,422.0,5.225388526916504,5.245372533798218,5.1652116775512695,528,8,a7010000a6010000,423,422,5.185170650482178,1,1,1,1,1,1779092646.4001074
5.251840114593496,1,stop_after_4mps,0.0,0.0,0.520652174949646,-0.02000275067985058,0.14223438501358032,76.70991135788586,-4.585787941939078,0.0,0.0,0.0,0.9948575306888757,0.10128422202708923,-0.267049515375731,0.05494492308610072,0.0,0.0,0.0,0.022856188591809094,1.0,4.0,0.0,4.0,0.0,3.0,0.19468909624798228,-1.0,0.19468909624798228,1.1764458417892456,0.943418562412262,0.0761972963809967,-0.18367330729961395,1.0,0.0,20.0,1.0,1.141406774520874,0.4304589331150055,0.007989534493318788,423.3761274917957,421.50949596693334,423.0,422.0,5.225388526916504,5.245372533798218,5.265174627304077,528,8,a7010000a6010000,423,422,5.285190582275391,1,1,1,1,1,1779092646.4992566
5.301840114593496,1,stop_after_4mps,0.0,0.0,0.3323814272880554,-0.018652955070137978,0.1392490118741989,76.68564371489774,-4.5808361728816696,0.0,0.0,0.0,0.9950107582074917,0.09976768540641001,-0.2020411954962098,0.04092798765207692,0.0,0.0,0.0,0.07444229216004189,1.0,4.0,0.0,4.0,0.0,3.0,0.19468909624798228,-1.0,0.19468909624798228,1.1764458417892456,0.943418562412262,0.0761972963809967,-0.18367330729961395,1.0,0.0,20.0,1.0,1.141406774520874,0.4304589331150055,0.007989534493318788,423.3761274917957,421.50949596693334,423.0,422.0,5.325617074966431,5.345300197601318,5.265174627304077,528,8,a7010000a6010000,423,422,5.285190582275391,1,1,1,1,1,1779092646.4992566
5.351840114593496,1,stop_after_4mps,0.0,0.0,0.3323814272880554,-0.018652955070137978,0.1392490118741989,76.68564371489774,-4.5808361728816696,0.0,0.0,0.0,0.9950107582074917,0.09976768540641001,-0.2020411954962098,0.04092798765207692,0.0,0.0,0.0,0.07444229216004189,1.0,4.0,0.0,4.0,0.0,3.0,0.17358998230624997,-1.0,0.17358998230624997,1.1916199922561646,0.8958677053451538,0.1002422422170639,-0.15551365911960602,1.0,0.0,20.0,1.0,1.1412718296051025,0.8626976013183594,0.03958302225787119,423.3761274917957,421.50949596693334,423.0,422.0,5.325617074966431,5.345300197601318,5.365273714065552,528,8,a7010000a6010000,423,422,5.385160207748413,1,1,1,1,1,1779092646.5994647
5.401840114593496,1,stop_after_4mps,0.0,0.0,0.20573176443576813,0.00391300767660141,0.13433079421520233,76.65612838218348,-4.5748868856217735,0.0,0.0,0.0,0.9952629171615665,0.09721998623250681,-0.08481372334417789,0.016729299455237028,0.0,0.0,0.0,0.03559313500910686,1.0,4.0,0.0,4.0,0.0,3.0,0.17358998230624997,-1.0,0.17358998230624997,1.1916199922561646,0.8958677053451538,0.1002422422170639,-0.15551365911960602,1.0,0.0,20.0,1.0,1.1412718296051025,0.8626976013183594,0.03958302225787119,423.3761274917957,421.50949596693334,423.0,422.0,5.425423860549927,5.445511341094971,5.365273714065552,528,8,a7010000a6010000,423,422,5.385160207748413,1,1,1,1,1,1779092646.5994647
5.451840114593495,1,stop_after_4mps,0.0,0.0,0.20573176443576813,0.00391300767660141,0.13433079421520233,76.65612838218348,-4.5748868856217735,0.0,0.0,0.0,0.9952629171615665,0.09721998623250681,-0.08481372334417789,0.016729299455237028,0.0,0.0,0.0,0.03559313500910686,1.0,4.0,0.0,4.0,0.0,3.0,0.17117675468472823,-1.0,0.17117675468472823,1.190142273902893,0.9099332690238953,0.08919984847307205,-0.15575942397117615,1.0,0.0,20.0,1.0,1.1411304473876953,1.3346641063690186,-0.043408844363557575,423.3761274917957,421.50949596693334,423.0,422.0,5.425423860549927,5.445511341094971,5.465216636657715,528,8,a7010000a6010000,423,422,5.485128164291382,1,1,1,1,1,1779092646.6992838
5.501840114593495,1,stop_after_4mps,0.0,0.0,0.11025013774633408,0.006968080066144466,0.1379382163286209,76.45172805514453,-4.535087168177813,0.0,0.0,0.0,0.9954527404371405,0.09525671396907914,-3.192758409434227,0.6166888924271825,0.0,0.0,0.0,0.0670243764902316,1.0,4.0,0.0,4.0,0.0,3.0,0.17117675468472823,-1.0,0.17117675468472823,1.190142273902893,0.9099332690238953,0.08919984847307205,-0.15575942397117615,1.0,0.0,20.0,1.0,1.1411304473876953,1.3346641063690186,-0.043408844363557575,423.3761274917957,421.50949596693334,423.0,422.0,5.52548885345459,5.545407056808472,5.465216636657715,528,8,a7010000a6010000,423,422,5.485128164291382,1,1,1,1,1,1779092646.6992838
5.551840114593495,1,stop_after_4mps,0.0,0.0,0.11025013774633408,0.006968080066144466,0.1379382163286209,76.45172805514453,-4.535087168177813,0.0,0.0,0.0,0.9954527404371405,0.09525671396907914,-3.192758409434227,0.6166888924271825,0.0,0.0,0.0,0.0670243764902316,1.0,4.0,0.0,4.0,0.0,3.0,0.14169974163918705,-1.0,0.14169974163918705,1.2015330791473389,0.882116436958313,0.09399951249361038,-0.12499567121267319,1.0,0.0,20.0,1.0,1.1413366794586182,1.8067784309387207,0.02999937669678303,423.3761274917957,421.50949596693334,423.0,422.0,5.52548885345459,5.545407056808472,5.565252065658569,528,8,0000000000000000,0,0,5.585231781005859,1,1,1,1,1,1779092646.800484
5.601840114593495,1,stop_after_4mps,0.0,0.0,0.05449539050459862,0.022372180595993996,0.13821759819984436,76.21048188193383,-4.48914742799998,0.0,0.0,0.0,0.9956926296838726,0.09271562539946762,-2.784127664375403,0.5230327079054815,0.0,0.0,0.0,0.06272353540850589,1.0,4.0,0.0,4.0,0.0,3.0,0.14169974163918705,-1.0,0.14169974163918705,1.2015330791473389,0.882116436958313,0.09399951249361038,-0.12499567121267319,1.0,0.0,20.0,1.0,1.1413366794586182,1.8067784309387207,0.02999937669678303,423.3761274917957,421.50949596693334,423.0,422.0,5.625404596328735,5.6455395221710205,5.565252065658569,528,8,0000000000000000,0,0,5.585231781005859,1,1,1,1,1,1779092646.800484
5.651840114593495,1,stop_after_4mps,0.0,0.0,0.05449539050459862,0.022372180595993996,0.13821759819984436,76.21048188193383,-4.48914742799998,0.0,0.0,0.0,0.9956926296838726,0.09271562539946762,-2.784127664375403,0.5230327079054815,0.0,0.0,0.0,0.06272353540850589,1.0,4.0,0.0,4.0,0.0,3.0,0.12258970464730042,-1.0,0.12258970464730042,1.2359082698822021,0.8537906408309937,0.08144295960664749,-0.10466594249010086,1.0,0.0,20.0,1.0,1.1407508850097656,2.2745838165283203,0.004767065708935828,423.3761274917957,421.50949596693334,423.0,422.0,5.625404596328735,5.6455395221710205,5.6652421951293945,528,8,0000000000000000,0,0,5.685157299041748,1,1,1,1,1,1779092646.8993008
5.7018401145934945,1,stop_after_4mps,0.0,0.0,0.009876814670860767,0.02422020584344864,0.13835598528385162,75.98974807787468,-4.448034201635627,0.0,0.0,0.0,0.9958444165951178,0.09107084020876015,-2.491561424567281,0.45955430253528107,0.0,0.0,0.0,0.06235341438010371,1.0,4.0,0.0,4.0,0.0,3.0,0.12258970464730042,-1.0,0.12258970464730042,1.2359082698822021,0.8537906408309937,0.08144295960664749,-0.10466594249010086,1.0,0.0,20.0,1.0,1.1407508850097656,2.2745838165283203,0.004767065708935828,423.3761274917957,421.50949596693334,423.0,422.0,5.725461006164551,5.745355844497681,5.6652421951293945,528,8,0000000000000000,0,0,5.685157299041748,1,1,1,1,1,1779092646.8993008
5.751840114593494,1,stop_after_4mps,0.0,0.0,0.009876814670860767,0.02422020584344864,0.13835598528385162,75.98974807787468,-4.448034201635627,0.0,0.0,0.0,0.9958444165951178,0.09107084020876015,-2.491561424567281,0.45955430253528107,0.0,0.0,0.0,0.06235341438010371,1.0,4.0,0.0,4.0,0.0,3.0,0.11334151641209386,-1.0,0.11334151641209386,1.2591179609298706,0.8462180495262146,0.07001478970050812,-0.09591163694858551,1.0,0.0,20.0,1.0,1.142076015472412,2.658304214477539,0.035457189037208674,423.3761274917957,421.50949596693334,423.0,422.0,5.725461006164551,5.745355844497681,5.765197515487671,528,8,0000000000000000,0,0,5.785182952880859,1,1,1,1,1,1779092647.0000918
5.801840114593494,1,stop_after_4mps,0.0,0.0,-0.017956437543034554,0.016171250492334366,0.13760651648044586,75.8081866393346,-4.414804311319486,0.0,0.0,0.0,0.9959628223244148,0.08976667838115752,-2.119824403446645,0.3852514815305945,0.0,0.0,0.0,0.0015604064965613674,1.0,4.0,0.0,4.0,0.0,3.0,0.11334151641209386,-1.0,0.11334151641209386,1.2591179609298706,0.8462180495262146,0.07001478970050812,-0.09591163694858551,1.0,0.0,20.0,1.0,1.142076015472412,2.658304214477539,0.035457189037208674,423.3761274917957,421.50949596693334,423.0,422.0,5.825389385223389,5.845516681671143,5.765197515487671,528,8,0000000000000000,0,0,5.785182952880859,1,1,1,1,1,1779092647.0000918
5.851840114593494,1,stop_after_4mps,0.0,0.0,-0.017956437543034554,0.016171250492334366,0.13760651648044586,75.8081866393346,-4.414804311319486,0.0,0.0,0.0,0.9959628223244148,0.08976667838115752,-2.119824403446645,0.3852514815305945,0.0,0.0,0.0,0.0015604064965613674,1.0,4.0,0.0,4.0,0.0,3.0,0.07764514035767518,-1.0,0.07764514035767518,1.2906410694122314,0.8321899175643921,0.06071848422288895,-0.06461550295352936,1.0,0.0,20.0,1.0,1.1413547992706299,3.0293126106262207,0.05095876340927759,423.3761274917957,421.50949596693334,423.0,422.0,5.825389385223389,5.845516681671143,5.865273952484131,528,8,0000000000000000,0,0,5.88523006439209,1,1,1,1,1,1779092647.0993195
5.901840114593494,1,stop_after_4mps,0.0,0.0,-0.0357375293970108,0.017431139945983887,0.13839754462242126,75.60034236170267,-4.377346416989272,0.0,0.0,0.0,0.9960946265251182,0.08829210048348202,-1.6954554128023853,0.3029446135280855,0.0,0.0,0.0,0.03629143977934643,1.0,4.0,0.0,4.0,0.0,3.0,0.07764514035767518,-1.0,0.07764514035767518,1.2906410694122314,0.8321899175643921,0.06071848422288895,-0.06461550295352936,1.0,0.0,20.0,1.0,1.1413547992706299,3.0293126106262207,0.05095876340927759,423.3761274917957,421.50949596693334,423.0,422.0,5.9255430698394775,5.945342302322388,5.865273952484131,528,8,0000000000000000,0,0,5.88523006439209,1,1,1,1,1,1779092647.0993195
5.951840114593494,1,stop_after_4mps,0.0,0.0,-0.0357375293970108,0.017431139945983887,0.13839754462242126,75.60034236170267,-4.377346416989272,0.0,0.0,0.0,0.9960946265251182,0.08829210048348202,-1.6954554128023853,0.3029446135280855,0.0,0.0,0.0,0.03629143977934643,1.0,4.0,0.0,4.0,0.0,2.9923690661469453,0.03790381867170592,-1.0076309338530547,0.03790381867170592,1.3186724185943604,0.8094816207885742,0.05404544621706009,-0.03068244457244873,1.0,0.0,20.0,1.0,1.142380952835083,3.2793731689453125,0.012536344561123633,423.3761274917957,421.50949596693334,423.0,422.0,5.9255430698394775,5.945342302322388,5.965330123901367,528,8,0000000000000000,0,0,5.985231161117554,1,1,1,1,1,1779092647.2007623
6.001840114593493,1,stop_after_4mps,0.0,0.0,-0.033975519239902496,0.01382993720471859,0.13767798244953156,75.51714788458418,-4.3625331115570125,0.0,0.0,0.0,0.9961335826332552,0.08785149714282445,-1.5124013694505665,0.2688560126211743,0.0,0.0,0.0,0.009573528485345468,1.0,4.0,0.0,4.0,0.0,2.9923690661469453,0.03790381867170592,-1.0076309338530547,0.03790381867170592,1.3186724185943604,0.8094816207885742,0.05404544621706009,-0.03068244457244873,1.0,0.0,20.0,1.0,1.142380952835083,3.2793731689453125,0.012536344561123633,423.3761274917957,421.50949596693334,423.0,422.0,6.025409698486328,6.0495781898498535,5.965330123901367,528,8,0000000000000000,0,0,5.985231161117554,1,1,1,1,1,1779092647.2007623
6.051840114593493,1,stop_after_4mps,0.0,0.0,-0.033975519239902496,0.01382993720471859,0.13767798244953156,75.51714788458418,-4.3625331115570125,0.0,0.0,0.0,0.9961335826332552,0.08785149714282445,-1.5124013694505665,0.2688560126211743,0.0,0.0,0.0,0.009573528485345468,1.0,0.0,0.0,0.0,0.0,-0.13632019291785247,0.20200770756246683,-0.13632019291785247,0.20200770756246683,1.2894668579101562,0.8109104633331299,0.17578037083148956,-0.16381016373634338,1.0,0.0,20.0,1.0,1.1427192687988281,3.4790449142456055,0.0216596923401458,0.0,0.0,0.0,0.0,6.025409698486328,6.0495781898498535,6.065474510192871,528,8,0000000000000000,0,0,6.085346221923828,1,1,1,1,1,1779092647.3007824
6.101840114593493,1,stop_after_4mps,0.0,0.0,-0.031760092824697495,0.013665320351719856,0.13866610825061798,75.43602174270514,-4.348174673632731,0.0,0.0,0.0,0.9961979945462848,0.08711805588946755,-1.322877561909892,0.2331558048589833,0.0,0.0,0.0,0.009886496702924618,1.0,0.0,0.0,0.0,0.0,-0.13632019291785247,0.20200770756246683,-0.13632019291785247,0.20200770756246683,1.2894668579101562,0.8109104633331299,0.17578037083148956,-0.16381016373634338,1.0,0.0,20.0,1.0,1.1427192687988281,3.4790449142456055,0.0216596923401458,0.0,0.0,0.0,0.0,6.125710487365723,6.145669221878052,6.065474510192871,528,8,0000000000000000,0,0,6.085346221923828,1,1,1,1,1,1779092647.3007824
6.151840114593493,1,stop_after_4mps,0.0,0.0,-0.031760092824697495,0.013665320351719856,0.13866610825061798,75.43602174270514,-4.348174673632731,0.0,0.0,0.0,0.9961979945462848,0.08711805588946755,-1.322877561909892,0.2331558048589833,0.0,0.0,0.0,0.009886496702924618,1.0,0.0,0.0,0.0,0.0,-0.13337961079584856,0.2191738841718354,-0.13337961079584856,0.2191738841718354,1.2840774059295654,0.8147476315498352,0.1712697446346283,-0.1785714030265808,1.0,0.0,20.0,1.0,1.141275405883789,3.6190695762634277,0.012587056080052603,0.0,0.0,0.0,0.0,6.125710487365723,6.145669221878052,6.165178537368774,528,8,0000000000000000,0,0,6.185168504714966,1,1,1,1,1,1779092647.399961
6.201840114593493,1,stop_after_4mps,0.0,0.0,-0.02603115327656269,0.021955210715532303,0.13855060935020447,75.39721075002446,-4.341341956384527,0.0,0.0,0.0,0.9962122836812696,0.08695450444082622,-1.231264162607538,0.21659221905733758,0.0,0.0,0.0,0.005922792921440612,1.0,0.0,0.0,0.0,0.0,-0.13337961079584856,0.2191738841718354,-0.13337961079584856,0.2191738841718354,1.2840774059295654,0.8147476315498352,0.1712697446346283,-0.1785714030265808,1.0,0.0,20.0,1.0,1.141275405883789,3.6190695762634277,0.012587056080052603,0.0,0.0,0.0,0.0,6.2254109382629395,6.245379447937012,6.165178537368774,528,8,0000000000000000,0,0,6.185168504714966,1,1,1,1,1,1779092647.399961
6.2518401145934925,1,stop_after_4mps,0.0,0.0,-0.02603115327656269,0.021955210715532303,0.13855060935020447,75.39721075002446,-4.341341956384527,0.0,0.0,0.0,0.9962122836812696,0.08695450444082622,-1.231264162607538,0.21659221905733758,0.0,0.0,0.0,0.005922792921440612,1.0,0.0,0.0,0.0,0.0,-0.13354099404323003,0.2222381201252444,-0.13354099404323003,0.2222381201252444,1.2759108543395996,0.8168079853057861,0.170386403799057,-0.18152587115764618,1.0,0.0,20.0,1.0,1.1417829990386963,3.6226437091827393,0.035194757010344246,0.0,0.0,0.0,0.0,6.2254109382629395,6.245379447937012,6.26525354385376,528,8,0000000000000000,0,0,6.285151243209839,1,1,1,1,1,1779092647.501126
6.301840114593492,1,stop_after_4mps,0.0,0.0,-0.02255498617887497,0.02253871038556099,0.13830596208572388,75.37009127855086,-4.336574480608226,0.0,0.0,0.0,0.9962214822422527,0.08684905479651965,-1.1527157330977136,0.20252315821604766,0.0,0.0,0.0,0.01158804350871909,1.0,0.0,0.0,0.0,0.0,-0.13354099404323003,0.2222381201252444,-0.13354099404323003,0.2222381201252444,1.2759108543395996,0.8168079853057861,0.170386403799057,-0.18152587115764618,1.0,0.0,20.0,1.0,1.1417829990386963,3.6226437091827393,0.035194757010344246,0.0,0.0,0.0,0.0,6.32550573348999,6.345502853393555,6.26525354385376,528,8,0000000000000000,0,0,6.285151243209839,1,1,1,1,1,1779092647.501126
6.351840114593492,1,stop_after_4mps,0.0,0.0,-0.02255498617887497,0.02253871038556099,0.13830596208572388,75.37009127855086,-4.336574480608226,0.0,0.0,0.0,0.9962214822422527,0.08684905479651965,-1.1527157330977136,0.20252315821604766,0.0,0.0,0.0,0.01158804350871909,1.0,0.0,0.0,0.0,0.0,-0.13450774837317342,0.22307745606119442,-0.13450774837317342,0.22307745606119442,1.273722529411316,0.8176632523536682,0.17132554948329926,-0.18240223824977875,1.0,0.0,20.0,1.0,1.1410877704620361,3.5249462127685547,0.0233502464228931,0.0,0.0,0.0,0.0,6.32550573348999,6.345502853393555,6.365210771560669,528,8,0000000000000000,0,0,6.385208368301392,1,1,1,1,1,1779092647.6002536
6.401840114593492,1,stop_after_4mps,0.0,0.0,-0.01498436089605093,0.017319411039352417,0.1381303369998932,75.35983593867908,-4.33477362271763,0.0,0.0,0.0,0.9962260640186008,0.08679648247484911,-1.1265385311279288,0.19780146178792352,0.0,0.0,0.0,0.010619032383118131,1.0,0.0,0.0,0.0,0.0,-0.13450774837317342,0.22307745606119442,-0.13450774837317342,0.22307745606119442,1.273722529411316,0.8176632523536682,0.17132554948329926,-0.18240223824977875,1.0,0.0,20.0,1.0,1.1410877704620361,3.5249462127685547,0.0233502464228931,0.0,0.0,0.0,0.0,6.425412893295288,6.445659160614014,6.365210771560669,528,8,0000000000000000,0,0,6.385208368301392,1,1,1,1,1,1779092647.6002536
6.451840114593492,1,stop_after_4mps,0.0,0.0,-0.01498436089605093,0.017319411039352417,0.1381303369998932,75.35983593867908,-4.33477362271763,0.0,0.0,0.0,0.9962260640186008,0.08679648247484911,-1.1265385311279288,0.19780146178792352,0.0,0.0,0.0,0.010619032383118131,1.0,0.0,0.0,0.0,0.0,-0.13111627477249013,0.2210279377404587,-0.13111627477249013,0.2210279377404587,1.2663931846618652,0.8251579999923706,0.16604475677013397,-0.1823829710483551,1.0,0.0,20.0,1.0,1.1412882804870605,3.286550283432007,0.07372766473401868,0.0,0.0,0.0,0.0,6.425412893295288,6.445659160614014,6.4652087688446045,528,8,0000000000000000,0,0,6.485091924667358,1,1,1,1,1,1779092647.7001858
6.501840114593492,1,stop_after_4mps,0.0,0.0,-0.014007041230797768,0.018015431240200996,0.13802434504032135,75.35532460168348,-4.333981691995389,0.0,0.0,0.0,0.9962277916836128,0.08677665052992216,-1.113447028716057,0.19545711404131408,0.0,0.0,0.0,0.00977493490483416,1.0,0.0,0.0,0.0,0.0,-0.13111627477249013,0.2210279377404587,-0.13111627477249013,0.2210279377404587,1.2663931846618652,0.8251579999923706,0.16604475677013397,-0.1823829710483551,1.0,0.0,20.0,1.0,1.1412882804870605,3.286550283432007,0.07372766473401868,0.0,0.0,0.0,0.0,6.525409698486328,6.545448541641235,6.4652087688446045,528,8,0000000000000000,0,0,6.485091924667358,1,1,1,1,1,1779092647.7001858
6.5518401145934915,1,stop_after_4mps,0.0,0.0,-0.014007041230797768,0.018015431240200996,0.13802434504032135,75.35532460168348,-4.333981691995389,0.0,0.0,0.0,0.9962277916836128,0.08677665052992216,-1.113447028716057,0.19545711404131408,0.0,0.0,0.0,0.00977493490483416,1.0,0.0,0.0,0.0,0.0,-0.12588027026578977,0.22197197168630628,-0.12588027026578977,0.22197197168630628,1.2584060430526733,0.8354424238204956,0.1584084928035736,-0.18544480204582214,1.0,0.0,20.0,1.0,1.1421194076538086,2.9066286087036133,0.013437926793396523,0.0,0.0,0.0,0.0,6.525409698486328,6.545448541641235,6.5652220249176025,528,8,0000000000000000,0,0,6.585154056549072,1,1,1,1,1,1779092647.801407
6.601840114593491,1,stop_after_4mps,0.0,0.0,0.0475759319961071,0.009882488287985325,0.13734620809555054,75.3519435484905,-4.333388278034226,0.0,0.0,0.0,0.9962290872891997,0.08676177521770884,-1.0938036969957932,0.19197520639868593,0.0,0.0,0.0,0.01005905315211859,1.0,0.0,0.0,0.0,0.0,-0.12588027026578977,0.22197197168630628,-0.12588027026578977,0.22197197168630628,1.2584060430526733,0.8354424238204956,0.1584084928035736,-0.18544480204582214,1.0,0.0,20.0,1.0,1.1421194076538086,2.9066286087036133,0.013437926793396523,0.0,0.0,0.0,0.0,6.6254353523254395,6.645784854888916,6.5652220249176025,528,8,0000000000000000,0,0,6.585154056549072,1,1,1,1,1,1779092647.801407
6.651840114593491,1,stop_after_4mps,0.0,0.0,0.0475759319961071,0.009882488287985325,0.13734620809555054,75.3519435484905,-4.333388278034226,0.0,0.0,0.0,0.9962290872891997,0.08676177521770884,-1.0938036969957932,0.19197520639868593,0.0,0.0,0.0,0.01005905315211859,1.0,0.0,0.0,0.0,0.0,-0.12407689536771299,0.2220963586915786,-0.12407689536771299,0.2220963586915786,1.2545742988586426,0.8397502899169922,0.15566368401050568,-0.1865054816007614,1.0,0.0,20.0,1.0,1.1408305168151855,2.4325573444366455,0.006385617318558107,0.0,0.0,0.0,0.0,6.6254353523254395,6.645784854888916,6.665178060531616,528,8,0000000000000000,0,0,6.685259580612183,1,1,1,1,1,1779092647.9004917
6.701840114593491,1,stop_after_4mps,0.0,0.0,0.4304589331150055,0.006432126276195049,0.15331824123859406,75.34785420102558,-4.332670703231735,0.0,0.0,0.0,0.996230661694871,0.08674369544237553,-1.080711135369187,0.1896368763396838,0.0,0.0,0.0,0.010394677246924628,1.0,0.0,0.0,0.0,0.0,-0.12407689536771299,0.2220963586915786,-0.12407689536771299,0.2220963586915786,1.2545742988586426,0.8397502899169922,0.15566368401050568,-0.1865054816007614,1.0,0.0,20.0,1.0,1.1408305168151855,2.4325573444366455,0.006385617318558107,0.0,0.0,0.0,0.0,6.725448131561279,6.7454750537872314,6.665178060531616,528,8,0000000000000000,0,0,6.685259580612183,1,1,1,1,1,1779092647.9004917
6.751840114593491,1,stop_after_4mps,0.0,0.0,0.4304589331150055,0.006432126276195049,0.15331824123859406,75.34785420102558,-4.332670703231735,0.0,0.0,0.0,0.996230661694871,0.08674369544237553,-1.080711135369187,0.1896368763396838,0.0,0.0,0.0,0.010394677246924628,1.0,0.0,0.0,0.0,0.0,-0.12190301898655065,0.2222944279347313,-0.12190301898655065,0.2222944279347313,1.246475100517273,0.8437820076942444,0.15194907784461975,-0.1875680387020111,1.0,0.0,20.0,1.0,1.141265869140625,2.0003814697265625,0.018717215275325872,0.0,0.0,0.0,0.0,6.725448131561279,6.7454750537872314,6.765246629714966,528,8,0000000000000000,0,0,6.785153388977051,1,1,1,1,1,1779092648.0005252
6.801840114593491,1,stop_after_4mps,0.0,0.0,0.8626976013183594,-0.0008188406936824322,0.17863686382770538,75.34024416975569,-4.331335900292928,0.0,0.0,0.0,0.9962337622843591,0.08670807854376114,-1.0676249990117483,0.18726190940395035,0.0,0.0,0.0,0.011506892157962712,1.0,0.0,0.0,0.0,0.0,-0.12190301898655065,0.2222944279347313,-0.12190301898655065,0.2222944279347313,1.246475100517273,0.8437820076942444,0.15194907784461975,-0.1875680387020111,1.0,0.0,20.0,1.0,1.141265869140625,2.0003814697265625,0.018717215275325872,0.0,0.0,0.0,0.0,6.825409889221191,6.845528602600098,6.765246629714966,528,8,0000000000000000,0,0,6.785153388977051,1,1,1,1,1,1779092648.0005252
6.85184011459349,1,stop_after_4mps,0.0,0.0,0.8626976013183594,-0.0008188406936824322,0.17863686382770538,75.34024416975569,-4.331335900292928,0.0,0.0,0.0,0.9962337622843591,0.08670807854376114,-1.0676249990117483,0.18726190940395035,0.0,0.0,0.0,0.011506892157962712,1.0,0.0,0.0,0.0,0.0,-0.11710962407781046,0.1987272855849309,-0.11710962407781046,0.1987272855849309,1.2383842468261719,0.8614031076431274,0.14502671360969543,-0.17118430137634277,1.0,0.0,20.0,1.0,1.1401786804199219,1.5878196954727173,0.043644163267573206,0.0,0.0,0.0,0.0,6.825409889221191,6.845528602600098,6.865204572677612,528,8,0000000000000000,0,0,6.88516092300415,1,1,1,1,1,1779092648.1006196
6.90184011459349,1,stop_after_4mps,0.0,0.0,1.3346641063690186,-0.02151159942150116,0.19155123829841614,75.33919202030374,-4.331151366807998,0.0,0.0,0.0,0.9962343221794877,0.08670164537987032,-1.0479778330343215,0.18380183661236232,0.0,0.0,0.0,0.012033752180488523,1.0,0.0,0.0,0.0,0.0,-0.11710962407781046,0.1987272855849309,-0.11710962407781046,0.1987272855849309,1.2383842468261719,0.8614031076431274,0.14502671360969543,-0.17118430137634277,1.0,0.0,20.0,1.0,1.1401786804199219,1.5878196954727173,0.043644163267573206,0.0,0.0,0.0,0.0,6.925469875335693,6.945529222488403,6.865204572677612,528,8,0000000000000000,0,0,6.88516092300415,1,1,1,1,1,1779092648.1006196
6.95184011459349,1,stop_after_4mps,0.0,0.0,1.3346641063690186,-0.02151159942150116,0.19155123829841614,75.33919202030374,-4.331151366807998,0.0,0.0,0.0,0.9962343221794877,0.08670164537987032,-1.0479778330343215,0.18380183661236232,0.0,0.0,0.0,0.012033752180488523,1.0,0.0,0.0,0.0,0.0,-0.11246974134498064,0.18691588063304265,-0.11246974134498064,0.18691588063304265,1.236024022102356,0.8682935833930969,0.1390153020620346,-0.16229785978794098,1.0,0.0,20.0,1.0,1.1406664848327637,1.2434331178665161,0.012033752180488523,0.0,0.0,0.0,0.0,6.925469875335693,6.945529222488403,6.965217590332031,528,8,0000000000000000,0,0,6.9851977825164795,1,1,1,1,1,1779092648.200442
7.00184011459349,1,sine_low_wl5m,2.0,2.3026491929204697e-05,1.8067784309387207,-0.0537530779838562,0.15787053108215332,75.33093607783776,-4.329704657618961,0.0,0.0,0.0,0.9962408245963483,0.08662689771420896,-1.0349053349925201,0.18134901788460506,0.0,0.0,0.0,0.01909574040872379,1.0,0.0,0.0,0.0,0.0,-0.11246974134498064,0.18691588063304265,-0.11246974134498064,0.18691588063304265,1.236024022102356,0.8682935833930969,0.1390153020620346,-0.16229785978794098,1.0,0.0,20.0,1.0,1.1406664848327637,1.2434331178665161,0.012033752180488523,0.0,0.0,0.0,0.0,7.026526927947998,7.0464558601379395,6.965217590332031,528,8,0000000000000000,0,0,6.9851977825164795,1,1,1,1,1,1779092648.200442
7.05184011459349,1,sine_low_wl5m,2.0,0.03526462070562879,1.8067784309387207,-0.0537530779838562,0.15787053108215332,75.33093607783776,-4.329704657618961,0.0,0.0,0.0,0.9962408245963483,0.08662689771420896,-1.0349053349925201,0.18134901788460506,0.0,0.0,0.0,0.01909574040872379,1.0,0.0,0.0,0.0,0.0,-0.10539761047867206,0.17275584404746827,-0.10539761047867206,0.17275584404746827,1.2265551090240479,0.881397545337677,0.12927597761154175,-0.15226657688617706,1.0,0.0,20.0,1.0,1.1417677402496338,0.8892507553100586,0.006134346261941908,0.0,0.0,0.0,0.0,7.026526927947998,7.0464558601379395,7.066336631774902,528,8,0000000000000000,0,0,7.086266040802002,1,1,1,1,1,1779092648.3005264
7.1018401145934895,1,sine_low_wl5m,2.0,0.08717054823041483,2.2745838165283203,-0.07233958691358566,0.1668759137392044,75.32788815005559,-4.329170744025421,0.0,0.0,0.0,0.9962433379196586,0.08659798872200808,-1.0218156573009862,0.17899415882318442,0.0,0.0,0.0,0.021853771609358086,1.0,0.0,0.0,0.0,0.0,-0.10539761047867206,0.17275584404746827,-0.10539761047867206,0.17275584404746827,1.2265551090240479,0.881397545337677,0.12927597761154175,-0.15226657688617706,1.0,0.0,20.0,1.0,1.1417677402496338,0.8892507553100586,0.006134346261941908,0.0,0.0,0.0,0.0,7.126502275466919,7.14652156829834,7.066336631774902,528,8,0000000000000000,0,0,7.086266040802002,1,1,1,1,1,1779092648.3005264
7.151840114593489,1,sine_low_wl5m,2.0,0.12074955127257665,2.2745838165283203,-0.07233958691358566,0.1668759137392044,75.32788815005559,-4.329170744025421,0.0,0.0,0.0,0.9962433379196586,0.08659798872200808,-1.0218156573009862,0.17899415882318442,0.0,0.0,0.0,0.021853771609358086,1.0,0.0,0.0,0.0,0.0,-0.09692283431612664,0.15567271529112273,-0.09692283431612664,0.15567271529112273,1.0333846807479858,0.8451528549194336,0.10015857219696045,-0.13156723976135254,1.0,0.0,20.0,1.0,1.1393733024597168,0.6210552453994751,0.0076539719428163865,0.0,0.0,0.0,0.0,7.126502275466919,7.14652156829834,7.166222810745239,528,8,0000000000000000,0,0,7.186644554138184,1,1,1,1,1,1779092648.4004607
7.201840114593489,1,sine_low_wl5m,2.0,0.16872126453824957,2.658304214477539,-0.08452979475259781,0.22937928140163422,75.3033494359038,-4.324881275282143,0.0,0.0,0.0,0.9962680421529164,0.08631331406448643,-0.9498594783940723,0.1658299685589015,0.0,0.0,0.0,0.021260955903527164,1.0,0.0,0.0,0.0,0.0,-0.09692283431612664,0.15567271529112273,-0.09692283431612664,0.15567271529112273,1.0333846807479858,0.8451528549194336,0.10015857219696045,-0.13156723976135254,1.0,0.0,20.0,1.0,1.1393733024597168,0.6210552453994751,0.0076539719428163865,0.0,0.0,0.0,0.0,7.226610422134399,7.2469587326049805,7.166222810745239,528,8,0000000000000000,0,0,7.186644554138184,1,1,1,1,1,1779092648.4004607
7.251840114593489,1,sine_low_wl5m,2.0,0.1990373074006669,2.658304214477539,-0.08452979475259781,0.22937928140163422,75.3033494359038,-4.324881275282143,0.0,0.0,0.0,0.9962680421529164,0.08631331406448643,-0.9498594783940723,0.1658299685589015,0.0,0.0,0.0,0.021260955903527164,1.0,0.0,0.0,0.0,0.0,-0.09418071344365915,0.15887128062930042,-0.09418071344365915,0.15887128062930042,1.026580810546875,0.8428032398223877,0.09668411314487457,-0.13389723002910614,1.0,0.0,20.0,1.0,1.140998125076294,0.41098490357398987,0.004100089192809653,0.0,0.0,0.0,0.0,7.226610422134399,7.2469587326049805,7.266217470169067,528,8,0000000000000000,0,0,7.286209344863892,1,1,1,1,1,1779092648.5006347
7.301840114593489,1,sine_low_wl5m,2.0,0.2396787296598394,3.0293126106262207,-0.1029001772403717,0.150740385055542,75.21506652130273,-4.309521784520798,0.0,0.0,0.0,0.9963096928469964,0.0858312060915114,-0.6355303029494286,0.11031951140216485,0.0,0.0,0.0,0.006903868447582378,1.0,0.0,0.0,0.0,0.0,-0.09418071344365915,0.15887128062930042,-0.09418071344365915,0.15887128062930042,1.026580810546875,0.8428032398223877,0.09668411314487457,-0.13389723002910614,1.0,0.0,20.0,1.0,1.140998125076294,0.41098490357398987,0.004100089192809653,0.0,0.0,0.0,0.0,7.32653021812439,7.346414566040039,7.266217470169067,528,8,0000000000000000,0,0,7.286209344863892,1,1,1,1,1,1779092648.5006347
7.351840114593489,1,sine_low_wl5m,2.0,0.2640602065960573,3.0293126106262207,-0.1029001772403717,0.150740385055542,75.21506652130273,-4.309521784520798,0.0,0.0,0.0,0.9963096928469964,0.0858312060915114,-0.6355303029494286,0.11031951140216485,0.0,0.0,0.0,0.006903868447582378,1.0,0.0,0.0,0.0,0.0,-0.09152796391342854,0.1683633298907059,-0.09152796391342854,0.1683633298907059,1.0160807371139526,0.8356172442436218,0.09299980103969574,-0.14068730175495148,1.0,0.0,20.0,1.0,1.1393523216247559,0.26859477162361145,-0.0033383198615321965,0.0,0.0,0.0,0.0,7.32653021812439,7.346414566040039,7.366234540939331,528,8,0000000000000000,0,0,7.3861775398254395,1,1,1,1,1,1779092648.6003175
7.4018401145934885,1,sine_low_wl5m,2.0,0.2955847696265511,3.2793731689453125,-0.1076478511095047,0.21152818202972412,75.1330190493614,-4.295344174839879,0.0,0.0,0.0,0.9963663836342291,0.08517059095514204,-0.26213444837440875,0.04514500891606172,0.0,0.0,0.0,-0.0027841219728894917,1.0,0.0,0.0,0.0,0.0,-0.09152796391342854,0.1683633298907059,-0.09152796391342854,0.1683633298907059,1.0160807371139526,0.8356172442436218,0.09299980103969574,-0.14068730175495148,1.0,0.0,20.0,1.0,1.1393523216247559,0.26859477162361145,-0.0033383198615321965,0.0,0.0,0.0,0.0,7.426540851593018,7.446383714675903,7.366234540939331,528,8,0000000000000000,0,0,7.3861775398254395,1,1,1,1,1,1779092648.6003175
7.451840114593488,1,sine_low_wl5m,2.0,0.31290058330447407,3.2793731689453125,-0.1076478511095047,0.21152818202972412,75.1330190493614,-4.295344174839879,0.0,0.0,0.0,0.9963663836342291,0.08517059095514204,-0.26213444837440875,0.04514500891606172,0.0,0.0,0.0,-0.0027841219728894917,1.0,0.0,0.0,0.0,0.0,-0.08947910911825176,0.1809423795468974,-0.08947910911825176,0.1809423795468974,1.0061689615249634,0.8289273381233215,0.09003110229969025,-0.1499880850315094,1.0,0.0,20.0,1.0,1.1397223472595215,0.16889387369155884,0.005416944805169094,0.0,0.0,0.0,0.0,7.426540851593018,7.446383714675903,7.466301918029785,528,8,0000000000000000,0,0,7.4862260818481445,1,1,1,1,1,1779092648.7000844
7.501840114593488,1,sine_low_wl5m,2.0,0.3329059116454447,3.4790449142456055,-0.12353679537773132,0.2302287518978119,75.05393105596679,-4.282025738831431,0.0,0.0,0.0,0.996538049213596,0.0831379364042701,-0.7476018770606769,0.1256142766835605,0.0,0.0,0.0,0.009699337848676739,1.0,0.0,0.0,0.0,0.0,-0.08947910911825176,0.1809423795468974,-0.08947910911825176,0.1809423795468974,1.0061689615249634,0.8289273381233215,0.09003110229969025,-0.1499880850315094,1.0,0.0,20.0,1.0,1.1397223472595215,0.16889387369155884,0.005416944805169094,0.0,0.0,0.0,0.0,7.5265138149261475,7.546456336975098,7.466301918029785,528,8,0000000000000000,0,0,7.4862260818481445,1,1,1,1,1,1779092648.7000844
7.551840114593488,1,sine_low_wl5m,2.0,0.3420706813514993,3.4790449142456055,-0.12353679537773132,0.2302287518978119,75.05393105596679,-4.282025738831431,0.0,0.0,0.0,0.996538049213596,0.0831379364042701,-0.7476018770606769,0.1256142766835605,0.0,0.0,0.0,0.009699337848676739,1.0,0.0,0.0,0.0,0.0,-0.08924530869729436,0.18753479632885736,-0.08924530869729436,0.18753479632885736,1.002712607383728,0.8256456851959229,0.08948739618062973,-0.15483729541301727,1.0,0.0,20.0,1.0,1.140082836151123,0.10788228362798691,-0.003327455366842101,0.0,0.0,0.0,0.0,7.5265138149261475,7.546456336975098,7.566220283508301,528,8,c100000003010000,193,259,7.586185693740845,1,1,1,1,1,1779092648.8002632
7.601840114593488,1,sine_low_wl5m,2.0,0.34931662588028106,3.6190695762634277,-0.1501641720533371,0.15009193122386932,74.92366299713974,-4.260739304971884,0.0,0.0,0.0,0.9969444831786374,0.07811336287524402,-1.0575585831247365,0.1667489893268955,0.0,0.0,0.0,0.07868196790996763,1.0,0.0,0.0,0.0,0.0,-0.08924530869729436,0.18753479632885736,-0.08924530869729436,0.18753479632885736,1.002712607383728,0.8256456851959229,0.08948739618062973,-0.15483729541301727,1.0,0.0,20.0,1.0,1.140082836151123,0.10788228362798691,-0.003327455366842101,0.0,0.0,0.0,0.0,7.626419544219971,7.64667534828186,7.566220283508301,528,8,c100000003010000,193,259,7.586185693740845,1,1,1,1,1,1779092648.8002632
7.651840114593488,1,sine_low_wl5m,2.0,0.34973737911297964,3.6190695762634277,-0.1501641720533371,0.15009193122386932,74.92366299713974,-4.260739304971884,0.0,0.0,0.0,0.9969444831786374,0.07811336287524402,-1.0575585831247365,0.1667489893268955,0.0,0.0,0.0,0.07868196790996763,1.0,0.0,0.0,0.0,0.0,-0.08712294254236828,0.19668800362940642,-0.08712294254236828,0.19668800362940642,0.9978660345077515,0.8227114677429199,0.08693702518939972,-0.16181747615337372,1.0,0.0,20.0,1.0,1.1379146575927734,0.06644006073474884,0.0018291342150642698,0.0,0.0,0.0,0.0,7.626419544219971,7.64667534828186,7.666253566741943,528,8,2a0100009a000000,298,154,7.686125993728638,1,1,1,1,1,1779092648.9002573
7.701840114593487,1,sine_low_wl5m,2.0,0.34377729572602517,3.6226437091827393,-0.10568767786026001,0.03233411908149719,74.79190277461767,-4.24052166835028,0.0,0.0,0.0,0.9972870057258496,0.07361133207848643,-1.289243204327108,0.19136474600876902,0.0,0.0,0.0,0.1388896053114938,1.0,0.0,0.0,0.0,0.0,-0.08712294254236828,0.19668800362940642,-0.08712294254236828,0.19668800362940642,0.9978660345077515,0.8227114677429199,0.08693702518939972,-0.16181747615337372,1.0,0.0,20.0,1.0,1.1379146575927734,0.06644006073474884,0.0018291342150642698,0.0,0.0,0.0,0.0,7.726603031158447,7.746532917022705,7.666253566741943,528,8,2a0100009a000000,298,154,7.686125993728638,1,1,1,1,1,1779092648.9002573
7.751840114593487,1,sine_low_wl5m,2.0,0.3354342846313676,3.6226437091827393,-0.10568767786026001,0.03233411908149719,74.79190277461767,-4.24052166835028,0.0,0.0,0.0,0.9972870057258496,0.07361133207848643,-1.289243204327108,0.19136474600876902,0.0,0.0,0.0,0.1388896053114938,1.0,0.0,0.0,0.0,0.0,-0.0840262191481142,0.20168660093944074,-0.0840262191481142,0.20168660093944074,0.9954526424407959,0.8224754333496094,0.08364412188529968,-0.16588227450847626,1.0,0.0,20.0,1.0,1.1398804187774658,0.04532137140631676,-0.0012998832449721716,0.0,0.0,0.0,0.0,7.726603031158447,7.746532917022705,7.766284704208374,528,8,3101000093000000,305,147,7.786227464675903,1,1,1,1,1,1779092649.000245
7.801840114593487,1,sine_low_wl5m,2.0,0.31663246645318266,3.5249462127685547,-0.11657759547233582,0.12148821353912354,74.66944967302364,-4.22327628830982,0.0,0.0,0.0,0.9977539122981844,0.06698604700731935,-1.4630155349716614,0.19733394058041465,0.0,0.0,0.0,0.14175371116599017,1.0,0.0,0.0,0.0,0.0,-0.0840262191481142,0.20168660093944074,-0.0840262191481142,0.20168660093944074,0.9954526424407959,0.8224754333496094,0.08364412188529968,-0.16588227450847626,1.0,0.0,20.0,1.0,1.1398804187774658,0.04532137140631676,-0.0012998832449721716,0.0,0.0,0.0,0.0,7.826519250869751,7.846454620361328,7.766284704208374,528,8,3101000093000000,305,147,7.786227464675903,1,1,1,1,1,1779092649.000245
7.851840114593487,1,sine_low_wl5m,2.0,0.3000654194223757,3.5249462127685547,-0.11657759547233582,0.12148821353912354,74.66944967302364,-4.22327628830982,0.0,0.0,0.0,0.9977539122981844,0.06698604700731935,-1.4630155349716614,0.19733394058041465,0.0,0.0,0.0,0.14175371116599017,1.0,0.0,0.0,0.0,0.0,-0.0828912203738118,0.2037294416243655,-0.0828912203738118,0.2037294416243655,0.9945051074028015,0.8219480514526367,0.082435742020607,-0.1674550175666809,1.0,0.0,20.0,1.0,1.137679100036621,0.025412127375602722,0.0023188779006866247,0.0,0.0,0.0,0.0,7.826519250869751,7.846454620361328,7.866317510604858,528,8,3501000090000000,309,144,7.886165142059326,1,1,1,1,1,1779092649.1001773
7.901840114593487,1,sine_low_wl5m,2.0,0.26960094254136185,3.286550283432007,-0.1385611891746521,0.20895861089229584,74.53886505461944,-4.206546094141259,0.0,0.0,0.0,0.9981705268362686,0.06046155270422684,-1.623899913664633,0.1974513785026803,0.0,0.0,0.0,0.19603580731938122,1.0,0.0,0.0,0.0,0.0,-0.0828912203738118,0.2037294416243655,-0.0828912203738118,0.2037294416243655,0.9945051074028015,0.8219480514526367,0.082435742020607,-0.1674550175666809,1.0,0.0,20.0,1.0,1.137679100036621,0.025412127375602722,0.0023188779006866247,0.0,0.0,0.0,0.0,7.926651477813721,7.946345567703247,7.866317510604858,528,8,3501000090000000,309,144,7.886165142059326,1,1,1,1,1,1779092649.1001773
7.9518401145934865,1,sine_low_wl5m,2.0,0.2458651139651378,3.286550283432007,-0.1385611891746521,0.20895861089229584,74.53886505461944,-4.206546094141259,0.0,0.0,0.0,0.9981705268362686,0.06046155270422684,-1.623899913664633,0.1974513785026803,0.0,0.0,0.0,0.19603580731938122,1.0,0.0,0.0,0.0,0.0,-0.08131998483451196,0.20680521180076572,-0.08131998483451196,0.20680521180076572,0.992946445941925,0.8206542134284973,0.08074638992547989,-0.16971556842327118,1.0,0.0,20.0,1.0,1.1401052474975586,0.017443079501390457,-0.002567158136127589,0.0,0.0,0.0,0.0,7.926651477813721,7.946345567703247,7.96625018119812,528,8,370100008d000000,311,141,7.986238956451416,1,1,1,1,1,1779092649.2008014
8.001840114593486,1,sine_low_wl5m,2.0,0.20562103552961514,2.9066286087036133,-0.1303442269563675,0.17186576128005981,74.38268691620402,-4.189123004155687,0.0,0.0,0.0,0.998661061088064,0.05173089083383557,-1.7593895378327309,0.18276403395278998,0.0,0.0,0.0,0.16596089399782743,1.0,0.0,0.0,0.0,0.0,-0.08131998483451196,0.20680521180076572,-0.08131998483451196,0.20680521180076572,0.992946445941925,0.8206542134284973,0.08074638992547989,-0.16971556842327118,1.0,0.0,20.0,1.0,1.1401052474975586,0.017443079501390457,-0.002567158136127589,0.0,0.0,0.0,0.0,8.026510953903198,8.046353816986084,7.96625018119812,528,8,370100008d000000,311,141,7.986238956451416,1,1,1,1,1,1779092649.2008014
8.051840114593487,1,sine_low_wl5m,2.0,0.17616267408936834,2.9066286087036133,-0.1303442269563675,0.17186576128005981,74.38268691620402,-4.189123004155687,0.0,0.0,0.0,0.998661061088064,0.05173089083383557,-1.7593895378327309,0.18276403395278998,0.0,0.0,0.0,0.16596089399782743,1.0,2.0,0.07003985250470177,2.0,0.07003985250470177,2.650986798421963,0.2604767950431161,0.6509867984219628,0.19043694253841434,0.83977872133255,0.7761228084564209,-0.2262423038482666,-0.13212212920188904,1.0,0.0,20.0,1.0,1.1412432193756104,0.011279238387942314,0.003313506255538256,276.6148778082172,175.58257448303377,277.0,176.0,8.026510953903198,8.046353816986084,8.066282033920288,528,8,380100008c000000,312,140,8.086212635040283,1,1,1,1,1,1779092649.301374
8.101840114593488,1,sine_low_wl5m,2.0,0.1287345464136089,2.4325573444366455,-0.09380123764276505,0.2054041475057602,74.18293484106239,-4.170538834452719,0.0,0.0,0.0,0.9991462349036365,0.04131345153684434,-1.9086156121226214,0.15810807399868448,0.0,0.0,0.0,0.21136241961573005,1.0,2.0,0.07003985250470177,2.0,0.07003985250470177,2.650986798421963,0.2604767950431161,0.6509867984219628,0.19043694253841434,0.83977872133255,0.7761228084564209,-0.2262423038482666,-0.13212212920188904,1.0,0.0,20.0,1.0,1.1412432193756104,0.011279238387942314,0.003313506255538256,276.6148778082172,175.58257448303377,277.0,176.0,8.126777172088623,8.146442174911499,8.066282033920288,528,8,380100008c000000,312,140,8.086212635040283,1,1,1,1,1,1779092649.301374
8.151840114593488,1,sine_low_wl5m,2.0,0.09540829490658838,2.4325573444366455,-0.09380123764276505,0.2054041475057602,74.18293484106239,-4.170538834452719,0.0,0.0,0.0,0.9991462349036365,0.04131345153684434,-1.9086156121226214,0.15810807399868448,0.0,0.0,0.0,0.21136241961573005,1.0,2.0,0.15312732044047622,2.0,0.15312732044047622,2.7430848607388887,0.3931501226696685,0.7430848607388887,0.24002280222919226,0.8278371095657349,0.8169512748718262,-0.27082744240760803,-0.1680571734905243,1.0,0.0,20.0,1.0,1.1416676044464111,0.09669331461191177,0.01867929940717197,299.98854588161254,152.31968208771139,300.0,152.0,8.126777172088623,8.146442174911499,8.166231632232666,528,8,380100008c000000,312,140,8.186277866363525,1,1,1,1,1,1779092649.4017215
8.20184011459349,1,sine_low_wl5m,2.0,0.04373255147505252,2.0003814697265625,-0.07773539423942566,0.15490329265594482,74.00702506281283,-4.157575355442054,0.0,0.0,0.0,0.999458592034704,0.032901714362737394,-2.010538393562841,0.13251559373892635,0.0,0.0,0.0,0.18507868137687777,1.0,2.0,0.15312732044047622,2.0,0.15312732044047622,2.7430848607388887,0.3931501226696685,0.7430848607388887,0.24002280222919226,0.8278371095657349,0.8169512748718262,-0.27082744240760803,-0.1680571734905243,1.0,0.0,20.0,1.0,1.1416676044464111,0.09669331461191177,0.01867929940717197,299.98854588161254,152.31968208771139,300.0,152.0,8.226541519165039,8.246436357498169,8.166231632232666,528,8,380100008c000000,312,140,8.186277866363525,1,1,1,1,1,1779092649.4017215
8.25184011459349,1,sine_low_wl5m,2.0,0.008673712247209392,2.0003814697265625,-0.07773539423942566,0.15490329265594482,74.00702506281283,-4.157575355442054,0.0,0.0,0.0,0.999458592034704,0.032901714362737394,-2.010538393562841,0.13251559373892635,0.0,0.0,0.0,0.18507868137687777,1.0,2.0,0.22656288500637864,2.0,0.22656288500637864,2.795247215084756,0.49540886951144897,0.795247215084756,0.26884598450507036,0.8231256008148193,0.8540098071098328,-0.30083954334259033,-0.19652114808559418,1.0,0.0,20.0,1.0,1.1407585144042969,0.3181634247303009,-0.006249738130544892,306.0147320991537,146.32205599442395,306.0,146.0,8.226541519165039,8.246436357498169,8.26629638671875,528,8,370100008d000000,311,141,8.286199569702148,1,1,1,1,1,1779092649.5014515
8.30184011459349,1,sine_low_wl5m,2.0,-0.04399198490358197,1.5878196954727173,-0.06102515757083893,0.14834710955619812,73.80231096316663,-4.1461034637330725,0.0,0.0,0.0,0.9997127873014503,0.023965452342176934,-2.0723660475222485,0.09941604835275836,0.0,0.0,0.0,0.1620786609152783,1.0,2.0,0.22656288500637864,2.0,0.22656288500637864,2.795247215084756,0.49540886951144897,0.795247215084756,0.26884598450507036,0.8231256008148193,0.8540098071098328,-0.30083954334259033,-0.19652114808559418,1.0,0.0,20.0,1.0,1.1407585144042969,0.3181634247303009,-0.006249738130544892,306.0147320991537,146.32205599442395,306.0,146.0,8.327059030532837,8.346512794494629,8.26629638671875,528,8,370100008d000000,311,141,8.286199569702148,1,1,1,1,1,1779092649.5014515
8.351840114593491,1,sine_low_wl5m,2.0,-0.07864658922456785,1.5878196954727173,-0.06102515757083893,0.14834710955619812,73.80231096316663,-4.1461034637330725,0.0,0.0,0.0,0.9997127873014503,0.023965452342176934,-2.0723660475222485,0.09941604835275836,0.0,0.0,0.0,0.1620786609152783,1.0,2.0,0.2857886067979718,2.0,0.2857886067979718,2.7326229624729965,0.5550201395962389,0.7326229624729965,0.26923153279826706,0.8410103917121887,0.8773854970932007,-0.2981643080711365,-0.20117801427841187,1.0,0.0,20.0,1.0,1.1394145488739014,0.7160834074020386,0.11017257886943647,309.30698614359153,143.04540504972283,309.0,143.0,8.327059030532837,8.346512794494629,8.366223096847534,528,8,360100008f000000,310,143,8.386375188827515,1,1,1,1,1,1779092649.60103
8.401840114593492,1,sine_low_wl5m,2.0,-0.1289576552425478,1.2434331178665161,-0.03881780430674553,0.15143366158008575,73.52930310317234,-4.135974606280668,0.0,0.0,0.0,0.9999014763005792,0.014037011502526897,-2.1470510609429367,0.06029418268105947,0.0,0.0,0.0,0.08265324172923094,1.0,2.0,0.2857886067979718,2.0,0.2857886067979718,2.7326229624729965,0.5550201395962389,0.7326229624729965,0.26923153279826706,0.8410103917121887,0.8773854970932007,-0.2981643080711365,-0.20117801427841187,1.0,0.0,20.0,1.0,1.1394145488739014,0.7160834074020386,0.11017257886943647,309.30698614359153,143.04540504972283,309.0,143.0,8.426473617553711,8.44639539718628,8.366223096847534,528,8,360100008f000000,310,143,8.386375188827515,1,1,1,1,1,1779092649.60103
8.451840114593493,1,sine_low_wl5m,2.0,-0.16096845352427935,1.2434331178665161,-0.03881780430674553,0.15143366158008575,73.52930310317234,-4.135974606280668,0.0,0.0,0.0,0.9999014763005792,0.014037011502526897,-2.1470510609429367,0.06029418268105947,0.0,0.0,0.0,0.08265324172923094,1.0,2.0,0.32706568036378664,2.0,0.32706568036378664,2.7065239873698004,0.5887091595034297,0.7065239873698004,0.2616434791396431,0.852120578289032,0.9019917845726013,-0.3062847852706909,-0.20394514501094818,1.0,0.0,20.0,1.0,1.1405627727508545,1.0190222263336182,0.06047763983303307,311.19112977198546,141.17019101198477,311.0,141.0,8.426473617553711,8.44639539718628,8.466274499893188,528,8,3201000092000000,306,146,8.48620057106018,1,1,1,1,1,1779092649.7015777
8.501840114593493,1,sine_low_wl5m,2.0,-0.20580795425360573,0.8892507553100586,-0.024331670254468918,0.16121739149093628,73.3712095044955,-4.131659269152949,0.0,0.0,0.0,0.9999044211090747,0.013825651757731108,-2.193607425679972,0.06067350259383314,0.0,0.0,0.0,-0.03477973065422562,1.0,2.0,0.32706568036378664,2.0,0.32706568036378664,2.7065239873698004,0.5887091595034297,0.7065239873698004,0.2616434791396431,0.852120578289032,0.9019917845726013,-0.3062847852706909,-0.20394514501094818,1.0,0.0,20.0,1.0,1.1405627727508545,1.0190222263336182,0.06047763983303307,311.19112977198546,141.17019101198477,311.0,141.0,8.526468753814697,8.546611309051514,8.466274499893188,528,8,3201000092000000,306,146,8.48620057106018,1,1,1,1,1,1779092649.7015777
8.551840114593494,1,sine_low_wl5m,2.0,-0.23321733442990428,0.8892507553100586,-0.024331670254468918,0.16121739149093628,73.3712095044955,-4.131659269152949,0.0,0.0,0.0,0.9999044211090747,0.013825651757731108,-2.193607425679972,0.06067350259383314,0.0,0.0,0.0,-0.03477973065422562,1.0,2.0,0.3477779529382343,2.0,0.3477779529382343,2.567212031255396,0.5978320721031899,0.5672120312553961,0.25005411916495557,0.883697509765625,0.8995311856269836,-0.26863887906074524,-0.18999063968658447,1.0,0.0,20.0,1.0,1.1410188674926758,1.238806128501892,0.150126067539282,312.0493061999605,140.31608177087227,312.0,140.0,8.526468753814697,8.546611309051514,8.566200733184814,528,8,2d01000098000000,301,152,8.586178064346313,1,1,1,1,1,1779092649.801058
8.601840114593495,1,sine_low_wl5m,2.0,-0.2697548340600833,0.6210552453994751,-0.006917313206940889,0.1517004519701004,73.14614860676808,-4.125208292171556,0.0,0.0,0.0,0.9998900520160767,0.014828482029103814,-2.259950440427091,0.06704538431015675,0.0,0.0,0.0,-0.06690313719797127,1.0,2.0,0.3477779529382343,2.0,0.3477779529382343,2.567212031255396,0.5978320721031899,0.5672120312553961,0.25005411916495557,0.883697509765625,0.8995311856269836,-0.26863887906074524,-0.18999063968658447,1.0,0.0,20.0,1.0,1.1410188674926758,1.238806128501892,0.150126067539282,312.0493061999605,140.31608177087227,312.0,140.0,8.62649941444397,8.64633297920227,8.566200733184814,528,8,2d01000098000000,301,152,8.586178064346313,1,1,1,1,1,1779092649.801058
8.651840114593496,1,sine_low_wl5m,2.0,-0.2907630877356185,0.6210552453994751,-0.006917313206940889,0.1517004519701004,73.14614860676808,-4.125208292171556,0.0,0.0,0.0,0.9998900520160767,0.014828482029103814,-2.259950440427091,0.06704538431015675,0.0,0.0,0.0,-0.06690313719797127,1.0,2.0,0.34664911177254004,2.0,0.34664911177254004,2.3961241664085677,0.5602086336887051,0.39612416640856773,0.21355952191616506,0.9268274307250977,0.9019087553024292,-0.22079360485076904,-0.15860795974731445,1.0,0.0,20.0,1.0,1.1406676769256592,1.4460196495056152,0.14958396090320714,312.00380611184346,140.36136621876122,312.0,140.0,8.62649941444397,8.64633297920227,8.666353225708008,528,8,1b010000a9000000,283,169,8.686210632324219,1,1,1,1,1,1779092649.9009924
8.701840114593496,1,sine_low_wl5m,2.0,-0.3167394483426774,0.41098490357398987,0.0022551710717380047,0.14515820145606995,72.90483794689156,-4.117851511126744,0.0,0.0,0.0,0.9998814376408637,0.015398398008871068,-2.2731659107222777,0.07003113702200071,0.0,0.0,0.0,-0.03700692413839958,1.0,2.0,0.34664911177254004,2.0,0.34664911177254004,2.3961241664085677,0.5602086336887051,0.39612416640856773,0.21355952191616506,0.9268274307250977,0.9019087553024292,-0.22079360485076904,-0.15860795974731445,1.0,0.0,20.0,1.0,1.1406676769256592,1.4460196495056152,0.14958396090320714,312.00380611184346,140.36136621876122,312.0,140.0,8.728831768035889,8.746459484100342,8.666353225708008,528,8,1b010000a9000000,283,169,8.686210632324219,1,1,1,1,1,1779092649.9009924
8.751840114593497,1,sine_low_wl5m,2.0,-0.3300931544365775,0.41098490357398987,0.0022551710717380047,0.14515820145606995,72.90483794689156,-4.117851511126744,0.0,0.0,0.0,0.9998814376408637,0.015398398008871068,-2.2731659107222777,0.07003113702200071,0.0,0.0,0.0,-0.03700692413839958,1.0,2.0,0.32372519707020625,2.0,0.32372519707020625,2.3080047705585227,0.5217752465134916,0.3080047705585227,0.19805004944328536,0.9483400583267212,0.892615795135498,-0.18877337872982025,-0.1420196294784546,1.0,0.0,20.0,1.0,1.1411261558532715,1.6162201166152954,0.18789262867417802,311.0478193367094,141.31282225088518,311.0,141.0,8.728831768035889,8.746459484100342,8.76624321937561,528,8,15010000b0000000,277,176,8.786197185516357,1,1,1,1,1,1779092650.006658
8.801840114593498,1,sine_low_wl5m,2.0,-0.3438257529198353,0.26859477162361145,-0.008754328824579716,0.149751678109169,72.67099786223007,-4.110304287049519,0.0,0.0,0.0,0.9998528806112258,0.017152758770353608,-2.286198011476351,0.07846383833857387,0.0,0.0,0.0,-0.07841811854867775,1.0,2.0,0.32372519707020625,2.0,0.32372519707020625,2.3080047705585227,0.5217752465134916,0.3080047705585227,0.19805004944328536,0.9483400583267212,0.892615795135498,-0.18877337872982025,-0.1420196294784546,1.0,0.0,20.0,1.0,1.1411261558532715,1.6162201166152954,0.18789262867417802,311.0478193367094,141.31282225088518,311.0,141.0,8.82662320137024,8.846452713012695,8.76624321937561,528,8,15010000b0000000,277,176,8.786197185516357,1,1,1,1,1,1779092650.006658
8.851840114593498,1,sine_low_wl5m,2.0,-0.34865739173103394,0.26859477162361145,-0.008754328824579716,0.149751678109169,72.67099786223007,-4.110304287049519,0.0,0.0,0.0,0.9998528806112258,0.017152758770353608,-2.286198011476351,0.07846383833857387,0.0,0.0,0.0,-0.07841811854867775,1.0,2.0,0.280491358226334,2.0,0.280491358226334,2.1669309117071944,0.4442130726046749,0.16693091170719443,0.16372171437834093,0.983692467212677,0.8868457078933716,-0.13159361481666565,-0.1134570986032486,1.0,0.0,20.0,1.0,1.1404986381530762,1.7707992792129517,0.21013620803058464,309.04495246482924,143.30619686270896,309.0,143.0,8.82662320137024,8.846452713012695,8.866396427154541,528,8,a100000022010000,161,290,8.886205673217773,1,1,1,1,1,1779092650.101279
8.901840114593499,1,sine_low_wl5m,2.0,-0.34930169828743035,0.16889387369155884,-0.003762798849493265,0.14991149306297302,72.45968661645843,-4.102428804603014,0.0,0.0,0.0,0.9998017623630835,0.019910700029690028,-2.279085786286737,0.09081039655001862,0.0,0.0,0.0,-0.053529505597070315,1.0,2.0,0.280491358226334,2.0,0.280491358226334,2.1669309117071944,0.4442130726046749,0.16693091170719443,0.16372171437834093,0.983692467212677,0.8868457078933716,-0.13159361481666565,-0.1134570986032486,1.0,0.0,20.0,1.0,1.1404986381530762,1.7707992792129517,0.21013620803058464,309.04495246482924,143.30619686270896,309.0,143.0,8.928632020950317,8.946861505508423,8.866396427154541,528,8,a100000022010000,161,290,8.886205673217773,1,1,1,1,1,1779092650.101279
8.9518401145935,1,sine_low_wl5m,2.0,-0.3453157067069281,0.16889387369155884,-0.003762798849493265,0.14991149306297302,72.45968661645843,-4.102428804603014,0.0,0.0,0.0,0.9998017623630835,0.019910700029690028,-2.279085786286737,0.09081039655001862,0.0,0.0,0.0,-0.053529505597070315,1.0,2.0,0.21958250352768624,2.0,0.21958250352768624,2.012881872400834,0.33354594374423663,0.012881872400833938,0.11396344021655039,1.0251561403274536,0.8860032558441162,-0.0635182112455368,-0.07594028860330582,1.0,0.0,20.0,1.0,1.14064359664917,1.9005022048950195,0.18508374893355814,305.56120597111067,146.7734327095379,306.0,147.0,8.928632020950317,8.946861505508423,8.966238260269165,528,8,9a0000002a010000,154,298,8.98618745803833,1,1,1,1,1,1779092650.2012432
9.0018401145935,1,sine_low_wl5m,2.0,-0.33283110558139556,0.10788228362798691,-0.003703340422362089,0.15003825724124908,72.25072626414871,-4.093491563527733,0.0,0.0,0.0,0.9997384890030679,0.022868178892569348,-2.2917944042804645,0.10490063402812189,0.0,0.0,0.0,-0.07193073701627825,1.0,2.0,0.21958250352768624,2.0,0.21958250352768624,2.012881872400834,0.33354594374423663,0.012881872400833938,0.11396344021655039,1.0251561403274536,0.8860032558441162,-0.0635182112455368,-0.07594028860330582,1.0,0.0,20.0,1.0,1.14064359664917,1.9005022048950195,0.18508374893355814,305.56120597111067,146.7734327095379,306.0,147.0,9.026524543762207,9.046395540237427,8.966238260269165,528,8,9a0000002a010000,154,298,8.98618745803833,1,1,1,1,1,1779092650.2012432
9.051840114593501,1,sine_low_wl5m,2.0,-0.3202828783697495,0.10788228362798691,-0.003703340422362089,0.15003825724124908,72.25072626414871,-4.093491563527733,0.0,0.0,0.0,0.9997384890030679,0.022868178892569348,-2.2917944042804645,0.10490063402812189,0.0,0.0,0.0,-0.07193073701627825,1.0,2.0,0.14491222215496172,2.0,0.14491222215496172,1.94348099407473,0.22105291295077584,-0.05651900592527004,0.07614069079581412,1.0391558408737183,0.8661917448043823,-0.019579626619815826,-0.046561986207962036,1.0,0.0,20.0,1.0,1.1409108638763428,1.995830774307251,0.1664656608461394,299.04988182313537,153.25389750136168,299.0,153.0,9.026524543762207,9.046395540237427,9.066617727279663,528,8,960000002e010000,150,302,9.08613896369934,1,1,1,1,1,1779092650.3010843
9.101840114593502,1,sine_low_wl5m,2.0,-0.2954489121701942,0.06644006073474884,-0.0025744095910340548,0.1496603786945343,72.0051377839292,-4.081114279077704,0.0,0.0,0.0,0.9996268453758604,0.02731611253281704,-2.297410114500503,0.12565330828557877,0.0,0.0,0.0,-0.059929692258161124,1.0,2.0,0.14491222215496172,2.0,0.14491222215496172,1.94348099407473,0.22105291295077584,-0.05651900592527004,0.07614069079581412,1.0391558408737183,0.8661917448043823,-0.019579626619815826,-0.046561986207962036,1.0,0.0,20.0,1.0,1.1409108638763428,1.995830774307251,0.1664656608461394,299.04988182313537,153.25389750136168,299.0,153.0,9.126537322998047,9.146460771560669,9.066617727279663,528,8,960000002e010000,150,302,9.08613896369934,1,1,1,1,1,1779092650.3010843
9.151840114593503,1,sine_low_wl5m,2.0,-0.2751195103522187,0.06644006073474884,-0.0025744095910340548,0.1496603786945343,72.0051377839292,-4.081114279077704,0.0,0.0,0.0,0.9996268453758604,0.02731611253281704,-2.297410114500503,0.12565330828557877,0.0,0.0,0.0,-0.059929692258161124,1.0,2.0,0.061115739265581843,2.0,0.061115739265581843,1.8622722119193256,0.11221162006767349,-0.13772778808067443,0.051095880802091646,1.066266417503357,0.828157901763916,0.014321680180728436,-0.03181320056319237,1.0,0.0,20.0,1.0,1.1397473812103271,2.0737080574035645,0.1804853847940636,192.50544698861097,259.2933824077603,193.0,259.0,9.126537322998047,9.146460771560669,9.166216850280762,528,8,9300000030010000,147,304,9.186169862747192,1,1,1,1,1,1779092650.4013329
9.201840114593503,1,sine_low_wl5m,2.0,-0.23949229439824363,0.04532137140631676,-0.0034693924244493246,0.14837050437927246,71.75919016791417,-4.066500445952877,0.0,0.0,0.0,0.9994887494912406,0.03197248255040831,-2.282867244323186,0.1462021422603168,0.0,0.0,0.0,-0.07555218195770075,1.0,2.0,0.061115739265581843,2.0,0.061115739265581843,1.8622722119193256,0.11221162006767349,-0.13772778808067443,0.051095880802091646,1.066266417503357,0.828157901763916,0.014321680180728436,-0.03181320056319237,1.0,0.0,20.0,1.0,1.1397473812103271,2.0737080574035645,0.1804853847940636,192.50544698861097,259.2933824077603,193.0,259.0,9.226642608642578,9.246329545974731,9.166216850280762,528,8,9300000030010000,147,304,9.186169862747192,1,1,1,1,1,1779092650.4013329
9.251840114593504,1,sine_low_wl5m,2.0,-0.2127048330222689,0.04532137140631676,-0.0034693924244493246,0.14837050437927246,71.75919016791417,-4.066500445952877,0.0,0.0,0.0,0.9994887494912406,0.03197248255040831,-2.282867244323186,0.1462021422603168,0.0,0.0,0.0,-0.07555218195770075,1.0,2.0,-0.026491425247875806,2.0,-0.026491425247875806,1.8502393120399203,-0.014956146265293041,-0.14976068796007969,0.011535278982582765,1.0593053102493286,0.8371771574020386,0.04003167152404785,-0.013970481231808662,1.0,0.0,20.0,1.0,1.139312982559204,2.118131399154663,-0.00552569916892915,179.83169291794593,271.9070712932563,180.0,272.0,9.226642608642578,9.246329545974731,9.26637077331543,528,8,9200000032010000,146,306,9.2862708568573,1,1,1,1,1,1779092650.501146
9.301840114593505,1,sine_low_wl5m,2.0,-0.1685058363663664,0.025412127375602722,-0.002521915826946497,0.14797352254390717,71.61055977597252,-4.056445944183471,0.0,0.0,0.0,0.9993710590431332,0.035461053946639384,-2.3149565363238787,0.1644920296695483,0.0,0.0,0.0,-0.13439213702517178,1.0,2.0,-0.026491425247875806,2.0,-0.026491425247875806,1.8502393120399203,-0.014956146265293041,-0.14976068796007969,0.011535278982582765,1.0593053102493286,0.8371771574020386,0.04003167152404785,-0.013970481231808662,1.0,0.0,20.0,1.0,1.139312982559204,2.118131399154663,-0.00552569916892915,179.83169291794593,271.9070712932563,180.0,272.0,9.326531171798706,9.346425533294678,9.26637077331543,528,8,9200000032010000,146,306,9.2862708568573,1,1,1,1,1,1779092650.501146
9.351840114593506,1,sine_low_wl5m,2.0,-0.1368698581393772,0.025412127375602722,-0.002521915826946497,0.14797352254390717,71.61055977597252,-4.056445944183471,0.0,0.0,0.0,0.9993710590431332,0.035461053946639384,-2.3149565363238787,0.1644920296695483,0.0,0.0,0.0,-0.13439213702517178,1.0,2.0,-0.11245725965222617,2.0,-0.11245725965222617,1.8256347413755538,-0.18300550952363717,-0.17436525862444618,-0.070548249871411,1.075126051902771,0.8094810843467712,0.03721252828836441,0.03568223863840103,1.0,0.0,20.0,1.0,1.140784740447998,2.16872501373291,-0.027649590613857362,159.28783941247534,292.3535605641039,159.0,292.0,9.326531171798706,9.346425533294678,9.366217613220215,528,8,9100000032010000,145,306,9.3861722946167,1,1,1,1,1,1779092650.601261
9.401840114593506,1,sine_low_wl5m,2.0,-0.08688057413761492,0.017443079501390457,-0.0011916231596842408,0.147429421544075,71.36455610534843,-4.03736312559347,0.0,0.0,0.0,0.999143910929938,0.04136961749433921,-2.3062223710055196,0.19130654133447147,0.0,0.0,0.0,-0.13987006151900075,1.0,2.0,-0.11245725965222617,2.0,-0.11245725965222617,1.8256347413755538,-0.18300550952363717,-0.17436525862444618,-0.070548249871411,1.075126051902771,0.8094810843467712,0.03721252828836441,0.03568223863840103,1.0,0.0,20.0,1.0,1.140784740447998,2.16872501373291,-0.027649590613857362,159.28783941247534,292.3535605641039,159.0,292.0,9.426682710647583,9.446373701095581,9.366217613220215,528,8,9100000032010000,145,306,9.3861722946167,1,1,1,1,1,1779092650.601261
9.451840114593507,1,sine_low_wl5m,2.0,-0.05245576241960116,0.017443079501390457,-0.0011916231596842408,0.147429421544075,71.36455610534843,-4.03736312559347,0.0,0.0,0.0,0.999143910929938,0.04136961749433921,-2.3062223710055196,0.19130654133447147,0.0,0.0,0.0,-0.13987006151900075,1.0,2.0,-0.19135563933875052,2.0,-0.19135563933875052,1.76555304660375,-0.38829151740266615,-0.2344469533962501,-0.19693587806391563,1.1062217950820923,0.7055366039276123,0.046906739473342896,0.0825982391834259,1.0,0.0,20.0,1.0,1.139857530593872,2.2202532291412354,0.012400852926023661,152.86994786457663,298.7410355643822,153.0,299.0,9.426682710647583,9.446373701095581,9.466323614120483,528,8,9200000032010000,146,306,9.486260175704956,1,1,1,1,1,1779092650.7012205
9.501840114593508,1,stop_after_sine_low,0.0,0.0,0.011279238387942314,-0.0008640120504423976,0.1480332762002945,71.11968103152302,-4.015321007938392,0.0,0.0,0.0,0.9988656894757285,0.04761653481908915,-2.2970298739846076,0.21950043364929048,0.0,0.0,0.0,-0.10993100120526703,1.0,2.0,-0.19135563933875052,2.0,-0.19135563933875052,1.76555304660375,-0.38829151740266615,-0.2344469533962501,-0.19693587806391563,1.1062217950820923,0.7055366039276123,0.046906739473342896,0.0825982391834259,1.0,0.0,20.0,1.0,1.139857530593872,2.2202532291412354,0.012400852926023661,152.86994786457663,298.7410355643822,153.0,299.0,9.528726577758789,9.547382354736328,9.466323614120483,528,8,9200000032010000,146,306,9.486260175704956,1,1,1,1,1,1779092650.7012205
9.551840114593508,1,stop_after_sine_low,0.0,0.0,0.011279238387942314,-0.0008640120504423976,0.1480332762002945,71.11968103152302,-4.015321007938392,0.0,0.0,0.0,0.9988656894757285,0.04761653481908915,-2.2970298739846076,0.21950043364929048,0.0,0.0,0.0,-0.10993100120526703,1.0,2.0,-0.258208151114701,2.0,-0.258208151114701,1.7241685452223232,-0.5413163142095493,-0.2758314547776768,-0.28310816309484826,1.1373779773712158,0.6679978966712952,0.03896866738796234,0.10339000821113586,1.0,0.0,20.0,1.0,1.1400253772735596,2.280491352081299,-0.04812715689816146,149.1905146672229,302.40303068971053,149.0,302.0,9.528726577758789,9.547382354736328,9.567168712615967,528,8,9300000031010000,147,305,9.58714509010315,1,1,1,1,1,1779092650.801039
9.601840114593509,1,stop_after_sine_low,0.0,0.0,0.09669331461191177,-0.00991781335324049,0.15311849117279053,70.87303227920438,-3.989912816162645,0.0,0.0,0.0,0.9985338565482738,0.05413074289931253,-2.2939710469157,0.24944642363131894,0.0,0.0,0.0,-0.10521949253020586,1.0,2.0,-0.258208151114701,2.0,-0.258208151114701,1.7241685452223232,-0.5413163142095493,-0.2758314547776768,-0.28310816309484826,1.1373779773712158,0.6679978966712952,0.03896866738796234,0.10339000821113586,1.0,0.0,20.0,1.0,1.1400253772735596,2.280491352081299,-0.04812715689816146,149.1905146672229,302.40303068971053,149.0,302.0,9.627721309661865,9.64730429649353,9.567168712615967,528,8,9300000031010000,147,305,9.58714509010315,1,1,1,1,1,1779092650.801039
9.65184011459351,1,stop_after_sine_low,0.0,0.0,0.09669331461191177,-0.00991781335324049,0.15311849117279053,70.87303227920438,-3.989912816162645,0.0,0.0,0.0,0.9985338565482738,0.05413074289931253,-2.2939710469157,0.24944642363131894,0.0,0.0,0.0,-0.10521949253020586,1.0,2.0,-0.308860422060576,2.0,-0.308860422060576,1.7195180868376572,-0.6275591413163666,-0.28048191316234283,-0.3186987192557906,1.1465321779251099,0.6540489196777344,0.028517182916402817,0.10159395635128021,1.0,0.0,20.0,1.0,1.1404860019683838,2.2959816455841064,-0.06481556846948157,146.92754525691623,304.6552751265087,147.0,305.0,9.627721309661865,9.64730429649353,9.6672523021698,528,8,950000002f010000,149,303,9.68712306022644,1,1,1,1,1,1779092650.9012017
9.70184011459351,1,stop_after_sine_low,0.0,0.0,0.3181634247303009,-0.018703917041420937,0.1519172638654709,70.66077040073489,-3.965734820802567,0.0,0.0,0.0,0.9982814505074273,0.05860158336416266,-2.265228397620643,0.2668686118463885,0.0,0.0,0.0,-0.09061018047951462,1.0,2.0,-0.308860422060576,2.0,-0.308860422060576,1.7195180868376572,-0.6275591413163666,-0.28048191316234283,-0.3186987192557906,1.1465321779251099,0.6540489196777344,0.028517182916402817,0.10159395635128021,1.0,0.0,20.0,1.0,1.1404860019683838,2.2959816455841064,-0.06481556846948157,146.92754525691623,304.6552751265087,147.0,305.0,9.727633714675903,9.747655153274536,9.6672523021698,528,8,950000002f010000,149,303,9.68712306022644,1,1,1,1,1,1779092650.9012017
9.751840114593511,1,stop_after_sine_low,0.0,0.0,0.3181634247303009,-0.018703917041420937,0.1519172638654709,70.66077040073489,-3.965734820802567,0.0,0.0,0.0,0.9982814505074273,0.05860158336416266,-2.265228397620643,0.2668686118463885,0.0,0.0,0.0,-0.09061018047951462,1.0,2.0,-0.34010004319510495,2.0,-0.34010004319510495,1.7279874164484306,-0.6865579969654008,-0.27201258355156943,-0.3464579537702958,1.1512469053268433,0.6365947723388672,0.010659834370017052,0.096959188580513,1.0,0.0,20.0,1.0,1.1402504444122314,2.2953686714172363,-0.07762746980534788,145.68114097406024,305.895772280062,146.0,306.0,9.727633714675903,9.747655153274536,9.767200946807861,528,8,980000002b010000,152,299,9.78712773323059,1,1,1,1,1,1779092651.0011158
9.801840114593512,1,stop_after_sine_low,0.0,0.0,0.7160834074020386,-0.02475820668041706,0.15802596509456635,70.24865755790711,-3.9164581449154428,0.0,0.0,0.0,0.9982388555807388,0.05932273770534338,-2.159191921289315,0.25753984679856606,0.0,0.0,0.0,0.008870438872675544,1.0,2.0,-0.34010004319510495,2.0,-0.34010004319510495,1.7279874164484306,-0.6865579969654008,-0.27201258355156943,-0.3464579537702958,1.1512469053268433,0.6365947723388672,0.010659834370017052,0.096959188580513,1.0,0.0,20.0,1.0,1.1402504444122314,2.2953686714172363,-0.07762746980534788,145.68114097406024,305.895772280062,146.0,306.0,9.827638864517212,9.847361087799072,9.767200946807861,528,8,980000002b010000,152,299,9.78712773323059,1,1,1,1,1,1779092651.0011158
9.851840114593513,1,stop_after_sine_low,0.0,0.0,0.7160834074020386,-0.02475820668041706,0.15802596509456635,70.24865755790711,-3.9164581449154428,0.0,0.0,0.0,0.9982388555807388,0.05932273770534338,-2.159191921289315,0.25753984679856606,0.0,0.0,0.0,0.008870438872675544,1.0,2.0,-0.3499707182339458,2.0,-0.3499707182339458,1.7376286248044466,-0.6970540015112365,-0.2623713751955534,-0.3470832832772907,1.1529819965362549,0.6286121606826782,-0.0034545210655778646,0.08820590376853943,1.0,0.0,20.0,1.0,1.1402802467346191,2.2872684001922607,-0.12365534788782459,145.30628574398,306.26885094507077,145.0,306.0,9.827638864517212,9.847361087799072,9.867407321929932,528,8,9e00000025010000,158,293,9.887223720550537,1,1,1,1,1,1779092651.101527
9.901840114593513,1,stop_after_sine_low,0.0,0.0,1.0190222263336182,-0.04463484510779381,0.16571584343910217,70.0315050049735,-3.8899601459882818,0.0,0.0,0.0,0.998056087998163,0.06232210851538239,-1.9926506335048706,0.24983026809460993,0.0,0.0,0.0,-0.07580317562327145,1.0,2.0,-0.3499707182339458,2.0,-0.3499707182339458,1.7376286248044466,-0.6970540015112365,-0.2623713751955534,-0.3470832832772907,1.1529819965362549,0.6286121606826782,-0.0034545210655778646,0.08820590376853943,1.0,0.0,20.0,1.0,1.1402802467346191,2.2872684001922607,-0.12365534788782459,145.30628574398,306.26885094507077,145.0,306.0,9.928833246231079,9.94745397567749,9.867407321929932,528,8,9e00000025010000,158,293,9.887223720550537,1,1,1,1,1,1779092651.101527
9.951840114593514,1,stop_after_sine_low,0.0,0.0,1.0190222263336182,-0.04463484510779381,0.16571584343910217,70.0315050049735,-3.8899601459882818,0.0,0.0,0.0,0.998056087998163,0.06232210851538239,-1.9926506335048706,0.24983026809460993,0.0,0.0,0.0,-0.07580317562327145,1.0,2.0,-0.33785450122860144,2.0,-0.33785450122860144,1.728489455678433,-0.6888311552679589,-0.27151054432156707,-0.35097665403935746,1.1583024263381958,0.6250176429748535,-0.0021135304123163223,0.09267712384462357,1.0,0.0,20.0,1.0,1.1403098106384277,2.2994954586029053,-0.11094346700087247,145.767609457967,305.8097135993965,146.0,306.0,9.928833246231079,9.94745397567749,9.967188835144043,528,8,af00000015010000,175,277,9.987243175506592,1,1,1,1,1,1779092651.2010179
10.001840114593515,1,stop_after_sine_low,0.0,0.0,1.238806128501892,-0.0552508682012558,0.16065692901611328,69.84675352155382,-3.866214892635281,0.0,0.0,0.0,0.9978912129931611,0.06490860521562249,-1.7275767067957277,0.22569804197365195,0.0,0.0,0.0,-0.036345760531093035,1.0,2.0,-0.33785450122860144,2.0,-0.33785450122860144,1.728489455678433,-0.6888311552679589,-0.27151054432156707,-0.35097665403935746,1.1583024263381958,0.6250176429748535,-0.0021135304123163223,0.09267712384462357,1.0,0.0,20.0,1.0,1.1403098106384277,2.2994954586029053,-0.11094346700087247,145.767609457967,305.8097135993965,146.0,306.0,10.027772903442383,10.047337055206299,9.967188835144043,528,8,af00000015010000,175,277,9.987243175506592,1,1,1,1,1,1779092651.2010179
10.051840114593515,1,stop_after_sine_low,0.0,0.0,1.238806128501892,-0.0552508682012558,0.16065692901611328,69.84675352155382,-3.866214892635281,0.0,0.0,0.0,0.9978912129931611,0.06490860521562249,-1.7275767067957277,0.22569804197365195,0.0,0.0,0.0,-0.036345760531093035,1.0,2.0,-0.3045181880614856,2.0,-0.3045181880614856,1.7269052375112446,-0.6169346796545291,-0.2730947624887554,-0.31241649159304347,1.158539056777954,0.6364267468452454,-0.0006871650111861527,0.08811554312705994,1.0,0.0,20.0,1.0,1.1409554481506348,2.2857794761657715,-0.12886755475653405,147.10879870641233,304.47488069810026,147.0,304.0,10.027772903442383,10.047337055206299,10.067232370376587,528,8,0000000000000000,0,0,10.087148666381836,1,1,1,1,1,1779092651.301509
10.101840114593516,1,stop_after_sine_low,0.0,0.0,1.4460196495056152,-0.06783148646354675,0.18957722187042236,69.72968088063216,-3.8508803976452377,0.0,0.0,0.0,0.9978843007220076,0.0650147857994623,-1.5165327726964395,0.19845460776315257,0.0,0.0,0.0,0.014968692891756495,1.0,2.0,-0.3045181880614856,2.0,-0.3045181880614856,1.7269052375112446,-0.6169346796545291,-0.2730947624887554,-0.31241649159304347,1.158539056777954,0.6364267468452454,-0.0006871650111861527,0.08811554312705994,1.0,0.0,20.0,1.0,1.1409554481506348,2.2857794761657715,-0.12886755475653405,147.10879870641233,304.47488069810026,147.0,304.0,10.128720045089722,10.147381067276001,10.067232370376587,528,8,0000000000000000,0,0,10.087148666381836,1,1,1,1,1,1779092651.301509
10.151840114593517,1,stop_after_sine_low,0.0,0.0,1.4460196495056152,-0.06783148646354675,0.18957722187042236,69.72968088063216,-3.8508803976452377,0.0,0.0,0.0,0.9978843007220076,0.0650147857994623,-1.5165327726964395,0.19845460776315257,0.0,0.0,0.0,0.014968692891756495,1.0,2.0,-0.25202520734722156,2.0,-0.25202520734722156,1.7336162373643238,-0.4843679371565412,-0.2663837626356762,-0.23234272980931964,1.1528176069259644,0.6650037169456482,0.0014566779136657715,0.07008127123117447,1.0,0.0,20.0,1.0,1.139984130859375,2.304945707321167,-0.15094669000735653,149.4923004060074,302.1026752150909,149.0,302.0,10.128720045089722,10.147381067276001,10.16713547706604,528,8,0000000000000000,0,0,10.18714714050293,1,1,1,1,1,1779092651.4010587
10.201840114593518,1,stop_after_sine_low,0.0,0.0,1.6162201166152954,-0.08285558223724365,0.1653049737215042,69.67190983945255,-3.8433382910125116,0.0,0.0,0.0,0.9979047097057963,0.06470077547441391,-1.3781799569722784,0.17946752315710002,0.0,0.0,0.0,0.010080989987311922,1.0,2.0,-0.25202520734722156,2.0,-0.25202520734722156,1.7336162373643238,-0.4843679371565412,-0.2663837626356762,-0.23234272980931964,1.1528176069259644,0.6650037169456482,0.0014566779136657715,0.07008127123117447,1.0,0.0,20.0,1.0,1.139984130859375,2.304945707321167,-0.15094669000735653,149.4923004060074,302.1026752150909,149.0,302.0,10.228838205337524,10.247311115264893,10.16713547706604,528,8,0000000000000000,0,0,10.18714714050293,1,1,1,1,1,1779092651.4010587
10.251840114593518,1,stop_after_sine_low,0.0,0.0,1.6162201166152954,-0.08285558223724365,0.1653049737215042,69.67190983945255,-3.8433382910125116,0.0,0.0,0.0,0.9979047097057963,0.06470077547441391,-1.3781799569722784,0.17946752315710002,0.0,0.0,0.0,0.010080989987311922,1.0,2.0,-0.1836888808706324,2.0,-0.1836888808706324,1.7300839861905852,-0.38721147030968633,-0.26991601380941477,-0.20352258943905394,1.1487739086151123,0.6742624044418335,0.01252465695142746,0.07739325612783432,1.0,0.0,20.0,1.0,1.1400456428527832,2.293898105621338,-0.12267863956573076,153.36559022662308,298.24774221826954,153.0,298.0,10.228838205337524,10.247311115264893,10.267261028289795,528,8,0000000000000000,0,0,10.287306070327759,1,1,1,1,1,1779092651.501229
10.301840114593519,1,stop_after_sine_low,0.0,0.0,1.7707992792129517,-0.08107604086399078,0.18267957866191864,69.64466313503178,-3.8397955234094674,0.0,0.0,0.0,0.997913440482714,0.0645659763649003,-1.332067632633695,0.1730967799635906,0.0,0.0,0.0,0.004617197392948272,1.0,2.0,-0.1836888808706324,2.0,-0.1836888808706324,1.7300839861905852,-0.38721147030968633,-0.26991601380941477,-0.20352258943905394,1.1487739086151123,0.6742624044418335,0.01252465695142746,0.07739325612783432,1.0,0.0,20.0,1.0,1.1400456428527832,2.293898105621338,-0.12267863956573076,153.36559022662308,298.24774221826954,153.0,298.0,10.327864408493042,10.347466707229614,10.267261028289795,528,8,0000000000000000,0,0,10.287306070327759,1,1,1,1,1,1779092651.501229
10.35184011459352,1,stop_after_sine_low,0.0,0.0,1.7707992792129517,-0.08107604086399078,0.18267957866191864,69.64466313503178,-3.8397955234094674,0.0,0.0,0.0,0.997913440482714,0.0645659763649003,-1.332067632633695,0.1730967799635906,0.0,0.0,0.0,0.004617197392948272,1.0,2.0,-0.10384956176116293,2.0,-0.10384956176116293,1.7530380999851851,-0.24391521496700308,-0.24696190001481488,-0.14006565320584013,1.1365830898284912,0.7141101360321045,0.007526539731770754,0.07033276557922363,1.0,0.0,20.0,1.0,1.1392617225646973,2.3076603412628174,-0.09477523551953806,160.25628406375378,291.38970569790257,160.0,291.0,10.327864408493042,10.347466707229614,10.367228031158447,528,8,0000000000000000,0,0,10.38713264465332,1,1,1,1,1,1779092651.6010633
10.40184011459352,1,stop_after_sine_low,0.0,0.0,1.9005022048950195,-0.07928211241960526,0.15263204276561737,69.59990032131454,-3.833986629561378,0.0,0.0,0.0,0.9979274895055517,0.06434847075997245,-1.2332214549406029,0.15970549079231044,0.0,0.0,0.0,0.01266654137474132,1.0,2.0,-0.10384956176116293,2.0,-0.10384956176116293,1.7530380999851851,-0.24391521496700308,-0.24696190001481488,-0.14006565320584013,1.1365830898284912,0.7141101360321045,0.007526539731770754,0.07033276557922363,1.0,0.0,20.0,1.0,1.1392617225646973,2.3076603412628174,-0.09477523551953806,160.25628406375378,291.38970569790257,160.0,291.0,10.428027153015137,10.447370290756226,10.367228031158447,528,8,0000000000000000,0,0,10.38713264465332,1,1,1,1,1,1779092651.6010633
10.451840114593521,1,stop_after_sine_low,0.0,0.0,1.9005022048950195,-0.07928211241960526,0.15263204276561737,69.59990032131454,-3.833986629561378,0.0,0.0,0.0,0.9979274895055517,0.06434847075997245,-1.2332214549406029,0.15970549079231044,0.0,0.0,0.0,0.01266654137474132,1.0,2.0,-0.017454116441872055,2.0,-0.017454116441872055,1.742575862330247,-0.09363281173712201,-0.25742413766975303,-0.07617869529524995,1.1323621273040771,0.7634842395782471,0.026773089542984962,0.0540330596268177,1.0,0.0,20.0,1.0,1.139641284942627,2.319944143295288,-0.08638812089106995,190.599070856877,261.190723581524,191.0,261.0,10.428027153015137,10.447370290756226,10.467808485031128,528,8,0000000000000000,0,0,10.487306356430054,1,1,1,1,1,1779092651.7018058
10.501840114593522,1,stop_after_sine_low,0.0,0.0,1.995830774307251,-0.08052227646112442,0.1648123562335968,69.59132330520431,-3.832876265630011,0.0,0.0,0.0,0.9979291024940518,0.06432345136430731,-1.206850221633201,0.15622881606294675,0.0,0.0,0.0,0.0065361954017071015,1.0,2.0,-0.017454116441872055,2.0,-0.017454116441872055,1.742575862330247,-0.09363281173712201,-0.25742413766975303,-0.07617869529524995,1.1323621273040771,0.7634842395782471,0.026773089542984962,0.0540330596268177,1.0,0.0,20.0,1.0,1.139641284942627,2.319944143295288,-0.08638812089106995,190.599070856877,261.190723581524,191.0,261.0,10.528385639190674,10.547424793243408,10.467808485031128,528,8,0000000000000000,0,0,10.487306356430054,1,1,1,1,1,1779092651.7018058
10.551840114593523,1,stop_after_sine_low,0.0,0.0,1.995830774307251,-0.08052227646112442,0.1648123562335968,69.59132330520431,-3.832876265630011,0.0,0.0,0.0,0.9979291024940518,0.06432345136430731,-1.206850221633201,0.15622881606294675,0.0,0.0,0.0,0.0065361954017071015,1.0,0.0,0.0,0.0,0.0,-0.06332986242537335,0.2095119708524984,-0.06332986242537335,0.2095119708524984,1.1867151260375977,0.798030436038971,0.07515450567007065,-0.16719692945480347,1.0,0.0,20.0,1.0,1.1422288417816162,2.30972957611084,0.034739977700793935,0.0,0.0,0.0,0.0,10.528385639190674,10.547424793243408,10.567214250564575,528,8,0000000000000000,0,0,10.58717656135559,1,1,1,1,1,1779092651.8022263
10.601840114593523,1,stop_after_sine_low,0.0,0.0,2.0737080574035645,-0.09745921194553375,0.1413879692554474,69.58891907171054,-3.8325651110401155,0.0,0.0,0.0,0.9979301224010086,0.06430762633395698,-1.1936655018823699,0.15448353941961115,0.0,0.0,0.0,0.009865503031991435,1.0,0.0,0.0,0.0,0.0,-0.06332986242537335,0.2095119708524984,-0.06332986242537335,0.2095119708524984,1.1867151260375977,0.798030436038971,0.07515450567007065,-0.16719692945480347,1.0,0.0,20.0,1.0,1.1422288417816162,2.30972957611084,0.034739977700793935,0.0,0.0,0.0,0.0,10.628467559814453,10.647388696670532,10.567214250564575,528,8,0000000000000000,0,0,10.58717656135559,1,1,1,1,1,1779092651.8022263
10.651840114593524,1,stop_after_sine_low,0.0,0.0,2.0737080574035645,-0.09745921194553375,0.1413879692554474,69.58891907171054,-3.8325651110401155,0.0,0.0,0.0,0.9979301224010086,0.06430762633395698,-1.1936655018823699,0.15448353941961115,0.0,0.0,0.0,0.009865503031991435,1.0,0.0,0.0,0.0,0.0,-0.05957833409163935,0.21520969382670002,-0.05957833409163935,0.21520969382670002,1.1772013902664185,0.8169118165969849,0.070135697722435,-0.17580734193325043,1.0,0.0,20.0,1.0,1.140251636505127,2.2841594219207764,-0.032050552947005026,0.0,0.0,0.0,0.0,10.628467559814453,10.647388696670532,10.667304515838623,528,8,0000000000000000,0,0,10.687180280685425,1,1,1,1,1,1779092651.9020875
10.701840114593525,1,stop_after_sine_low,0.0,0.0,2.118131399154663,-0.07912874221801758,0.18229106068611145,69.58312232372298,-3.831815354590971,0.0,0.0,0.0,0.9979326067657446,0.06426906218178297,-1.1804876321241164,0.1526853016931632,0.0,0.0,0.0,0.01798226675752838,1.0,0.0,0.0,0.0,0.0,-0.05957833409163935,0.21520969382670002,-0.05957833409163935,0.21520969382670002,1.1772013902664185,0.8169118165969849,0.070135697722435,-0.17580734193325043,1.0,0.0,20.0,1.0,1.140251636505127,2.2841594219207764,-0.032050552947005026,0.0,0.0,0.0,0.0,10.727482080459595,10.747389554977417,10.667304515838623,528,8,0000000000000000,0,0,10.687180280685425,1,1,1,1,1,1779092651.9020875
10.751840114593525,1,stop_after_sine_low,0.0,0.0,2.118131399154663,-0.07912874221801758,0.18229106068611145,69.58312232372298,-3.831815354590971,0.0,0.0,0.0,0.9979326067657446,0.06426906218178297,-1.1804876321241164,0.1526853016931632,0.0,0.0,0.0,0.01798226675752838,1.0,0.0,0.0,0.0,0.0,-0.054945925400932565,0.21805939357102566,-0.054945925400932565,0.21805939357102566,1.1706626415252686,0.8274722695350647,0.06432314217090607,-0.1804381012916565,1.0,0.0,20.0,1.0,1.1403779983520508,2.1550090312957764,-0.0766573503683975,0.0,0.0,0.0,0.0,10.727482080459595,10.747389554977417,10.76723599433899,528,8,0000000000000000,0,0,10.787128448486328,1,1,1,1,1,1779092652.0020452
10.801840114593526,1,stop_after_sine_low,0.0,0.0,2.16872501373291,-0.09897704422473907,0.16338513791561127,69.57952213249665,-3.831349949758798,0.0,0.0,0.0,0.9979347750174825,0.0642353859707141,-1.1673080133983544,0.15090053719861826,0.0,0.0,0.0,0.022933832542038984,1.0,0.0,0.0,0.0,0.0,-0.054945925400932565,0.21805939357102566,-0.054945925400932565,0.21805939357102566,1.1706626415252686,0.8274722695350647,0.06432314217090607,-0.1804381012916565,1.0,0.0,20.0,1.0,1.1403779983520508,2.1550090312957764,-0.0766573503683975,0.0,0.0,0.0,0.0,10.828323125839233,10.84731650352478,10.76723599433899,528,8,0000000000000000,0,0,10.787128448486328,1,1,1,1,1,1779092652.0020452
10.851840114593527,1,stop_after_sine_low,0.0,0.0,2.16872501373291,-0.09897704422473907,0.16338513791561127,69.57952213249665,-3.831349949758798,0.0,0.0,0.0,0.9979347750174825,0.0642353859707141,-1.1673080133983544,0.15090053719861826,0.0,0.0,0.0,0.022933832542038984,1.0,0.0,0.0,0.0,0.0,-0.05442505111594634,0.21821507115353234,-0.05442505111594634,0.21821507115353234,1.1665339469909668,0.8335105180740356,0.06348866969347,-0.1818845570087433,1.0,0.0,20.0,1.0,1.1413209438323975,1.9244295358657837,-0.036345760531093035,0.0,0.0,0.0,0.0,10.828323125839233,10.84731650352478,10.86716103553772,528,8,0000000000000000,0,0,10.887226343154907,1,1,1,1,1,1779092652.1021605
10.901840114593528,1,stop_after_sine_low,0.0,0.0,2.2202532291412354,-0.06549740582704544,0.17050813138484955,69.5726075398814,-3.8304571192426424,0.0,0.0,0.0,0.9979394983703139,0.06416196375116806,-1.1475449477508615,0.14817404365269984,0.0,0.0,0.0,0.022214021920767213,1.0,0.0,0.0,0.0,0.0,-0.05442505111594634,0.21821507115353234,-0.05442505111594634,0.21821507115353234,1.1665339469909668,0.8335105180740356,0.06348866969347,-0.1818845570087433,1.0,0.0,20.0,1.0,1.1413209438323975,1.9244295358657837,-0.036345760531093035,0.0,0.0,0.0,0.0,10.927474021911621,10.947392702102661,10.86716103553772,528,8,0000000000000000,0,0,10.887226343154907,1,1,1,1,1,1779092652.1021605
10.951840114593528,1,stop_after_sine_low,0.0,0.0,2.2202532291412354,-0.06549740582704544,0.17050813138484955,69.5726075398814,-3.8304571192426424,0.0,0.0,0.0,0.9979394983703139,0.06416196375116806,-1.1475449477508615,0.14817404365269984,0.0,0.0,0.0,0.022214021920767213,1.0,0.0,0.0,0.0,0.0,-0.05624018474447491,0.21523435081310194,-0.05624018474447491,0.21523435081310194,1.1514509916305542,0.8471155166625977,0.0647578164935112,-0.18232835829257965,1.0,0.0,20.0,1.0,1.140746831893921,1.64717698097229,0.010080989987311922,0.0,0.0,0.0,0.0,10.927474021911621,10.947392702102661,10.967315912246704,528,8,0000000000000000,0,0,10.987135648727417,1,1,1,1,1,1779092652.2019007
11.001840114593529,1,stop_after_sine_low,0.0,0.0,2.280491352081299,-0.07623954862356186,0.171853706240654,69.57029733196133,-3.8301589238887472,0.0,0.0,0.0,0.997940929756653,0.06413969688443279,-1.1343613111673692,0.1464202722574911,0.0,0.0,0.0,0.01879898196046768,1.0,0.0,0.0,0.0,0.0,-0.05624018474447491,0.21523435081310194,-0.05624018474447491,0.21523435081310194,1.1514509916305542,0.8471155166625977,0.0647578164935112,-0.18232835829257965,1.0,0.0,20.0,1.0,1.140746831893921,1.64717698097229,0.010080989987311922,0.0,0.0,0.0,0.0,11.028488159179688,11.04731822013855,10.967315912246704,528,8,0000000000000000,0,0,10.987135648727417,1,1,1,1,1,1779092652.2019007
11.05184011459353,1,stop_after_sine_low,0.0,0.0,2.280491352081299,-0.07623954862356186,0.171853706240654,69.57029733196133,-3.8301589238887472,0.0,0.0,0.0,0.997940929756653,0.06413969688443279,-1.1343613111673692,0.1464202722574911,0.0,0.0,0.0,0.01879898196046768,1.0,0.0,0.0,0.0,0.0,-0.061726239681693204,0.2123236443684077,-0.061726239681693204,0.2123236443684077,1.1239514350891113,0.8578223586082458,0.06937729567289352,-0.18213596940040588,1.0,0.0,20.0,1.0,1.140638828277588,1.3029520511627197,0.013347403461754049,0.0,0.0,0.0,0.0,11.028488159179688,11.04731822013855,11.06715202331543,528,8,0000000000000000,0,0,11.08721399307251,1,1,1,1,1,1779092652.3019993
11.10184011459353,1,stop_after_sine_low,0.0,0.0,2.2959816455841064,-0.08117108047008514,0.16839082539081573,69.56258699703457,-3.8291645035279163,0.0,0.0,0.0,0.9979442369906779,0.06408821933158683,-1.1211859875412273,0.14460204191911544,0.0,0.0,0.0,0.011508373082911812,1.0,0.0,0.0,0.0,0.0,-0.061726239681693204,0.2123236443684077,-0.061726239681693204,0.2123236443684077,1.1239514350891113,0.8578223586082458,0.06937729567289352,-0.18213596940040588,1.0,0.0,20.0,1.0,1.140638828277588,1.3029520511627197,0.013347403461754049,0.0,0.0,0.0,0.0,11.12764286994934,11.147967100143433,11.06715202331543,528,8,0000000000000000,0,0,11.08721399307251,1,1,1,1,1,1779092652.3019993
11.151840114593531,1,stop_after_sine_low,0.0,0.0,2.2959816455841064,-0.08117108047008514,0.16839082539081573,69.56258699703457,-3.8291645035279163,0.0,0.0,0.0,0.9979442369906779,0.06408821933158683,-1.1211859875412273,0.14460204191911544,0.0,0.0,0.0,0.011508373082911812,1.0,0.0,0.0,0.0,0.0,-0.06437901061041483,0.21258630596272238,-0.06437901061041483,0.21258630596272238,1.1073110103607178,0.862144410610199,0.07128758728504181,-0.1832800954580307,1.0,0.0,20.0,1.0,1.1409647464752197,0.9713085293769836,0.03400107990193661,0.0,0.0,0.0,0.0,11.12764286994934,11.147967100143433,11.167195320129395,528,8,0000000000000000,0,0,11.187135696411133,1,1,1,1,1,1779092652.4021187
11.201840114593532,1,stop_after_sine_low,0.0,0.0,2.2953686714172363,-0.08081597834825516,0.19135721027851105,69.55925557762431,-3.828734943318216,0.0,0.0,0.0,0.9979451918201864,0.06407334955323722,-1.1079998222266234,0.1428678222017925,0.0,0.0,0.0,0.009689849752382068,1.0,0.0,0.0,0.0,0.0,-0.06437901061041483,0.21258630596272238,-0.06437901061041483,0.21258630596272238,1.1073110103607178,0.862144410610199,0.07128758728504181,-0.1832800954580307,1.0,0.0,20.0,1.0,1.1409647464752197,0.9713085293769836,0.03400107990193661,0.0,0.0,0.0,0.0,11.228470802307129,11.247323274612427,11.167195320129395,528,8,0000000000000000,0,0,11.187135696411133,1,1,1,1,1,1779092652.4021187
11.251840114593533,1,stop_after_sine_low,0.0,0.0,2.2953686714172363,-0.08081597834825516,0.19135721027851105,69.55925557762431,-3.828734943318216,0.0,0.0,0.0,0.9979451918201864,0.06407334955323722,-1.1079998222266234,0.1428678222017925,0.0,0.0,0.0,0.009689849752382068,1.0,0.0,0.0,0.0,0.0,-0.062275243664803796,0.2179014114201453,-0.062275243664803796,0.2179014114201453,1.075240135192871,0.8656697273254395,0.06696084141731262,-0.18863065540790558,1.0,0.0,20.0,1.0,1.1406381130218506,0.685488760471344,0.005154565536260341,0.0,0.0,0.0,0.0,11.228470802307129,11.247323274612427,11.267165422439575,528,8,0000000000000000,0,0,11.28711485862732,1,1,1,1,1,1779092652.5024931
11.301840114593533,1,stop_after_sine_low,0.0,0.0,2.2872684001922607,-0.08620379865169525,0.20881342887878418,69.55278320080134,-3.8279008015173073,0.0,0.0,0.0,0.9979472364646643,0.06404149617661474,-1.0948183577221529,0.14109712421835513,0.0,0.0,0.0,0.010198175210825729,1.0,0.0,0.0,0.0,0.0,-0.062275243664803796,0.2179014114201453,-0.062275243664803796,0.2179014114201453,1.075240135192871,0.8656697273254395,0.06696084141731262,-0.18863065540790558,1.0,0.0,20.0,1.0,1.1406381130218506,0.685488760471344,0.005154565536260341,0.0,0.0,0.0,0.0,11.329031705856323,11.347399234771729,11.267165422439575,528,8,0000000000000000,0,0,11.28711485862732,1,1,1,1,1,1779092652.5024931
11.351840114593534,1,stop_after_sine_low,0.0,0.0,2.2872684001922607,-0.08620379865169525,0.20881342887878418,69.55278320080134,-3.8279008015173073,0.0,0.0,0.0,0.9979472364646643,0.06404149617661474,-1.0948183577221529,0.14109712421835513,0.0,0.0,0.0,0.010198175210825729,1.0,0.0,0.0,0.0,0.0,-0.05987625711416516,0.22091598084778655,-0.05987625711416516,0.22091598084778655,1.052943468093872,0.8748016953468323,0.06304631382226944,-0.193257674574852,1.0,0.0,20.0,1.0,1.1412153244018555,0.47394460439682007,0.008097743004617351,0.0,0.0,0.0,0.0,11.329031705856323,11.347399234771729,11.367236852645874,528,8,0000000000000000,0,0,11.387288808822632,1,1,1,1,1,1779092652.6022537
11.401840114593535,1,stop_after_sine_low,0.0,0.0,2.2994954586029053,-0.10854274779558182,0.18842345476150513,69.54946091218574,-3.8274727806118727,0.0,0.0,0.0,0.9979486237206283,0.0640198751490805,-1.0816338142981374,0.1393502907512847,0.0,0.0,0.0,0.013347403461754049,1.0,0.0,0.0,0.0,0.0,-0.05987625711416516,0.22091598084778655,-0.05987625711416516,0.22091598084778655,1.052943468093872,0.8748016953468323,0.06304631382226944,-0.193257674574852,1.0,0.0,20.0,1.0,1.1412153244018555,0.47394460439682007,0.008097743004617351,0.0,0.0,0.0,0.0,11.427691221237183,11.447384595870972,11.367236852645874,528,8,0000000000000000,0,0,11.387288808822632,1,1,1,1,1,1779092652.6022537
11.451840114593535,1,stop_after_sine_low,0.0,0.0,2.2994954586029053,-0.10854274779558182,0.18842345476150513,69.54946091218574,-3.8274727806118727,0.0,0.0,0.0,0.9979486237206283,0.0640198751490805,-1.0816338142981374,0.1393502907512847,0.0,0.0,0.0,0.013347403461754049,1.0,0.0,0.0,0.0,0.0,-0.06061115896338714,0.2208258165454152,-0.06061115896338714,0.2208258165454152,1.0461629629135132,0.8763129115104675,0.06340914964675903,-0.19351251423358917,1.0,0.0,20.0,1.0,1.1411397457122803,0.3179423213005066,-0.0032537912677172405,0.0,0.0,0.0,0.0,11.427691221237183,11.447384595870972,11.467207193374634,528,8,0000000000000000,0,0,11.487160205841064,1,1,1,1,1,1779092652.7022636
11.501840114593536,1,sine_high_wl5m,2.0,3.522202987371016e-05,2.2857794761657715,-0.08274909108877182,0.1913333237171173,69.54287994114752,-3.826625747638448,0.0,0.0,0.0,0.9979525178002341,0.06395914489870441,-1.068459903594523,0.13752085579338053,0.0,0.0,0.0,0.02465125411144496,1.0,0.0,0.0,0.0,0.0,-0.06061115896338714,0.2208258165454152,-0.06061115896338714,0.2208258165454152,1.0461629629135132,0.8763129115104675,0.06340914964675903,-0.19351251423358917,1.0,0.0,20.0,1.0,1.1411397457122803,0.3179423213005066,-0.0032537912677172405,0.0,0.0,0.0,0.0,11.528801679611206,11.548653841018677,11.467207193374634,528,8,0000000000000000,0,0,11.487160205841064,1,1,1,1,1,1779092652.7022636
11.551840114593537,1,sine_high_wl5m,2.0,0.0958001973433513,2.2857794761657715,-0.08274909108877182,0.1913333237171173,69.54287994114752,-3.826625747638448,0.0,0.0,0.0,0.9979525178002341,0.06395914489870441,-1.068459903594523,0.13752085579338053,0.0,0.0,0.0,0.02465125411144496,1.0,0.0,0.0,0.0,0.0,-0.06723851297448784,0.2178767154441183,-0.06723851297448784,0.2178767154441183,1.0370469093322754,0.871448814868927,0.06972949206829071,-0.18986840546131134,1.0,0.0,20.0,1.0,1.1410324573516846,0.220626562833786,0.0013299381832448864,0.0,0.0,0.0,0.0,11.528801679611206,11.548653841018677,11.568314790725708,528,8,0000000000000000,0,0,11.588412761688232,1,1,1,1,1,1779092652.8023496
11.601840114593537,1,sine_high_wl5m,2.0,0.23659355516958194,2.304945707321167,-0.11295697838068008,0.13132546842098236,69.54284622731456,-3.8266214083750647,0.0,0.0,0.0,0.9979525407034376,0.06395878753974102,-1.05526913786126,0.13582231168310557,0.0,0.0,0.0,0.02472203609655666,1.0,0.0,0.0,0.0,0.0,-0.06723851297448784,0.2178767154441183,-0.06723851297448784,0.2178767154441183,1.0370469093322754,0.871448814868927,0.06972949206829071,-0.18986840546131134,1.0,0.0,20.0,1.0,1.1410324573516846,0.220626562833786,0.0013299381832448864,0.0,0.0,0.0,0.0,11.628714323043823,11.64844560623169,11.568314790725708,528,8,0000000000000000,0,0,11.588412761688232,1,1,1,1,1,1779092652.8023496
11.651840114593538,1,sine_high_wl5m,2.0,0.327804923375062,2.304945707321167,-0.11295697838068008,0.13132546842098236,69.54284622731456,-3.8266214083750647,0.0,0.0,0.0,0.9979525407034376,0.06395878753974102,-1.05526913786126,0.13582231168310557,0.0,0.0,0.0,0.02472203609655666,1.0,0.0,0.0,0.0,0.0,-0.08726050092212051,0.1976603191668659,-0.08726050092212051,0.1976603191668659,1.0006712675094604,0.824721097946167,0.08731907606124878,-0.16301463544368744,1.0,0.0,20.0,1.0,1.1390159130096436,0.1468239277601242,0.0030398794130082774,0.0,0.0,0.0,0.0,11.628714323043823,11.64844560623169,11.668241739273071,528,8,0000000000000000,0,0,11.688996315002441,1,1,1,1,1,1779092652.9022973
11.701840114593539,1,sine_high_wl5m,2.0,0.4579541576553367,2.293898105621338,-0.09289722144603729,0.21422678232192993,69.52434201939977,-3.824247379432474,0.0,0.0,0.0,0.9979707209304445,0.06367448598590222,-1.0223667797602993,0.13099537744596673,0.0,0.0,0.0,0.03142824294730244,1.0,0.0,0.0,0.0,0.0,-0.08726050092212051,0.1976603191668659,-0.08726050092212051,0.1976603191668659,1.0006712675094604,0.824721097946167,0.08731907606124878,-0.16301463544368744,1.0,0.0,20.0,1.0,1.1390159130096436,0.1468239277601242,0.0030398794130082774,0.0,0.0,0.0,0.0,11.728595733642578,11.748579263687134,11.668241739273071,528,8,0000000000000000,0,0,11.688996315002441,1,1,1,1,1,1779092652.9022973
11.75184011459354,1,sine_high_wl5m,2.0,0.5392370773260927,2.293898105621338,-0.09289722144603729,0.21422678232192993,69.52434201939977,-3.824247379432474,0.0,0.0,0.0,0.9979707209304445,0.06367448598590222,-1.0223667797602993,0.13099537744596673,0.0,0.0,0.0,0.03142824294730244,1.0,0.0,0.0,0.0,0.0,-0.08650524824710044,0.19909171587571606,-0.08650524824710044,0.19909171587571606,0.9994381070137024,0.8237534761428833,0.08645664155483246,-0.16400249302387238,1.0,0.0,20.0,1.0,1.141615629196167,0.10604864358901978,-0.002754304714128945,0.0,0.0,0.0,0.0,11.728595733642578,11.748579263687134,11.768242597579956,528,8,0000000000000000,0,0,11.788168907165527,1,1,1,1,1,1779092653.0022511
11.80184011459354,1,sine_high_wl5m,2.0,0.6506029144976799,2.3076603412628174,-0.09984950721263885,0.20531843602657318,69.45512475574357,-3.815483792455601,0.0,0.0,0.0,0.9980603021725967,0.062254583984997364,-0.798393426655854,0.09998952660267608,0.0,0.0,0.0,0.02607270649004491,1.0,0.0,0.0,0.0,0.0,-0.08650524824710044,0.19909171587571606,-0.08650524824710044,0.19909171587571606,0.9994381070137024,0.8237534761428833,0.08645664155483246,-0.16400249302387238,1.0,0.0,20.0,1.0,1.141615629196167,0.10604864358901978,-0.002754304714128945,0.0,0.0,0.0,0.0,11.828941822052002,11.848376989364624,11.768242597579956,528,8,0000000000000000,0,0,11.788168907165527,1,1,1,1,1,1779092653.0022511
11.851840114593541,1,sine_high_wl5m,2.0,0.7167628107399386,2.3076603412628174,-0.09984950721263885,0.20531843602657318,69.45512475574357,-3.815483792455601,0.0,0.0,0.0,0.9980603021725967,0.062254583984997364,-0.798393426655854,0.09998952660267608,0.0,0.0,0.0,0.02607270649004491,1.0,0.0,0.0,0.0,0.0,-0.08467293243777409,0.20199326199865492,-0.08467293243777409,0.20199326199865492,0.99732506275177,0.8226288557052612,0.08444643765687943,-0.16616548597812653,1.0,0.0,20.0,1.0,1.1402597427368164,0.06901434063911438,0.0015271507302590955,0.0,0.0,0.0,0.0,11.828941822052002,11.848376989364624,11.86819839477539,528,8,0000000000000000,0,0,11.888628244400024,1,1,1,1,1,1779092653.1023781
11.901840114593542,1,sine_high_wl5m,2.0,0.8022862380105062,2.319944143295288,-0.10831794887781143,0.16617842018604279,69.33216778216601,-3.800122338946658,0.0,0.0,0.0,0.9980743367888686,0.062029172519549515,-0.0,0.0,0.0,0.0,0.0,0.0013299381832448864,1.0,0.0,0.0,0.0,0.0,-0.08467293243777409,0.20199326199865492,-0.08467293243777409,0.20199326199865492,0.99732506275177,0.8226288557052612,0.08444643765687943,-0.16616548597812653,1.0,0.0,20.0,1.0,1.1402597427368164,0.06901434063911438,0.0015271507302590955,0.0,0.0,0.0,0.0,11.928582191467285,11.948392868041992,11.86819839477539,528,8,0000000000000000,0,0,11.888628244400024,1,1,1,1,1,1779092653.1023781
11.951840114593542,1,sine_high_wl5m,2.0,0.8492986230946464,2.319944143295288,-0.10831794887781143,0.16617842018604279,69.33216778216601,-3.800122338946658,0.0,0.0,0.0,0.9980743367888686,0.062029172519549515,-0.0,0.0,0.0,0.0,0.0,0.0013299381832448864,1.0,0.0,0.0,0.0,0.0,-0.08295523192230055,0.20459645672862373,-0.08295523192230055,0.20459645672862373,0.9949703216552734,0.821414589881897,0.08253799378871918,-0.16805851459503174,1.0,0.0,20.0,1.0,1.1402196884155273,0.05273953825235367,-0.003356435951525022,0.0,0.0,0.0,0.0,11.928582191467285,11.948392868041992,11.96830439567566,528,8,0000000000000000,0,0,11.98816967010498,1,1,1,1,1,1779092653.2025647
12.001840114593543,1,sine_high_wl5m,2.0,0.9036020070927254,2.30972957611084,-0.1147889643907547,0.2100258469581604,69.25303911061354,-3.7904952639794707,0.0,0.0,0.0,0.998344028299608,0.057525656523950364,-0.680400092897813,0.07867197587827797,0.0,0.0,0.0,0.02583000511634225,1.0,0.0,0.0,0.0,0.0,-0.08295523192230055,0.20459645672862373,-0.08295523192230055,0.20459645672862373,0.9949703216552734,0.821414589881897,0.08253799378871918,-0.16805851459503174,1.0,0.0,20.0,1.0,1.1402196884155273,0.05273953825235367,-0.003356435951525022,0.0,0.0,0.0,0.0,12.02887487411499,12.04835295677185,11.96830439567566,528,8,0000000000000000,0,0,11.98816967010498,1,1,1,1,1,1779092653.2025647
12.051840114593544,1,sine_high_wl5m,2.0,0.9284758884146694,2.30972957611084,-0.1147889643907547,0.2100258469581604,69.25303911061354,-3.7904952639794707,0.0,0.0,0.0,0.998344028299608,0.057525656523950364,-0.680400092897813,0.07867197587827797,0.0,0.0,0.0,0.02583000511634225,1.0,0.0,0.0,0.0,0.0,-0.08234426573320917,0.205699720702847,-0.08234426573320917,0.205699720702847,0.9941413402557373,0.820772647857666,0.08186183869838715,-0.1688327044248581,1.0,0.0,20.0,1.0,1.140091896057129,0.04346080869436264,0.0004989666513038713,0.0,0.0,0.0,0.0,12.02887487411499,12.04835295677185,12.068170070648193,528,8,22010000a2000000,290,162,12.088276147842407,1,1,1,1,1,1779092653.3023202
12.101840114593545,1,sine_high_wl5m,2.0,0.9481444131425786,2.2841594219207764,-0.11075735837221146,0.21230116486549377,69.14175547193916,-3.7777693345123873,0.0,0.0,0.0,0.9984765769602212,0.05517721687254177,-1.22933840213098,0.13628612429133694,0.0,0.0,0.0,0.139586351675097,1.0,0.0,0.0,0.0,0.0,-0.08234426573320917,0.205699720702847,-0.08234426573320917,0.205699720702847,0.9941413402557373,0.820772647857666,0.08186183869838715,-0.1688327044248581,1.0,0.0,20.0,1.0,1.140091896057129,0.04346080869436264,0.0004989666513038713,0.0,0.0,0.0,0.0,12.128749132156372,12.14844799041748,12.068170070648193,528,8,22010000a2000000,290,162,12.088276147842407,1,1,1,1,1,1779092653.3023202
12.151840114593545,1,sine_high_wl5m,2.0,0.9493097145290027,2.2841594219207764,-0.11075735837221146,0.21230116486549377,69.14175547193916,-3.7777693345123873,0.0,0.0,0.0,0.9984765769602212,0.05517721687254177,-1.22933840213098,0.13628612429133694,0.0,0.0,0.0,0.139586351675097,1.0,0.0,0.0,0.0,0.0,-0.0815440612766983,0.2076037116136709,-0.0815440612766983,0.2076037116136709,0.9931555986404419,0.819263756275177,0.08098594099283218,-0.1700821965932846,1.0,0.0,20.0,1.0,1.1390018463134766,0.053712066262960434,-0.0013192838168932476,0.0,0.0,0.0,0.0,12.128749132156372,12.14844799041748,12.168346643447876,528,8,370100008d000000,311,141,12.188206672668457,1,1,1,1,1,1779092653.4022138
12.201840114593546,1,sine_high_wl5m,2.0,0.9331137723733374,2.1550090312957764,-0.10319513827562332,0.1693863570690155,68.96819859195361,-3.7605379274840103,0.0,0.0,0.0,0.9989960940831376,0.044797366068049474,-1.3908609967002379,0.12499038028012673,0.0,0.0,0.0,0.16715793653150407,1.0,0.0,0.0,0.0,0.0,-0.0815440612766983,0.2076037116136709,-0.0815440612766983,0.2076037116136709,0.9931555986404419,0.819263756275177,0.08098594099283218,-0.1700821965932846,1.0,0.0,20.0,1.0,1.1390018463134766,0.053712066262960434,-0.0013192838168932476,0.0,0.0,0.0,0.0,12.2285635471344,12.248371362686157,12.168346643447876,528,8,370100008d000000,311,141,12.188206672668457,1,1,1,1,1,1779092653.4022138
12.251840114593547,1,sine_high_wl5m,2.0,0.9105316819124638,2.1550090312957764,-0.10319513827562332,0.1693863570690155,68.96819859195361,-3.7605379274840103,0.0,0.0,0.0,0.9989960940831376,0.044797366068049474,-1.3908609967002379,0.12499038028012673,0.0,0.0,0.0,0.16715793653150407,1.0,0.0,0.0,0.0,0.0,-0.08085905343553264,0.20881051569785025,-0.08085905343553264,0.20881051569785025,0.9923909902572632,0.8182826042175293,0.0802437961101532,-0.1708660125732422,1.0,0.0,20.0,1.0,1.140192985534668,0.057450469583272934,0.0028356206375590846,0.0,0.0,0.0,0.0,12.2285635471344,12.248371362686157,12.268259525299072,528,8,3e01000086000000,318,134,12.288237810134888,1,1,1,1,1,1779092653.5022664
12.301840114593547,1,sine_high_wl5m,2.0,0.8594421442068177,1.9244295358657837,-0.09126481413841248,0.1283518522977829,68.85259323989675,-3.7512997262009216,0.0,0.0,0.0,0.9993879311459026,0.03498232525022495,-1.5190856506162738,0.10647785187000346,0.0,0.0,0.0,0.2783029933632793,1.0,0.0,0.0,0.0,0.0,-0.08085905343553264,0.20881051569785025,-0.08085905343553264,0.20881051569785025,0.9923909902572632,0.8182826042175293,0.0802437961101532,-0.1708660125732422,1.0,0.0,20.0,1.0,1.140192985534668,0.057450469583272934,0.0028356206375590846,0.0,0.0,0.0,0.0,12.328532934188843,12.348833084106445,12.268259525299072,528,8,3e01000086000000,318,134,12.288237810134888,1,1,1,1,1,1779092653.5022664
12.351840114593548,1,sine_high_wl5m,2.0,0.8144872298628584,1.9244295358657837,-0.09126481413841248,0.1283518522977829,68.85259323989675,-3.7512997262009216,0.0,0.0,0.0,0.9993879311459026,0.03498232525022495,-1.5190856506162738,0.10647785187000346,0.0,0.0,0.0,0.2783029933632793,1.0,0.0,0.0,0.0,0.0,-0.08058320868573389,0.20925492992490563,-0.08058320868573389,0.20925492992490563,0.9921547174453735,0.8178988099098206,0.07995101064443588,-0.1711493581533432,1.0,0.0,20.0,1.0,1.1398186683654785,0.06396979093551636,3.2075745892481034e-05,0.0,0.0,0.0,0.0,12.328532934188843,12.348833084106445,12.368443012237549,528,8,4301000081000000,323,129,12.388260841369629,1,1,1,1,1,1779092653.602484
12.401840114593549,1,sine_high_wl5m,2.0,0.7317830491468692,1.64717698097229,-0.07306031882762909,0.17689703404903412,68.70246097387901,-3.7426986931193853,0.0,0.0,0.0,0.999735416604253,0.02300210397160575,-1.733770964151829,0.07982412596519103,0.0,0.0,0.0,0.2795090862210753,1.0,0.0,0.0,0.0,0.0,-0.08058320868573389,0.20925492992490563,-0.08058320868573389,0.20925492992490563,0.9921547174453735,0.8178988099098206,0.07995101064443588,-0.1711493581533432,1.0,0.0,20.0,1.0,1.1398186683654785,0.06396979093551636,3.2075745892481034e-05,0.0,0.0,0.0,0.0,12.428672790527344,12.448405504226685,12.368443012237549,528,8,4301000081000000,323,129,12.388260841369629,1,1,1,1,1,1779092653.602484
12.45184011459355,1,sine_high_wl5m,2.0,0.6672827474833052,1.64717698097229,-0.07306031882762909,0.17689703404903412,68.70246097387901,-3.7426986931193853,0.0,0.0,0.0,0.999735416604253,0.02300210397160575,-1.733770964151829,0.07982412596519103,0.0,0.0,0.0,0.2795090862210753,1.0,0.0,0.0,0.0,0.0,-0.07982565092002258,0.2099803644406472,-0.07982565092002258,0.2099803644406472,0.9915961027145386,0.8176243305206299,0.07915480434894562,-0.17168505489826202,1.0,0.0,20.0,1.0,1.1399919986724854,0.06758295744657516,0.0019266831312941914,0.0,0.0,0.0,0.0,12.428672790527344,12.448405504226685,12.468207836151123,528,8,470100007e000000,327,126,12.488295078277588,1,1,1,1,1,1779092653.7023256
12.50184011459355,1,sine_high_wl5m,2.0,0.5581391635000283,1.3029520511627197,-0.07241667807102203,0.17596536874771118,68.5412748244238,-3.7378412774791765,0.0,0.0,0.0,0.9999695120163736,0.0078086514671556325,-1.9082706043546431,0.029804766198224097,0.0,0.0,0.0,0.334119144016557,1.0,0.0,0.0,0.0,0.0,-0.07982565092002258,0.2099803644406472,-0.07982565092002258,0.2099803644406472,0.9915961027145386,0.8176243305206299,0.07915480434894562,-0.17168505489826202,1.0,0.0,20.0,1.0,1.1399919986724854,0.06758295744657516,0.0019266831312941914,0.0,0.0,0.0,0.0,12.528550863265991,12.548489809036255,12.468207836151123,528,8,470100007e000000,327,126,12.488295078277588,1,1,1,1,1,1779092653.7023256
12.551840114593551,1,sine_high_wl5m,2.0,0.4781344451487293,1.3029520511627197,-0.07241667807102203,0.17596536874771118,68.5412748244238,-3.7378412774791765,0.0,0.0,0.0,0.9999695120163736,0.0078086514671556325,-1.9082706043546431,0.029804766198224097,0.0,0.0,0.0,0.334119144016557,1.0,2.0,0.1900718577468764,2.0,0.1900718577468764,2.7056580806229547,0.4488789514613204,0.7056580806229547,0.258807093714444,0.8361407518386841,0.817802369594574,-0.2623109817504883,-0.17702241241931915,1.0,0.0,20.0,1.0,1.1411182880401611,0.07784397900104523,-0.011828310094333924,303.42033425700373,148.90415811220356,303.0,149.0,12.528550863265991,12.548489809036255,12.568305492401123,528,8,480100007c000000,328,124,12.588222980499268,1,1,1,1,1,1779092653.8034053
12.601840114593552,1,sine_high_wl5m,2.0,0.3494268273628216,0.9713085293769836,-0.06840101629495621,0.18889042735099792,68.325536091571,-3.7390454724121205,0.0,0.0,0.0,-0.9999189785847883,0.012729346642845415,-2.0474861836752667,-0.052138996224956435,0.0,0.0,0.0,0.4403473831245922,1.0,2.0,0.1900718577468764,2.0,0.1900718577468764,2.7056580806229547,0.4488789514613204,0.7056580806229547,0.258807093714444,0.8361407518386841,0.817802369594574,-0.2623109817504883,-0.17702241241931915,1.0,0.0,20.0,1.0,1.1411182880401611,0.07784397900104523,-0.011828310094333924,303.42033425700373,148.90415811220356,303.0,149.0,12.628743648529053,12.648456335067749,12.568305492401123,528,8,480100007c000000,328,124,12.588222980499268,1,1,1,1,1,1779092653.8034053
12.651840114593552,1,sine_high_wl5m,2.0,0.2589514945412074,0.9713085293769836,-0.06840101629495621,0.18889042735099792,68.325536091571,-3.7390454724121205,0.0,0.0,0.0,-0.9999189785847883,0.012729346642845415,-2.0474861836752667,-0.052138996224956435,0.0,0.0,0.0,0.4403473831245922,1.0,2.0,0.41723440712081444,2.0,0.41723440712081444,2.830264825912273,0.7462079254432994,0.8302648259122729,0.32897351832248495,0.828648567199707,0.8891319632530212,-0.34529489278793335,-0.24624291062355042,1.0,0.0,20.0,1.0,1.141042709350586,0.00025657773949205875,-0.09324655065691097,314.62078731205474,137.75678777305325,315.0,138.0,12.628743648529053,12.648456335067749,12.668216466903687,528,8,490100007c000000,329,124,12.68830132484436,1,1,1,1,1,1779092653.9043615
12.701840114593553,1,sine_high_wl5m,2.0,0.11870773995630504,0.685488760471344,-0.05722398683428764,0.17067435383796692,68.17722850598935,-3.745227498465107,0.0,0.0,0.0,-0.9996308728164214,0.027168329213986497,-2.0982465453916954,-0.1141381158359531,0.0,0.0,0.0,0.3801154869228759,1.0,2.0,0.41723440712081444,2.0,0.41723440712081444,2.830264825912273,0.7462079254432994,0.8302648259122729,0.32897351832248495,0.828648567199707,0.8891319632530212,-0.34529489278793335,-0.24624291062355042,1.0,0.0,20.0,1.0,1.141042709350586,0.00025657773949205875,-0.09324655065691097,314.62078731205474,137.75678777305325,315.0,138.0,12.728721141815186,12.748472452163696,12.668216466903687,528,8,490100007c000000,329,124,12.68830132484436,1,1,1,1,1,1779092653.9043615
12.751840114593554,1,sine_high_wl5m,2.0,0.023474826029467884,0.685488760471344,-0.05722398683428764,0.17067435383796692,68.17722850598935,-3.745227498465107,0.0,0.0,0.0,-0.9996308728164214,0.027168329213986497,-2.0982465453916954,-0.1141381158359531,0.0,0.0,0.0,0.3801154869228759,1.0,2.0,0.6149609281774661,2.0,0.6149609281774661,2.8568668244468634,0.9814042607103514,0.8568668244468634,0.3664433325328853,0.837944507598877,0.9166784286499023,-0.39389586448669434,-0.28467118740081787,1.0,0.0,20.0,1.0,1.1410975456237793,0.34050899744033813,0.13968293998285797,320.4758256443442,131.92949843759936,320.0,132.0,12.728721141815186,12.748472452163696,12.768281936645508,528,8,470100007d000000,327,125,12.78823208808899,1,1,1,1,1,1779092654.0032098
12.801840114593555,1,sine_high_wl5m,2.0,-0.11943066395051317,0.47394460439682007,-0.05653761327266693,0.16954736411571503,67.99476675251083,-3.7587807920548544,0.0,0.0,0.0,-0.9989453122759007,0.045915826051627744,-2.152084424950717,-0.19825698660609037,0.0,0.0,0.0,0.44245178273641583,1.0,2.0,0.6149609281774661,2.0,0.6149609281774661,2.8568668244468634,0.9814042607103514,0.8568668244468634,0.3664433325328853,0.837944507598877,0.9166784286499023,-0.39389586448669434,-0.28467118740081787,1.0,0.0,20.0,1.0,1.1410975456237793,0.34050899744033813,0.13968293998285797,320.4758256443442,131.92949843759936,320.0,132.0,12.828600645065308,12.848495244979858,12.768281936645508,528,8,470100007d000000,327,125,12.78823208808899,1,1,1,1,1,1779092654.0032098
12.851840114593555,1,sine_high_wl5m,2.0,-0.21340905080764191,0.47394460439682007,-0.05653761327266693,0.16954736411571503,67.99476675251083,-3.7587807920548544,0.0,0.0,0.0,-0.9989453122759007,0.045915826051627744,-2.152084424950717,-0.19825698660609037,0.0,0.0,0.0,0.44245178273641583,1.0,2.0,0.7763085057256349,2.0,0.7763085057256349,2.8187162654425504,1.0,0.8187162654425504,0.22369149427436508,0.8529795408248901,0.9078825116157532,-0.4043073058128357,-0.30416420102119446,1.0,0.0,20.0,1.0,1.1399805545806885,0.7134242653846741,0.021106695867144733,324.5460433449835,127.87857086824263,325.0,128.0,12.828600645065308,12.848495244979858,12.868222951889038,528,8,4501000080000000,325,128,12.888229846954346,1,1,1,1,1,1779092654.1035976
12.901840114593556,1,sine_high_wl5m,2.0,-0.3500460002324064,0.3179423213005066,-0.04932465776801109,0.1626518964767456,67.72267220147589,-3.7915900320548115,0.0,0.0,0.0,-0.9973864741970901,0.07225109749129978,-2.2110178274897283,-0.32202398858198705,0.0,0.0,0.0,0.4129982909543496,1.0,2.0,0.7763085057256349,2.0,0.7763085057256349,2.8187162654425504,1.0,0.8187162654425504,0.22369149427436508,0.8529795408248901,0.9078825116157532,-0.4043073058128357,-0.30416420102119446,1.0,0.0,20.0,1.0,1.1399805545806885,0.7134242653846741,0.021106695867144733,324.5460433449835,127.87857086824263,325.0,128.0,12.928487539291382,12.948432207107544,12.868222951889038,528,8,4501000080000000,325,128,12.888229846954346,1,1,1,1,1,1779092654.1035976
12.951840114593557,1,sine_high_wl5m,2.0,-0.43691311662314825,0.3179423213005066,-0.04932465776801109,0.1626518964767456,67.72267220147589,-3.7915900320548115,0.0,0.0,0.0,-0.9973864741970901,0.07225109749129978,-2.2110178274897283,-0.32202398858198705,0.0,0.0,0.0,0.4129982909543496,1.0,2.0,0.887729068487933,2.0,0.887729068487933,2.745639096787081,1.0,0.7456390967870812,0.11227093151206702,0.8754498362541199,0.8703769445419312,-0.4036692976951599,-0.3160895109176636,1.0,0.0,20.0,1.0,1.1406900882720947,0.9867396950721741,0.17602245926776702,327.262044687979,125.17544156952667,327.0,125.0,12.928487539291382,12.948432207107544,12.968366146087646,528,8,4101000083000000,321,131,12.988166809082031,1,1,1,1,1,1779092654.2030091
13.001840114593557,1,sine_high_wl5m,2.0,-0.5586442332554005,0.220626562833786,-0.05006812885403633,0.16045670211315155,67.5071498939192,-3.8275519816575843,0.0,0.0,0.0,-0.9959137944114358,0.0903089923596565,-2.2698550770619867,-0.41507181485363576,0.0,0.0,0.0,0.264294322340158,1.0,2.0,0.887729068487933,2.0,0.887729068487933,2.745639096787081,1.0,0.7456390967870812,0.11227093151206702,0.8754498362541199,0.8703769445419312,-0.4036692976951599,-0.3160895109176636,1.0,0.0,20.0,1.0,1.1406900882720947,0.9867396950721741,0.17602245926776702,327.262044687979,125.17544156952667,327.0,125.0,13.02854299545288,13.048409938812256,12.968366146087646,528,8,4101000083000000,321,131,12.988166809082031,1,1,1,1,1,1779092654.2030091
13.051840114593558,1,sine_high_wl5m,2.0,-0.6329587896685944,0.220626562833786,-0.05006812885403633,0.16045670211315155,67.5071498939192,-3.8275519816575843,0.0,0.0,0.0,-0.9959137944114358,0.0903089923596565,-2.2698550770619867,-0.41507181485363576,0.0,0.0,0.0,0.264294322340158,1.0,2.0,0.9439764576811879,2.0,0.9439764576811879,2.5935180883261864,1.0,0.5935180883261864,0.056023542318812125,0.9166339039802551,0.8373799324035645,-0.37730661034584045,-0.31858572363853455,1.0,0.0,20.0,1.0,1.140791654586792,1.247052788734436,0.1955769411270086,328.6479766111917,123.79607804405434,329.0,124.0,13.02854299545288,13.048409938812256,13.068304061889648,528,8,3b01000089000000,315,137,13.08836317062378,1,1,1,1,1,1779092654.303503
13.101840114593559,1,sine_high_wl5m,2.0,-0.7321716473994502,0.1468239277601242,-0.04599493369460106,0.15978707373142242,67.22738406309745,-3.882151070325817,0.0,0.0,0.0,-0.9951242585415666,0.09862915421971995,-2.327804956474268,-0.4660063805614484,0.0,0.0,0.0,-0.06581398114696232,1.0,2.0,0.9439764576811879,2.0,0.9439764576811879,2.5935180883261864,1.0,0.5935180883261864,0.056023542318812125,0.9166339039802551,0.8373799324035645,-0.37730661034584045,-0.31858572363853455,1.0,0.0,20.0,1.0,1.140791654586792,1.247052788734436,0.1955769411270086,328.6479766111917,123.79607804405434,329.0,124.0,13.128578186035156,13.148401498794556,13.068304061889648,528,8,3b01000089000000,315,137,13.08836317062378,1,1,1,1,1,1779092654.303503
13.15184011459356,1,sine_high_wl5m,2.0,-0.7892269482625499,0.1468239277601242,-0.04599493369460106,0.15978707373142242,67.22738406309745,-3.882151070325817,0.0,0.0,0.0,-0.9951242585415666,0.09862915421971995,-2.327804956474268,-0.4660063805614484,0.0,0.0,0.0,-0.06581398114696232,1.0,2.0,0.9408857868340942,2.0,0.9408857868340942,2.3253302858557707,1.0,0.32533028585577073,0.059114213165905816,0.993737518787384,0.800869882106781,-0.3107679486274719,-0.3144107162952423,1.0,0.0,20.0,1.0,1.140972375869751,1.4799587726593018,0.25537431364429025,328.57117840908296,123.87251227364128,329.0,124.0,13.128578186035156,13.148401498794556,13.168327331542969,528,8,3101000093000000,305,147,13.188162326812744,1,1,1,1,1,1779092654.403194
13.20184011459356,1,sine_high_wl5m,2.0,-0.8597201935650222,0.10604864358901978,-0.0420018695294857,0.1580243706703186,67.00746366654035,-3.9249343955506766,0.0,0.0,0.0,-0.995635903287647,0.09332281652731719,-2.3522430981987434,-0.44486876289295757,0.0,0.0,0.0,-0.10471772587444851,1.0,2.0,0.9408857868340942,2.0,0.9408857868340942,2.3253302858557707,1.0,0.32533028585577073,0.059114213165905816,0.993737518787384,0.800869882106781,-0.3107679486274719,-0.3144107162952423,1.0,0.0,20.0,1.0,1.140972375869751,1.4799587726593018,0.25537431364429025,328.57117840908296,123.87251227364128,329.0,124.0,13.228524446487427,13.248374223709106,13.168327331542969,528,8,3101000093000000,305,147,13.188162326812744,1,1,1,1,1,1779092654.403194
13.251840114593561,1,sine_high_wl5m,2.0,-0.8959495831853549,0.10604864358901978,-0.0420018695294857,0.1580243706703186,67.00746366654035,-3.9249343955506766,0.0,0.0,0.0,-0.995635903287647,0.09332281652731719,-2.3522430981987434,-0.44486876289295757,0.0,0.0,0.0,-0.10471772587444851,1.0,2.0,0.8786910095277445,2.0,0.8786910095277445,2.2377097570312308,1.0,0.23770975703123076,0.12130899047225552,1.0148860216140747,0.8005216121673584,-0.2710203528404236,-0.30384987592697144,1.0,0.0,20.0,1.0,1.1407756805419922,1.706158995628357,0.3611269994344003,327.04112325833285,125.39531597817935,327.0,125.0,13.228524446487427,13.248374223709106,13.26820158958435,528,8,b60000000e010000,182,270,13.288415431976318,1,1,1,1,1,1779092654.503092
13.301840114593562,1,sine_high_wl5m,2.0,-0.9332306123205061,0.06901434063911438,-0.04097321629524231,0.1570093184709549,66.78616632154959,-3.965517368846419,0.0,0.0,0.0,-0.9961537664314684,0.08762233519143182,-2.337538496546928,-0.4144292934521839,0.0,0.0,0.0,-0.13818429964709553,1.0,2.0,0.8786910095277445,2.0,0.8786910095277445,2.2377097570312308,1.0,0.23770975703123076,0.12130899047225552,1.0148860216140747,0.8005216121673584,-0.2710203528404236,-0.30384987592697144,1.0,0.0,20.0,1.0,1.1407756805419922,1.706158995628357,0.3611269994344003,327.04112325833285,125.39531597817935,327.0,125.0,13.32851529121399,13.348410606384277,13.26820158958435,528,8,b60000000e010000,182,270,13.288415431976318,1,1,1,1,1,1779092654.503092
13.351840114593562,1,sine_high_wl5m,2.0,-0.9463552625234184,0.06901434063911438,-0.04097321629524231,0.1570093184709549,66.78616632154959,-3.965517368846419,0.0,0.0,0.0,-0.9961537664314684,0.08762233519143182,-2.337538496546928,-0.4144292934521839,0.0,0.0,0.0,-0.13818429964709553,1.0,2.0,0.7612752767281095,2.0,0.7612752767281095,2.0656082874877977,1.0,0.06560828748779768,0.23872472327189054,1.062673807144165,0.7784560918807983,-0.19506782293319702,-0.27805960178375244,1.0,0.0,20.0,1.0,1.140075445175171,1.905639410018921,0.33922127372505084,324.17776293592743,128.24510587251646,324.0,128.0,13.32851529121399,13.348410606384277,13.368263244628906,528,8,950000002e010000,149,302,13.388181209564209,1,1,1,1,1,1779092654.603256
13.401840114593563,1,sine_high_wl5m,2.0,-0.9481052852261114,0.05273953825235367,-0.036828696727752686,0.15735983848571777,66.43272017258059,-4.0232129143014985,0.0,0.0,0.0,-0.9972897375856659,0.0735743114566057,-2.28908968391673,-0.33960011229339093,0.0,0.0,0.0,-0.20596368925871478,1.0,2.0,0.7612752767281095,2.0,0.7612752767281095,2.0656082874877977,1.0,0.06560828748779768,0.23872472327189054,1.062673807144165,0.7784560918807983,-0.19506782293319702,-0.27805960178375244,1.0,0.0,20.0,1.0,1.140075445175171,1.905639410018921,0.33922127372505084,324.17776293592743,128.24510587251646,324.0,128.0,13.428593873977661,13.448449611663818,13.368263244628906,528,8,950000002e010000,149,302,13.388181209564209,1,1,1,1,1,1779092654.603256
13.451840114593564,1,sine_high_wl5m,2.0,-0.9372923921525692,0.05273953825235367,-0.036828696727752686,0.15735983848571777,66.43272017258059,-4.0232129143014985,0.0,0.0,0.0,-0.9972897375856659,0.0735743114566057,-2.28908968391673,-0.33960011229339093,0.0,0.0,0.0,-0.20596368925871478,1.0,2.0,0.5960398817512518,2.0,0.5960398817512518,1.8990077922445276,1.0,-0.10099220775547235,0.4039601182487482,1.1125953197479248,0.7883196473121643,-0.11282718181610107,-0.22170209884643555,1.0,0.0,20.0,1.0,1.1413750648498535,2.0413384437561035,0.39266866945760176,319.97184866388244,132.431086901566,320.0,132.0,13.428593873977661,13.448449611663818,13.468336820602417,528,8,8d00000037010000,141,311,13.488234758377075,1,1,1,1,1,1779092654.7037323
13.501840114593564,1,sine_high_wl5m,2.0,-0.90344106657197,0.04346080869436264,-0.03643659129738808,0.15763138234615326,66.229140341228,-4.050926599319325,0.0,0.0,0.0,-0.9981082395104777,0.06148123470860729,-2.2966487736584726,-0.2840144850825622,0.0,0.0,0.0,-0.34690423995818886,1.0,2.0,0.5960398817512518,2.0,0.5960398817512518,1.8990077922445276,1.0,-0.10099220775547235,0.4039601182487482,1.1125953197479248,0.7883196473121643,-0.11282718181610107,-0.22170209884643555,1.0,0.0,20.0,1.0,1.1413750648498535,2.0413384437561035,0.39266866945760176,319.97184866388244,132.431086901566,320.0,132.0,13.528584718704224,13.548439025878906,13.468336820602417,528,8,8d00000037010000,141,311,13.488234758377075,1,1,1,1,1,1779092654.7037323
13.551840114593565,1,sine_high_wl5m,2.0,-0.8693385384567232,0.04346080869436264,-0.03643659129738808,0.15763138234615326,66.229140341228,-4.050926599319325,0.0,0.0,0.0,-0.9981082395104777,0.06148123470860729,-2.2966487736584726,-0.2840144850825622,0.0,0.0,0.0,-0.34690423995818886,1.0,2.0,0.39330800687607703,2.0,0.39330800687607703,1.8460718215269336,0.5881177324572834,-0.1539281784730664,0.19480972558120635,1.1219120025634766,0.8659260272979736,-0.07113013416528702,-0.11595844477415085,1.0,0.0,20.0,1.0,1.1461668014526367,2.150162696838379,0.42508214247868975,313.7803840426717,138.593208088553,314.0,139.0,13.528584718704224,13.548439025878906,13.568305253982544,528,8,880000003c010000,136,316,13.588227272033691,1,1,1,1,1,1779092654.803273
13.601840114593566,1,sine_high_wl5m,2.0,-0.8019457974059608,0.053712066262960434,-0.035990942269563675,0.15804006159305573,66.0501395794717,-4.070652978260427,0.0,0.0,0.0,-0.9988194709236968,0.04857637804227901,-2.3164591357048625,-0.22585057402802247,0.0,0.0,0.0,-0.3411692263936525,1.0,2.0,0.39330800687607703,2.0,0.39330800687607703,1.8460718215269336,0.5881177324572834,-0.1539281784730664,0.19480972558120635,1.1219120025634766,0.8659260272979736,-0.07113013416528702,-0.11595844477415085,1.0,0.0,20.0,1.0,1.1461668014526367,2.150162696838379,0.42508214247868975,313.7803840426717,138.593208088553,314.0,139.0,13.628629446029663,13.648457288742065,13.568305253982544,528,8,880000003c010000,136,316,13.588227272033691,1,1,1,1,1,1779092654.803273
13.651840114593567,1,sine_high_wl5m,2.0,-0.7467035640168423,0.053712066262960434,-0.035990942269563675,0.15804006159305573,66.0501395794717,-4.070652978260427,0.0,0.0,0.0,-0.9988194709236968,0.04857637804227901,-2.3164591357048625,-0.22585057402802247,0.0,0.0,0.0,-0.3411692263936525,1.0,2.0,0.16585964250067836,2.0,0.16585964250067836,1.7731399279349414,0.16235116822836237,-0.22686007206505865,-0.0035084742723159867,1.1332937479019165,0.8990208506584167,-0.009488394483923912,0.019902557134628296,1.0,0.0,20.0,1.0,1.1399924755096436,2.233596086502075,0.4343468019788765,301.29714406131075,151.0172857951207,301.0,151.0,13.628629446029663,13.648457288742065,13.668256759643555,528,8,840000003f010000,132,319,13.688291311264038,1,1,1,1,1,1779092654.9046378
13.701840114593567,1,sine_high_wl5m,2.0,-0.6501055240069356,0.057450469583272934,-0.036423780024051666,0.15830010175704956,65.77919709226474,-4.0905714555420065,0.0,0.0,0.0,-0.999683318717443,0.025164703019891897,-2.364343833190074,-0.11910919170195122,0.0,0.0,0.0,-0.4582812220420753,1.0,2.0,0.16585964250067836,2.0,0.16585964250067836,1.7731399279349414,0.16235116822836237,-0.22686007206505865,-0.0035084742723159867,1.1332937479019165,0.8990208506584167,-0.009488394483923912,0.019902557134628296,1.0,0.0,20.0,1.0,1.1399924755096436,2.233596086502075,0.4343468019788765,301.29714406131075,151.0172857951207,301.0,151.0,13.728699445724487,13.748365879058838,13.668256759643555,528,8,840000003f010000,132,319,13.688291311264038,1,1,1,1,1,1779092654.9046378
13.751840114593568,1,sine_high_wl5m,2.0,-0.5772545159455909,0.057450469583272934,-0.036423780024051666,0.15830010175704956,65.77919709226474,-4.0905714555420065,0.0,0.0,0.0,-0.999683318717443,0.025164703019891897,-2.364343833190074,-0.11910919170195122,0.0,0.0,0.0,-0.4582812220420753,1.0,2.0,-0.07194001093423913,2.0,-0.07194001093423913,1.7177689639001097,-0.15405842904923195,-0.2822310360998903,-0.08211841811499282,1.118457317352295,0.8049874305725098,0.07874873280525208,0.052075088024139404,1.0,0.0,20.0,1.0,1.139890193939209,2.3055179119110107,0.38281330225229254,164.81880226467115,286.8488108059943,165.0,287.0,13.728699445724487,13.748365879058838,13.768233060836792,528,8,8200000042010000,130,322,13.788312911987305,1,1,1,1,1,1779092655.0032413
13.801840114593569,1,sine_high_wl5m,2.0,-0.4573654465575942,0.06396979093551636,-0.026239629834890366,0.15971219539642334,65.59788040057862,-4.096421168301017,0.0,0.0,0.0,-0.9999690390150962,0.007868990483224455,-2.3471019119488785,-0.036942076541202754,0.0,0.0,0.0,-0.478022636865543,1.0,2.0,-0.07194001093423913,2.0,-0.07194001093423913,1.7177689639001097,-0.15405842904923195,-0.2822310360998903,-0.08211841811499282,1.118457317352295,0.8049874305725098,0.07874873280525208,0.052075088024139404,1.0,0.0,20.0,1.0,1.139890193939209,2.3055179119110107,0.38281330225229254,164.81880226467115,286.8488108059943,165.0,287.0,13.82861614227295,13.848411798477173,13.768233060836792,528,8,8200000042010000,130,322,13.788312911987305,1,1,1,1,1,1779092655.0032413
13.85184011459357,1,sine_high_wl5m,2.0,-0.37148199609835447,0.06396979093551636,-0.026239629834890366,0.15971219539642334,65.59788040057862,-4.096421168301017,0.0,0.0,0.0,-0.9999690390150962,0.007868990483224455,-2.3471019119488785,-0.036942076541202754,0.0,0.0,0.0,-0.478022636865543,1.0,2.0,-0.3052472493614879,2.0,-0.3052472493614879,1.7598742492790316,-0.5117757379568001,-0.24012575072096842,-0.2065284885953122,1.0742946863174438,0.6953105926513672,0.1093764454126358,0.05059584230184555,1.0,0.0,20.0,1.0,1.1400253772735596,2.3735313415527344,0.16014934606335451,147.0782183426979,304.5053161311809,147.0,305.0,13.82861614227295,13.848411798477173,13.868390560150146,528,8,8100000043010000,129,323,13.888235092163086,1,1,1,1,1,1779092655.1037629
13.90184011459357,1,sine_high_wl5m,2.0,-0.2359118512955974,0.06758295744657516,-0.025884494185447693,0.16056285798549652,65.43856306062276,-4.096087857969276,0.0,0.0,0.0,0.9999603881275828,0.008900684003707915,-2.3270743352521657,0.04143003005064063,0.0,0.0,0.0,-0.5196644686147386,1.0,2.0,-0.3052472493614879,2.0,-0.3052472493614879,1.7598742492790316,-0.5117757379568001,-0.24012575072096842,-0.2065284885953122,1.0742946863174438,0.6953105926513672,0.1093764454126358,0.05059584230184555,1.0,0.0,20.0,1.0,1.1400253772735596,2.3735313415527344,0.16014934606335451,147.0782183426979,304.5053161311809,147.0,305.0,13.928536415100098,13.94838833808899,13.868390560150146,528,8,8100000043010000,129,323,13.888235092163086,1,1,1,1,1,1779092655.1037629
13.95184011459357,1,sine_high_wl5m,2.0,-0.14240452205408308,0.06758295744657516,-0.025884494185447693,0.16056285798549652,65.43856306062276,-4.096087857969276,0.0,0.0,0.0,0.9999603881275828,0.008900684003707915,-2.3270743352521657,0.04143003005064063,0.0,0.0,0.0,-0.5196644686147386,1.0,2.0,-0.5193605076510529,2.0,-0.5193605076510529,1.735474235998369,-0.9366574798575152,-0.26452576400163097,-0.41729697220646234,1.144301414489746,0.6459711194038391,0.014094376936554909,0.08569317311048508,1.0,0.0,20.0,1.0,1.139404296875,2.4227700233459473,-0.13715516420779822,139.8218123462126,311.7273315779198,140.0,312.0,13.928536415100098,13.94838833808899,13.968293190002441,528,8,8200000042010000,130,322,13.988156795501709,1,1,1,1,1,1779092655.2032986
14.001840114593572,1,s1_stop,0.0,0.0,0.07784397900104523,-0.0436876155436039,0.16140525043010712,65.22651400655852,-4.087038750880804,0.0,0.0,0.0,0.999502789112024,0.03153053372978354,-2.3493617970107974,0.14837461989698691,0.0,0.0,0.0,-0.47675190617059204,1.0,2.0,-0.5193605076510529,2.0,-0.5193605076510529,1.735474235998369,-0.9366574798575152,-0.26452576400163097,-0.41729697220646234,1.144301414489746,0.6459711194038391,0.014094376936554909,0.08569317311048508,1.0,0.0,20.0,1.0,1.139404296875,2.4227700233459473,-0.13715516420779822,139.8218123462126,311.7273315779198,140.0,312.0,14.029544591903687,14.049444675445557,13.968293190002441,528,8,8200000042010000,130,322,13.988156795501709,1,1,1,1,1,1779092655.2032986
14.051840114593572,1,s1_stop,0.0,0.0,0.07784397900104523,-0.0436876155436039,0.16140525043010712,65.22651400655852,-4.087038750880804,0.0,0.0,0.0,0.999502789112024,0.03153053372978354,-2.3493617970107974,0.14837461989698691,0.0,0.0,0.0,-0.47675190617059204,1.0,2.0,-0.7009121926514938,2.0,-0.7009121926514938,1.7588615543727724,-1.0,-0.24113844562722764,-0.29908780734850615,1.174192190170288,0.5806102156639099,-0.0652415007352829,0.017193898558616638,1.0,0.0,20.0,1.0,1.1407246589660645,2.4736220836639404,-0.10901457287472843,135.02164749615022,316.50474683153647,135.0,317.0,14.029544591903687,14.049444675445557,14.069265604019165,528,8,8300000040010000,131,320,14.089115858078003,1,1,1,1,1,1779092655.3038056
14.101840114593573,1,s1_stop,0.0,0.0,0.00025657773949205875,-0.0399201363325119,0.15556742250919342,64.91958618636927,-4.057292119062842,0.0,0.0,0.0,0.9979695101317899,0.0636934600042684,-2.3349424287354967,0.2992653263813854,0.0,0.0,0.0,-0.49303871437846,1.0,2.0,-0.7009121926514938,2.0,-0.7009121926514938,1.7588615543727724,-1.0,-0.24113844562722764,-0.29908780734850615,1.174192190170288,0.5806102156639099,-0.0652415007352829,0.017193898558616638,1.0,0.0,20.0,1.0,1.1407246589660645,2.4736220836639404,-0.10901457287472843,135.02164749615022,316.50474683153647,135.0,317.0,14.12947964668274,14.149432182312012,14.069265604019165,528,8,8300000040010000,131,320,14.089115858078003,1,1,1,1,1,1779092655.3038056
14.151840114593574,1,s1_stop,0.0,0.0,0.00025657773949205875,-0.0399201363325119,0.15556742250919342,64.91958618636927,-4.057292119062842,0.0,0.0,0.0,0.9979695101317899,0.0636934600042684,-2.3349424287354967,0.2992653263813854,0.0,0.0,0.0,-0.49303871437846,1.0,2.0,-0.8383244032408692,2.0,-0.8383244032408692,1.7749718773847887,-1.0,-0.22502812261521132,-0.1616755967591308,1.1743905544281006,0.523729681968689,-0.0845102071762085,0.03426355868577957,1.0,0.0,20.0,1.0,1.1407313346862793,2.4422874450683594,-0.17279182475472374,131.67174370516804,319.8387743012343,132.0,320.0,14.12947964668274,14.149432182312012,14.169244527816772,528,8,870000003d010000,135,317,14.18916368484497,1,1,1,1,1,1779092655.4030387
14.201840114593574,1,s1_stop,0.0,0.0,0.34050899744033813,-0.03686022013425827,0.17161943018436432,64.60916171111216,-4.0071754014196,0.0,0.0,0.0,0.9955229437344695,0.09452020153520747,-2.3446351883451126,0.44927410313625116,0.0,0.0,0.0,-0.44174637107446546,1.0,2.0,-0.8383244032408692,2.0,-0.8383244032408692,1.7749718773847887,-1.0,-0.22502812261521132,-0.1616755967591308,1.1743905544281006,0.523729681968689,-0.0845102071762085,0.03426355868577957,1.0,0.0,20.0,1.0,1.1407313346862793,2.4422874450683594,-0.17279182475472374,131.67174370516804,319.8387743012343,132.0,320.0,14.229500532150269,14.249399423599243,14.169244527816772,528,8,870000003d010000,135,317,14.18916368484497,1,1,1,1,1,1779092655.4030387
14.251840114593575,1,s1_stop,0.0,0.0,0.34050899744033813,-0.03686022013425827,0.17161943018436432,64.60916171111216,-4.0071754014196,0.0,0.0,0.0,0.9955229437344695,0.09452020153520747,-2.3446351883451126,0.44927410313625116,0.0,0.0,0.0,-0.44174637107446546,1.0,2.0,-0.9231502659840003,2.0,-0.9231502659840003,1.773564742455761,-1.0,-0.226435257544239,-0.0768497340159997,1.1767199039459229,0.4612264633178711,-0.08698893338441849,0.08762402832508087,1.0,0.0,20.0,1.0,1.1393189430236816,2.4167821407318115,-0.2276023858631967,129.62563952114155,321.87518130903317,130.0,322.0,14.229500532150269,14.249399423599243,14.269261121749878,528,8,8b00000038010000,139,312,14.289195775985718,1,1,1,1,1,1779092655.5037386
14.301840114593576,1,s1_stop,0.0,0.0,0.7134242653846741,-0.07067069411277771,0.17572171986103058,64.3189364065486,-3.943316071536445,0.0,0.0,0.0,0.9927270991199919,0.12038648874689291,-2.1631239765792607,0.5324679312659906,0.0,0.0,0.0,-0.4034447155638891,1.0,2.0,-0.9231502659840003,2.0,-0.9231502659840003,1.773564742455761,-1.0,-0.226435257544239,-0.0768497340159997,1.1767199039459229,0.4612264633178711,-0.08698893338441849,0.08762402832508087,1.0,0.0,20.0,1.0,1.1393189430236816,2.4167821407318115,-0.2276023858631967,129.62563952114155,321.87518130903317,130.0,322.0,14.329640626907349,14.349371194839478,14.269261121749878,528,8,8b00000038010000,139,312,14.289195775985718,1,1,1,1,1,1779092655.5037386
14.351840114593577,1,s1_stop,0.0,0.0,0.7134242653846741,-0.07067069411277771,0.17572171986103058,64.3189364065486,-3.943316071536445,0.0,0.0,0.0,0.9927270991199919,0.12038648874689291,-2.1631239765792607,0.5324679312659906,0.0,0.0,0.0,-0.4034447155638891,1.0,2.0,-0.9499204478014271,2.0,-0.9499204478014271,1.778247766751547,-1.0,-0.22175223324845295,-0.05007955219857285,1.1805237531661987,0.4426887035369873,-0.09926372766494751,0.10082535445690155,1.0,0.0,20.0,1.0,1.1400580406188965,2.3938446044921875,-0.33258019336815287,128.97479835471327,322.52293792017036,129.0,323.0,14.329640626907349,14.349371194839478,14.369402647018433,528,8,9200000031010000,146,305,14.389185428619385,1,1,1,1,1,1779092655.6030633
14.401840114593577,1,s1_stop,0.0,0.0,0.9867396950721741,-0.0934726819396019,0.1726885735988617,64.16317937419083,-3.9024292502266387,0.0,0.0,0.0,0.9908365145166738,0.13506665576836258,-1.934977859483473,0.5375243188659881,0.0,0.0,0.0,-0.36933988261681633,1.0,2.0,-0.9499204478014271,2.0,-0.9499204478014271,1.778247766751547,-1.0,-0.22175223324845295,-0.05007955219857285,1.1805237531661987,0.4426887035369873,-0.09926372766494751,0.10082535445690155,1.0,0.0,20.0,1.0,1.1400580406188965,2.3938446044921875,-0.33258019336815287,128.97479835471327,322.52293792017036,129.0,323.0,14.429491996765137,14.449382066726685,14.369402647018433,528,8,9200000031010000,146,305,14.389185428619385,1,1,1,1,1,1779092655.6030633
14.451840114593578,1,s1_stop,0.0,0.0,0.9867396950721741,-0.0934726819396019,0.1726885735988617,64.16317937419083,-3.9024292502266387,0.0,0.0,0.0,0.9908365145166738,0.13506665576836258,-1.934977859483473,0.5375243188659881,0.0,0.0,0.0,-0.36933988261681633,1.0,2.0,-0.9170064470429511,2.0,-0.9170064470429511,1.7721279888695083,-1.0,-0.22787201113049171,-0.08299355295704891,1.183514952659607,0.43981093168258667,-0.09733997285366058,0.11201433837413788,1.0,0.0,20.0,1.0,1.1400957107543945,2.3969485759735107,-0.39449452850731453,129.77447782952748,321.7270483954738,130.0,322.0,14.429491996765137,14.449382066726685,14.469252109527588,528,8,a100000022010000,161,290,14.489163398742676,1,1,1,1,1,1779092655.7033272
14.501840114593579,1,s1_stop,0.0,0.0,1.247052788734436,-0.09618225693702698,0.1782986968755722,64.00316801914539,-3.8550947306275156,0.0,0.0,0.0,0.9886353857565348,0.15033321000373714,-1.6952534365049987,0.5277683811409544,0.0,0.0,0.0,-0.2720705124657296,1.0,2.0,-0.9170064470429511,2.0,-0.9170064470429511,1.7721279888695083,-1.0,-0.22787201113049171,-0.08299355295704891,1.183514952659607,0.43981093168258667,-0.09733997285366058,0.11201433837413788,1.0,0.0,20.0,1.0,1.1400957107543945,2.3969485759735107,-0.39449452850731453,129.77447782952748,321.7270483954738,130.0,322.0,14.52949595451355,14.549400091171265,14.469252109527588,528,8,a100000022010000,161,290,14.489163398742676,1,1,1,1,1,1779092655.7033272
14.55184011459358,1,s1_stop,0.0,0.0,1.247052788734436,-0.09618225693702698,0.1782986968755722,64.00316801914539,-3.8550947306275156,0.0,0.0,0.0,0.9886353857565348,0.15033321000373714,-1.6952534365049987,0.5277683811409544,0.0,0.0,0.0,-0.2720705124657296,1.0,2.0,-0.8264835676904698,2.0,-0.8264835676904698,1.7671053260624559,-1.0,-0.23289467393754415,-0.17351643230953018,1.1894131898880005,0.46102607250213623,-0.10181838274002075,0.10045227408409119,1.0,0.0,20.0,1.0,1.1397731304168701,2.397521495819092,-0.4172427742306519,131.95702285398198,319.55484718630106,132.0,320.0,14.52949595451355,14.549400091171265,14.56925630569458,528,8,0000000000000000,0,0,14.5893235206604,1,1,1,1,1,1779092655.8032668
14.60184011459358,1,s1_stop,0.0,0.0,1.4799587726593018,-0.10217507183551788,0.18211421370506287,63.87016278935217,-3.8118986757812054,0.0,0.0,0.0,0.9868267380486451,0.16178068201200926,-1.531324083276618,0.515958615155894,0.0,0.0,0.0,-0.21304346355309,1.0,2.0,-0.8264835676904698,2.0,-0.8264835676904698,1.7671053260624559,-1.0,-0.23289467393754415,-0.17351643230953018,1.1894131898880005,0.46102607250213623,-0.10181838274002075,0.10045227408409119,1.0,0.0,20.0,1.0,1.1397731304168701,2.397521495819092,-0.4172427742306519,131.95702285398198,319.55484718630106,132.0,320.0,14.629530191421509,14.649496793746948,14.56925630569458,528,8,0000000000000000,0,0,14.5893235206604,1,1,1,1,1,1779092655.8032668
14.65184011459358,1,s1_stop,0.0,0.0,1.4799587726593018,-0.10217507183551788,0.18211421370506287,63.87016278935217,-3.8118986757812054,0.0,0.0,0.0,0.9868267380486451,0.16178068201200926,-1.531324083276618,0.515958615155894,0.0,0.0,0.0,-0.21304346355309,1.0,2.0,-0.6840608021091361,2.0,-0.6840608021091361,1.7533880479768205,-1.0,-0.24661195202317954,-0.3159391978908639,1.1903431415557861,0.494118869304657,-0.08713343739509583,0.09216786921024323,1.0,0.0,20.0,1.0,1.1348094940185547,2.4051291942596436,-0.4785467995915906,135.4429199025778,316.08547097679804,135.0,316.0,14.629530191421509,14.649496793746948,14.669264793395996,528,8,0000000000000000,0,0,14.689159393310547,1,1,1,1,1,1779092655.9032815
14.701840114593582,1,s1_stop,0.0,0.0,1.706158995628357,-0.10539495944976807,0.19286397099494934,63.774751677204335,-3.779081666056367,0.0,0.0,0.0,0.9859380923154526,0.1671109754665024,-1.343583952432897,0.46893151245699716,0.0,0.0,0.0,-0.11834176727785566,1.0,2.0,-0.6840608021091361,2.0,-0.6840608021091361,1.7533880479768205,-1.0,-0.24661195202317954,-0.3159391978908639,1.1903431415557861,0.494118869304657,-0.08713343739509583,0.09216786921024323,1.0,0.0,20.0,1.0,1.1348094940185547,2.4051291942596436,-0.4785467995915906,135.4429199025778,316.08547097679804,135.0,316.0,14.729469060897827,14.74936318397522,14.669264793395996,528,8,0000000000000000,0,0,14.689159393310547,1,1,1,1,1,1779092655.9032815
14.751840114593582,1,s1_stop,0.0,0.0,1.706158995628357,-0.10539495944976807,0.19286397099494934,63.774751677204335,-3.779081666056367,0.0,0.0,0.0,0.9859380923154526,0.1671109754665024,-1.343583952432897,0.46893151245699716,0.0,0.0,0.0,-0.11834176727785566,1.0,2.0,-0.49845977594549123,2.0,-0.49845977594549123,1.762463499234333,-0.9205147531516724,-0.2375365007656669,-0.4220549772061812,1.1878629922866821,0.573415994644165,-0.09356516599655151,0.02937810681760311,1.0,0.0,20.0,1.0,1.1400656700134277,2.4023635387420654,-0.46915478167723884,140.42690059661177,311.1251110443472,140.0,311.0,14.729469060897827,14.74936318397522,14.769363641738892,528,8,0000000000000000,0,0,14.789146184921265,1,1,1,1,1,1779092656.0033975
14.801840114593583,1,s1_stop,0.0,0.0,1.905639410018921,-0.10205747932195663,0.13809232413768768,63.73584526451492,-3.7654204224819656,0.0,0.0,0.0,0.9856575393933406,0.16875785918606986,-1.2479435554805443,0.4402345838568753,0.0,0.0,0.0,-0.10301047067163437,1.0,2.0,-0.49845977594549123,2.0,-0.49845977594549123,1.762463499234333,-0.9205147531516724,-0.2375365007656669,-0.4220549772061812,1.1878629922866821,0.573415994644165,-0.09356516599655151,0.02937810681760311,1.0,0.0,20.0,1.0,1.1400656700134277,2.4023635387420654,-0.46915478167723884,140.42690059661177,311.1251110443472,140.0,311.0,14.829779386520386,14.849589586257935,14.769363641738892,528,8,0000000000000000,0,0,14.789146184921265,1,1,1,1,1,1779092656.0033975
14.851840114593584,1,s1_stop,0.0,0.0,1.905639410018921,-0.10205747932195663,0.13809232413768768,63.73584526451492,-3.7654204224819656,0.0,0.0,0.0,0.9856575393933406,0.16875785918606986,-1.2479435554805443,0.4402345838568753,0.0,0.0,0.0,-0.10301047067163437,1.0,2.0,-0.2818602014066634,2.0,-0.2818602014066634,1.807242376843722,-0.46589787252974846,-0.19275762315627798,-0.18403767112308506,1.1617546081542969,0.6527408361434937,-0.09957215934991837,0.02225036546587944,1.0,0.0,20.0,1.0,1.1402158737182617,2.4037067890167236,-0.5072740556389689,148.09099090393212,303.4973434399052,148.0,303.0,14.829779386520386,14.849589586257935,14.869223356246948,528,8,0000000000000000,0,0,14.889154434204102,1,1,1,1,1,1779092656.1030796
14.901840114593584,1,s1_stop,0.0,0.0,2.0413384437561035,-0.10581743717193604,0.1928953379392624,63.70220777532713,-3.7535031415314686,0.0,0.0,0.0,0.9854622415418509,0.1698945864214356,-1.165467325085949,0.4141650984635315,0.0,0.0,0.0,-0.0790198128758309,1.0,2.0,-0.2818602014066634,2.0,-0.2818602014066634,1.807242376843722,-0.46589787252974846,-0.19275762315627798,-0.18403767112308506,1.1617546081542969,0.6527408361434937,-0.09957215934991837,0.02225036546587944,1.0,0.0,20.0,1.0,1.1402158737182617,2.4037067890167236,-0.5072740556389689,148.09099090393212,303.4973434399052,148.0,303.0,14.929490089416504,14.949415445327759,14.869223356246948,528,8,0000000000000000,0,0,14.889154434204102,1,1,1,1,1,1779092656.1030796
14.951840114593585,1,s1_stop,0.0,0.0,2.0413384437561035,-0.10581743717193604,0.1928953379392624,63.70220777532713,-3.7535031415314686,0.0,0.0,0.0,0.9854622415418509,0.1698945864214356,-1.165467325085949,0.4141650984635315,0.0,0.0,0.0,-0.0790198128758309,1.0,2.0,-0.04741038193020402,2.0,-0.04741038193020402,1.8242902603827367,-0.08511298761272287,-0.17570973961726333,-0.037702605682518854,1.1499056816101074,0.7460132241249084,-0.09776173532009125,0.016085032373666763,1.0,0.0,20.0,1.0,1.1397759914398193,2.4120099544525146,-0.4642271666817381,170.3787711034895,281.3151925303931,170.0,281.0,14.929490089416504,14.949415445327759,14.969372987747192,528,8,0000000000000000,0,0,14.989287376403809,1,1,1,1,1,1779092656.2030747
15.001840114593586,1,s1_stop,0.0,0.0,2.150162696838379,-0.10652093589305878,0.21742422878742218,63.684019127087886,-3.7470262730409276,0.0,0.0,0.0,0.9853831700303388,0.1703525996894689,-1.1212346577567283,0.399620686647086,0.0,0.0,0.0,-0.04791010563210092,1.0,2.0,-0.04741038193020402,2.0,-0.04741038193020402,1.8242902603827367,-0.08511298761272287,-0.17570973961726333,-0.037702605682518854,1.1499056816101074,0.7460132241249084,-0.09776173532009125,0.016085032373666763,1.0,0.0,20.0,1.0,1.1397759914398193,2.4120099544525146,-0.4642271666817381,170.3787711034895,281.3151925303931,170.0,281.0,15.029553413391113,15.049404621124268,14.969372987747192,528,8,0000000000000000,0,0,14.989287376403809,1,1,1,1,1,1779092656.2030747
15.051840114593587,1,s1_stop,0.0,0.0,2.150162696838379,-0.10652093589305878,0.21742422878742218,63.684019127087886,-3.7470262730409276,0.0,0.0,0.0,0.9853831700303388,0.1703525996894689,-1.1212346577567283,0.399620686647086,0.0,0.0,0.0,-0.04791010563210092,1.0,0.0,0.0,0.0,0.0,0.031208984938509248,0.2924577715018687,0.031208984938509248,0.2924577715018687,1.1957423686981201,0.9315444827079773,-0.037317905575037,-0.2724374234676361,1.0,0.0,20.0,1.0,1.1412005424499512,2.406568765640259,-0.4177543923058089,0.0,0.0,0.0,0.0,15.029553413391113,15.049404621124268,15.069241523742676,528,8,0000000000000000,0,0,15.089393138885498,1,1,1,1,1,1779092656.3039913
15.101840114593587,1,s1_stop,0.0,0.0,2.233596086502075,-0.09795976430177689,0.24132482707500458,63.676264274828185,-3.7442590699284106,0.0,0.0,0.0,0.9853511303854087,0.17053782527110306,-1.1085582581463382,0.3955724441444337,0.0,0.0,0.0,-0.0538543953965153,1.0,0.0,0.0,0.0,0.0,0.031208984938509248,0.2924577715018687,0.031208984938509248,0.2924577715018687,1.1957423686981201,0.9315444827079773,-0.037317905575037,-0.2724374234676361,1.0,0.0,20.0,1.0,1.1412005424499512,2.406568765640259,-0.4177543923058089,0.0,0.0,0.0,0.0,15.129486083984375,15.149399518966675,15.069241523742676,528,8,0000000000000000,0,0,15.089393138885498,1,1,1,1,1,1779092656.3039913
15.151840114593588,1,s1_stop,0.0,0.0,2.233596086502075,-0.09795976430177689,0.24132482707500458,63.676264274828185,-3.7442590699284106,0.0,0.0,0.0,0.9853511303854087,0.17053782527110306,-1.1085582581463382,0.3955724441444337,0.0,0.0,0.0,-0.0538543953965153,1.0,0.0,0.0,0.0,0.0,0.03130387529839198,0.3055647548452237,0.03130387529839198,0.3055647548452237,1.2039103507995605,0.9076371788978577,-0.03768705949187279,-0.27734193205833435,1.0,0.0,20.0,1.0,1.1431303024291992,2.370736598968506,-0.39067586880641997,0.0,0.0,0.0,0.0,15.129486083984375,15.149399518966675,15.16930866241455,528,8,0000000000000000,0,0,15.189167022705078,1,1,1,1,1,1779092656.4042606
15.201840114593589,1,s1_stop,0.0,0.0,2.3055179119110107,-0.1078786700963974,0.19501376152038574,63.67404162270881,-3.7434656703289355,0.0,0.0,0.0,0.9853416206492728,0.17059276249672647,-1.095988558061956,0.3912249134348436,0.0,0.0,0.0,-0.05384489355123759,1.0,0.0,0.0,0.0,0.0,0.03130387529839198,0.3055647548452237,0.03130387529839198,0.3055647548452237,1.2039103507995605,0.9076371788978577,-0.03768705949187279,-0.27734193205833435,1.0,0.0,20.0,1.0,1.1431303024291992,2.370736598968506,-0.39067586880641997,0.0,0.0,0.0,0.0,15.229454755783081,15.249394416809082,15.16930866241455,528,8,0000000000000000,0,0,15.189167022705078,1,1,1,1,1,1779092656.4042606
15.25184011459359,1,s1_stop,0.0,0.0,2.3055179119110107,-0.1078786700963974,0.19501376152038574,63.67404162270881,-3.7434656703289355,0.0,0.0,0.0,0.9853416206492728,0.17059276249672647,-1.095988558061956,0.3912249134348436,0.0,0.0,0.0,-0.05384489355123759,1.0,0.0,0.0,0.0,0.0,0.03281390875164241,0.3047399380360133,0.03281390875164241,0.3047399380360133,1.1975125074386597,0.9126734733581543,-0.03929506614804268,-0.278128057718277,1.0,0.0,20.0,1.0,1.1402688026428223,2.211418390274048,-0.3925407410510048,0.0,0.0,0.0,0.0,15.229454755783081,15.249394416809082,15.269211769104004,528,8,0000000000000000,0,0,15.289175033569336,1,1,1,1,1,1779092656.5041933
15.30184011459359,1,s1_stop,0.0,0.0,2.3735313415527344,-0.10023517161607742,0.1841297596693039,63.6674920951599,-3.741125276422154,0.0,0.0,0.0,0.9853130835686057,0.1707575103722405,-1.0770715387768859,0.3848783973648063,0.0,0.0,0.0,-0.053880156281740504,1.0,0.0,0.0,0.0,0.0,0.03281390875164241,0.3047399380360133,0.03281390875164241,0.3047399380360133,1.1975125074386597,0.9126734733581543,-0.03929506614804268,-0.278128057718277,1.0,0.0,20.0,1.0,1.1402688026428223,2.211418390274048,-0.3925407410510048,0.0,0.0,0.0,0.0,15.329461097717285,15.34941840171814,15.269211769104004,528,8,0000000000000000,0,0,15.289175033569336,1,1,1,1,1,1779092656.5041933
15.35184011459359,1,s1_stop,0.0,0.0,2.3735313415527344,-0.10023517161607742,0.1841297596693039,63.6674920951599,-3.741125276422154,0.0,0.0,0.0,0.9853130835686057,0.1707575103722405,-1.0770715387768859,0.3848783973648063,0.0,0.0,0.0,-0.053880156281740504,1.0,0.0,0.0,0.0,0.0,0.031967899359457805,0.3040564395158715,0.031967899359457805,0.3040564395158715,1.1940243244171143,0.9147131443023682,-0.03817044943571091,-0.2781244218349457,1.0,0.0,20.0,1.0,1.1410493850708008,1.977087140083313,-0.30588456463653313,0.0,0.0,0.0,0.0,15.329461097717285,15.34941840171814,15.36931037902832,528,8,0000000000000000,0,0,15.389255046844482,1,1,1,1,1,1779092656.6042514
15.401840114593591,1,s1_stop,0.0,0.0,2.4227700233459473,-0.11543480306863785,0.20526359975337982,63.658324003267204,-3.737844508809822,0.0,0.0,0.0,0.9852745684806503,0.17097960318490701,-1.0455927481280785,0.3741614791710336,0.0,0.0,0.0,-0.047859515709043475,1.0,0.0,0.0,0.0,0.0,0.031967899359457805,0.3040564395158715,0.031967899359457805,0.3040564395158715,1.1940243244171143,0.9147131443023682,-0.03817044943571091,-0.2781244218349457,1.0,0.0,20.0,1.0,1.1410493850708008,1.977087140083313,-0.30588456463653313,0.0,0.0,0.0,0.0,15.429469347000122,15.449398756027222,15.36931037902832,528,8,0000000000000000,0,0,15.389255046844482,1,1,1,1,1,1779092656.6042514
15.451840114593592,1,s1_stop,0.0,0.0,2.4227700233459473,-0.11543480306863785,0.20526359975337982,63.658324003267204,-3.737844508809822,0.0,0.0,0.0,0.9852745684806503,0.17097960318490701,-1.0455927481280785,0.3741614791710336,0.0,0.0,0.0,-0.047859515709043475,1.0,0.0,0.0,0.0,0.0,0.029484425976436506,0.299936695264213,0.029484425976436506,0.299936695264213,1.1838014125823975,0.9230967164039612,-0.03490370512008667,-0.27687057852745056,1.0,0.0,20.0,1.0,1.140836238861084,1.702662467956543,-0.13848699752545257,0.0,0.0,0.0,0.0,15.429469347000122,15.449398756027222,15.469253778457642,528,8,0000000000000000,0,0,15.489176273345947,1,1,1,1,1,1779092656.704128
15.501840114593593,1,s1_stop,0.0,0.0,2.4736220836639404,-0.10883337259292603,0.17175628244876862,63.64898817553479,-3.73450123017185,0.0,0.0,0.0,0.9852543715884575,0.17109594754357477,-1.0329833434819913,0.36992447211234364,0.0,0.0,0.0,-0.014441300224499666,1.0,0.0,0.0,0.0,0.0,0.029484425976436506,0.299936695264213,0.029484425976436506,0.299936695264213,1.1838014125823975,0.9230967164039612,-0.03490370512008667,-0.27687057852745056,1.0,0.0,20.0,1.0,1.140836238861084,1.702662467956543,-0.13848699752545257,0.0,0.0,0.0,0.0,15.529492139816284,15.549352645874023,15.469253778457642,528,8,0000000000000000,0,0,15.489176273345947,1,1,1,1,1,1779092656.704128
15.551840114593594,1,s1_stop,0.0,0.0,2.4736220836639404,-0.10883337259292603,0.17175628244876862,63.64898817553479,-3.73450123017185,0.0,0.0,0.0,0.9852543715884575,0.17109594754357477,-1.0329833434819913,0.36992447211234364,0.0,0.0,0.0,-0.014441300224499666,1.0,0.0,0.0,0.0,0.0,0.023344371070997648,0.2880367987076682,0.023344371070997648,0.2880367987076682,1.1626615524291992,0.9464189410209656,-0.027141602709889412,-0.27260348200798035,1.0,0.0,20.0,1.0,1.14115571975708,1.3771682977676392,-0.04791010563210092,0.0,0.0,0.0,0.0,15.529492139816284,15.549352645874023,15.569297075271606,528,8,0000000000000000,0,0,15.589152097702026,1,1,1,1,1,1779092656.8044033
15.601840114593594,1,s1_stop,0.0,0.0,2.4422874450683594,-0.11289387196302414,0.2433542162179947,63.64793202744208,-3.734122994470764,0.0,0.0,0.0,0.9852532488976803,0.17110241242181742,-1.0204575373934823,0.36545393089318157,0.0,0.0,0.0,-0.012693939213944933,1.0,0.0,0.0,0.0,0.0,0.023344371070997648,0.2880367987076682,0.023344371070997648,0.2880367987076682,1.1626615524291992,0.9464189410209656,-0.027141602709889412,-0.27260348200798035,1.0,0.0,20.0,1.0,1.14115571975708,1.3771682977676392,-0.04791010563210092,0.0,0.0,0.0,0.0,15.629438400268555,15.64968752861023,15.569297075271606,528,8,0000000000000000,0,0,15.589152097702026,1,1,1,1,1,1779092656.8044033
15.651840114593595,1,s1_stop,0.0,0.0,2.4422874450683594,-0.11289387196302414,0.2433542162179947,63.64793202744208,-3.734122994470764,0.0,0.0,0.0,0.9852532488976803,0.17110241242181742,-1.0204575373934823,0.36545393089318157,0.0,0.0,0.0,-0.012693939213944933,1.0,0.0,0.0,0.0,0.0,0.01919161700770318,0.28187337097283066,0.01919161700770318,0.28187337097283066,1.1503280401229858,0.9574453830718994,-0.02207665517926216,-0.2698783576488495,1.0,0.0,20.0,1.0,1.1412246227264404,1.0432554483413696,0.041948508064941534,0.0,0.0,0.0,0.0,15.629438400268555,15.64968752861023,15.669230222702026,528,8,0000000000000000,0,0,15.68915581703186,1,1,1,1,1,1779092656.9040809
15.701840114593596,1,s1_stop,0.0,0.0,2.4167821407318115,-0.11891753226518631,0.23336860537528992,63.64089958900498,-3.7316037585909627,0.0,0.0,0.0,0.9852454188880453,0.17114749358410158,-0.9953830076768182,0.35657682744221825,0.0,0.0,0.0,-0.012536998432587952,1.0,0.0,0.0,0.0,0.0,0.01919161700770318,0.28187337097283066,0.01919161700770318,0.28187337097283066,1.1503280401229858,0.9574453830718994,-0.02207665517926216,-0.2698783576488495,1.0,0.0,20.0,1.0,1.1412246227264404,1.0432554483413696,0.041948508064941534,0.0,0.0,0.0,0.0,15.729475498199463,15.749441862106323,15.669230222702026,528,8,0000000000000000,0,0,15.68915581703186,1,1,1,1,1,1779092656.9040809
15.751840114593596,1,s1_stop,0.0,0.0,2.4167821407318115,-0.11891753226518631,0.23336860537528992,63.64089958900498,-3.7316037585909627,0.0,0.0,0.0,0.9852454188880453,0.17114749358410158,-0.9953830076768182,0.35657682744221825,0.0,0.0,0.0,-0.012536998432587952,1.0,0.0,0.0,0.0,0.0,0.019046283417783094,0.2779113693208708,0.019046283417783094,0.2779113693208708,1.1115880012512207,0.9687607288360596,-0.02117162011563778,-0.26922962069511414,1.0,0.0,20.0,1.0,1.1411256790161133,0.7467983961105347,0.01232568660848912,0.0,0.0,0.0,0.0,15.729475498199463,15.749441862106323,15.76927924156189,528,8,0000000000000000,0,0,15.789166688919067,1,1,1,1,1,1779092657.0042257
15.801840114593597,1,s1_stop,0.0,0.0,2.3938446044921875,-0.13581116497516632,0.21073782444000244,63.631350461668276,-3.728181620720364,0.0,0.0,0.0,0.985234722687902,0.1712090570328939,-0.9640384870949258,0.3454841996630821,0.0,0.0,0.0,-0.012193214973417023,1.0,0.0,0.0,0.0,0.0,0.019046283417783094,0.2779113693208708,0.019046283417783094,0.2779113693208708,1.1115880012512207,0.9687607288360596,-0.02117162011563778,-0.26922962069511414,1.0,0.0,20.0,1.0,1.1411256790161133,0.7467983961105347,0.01232568660848912,0.0,0.0,0.0,0.0,15.829485416412354,15.849491119384766,15.76927924156189,528,8,0000000000000000,0,0,15.789166688919067,1,1,1,1,1,1779092657.0042257
15.851840114593598,1,s1_stop,0.0,0.0,2.3938446044921875,-0.13581116497516632,0.21073782444000244,63.631350461668276,-3.728181620720364,0.0,0.0,0.0,0.985234722687902,0.1712090570328939,-0.9640384870949258,0.3454841996630821,0.0,0.0,0.0,-0.012193214973417023,1.0,0.0,0.0,0.0,0.0,0.022881918143060714,0.27027209996902757,0.022881918143060714,0.27027209996902757,1.0800727605819702,0.9768459796905518,-0.024714136496186256,-0.26401421427726746,1.0,0.0,20.0,1.0,1.1410503387451172,0.5169745683670044,-0.007494418949517677,0.0,0.0,0.0,0.0,15.829485416412354,15.849491119384766,15.869235277175903,528,8,0000000000000000,0,0,15.889160871505737,1,1,1,1,1,1779092657.104106
15.901840114593599,1,s1_stop,0.0,0.0,2.3969485759735107,-0.12918545305728912,0.16039955615997314,63.62264747945577,-3.7250626037595658,0.0,0.0,0.0,0.9852337321562158,0.17121475702034014,-0.9515145610574863,0.3410084017085406,0.0,0.0,0.0,-0.0010474626119719374,1.0,0.0,0.0,0.0,0.0,0.022881918143060714,0.27027209996902757,0.022881918143060714,0.27027209996902757,1.0800727605819702,0.9768459796905518,-0.024714136496186256,-0.26401421427726746,1.0,0.0,20.0,1.0,1.1410503387451172,0.5169745683670044,-0.007494418949517677,0.0,0.0,0.0,0.0,15.929485082626343,15.949613809585571,15.869235277175903,528,8,0000000000000000,0,0,15.889160871505737,1,1,1,1,1,1779092657.104106
15.9518401145936,1,s1_stop,0.0,0.0,2.3969485759735107,-0.12918545305728912,0.16039955615997314,63.62264747945577,-3.7250626037595658,0.0,0.0,0.0,0.9852337321562158,0.17121475702034014,-0.9515145610574863,0.3410084017085406,0.0,0.0,0.0,-0.0010474626119719374,1.0,0.0,0.0,0.0,0.0,0.02161212152468993,0.2654242666142266,0.02161212152468993,0.2654242666142266,1.0690361261367798,0.9808299541473389,-0.023104138672351837,-0.2603360712528229,1.0,0.0,20.0,1.0,1.1412205696105957,0.35606348514556885,0.014138748391499478,0.0,0.0,0.0,0.0,15.929485082626343,15.949613809585571,15.969307661056519,528,8,0000000000000000,0,0,15.98915147781372,1,1,1,1,1,1779092657.2043896
16.0018401145936,1,s1_stop,0.0,0.0,2.397521495819092,-0.15418674051761627,0.20328296720981598,63.62171347787361,-3.7247278724683843,0.0,0.0,0.0,0.985233790981883,0.17121441851511,-0.93899486386543,0.3365208038174909,0.0,0.0,0.0,0.00036833416941689685,1.0,0.0,0.0,0.0,0.0,0.02161212152468993,0.2654242666142266,0.02161212152468993,0.2654242666142266,1.0690361261367798,0.9808299541473389,-0.023104138672351837,-0.2603360712528229,1.0,0.0,20.0,1.0,1.1412205696105957,0.35606348514556885,0.014138748391499478,0.0,0.0,0.0,0.0,16.029480457305908,16.049444437026978,15.969307661056519,528,8,0000000000000000,0,0,15.98915147781372,1,1,1,1,1,1779092657.2043896
16.0518401145936,1,s1_stop,0.0,0.0,2.397521495819092,-0.15418674051761627,0.20328296720981598,63.62171347787361,-3.7247278724683843,0.0,0.0,0.0,0.985233790981883,0.17121441851511,-0.93899486386543,0.3365208038174909,0.0,0.0,0.0,0.00036833416941689685,1.0,0.0,0.0,0.0,0.0,-0.009185493334496121,0.25328332226020195,-0.009185493334496121,0.25328332226020195,1.0539075136184692,0.9662157297134399,0.00968066044151783,-0.24472633004188538,1.0,0.0,20.0,1.0,1.141040325164795,0.2353750467300415,0.0025816263972548883,0.0,0.0,0.0,0.0,16.029480457305908,16.049444437026978,16.069220781326294,528,8,0000000000000000,0,0,16.089155673980713,1,1,1,1,1,1779092657.3042889
16.1018401145936,1,s1_stop,0.0,0.0,2.4051291942596436,-0.16957417130470276,0.17795343697071075,63.613463994224446,-3.7217719215443266,0.0,0.0,0.0,0.9852386887816491,0.17118623229634072,-0.9264939288711969,0.33198084894178426,0.0,0.0,0.0,0.007823832541350755,1.0,0.0,0.0,0.0,0.0,-0.009185493334496121,0.25328332226020195,-0.009185493334496121,0.25328332226020195,1.0539075136184692,0.9662157297134399,0.00968066044151783,-0.24472633004188538,1.0,0.0,20.0,1.0,1.141040325164795,0.2353750467300415,0.0025816263972548883,0.0,0.0,0.0,0.0,16.129491806030273,16.149397134780884,16.069220781326294,528,8,0000000000000000,0,0,16.089155673980713,1,1,1,1,1,1779092657.3042889
16.1518401145936,1,s1_stop,0.0,0.0,2.4051291942596436,-0.16957417130470276,0.17795343697071075,63.613463994224446,-3.7217719215443266,0.0,0.0,0.0,0.9852386887816491,0.17118623229634072,-0.9264939288711969,0.33198084894178426,0.0,0.0,0.0,0.007823832541350755,1.0,0.0,0.0,0.0,0.0,-0.08665984975669215,0.20163003115839667,-0.08665984975669215,0.20163003115839667,1.0077342987060547,0.8281760811805725,0.08733010292053223,-0.1669851690530777,1.0,0.0,20.0,1.0,1.1400294303894043,0.15037137269973755,-0.00754075606405158,0.0,0.0,0.0,0.0,16.129491806030273,16.149397134780884,16.169347047805786,528,8,0000000000000000,0,0,16.189388751983643,1,1,1,1,1,1779092657.404307
16.2018401145936,1,s1_stop,0.0,0.0,2.4023635387420654,-0.1931494027376175,0.14269666373729706,63.61340646641643,-3.7217513082442952,0.0,0.0,0.0,0.9852387360447047,0.1711859602801371,-0.9139739214801437,0.327494116572255,0.0,0.0,0.0,0.007822495297188594,1.0,0.0,0.0,0.0,0.0,-0.08665984975669215,0.20163003115839667,-0.08665984975669215,0.20163003115839667,1.0077342987060547,0.8281760811805725,0.08733010292053223,-0.1669851690530777,1.0,0.0,20.0,1.0,1.1400294303894043,0.15037137269973755,-0.00754075606405158,0.0,0.0,0.0,0.0,16.229434728622437,16.251142740249634,16.169347047805786,528,8,0000000000000000,0,0,16.189388751983643,1,1,1,1,1,1779092657.404307
16.251840114593602,1,s1_stop,0.0,0.0,2.4023635387420654,-0.1931494027376175,0.14269666373729706,63.61340646641643,-3.7217513082442952,0.0,0.0,0.0,0.9852387360447047,0.1711859602801371,-0.9139739214801437,0.327494116572255,0.0,0.0,0.0,0.007822495297188594,1.0,0.0,0.0,0.0,0.0,-0.08586156642313438,0.20261372767401417,-0.08586156642313438,0.20261372767401417,1.0046354532241821,0.8261986970901489,0.08625957369804382,-0.16739919781684875,1.0,0.0,20.0,1.0,1.140204668045044,0.08915605396032333,0.006315314158818704,0.0,0.0,0.0,0.0,16.229434728622437,16.251142740249634,16.26919651031494,528,8,0000000000000000,0,0,16.289167881011963,1,1,1,1,1,1779092657.5042658
16.301840114593602,1,s1_stop,0.0,0.0,2.4037067890167236,-0.169771209359169,0.17215701937675476,63.604414909362895,-3.7185302196071564,0.0,0.0,0.0,0.9852451137637567,0.1711492500849544,-0.9014777988734556,0.32294071842013844,0.0,0.0,0.0,0.007174035212551495,1.0,0.0,0.0,0.0,0.0,-0.08586156642313438,0.20261372767401417,-0.08586156642313438,0.20261372767401417,1.0046354532241821,0.8261986970901489,0.08625957369804382,-0.16739919781684875,1.0,0.0,20.0,1.0,1.140204668045044,0.08915605396032333,0.006315314158818704,0.0,0.0,0.0,0.0,16.329591512680054,16.34955620765686,16.26919651031494,528,8,0000000000000000,0,0,16.289167881011963,1,1,1,1,1,1779092657.5042658
16.351840114593603,1,s1_stop,0.0,0.0,2.4037067890167236,-0.169771209359169,0.17215701937675476,63.604414909362895,-3.7185302196071564,0.0,0.0,0.0,0.9852451137637567,0.1711492500849544,-0.9014777988734556,0.32294071842013844,0.0,0.0,0.0,0.007174035212551495,1.0,0.0,0.0,0.0,0.0,-0.08405967818949289,0.2041340420790914,-0.08405967818949289,0.2041340420790914,1.0001399517059326,0.824145495891571,0.08407144248485565,-0.1682361513376236,1.0,0.0,20.0,1.0,1.1403191089630127,0.04470951110124588,-0.006339419136099074,0.0,0.0,0.0,0.0,16.329591512680054,16.34955620765686,16.369203090667725,528,8,0000000000000000,0,0,16.38916563987732,1,1,1,1,1,1779092657.6043475
16.401840114593604,1,s1_stop,0.0,0.0,2.4120099544525146,-0.17979148030281067,0.17205341160297394,63.602597269239226,-3.7178791059436134,0.0,0.0,0.0,0.9852462938017834,0.17114245688855217,-0.8889616652579553,0.3184431720444536,0.0,0.0,0.0,0.007655119939247412,1.0,0.0,0.0,0.0,0.0,-0.08405967818949289,0.2041340420790914,-0.08405967818949289,0.2041340420790914,1.0001399517059326,0.824145495891571,0.08407144248485565,-0.1682361513376236,1.0,0.0,20.0,1.0,1.1403191089630127,0.04470951110124588,-0.006339419136099074,0.0,0.0,0.0,0.0,16.42945671081543,16.449562788009644,16.369203090667725,528,8,0000000000000000,0,0,16.38916563987732,1,1,1,1,1,1779092657.6043475
16.451840114593605,1,s1_stop,0.0,0.0,2.4120099544525146,-0.17979148030281067,0.17205341160297394,63.602597269239226,-3.7178791059436134,0.0,0.0,0.0,0.9852462938017834,0.17114245688855217,-0.8889616652579553,0.3184431720444536,0.0,0.0,0.0,0.007655119939247412,1.0,0.0,0.0,0.0,0.0,-0.08230525421269096,0.20575711924378287,-0.08230525421269096,0.20575711924378287,0.9959891438484192,0.8225979804992676,0.08197513967752457,-0.16925539076328278,1.0,0.0,20.0,1.0,1.140103816986084,0.018115831539034843,-4.2720776238812104e-05,0.0,0.0,0.0,0.0,16.42945671081543,16.449562788009644,16.469220399856567,528,8,0000000000000000,0,0,16.489148139953613,1,1,1,1,1,1779092657.704277
16.501840114593605,1,s1_stop,0.0,0.0,2.406568765640259,-0.19399401545524597,0.2150568664073944,63.59458113824212,-3.7150089335394227,0.0,0.0,0.0,0.9852591579842178,0.17106838284215498,-0.8764882769988596,0.3138262668296894,0.0,0.0,0.0,0.021974861254870137,1.0,0.0,0.0,0.0,0.0,-0.08230525421269096,0.20575711924378287,-0.08230525421269096,0.20575711924378287,0.9959891438484192,0.8225979804992676,0.08197513967752457,-0.16925539076328278,1.0,0.0,20.0,1.0,1.140103816986084,0.018115831539034843,-4.2720776238812104e-05,0.0,0.0,0.0,0.0,16.529513120651245,16.549397706985474,16.469220399856567,528,8,0000000000000000,0,0,16.489148139953613,1,1,1,1,1,1779092657.704277
16.551840114593606,1,s1_stop,0.0,0.0,2.406568765640259,-0.19399401545524597,0.2150568664073944,63.59458113824212,-3.7150089335394227,0.0,0.0,0.0,0.9852591579842178,0.17106838284215498,-0.8764882769988596,0.3138262668296894,0.0,0.0,0.0,0.021974861254870137,1.0,0.0,0.0,0.0,0.0,-0.08175446118647171,0.20640516979148882,-0.08175446118647171,0.20640516979148882,0.994655191898346,0.8218024969100952,0.08131749927997589,-0.16962428390979767,1.0,0.0,20.0,1.0,1.1402571201324463,0.011514770798385143,-0.0012066297224749818,0.0,0.0,0.0,0.0,16.529513120651245,16.549397706985474,16.5692195892334,528,8,0000000000000000,0,0,16.58917260169983,1,1,1,1,1,1779092657.8042853
16.601840114593607,1,s1_stop,0.0,0.0,2.370736598968506,-0.19734857976436615,0.18578539788722992,63.593757435008364,-3.714714022297432,0.0,0.0,0.0,0.9852605718829355,0.17106023936879963,-0.8577114618055125,0.3070872398029407,0.0,0.0,0.0,0.023580744118402143,1.0,0.0,0.0,0.0,0.0,-0.08175446118647171,0.20640516979148882,-0.08175446118647171,0.20640516979148882,0.994655191898346,0.8218024969100952,0.08131749927997589,-0.16962428390979767,1.0,0.0,20.0,1.0,1.1402571201324463,0.011514770798385143,-0.0012066297224749818,0.0,0.0,0.0,0.0,16.629497528076172,16.649452209472656,16.5692195892334,528,8,0000000000000000,0,0,16.58917260169983,1,1,1,1,1,1779092657.8042853
16.651840114593607,1,s1_stop,0.0,0.0,2.370736598968506,-0.19734857976436615,0.18578539788722992,63.593757435008364,-3.714714022297432,0.0,0.0,0.0,0.9852605718829355,0.17106023936879963,-0.8577114618055125,0.3070872398029407,0.0,0.0,0.0,0.023580744118402143,1.0,0.0,0.0,0.0,0.0,-0.08063004595644589,0.20782727307989957,-0.08063004595644589,0.20782727307989957,0.9925407767295837,0.8205655813217163,0.08002860844135284,-0.17053590714931488,1.0,0.0,20.0,1.0,1.1394360065460205,0.011444996111094952,-0.0005302819269386226,0.0,0.0,0.0,0.0,16.629497528076172,16.649452209472656,16.669205904006958,528,8,0000000000000000,0,0,16.689130067825317,1,1,1,1,1,1779092657.9043052
16.701840114593608,1,s1_stop,0.0,0.0,2.211418390274048,-0.19301125407218933,0.23429511487483978,63.58706199162523,-3.712319081180287,0.0,0.0,0.0,0.9852858678468892,0.1709144775061559,-0.8452796244670432,0.30235412537723483,0.0,0.0,0.0,0.04001263999805409,1.0,0.0,0.0,0.0,0.0,-0.08063004595644589,0.20782727307989957,-0.08063004595644589,0.20782727307989957,0.9925407767295837,0.8205655813217163,0.08002860844135284,-0.17053590714931488,1.0,0.0,20.0,1.0,1.1394360065460205,0.011444996111094952,-0.0005302819269386226,0.0,0.0,0.0,0.0,16.72951626777649,16.749388217926025,16.669205904006958,528,8,0000000000000000,0,0,16.689130067825317,1,1,1,1,1,1779092657.9043052
16.75184011459361,1,s1_stop,0.0,0.0,2.211418390274048,-0.19301125407218933,0.23429511487483978,63.58706199162523,-3.712319081180287,0.0,0.0,0.0,0.9852858678468892,0.1709144775061559,-0.8452796244670432,0.30235412537723483,0.0,0.0,0.0,0.04001263999805409,1.0,0.0,0.0,0.0,0.0,-0.07988333697333254,0.20900446360639846,-0.07988333697333254,0.20900446360639846,0.9915005564689636,0.8194491863250732,0.07920437306165695,-0.1712685376405716,1.0,0.0,20.0,1.0,1.140214204788208,0.019722573459148407,0.0009852221048010017,0.0,0.0,0.0,0.0,16.72951626777649,16.749388217926025,16.769147634506226,528,8,0000000000000000,0,0,16.789175748825073,1,1,1,1,1,1779092658.0043867
16.80184011459361,1,s1_stop,0.0,0.0,1.977087140083313,-0.1804218739271164,0.2222364991903305,63.58623742307294,-3.712024174073893,0.0,0.0,0.0,0.9852894260404907,0.17089396400341453,-0.8327693660362577,0.2978401290576225,0.0,0.0,0.0,0.041948508064941534,1.0,0.0,0.0,0.0,0.0,-0.07988333697333254,0.20900446360639846,-0.07988333697333254,0.20900446360639846,0.9915005564689636,0.8194491863250732,0.07920437306165695,-0.1712685376405716,1.0,0.0,20.0,1.0,1.140214204788208,0.019722573459148407,0.0009852221048010017,0.0,0.0,0.0,0.0,16.829484939575195,16.849687099456787,16.769147634506226,528,8,0000000000000000,0,0,16.789175748825073,1,1,1,1,1,1779092658.0043867
16.85184011459361,1,s1_stop,0.0,0.0,1.977087140083313,-0.1804218739271164,0.2222364991903305,63.58623742307294,-3.712024174073893,0.0,0.0,0.0,0.9852894260404907,0.17089396400341453,-0.8327693660362577,0.2978401290576225,0.0,0.0,0.0,0.041948508064941534,1.0,0.0,0.0,0.0,0.0,-0.07947792028206153,0.20952720264749927,-0.07947792028206153,0.20952720264749927,0.9911315441131592,0.8191335201263428,0.07877307385206223,-0.17163075506687164,1.0,0.0,20.0,1.0,1.140078067779541,0.022373724728822708,0.00015113910015927942,0.0,0.0,0.0,0.0,16.829484939575195,16.849687099456787,16.869186401367188,528,8,0000000000000000,0,0,16.889124155044556,1,1,1,1,1,1779092658.1042678
16.90184011459361,1,s1_stop,0.0,0.0,1.702662467956543,-0.16232486069202423,0.20190340280532837,63.57796484342156,-3.7090699005340175,0.0,0.0,0.0,0.9853298470471554,0.17066075271728223,-0.8266477801036977,0.2952094469289212,0.0,0.0,0.0,0.04900614497870361,1.0,0.0,0.0,0.0,0.0,-0.07947792028206153,0.20952720264749927,-0.07947792028206153,0.20952720264749927,0.9911315441131592,0.8191335201263428,0.07877307385206223,-0.17163075506687164,1.0,0.0,20.0,1.0,1.140078067779541,0.022373724728822708,0.00015113910015927942,0.0,0.0,0.0,0.0,16.929558515548706,16.949445486068726,16.869186401367188,528,8,0000000000000000,0,0,16.889124155044556,1,1,1,1,1,1779092658.1042678
16.95184011459361,1,s1_stop,0.0,0.0,1.702662467956543,-0.16232486069202423,0.20190340280532837,63.57796484342156,-3.7090699005340175,0.0,0.0,0.0,0.9853298470471554,0.17066075271728223,-0.8266477801036977,0.2952094469289212,0.0,0.0,0.0,0.04900614497870361,1.0,0.0,0.0,0.0,0.0,-0.07869872590568577,0.2104101419822771,-0.07869872590568577,0.2104101419822771,0.9905240535736084,0.8187090158462524,0.07795298099517822,-0.1722646802663803,1.0,0.0,20.0,1.0,1.140089750289917,0.023866698145866394,-0.000599982356960572,0.0,0.0,0.0,0.0,16.929558515548706,16.949445486068726,16.96917724609375,528,8,0000000000000000,0,0,16.989169120788574,1,1,1,1,1,1779092658.2043328
17.001840114593612,1,s1_stop,0.0,0.0,1.3771682977676392,-0.16373589634895325,0.16765949130058289,63.57559163179996,-3.7082227684169267,0.0,0.0,0.0,0.9853419814373526,0.1705906785762686,-0.8141641581335096,0.29062077762494437,0.0,0.0,0.0,0.048838518001638805,1.0,0.0,0.0,0.0,0.0,-0.07869872590568577,0.2104101419822771,-0.07869872590568577,0.2104101419822771,0.9905240535736084,0.8187090158462524,0.07795298099517822,-0.1722646802663803,1.0,0.0,20.0,1.0,1.140089750289917,0.023866698145866394,-0.000599982356960572,0.0,0.0,0.0,0.0,17.029428243637085,17.049383640289307,16.96917724609375,528,8,0000000000000000,0,0,16.989169120788574,1,1,1,1,1,1779092658.2043328
17.051840114593613,1,s1_stop,0.0,0.0,1.3771682977676392,-0.16373589634895325,0.16765949130058289,63.57559163179996,-3.7082227684169267,0.0,0.0,0.0,0.9853419814373526,0.1705906785762686,-0.8141641581335096,0.29062077762494437,0.0,0.0,0.0,0.048838518001638805,1.0,0.0,0.0,0.0,0.0,-0.07810259673754315,0.21100478238923706,-0.07810259673754315,0.21100478238923706,0.99005126953125,0.8184564709663391,0.07732557505369186,-0.1726982295513153,1.0,0.0,20.0,1.0,1.1398735046386719,0.024925963953137398,0.0004786832325218591,0.0,0.0,0.0,0.0,17.029428243637085,17.049383640289307,17.069239377975464,528,8,0000000000000000,0,0,17.089141607284546,1,1,1,1,1,1779092658.3042061
17.101840114593614,1,s1_stop,0.0,0.0,1.0432554483413696,-0.16445644199848175,0.16904191672801971,63.56843504374369,-3.705671943394538,0.0,0.0,0.0,0.9853817309731993,0.17036092352491417,-0.7955080674943718,0.2835432007713108,0.0,0.0,0.0,0.05030323485390713,1.0,0.0,0.0,0.0,0.0,-0.07810259673754315,0.21100478238923706,-0.07810259673754315,0.21100478238923706,0.99005126953125,0.8184564709663391,0.07732557505369186,-0.1726982295513153,1.0,0.0,20.0,1.0,1.1398735046386719,0.024925963953137398,0.0004786832325218591,0.0,0.0,0.0,0.0,17.129655599594116,17.149410247802734,17.069239377975464,528,8,0000000000000000,0,0,17.089141607284546,1,1,1,1,1,1779092658.3042061
17.151840114593615,1,s1_stop,0.0,0.0,1.0432554483413696,-0.16445644199848175,0.16904191672801971,63.56843504374369,-3.705671943394538,0.0,0.0,0.0,0.9853817309731993,0.17036092352491417,-0.7955080674943718,0.2835432007713108,0.0,0.0,0.0,0.05030323485390713,1.0,0.0,0.0,0.0,0.0,-0.07786036055971457,0.21122597918769812,-0.07786036055971457,0.21122597918769812,0.9898948073387146,0.8183978199958801,0.07707356661558151,-0.17286688089370728,1.0,0.0,20.0,1.0,1.1392230987548828,0.02652681991457939,-0.0001359441899450574,0.0,0.0,0.0,0.0,17.129655599594116,17.149410247802734,17.169256925582886,528,8,0000000000000000,0,0,17.189244985580444,1,1,1,1,1,1779092658.404437
17.201840114593615,1,s1_stop,0.0,0.0,0.7467983961105347,-0.1404465287923813,0.1752365678548813,63.56529337515987,-3.7045528314000853,0.0,0.0,0.0,0.9853979411473633,0.17026713594389703,-0.7767692235205673,0.27669747198670724,0.0,0.0,0.0,0.04798374887625659,1.0,0.0,0.0,0.0,0.0,-0.07786036055971457,0.21122597918769812,-0.07786036055971457,0.21122597918769812,0.9898948073387146,0.8183978199958801,0.07707356661558151,-0.17286688089370728,1.0,0.0,20.0,1.0,1.1392230987548828,0.02652681991457939,-0.0001359441899450574,0.0,0.0,0.0,0.0,17.22943115234375,17.24945044517517,17.169256925582886,528,8,0000000000000000,0,0,17.189244985580444,1,1,1,1,1,1779092658.404437
17.251840114593616,1,s1_stop,0.0,0.0,0.7467983961105347,-0.1404465287923813,0.1752365678548813,63.56529337515987,-3.7045528314000853,0.0,0.0,0.0,0.9853979411473633,0.17026713594389703,-0.7767692235205673,0.27669747198670724,0.0,0.0,0.0,0.04798374887625659,1.0,0.0,0.0,0.0,0.0,-0.0774123821034776,0.21161640200849838,-0.0774123821034776,0.21161640200849838,0.9896040558815002,0.8183515071868896,0.0766076073050499,-0.1731766015291214,1.0,0.0,20.0,1.0,1.13999342918396,0.0269016120582819,-0.0006836695681016049,0.0,0.0,0.0,0.0,17.22943115234375,17.24945044517517,17.26921057701111,528,8,0000000000000000,0,0,17.289141178131104,1,1,1,1,1,1779092658.5050745
17.301840114593617,1,s1_stop,0.0,0.0,0.5169745683670044,-0.1331900954246521,0.17763032019138336,63.55918581555069,-3.702379814372124,0.0,0.0,0.0,0.985429992366341,0.1700815396945625,-0.7643431806362376,0.27194671079951327,0.0,0.0,0.0,0.04718081695395477,1.0,0.0,0.0,0.0,0.0,-0.0774123821034776,0.21161640200849838,-0.0774123821034776,0.21161640200849838,0.9896040558815002,0.8183515071868896,0.0766076073050499,-0.1731766015291214,1.0,0.0,20.0,1.0,1.13999342918396,0.0269016120582819,-0.0006836695681016049,0.0,0.0,0.0,0.0,17.329551458358765,17.34938335418701,17.26921057701111,528,8,0000000000000000,0,0,17.289141178131104,1,1,1,1,1,1779092658.5050745
17.351840114593617,1,s1_stop,0.0,0.0,0.5169745683670044,-0.1331900954246521,0.17763032019138336,63.55918581555069,-3.702379814372124,0.0,0.0,0.0,0.985429992366341,0.1700815396945625,-0.7643431806362376,0.27194671079951327,0.0,0.0,0.0,0.04718081695395477,1.0,0.0,0.0,0.0,0.0,-0.07708904427943863,0.2118762441541325,-0.07708904427943863,0.2118762441541325,0.9893540740013123,0.8183844089508057,0.07626836001873016,-0.17339621484279633,1.0,0.0,20.0,1.0,1.1400973796844482,0.024398058652877808,0.0004332997205974113,0.0,0.0,0.0,0.0,17.329551458358765,17.34938335418701,17.36921215057373,528,8,0000000000000000,0,0,17.389208555221558,1,1,1,1,1,1779092658.6042976
17.401840114593618,1,s1_stop,0.0,0.0,0.35606348514556885,-0.13288240134716034,0.17334404587745667,63.55622911436647,-3.7013285256581856,0.0,0.0,0.0,0.9854473506931332,0.16998093720145485,-0.7518675641937903,0.2673350586896122,0.0,0.0,0.0,0.050736735692818,1.0,0.0,0.0,0.0,0.0,-0.07708904427943863,0.2118762441541325,-0.07708904427943863,0.2118762441541325,0.9893540740013123,0.8183844089508057,0.07626836001873016,-0.17339621484279633,1.0,0.0,20.0,1.0,1.1400973796844482,0.024398058652877808,0.0004332997205974113,0.0,0.0,0.0,0.0,17.429587602615356,17.449415922164917,17.36921215057373,528,8,0000000000000000,0,0,17.389208555221558,1,1,1,1,1,1779092658.6042976
17.45184011459362,1,s1_stop,0.0,0.0,0.35606348514556885,-0.13288240134716034,0.17334404587745667,63.55622911436647,-3.7013285256581856,0.0,0.0,0.0,0.9854473506931332,0.16998093720145485,-0.7518675641937903,0.2673350586896122,0.0,0.0,0.0,0.050736735692818,1.0,0.0,0.0,0.0,0.0,-0.07700313630094222,0.21194575178912267,-0.07700313630094222,0.21194575178912267,0.9893117547035217,0.8183916211128235,0.0761801078915596,-0.1734546273946762,1.0,0.0,20.0,1.0,1.1399176120758057,0.024243006482720375,-4.742584609238505e-05,0.0,0.0,0.0,0.0,17.429587602615356,17.449415922164917,17.469361305236816,528,8,0000000000000000,0,0,17.48918390274048,1,1,1,1,1,1779092658.704315
17.50184011459362,1,s1_stop,0.0,0.0,0.2353750467300415,-0.12833793461322784,0.168476864695549,63.54957871068746,-3.6989673497584086,0.0,0.0,0.0,0.9854864808207744,0.16975392814154672,-0.7394574718325468,0.2625388240585768,0.0,0.0,0.0,0.05164353399358464,1.0,0.0,0.0,0.0,0.0,-0.07700313630094222,0.21194575178912267,-0.07700313630094222,0.21194575178912267,0.9893117547035217,0.8183916211128235,0.0761801078915596,-0.1734546273946762,1.0,0.0,20.0,1.0,1.1399176120758057,0.024243006482720375,-4.742584609238505e-05,0.0,0.0,0.0,0.0,17.529493808746338,17.54938817024231,17.469361305236816,528,8,0000000000000000,0,0,17.48918390274048,1,1,1,1,1,1779092658.704315
17.55184011459362,1,s1_stop,0.0,0.0,0.2353750467300415,-0.12833793461322784,0.168476864695549,63.54957871068746,-3.6989673497584086,0.0,0.0,0.0,0.9854864808207744,0.16975392814154672,-0.7394574718325468,0.2625388240585768,0.0,0.0,0.0,0.05164353399358464,1.0,0.0,0.0,0.0,0.0,-0.0768730715735839,0.21208240118444938,-0.0768730715735839,0.21208240118444938,0.9892051815986633,0.8183672428131104,0.07604324072599411,-0.17356128990650177,1.0,0.0,20.0,1.0,1.1408240795135498,0.024991657584905624,0.001343618943198343,0.0,0.0,0.0,0.0,17.529493808746338,17.54938817024231,17.569225072860718,528,8,0000000000000000,0,0,17.589238166809082,1,1,1,1,1,1779092658.8043468
17.60184011459362,1,s1_stop,0.0,0.0,0.15037137269973755,-0.1174553707242012,0.16791726648807526,63.546546913018794,-3.697891686538147,0.0,0.0,0.0,0.98550521653395,0.16964512425758801,-0.7207141854956156,0.25570497321441743,0.0,0.0,0.0,0.05529576562139839,1.0,0.0,0.0,0.0,0.0,-0.0768730715735839,0.21208240118444938,-0.0768730715735839,0.21208240118444938,0.9892051815986633,0.8183672428131104,0.07604324072599411,-0.17356128990650177,1.0,0.0,20.0,1.0,1.1408240795135498,0.024991657584905624,0.001343618943198343,0.0,0.0,0.0,0.0,17.629488468170166,17.65055561065674,17.569225072860718,528,8,0000000000000000,0,0,17.589238166809082,1,1,1,1,1,1779092658.8043468
17.65184011459362,1,s1_stop,0.0,0.0,0.15037137269973755,-0.1174553707242012,0.16791726648807526,63.546546913018794,-3.697891686538147,0.0,0.0,0.0,0.98550521653395,0.16964512425758801,-0.7207141854956156,0.25570497321441743,0.0,0.0,0.0,0.05529576562139839,1.0,0.0,0.0,0.0,0.0,-0.07684901391708748,0.21206658528332661,-0.07684901391708748,0.21206658528332661,0.9892330169677734,0.8184255361557007,0.07602158188819885,-0.1735607087612152,1.0,0.0,20.0,1.0,1.1400399208068848,0.024889472872018814,-0.0005470762570793703,0.0,0.0,0.0,0.0,17.629488468170166,17.65055561065674,17.669246912002563,528,8,0000000000000000,0,0,17.68915104866028,1,1,1,1,1,1779092658.904283
17.701840114593622,1,s1_stop,0.0,0.0,0.08915605396032333,-0.11476791650056839,0.16855159401893616,63.540161564520886,-3.695629318421299,0.0,0.0,0.0,0.9855419446807215,0.16943162418787566,-0.7020207797158722,0.2487302658445084,0.0,0.0,0.0,0.04708822887834133,1.0,0.0,0.0,0.0,0.0,-0.07684901391708748,0.21206658528332661,-0.07684901391708748,0.21206658528332661,0.9892330169677734,0.8184255361557007,0.07602158188819885,-0.1735607087612152,1.0,0.0,20.0,1.0,1.1400399208068848,0.024889472872018814,-0.0005470762570793703,0.0,0.0,0.0,0.0,17.729797840118408,17.749476671218872,17.669246912002563,528,8,0000000000000000,0,0,17.68915104866028,1,1,1,1,1,1779092658.904283
17.751840114593623,1,s1_stop,0.0,0.0,0.08915605396032333,-0.11476791650056839,0.16855159401893616,63.540161564520886,-3.695629318421299,0.0,0.0,0.0,0.9855419446807215,0.16943162418787566,-0.7020207797158722,0.2487302658445084,0.0,0.0,0.0,0.04708822887834133,1.0,0.0,0.0,0.0,0.0,-0.07692329706294898,0.2120449963436556,-0.07692329706294898,0.2120449963436556,0.9893082976341248,0.8183455467224121,0.07610085606575012,-0.1735260784626007,1.0,0.0,20.0,1.0,1.140256404876709,0.028012625873088837,-0.0007135855210559693,0.0,0.0,0.0,0.0,17.729797840118408,17.749476671218872,17.769227504730225,528,8,0000000000000000,0,0,17.789343118667603,1,1,1,1,1,1779092659.0044725
17.801840114593624,1,s1_stop,0.0,0.0,0.04470951110124588,-0.12294163554906845,0.16749802231788635,63.53694429942771,-3.6944901583589775,0.0,0.0,0.0,0.9855591753789124,0.16933136693016546,-0.6895343816743529,0.24414837026238964,0.0,0.0,0.0,0.0441710793960091,1.0,0.0,0.0,0.0,0.0,-0.07692329706294898,0.2120449963436556,-0.07692329706294898,0.2120449963436556,0.9893082976341248,0.8183455467224121,0.07610085606575012,-0.1735260784626007,1.0,0.0,20.0,1.0,1.140256404876709,0.028012625873088837,-0.0007135855210559693,0.0,0.0,0.0,0.0,17.8294517993927,17.849520206451416,17.769227504730225,528,8,0000000000000000,0,0,17.789343118667603,1,1,1,1,1,1779092659.0044725
17.851840114593625,1,s1_stop,0.0,0.0,0.04470951110124588,-0.12294163554906845,0.16749802231788635,63.53694429942771,-3.6944901583589775,0.0,0.0,0.0,0.9855591753789124,0.16933136693016546,-0.6895343816743529,0.24414837026238964,0.0,0.0,0.0,0.0441710793960091,1.0,0.0,0.0,0.0,0.0,-0.0769602516008515,0.21201482190306947,-0.0769602516008515,0.21201482190306947,0.9893389940261841,0.8183447122573853,0.07613977789878845,-0.17350120842456818,1.0,0.0,20.0,1.0,1.1398463249206543,0.027965089306235313,-0.0008543871360056912,0.0,0.0,0.0,0.0,17.8294517993927,17.849520206451416,17.869379997253418,528,8,0000000000000000,0,0,17.8891704082489,1,1,1,1,1,1779092659.104492
17.901840114593625,1,s1_stop,0.0,0.0,0.018115831539034843,-0.12197234481573105,0.16871283948421478,63.53141087391922,-3.6925329852676763,0.0,0.0,0.0,0.9855875327858004,0.1691662354525836,-0.677077680843504,0.23948243554281873,0.0,0.0,0.0,0.03898493453166531,1.0,0.0,0.0,0.0,0.0,-0.0769602516008515,0.21201482190306947,-0.0769602516008515,0.21201482190306947,0.9893389940261841,0.8183447122573853,0.07613977789878845,-0.17350120842456818,1.0,0.0,20.0,1.0,1.1398463249206543,0.027965089306235313,-0.0008543871360056912,0.0,0.0,0.0,0.0,17.92953634262085,17.949409008026123,17.869379997253418,528,8,0000000000000000,0,0,17.8891704082489,1,1,1,1,1,1779092659.104492
17.951840114593626,1,s1_stop,0.0,0.0,0.018115831539034843,-0.12197234481573105,0.16871283948421478,63.53141087391922,-3.6925329852676763,0.0,0.0,0.0,0.9855875327858004,0.1691662354525836,-0.677077680843504,0.23948243554281873,0.0,0.0,0.0,0.03898493453166531,1.0,0.0,0.0,0.0,0.0,-0.07699977981118583,0.21197176240841759,-0.07699977981118583,0.21197176240841759,0.9894007444381714,0.818354606628418,0.07618363946676254,-0.17346806824207306,1.0,0.0,20.0,1.0,1.1398890018463135,0.029208576306700706,-0.0022451102847278444,0.0,0.0,0.0,0.0,17.92953634262085,17.949409008026123,17.969229698181152,528,8,0000000000000000,0,0,17.98927330970764,1,1,1,1,1,1779092659.2043004
