timestamp,cmd_v,cmd_omega,meas_v,meas_omega
6.349544853,0.5641477108001709,-0.0,-0.0155290532857179,0.0025293892598733
6.399544853,0.6228304505348206,-0.0,-0.0149904387071728,-0.0218017837231266
6.449544853,0.6814259886741638,-0.0,-0.0149904387071728,-0.0218017837231266
6.499544853,0.8865103721618652,-0.0,-0.0149143524467945,0.0027172861851995
6.549544853,0.8865103721618652,-0.0,-0.0152120199054479,0.0027172861851995
6.599544852999999,1.2088730335235596,-0.0,-0.0151308374479413,0.0241908188692093
6.649544852999999,1.5605334043502808,-0.0,-0.0117912022396922,0.0275512883004562
6.699544852999999,1.7657049894332886,-0.0,-0.0121593382209539,0.0003211169320659
6.749544852999999,1.912193775177002,-0.0,-0.0126233771443367,0.1141895140266339
6.799544852999999,1.9999998807907104,-0.0,-0.0126747237518429,0.1064535775973536
6.849544852999999,1.9999998807907104,0.0238240547478199,-0.0136636653915047,0.0594138113766803
6.899544852999998,1.9999998807907104,0.0384729392826557,0.0330012217164039,0.0562384455335252
6.949544852999998,1.9999998807907104,0.0677925050258636,0.0930865556001663,0.0829088557524252
6.999544852999998,1.9999998807907104,0.0824413895606994,0.0930865556001663,0.0834405304182216
7.049544852999998,1.9999998807907104,0.119063600897789,0.3882849514484405,0.0571922783786395
7.099544852999998,1.9999998807907104,0.1263880431652069,0.5894394516944885,0.0535199060812613
7.149544852999997,1.9999998807907104,0.1263880431652069,0.5894394516944885,0.0535199060812613
7.199544852999997,1.9999998807907104,0.1263880431652069,0.8056834936141968,-0.0121353732448388
7.249544852999997,1.9999998807907104,0.1337124854326248,1.2229421138763428,-0.0223181415088223
7.299544852999997,1.9999998807907104,0.1337124854326248,1.3570619821548462,-0.0083562862363886
7.349544852999997,1.9999998807907104,0.119063600897789,1.3570619821548462,0.0144254061642729
7.3995448529999965,1.9999998807907104,0.0897658318281173,1.5713841915130615,0.0104486230313789
7.449544852999996,1.9999998807907104,0.0531218238174915,1.6739797592163086,-0.009428094980471
7.499544852999996,1.9999998807907104,0.0018507295753806,1.825098991394043,0.0181916964034104
7.549544852999996,1.9999998807907104,-0.0,1.9184215068817136,0.0209397293672457
7.599544852999996,1.9999998807907104,-0.0,1.9795200824737549,-0.019130693160815
7.649544852999996,1.9999998807907104,-0.0,2.029108762741089,-0.0176954051517233
7.6995448529999955,1.9999998807907104,-0.0,2.065993547439575,0.0246190941002403
7.849544852999995,1.9999998807907104,-0.0,2.13489317893982,0.0191421511170601
7.899544852999995,1.9999998807907104,-0.0,2.150113105773926,0.0204236634943501
7.949544852999995,1.9999998807907104,-0.0,2.165820837020874,0.0145103242828601
7.999544852999994,1.9999998807907104,-0.0,2.196547508239746,0.0271958928849795
8.049544852999993,1.9999998807907104,-0.0,2.238093852996826,0.0129034980839824
8.099544852999994,1.9999998807907104,-0.0,2.238093852996826,0.0197117385903011
8.149544852999995,1.9999998807907104,-0.0,2.23607873916626,0.0276676422467518
8.199544852999994,1.9999998807907104,-0.0,2.2520406246185303,0.0368712325158133
8.249544852999993,1.9999998807907104,-0.0,2.2475826740264893,0.0060698167996495
8.299544852999993,1.9999998807907104,-0.0,2.249973773956299,0.0260273727790599
8.349544852999994,1.9999998807907104,-0.0,2.2499186992645264,-0.0072971425416871
8.399544852999993,1.9999998807907104,-0.0,2.264249801635742,-0.0132595494429614
8.449544852999992,1.9999998807907104,-0.0,2.2645089626312256,0.0178728569137685
8.499544852999993,1.9999998807907104,-0.0,2.273841142654419,0.0036407742388012
8.549544852999993,1.9999998807907104,-0.0,2.2635200023651123,0.0462301634931213
8.599544852999992,1.9999998807907104,-0.0,2.270061492919922,0.020612821967358
8.649544852999991,1.9999998807907104,-0.0,2.276425361633301,0.0273588545291872
8.699544852999992,1.9999998807907104,-0.0,2.2774932384490967,-0.0068668415905063
8.749544852999993,1.9999998807907104,-0.0,2.287625551223755,0.0427769345189164
8.799544852999992,1.9999998807907104,-0.0,2.27636981010437,0.0028996014861081
8.84954485299999,1.9999998807907104,-0.0,2.293210029602051,0.0106057478868601
8.899544852999991,1.9999998807907104,-0.0,2.265854835510254,0.0449225095607893
8.949544852999992,1.9999998807907104,-0.0,2.265854835510254,0.0284607914879902
8.99954485299999,1.9999998807907104,-0.0,2.28521466255188,0.0258738617265799
9.04954485299999,1.9999998807907104,-0.0,2.29778790473938,-0.0167112968180815
9.09954485299999,1.9999998807907104,-0.0,2.287227392196656,-0.0238799423277059
9.149544852999991,1.9999998807907104,-0.0,2.2919836044311523,-0.0124413759373106
9.19954485299999,1.9999998807907104,-0.0,2.3054656982421875,0.0175376036927004
9.249544852999987,1.9999998807907104,-0.0,2.293040990829468,0.0454730202619392
9.29954485299999,1.9999998807907104,-0.0,2.294330596923828,0.0108186993236743
9.34954485299999,1.9999998807907104,-0.0,2.30519700050354,0.0022738355415306
9.39954485299999,1.9999998807907104,-0.0,2.312373399734497,0.0056937808502107
9.449544852999988,1.9999998807907104,-0.0,2.3045949935913086,0.007345705057216
9.499544852999987,1.9999998807907104,-0.0,2.315496921539306,0.026610764091678
9.54954485299999,1.9999998807907104,-0.0,2.315913438796997,0.0079480366068945
9.599544852999989,1.9999998807907104,-0.0,2.294096231460572,0.0096691498942548
9.649544852999988,1.9999998807907104,-0.0,2.303960084915161,0.0107012895073284
9.699544852999988,1.9999998807907104,-0.0,2.292337417602539,0.0126964603604635
9.749544852999987,1.9999998807907104,-0.0,2.3070616722106934,0.0226893348808547
9.799544852999988,1.9999998807907104,-0.0,2.284775495529175,0.0126965275064121
9.849544852999989,1.9999998807907104,-0.0,2.2972238063812256,0.0212449624596281
9.899544852999988,1.9999998807907104,-0.0,2.291721105575561,0.0016138817346831
9.949544852999988,1.9999998807907104,-0.0,2.290525197982788,0.0270846754625707
9.999544852999987,1.9999998807907104,-0.0,2.2889323234558105,0.0223386759211772
10.049544852999986,1.9999998807907104,-0.0,2.291475296020508,0.038938192628438
10.099544852999989,1.9999998807907104,-0.0,2.291475296020508,-0.0243826632640855
10.149544852999988,1.9999998807907104,-0.0,2.2830288410186768,-0.0243826632640855
10.199544852999988,1.9999998807907104,-0.0,2.293135404586792,0.0086214034745342
10.249544852999986,1.9999998807907104,-0.0,2.295597553253174,0.0026390255616671
10.299544852999986,1.9999998807907104,-0.0,2.28348445892334,0.0239760178119489
10.349544852999989,1.9999998807907104,-0.0,2.2953410148620605,0.029429509483924
10.399544852999986,1.9999998807907104,-0.0,2.28928542137146,0.0145355945032062
10.449544852999985,1.9999998807907104,-0.0,2.3076415061950684,-0.0236655537879885
10.499544852999986,1.9999998807907104,-0.0,2.3076415061950684,0.0296611156785402
10.549544852999986,1.9999998807907104,-0.0,2.2991690635681152,0.0266570425753482
10.599544852999983,1.9999998807907104,-0.0,2.292851686477661,0.0019340588727714
10.649544852999984,1.9999998807907104,-0.0,2.29453992843628,0.0339840673985497
10.699544852999985,1.9999998807907104,-0.0,2.293262004852295,0.0116173528933151
10.749544852999986,1.9999998807907104,-0.0,2.296837568283081,0.0319737825427364
10.799544852999984,1.9999998807907104,-0.0,2.2896604537963867,0.0488440150734744
10.849544852999983,1.9999998807907104,-0.0,2.2776870727539062,0.0312559483649685
10.899544852999984,1.9999998807907104,-0.0,2.2886760234832764,-0.0016277949652327
10.949544852999985,1.9999998807907104,-0.0,2.284489631652832,-0.0132529049399133
10.999544852999984,1.9999998807907104,-0.0,2.27993106842041,0.0126866377991765
11.049544852999984,1.9999998807907104,-0.0,2.2830464839935303,-0.0017910144237796
11.099544852999983,1.9999998807907104,-0.0,2.276098251342773,0.0191840798481427
11.149544852999984,1.9999998807907104,-0.0,2.288351535797119,0.0047916847464816
11.199544852999985,1.9999998807907104,-0.0,2.284771203994751,0.0326219288457177
11.249544852999982,1.9999998807907104,-0.0,2.277549982070923,-0.0038200704369769
11.299544852999984,1.9999998807907104,-0.0,2.2767653465271,0.0463162259428958
11.349544852999983,1.9999998807907104,-0.0,2.2767653465271,0.0281488273741474
11.399544852999982,1.9999998807907104,-0.0,2.2826945781707764,0.029939665001234
11.44954485299998,1.9999998807907104,-0.0,2.278228521347046,0.0122229155752721
11.499544852999982,1.9999998807907104,-0.0,2.2942612171173096,0.0181912557943228
11.549544852999984,1.9999998807907104,-0.0,2.2860679626464844,0.0085538306387257
11.599544852999982,1.9999998807907104,-0.0091533726081252,2.2893383502960205,0.0418198443246215
11.64954485299998,1.9999998807907104,-0.0091533726081252,2.2893383502960205,0.0066184842153052
11.69954485299998,1.9999998807907104,-0.0238022562116384,2.2940988540649414,0.0066184842153052
11.749544852999982,1.9999998807907104,-0.0311266984790563,2.299288034439087,0.0077343994474075
11.79954485299998,1.9999998807907104,-0.0164778139442205,2.296077013015747,0.101824167844374
11.84954485299998,1.9999998807907104,-0.0018289305735379,2.316497325897217,-0.0064422414959191
11.89954485299998,1.9999998807907104,-0.0,2.3325657844543457,-0.0282676960778319
11.94954485299998,1.9999998807907104,-0.0,2.3301687240600586,-0.0073097690254521
11.99954485299998,1.9999998807907104,-0.0,2.3385746479034424,0.0478216669396677
12.04954485299998,1.9999998807907104,-0.0,2.3228228092193604,0.0249328188769751
12.09954485299998,1.9999998807907104,-0.0,2.3334619998931885,0.0457239341599258
12.14954485299998,1.9999998807907104,-0.0,2.312589645385742,0.0140731634420247
12.19954485299998,1.9999998807907104,-0.0,2.320455312728882,-0.0044612289551445
12.249544852999978,1.9999998807907104,-0.0,2.313392639160156,0.0410355242211659
12.29954485299998,1.9999998807907104,-0.0,2.3195137977600098,0.0220519723946932
12.34954485299998,1.9999998807907104,-0.0,2.30718207359314,0.0133851680561039
12.39954485299998,1.9999998807907104,-0.0,2.30718207359314,0.0262736932840497
12.449544852999978,1.9999998807907104,-0.0,2.30593204498291,0.0201129168261963
12.499544852999978,1.9999998807907104,-0.0,2.3090736865997314,0.0289166134251729
12.54954485299998,1.9999998807907104,-0.0,2.297064781188965,0.0423545046354367
12.599544852999978,1.9999998807907104,-0.0,2.309802532196045,0.0284684414590985
12.649544852999975,1.9999998807907104,-0.0,2.2919301986694336,0.0192373140060227
12.699544852999978,1.9999998807907104,-0.0,2.298201084136963,0.0472440293768242
12.749544852999978,1.9999998807907104,-0.0,2.2963457107543945,0.0234373007275545
12.799544852999976,1.9999998807907104,-0.0,2.3171136379241943,0.0269498904066256
12.849544852999976,1.9999998807907104,-0.0,2.2965352535247803,0.0208747666532487
12.899544852999975,1.9999998807907104,-0.0,2.304523706436157,0.0218754532052532
12.949544852999978,1.9999998807907104,-0.0,2.3106443881988525,0.023202859514085
12.999544852999977,1.9999998807907104,-0.0,2.2928953170776367,0.0428752008226905
13.049544852999976,1.9999998807907104,-0.0,2.288813352584839,-0.0002255771615529
13.099544852999976,1.9999998807907104,-0.0,2.29449200630188,0.0163153490497004
13.149544852999975,1.9999998807907104,-0.0,2.2932052612304688,0.0191058411095394
13.199544852999976,1.9999998807907104,-0.0,2.3029606342315674,-0.0016897563748624
13.249544852999977,1.9999998807907104,-0.0,2.2847728729248047,0.0281269913514656
13.299544852999976,1.9999998807907104,-0.0,2.301137685775757,0.0383460227526787
13.349544852999976,1.9999998807907104,-0.0,2.285140037536621,0.0253934031121705
13.399544852999975,1.9999998807907104,-0.0,2.2869772911071777,-0.0064923343114272
13.449544852999974,1.9999998807907104,-0.0,2.294715881347656,0.0141147058117809
13.499544852999977,1.9999998807907104,-0.0,2.2887861728668213,0.0289614982714208
13.549544852999976,1.9999998807907104,-0.0,2.294007062911988,0.0123071139717012
13.599544852999976,1.9999998807907104,-0.0,2.294007062911988,0.0123071139717012
13.649544852999972,1.9999998807907104,-0.0,2.2854251861572266,0.0093126796159627
13.699544852999974,1.9999998807907104,-0.0,2.29264497756958,0.0053196797850878
13.749544852999977,1.9999998807907104,-0.0,2.2856667041778564,0.0269524703288367
13.799544852999974,1.9999998807907104,-0.0,2.292534589767456,-0.0054295334875465
13.849544852999973,1.9999998807907104,-0.0,2.2838399410247803,0.0204949164090695
13.899544852999972,1.9999998807907104,-0.0,2.2921302318573,0.038042530457655
13.949544852999974,1.9999998807907104,-0.0,2.2837069034576416,0.0327573892872698
14.049544852999972,1.9999998807907104,-0.0164778139442205,2.285085439682007,0.0082847458499654
14.099544852999973,1.9999998807907104,-0.0164778139442205,2.2949161529541016,0.0023775330238649
14.149544852999972,1.9999998807907104,-0.0311266984790563,2.284276247024536,0.0142715158603469
14.199544852999972,1.9999998807907104,-0.0531000234186649,2.2879626750946045,-0.0147888710972432
14.249544852999971,1.9999998807907104,-0.0604462660849094,2.3008623123168945,-0.0327582846453978
14.299544852999972,1.9999998807907104,-0.067770704627037,2.3052611351013184,-0.0043882965039661
14.349544852999973,1.9999998807907104,-0.067770704627037,2.3199403285980225,0.0038977552812911
14.399544852999972,1.9999998807907104,-0.067770704627037,2.328094720840454,-0.0023311726199273
14.44954485299997,1.9999998807907104,-0.0384511388838291,2.327465057373047,0.009213386913546
14.499544852999971,1.9999998807907104,-0.0018289305735379,2.336359739303589,-0.0165074891946392
14.549544852999972,1.9999998807907104,-0.0,2.332159996032715,0.0686444319033528
14.599544852999973,1.9999998807907104,-0.0164778139442205,2.3537518978118896,0.0784508253313896
14.64954485299997,1.9999998807907104,-0.0164778139442205,2.3578758239746094,0.0210590473350453
14.69954485299997,1.9999998807907104,-0.0897440314292907,2.3657796382904053,-0.0175390934092053
14.749544852999971,1.9999998807907104,-0.0970684736967086,2.3657796382904053,-0.045722409916469
14.799544852999972,1.9999998807907104,-0.0824195891618728,2.3569376468658447,-0.0113491481422033
14.84954485299997,1.9999998807907104,-0.0091533726081252,2.385295867919922,-0.0169216277577655
14.89954485299997,1.9999998807907104,-0.0091533726081252,2.385560750961304,0.0344943680426729
14.94954485299997,1.9999998807907104,-0.0,2.3839073181152344,0.0987847666098452
14.999544852999971,1.9999998807907104,-0.0,2.3879218101501465,0.1280009900884929
15.049544852999968,1.9999998807907104,-0.0,2.403310775756836,0.0063331232509411
15.09954485299997,1.9999998807907104,-0.0,2.396069288253784,-0.014185542781687
15.14954485299997,1.9999998807907104,-0.0,2.390718460083008,-0.0149078593009744
15.19954485299997,1.9999998807907104,-0.0,2.3971612453460693,0.0356778179143736
15.249544852999968,1.9999998807907104,-0.0,2.3971612453460693,0.0532659672929247
15.299544852999968,1.9999998807907104,-0.0,2.377314805984497,0.0314126202985755
15.34954485299997,1.9999998807907104,-0.0,2.381645917892456,-0.0199514100119154
15.39954485299997,1.9999998807907104,-0.0,2.374398231506348,0.0598715315945144
15.449544852999969,1.9999998807907104,-0.0,2.3717410564422607,0.068231754504729
15.499544852999968,1.9999998807907104,-0.0,2.3703818321228027,0.0715225731676585
15.549544852999968,1.9999998807907104,-0.0,2.3581132888793945,0.0864186965691021
15.59954485299997,1.9999998807907104,-0.0,2.3581132888793945,0.0864186965691021
15.649544852999966,1.9999998807907104,-0.0,2.3527920246124268,-0.037517037389051
15.699544852999969,1.9999998807907104,-0.0,2.3454484939575195,0.0610615561104873
15.749544852999968,1.9999998807907104,-0.0,2.352971315383911,0.0709818474046352
15.799544852999968,1.9999998807907104,-0.0,2.3258533477783203,0.0072207636912667
15.849544852999966,1.9999998807907104,-0.0,2.321760416030884,-0.0009659979197927
15.899544852999966,1.9999998807907104,-0.0,2.307344436645508,0.0197546845697165
15.949544852999969,1.9999998807907104,-0.0,2.316611289978028,0.0138461741733734
15.999544852999968,1.9999998807907104,-0.0,2.317420244216919,0.014068818555942
16.049544852999965,1.9999998807907104,-0.0,2.3146023750305176,0.0119148998854322
16.099544852999966,1.9999998807907104,-0.0,2.308297872543335,0.034630508810774
16.199544852999967,1.9999998807907104,0.0311484970152378,2.30838942527771,0.0392251945194907
16.249544852999964,1.9999998807907104,0.0531218238174915,2.306920528411865,0.037266190934867
16.299544852999965,1.9999998807907104,0.0970902740955352,2.3077688217163086,0.0082384351219661
16.349544852999966,1.9999998807907104,0.1703564971685409,2.32184100151062,0.0976425912352462
16.399544852999966,1.9999998807907104,0.1996542662382125,2.3423898220062256,0.1204286590945353
16.449544852999963,1.9999998807907104,0.2362982630729675,2.39119029045105,0.0510018326492261
16.499544852999964,1.9999998807907104,0.2436227053403854,2.4101040363311768,0.0763030233954199
16.549544852999965,1.9999998807907104,0.2436227053403854,2.433260679244995,0.1361530288725947
16.599544852999966,1.9999998807907104,0.2436227053403854,2.4119913578033447,0.1018459830263898
16.649544852999963,1.9999998807907104,0.2143031507730484,2.403191566467285,0.0240729712682116
16.699544852999963,1.9999998807907104,0.2216275930404663,2.3913400173187256,0.0986929945693696
16.749544852999964,1.9999998807907104,0.2362982630729675,2.3913400173187256,0.1096791698596448
16.799544852999965,1.9999998807907104,0.2509471476078033,2.382410764694214,0.1148287130644982
16.849544852999962,1.9999998807907104,0.2362982630729675,2.3587839603424072,0.1356309027109915
16.899544852999963,1.9999998807907104,0.2362982630729675,2.3588733673095703,0.0956833261673299
16.949544852999963,1.9999998807907104,0.2216275930404663,2.3441431522369385,0.1097397771345148
16.999544852999964,1.9999998807907104,0.2143031507730484,2.365781307220459,0.1163774908463454
17.04954485299996,1.9999998807907104,0.1850053817033767,2.3262033462524414,0.0910013462128764
17.099544852999962,1.9999998807907104,0.1776809394359588,2.348348379135132,0.0972129295382739
17.24954485299996,1.9999998807907104,0.163032054901123,2.331923723220825,0.1130197636014846
17.29954485299996,1.9999998807907104,0.163032054901123,2.340387344360352,0.0930110282563785
17.349544852999962,1.9999998807907104,0.1410369277000427,2.3404183387756348,0.1069198534743066
17.399544852999963,1.9999998807907104,0.1337124854326248,2.333701133728028,0.0825077660355717
17.44954485299996,1.9999998807907104,0.1337124854326248,2.334984540939331,0.0866909584766571
17.49954485299996,1.9999998807907104,0.1410369277000427,2.3352534770965576,0.0821173493005583
17.54954485299996,1.9999998807907104,0.1410369277000427,2.339402198791504,0.0802259524656719
17.599544852999962,1.9999998807907104,0.1410369277000427,2.3306915760040283,0.1016029265161409
17.64954485299996,1.9999998807907104,0.1410369277000427,2.332728624343872,0.0763647571914861
17.69954485299996,1.9999998807907104,0.1410369277000427,2.3362388610839844,0.0691546522144672
17.79954485299996,1.9999998807907104,0.1410369277000427,2.3329734802246094,0.0995137898201578
17.84954485299996,1.9999998807907104,0.1483831703662872,2.331242322921753,0.0670957690086135
17.89954485299996,1.9999998807907104,0.1483831703662872,2.3213791847229004,0.1001232097445712
17.99954485299996,1.9999998807907104,0.1557076126337051,2.325862407684326,0.0682841450762242
18.04954485299996,1.9999998807907104,0.1557076126337051,2.3350160121917725,0.1170780728988361
18.09954485299996,1.9999998807907104,0.1923298239707946,2.330216646194458,0.0845788882444011
18.14954485299996,1.9999998807907104,0.2143031507730484,2.324593305587769,0.1114145251285044
18.19954485299996,1.9999998807907104,0.2216275930404663,2.347201108932495,0.0717784838865638
18.24954485299996,1.9999998807907104,0.2216275930404663,2.3391458988189697,0.0976557239165022
18.29954485299996,1.9999998807907104,0.1703564971685409,2.347408533096313,0.1392064564331063
18.34954485299996,1.9999998807907104,0.1483831703662872,2.336029052734375,0.0972795803658008
18.39954485299996,1.9999998807907104,0.1483831703662872,2.3449907302856445,0.0935609745109045
18.44954485299996,1.9999998807907104,0.1483831703662872,2.3359742164611816,0.096260126500047
18.49954485299996,1.9999998807907104,0.1483831703662872,2.3379995822906494,0.1042355824073982
18.54954485299996,1.9999998807907104,0.1337124854326248,2.3438844680786133,0.1037668059506833
18.59954485299996,1.9999998807907104,0.1337124854326248,2.335545301437378,0.0714187167723062
18.64954485299996,1.9999998807907104,0.1337124854326248,2.343376636505127,0.0919494478295687
18.79954485299996,1.9999998807907104,0.1337124854326248,2.3415117263793945,0.0936924587427358
18.849544852999955,1.9999998807907104,0.1337124854326248,2.3412978649139404,0.1076414575235614
18.89954485299996,1.9999998807907104,0.1337124854326248,2.3454928398132324,0.0896984612095497
18.94954485299996,1.9999998807907104,0.1337124854326248,2.3519046306610107,0.0752876516536641
18.99954485299996,1.9999998807907104,0.1337124854326248,2.343229293823242,0.1247365085739902
19.049544852999954,1.9999998807907104,0.1337124854326248,2.343229293823242,0.0720338025413339
19.099544852999955,1.9999998807907104,0.1557076126337051,2.3394792079925537,0.0889720297799128
19.14954485299996,1.9999998807907104,0.1557076126337051,2.3588149547576904,0.1188129184621296
19.19954485299996,1.9999998807907104,0.163032054901123,2.3372418880462646,0.0912411680776499
19.249544852999957,1.9999998807907104,0.1703564971685409,2.3386363983154297,0.0868169586554846
19.299544852999954,1.9999998807907104,0.1776809394359588,2.3386363983154297,0.1166746380206718
19.349544852999955,1.9999998807907104,0.1776809394359588,2.3486061096191406,0.1086036547645562
19.39954485299996,1.9999998807907104,0.1776809394359588,2.325482130050659,0.1044704351742939
19.449544852999956,1.9999998807907104,0.1776809394359588,2.325482130050659,0.0839874971089945
19.499544852999957,1.9999998807907104,0.1776809394359588,2.3452863693237305,0.0839874971089945
19.549544852999954,1.9999998807907104,0.1996542662382125,2.335898876190185,0.1010321980460159
19.599544852999955,1.9999998807907104,0.2216275930404663,2.3287158012390137,0.0760356841004888
19.649544852999952,1.9999998807907104,0.2216275930404663,2.337357759475708,0.1259462098825231
19.699544852999956,1.9999998807907104,0.2143031507730484,2.327425479888916,0.1076218378221341
19.749544852999957,1.9999998807907104,0.2216275930404663,2.339098691940308,0.0860325035106186
19.799544852999954,1.9999998807907104,0.2216275930404663,2.3293886184692383,0.1088003788609428
19.84954485299995,1.9999998807907104,0.2362982630729675,2.3322994709014893,0.1302079386138836
19.899544852999952,1.9999998807907104,0.2655960321426391,2.333345651626587,0.1124525411882282
19.949544852999956,1.9999998807907104,0.2655960321426391,2.336842536926269,0.0805652045080217
19.999544852999957,1.9999998807907104,0.2655960321426391,2.328091859817505,0.1266120760664559
20.04954485299995,1.9999998807907104,0.3095426857471466,2.337432622909546,0.1422562999822382
20.09954485299995,1.9999998807907104,0.3315378129482269,2.331096887588501,0.1375766769576628
20.149544852999952,1.9999998807907104,0.3901333510875702,2.333806037902832,0.1561787361701528
20.199544852999956,1.9999998807907104,0.4194529056549072,2.331492185592652,0.1340865874635902
20.24954485299995,1.9999998807907104,0.434101790189743,2.333442211151123,0.1185315439792507
20.29954485299995,1.9999998807907104,0.4267773628234863,2.345834970474243,0.1439365472660627
20.34954485299995,1.9999998807907104,0.404782235622406,2.33735990524292,0.1664391011158379
20.399544852999952,1.9999998807907104,0.3608355820178985,2.340629816055298,0.1199362300425292
20.44954485299995,1.9999998807907104,0.3242133855819702,2.332188606262207,0.1767496487263496
20.49954485299995,1.9999998807907104,0.3315378129482269,2.330557346343994,0.1170565609261909
20.54954485299995,1.9999998807907104,0.3681600391864776,2.3413538932800293,0.134073169210911
20.59954485299995,1.9999998807907104,0.3901333510875702,2.326728343963623,0.1637372133760805
20.64954485299995,1.9999998807907104,0.3901333510875702,2.3291549682617188,0.1461663271933119
20.69954485299995,1.9999998807907104,0.3901333510875702,2.330977201461792,0.1689839243445934
20.74954485299995,1.9999998807907104,0.3901333510875702,2.328797101974488,0.1634380812282808
20.79954485299995,1.9999998807907104,0.3974578082561493,2.323214292526245,0.1447286867736888
20.849544852999948,1.9999998807907104,0.3901333510875702,2.335188627243042,0.1487051051255149
20.89954485299995,1.9999998807907104,0.3974578082561493,2.3299460411071777,0.1630707476925793
20.94954485299995,1.9999998807907104,0.3974578082561493,2.335313558578491,0.2209521186019344
20.99954485299995,1.9999998807907104,0.404782235622406,2.331782579421997,0.20410797120502
21.049544852999947,1.9999998807907104,0.4780484437942505,2.332540273666382,0.178291385254173
21.099544852999948,1.9999998807907104,0.4487506747245788,2.334909439086914,0.2076500064727831
21.14954485299995,1.9999998807907104,0.4267773628234863,2.328460454940796,0.2046860431509136
21.19954485299995,1.9999998807907104,0.4560751318931579,2.331021547317505,0.2195186819767474
21.249544852999943,1.9999998807907104,0.434101790189743,2.32837438583374,0.2499228469807746
21.299544852999947,1.9999998807907104,0.434101790189743,2.340066909790039,0.2080501671558633
21.349544852999948,1.9999998807907104,0.3901333510875702,2.320167303085327,0.2297877262767536
21.39954485299995,1.9999998807907104,0.3535111546516418,2.3224897384643555,0.2034805771950659
21.449544852999946,1.9999998807907104,0.3535111546516418,2.331451416015625,0.1925671108923342
21.499544852999943,1.9999998807907104,0.3315378129482269,2.345534563064575,0.2220008084133497
21.549544852999947,1.9999998807907104,0.2948938012123108,2.3413445949554443,0.2250399544997314
21.599544852999948,1.9999998807907104,0.2655960321426391,2.345392942428589,0.1888764283128862
21.649544852999945,1.9999998807907104,0.2362982630729675,2.3416130542755127,0.1914108220103472
21.699544852999946,1.9999998807907104,0.2362982630729675,2.350989580154419,0.2131454571466203
21.749544852999943,1.9999998807907104,0.2069787085056305,2.342425346374512,0.2248001246650371
21.799544852999947,1.9999998807907104,0.2362982630729675,2.341453313827514,0.1289632300912403
21.849544852999944,1.9999998807907104,0.2436227053403854,2.340413808822632,0.1304726775834604
21.899544852999945,1.9999998807907104,0.2436227053403854,2.3379130363464355,0.1993430346000646
21.949544852999946,1.9999998807907104,0.2362982630729675,2.356084108352661,0.1611009589392021
21.999544852999943,1.9999998807907104,0.2289520353078842,2.3449695110321045,0.1394756672473889
22.049544852999944,1.9999998807907104,0.2289520353078842,2.348175525665283,0.1410757059971298
22.099544852999944,1.9999998807907104,0.2216275930404663,2.342689752578736,0.1557200389255423
22.149544852999945,1.9999998807907104,0.2216275930404663,2.3480732440948486,0.1405834505819833
22.199544852999946,1.9999998807907104,0.2216275930404663,2.345046281814575,0.1287972720582011
22.249544852999943,1.9999998807907104,0.2216275930404663,2.3289148807525635,0.1403343133750648
22.299544852999944,1.9999998807907104,0.2216275930404663,2.342766046524048,0.0767043357547374
22.349544852999944,1.9999998807907104,0.1996542662382125,2.342766046524048,0.0738197622008425
22.399544852999945,1.9999998807907104,0.1776809394359588,2.358151912689209,0.0397854863935895
22.449544852999946,1.9999998807907104,0.0970902740955352,2.385093688964844,0.0159819868455723
22.499544852999943,1.9999998807907104,-0.0,2.364521026611328,-0.0127619716639348
22.549544852999944,1.9999998807907104,-0.0,2.369389295578003,0.027471229219388
22.599544852999944,1.9999998807907104,-0.0,2.369389295578003,0.035250941648477
22.749544852999943,1.9999998807907104,0.0238240547478199,2.369194746017456,0.0176642097391782
22.799544852999944,1.9999998807907104,0.0531218238174915,2.372509717941284,0.0333683609309759
22.849544852999944,1.9999998807907104,0.1044147163629531,2.362607002258301,0.0394245644209815
22.89954485299994,1.9999998807907104,0.1483831703662872,2.370314598083496,0.0278485729170736
22.949544852999946,1.9999998807907104,0.2289520353078842,2.374424457550049,0.06869834101772
22.999544852999943,1.9999998807907104,0.2948938012123108,2.40762710571289,0.0756113833226174
23.04954485299994,1.9999998807907104,0.2582716047763824,2.4380927085876465,0.0803807687706343
23.09954485299994,1.9999998807907104,0.1776809394359588,2.455291271209717,0.1368598064501744
23.14954485299994,1.9999998807907104,0.2143031507730484,2.455291271209717,0.1521210251513947
23.199544852999946,1.9999998807907104,0.2362982630729675,2.439606189727783,0.1375954945795787
23.249544852999943,1.9999998807907104,0.2362982630729675,2.416142225265503,0.1629160289793156
23.29954485299994,1.9999998807907104,0.2362982630729675,2.4069859981536865,0.1123449799570189
23.34954485299994,1.9999998807907104,0.2436227053403854,2.3815104961395264,0.1256991740761804
23.39954485299994,1.9999998807907104,0.2509471476078033,2.3834595680236816,0.0970286851536593
23.44954485299994,1.9999998807907104,0.2582716047763824,2.3633594512939453,0.1032377095955788
23.49954485299994,1.9999998807907104,0.2582716047763824,2.36255955696106,0.0955328882423369
23.54954485299994,1.9999998807907104,0.2582716047763824,2.353583574295044,0.1399257704344844
23.59954485299994,1.9999998807907104,0.2875693738460541,2.353583574295044,0.1234556884428069
23.64954485299994,1.9999998807907104,0.338862270116806,2.3559374809265137,0.1260694291449682
23.69954485299994,1.9999998807907104,0.338862270116806,2.3284144401550293,0.1260694291449682
23.74954485299994,1.9999998807907104,0.3461866974830627,2.345619201660156,0.1297455677855646
23.79954485299994,1.9999998807907104,0.3535111546516418,2.3294458389282227,0.1307901798692236
23.849544852999937,1.9999998807907104,0.3681600391864776,2.340125799179077,0.1868330125002656
23.899544852999934,1.9999998807907104,0.2729204893112182,2.336264133453369,0.1262064643567204
23.94954485299994,1.9999998807907104,0.2655960321426391,2.335475206375122,0.1237904403321729
23.99954485299994,1.9999998807907104,0.2948938012123108,2.350505828857422,0.11077700998031
24.04954485299994,1.9999998807907104,0.3095426857471466,2.3454678058624268,0.179312083765097
24.099544852999937,1.9999998807907104,0.3022182583808899,2.312704801559448,0.1774366812407973
24.149544852999934,1.9999998807907104,0.3095426857471466,2.3254828453063965,0.0711282185043699
24.19954485299994,1.9999998807907104,0.3095426857471466,2.3254828453063965,0.0711282185043699
24.249544852999936,1.9999998807907104,0.3022182583808899,2.330400228500366,0.1262465446238467
24.299544852999936,1.9999998807907104,0.2436227053403854,2.34191632270813,0.1551566609661556
24.349544852999937,1.9999998807907104,0.2509471476078033,2.3540892601013184,0.1614623877870972
24.399544852999934,1.9999998807907104,0.2436227053403854,2.350826501846313,0.1023683162747955
24.44954485299994,1.9999998807907104,0.119063600897789,2.3436930179595947,0.1576045291363572
24.499544852999936,1.9999998807907104,0.2289520353078842,2.3436930179595947,0.0536359970157981
24.549544852999936,1.9999998807907104,0.280244916677475,2.3363049030303955,0.1016728852711899
24.599544852999937,1.9999998807907104,0.2948938012123108,2.341191053390503,0.1175064581842048
24.64954485299993,1.9999998807907104,0.2729204893112182,2.3310251235961914,0.1355837326703503
24.69954485299993,1.9999998807907104,0.2362982630729675,2.3358683586120605,0.1548713700014499
24.749544852999936,1.9999998807907104,0.2436227053403854,2.3351662158966064,0.1378000087884538
24.799544852999936,1.9999998807907104,0.2436227053403854,2.316488742828369,0.107770169497046
24.849544852999937,1.9999998807907104,0.2362982630729675,2.327773332595825,0.1050152417573997
24.89954485299993,1.9999998807907104,0.1996542662382125,2.327773332595825,0.1314169060811248
24.94954485299993,1.9999998807907104,0.1850053817033767,2.334872007369995,0.0586102538396408
24.999544852999936,1.9999998807907104,0.1703564971685409,2.3345372676849365,0.0777142253309422
25.049544852999933,1.9999998807907104,0.1703564971685409,2.3112621307373047,0.074409926042414
25.099544852999934,1.9999998807907104,0.1410369277000427,2.314415454864502,0.0276807557419606
25.14954485299993,1.9999998807907104,0.0311484970152378,2.341214656829834,0.0168200429747802
25.19954485299993,1.9999998807907104,0.1483831703662872,2.3495380878448486,0.1092997033013757
25.249544852999936,1.9999998807907104,0.1483831703662872,2.37622618675232,0.0883617743955957
25.299544852999933,1.9999998807907104,0.163032054901123,2.410721778869629,0.0262936541174336
25.349544852999934,1.9999998807907104,0.1557076126337051,2.419309377670288,0.068902263139663
25.39954485299993,1.9999998807907104,0.1923298239707946,2.425799608230591,0.1120093083794323
25.44954485299993,1.9999998807907104,0.2875693738460541,2.410257577896118,0.0845148221844368
25.49954485299993,1.9999998807907104,0.3315378129482269,2.3982796669006348,0.1001837005346477
25.549544852999933,1.9999998807907104,0.3315378129482269,2.382941007614136,0.1520894734878706
25.599544852999934,1.9999998807907104,0.3168671429157257,2.3666932582855225,0.1210319888401074
25.64954485299993,1.9999998807907104,0.2582716047763824,2.3580617904663086,0.1447249525098776
25.69954485299993,1.9999998807907104,0.0824413895606994,2.3403351306915283,0.0702385239374514
25.74954485299993,1.9999998807907104,0.1337124854326248,2.3408217430114746,0.0566671593551296
25.799544852999933,1.9999998807907104,0.1337124854326248,2.341458320617676,0.0655234241466713
25.84954485299993,1.9999998807907104,0.1337124854326248,2.358473539352417,0.1083886802294462
25.89954485299993,1.9999998807907104,0.1117391586303711,2.3430516719818115,0.1052869007664665
25.94954485299993,1.9999998807907104,0.1117391586303711,2.3430516719818115,0.1052869007664665
25.99954485299993,1.9999998807907104,0.119063600897789,2.3581576347351074,0.1222201468746445
26.049544852999933,1.9999998807907104,0.1483831703662872,2.347365379333496,0.0555468445345539
26.09954485299993,1.9999998807907104,0.1776809394359588,2.342247724533081,0.0707180346537599
26.14954485299993,1.9999998807907104,0.2069787085056305,2.3418009281158447,0.1247877825926725
26.19954485299993,1.9999998807907104,0.2289520353078842,2.3509695529937744,0.1481337158813535
26.24954485299993,1.9999998807907104,0.2289520353078842,2.337767601013184,0.1511354670791152
26.29954485299993,1.9999998807907104,0.2289520353078842,2.347127914428711,0.1178116168467105
26.34954485299993,1.9999998807907104,0.1923298239707946,2.333392381668091,0.098180289418052
26.39954485299993,1.9999998807907104,0.1923298239707946,2.335198402404785,0.098180289418052
26.44954485299993,1.9999998807907104,0.1923298239707946,2.3297603130340576,0.0951352517324393
26.49954485299993,1.9999998807907104,0.2729204893112182,2.349111557006836,0.0946844896849607
26.54954485299993,1.9999998807907104,0.2875693738460541,2.324697971343994,0.1290971272536403
26.59954485299993,1.9999998807907104,0.3242133855819702,2.3468339443206787,0.0891937052040246
26.649544852999927,1.9999998807907104,0.2362982630729675,2.3468339443206787,0.0971176227132568
26.699544852999928,1.9999998807907104,0.2362982630729675,2.3342862129211426,0.1426159430338445
26.74954485299993,1.9999998807907104,0.280244916677475,2.313851118087769,0.1425666964661311
26.79954485299993,1.9999998807907104,0.2948938012123108,2.332275629043579,0.1210047952312653
26.84954485299993,1.9999998807907104,0.3242133855819702,2.332051515579224,0.1324194231227523
26.899544852999927,1.9999998807907104,0.3095426857471466,2.330941200256348,0.1515650300241037
26.949544852999928,1.9999998807907104,0.2655960321426391,2.325853109359741,0.1078018587805633
26.99954485299993,1.9999998807907104,0.2729204893112182,2.3221397399902344,0.1273008218598497
27.04954485299993,1.9999998807907104,0.338862270116806,2.333635330200196,0.1162489488100909
27.099544852999927,1.9999998807907104,0.1996542662382125,2.321632146835327,0.0909454461468016
27.149544852999927,1.9999998807907104,0.2582716047763824,2.317691802978516,0.1113498104609394
27.199544852999928,1.9999998807907104,0.3242133855819702,2.318802118301392,0.1282169380711116
27.24954485299993,1.9999998807907104,0.3608355820178985,2.3206546306610107,0.1232838552160091
27.29954485299993,1.9999998807907104,0.4999999701976776,2.311178207397461,0.153700311257453
27.349544852999927,1.9999998807907104,0.4999999701976776,2.313812732696533,0.172675678159476
27.399544852999927,1.9999998807907104,0.4999999701976776,2.3113033771514893,0.2185167791555848
27.449544852999924,1.9999998807907104,0.4487506747245788,2.319035768508911,0.2214750491103195
27.499544852999925,1.9999998807907104,0.4707240164279938,2.302614688873291,0.2066314445063196
27.54954485299993,1.9999998807907104,0.4926973283290863,2.321181058883667,0.1820947222377293
27.599544852999927,1.9999998807907104,0.4853729009628296,2.293823003768921,0.2827631012173692
27.649544852999927,1.9999998807907104,0.4780484437942505,2.301774024963379,0.258176111833407
27.699544852999924,1.9999998807907104,0.4414262473583221,2.297858476638794,0.1958741879736253
27.749544852999925,1.9999998807907104,0.4121284782886505,2.308055639266968,0.2698880642623947
27.79954485299993,1.9999998807907104,0.3535111546516418,2.297652244567871,0.2315021351235602
27.849544852999923,1.9999998807907104,0.3315378129482269,2.319344520568848,0.2262725941488852
27.899544852999924,1.9999998807907104,0.3315378129482269,2.305197238922119,0.2111447642908699
27.949544852999924,1.9999998807907104,0.338862270116806,2.310377359390259,0.2365858315297847
27.999544852999925,1.9999998807907104,0.3535111546516418,2.307424068450928,0.2000417022167113
28.04954485299993,1.9999998807907104,0.3608355820178985,2.303112268447876,0.169178855657971
28.099544852999923,1.9999998807907104,0.3608355820178985,2.308082103729248,0.2135267729774436
28.149544852999924,1.9999998807907104,0.2875693738460541,2.3197154998779297,0.1659853134960205
28.199544852999924,1.9999998807907104,0.3168671429157257,2.314035654067993,0.1951604682621039
28.24954485299992,1.9999998807907104,0.3095426857471466,2.3176581859588623,0.1726690069632674
28.29954485299992,1.9999998807907104,0.3095426857471466,2.3157167434692383,0.1692633529660228
28.349544852999923,1.9999998807907104,0.2875693738460541,2.31681752204895,0.1581718282292024
28.399544852999924,1.9999998807907104,0.2948938012123108,2.306810140609741,0.156580389620131
28.449544852999924,1.9999998807907104,0.2948938012123108,2.31261682510376,0.1387252868545274
28.49954485299992,1.9999998807907104,0.2875693738460541,2.308610200881958,0.1792221400118521
28.54954485299992,1.9999998807907104,0.2582716047763824,2.308926820755005,0.1369746006186446
28.599544852999923,1.9999998807907104,0.1923298239707946,2.294288158416748,0.1537745427326326
28.64954485299992,1.9999998807907104,0.0970902740955352,2.316426515579224,0.1385349869337228
28.69954485299992,1.9999998807907104,0.0384729392826557,2.304224967956543,0.1258905090384611
28.74954485299992,1.9999998807907104,0.0311484970152378,2.3235292434692383,0.1215699828891157
28.79954485299992,1.9999998807907104,0.0677925050258636,2.3211259841918945,0.0018990458721089
28.849544852999923,1.9999998807907104,0.0677925050258636,2.345208168029785,-0.0160354819770964
28.89954485299992,1.9999998807907104,0.0970902740955352,2.330229043960572,0.0387944728737261
28.94954485299992,1.9999998807907104,0.1117391586303711,2.3414196968078613,0.0959300859010996
28.99954485299992,1.9999998807907104,0.1410369277000427,2.358027219772339,0.0858609567625797
29.04954485299992,1.9999998807907104,0.2362982630729675,2.353879451751709,0.0579124069645381
29.09954485299992,1.9999998807907104,0.2875693738460541,2.353879451751709,0.0954781810920404
29.14954485299992,1.9999998807907104,0.338862270116806,2.3555121421813965,0.133252062199579
29.19954485299992,1.9999998807907104,0.3608355820178985,2.3446483612060547,0.1093845679028896
29.24954485299992,1.9999998807907104,0.3608355820178985,2.337644100189209,0.1306379083068491
29.29954485299992,1.9999998807907104,0.3461866974830627,2.3180172443389893,0.1703538152833804
29.34954485299992,1.9999998807907104,0.3315378129482269,2.315657615661621,0.0983055830665921
29.39954485299992,1.9999998807907104,0.3168671429157257,2.3075835704803467,0.1840466298856052
29.44954485299992,1.9999998807907104,0.280244916677475,2.289498805999756,0.1400768300368103
29.49954485299992,1.9999998807907104,0.2655960321426391,2.293518781661988,0.1298648838649772
29.54954485299992,1.9999998807907104,0.2362982630729675,2.280064344406128,0.1874451198530662
29.59954485299992,1.9999998807907104,0.2436227053403854,2.293179988861084,0.1395213081394941
29.64954485299992,1.9999998807907104,0.2582716047763824,2.286813735961914,0.1483588519571797
29.69954485299992,1.9999998807907104,0.2729204893112182,2.3061764240264893,0.1381275014048499
29.74954485299992,1.9999998807907104,0.3022182583808899,2.289750099182129,0.1361647380569801
29.79954485299992,1.9999998807907104,0.280244916677475,2.288541555404663,0.1183355105291098
29.84954485299992,1.9999998807907104,0.2582716047763824,2.2777554988861084,0.1339168651974522
29.89954485299992,1.9999998807907104,0.2362982630729675,2.295360803604126,0.1389979821998458
29.94954485299992,1.9999998807907104,0.1703564971685409,2.2852723598480225,0.1116246789849921
29.99954485299992,1.9999998807907104,0.1117391586303711,2.283653974533081,0.0750457385559215
30.04954485299992,1.9999998807907104,0.1850053817033767,2.2815017700195312,0.0961633012958776
30.09954485299992,1.9999998807907104,0.2216275930404663,2.301053524017334,0.0989832382921902
30.14954485299992,1.9999998807907104,0.2655960321426391,2.287781000137329,0.1316023287562384
30.19954485299992,1.9999998807907104,0.1703564971685409,2.2889060974121094,0.0502770941986188
30.249544852999914,1.9999998807907104,0.2655960321426391,2.2889060974121094,0.0885660210680897
30.299544852999915,1.9999998807907104,0.3022182583808899,2.285085201263428,0.1196057742749644
30.34954485299992,1.9999998807907104,0.3315378129482269,2.2962863445281982,0.1068562940627059
30.39954485299992,1.9999998807907104,0.3315378129482269,2.2899839878082275,0.1354609345108059
30.44954485299992,1.9999998807907104,0.3461866974830627,2.305582523345948,0.1200669691102702
30.499544852999914,1.9999998807907104,0.3461866974830627,2.2804133892059326,0.1597173838694525
30.549544852999915,1.9999998807907104,0.3095426857471466,2.278841972351074,0.1680987970357361
30.59954485299992,1.9999998807907104,0.2582716047763824,2.2711989879608154,0.1208752285433738
30.649544852999917,1.9999998807907104,0.2216275930404663,2.290243864059448,0.1103719201642045
30.699544852999917,1.9999998807907104,0.2729204893112182,2.281801223754883,0.1256180170245281
30.749544852999914,1.9999998807907104,0.2143031507730484,2.2746193408966064,0.1063536933341157
30.799544852999915,1.9999998807907104,-0.0,2.275229454040528,0.0780672580955951
30.999544852999914,1.9999998807907104,0.0091751711443066,2.305065631866455,0.0274340673284409
31.04954485299991,1.9999998807907104,0.0091751711443066,2.285673141479492,0.0397636072664003
31.099544852999912,1.9999998807907104,0.0018507295753806,2.304147958755493,0.0075681899720105
31.149544852999917,1.9999998807907104,-0.0,2.279048681259156,0.0014806146222824
31.199544852999917,1.9999998807907104,-0.0,2.297145366668701,0.0248177649741588
31.249544852999914,1.9999998807907104,-0.0,2.278177499771118,0.009514957134237
31.29954485299991,1.9999998807907104,-0.0,2.2856173515319824,0.0197311971822093
31.349544852999912,1.9999998807907104,-0.0,2.269763708114624,-0.0177410763125221
31.399544852999917,1.9999998807907104,-0.0,2.2761473655700684,0.0124179425122303
31.44954485299991,1.9999998807907104,-0.0,2.267402172088623,-0.0054298730410201
31.49954485299991,1.9999998807907104,-0.0,2.270914077758789,0.0486045712741997
31.54954485299991,1.9999998807907104,-0.0,2.2506253719329834,0.0260049305335515
31.599544852999912,1.9999998807907104,-0.0,2.257838726043701,0.0298090949095473
31.649544852999917,1.9999998807907104,-0.0,2.2570743560791016,0.0371096563384145
31.69954485299991,1.9999998807907104,-0.0,2.258436918258667,0.0092910264611529
31.74954485299991,1.9999998807907104,-0.0,2.2441611289978027,0.0059245016324746
31.79954485299991,1.9999998807907104,-0.0,2.263892650604248,0.0135940765273041
31.84954485299991,1.9999998807907104,-0.0,2.250972509384156,-0.0161889925978514
31.89954485299991,1.9999998807907104,-0.0,2.2572858333587646,0.0174717388901841
31.94954485299991,1.9999998807907104,-0.0,2.250039339065552,0.0319818559035987
31.99954485299991,1.9999998807907104,-0.0,2.252635717391968,0.0020422134394596
32.04954485299991,1.9999998807907104,-0.0,2.247971296310425,0.0329026348140875
32.099544852999905,1.9999998807907104,-0.0,2.2381956577301025,0.0149324077777776
32.14954485299991,1.9999998807907104,-0.0,2.24505615234375,0.023666161228175
32.19954485299991,1.9999998807907104,-0.0,2.2429680824279785,0.034303992576461
32.249544852999904,1.9999998807907104,-0.0,2.242542266845703,0.0166328616549581
32.29954485299991,1.9999998807907104,-0.0,2.2341465950012207,0.0144373391452905
32.349544852999905,1.9999998807907104,-0.0,2.237917184829712,0.0131895364534623
32.39954485299991,1.9999998807907104,-0.0,2.2262237071990967,0.0213852244222761
32.44954485299991,1.9999998807907104,-0.0,2.232263326644897,0.0058999961775633
32.499544852999904,1.9999998807907104,-0.0,2.22573184967041,0.002354534863701
32.54954485299991,1.9999998807907104,-0.0,2.2203528881073,0.024909332622987
32.599544852999905,1.9999998807907104,-0.0,2.229644298553467,0.0091511611572689
32.6495448529999,1.9999998807907104,-0.0,2.2120540142059326,-0.021075290039503
32.69954485299991,1.9999998807907104,-0.0,2.23230504989624,0.0330486724719985
32.749544852999904,1.9999998807907104,-0.0,2.200023889541626,-0.0106154964504481
32.79954485299991,1.9999998807907104,-0.0,2.2192697525024414,0.0477806765229661
32.849544852999905,1.9999998807907104,-0.0,2.2035024166107178,0.0262898356039165
32.8995448529999,1.9999998807907104,-0.0,2.206220388412476,0.0318202776493058
32.94954485299991,1.9999998807907104,-0.0,2.21376633644104,-0.0033698881932004
32.999544852999904,1.9999998807907104,-0.0,2.2120187282562256,0.0157503354975843
33.0495448529999,1.9999998807907104,-0.0,2.2120187282562256,0.0522323934772656
33.099544852999905,1.9999998807907104,-0.0,2.198896884918213,0.0522323934772656
33.1495448529999,1.9999998807907104,-0.0,2.1966793537139893,-0.0281822522489299
33.19954485299991,1.9999998807907104,-0.0,2.203251361846924,0.0509754005746244
33.249544852999904,1.9999998807907104,-0.0,2.201986789703369,-0.02303594814079
33.2995448529999,1.9999998807907104,-0.0,2.20666241645813,-0.0024876518675161
33.349544852999905,1.9999998807907104,-0.0,2.192877531051636,-0.0067126144688059
33.3995448529999,1.9999998807907104,-0.0,2.2116153240203857,-0.0002787875100451
33.4495448529999,1.9999998807907104,-0.0,2.2100632190704346,0.0328592038991112
33.499544852999904,1.9999998807907104,-0.0,2.211716651916504,0.0346564571143138
33.5495448529999,1.9999998807907104,-0.0,2.214473009109497,-0.0003785605524809
33.599544852999905,1.9999998807907104,-0.0,2.220300912857056,-0.0155258459191636
33.6495448529999,1.9999998807907104,-0.0,2.2107529640197754,0.0148728470221635
33.6995448529999,1.9999998807907104,-0.0,2.226141929626465,0.0164950099631482
33.749544852999904,1.9999998807907104,-0.0,2.2108662128448486,0.0348958986579274
33.7995448529999,1.9999998807907104,-0.0,2.2142629623413086,-0.0269205981539881
33.8495448529999,1.9999998807907104,-0.0,2.2142629623413086,0.0276049422211681
33.8995448529999,1.9999998807907104,-0.0,2.2231125831604004,0.0034139139087747
33.9495448529999,1.9999998807907104,-0.0,2.217505931854248,0.0411643155738906
33.999544852999904,1.9999998807907104,-0.0,2.2167861461639404,-0.0128152022175104
34.0495448529999,1.9999998807907104,-0.0,2.2259910106658936,0.0593846625809052
34.0995448529999,1.9999998807907104,-0.0,2.2056119441986084,-0.0216470362973335
34.1495448529999,1.9999998807907104,-0.0,2.206438541412353,0.0454334411980049
34.1995448529999,1.9999998807907104,-0.0,2.2065701484680176,0.0115279541207725
34.2495448529999,1.9999998807907104,-0.0,2.2169787883758545,0.0838962485732269
34.2995448529999,1.9999998807907104,-0.0,2.210047483444214,0.0174456716851954
34.3495448529999,1.9999998807907104,-0.0,2.2244319915771484,0.0034222188422154
34.3995448529999,1.9999998807907104,-0.0,2.216139316558838,0.0179000430635595
34.4495448529999,1.9999998807907104,-0.0,2.220003128051758,0.029529837943099
34.4995448529999,1.9999998807907104,-0.0,2.210556030273437,0.0466490406783555
34.5495448529999,1.9999998807907104,-0.0,2.2169389724731445,0.0006331026907081
34.5995448529999,1.9999998807907104,-0.0,2.227911710739136,0.0033433562815587
34.649544852999895,1.9999998807907104,-0.0,2.2255938053131104,0.0113427325153369
34.6995448529999,1.9999998807907104,-0.0,2.204612493515014,-0.0118340629320911
34.7495448529999,1.9999998807907104,-0.0,2.215781211853028,-0.0062302148049699
34.7995448529999,1.9999998807907104,-0.0,2.22005295753479,0.0433337852617649
34.8495448529999,1.9999998807907104,-0.0,2.22005295753479,-0.0119201455082803
34.899544852999895,1.9999998807907104,-0.0,2.219389200210572,0.0331410693891595
34.9495448529999,1.9999998807907104,-0.0,2.22255539894104,0.0394225120959408
34.9995448529999,1.9999998807907104,-0.0,2.2238881587982178,0.0394225120959408
35.049544852999894,1.9999998807907104,-0.0,2.2274765968322754,0.0365869671595167
35.0995448529999,1.9999998807907104,-0.0,2.231242656707764,-0.0142153525184801
35.149544852999895,1.9999998807907104,-0.0,2.2285056114196777,0.0213877467181334
35.1995448529999,1.9999998807907104,-0.0,2.225266218185425,0.0319529301298064
35.2495448529999,1.9999998807907104,-0.0,2.225266218185425,0.0319529301298064
35.299544852999894,1.9999998807907104,-0.0,2.23838210105896,-0.0209490732618099
35.3495448529999,1.9999998807907104,-0.0,2.250417470932007,0.0169118831278908
35.399544852999895,1.9999998807907104,-0.0,2.235838890075684,-0.0488705040797342
35.44954485299989,1.9999998807907104,-0.0,2.2459921836853027,0.03937228049022
35.4995448529999,1.9999998807907104,-0.0,2.2353837490081787,0.016436696748431
35.549544852999894,1.9999998807907104,-0.0,2.241769790649414,-0.0162622842201749
35.5995448529999,1.9999998807907104,-0.0,2.241096258163452,0.0238680822246325
35.649544852999895,1.9999998807907104,-0.0384511388838291,2.2440242767333984,0.0219546648937205
35.69954485299989,1.9999998807907104,-0.0824195891618728,2.2488417625427246,-0.0071660852372175
35.7495448529999,1.9999998807907104,-0.192308023571968,2.246695280075073,-0.0569082599013206
35.799544852999894,1.9999998807907104,-0.2289302349090576,2.2718117237091064,-0.0647689958470799
35.84954485299989,1.9999998807907104,-0.2509253621101379,2.278305530548096,-0.0515873777048801
35.899544852999895,1.9999998807907104,-0.3681382238864898,2.2984306812286377,-0.0861211035758693
35.94954485299989,1.9999998807907104,-0.4853510856628418,2.283035516738892,-0.088151502031406
35.9995448529999,1.9999998807907104,-0.4414044320583343,2.2980940341949463,-0.1023638965532002
36.04954485299989,1.9999998807907104,-0.1630102545022964,2.316534996032715,-0.0084954215379459
36.09954485299989,1.9999998807907104,-0.0,2.316534996032715,0.074903185305854
36.149544852999895,1.9999998807907104,-0.0238022562116384,2.329946756362915,0.0767833468386525
36.19954485299989,1.9999998807907104,-0.0384511388838291,2.3609659671783447,0.0071549501648076
36.24954485299989,1.9999998807907104,-0.0531000234186649,2.3381595611572266,-0.0234420337997842
36.29954485299989,1.9999998807907104,-0.0824195891618728,2.360658407211304,-0.0301418872808082
36.34954485299989,1.9999998807907104,-0.1410151273012161,2.3857693672180176,-0.0223821241431611
36.399544852999895,1.9999998807907104,-0.1776591390371322,2.4030230045318604,-0.0826858302775883
36.44954485299989,1.9999998807907104,-0.2142813503742218,2.385162830352783,-0.0799610216903792
36.49954485299989,1.9999998807907104,-0.3461649119853973,2.374549865722656,-0.1231273229548387
36.54954485299989,1.9999998807907104,-0.470702201128006,2.3516366481781006,-0.1349468942203212
36.59954485299989,1.9999998807907104,-0.4999999701976776,2.336006164550781,-0.1276569038816421
36.64954485299989,1.9999998807907104,-0.4999999701976776,2.3422975540161133,-0.0518470702418523
36.69954485299989,1.9999998807907104,-0.4047604501247406,2.351329803466797,-0.0312769963651923
36.74954485299989,1.9999998807907104,-0.3388404548168182,2.3545680046081543,0.0475547436433805
36.79954485299989,1.9999998807907104,-0.2289302349090576,2.371614933013916,0.016279049674225
36.84954485299989,1.9999998807907104,-0.0970684736967086,2.375248670578003,0.0612724424361979
36.89954485299989,1.9999998807907104,-0.045775581151247,2.3739733695983887,0.037958464092337
36.94954485299989,1.9999998807907104,-0.0,2.366096258163452,0.0283578510922786
36.99954485299989,1.9999998807907104,-0.0,2.3519906997680664,-0.0152430441653928
37.04954485299989,1.9999998807907104,-0.0,2.398634910583496,-0.0056052965709804
37.09954485299989,1.9999998807907104,-0.0164778139442205,2.3871400356292725,-0.1404380003951625
37.14954485299989,1.9999998807907104,-0.1776591390371322,2.3871400356292725,-0.1194169934034172
37.19954485299989,1.9999998807907104,-0.3021964430809021,2.373853921890259,-0.1453664208164908
37.24954485299989,1.9999998807907104,-0.3974359929561615,2.3551442623138428,-0.1640969960353232
37.29954485299989,1.9999998807907104,-0.4999999701976776,2.336765050888061,-0.0594288690161463
37.34954485299989,1.9999998807907104,-0.4414044320583343,2.36157774925232,-0.0273668641256784
37.39954485299989,1.9999998807907104,-0.3315160274505615,2.3445489406585693,0.0265248255532644
37.449544852999885,1.9999998807907104,-0.2582497894763946,2.3643569946289062,0.0561569614040501
37.49954485299989,1.9999998807907104,-0.1556858122348785,2.3315529823303223,0.0194799864368133
37.54954485299989,1.9999998807907104,-0.0750951468944549,2.341308116912842,0.0121028329042465
37.59954485299989,1.9999998807907104,-0.0,2.3442606925964355,-0.0152799439360805
37.64954485299989,1.9999998807907104,-0.0,2.343713760375977,0.0298857556604158
37.699544852999885,1.9999998807907104,-0.0,2.332211971282959,0.0237384361800637
37.74954485299989,1.9999998807907104,-0.0,2.330193042755127,0.0437525971562505
37.79954485299989,1.9999998807907104,-0.1190418004989624,2.32517957687378,-0.0517443415288188
37.84954485299989,1.9999998807907104,-0.2216057926416397,2.337733745574951,-0.0730982655459385
37.89954485299989,1.9999998807907104,-0.3168453276157379,2.3614866733551025,-0.0242444700164506
37.949544852999885,1.9999998807907104,-0.3681382238864898,2.359160661697388,-0.0942324043196968
37.99954485299989,1.9999998807907104,-0.470702201128006,2.353502035140991,-0.0784206975584562
38.04954485299989,1.9999998807907104,-0.470702201128006,2.349117994308472,-0.0550798028756934
38.09954485299989,1.9999998807907104,-0.067770704627037,2.362745523452759,-0.0262679660684901
38.14954485299989,1.9999998807907104,-0.0,2.353606939315796,-0.0133214308516428
38.199544852999885,1.9999998807907104,-0.0,2.3581860065460205,0.0467526339611631
38.24954485299988,1.9999998807907104,-0.0,2.3530611991882324,0.0779656798294943
38.29954485299989,1.9999998807907104,-0.0,2.3530611991882324,0.023278976744472
38.39954485299988,1.9999998807907104,-0.0384511388838291,2.340830087661743,0.028549287312944
38.449544852999885,1.9999998807907104,-0.067770704627037,2.3223111629486084,0.0127882233705718
38.49954485299988,1.9999998807907104,-0.1263662427663803,2.332509994506836,0.0106675165907805
38.54954485299989,1.9999998807907104,-0.192308023571968,2.3182613849639893,-0.0889918609518985
38.59954485299989,1.9999998807907104,-0.2509253621101379,2.334614515304565,-0.0917111384787918
38.64954485299988,1.9999998807907104,-0.2802231311798095,2.3364295959472656,-0.064528794079943
38.699544852999885,1.9999998807907104,-0.0091533726081252,2.334624528884888,-0.079967701119638
38.74954485299988,1.9999998807907104,-0.0,2.3321352005004883,-0.0932399349795422
38.79954485299988,1.9999998807907104,-0.0,2.343099594116211,0.022428018380983
39.34954485299989,1.9999998807907104,-0.045775581151247,2.33398699760437,0.0178547028196851
39.39954485299988,1.9999998807907104,-0.045775581151247,2.3197262287139893,0.0344110302105248
39.44954485299988,1.9999998807907104,-0.0897440314292907,2.33088755607605,0.0426591690997648
39.49954485299988,1.9999998807907104,-0.4926755428314209,2.310751676559448,-0.0477991567183115
39.54954485299988,1.9999998807907104,-0.4999999701976776,2.324641466140747,-0.0706332237389293
39.59954485299988,1.9999998807907104,-0.4999999701976776,2.3413870334625244,-0.0725714219460598
39.69954485299988,1.9999998807907104,-0.4047604501247406,2.348961114883423,-0.0696371400742649
39.74954485299988,1.9999998807907104,-0.4047604501247406,2.338443756103516,-0.1151072160646182
39.79954485299988,1.9999998807907104,-0.0164778139442205,2.354112386703491,-0.0797489058824598
39.84954485299988,1.9999998807907104,-0.0,2.341038465499878,-0.0377087267206887
39.89954485299988,1.9999998807907104,-0.0,2.341038465499878,-0.0333428129839382
40.69954485299988,1.9999998807907104,-0.0,2.316170215606689,0.013689046600962
40.74954485299988,1.9999998807907104,-0.0,2.3253157138824463,0.0246647711806078
40.79954485299987,1.9999998807907104,-0.0,2.3037703037261963,0.0311792731426152
40.84954485299988,1.9999998807907104,-0.0,2.3037703037261963,0.0311792731426152
40.899544852999874,1.9999998807907104,-0.0,2.307194232940674,0.0127552094126225
40.94954485299988,1.9999998807907104,-0.0,2.3071603775024414,0.0163089166686993
40.99954485299988,1.9999998807907104,-0.0,2.304484605789185,0.030304872348098
41.04954485299987,1.9999998807907104,-0.0,2.304484605789185,0.030304872348098
41.09954485299988,1.9999998807907104,-0.0,2.298664093017578,0.0705736842118351
41.149544852999874,1.9999998807907104,-0.0,2.303052425384521,0.0113947652849594
41.19954485299987,1.9999998807907104,-0.0,2.298966646194458,0.0474289856134508
41.24954485299988,1.9999998807907104,-0.0,2.288313627243042,0.0334101089822041
41.29954485299987,1.9999998807907104,-0.0,2.288313627243042,0.0334101089822041
41.34954485299987,1.9999998807907104,-0.0,2.29809045791626,0.0090498098728963
41.399544852999874,1.9999998807907104,-0.0,2.291065454483032,0.0279187445718849
41.44954485299987,1.9999998807907104,-0.0,2.3030545711517334,0.0450883140992135
41.49954485299988,1.9999998807907104,-0.0,2.291616201400757,0.0263346217904084
41.54954485299987,1.9999998807907104,-0.0,2.3024041652679443,0.025056470877101
41.59954485299987,1.9999998807907104,-0.0,2.3024041652679443,0.019153973204219
41.649544852999874,1.9999998807907104,-0.0,2.2940330505371094,0.019153973204219
41.69954485299987,1.9999998807907104,-0.0,2.301657199859619,0.0279678714494443
41.74954485299988,1.9999998807907104,-0.0,2.292464017868042,0.0263043013060833
41.79954485299987,1.9999998807907104,-0.0,2.298088788986206,0.036844012323727
41.84954485299987,1.9999998807907104,-0.0,2.290530204772949,0.0114879415022099
41.899544852999874,1.9999998807907104,-0.0,2.3044214248657227,0.0664984889592892
41.94954485299987,1.9999998807907104,-0.0,2.291281223297119,0.0016720770360442
41.99954485299987,1.9999998807907104,-0.0,2.299734354019165,0.0281824061203093
42.04954485299987,1.9999998807907104,-0.0,2.299734354019165,0.0327340453909438
42.09954485299987,1.9999998807907104,-0.0,2.297818183898926,0.0327340453909438
42.14954485299987,1.9999998807907104,-0.0,2.295034885406494,0.0111722612953385
42.19954485299987,1.9999998807907104,-0.0,2.30000376701355,0.0419931416723024
42.24954485299987,1.9999998807907104,-0.0,2.301069736480713,0.021826952564381
42.29954485299987,1.9999998807907104,-0.0,2.2978057861328125,0.004697798432248
42.34954485299987,1.9999998807907104,-0.0,2.297232389450073,0.0105675343806943
42.39954485299987,1.9999998807907104,-0.0,2.2963085174560547,0.0181551247979539
42.44954485299987,1.9999998807907104,-0.0,2.292598485946656,-0.0009378626866329
42.49954485299987,1.9999998807907104,-0.0,2.3046979904174805,0.0370381695100248
42.54954485299987,1.9999998807907104,-0.0,2.2975194454193115,-0.0075756076905803
42.59954485299987,1.9999998807907104,-0.0,2.300246000289917,0.0092664808317025
42.64954485299987,1.9999998807907104,-0.0,2.294960260391236,0.0150182595840396
42.69954485299987,1.9999998807907104,-0.0,2.2922892570495605,0.011516848042076
42.74954485299987,1.9999998807907104,-0.0,2.296904325485229,-0.0018103706481246
42.799544852999865,1.9999998807907104,-0.0,2.299970388412476,-0.0129468343200641
42.84954485299987,1.9999998807907104,-0.0750951468944549,2.299970388412476,0.025238739716743
42.89954485299987,1.9999998807907104,-0.0750951468944549,2.298683881759644,0.025238739716743
42.94954485299986,1.9999998807907104,-0.1776591390371322,2.299933195114136,0.0163521092896039
42.99954485299987,1.9999998807907104,-0.24360091984272,2.309903621673584,-0.0951198876456898
43.049544852999865,1.9999998807907104,-0.3095209002494812,2.318495750427246,-0.0606838194433113
43.09954485299987,1.9999998807907104,-0.3974359929561615,2.3306424617767334,-0.0732905044563519
43.14954485299987,1.9999998807907104,-0.4999999701976776,2.338286638259888,-0.0738439896160529
43.19954485299986,1.9999998807907104,-0.4999999701976776,2.336477279663086,-0.1053837372861492
43.24954485299987,1.9999998807907104,-0.4999999701976776,2.322238206863404,-0.1309879776144011
43.299544852999865,1.9999998807907104,-0.4999999701976776,2.327467918395996,-0.1428009210913633
43.34954485299987,1.9999998807907104,-0.4999999701976776,2.328648805618286,-0.1611355944181161
43.39954485299987,1.9999998807907104,-0.3827871084213257,2.335432291030884,-0.1301645996862438
43.44954485299986,1.9999998807907104,-0.2362764775753021,2.331829786300659,-0.0972119419681712
43.49954485299987,1.9999998807907104,-0.199632465839386,2.339451313018799,-0.0296121464475461
43.549544852999865,1.9999998807907104,-0.0824195891618728,2.345069169998169,-0.023427446316422
43.59954485299986,1.9999998807907104,-0.0531000234186649,2.324258327484131,0.061863430592084
43.64954485299987,1.9999998807907104,-0.0,2.3302648067474365,0.0433806742917608
43.69954485299986,1.9999998807907104,-0.0,2.3170623779296875,0.0151212498281216
43.74954485299986,1.9999998807907104,-0.0,2.32090425491333,0.0039613102585163
43.799544852999865,1.9999998807907104,-0.0,2.323702335357666,0.0107344764114382
43.84954485299986,1.9999998807907104,-0.0,2.32440447807312,0.0280592965199728
43.89954485299987,1.9999998807907104,-0.0,2.32440447807312,0.0395879773172971
43.94954485299986,1.9999998807907104,-0.0,2.3223652839660645,0.0473471493378308
43.99954485299986,1.9999998807907104,-0.0,2.293813705444336,-0.0012214444844035
44.049544852999865,1.9999998807907104,-0.0,2.301623821258545,0.0390137629185433
44.09954485299986,1.9999998807907104,-0.0,2.2965681552886963,0.0204552746669367
44.14954485299987,1.9999998807907104,-0.0384511388838291,2.2928690910339355,0.0274008598511495
44.19954485299986,1.9999998807907104,-0.0970684736967086,2.293149948120117,0.0089730501660803
44.24954485299986,1.9999998807907104,-0.1703346967697143,2.2856361865997314,0.0300689969993278
44.299544852999865,1.9999998807907104,-0.4633777737617492,2.308900594711304,-0.1113185415539194
44.34954485299986,1.9999998807907104,-0.4047604501247406,2.3254127502441406,-0.1020182754986222
44.39954485299986,1.9999998807907104,-0.0,2.322275400161743,0.0374909348439288
44.44954485299986,1.9999998807907104,-0.0,2.3295748233795166,0.0392121283805623
44.49954485299986,1.9999998807907104,-0.0,2.356858253479004,0.0119641662540232
44.54954485299986,1.9999998807907104,-0.0,2.3452746868133545,0.0137644995512327
44.59954485299986,1.9999998807907104,-0.0,2.3452746868133545,0.0315259153132911
44.64954485299986,1.9999998807907104,-0.0,2.3433358669281006,0.0315259153132911
44.69954485299986,1.9999998807907104,-0.0,2.3291234970092773,0.0384656242841643
44.74954485299986,1.9999998807907104,-0.0,2.3374037742614746,0.0421923459359306
44.79954485299986,1.9999998807907104,-0.0,2.318563461303711,0.0128310934475502
44.84954485299986,1.9999998807907104,-0.0,2.3163397312164307,0.0146520829990031
44.89954485299986,1.9999998807907104,-0.0,2.301912546157837,0.0301883955823832
44.94954485299986,1.9999998807907104,-0.0,2.2857377529144287,0.0146572997968074
44.99954485299986,1.9999998807907104,-0.0,2.3039536476135254,0.0420302814876866
46.19954485299986,1.9999998807907104,-0.0,2.2447454929351807,0.0317329654602071
46.249544852999854,1.9999998807907104,-0.0,2.25430965423584,0.0323776104187195
46.29954485299986,1.9999998807907104,-0.0,2.2466273307800293,0.0120024132574072
46.499544852999854,1.9999998807907104,-0.0,2.242548704147339,0.0011134122872186
46.54954485299986,1.9999998807907104,-0.0,2.253114938735962,0.0028165260099372
46.599544852999855,1.9999998807907104,-0.0,2.240930557250977,-0.0213448762919191
46.64954485299985,1.9999998807907104,-0.0,2.2563157081604004,0.0212578817251674
46.69954485299986,1.9999998807907104,-0.0,2.2443480491638184,0.0347428875922994
46.79954485299985,1.9999998807907104,-0.0,2.2380895614624023,0.0307620160384174
46.849544852999855,1.9999998807907104,-0.0,2.2470386028289795,0.0275029210594165
46.89954485299985,1.9999998807907104,-0.0,2.228022575378418,0.0032162862703654
46.94954485299985,1.9999998807907104,-0.0,2.2413113117218018,0.018756102153968
46.999544852999854,1.9999998807907104,-0.0,2.242293357849121,-9.807217180833648e-05
47.39954485299985,1.9999998807907104,-0.0604462660849094,2.252267837524414,0.0168143169947531
47.44954485299985,1.9999998807907104,-0.0604462660849094,2.247056722640991,0.0111028130877897
47.499544852999854,1.9999998807907104,-0.1556858122348785,2.250648021697998,0.0160181175737785
47.54954485299985,1.9999998807907104,-0.4999999701976776,2.2429239749908447,-0.0285181250247206
47.59954485299985,1.9999998807907104,-0.4999999701976776,2.272592782974243,-0.0903286174855662
47.64954485299985,1.9999998807907104,-0.4121066629886627,2.297585964202881,-0.047621592529024
47.69954485299985,1.9999998807907104,-0.2875475585460663,2.303734540939331,-0.0630748468884752
47.74954485299985,1.9999998807907104,-0.1776591390371322,2.30196475982666,-0.0875057116209367
47.79954485299985,1.9999998807907104,-0.0,2.2877933979034424,-0.0828518982433576
47.84954485299985,1.9999998807907104,-0.0,2.31299376487732,-0.0139581511889357
47.89954485299985,1.9999998807907104,-0.0,2.3066275119781494,-0.0111445601744138
47.94954485299985,1.9999998807907104,-0.0,2.311939716339112,0.0376258697722785
47.99954485299985,1.9999998807907104,-0.0,2.311939716339112,0.0074413920449569
48.04954485299985,1.9999998807907104,-0.0,2.303373336791992,0.0314865203184313
48.09954485299985,1.9999998807907104,-0.0,2.296492099761963,0.026405153566737
48.14954485299985,1.9999998807907104,-0.0,2.3003175258636475,0.0266186474771325
48.19954485299985,1.9999998807907104,-0.0,2.2880003452301025,0.0318103207559339
48.24954485299985,1.9999998807907104,-0.0,2.28674578666687,0.021285063676101
48.29954485299985,1.9999998807907104,-0.0,2.2836556434631348,0.0241130673732719
48.74954485299985,1.9999998807907104,0.0384729392826557,2.2607288360595703,0.0189343705957514
48.79954485299984,1.9999998807907104,0.0384729392826557,2.270158529281616,0.0364121182494637
48.84954485299985,1.9999998807907104,0.2509471476078033,2.258695602416992,0.0269256023855511
48.899544852999846,1.9999998807907104,0.338862270116806,2.258740186691284,0.0789549858622212
48.94954485299985,1.9999998807907104,0.3754844665527344,2.265641212463379,0.1124077456496469
48.99954485299985,1.9999998807907104,0.3901333510875702,2.305079460144043,0.0639211970011629
49.04954485299984,1.9999998807907104,0.3974578082561493,2.338553667068481,0.0670144122638523
49.09954485299985,1.9999998807907104,0.3974578082561493,2.3866536617279053,0.1062379401171755
49.149544852999846,1.9999998807907104,0.338862270116806,2.376835584640503,0.1208745322836666
49.19954485299984,1.9999998807907104,0.338862270116806,2.3767521381378174,0.1638679226344923
49.24954485299985,1.9999998807907104,0.3461866974830627,2.348421335220337,0.1374123858298927
49.29954485299984,1.9999998807907104,0.4999999701976776,2.335261821746826,0.1752485370033304
49.34954485299984,1.9999998807907104,0.4999999701976776,2.306592464447021,0.1680694804340306
49.399544852999846,1.9999998807907104,0.4853729009628296,2.28488826751709,0.1594383293725775
49.44954485299984,1.9999998807907104,0.4853729009628296,2.28488826751709,0.1890598565668375
49.49954485299985,1.9999998807907104,0.4853729009628296,2.273730516433716,0.2302574882241938
49.54954485299984,1.9999998807907104,0.4926973283290863,2.2697222232818604,0.1876700907412875
49.59954485299984,1.9999998807907104,0.4926973283290863,2.2647714614868164,0.1721237707244108
49.649544852999846,1.9999998807907104,0.4853729009628296,2.273674488067627,0.2341856919661974
49.69954485299984,1.9999998807907104,0.4853729009628296,2.267113208770752,0.2319469658647779
49.74954485299985,1.9999998807907104,0.4853729009628296,2.2754218578338623,0.204135377577459
49.79954485299984,1.9999998807907104,0.4926973283290863,2.2754218578338623,0.2334661740232699
49.84954485299984,1.9999998807907104,0.4853729009628296,2.2724697589874268,0.2320001569632276
49.899544852999846,1.9999998807907104,0.4853729009628296,2.2832143306732178,0.2320001569632276
49.94954485299984,1.9999998807907104,0.4853729009628296,2.26560640335083,0.2663106295574649
49.99954485299984,1.9999998807907104,0.4926973283290863,2.277914762496948,0.2187847753781099
50.04954485299984,1.9999998807907104,0.4853729009628296,2.2745954990386963,0.2349069972913787
50.09954485299984,1.9999998807907104,0.4707240164279938,2.2849233150482178,0.2255255522221075
50.14954485299984,1.9999998807907104,0.4633995592594147,2.2889020442962646,0.2197497542585021
50.19954485299984,1.9999998807907104,0.3315378129482269,2.288447618484497,0.2656095705331148
50.24954485299984,1.9999998807907104,0.3095426857471466,2.2911434173583984,0.2428871823342212
50.29954485299984,1.9999998807907104,0.2948938012123108,2.2906746864318848,0.204836272560082
50.34954485299984,1.9999998807907104,0.2289520353078842,2.290657758712769,0.1954068317619723
50.39954485299984,1.9999998807907104,0.1923298239707946,2.293189764022827,0.1601352058981999
50.44954485299984,1.9999998807907104,0.1483831703662872,2.2918291091918945,0.1815131326975208
50.49954485299984,1.9999998807907104,0.119063600897789,2.305330514907837,0.0947332789300878
50.54954485299984,1.9999998807907104,0.1263880431652069,2.304954767227173,0.151367548525663
50.59954485299984,1.9999998807907104,0.0677925050258636,2.299159526824951,0.0429293588741518
50.64954485299984,1.9999998807907104,0.0604680627584457,2.299159526824951,0.0337579435619903
50.69954485299984,1.9999998807907104,0.0457973815500736,2.3157877922058105,0.0159399672923417
50.74954485299984,1.9999998807907104,0.0384729392826557,2.3052823543548584,-0.0033923615376639
50.79954485299984,1.9999998807907104,0.0384729392826557,2.326235771179199,0.0519307656587924
50.84954485299984,1.9999998807907104,0.0238240547478199,2.308300495147705,0.0258583133779098
50.89954485299984,1.9999998807907104,0.0238240547478199,2.314777612686157,-5.959821814166457e-06
50.94954485299984,1.9999998807907104,-0.0,2.2932043075561523,0.0428026497127627
50.99954485299984,1.9999998807907104,-0.0,2.3001081943511963,0.0293981770144329
51.04954485299984,1.9999998807907104,0.0238240547478199,2.2969019412994385,0.0487805195580232
51.09954485299984,1.9999998807907104,0.0238240547478199,2.2843992710113525,0.0310642163400632
51.14954485299984,1.9999998807907104,0.0384729392826557,2.29336166381836,0.045529100755353
51.19954485299984,1.9999998807907104,0.0824413895606994,2.274533748626709,0.0460955152600936
51.24954485299984,1.9999998807907104,0.1117391586303711,2.3156654834747314,0.0953624685912364
51.29954485299984,1.9999998807907104,0.1410369277000427,2.327537775039673,0.0592687818118847
51.34954485299984,1.9999998807907104,0.1557076126337051,2.369029998779297,0.0677408566475391
51.39954485299984,1.9999998807907104,0.1483831703662872,2.3754336833953857,0.0939571760507536
51.44954485299984,1.9999998807907104,0.119063600897789,2.3567254543304443,0.0411012624773473
51.49954485299984,1.9999998807907104,0.0970902740955352,2.361887216567993,0.0073746955899096
51.54954485299984,1.9999998807907104,0.0751169472932815,2.35784125328064,0.138482560011304
51.59954485299984,1.9999998807907104,0.0677925050258636,2.35784125328064,0.1262474329863509
51.64954485299984,1.9999998807907104,0.1557076126337051,2.3390212059021,0.0986383936582027
51.69954485299984,1.9999998807907104,0.1996542662382125,2.316335678100586,0.0738938231631329
51.74954485299983,1.9999998807907104,0.2143031507730484,2.3238704204559326,0.064159218173128
51.79954485299984,1.9999998807907104,0.2436227053403854,2.3139593601226807,0.1305619550548468
51.84954485299984,1.9999998807907104,0.280244916677475,2.31256365776062,0.094905125540129
51.89954485299984,1.9999998807907104,0.2509471476078033,2.312310218811035,0.1146981948525699
51.94954485299984,1.9999998807907104,0.2216275930404663,2.305482864379883,0.0954190620117156
51.99954485299983,1.9999998807907104,0.1923298239707946,2.3086600303649902,0.1020618562430247
52.04954485299984,1.9999998807907104,0.163032054901123,2.2995049953460693,0.1093377762032057
52.09954485299984,1.9999998807907104,0.1483831703662872,2.304163932800293,0.1013403273475359
52.14954485299984,1.9999998807907104,0.1483831703662872,2.2933919429779053,0.1178331647196229
52.19954485299984,1.9999998807907104,0.1483831703662872,2.311791181564331,0.1056926396397424
52.24954485299983,1.9999998807907104,0.1337124854326248,2.3092527389526367,0.0834945902729069
52.29954485299984,1.9999998807907104,0.1117391586303711,2.3330986499786377,0.0056283988460464
52.34954485299984,1.9999998807907104,0.0970902740955352,2.327181339263916,-0.0052893964218515
52.39954485299983,1.9999998807907104,0.0604680627584457,2.332162857055664,0.0184802996793546
52.44954485299984,1.9999998807907104,0.0238240547478199,2.338252305984497,0.0365364484893309
52.49954485299983,1.9999998807907104,-0.0,2.3372671604156494,-0.0192817598534436
52.54954485299983,1.9999998807907104,-0.0,2.32653546333313,-0.026521830492507
52.59954485299984,1.9999998807907104,-0.0,2.3322556018829346,0.0421976803181789
52.64954485299983,1.9999998807907104,-0.0,2.322519063949585,0.0263197983734365
52.69954485299984,1.9999998807907104,-0.0,2.3205158710479736,0.0291495787017378
52.74954485299983,1.9999998807907104,0.0384729392826557,2.3260018825531006,0.0279519637267385
52.79954485299983,1.9999998807907104,0.0604680627584457,2.320163488388061,0.0140056035568878
52.84954485299984,1.9999998807907104,0.0457973815500736,2.32279634475708,0.0051558192011384
52.89954485299983,1.9999998807907104,0.0311484970152378,2.315917015075684,0.0311820332640944
52.94954485299984,1.9999998807907104,0.0238240547478199,2.315372467041016,-0.0057206670292581
52.99954485299983,1.9999998807907104,0.0384729392826557,2.316767454147339,0.0429337467806068
53.04954485299983,1.9999998807907104,0.0677925050258636,2.3119962215423584,-0.0036667410851737
53.09954485299984,1.9999998807907104,0.0164996143430471,2.307285785675049,-0.0387704428164092
53.14954485299983,1.9999998807907104,0.0018507295753806,2.309830904006958,0.0994690947572872
53.24954485299983,1.9999998807907104,-0.0,2.3227198123931885,-0.0893423969945092
53.29954485299983,1.9999998807907104,-0.0,2.3252859115600586,-0.0268438515704225
53.34954485299983,1.9999998807907104,-0.0,2.301527500152588,0.033584449295835
53.39954485299983,1.9999998807907104,0.0164996143430471,2.326133966445923,0.0533235436371259
53.44954485299983,1.9999998807907104,0.0164996143430471,2.321020126342773,0.0318600202672023
53.49954485299983,1.9999998807907104,0.0604680627584457,2.3148887157440186,-0.0199367390135214
53.54954485299983,1.9999998807907104,0.0604680627584457,2.334573268890381,-0.0060136997514502
53.59954485299983,1.9999998807907104,0.0970902740955352,2.305712938308716,0.0399842441308825
53.64954485299983,1.9999998807907104,0.1044147163629531,2.3432326316833496,0.0994270971993634
53.69954485299983,1.9999998807907104,0.1410369277000427,2.3420302867889404,0.0808725142024192
53.74954485299983,1.9999998807907104,0.1996542662382125,2.37778377532959,0.032449029974549
53.79954485299983,1.9999998807907104,0.1996542662382125,2.4175825119018555,0.1321980954588698
53.84954485299983,1.9999998807907104,0.1996542662382125,2.4289023876190186,0.124663101909965
53.89954485299983,1.9999998807907104,0.1996542662382125,2.438957691192627,0.107378932322612
53.94954485299983,1.9999998807907104,0.2143031507730484,2.4021592140197754,0.1167874073714453
53.99954485299983,1.9999998807907104,0.2143031507730484,2.4056315422058105,0.1174348722921381
54.04954485299983,1.9999998807907104,0.2362982630729675,2.3830487728118896,0.0980548811251649
54.09954485299983,1.9999998807907104,0.2655960321426391,2.3806188106536865,0.1437747741675723
54.149544852999824,1.9999998807907104,0.2655960321426391,2.363736152648926,0.096106488527287
54.19954485299983,1.9999998807907104,0.2362982630729675,2.3639976978302,0.1352551483516023
54.24954485299983,1.9999998807907104,0.2143031507730484,2.348371982574463,0.133495642019436
54.29954485299983,1.9999998807907104,0.2289520353078842,2.354408025741577,0.1565301686543746
54.34954485299983,1.9999998807907104,0.2436227053403854,2.337869167327881,0.0690564750637541
54.399544852999824,1.9999998807907104,0.2729204893112182,2.335233449935913,0.1071922025793202
54.44954485299983,1.9999998807907104,0.2655960321426391,2.3320438861846924,0.1136902536950962
54.49954485299983,1.9999998807907104,0.2655960321426391,2.334794044494629,0.1256988275335961
54.54954485299983,1.9999998807907104,0.2582716047763824,2.32623291015625,0.1098937441485131
54.59954485299983,1.9999998807907104,0.2362982630729675,2.315991401672364,0.0825015069955439
54.649544852999824,1.9999998807907104,0.2143031507730484,2.313598155975342,0.1054023219055624
54.69954485299983,1.9999998807907104,0.2143031507730484,2.30831241607666,0.1461294163050425
54.74954485299983,1.9999998807907104,0.2216275930404663,2.3223044872283936,0.0837346945124537
54.79954485299982,1.9999998807907104,0.2216275930404663,2.312802791595459,0.1331572319454449
54.84954485299983,1.9999998807907104,0.2216275930404663,2.312802791595459,0.0818375613825372
54.899544852999824,1.9999998807907104,0.2143031507730484,2.306764841079712,0.110813384639876
54.94954485299982,1.9999998807907104,0.2143031507730484,2.3228652477264404,0.1166547416245556
54.99954485299983,1.9999998807907104,0.2216275930404663,2.3090627193450928,0.1144853198567424
55.04954485299982,1.9999998807907104,0.2289520353078842,2.321726083755493,0.1247798206194663
55.09954485299983,1.9999998807907104,0.2143031507730484,2.31249737739563,0.0874876620336737
55.149544852999824,1.9999998807907104,0.1996542662382125,2.31707763671875,0.0860913024341964
55.19954485299982,1.9999998807907104,0.1996542662382125,2.307612180709839,0.1527157405815765
55.24954485299983,1.9999998807907104,0.1996542662382125,2.307567834854126,0.1028389921600145
55.29954485299982,1.9999998807907104,0.1996542662382125,2.314134120941162,0.1243838198138117
55.34954485299983,1.9999998807907104,0.2216275930404663,2.313833236694336,0.1164896380663596
55.399544852999824,1.9999998807907104,0.2362982630729675,2.31875228881836,0.1166361110908756
55.44954485299982,1.9999998807907104,0.2362982630729675,2.3080379962921143,0.1108770041826628
55.49954485299983,1.9999998807907104,0.2216275930404663,2.315866470336914,0.1098684761977148
55.54954485299982,1.9999998807907104,0.2069787085056305,2.3083081245422363,0.122892751442262
55.59954485299982,1.9999998807907104,0.1923298239707946,2.305872201919556,0.0893375318692492
55.649544852999824,1.9999998807907104,0.1996542662382125,2.3073296546936035,0.0848367439844731
55.69954485299982,1.9999998807907104,0.2216275930404663,2.3146984577178955,0.1044609437648351
55.74954485299982,1.9999998807907104,0.2069787085056305,2.3091917037963867,0.0961603864533543
55.79954485299982,1.9999998807907104,0.1923298239707946,2.326651334762573,0.0927435831108738
55.84954485299982,1.9999998807907104,0.1850053817033767,2.3174281120300293,0.1369205433926335
55.899544852999824,1.9999998807907104,0.1850053817033767,2.3177149295806885,0.120128412630322
55.94954485299982,1.9999998807907104,0.1850053817033767,2.32303524017334,0.1160959034535225
55.99954485299982,1.9999998807907104,0.1996542662382125,2.3225297927856445,0.1064575671200647
56.04954485299982,1.9999998807907104,0.2143031507730484,2.3309266567230225,0.0871934189532099
56.09954485299982,1.9999998807907104,0.2362982630729675,2.316997528076172,0.1160313328799479
56.149544852999824,1.9999998807907104,0.2655960321426391,2.335798740386963,0.0777513550195965
56.19954485299982,1.9999998807907104,0.2655960321426391,2.335942029953003,0.0915597196317784
56.24954485299982,1.9999998807907104,0.3095426857471466,2.345627784729004,0.0972139405702328
56.29954485299982,1.9999998807907104,0.338862270116806,2.3366446495056152,0.0788058311971062
56.34954485299982,1.9999998807907104,0.3828089237213135,2.347839832305908,0.1202801600561406
56.39954485299982,1.9999998807907104,0.3681600391864776,2.339257001876831,0.1708379972754609
56.44954485299982,1.9999998807907104,0.3608355820178985,2.348680257797241,0.1175795050605115
56.49954485299982,1.9999998807907104,0.3681600391864776,2.3258213996887207,0.173209541232196
56.549544852999816,1.9999998807907104,0.3608355820178985,2.334033727645874,0.1760338736396194
56.59954485299982,1.9999998807907104,0.3608355820178985,2.323548555374145,0.1744462076598058
56.64954485299982,1.9999998807907104,0.3681600391864776,2.3347651958465576,0.1748710917530438
56.69954485299982,1.9999998807907104,0.3681600391864776,2.32977294921875,0.1766043246023726
56.74954485299982,1.9999998807907104,0.3608355820178985,2.3339757919311523,0.1781591885764477
56.799544852999816,1.9999998807907104,0.3608355820178985,2.3359968662261963,0.1593080052118868
56.84954485299982,1.9999998807907104,0.3461866974830627,2.332526206970215,0.2159461842703588
56.89954485299982,1.9999998807907104,0.3608355820178985,2.3318257331848145,0.1896485943457548
56.94954485299982,1.9999998807907104,0.3901333510875702,2.3316333293914795,0.199380894285594
56.99954485299982,1.9999998807907104,0.404782235622406,2.321505546569824,0.1827152357217763
57.049544852999816,1.9999998807907104,0.3681600391864776,2.3138692378997803,0.1938633372802647
57.09954485299982,1.9999998807907104,0.3681600391864776,2.316709280014038,0.1912741321339187
57.14954485299982,1.9999998807907104,0.338862270116806,2.3150131702423096,0.2237023416315553
57.19954485299981,1.9999998807907104,0.338862270116806,2.322684526443481,0.2310670605575003
57.24954485299982,1.9999998807907104,0.3315378129482269,2.3075430393218994,0.2200708521160065
57.299544852999816,1.9999998807907104,0.338862270116806,2.314626216888428,0.2015186662346101
57.34954485299981,1.9999998807907104,0.3461866974830627,2.3142335414886475,0.2049009166296648
57.39954485299982,1.9999998807907104,0.338862270116806,2.326533555984497,0.2117206342386639
57.44954485299981,1.9999998807907104,0.338862270116806,2.325354814529419,0.1942978527005713
57.49954485299982,1.9999998807907104,0.338862270116806,2.3146779537200928,0.2078210640189893
57.549544852999816,1.9999998807907104,0.338862270116806,2.319481611251831,0.2086617340659533
57.59954485299981,1.9999998807907104,0.3608355820178985,2.3128767013549805,0.2224419228964993
57.64954485299982,1.9999998807907104,0.3681600391864776,2.321588516235352,0.2321391040554289
57.69954485299981,1.9999998807907104,0.3608355820178985,2.3125600814819336,0.2257374414114308
57.74954485299982,1.9999998807907104,0.3608355820178985,2.3262710571289062,0.2096963226908408
57.799544852999816,1.9999998807907104,0.3608355820178985,2.3287792205810547,0.2028485761983758
57.84954485299981,1.9999998807907104,0.3535111546516418,2.3318979740142822,0.2456060478115246
57.89954485299982,1.9999998807907104,0.3461866974830627,2.3294293880462646,0.2016556558748836
57.94954485299981,1.9999998807907104,0.3461866974830627,2.3392553329467773,0.2315631575530004
57.99954485299981,1.9999998807907104,0.338862270116806,2.313607215881348,0.2176922767480522
58.049544852999816,1.9999998807907104,0.338862270116806,2.333538293838501,0.1905365521752171
58.09954485299981,1.9999998807907104,0.338862270116806,2.3282599449157715,0.1991512772940546
58.14954485299981,1.9999998807907104,0.3315378129482269,2.3282296657562256,0.2119527441118786
58.19954485299981,1.9999998807907104,0.3242133855819702,2.3283607959747314,0.1954496180476009
58.24954485299981,1.9999998807907104,0.3242133855819702,2.32210111618042,0.2171027444166191
58.299544852999816,1.9999998807907104,0.3242133855819702,2.3295094966888428,0.222960291618943
58.34954485299981,1.9999998807907104,0.3315378129482269,2.322319507598877,0.2117888419262698
58.39954485299981,1.9999998807907104,0.2948938012123108,2.3264811038970947,0.1851038820566967
58.44954485299981,1.9999998807907104,0.2729204893112182,2.3077878952026367,0.2329910491112968
58.49954485299981,1.9999998807907104,0.2216275930404663,2.327512264251709,0.1743717339392123
58.549544852999816,1.9999998807907104,0.2509471476078033,2.321284055709839,0.2015258931374984
58.59954485299981,1.9999998807907104,0.2582716047763824,2.3141636848449707,0.1593989190204895
58.64954485299981,1.9999998807907104,0.2582716047763824,2.331880569458008,0.1542917936670288
58.69954485299981,1.9999998807907104,0.2362982630729675,2.331880569458008,0.1525225983744588
58.74954485299981,1.9999998807907104,0.2069787085056305,2.317889213562012,0.1625056808266844
58.79954485299981,1.9999998807907104,0.1776809394359588,2.3200602531433105,0.1816980299499346
58.84954485299981,1.9999998807907104,0.163032054901123,2.311697483062744,0.1628231390301868
58.89954485299981,1.9999998807907104,0.1410369277000427,2.317159652709961,0.1576411245516619
58.94954485299981,1.9999998807907104,0.1410369277000427,2.3190414905548096,0.1450448099757768
58.99954485299981,1.9999998807907104,0.1410369277000427,2.316143274307251,0.111509494760777
59.04954485299981,1.9999998807907104,0.1410369277000427,2.322473287582397,0.100103370621394
59.09954485299981,1.9999998807907104,0.1263880431652069,2.315729141235352,0.1030901088918087
59.14954485299981,1.9999998807907104,0.1117391586303711,2.320634603500366,0.0837667064023385
59.19954485299981,1.9999998807907104,0.0457973815500736,2.315771102905273,0.0630601042140095
59.24954485299981,1.9999998807907104,0.0604680627584457,2.3341610431671143,0.0056005989331368
59.29954485299981,1.9999998807907104,0.0824413895606994,2.324984073638916,0.0110845242663582
59.34954485299981,1.9999998807907104,0.1044147163629531,2.3410532474517822,0.0493281281890666
59.39954485299981,1.9999998807907104,0.0824413895606994,2.3556222915649414,0.091341945872016
59.44954485299981,1.9999998807907104,0.0824413895606994,2.392758369445801,0.0741522863449812
59.49954485299981,1.9999998807907104,0.1044147163629531,2.396576166152954,0.0727297080412151
59.54954485299981,1.9999998807907104,0.1337124854326248,2.409581422805786,0.0511400761542602
59.599544852999806,1.9999998807907104,0.163032054901123,2.3853354454040527,0.0735147898657114
59.64954485299981,1.9999998807907104,0.1557076126337051,2.393015623092652,0.0865118145935336
59.69954485299981,1.9999998807907104,0.1557076126337051,2.3757684230804443,0.1001697608502689
59.74954485299981,1.9999998807907104,0.1557076126337051,2.369227170944214,0.0980631402851014
59.79954485299981,1.9999998807907104,0.1263880431652069,2.369188070297241,0.1223159843075045
59.849544852999806,1.9999998807907104,0.1410369277000427,2.3579249382019043,0.1074286536538258
59.89954485299981,1.9999998807907104,0.1410369277000427,2.356767177581787,0.0674090520341117
59.94954485299981,1.9999998807907104,0.1410369277000427,2.355018138885498,0.0605033274860551
59.99954485299981,1.9999998807907104,0.119063600897789,2.356264591217041,0.1068465487451413
60.04954485299981,1.9999998807907104,0.0970902740955352,2.344378471374512,0.0980115458350572
60.099544852999806,1.9999998807907104,0.0677925050258636,2.3470218181610107,0.051428588633507
60.14954485299981,1.9999998807907104,0.0677925050258636,2.3470218181610107,0.0479396562340676
60.19954485299981,1.9999998807907104,0.0677925050258636,2.343308687210083,0.0479396562340676
60.24954485299981,1.9999998807907104,0.0604680627584457,2.357208728790283,0.037687823861256
60.29954485299981,1.9999998807907104,0.0604680627584457,2.342403173446656,0.0258971947652796
60.349544852999806,1.9999998807907104,0.0677925050258636,2.3662428855896,0.0684923296469111
60.3995448529998,1.9999998807907104,0.1410369277000427,2.378779172897339,0.0727353672196717
60.44954485299981,1.9999998807907104,0.1923298239707946,2.419482469558716,0.0707514058354563
60.49954485299981,1.9999998807907104,0.1923298239707946,2.433611869812012,0.107402966283083
60.5495448529998,1.9999998807907104,0.1850053817033767,2.4382269382476807,0.1230479590564772
60.599544852999806,1.9999998807907104,0.1850053817033767,2.418522596359253,0.0979228199430912
60.6495448529998,1.9999998807907104,0.1263880431652069,2.383727788925171,0.106459438656573
60.69954485299981,1.9999998807907104,0.1410369277000427,2.3752341270446777,0.1026624261164101
60.74954485299981,1.9999998807907104,0.1703564971685409,2.3643157482147217,0.0804951988878057
60.7995448529998,1.9999998807907104,0.1850053817033767,2.3688788414001465,0.0879577600709704
60.849544852999806,1.9999998807907104,0.1776809394359588,2.335495710372925,0.1024213599859624
60.8995448529998,1.9999998807907104,0.1557076126337051,2.352175235748291,0.1173997960709692
60.94954485299981,1.9999998807907104,0.1410369277000427,2.337401866912842,0.0450194105703068
60.99954485299981,1.9999998807907104,0.1117391586303711,2.339086532592773,0.0739779484994237
61.0495448529998,1.9999998807907104,0.0970902740955352,2.3452980518341064,0.0811015709474991
61.099544852999806,1.9999998807907104,0.0091751711443066,2.332173585891724,0.0289838163816929
61.1495448529998,1.9999998807907104,0.0164996143430471,2.34171462059021,-0.019873633532138
61.1995448529998,1.9999998807907104,0.0164996143430471,2.3325085639953613,-0.008853330004459
61.24954485299981,1.9999998807907104,0.0164996143430471,2.3472225666046143,0.0196935842673177
61.2995448529998,1.9999998807907104,-0.0,2.3381247520446777,-0.0081680426428853
61.3495448529998,1.9999998807907104,-0.0,2.346031188964844,0.0562980656861368
61.3995448529998,1.9999998807907104,-0.0,2.360541582107544,-0.0120064703285795
61.4495448529998,1.9999998807907104,-0.0,2.33972716331482,0.0140633255752735
61.49954485299981,1.9999998807907104,-0.0,2.3397927284240723,-0.0330287623017587
61.5995448529998,1.9999998807907104,-0.0,2.3269920349121094,0.0204963546265774
61.6495448529998,1.9999998807907104,-0.0,2.325394630432129,0.0362420514748491
61.6995448529998,1.9999998807907104,-0.0,2.334702968597412,-0.0005395130233882
61.74954485299981,1.9999998807907104,0.0164996143430471,2.3207836151123047,-0.027237795795581
61.7995448529998,1.9999998807907104,0.0824413895606994,2.285988569259644,0.0233697218911259
61.8495448529998,1.9999998807907104,0.1263880431652069,2.301762819290161,0.0665130345835441
61.8995448529998,1.9999998807907104,0.1263880431652069,2.288630962371826,0.0935794320652898
61.9495448529998,1.9999998807907104,0.1263880431652069,2.3147835731506348,0.0989414236410126
61.9995448529998,1.9999998807907104,0.1117391586303711,2.343111515045166,0.0791118820682893
62.0495448529998,1.9999998807907104,0.1044147163629531,2.363070011138916,0.0503897657678207
62.0995448529998,1.9999998807907104,0.1044147163629531,2.375373363494873,0.0935826842022714
62.1495448529998,1.9999998807907104,0.1117391586303711,2.343333005905152,0.0869930104486598
62.1995448529998,1.9999998807907104,0.0677925050258636,2.3555779457092285,0.070396909887517
62.2495448529998,1.9999998807907104,-0.0,2.324546813964844,0.0852201658075489
62.2995448529998,1.9999998807907104,-0.0,2.3555681705474854,0.0629621600211691
62.3495448529998,1.9999998807907104,-0.0,2.346357822418213,-0.0044714723624653
62.3995448529998,1.9999998807907104,-0.0,2.3657655715942383,-0.0008094427047186
62.4495448529998,1.9999998807907104,-0.0,2.32551646232605,0.0459351050687831
62.4995448529998,1.9999998807907104,-0.0,2.350271224975586,0.0483362495389281
62.5495448529998,1.9999998807907104,-0.0,2.3203110694885254,0.0137908741069447
62.5995448529998,1.9999998807907104,-0.0,2.326253652572632,0.0180496595573811
62.6495448529998,1.9999998807907104,-0.0,2.30622935295105,0.0216438212947506
62.6995448529998,1.9999998807907104,-0.0,2.305246353149414,0.0016263639662975
62.7495448529998,1.9999998807907104,-0.0,2.301432847976685,0.0341983576838104
62.799544852999794,1.9999998807907104,-0.0,2.293596744537353,0.0510596894145157
62.8495448529998,1.9999998807907104,-0.0,2.296243190765381,-0.0085753109081341
62.8995448529998,1.9999998807907104,-0.0,2.2817060947418213,0.0133314372066058
62.94954485299979,1.9999998807907104,-0.0,2.281755208969116,0.0105789554014756
62.9995448529998,1.9999998807907104,-0.0,2.2753045558929443,0.0503553052708945
63.049544852999794,1.9999998807907104,-0.0,2.2797892093658447,0.00772267179617
63.0995448529998,1.9999998807907104,-0.0,2.2667336463928223,0.0104779673148208
63.1495448529998,1.9999998807907104,-0.0,2.2771482467651367,0.0086218590629585
63.19954485299979,1.9999998807907104,-0.0,2.263189554214477,0.0249348435079421
63.2495448529998,1.9999998807907104,-0.0,2.264776468276977,0.0011203021702578
63.299544852999794,1.9999998807907104,-0.0,2.262810707092285,0.0145046501652974
63.3495448529998,1.9999998807907104,-0.0,2.2530739307403564,0.0175125619011866
63.3995448529998,1.9999998807907104,-0.0,2.2722651958465576,-0.0026568627341761
63.44954485299979,1.9999998807907104,-0.0,2.2558276653289795,-0.0003432950374918
63.4995448529998,1.9999998807907104,-0.0,2.2729361057281494,0.0178055795332751
63.549544852999794,1.9999998807907104,-0.0,2.255325555801392,0.0193994248406757
63.59954485299979,1.9999998807907104,-0.0,2.268173217773437,0.0066471109254817
63.6495448529998,1.9999998807907104,-0.0,2.256248950958252,0.0272448842264599
63.69954485299979,1.9999998807907104,-0.0,2.2620718479156494,0.03144314779628
63.74954485299979,1.9999998807907104,-0.0,2.2528717517852783,0.046208083962123
63.799544852999794,1.9999998807907104,-0.0,2.2660467624664307,-0.0054890853317484
63.84954485299979,1.9999998807907104,-0.0,2.2579150199890137,-0.0084817961362701
63.8995448529998,1.9999998807907104,-0.0,2.263725996017456,-0.0019701136108661
63.94954485299979,1.9999998807907104,-0.0,2.2597904205322266,-0.0060775894355638
63.99954485299979,1.9999998807907104,-0.0,2.2515878677368164,0.0152068168162044
64.0495448529998,1.9999998807907104,-0.0,2.263835191726685,0.0351066055913823
64.0995448529998,1.9999998807907104,-0.0,2.2540953159332275,-0.0056858254629734
64.1495448529998,1.9999998807907104,-0.0,2.2628540992736816,0.0019221647971846
64.1995448529998,1.9999998807907104,-0.0,2.253452777862549,0.0075214466622443
64.24954485299979,1.9999998807907104,-0.0,2.268040418624878,0.0124845834527899
64.2995448529998,1.9999998807907104,-0.0,2.2526776790618896,0.0037145877097103
64.3495448529998,1.9999998807907104,-0.0,2.2573249340057373,0.0043502707223676
64.3995448529998,1.9999998807907104,-0.0,2.2583792209625244,0.0317369515161706
64.4495448529998,1.9999998807907104,-0.0,2.2509925365448,0.0143966072627464
64.49954485299979,1.9999998807907104,-0.0,2.249013900756836,0.0052692941556745
64.54954485299979,1.9999998807907104,-0.0,2.254333734512329,0.0133361209631664
64.5995448529998,1.9999998807907104,-0.0,2.257164716720581,0.0076896490755005
64.6495448529998,1.9999998807907104,-0.0,2.253711938858032,0.0175605364501118
64.6995448529998,1.9999998807907104,-0.0,2.253861665725708,0.0231040163351323
64.74954485299979,1.9999998807907104,-0.0,2.248417615890503,0.0229613565097185
64.79954485299979,1.9999998807907104,-0.0,2.2565901279449463,0.034528545432865
64.8495448529998,1.9999998807907104,-0.0,2.2582128047943115,0.0131231644821524
64.8995448529998,1.9999998807907104,-0.0,2.2478911876678467,0.0232562769881916
64.9495448529998,1.9999998807907104,-0.0,2.25879168510437,-0.0041715913361149
64.99954485299979,1.9999998807907104,-0.0,2.254490613937378,0.0023655757691711
65.04954485299979,1.9999998807907104,-0.0,2.262880563735962,0.0208223864380789
65.0995448529998,1.9999998807907104,-0.0,2.246575117111206,0.054034673686084
65.1495448529998,1.9999998807907104,-0.0,2.260891914367676,-0.0100215766066848
65.1995448529998,1.9999998807907104,-0.0,2.2464003562927246,-0.0249339467482328
65.24954485299979,1.9999998807907104,-0.0,2.2463808059692383,0.0244265129867662
65.29954485299979,1.9999998807907104,-0.0,2.250589370727539,0.00900111761238
65.34954485299978,1.9999998807907104,-0.0,2.2424545288085938,0.0338922697653538
65.3995448529998,1.9999998807907104,-0.0,2.2535111904144287,0.0231440986236044
65.4495448529998,1.9999998807907104,-0.0,2.2399401664733887,-0.0149933491323315
65.49954485299979,1.9999998807907104,-0.0,2.25937557220459,0.0136103071486572
65.54954485299979,1.9999998807907104,-0.0,2.236177444458008,-0.0009174217179635
65.59954485299978,1.9999998807907104,-0.0,2.2590157985687256,0.0020048608228833
65.6495448529998,1.9999998807907104,-0.0,2.247112512588501,0.0236673460244391
65.6995448529998,1.9999998807907104,-0.0,2.2573401927948,0.0410080878514858
65.74954485299979,1.9999998807907104,-0.0,2.252699613571167,0.0114469798518753
65.79954485299979,1.9999998807907104,-0.0,2.2496533393859863,0.0487421015441457
65.8995448529998,1.9999998807907104,-0.0,2.252217054367065,0.0098543742631698
65.9495448529998,1.9999998807907104,-0.0,2.254138946533203,0.0094798150937951
65.99954485299979,1.9999998807907104,-0.0,2.256025552749634,0.0010015334905152
66.04954485299979,1.9999998807907104,-0.0,2.259915828704834,-0.017291506855702
66.09954485299978,1.9999998807907104,-0.0,2.2568790912628174,0.027392337498846
66.14954485299978,1.9999998807907104,-0.0,2.253172874450684,0.0053600078195459
66.1995448529998,1.9999998807907104,-0.0,2.258756160736084,0.0284247403719908
66.24954485299979,1.9999998807907104,-0.0,2.2626376152038574,0.0233167896114707
66.29954485299979,1.9999998807907104,-0.0,2.2627928256988525,-0.001510967872163
66.34954485299978,1.9999998807907104,-0.0,2.248591423034668,-0.0155903114142888
66.39954485299978,1.9999998807907104,-0.0,2.2576942443847656,0.0125052481187845
66.4495448529998,1.9999998807907104,-0.0,2.251373052597046,-0.0114044296258502
66.49954485299979,1.9999998807907104,-0.0,2.2507123947143555,0.0076899950528527
66.54954485299979,1.9999998807907104,-0.0,2.2469372749328613,0.0280724427763542
66.59954485299978,1.9999998807907104,-0.0,2.2573702335357666,0.0465050387195206
66.64954485299978,1.9999998807907104,-0.0,2.250113010406494,0.0027410252767483
66.6995448529998,1.9999998807907104,-0.0,2.25056529045105,-0.0138552671849035
66.74954485299979,1.9999998807907104,-0.0,2.243914127349853,0.0212607696785625
66.79954485299979,1.9999998807907104,-0.0,2.2598915100097656,0.0425986676832036
66.84954485299978,1.9999998807907104,-0.0,2.251546621322632,0.0432073173708644
66.89954485299978,1.9999998807907104,-0.0,2.2448630332946777,-0.0206275578037012
66.94954485299978,1.9999998807907104,-0.0,2.2516119480133057,0.0493888723120204
66.99954485299979,1.9999998807907104,-0.0,2.2516119480133057,-0.0079326336748433
67.04954485299979,1.9999998807907104,-0.0,2.2506258487701416,-0.003964986108549
67.09954485299978,1.9999998807907104,-0.0,2.2404239177703857,0.0064427333914618
67.14954485299978,1.9999998807907104,-0.0,2.2404239177703857,0.0443610400954233
67.19954485299978,1.9999998807907104,-0.0,2.2492988109588623,0.0443610400954233
67.24954485299979,1.9999998807907104,-0.0,2.251672983169556,0.0323666963990917
67.29954485299979,1.9999998807907104,-0.0,2.252214908599853,-0.0260352180780345
67.34954485299978,1.9999998807907104,-0.0,2.2511870861053467,-0.0215753559635602
67.39954485299978,1.9999998807907104,-0.0,2.2511870861053467,0.0326406545181456
67.44954485299978,1.9999998807907104,-0.0,2.2483904361724854,0.0326406545181456
67.49954485299979,1.9999998807907104,-0.0,2.24007511138916,0.0408883407330704
67.84954485299978,1.9999998807907104,-0.0238022562116384,2.244765520095825,0.0147305905434482
67.89954485299978,1.9999998807907104,-0.0238022562116384,2.2396838665008545,0.0088032738344861
67.94954485299978,1.9999998807907104,-0.0384511388838291,2.247743606567383,0.0548740324886126
67.99954485299978,1.9999998807907104,-0.0531000234186649,2.247743606567383,-0.0402231232398586
68.04954485299979,1.9999998807907104,-0.0531000234186649,2.2579917907714844,-0.0402231232398586
68.09954485299978,1.9999998807907104,-0.0897440314292907,2.2739038467407227,-0.0734079014781095
68.14954485299978,1.9999998807907104,-0.1263662427663803,2.291121006011963,-0.005827334984121
68.19954485299978,1.9999998807907104,-0.1336906850337982,2.2870888710021973,-0.0066777953888761
68.24954485299978,1.9999998807907104,-0.1336906850337982,2.303108692169189,-0.0487750634798776
68.29954485299979,1.9999998807907104,-0.1556858122348785,2.3081674575805664,-0.0242133454485595
68.34954485299978,1.9999998807907104,-0.1483613699674606,2.309159755706787,-0.0374199514026155
68.39954485299978,1.9999998807907104,-0.1117173582315445,2.305976867675781,-0.0308389523720559
68.44954485299978,1.9999998807907104,-0.1117173582315445,2.310032844543457,-0.0363567451074687
68.49954485299978,1.9999998807907104,-0.1043929159641265,2.312443971633911,-0.0464417452294095
68.54954485299977,1.9999998807907104,-0.1043929159641265,2.313114881515503,-0.0769937996689417
68.59954485299978,1.9999998807907104,-0.1043929159641265,2.3185336589813232,-0.0141702627930125
68.64954485299978,1.9999998807907104,-0.0970684736967086,2.32063364982605,-0.0156585307865188
68.69954485299978,1.9999998807907104,-0.1190418004989624,2.331898927688598,-0.0272057681985369
68.74954485299978,1.9999998807907104,-0.1703346967697143,2.314002752304077,-0.0593984589879723
68.79954485299977,1.9999998807907104,-0.2216057926416397,2.339369535446167,-0.0499387342940171
68.84954485299978,1.9999998807907104,-0.24360091984272,2.307370185852051,-0.0767687470040479
68.89954485299978,1.9999998807907104,-0.3095209002494812,2.328030824661255,-0.09161114399129
68.94954485299978,1.9999998807907104,-0.3241915702819824,2.315170764923096,-0.1124894192783774
68.99954485299978,1.9999998807907104,-0.2582497894763946,2.318511962890625,-0.0375874145859966
69.04954485299977,1.9999998807907104,-0.2216057926416397,2.319031000137329,-0.0336344281149131
69.09954485299978,1.9999998807907104,-0.1630102545022964,2.3311121463775635,-0.0155012157224586
69.14954485299978,1.9999998807907104,-0.0531000234186649,2.328127861022949,0.0042806878725816
69.19954485299978,1.9999998807907104,-0.0238022562116384,2.31626558303833,0.0066672490841353
69.24954485299978,1.9999998807907104,-0.0,2.318965196609497,0.0345132951357316
69.29954485299977,1.9999998807907104,-0.0,2.302173614501953,0.0393673822739847
69.34954485299977,1.9999998807907104,-0.0,2.3079254627227783,-0.0126897917150159
69.39954485299978,1.9999998807907104,-0.0,2.291024923324585,0.011717811563944
69.44954485299978,1.9999998807907104,-0.0,2.295599937438965,0.0097742835245454
69.49954485299978,1.9999998807907104,-0.0,2.279015302658081,0.0197621272767615
69.54954485299977,1.9999998807907104,-0.0,2.279948472976685,0.0179314823354211
69.59954485299977,1.9999998807907104,-0.0,2.284332275390625,0.0044157293367359
69.64954485299978,1.9999998807907104,-0.0,2.278748273849488,-0.0027069678843493
69.69954485299978,1.9999998807907104,-0.0,2.267422676086426,0.0258917611028497
69.74954485299978,1.9999998807907104,-0.0,2.276848554611206,0.0248517230835995
70.09954485299977,1.9999998807907104,-0.0,2.264753818511963,0.0112642719622507
70.14954485299977,1.9999998807907104,-0.0,2.245765686035156,0.0274860314266358
70.19954485299978,1.9999998807907104,-0.0,2.259197950363159,0.0193188074075712
70.24954485299978,1.9999998807907104,-0.0,2.242647647857666,-0.0020130794803664
70.29954485299977,1.9999998807907104,-0.0,2.2555453777313232,0.0332462155327122
70.34954485299977,1.9999998807907104,-0.0,2.241398334503174,-0.0048657949908166
70.39954485299977,1.9999998807907104,-0.0,2.2390756607055664,0.0105685831189824
70.44954485299976,1.9999998807907104,-0.0,2.2453055381774902,-0.0005123013536096
70.49954485299978,1.9999998807907104,-0.0,2.240130424499512,0.0151192941174565
70.54954485299977,1.9999998807907104,-0.0,2.2383861541748047,0.0494752790976609
70.59954485299977,1.9999998807907104,-0.0,2.246667861938477,0.0145504382476541
70.64954485299977,1.9999998807907104,-0.0,2.246667861938477,0.0028924008275875
70.69954485299976,1.9999998807907104,-0.0,2.224576950073242,0.0016621051363081
70.74954485299978,1.9999998807907104,-0.0,2.239621162414551,0.027010741535143
70.79954485299977,1.9999998807907104,-0.0,2.239621162414551,0.027010741535143
70.84954485299977,1.9999998807907104,-0.0,2.2402000427246094,0.0099994633479091
70.89954485299977,1.9999998807907104,-0.0,2.2417025566101074,0.0135292647019588
70.94954485299976,1.9999998807907104,-0.0,2.235604286193848,0.0051023383447897
70.99954485299976,1.9999998807907104,-0.0,2.235604286193848,-0.0195167072881502
71.04954485299977,1.9999998807907104,-0.0,2.23073410987854,-0.0195167072881502
71.09954485299977,1.9999998807907104,-0.0,2.236795663833618,0.0469733133752742
71.14954485299977,1.9999998807907104,-0.0,2.2377116680145264,0.0289367097246542
71.19954485299976,1.9999998807907104,-0.0,2.2393927574157715,0.0356053106959449
71.49954485299976,1.9999998807907104,-0.0,2.236634492874145,0.0244460005516589
71.54954485299976,1.9999998807907104,-0.0,2.2350122928619385,-0.0158796610494908
71.59954485299977,1.9999998807907104,-0.0,2.233952760696411,0.0238476758904609
71.74954485299976,1.9999998807907104,-0.0,2.2349536418914795,0.0332582295141372
71.79954485299976,1.9999998807907104,-0.0,2.2236242294311523,0.0309155128519604
71.84954485299977,1.9999998807907104,-0.0,2.233094453811645,0.0156250327501775
71.89954485299977,1.9999998807907104,-0.0,2.229621171951294,-0.0103984435083847
71.94954485299976,1.9999998807907104,-0.0,2.230985879898072,0.0116627745327367
71.99954485299976,1.9999998807907104,-0.0,2.2303500175476074,0.0068384540013354
72.04954485299976,1.9999998807907104,-0.0,2.22169828414917,0.0393590828252256
72.09954485299977,1.9999998807907104,-0.0,2.2359538078308105,0.0330488353156984
72.14954485299977,1.9999998807907104,-0.0,2.228433847427368,0.0432185285275162
72.19954485299976,1.9999998807907104,-0.0,2.239164352416992,-0.0259031102228179
72.24954485299976,1.9999998807907104,-0.0,2.231682062149048,0.0016365704536485
72.29954485299976,1.9999998807907104,-0.0,2.2398409843444824,0.0232187269058033
72.34954485299977,1.9999998807907104,-0.0,2.224524736404419,0.0309975897761661
72.39954485299977,1.9999998807907104,-0.0,2.2382595539093018,0.002574751056415
72.44954485299976,1.9999998807907104,-0.0,2.2424917221069336,0.0249118677119866
72.49954485299976,1.9999998807907104,-0.0,2.2466094493865967,0.0008415885249321
72.54954485299976,1.9999998807907104,-0.0,2.244102001190185,0.029327895380046
72.59954485299976,1.9999998807907104,-0.0,2.2490925788879395,0.019531252021845
72.64954485299977,1.9999998807907104,-0.0091533726081252,2.253061294555664,0.0218565573270565
72.69954485299976,1.9999998807907104,-0.0384511388838291,2.238037586212158,0.0047514753716084
72.74954485299976,1.9999998807907104,-0.0384511388838291,2.25224232673645,-0.003733433961772
72.79954485299976,1.9999998807907104,-0.045775581151247,2.259711503982544,0.0097655452299795
72.84954485299976,1.9999998807907104,-0.067770704627037,2.2914059162139893,0.0294388017447203
72.89954485299977,1.9999998807907104,-0.199632465839386,2.3139307498931885,-0.0367217590709927
72.94954485299976,1.9999998807907104,-0.199632465839386,2.3139307498931885,-0.0367217590709927
72.99954485299976,1.9999998807907104,-0.24360091984272,2.347726583480835,-0.056914667128957
73.04954485299976,1.9999998807907104,-0.2728986740112304,2.347726583480835,-0.0927652519020822
73.09954485299976,1.9999998807907104,-0.2728986740112304,2.376664876937866,-0.0927652519020822
73.14954485299975,1.9999998807907104,-0.353489339351654,2.3670754432678223,-0.1118619073983144
73.19954485299976,1.9999998807907104,-0.3827871084213257,2.364176988601685,-0.1300655041692308
73.24954485299976,1.9999998807907104,-0.3827871084213257,2.364176988601685,-0.1329633506948384
73.29954485299976,1.9999998807907104,-0.3827871084213257,2.3428750038146973,-0.1329633506948384
73.34954485299976,1.9999998807907104,-0.3461649119853973,2.341230869293213,-0.1151736727993298
73.39954485299975,1.9999998807907104,-0.3388404548168182,2.346708536148072,-0.2000486888567721
73.44954485299976,1.9999998807907104,-0.353489339351654,2.3338935375213623,-0.1532420100473931
73.49954485299976,1.9999998807907104,-0.3754626810550689,2.3196420669555664,-0.0937920863328258
73.54954485299976,1.9999998807907104,-0.3681382238864898,2.3232808113098145,-0.0759925157916396
73.59954485299976,1.9999998807907104,-0.3754626810550689,2.3370795249938965,-0.0458432590875679
73.64954485299975,1.9999998807907104,-0.0,2.329751968383789,0.0585537943950472
73.69954485299976,1.9999998807907104,-0.0,2.326833486557007,0.0507714958778478
73.74954485299976,1.9999998807907104,-0.0,2.3192007541656494,0.022483433927529
73.79954485299976,1.9999998807907104,0.0018507295753806,2.3019614219665527,-0.0046670344479163
73.84954485299976,1.9999998807907104,0.0457973815500736,2.31489896774292,0.0104891518871595
73.89954485299975,1.9999998807907104,0.1044147163629531,2.298022747039795,0.0243664412425622
73.94954485299976,1.9999998807907104,0.1263880431652069,2.3176424503326416,0.0964018880525884
73.99954485299976,1.9999998807907104,0.1923298239707946,2.341295957565308,0.077274745677565
74.04954485299976,1.9999998807907104,0.2143031507730484,2.382427930831909,0.05934055226162
74.09954485299976,1.9999998807907104,0.2436227053403854,2.400078773498535,0.0745278854937977
74.14954485299975,1.9999998807907104,0.2729204893112182,2.408536672592163,0.0563139756979951
74.19954485299975,1.9999998807907104,0.2362982630729675,2.40594744682312,-0.0080155563154787
74.24954485299976,1.9999998807907104,-0.0,2.402230262756348,0.0105447616307338
74.29954485299976,1.9999998807907104,-0.0,2.394888162612915,0.0035160296631807
74.34954485299976,1.9999998807907104,-0.0,2.384234666824341,0.0173384303767894
74.39954485299975,1.9999998807907104,-0.0,2.3625082969665527,-0.017147917383198
74.44954485299975,1.9999998807907104,-0.0,2.368701219558716,-0.0007699357165799
74.69954485299975,1.9999998807907104,-0.0,2.3226418495178223,-0.0069140333326586
74.74954485299975,1.9999998807907104,-0.0,2.32553505897522,0.0261089779107609
74.79954485299976,1.9999998807907104,-0.0,2.307801008224488,0.0261962812717194
74.84954485299976,1.9999998807907104,-0.0,2.312008142471313,-0.0073443311488576
74.89954485299975,1.9999998807907104,-0.0,2.312826633453369,0.0607809607905856
74.94954485299975,1.9999998807907104,-0.0,2.2939293384552,0.0002534603264021
74.99954485299975,1.9999998807907104,-0.0,2.2939293384552,0.0168788184295396
75.04954485299976,1.9999998807907104,-0.0,2.301896810531616,0.0168788184295396
75.09954485299976,1.9999998807907104,-0.0,2.2891876697540283,-0.0102000364248923
75.14954485299975,1.9999998807907104,-0.0,2.2862558364868164,0.0066337235612233
75.19954485299975,1.9999998807907104,-0.0,2.286996364593506,0.0066337235612233
75.24954485299975,1.9999998807907104,-0.0,2.2916975021362305,0.0417582480697645
75.34954485299976,1.9999998807907104,-0.0,2.2856335639953613,0.0004369565959303
75.39954485299975,1.9999998807907104,-0.0,2.2914938926696777,-0.007377154486266
75.44954485299975,1.9999998807907104,-0.0,2.2914938926696777,-0.003714806557546
75.49954485299975,1.9999998807907104,-0.0,2.2864890098571777,0.0216333786694299
75.54954485299976,1.9999998807907104,-0.0,2.2775981426239014,0.0206578830739309
75.59954485299976,1.9999998807907104,-0.0,2.285685062408448,0.0090635530859717
75.64954485299975,1.9999998807907104,-0.0,2.286513090133667,-0.0023721173114322
75.69954485299975,1.9999998807907104,-0.0,2.270829916000366,0.0350179024062787
75.74954485299975,1.9999998807907104,-0.0,2.2752435207366943,-0.0207583772328147
75.79954485299974,1.9999998807907104,-0.0,2.263511180877685,0.0136052067739636
75.84954485299976,1.9999998807907104,-0.0,2.2627503871917725,0.0135236795403335
75.89954485299975,1.9999998807907104,-0.0,2.2774760723114014,0.0265072679004784
75.94954485299975,1.9999998807907104,-0.0,2.2676522731781006,0.0313761363396415
76.14954485299975,1.9999998807907104,-0.0,2.259283781051636,0.0364628888973032
76.19954485299975,1.9999998807907104,-0.0,2.2543063163757324,0.0300274226758366
76.24954485299975,1.9999998807907104,-0.0,2.266792058944702,0.0114320557740709
76.29954485299974,1.9999998807907104,-0.0,2.261247396469116,0.0266876042268861
76.34954485299974,1.9999998807907104,-0.0,2.274253368377685,0.0018514607698747
76.39954485299975,1.9999998807907104,-0.0,2.254650115966797,0.035612622385648
76.44954485299975,1.9999998807907104,-0.0,2.266753911972046,0.0162314850617561
76.49954485299975,1.9999998807907104,-0.0,2.253974437713623,0.0241026186454713
76.54954485299974,1.9999998807907104,-0.0,2.263519763946533,0.024270737632559
76.59954485299974,1.9999998807907104,-0.0,2.2560131549835205,0.0332592474195448
76.69954485299975,1.9999998807907104,-0.0,2.259904384613037,0.0132939355451369
76.74954485299975,1.9999998807907104,-0.0,2.255783796310425,0.0134383500268833
76.79954485299974,1.9999998807907104,-0.0,2.252604722976685,0.0208602740386844
76.84954485299974,1.9999998807907104,-0.0,2.2420716285705566,0.0253017944987223
76.89954485299975,1.9999998807907104,-0.0,2.2556490898132324,0.0229563275641779
76.94954485299975,1.9999998807907104,-0.0,2.243797779083252,0.0124995513612537
76.99954485299975,1.9999998807907104,-0.0,2.250529527664185,-0.0100989794569746
77.04954485299974,1.9999998807907104,-0.0,2.253844738006592,0.0268598717623285
77.09954485299974,1.9999998807907104,-0.0,2.2423646450042725,-0.0042901504189897
77.14954485299975,1.9999998807907104,-0.0,2.259958028793335,0.0130179795708463
77.19954485299975,1.9999998807907104,-0.0,2.259958028793335,0.0034663926449663
77.24954485299975,1.9999998807907104,-0.0,2.259344577789306,0.0231426715220943
77.29954485299974,1.9999998807907104,-0.0,2.2372100353240967,0.0411565729084907
77.34954485299974,1.9999998807907104,-0.0,2.256138563156128,-0.0068565351361265
77.39954485299974,1.9999998807907104,-0.0,2.23783802986145,-0.0086574789539998
77.44954485299975,1.9999998807907104,-0.0,2.2445454597473145,-0.0299079624249465
77.49954485299975,1.9999998807907104,-0.0,2.2448854446411133,0.0274314952550387
77.54954485299974,1.9999998807907104,-0.0,2.247178316116333,0.0055095338968179
77.59954485299974,1.9999998807907104,-0.0,2.245866060256958,-0.0249373067070193
77.64954485299974,1.9999998807907104,-0.0,2.2368404865264893,-0.0231564340440251
77.69954485299975,1.9999998807907104,-0.0,2.2314345836639404,0.0295600682417608
77.74954485299975,1.9999998807907104,-0.0,2.245693683624268,0.0043873462260075
77.79954485299974,1.9999998807907104,-0.0,2.2428970336914062,0.0018765848848417
77.84954485299974,1.9999998807907104,-0.0,2.2369394302368164,-0.0021939695253226
77.89954485299974,1.9999998807907104,-0.0,2.229147434234619,-0.0052390217460147
77.94954485299974,1.9999998807907104,-0.0,2.2309815883636475,-0.0088270885709306
77.99954485299975,1.9999998807907104,-0.0,2.240310907363892,0.0142662448658636
78.04954485299974,1.9999998807907104,-0.0,2.236525058746338,0.038187004047851
78.09954485299974,1.9999998807907104,-0.0,2.2251291275024414,0.0127491139169091
78.14954485299974,1.9999998807907104,-0.0,2.2430264949798584,0.0205030105239031
78.19954485299974,1.9999998807907104,-0.0,2.237515926361084,0.0227529560244912
78.24954485299975,1.9999998807907104,-0.0,2.2476165294647217,0.003192357533673
78.29954485299974,1.9999998807907104,-0.0,2.2337422370910645,0.0335278934583915
78.34954485299974,1.9999998807907104,-0.0,2.2408387660980225,0.0204039856972986
78.39954485299974,1.9999998807907104,-0.0,2.225152969360352,0.0142920257458077
78.44954485299974,1.9999998807907104,-0.0,2.225152969360352,0.0301978948841552
78.49954485299975,1.9999998807907104,-0.0,2.220008850097656,-0.0167664551493795
78.54954485299974,1.9999998807907104,-0.0,2.220008850097656,-0.0167664551493795
78.59954485299974,1.9999998807907104,-0.0,2.2313950061798096,0.0029251121942948
78.64954485299974,1.9999998807907104,-0.0,2.2307016849517822,0.0120610654937096
78.69954485299974,1.9999998807907104,-0.0,2.2257394790649414,-0.0049500738328732
78.74954485299975,1.9999998807907104,-0.0,2.232703685760498,0.0255563761243741
78.79954485299974,1.9999998807907104,-0.0,2.2290172576904297,-0.0066043432787371
78.84954485299974,1.9999998807907104,-0.0,2.2307896614074707,-0.0066043432787371
78.89954485299974,1.9999998807907104,-0.0,2.235703468322754,0.0463813239215543
78.94954485299974,1.9999998807907104,-0.0,2.235703468322754,-0.0010035537326612
78.99954485299973,1.9999998807907104,-0.0,2.2367541790008545,-0.0010035537326612
79.04954485299974,1.9999998807907104,-0.0,2.2462317943573,-0.0398175675800315
79.09954485299974,1.9999998807907104,-0.0,2.235170602798462,0.0053706079986652
79.14954485299974,1.9999998807907104,-0.0,2.246849536895752,0.0538296177272202
79.19954485299974,1.9999998807907104,-0.0,2.2277612686157227,0.0607228621787956
79.24954485299973,1.9999998807907104,-0.0,2.246384620666504,-0.0035476898541822
79.29954485299974,1.9999998807907104,-0.0,2.2399027347564697,0.0025937203316874
79.34954485299974,1.9999998807907104,-0.0,2.254134178161621,0.0075723071059156
79.39954485299974,1.9999998807907104,-0.0,2.2373392581939697,0.0140480090617804
79.44954485299974,1.9999998807907104,-0.0,2.2534162998199463,0.0435753086789125
79.49954485299973,1.9999998807907104,-0.0,2.238998889923096,0.0395782576434439
79.54954485299973,1.9999998807907104,-0.0,2.256300926208496,-0.0034436405012142
79.59954485299974,1.9999998807907104,-0.0,2.2464094161987305,-0.0025118792315227
79.64954485299974,1.9999998807907104,-0.0,2.2516322135925293,-0.0124396247366897
79.69954485299974,1.9999998807907104,-0.0,2.25696349143982,0.0054744857390748
79.74954485299973,1.9999998807907104,-0.0,2.245245933532715,0.0412687177944217
79.79954485299973,1.9999998807907104,-0.0,2.252018690109253,0.0241459999106784
79.84954485299974,1.9999998807907104,-0.0,2.2452900409698486,0.0205545591510277
79.89954485299974,1.9999998807907104,-0.0,2.257067441940308,0.0311739897008771
79.94954485299974,1.9999998807907104,-0.0,2.2375855445861816,0.0037090061110429
79.99954485299973,1.9999998807907104,-0.0,2.2429845333099365,0.0317227713795088
80.04954485299973,1.9999998807907104,-0.0,2.23919677734375,0.0392625422426336
80.09954485299974,1.9999998807907104,-0.0,2.240238904953003,0.0296168819246514
80.14954485299974,1.9999998807907104,-0.0,2.2409989833831787,0.0058759202747951
80.19954485299974,1.9999998807907104,-0.0,2.240915298461914,0.0432428946682509
80.24954485299973,1.9999998807907104,-0.0,2.251904249191284,0.0201610630928807
80.29954485299973,1.9999998807907104,-0.0,2.23162579536438,-8.438759917125949e-05
80.34954485299974,1.9999998807907104,-0.0,2.250189304351806,0.0022540568672674
80.44954485299974,1.9999998807907104,-0.0,2.2339444160461426,0.0076848510218163
80.49954485299973,1.9999998807907104,-0.0,2.235515832901001,0.0461415929199167
80.54954485299973,1.9999998807907104,-0.0,2.2391185760498047,0.0245315383732234
80.59954485299973,1.9999998807907104,-0.0,2.2424418926239014,0.0087250244654251
80.64954485299974,1.9999998807907104,-0.0,2.2312960624694824,0.0061005076365725
80.69954485299974,1.9999998807907104,-0.0,2.238394021987915,0.0288394280608669
80.74954485299973,1.9999998807907104,-0.0,2.218314409255981,0.0261912832526397
80.79954485299973,1.9999998807907104,-0.0,2.241497278213501,0.0544658519348772
80.84954485299973,1.9999998807907104,-0.0,2.240311861038208,0.0101892725189863
80.89954485299974,1.9999998807907104,-0.0,2.2441442012786865,0.0170296205890999
80.94954485299974,1.9999998807907104,-0.0,2.2413148880004883,0.0086572816022914
80.99954485299973,1.9999998807907104,-0.0,2.235412836074829,0.0105772312757564
81.04954485299973,1.9999998807907104,-0.0,2.244600296020508,0.013245381993279
81.09954485299973,1.9999998807907104,-0.0,2.2258646488189697,0.0030418247981545
81.14954485299972,1.9999998807907104,-0.0,2.2453110218048096,0.0168966456860623
81.19954485299974,1.9999998807907104,-0.0,2.2367312908172607,-0.0078608124596757
81.24954485299973,1.9999998807907104,-0.0,2.24511194229126,0.0242203190672529
81.29954485299973,1.9999998807907104,-0.0,2.2397565841674805,0.0178958356622844
81.34954485299973,1.9999998807907104,-0.0,2.2448489665985107,0.0147363016086321
81.39954485299972,1.9999998807907104,-0.0,2.239243507385254,0.0212256280121355
81.44954485299974,1.9999998807907104,-0.0,2.2431511878967285,0.0050098674373033
81.49954485299973,1.9999998807907104,-0.0,2.24768614768982,0.038764411299025
81.54954485299973,1.9999998807907104,-0.0,2.24768614768982,0.038764411299025
81.59954485299973,1.9999998807907104,-0.0,2.2491488456726074,0.0316464418311213
81.64954485299972,1.9999998807907104,-0.0,2.225537776947021,-0.0057613378971039
81.89954485299972,1.9999998807907104,-0.0,2.2481613159179688,0.0437826742825699
81.94954485299974,1.9999998807907104,-0.0,2.239945650100708,0.0230610651988336
81.99954485299973,1.9999998807907104,-0.0,2.2455570697784424,0.0407257290289347
82.09954485299973,1.9999998807907104,-0.0,2.2398886680603027,-0.0068381287394085
82.14954485299972,1.9999998807907104,-0.0,2.2398886680603027,0.0042308778219529
82.19954485299972,1.9999998807907104,-0.0,2.245534658432007,0.0092193494488848
82.24954485299973,1.9999998807907104,-0.0,2.246650218963623,0.0178555945072332
82.29954485299973,1.9999998807907104,-0.0,2.234303474426269,0.0198688536559461
82.34954485299973,1.9999998807907104,-0.0,2.247350215911865,0.0213144000871504
82.39954485299972,1.9999998807907104,-0.0,2.238335371017456,0.0147971525537609
82.49954485299973,1.9999998807907104,0.0091751711443066,2.2389590740203857,0.0266588167704112
82.54954485299973,1.9999998807907104,0.0091751711443066,2.2487058639526367,0.0403503509947487
82.59954485299973,1.9999998807907104,0.0531218238174915,2.2454755306243896,0.0202693682293025
82.64954485299972,1.9999998807907104,0.1337124854326248,2.2271323204040527,0.0328486564043666
82.69954485299972,1.9999998807907104,0.3535111546516418,2.238703966140747,0.094805148720258
82.74954485299972,1.9999998807907104,0.3681600391864776,2.293486356735229,0.0790255517618584
82.79954485299973,1.9999998807907104,0.3901333510875702,2.32334566116333,0.0272232851284129
82.84954485299973,1.9999998807907104,0.4194529056549072,2.3660309314727783,0.0571824704930918
82.89954485299972,1.9999998807907104,0.434101790189743,2.3813250064849854,0.1694346302866573
82.94954485299972,1.9999998807907104,0.4707240164279938,2.3450815677642822,0.1627503509845186
82.99954485299972,1.9999998807907104,0.4926973283290863,2.3516407012939453,0.1843992349210625
83.04954485299973,1.9999998807907104,0.4999999701976776,2.325904130935669,0.2134858849482767
83.09954485299973,1.9999998807907104,0.4853729009628296,2.320469856262207,0.1911167203313135
83.14954485299972,1.9999998807907104,0.4707240164279938,2.3109350204467773,0.2280239076071238
83.19954485299972,1.9999998807907104,0.4487506747245788,2.302950143814087,0.1994713606182861
83.24954485299972,1.9999998807907104,0.434101790189743,2.305335521697998,0.2061587293758577
83.29954485299973,1.9999998807907104,0.4121284782886505,2.2945077419281006,0.2146901370189865
83.34954485299973,1.9999998807907104,0.4121284782886505,2.309208869934082,0.2246055470265969
83.39954485299972,1.9999998807907104,0.4267773628234863,2.296987771987915,0.21647979491384
83.44954485299972,1.9999998807907104,0.4194529056549072,2.31002163887024,0.2528748657082371
83.49954485299972,1.9999998807907104,0.3828089237213135,2.30728530883789,0.2308526877686221
83.54954485299973,1.9999998807907104,0.3315378129482269,2.30728530883789,0.2506668485144937
83.59954485299973,1.9999998807907104,0.3315378129482269,2.2944881916046143,0.2331226733773268
83.64954485299972,1.9999998807907104,0.3022182583808899,2.2944881916046143,0.2210459496964838
83.69954485299972,1.9999998807907104,0.280244916677475,2.3078556060791016,0.2172970663084747
83.74954485299972,1.9999998807907104,0.2362982630729675,2.311476707458496,0.2650027577308037
83.79954485299972,1.9999998807907104,0.2069787085056305,2.29625940322876,0.2257359080253612
83.84954485299973,1.9999998807907104,0.1996542662382125,2.2923028469085693,0.2283547557674724
83.89954485299972,1.9999998807907104,0.163032054901123,2.300102710723877,0.1959502545501228
83.94954485299972,1.9999998807907104,0.119063600897789,2.301323890686035,0.1961784008737422
83.99954485299972,1.9999998807907104,0.1044147163629531,2.3108367919921875,0.1588728478416782
84.04954485299972,1.9999998807907104,0.0824413895606994,2.300210475921631,0.0798008910033784
84.09954485299973,1.9999998807907104,0.0164996143430471,2.315434455871582,0.0359927839595799
84.14954485299972,1.9999998807907104,-0.0,2.314223289489746,-0.0403590644424799
84.19954485299972,1.9999998807907104,-0.0,2.3074936866760254,-0.0072999434122829
84.24954485299972,1.9999998807907104,-0.0,2.292548656463623,0.0141922769333933
84.29954485299972,1.9999998807907104,-0.0,2.296160221099853,0.042701665628673
84.74954485299972,1.9999998807907104,-0.0,2.2464306354522705,0.007456802772942
84.79954485299972,1.9999998807907104,-0.0,2.236801147460937,0.004624432978376
84.84954485299971,1.9999998807907104,-0.0,2.2388033866882324,0.0197939383765191
84.99954485299972,1.9999998807907104,-0.0,2.2298734188079834,0.01113013102836
85.04954485299972,1.9999998807907104,-0.0,2.2249631881713867,0.022576885790345
85.09954485299971,1.9999998807907104,-0.0,2.224262952804565,0.0382486062313687
85.14954485299972,1.9999998807907104,-0.0,2.2186427116394043,0.0280819854935547
85.19954485299972,1.9999998807907104,-0.0,2.233274459838867,0.0078156079429695
85.24954485299972,1.9999998807907104,-0.0,2.21204137802124,0.0305851354904211
85.29954485299972,1.9999998807907104,-0.0,2.2241103649139404,-0.0091069855004079
85.34954485299971,1.9999998807907104,0.0164996143430471,2.215853214263916,0.0131719833773113
85.39954485299971,1.9999998807907104,0.0164996143430471,2.224898338317871,0.0252495273376488
85.44954485299972,1.9999998807907104,0.0311484970152378,2.2120633125305176,0.0286222485748507
85.49954485299972,1.9999998807907104,0.0531218238174915,2.2120633125305176,0.0312135089849404
85.54954485299972,1.9999998807907104,0.0970902740955352,2.211273431777954,0.0438511151831899
85.59954485299971,1.9999998807907104,0.1410369277000427,2.252583742141724,0.0840155015658341
85.64954485299971,1.9999998807907104,0.1557076126337051,2.2834393978118896,0.054114674885657
85.69954485299972,1.9999998807907104,0.1703564971685409,2.308826208114624,0.0733420947855925
85.74954485299972,1.9999998807907104,0.1996542662382125,2.3272671699523926,0.110256793712293
85.79954485299972,1.9999998807907104,0.2216275930404663,2.3296420574188232,0.0972460840999835
85.84954485299971,1.9999998807907104,0.2289520353078842,2.312934160232544,0.0837750238452901
85.89954485299971,1.9999998807907104,0.2362982630729675,2.313405752182007,0.1043208757629417
85.94954485299971,1.9999998807907104,0.2509471476078033,2.3006420135498047,0.0975700721511367
85.99954485299972,1.9999998807907104,0.280244916677475,2.3172998428344727,0.1071701797038467
86.04954485299972,1.9999998807907104,0.3095426857471466,2.304609775543213,0.1309206922305593
86.09954485299971,1.9999998807907104,0.338862270116806,2.3034558296203613,0.1284085096239897
86.14954485299971,1.9999998807907104,0.3535111546516418,2.29207181930542,0.1218362521351331
86.19954485299971,1.9999998807907104,0.3461866974830627,2.3041250705718994,0.122263151195867
86.24954485299972,1.9999998807907104,0.3535111546516418,2.2845687866210938,0.1219616221330644
86.29954485299972,1.9999998807907104,0.3535111546516418,2.288722038269043,0.1344513725380376
86.34954485299971,1.9999998807907104,0.3608355820178985,2.2795331478118896,0.1538219328692845
86.39954485299971,1.9999998807907104,0.3754844665527344,2.2786314487457275,0.1524692380145865
86.44954485299971,1.9999998807907104,0.3754844665527344,2.2786314487457275,0.1524692380145865
86.49954485299972,1.9999998807907104,0.3681600391864776,2.2842488288879395,0.143278538348722
86.54954485299972,1.9999998807907104,0.3608355820178985,2.2778515815734863,0.1462075059872379
86.59954485299971,1.9999998807907104,0.3461866974830627,2.296570062637329,0.1219098321964474
86.64954485299971,1.9999998807907104,0.3168671429157257,2.29644775390625,0.150135899287212
86.69954485299971,1.9999998807907104,0.3242133855819702,2.282869577407837,0.1742505674069767
86.74954485299972,1.9999998807907104,0.338862270116806,2.288729667663574,0.1865607149280865
86.79954485299972,1.9999998807907104,0.3242133855819702,2.2843596935272217,0.1638492709729159
86.84954485299971,1.9999998807907104,0.3168671429157257,2.284841060638428,0.1967107647993805
86.89954485299971,1.9999998807907104,0.3242133855819702,2.283080577850342,0.2097304079493115
86.94954485299971,1.9999998807907104,0.3315378129482269,2.287661075592041,0.1756042952565922
86.9995448529997,1.9999998807907104,0.3242133855819702,2.2987005710601807,0.1499221199970433
87.04954485299972,1.9999998807907104,0.3242133855819702,2.28633975982666,0.2181908836501436
87.09954485299971,1.9999998807907104,0.3095426857471466,2.286714792251587,0.1321342863743003
87.14954485299971,1.9999998807907104,0.3095426857471466,2.285593748092652,0.1707493048596624
87.19954485299971,1.9999998807907104,0.2948938012123108,2.299521446228028,0.1788835922618993
87.2495448529997,1.9999998807907104,0.280244916677475,2.284754753112793,0.1818925566916617
87.29954485299972,1.9999998807907104,0.2655960321426391,2.293348550796509,0.129480600549958
87.34954485299971,1.9999998807907104,0.2582716047763824,2.282371997833252,0.1672281731182348
87.39954485299971,1.9999998807907104,0.2582716047763824,2.284566164016724,0.1629311252600879
87.44954485299971,1.9999998807907104,0.2289520353078842,2.2947592735290527,0.1429729239595651
87.4995448529997,1.9999998807907104,0.163032054901123,2.2725064754486084,0.1352092320544764
87.5495448529997,1.9999998807907104,0.119063600897789,2.303306579589844,0.105735093799023
87.59954485299971,1.9999998807907104,0.1483831703662872,2.2740492820739746,0.1140186221176914
87.64954485299971,1.9999998807907104,0.1483831703662872,2.300065040588379,0.110286458134343
87.69954485299971,1.9999998807907104,0.1850053817033767,2.2698633670806885,0.1244927928862701
87.7495448529997,1.9999998807907104,0.1776809394359588,2.2909576892852783,0.1302064410206814
87.7995448529997,1.9999998807907104,0.163032054901123,2.268265008926392,0.0862658454728311
87.84954485299971,1.9999998807907104,0.1483831703662872,2.302520990371704,0.0901963435735996
87.89954485299971,1.9999998807907104,0.1483831703662872,2.2721917629241943,0.0845296291464165
87.94954485299971,1.9999998807907104,0.1483831703662872,2.2952558994293213,0.0712366487369581
87.9995448529997,1.9999998807907104,0.1483831703662872,2.2890124320983887,0.1402443189754088
88.0495448529997,1.9999998807907104,0.1263880431652069,2.269458770751953,0.0613135385095904
88.09954485299971,1.9999998807907104,0.119063600897789,2.2993626594543457,0.0838446314990735
88.14954485299971,1.9999998807907104,0.119063600897789,2.290960788726806,0.0761013109011531
88.19954485299971,1.9999998807907104,0.119063600897789,2.304781198501587,0.0649386627298157
88.2495448529997,1.9999998807907104,0.1410369277000427,2.297078847885132,0.1066737615983808
88.2995448529997,1.9999998807907104,0.163032054901123,2.3098397254943848,0.0731370712134286
88.34954485299971,1.9999998807907104,0.1923298239707946,2.300506353378296,0.0927206774166016
88.39954485299971,1.9999998807907104,0.1923298239707946,2.3025522232055664,0.1100731453585415
88.44954485299971,1.9999998807907104,0.1850053817033767,2.3047525882720947,0.0890644239955745
88.4995448529997,1.9999998807907104,0.1776809394359588,2.294523000717163,0.1046683901629429
88.5495448529997,1.9999998807907104,0.1776809394359588,2.288315296173096,0.1051713178222853
88.5995448529997,1.9999998807907104,0.2362982630729675,2.296421527862549,0.106573884959902
88.64954485299971,1.9999998807907104,0.2948938012123108,2.296103954315185,0.1018751026834349
88.69954485299971,1.9999998807907104,0.3095426857471466,2.2907474040985107,0.101059410515473
88.7495448529997,1.9999998807907104,0.3242133855819702,2.292643547058105,0.1042873324995575
88.7995448529997,1.9999998807907104,0.3242133855819702,2.2851154804229736,0.0977092998086116
88.8495448529997,1.9999998807907104,0.3242133855819702,2.288804531097412,0.126789441284513
88.89954485299971,1.9999998807907104,0.3242133855819702,2.2798120975494385,0.1311164903419885
88.94954485299971,1.9999998807907104,0.3242133855819702,2.290933609008789,0.1317897504912647
88.9995448529997,1.9999998807907104,0.338862270116806,2.278538703918457,0.1382617863176449
89.0495448529997,1.9999998807907104,0.3535111546516418,2.2863476276397705,0.1499120262672605
89.0995448529997,1.9999998807907104,0.3608355820178985,2.27764630317688,0.1318012312301794
89.1495448529997,1.9999998807907104,0.3754844665527344,2.283310890197754,0.1211664668660572
89.19954485299971,1.9999998807907104,0.3901333510875702,2.2805984020233154,0.1422532311906093
89.2495448529997,1.9999998807907104,0.3901333510875702,2.2809271812438965,0.1388518513504548
89.2995448529997,1.9999998807907104,0.3754844665527344,2.289886474609375,0.1407099944413878
89.3495448529997,1.9999998807907104,0.3608355820178985,2.28572154045105,0.0977966390954964
89.3995448529997,1.9999998807907104,0.338862270116806,2.283386945724488,0.1353748058807004
89.44954485299971,1.9999998807907104,0.338862270116806,2.2896106243133545,0.1277785802824462
89.4995448529997,1.9999998807907104,0.3315378129482269,2.290869951248169,0.1479498436806036
89.5495448529997,1.9999998807907104,0.3315378129482269,2.2763359546661377,0.1109281741221028
89.5995448529997,1.9999998807907104,0.3095426857471466,2.295713424682617,0.163224795513058
89.6495448529997,1.9999998807907104,0.3315378129482269,2.273871660232544,0.1230717793058621
89.69954485299971,1.9999998807907104,0.3535111546516418,2.2832727432250977,0.1463128857973268
89.7495448529997,1.9999998807907104,0.3535111546516418,2.276348829269409,0.1527703948769592
89.7995448529997,1.9999998807907104,0.3315378129482269,2.283445358276367,0.1831343797005414
89.8495448529997,1.9999998807907104,0.3168671429157257,2.283763885498047,0.1352343903025412
89.8995448529997,1.9999998807907104,0.3168671429157257,2.2767248153686523,0.1410579857312661
89.94954485299971,1.9999998807907104,0.3168671429157257,2.275639772415161,0.1367523282045525
89.9995448529997,1.9999998807907104,0.2948938012123108,2.277211904525757,0.1380781904170872
90.0495448529997,1.9999998807907104,0.2655960321426391,2.284506797790528,0.1518445880334964
90.0995448529997,1.9999998807907104,0.2582716047763824,2.272949457168579,0.1386249143934615
90.1495448529997,1.9999998807907104,0.2582716047763824,2.283712148666382,0.1453740019463405
90.1995448529997,1.9999998807907104,0.2582716047763824,2.2742323875427246,0.1122290011739396
90.2495448529997,1.9999998807907104,0.2729204893112182,2.278205394744873,0.1189798908181693
90.2995448529997,1.9999998807907104,0.2729204893112182,2.27524471282959,0.1013348817173506
90.3495448529997,1.9999998807907104,0.2729204893112182,2.2856216430664062,0.1092083947540622
90.3995448529997,1.9999998807907104,0.2362982630729675,2.277295589447021,0.1616235947594448
90.4495448529997,1.9999998807907104,0.2216275930404663,2.28442645072937,0.1081090321893334
90.4995448529997,1.9999998807907104,0.2216275930404663,2.2887678146362305,0.1043143997104304
90.5495448529997,1.9999998807907104,0.2289520353078842,2.294546842575073,0.113540013050975
90.5995448529997,1.9999998807907104,0.2729204893112182,2.286783218383789,0.0842994358016707
90.6495448529997,1.9999998807907104,0.2655960321426391,2.2933051586151123,0.1310561060691082
90.6995448529997,1.9999998807907104,0.2729204893112182,2.292088747024536,0.1187316024697587
90.74954485299968,1.9999998807907104,0.2655960321426391,2.29098916053772,0.1181698758268325
90.7995448529997,1.9999998807907104,0.2289520353078842,2.282771110534668,0.1168441359682976
90.8495448529997,1.9999998807907104,0.2289520353078842,2.287867307662964,0.0507751633453564
90.8995448529997,1.9999998807907104,0.2436227053403854,2.299544334411621,0.1135172584526008
90.9495448529997,1.9999998807907104,0.2729204893112182,2.289113044738769,0.0753990817881033
90.99954485299968,1.9999998807907104,0.2948938012123108,2.286749601364136,0.1155148923326206
91.0495448529997,1.9999998807907104,0.2875693738460541,2.2912933826446533,0.1559915995700125
91.0995448529997,1.9999998807907104,0.2875693738460541,2.274427890777588,0.0823212081528354
91.1495448529997,1.9999998807907104,0.2948938012123108,2.3011178970336914,0.0922533690161799
91.1995448529997,1.9999998807907104,0.2948938012123108,2.3033125400543213,0.1323514877319724
91.24954485299968,1.9999998807907104,0.280244916677475,2.3033125400543213,0.1139648699322108
91.2995448529997,1.9999998807907104,0.2655960321426391,2.270569324493408,0.1079022306283889
91.3495448529997,1.9999998807907104,0.280244916677475,2.288057327270508,0.1139354826398402
91.3995448529997,1.9999998807907104,0.3095426857471466,2.288015842437744,0.1570749437271194
91.4495448529997,1.9999998807907104,0.3095426857471466,2.2878220081329346,0.1551277290754662
91.49954485299968,1.9999998807907104,0.3022182583808899,2.27925705909729,0.1693703454864314
91.5495448529997,1.9999998807907104,0.3095426857471466,2.280911445617676,0.1399798155062014
91.5995448529997,1.9999998807907104,0.3095426857471466,2.2828288078308105,0.1890448883210092
91.6495448529997,1.9999998807907104,0.3022182583808899,2.2786269187927246,0.1853824864173217
91.6995448529997,1.9999998807907104,0.280244916677475,2.2807984352111816,0.1706143295614166
91.74954485299968,1.9999998807907104,0.280244916677475,2.2715163230896,0.2063648704376484
91.79954485299967,1.9999998807907104,0.280244916677475,2.267712354660034,0.1848510369496261
91.8495448529997,1.9999998807907104,0.3315378129482269,2.267547369003296,0.1813231375900763
91.8995448529997,1.9999998807907104,0.3242133855819702,2.270751953125,0.0929640793055598
91.9495448529997,1.9999998807907104,0.2875693738460541,2.269059896469116,0.0750608413371708
91.99954485299968,1.9999998807907104,0.2875693738460541,2.262906312942505,0.0800766150876891
92.04954485299967,1.9999998807907104,0.2729204893112182,2.275692939758301,0.162676840099456
92.0995448529997,1.9999998807907104,0.2655960321426391,2.2584316730499268,0.1656108640775399
92.1495448529997,1.9999998807907104,0.2362982630729675,2.275909662246704,0.1318213258368697
92.1995448529997,1.9999998807907104,0.1996542662382125,2.263887643814087,0.1211260218414555
92.24954485299968,1.9999998807907104,0.1850053817033767,2.2660508155822754,0.0711471629589698
92.29954485299967,1.9999998807907104,0.1703564971685409,2.2637712955474854,0.0820832285484651
92.34954485299968,1.9999998807907104,0.1557076126337051,2.2695789337158203,0.1041378013178502
92.3995448529997,1.9999998807907104,0.1410369277000427,2.27647352218628,0.1000278211994274
92.4495448529997,1.9999998807907104,0.1117391586303711,2.277673721313477,0.0371189432782236
92.49954485299968,1.9999998807907104,0.0751169472932815,2.297904253005981,0.0354854437953897
92.54954485299967,1.9999998807907104,0.0897658318281173,2.285733699798584,0.1072925197555918
92.59954485299968,1.9999998807907104,0.1044147163629531,2.295863628387451,0.1732107911196181
92.6495448529997,1.9999998807907104,0.119063600897789,2.283130168914795,0.0922513129258703
92.6995448529997,1.9999998807907104,0.2509471476078033,2.289337396621704,0.1367989562849455
92.74954485299968,1.9999998807907104,0.2436227053403854,2.3032729625701904,0.1257210018319846
92.79954485299967,1.9999998807907104,0.2436227053403854,2.3032729625701904,0.1312645310533887
92.84954485299968,1.9999998807907104,0.2509471476078033,2.28188157081604,0.1273293933035474
92.8995448529997,1.9999998807907104,0.2362982630729675,2.293360948562622,0.1453644720958773
92.9495448529997,1.9999998807907104,0.2216275930404663,2.292376756668091,0.1049912960319305
92.99954485299968,1.9999998807907104,0.2143031507730484,2.293872117996216,0.1147216081945339
93.04954485299967,1.9999998807907104,0.2069787085056305,2.2951338291168213,0.1347107371702998
93.09954485299968,1.9999998807907104,0.2069787085056305,2.2918269634246826,0.1107233197272361
93.1495448529997,1.9999998807907104,0.2069787085056305,2.302626371383667,0.0669290119586766
93.1995448529997,1.9999998807907104,0.2069787085056305,2.290449619293213,0.0908535083173089
93.24954485299968,1.9999998807907104,0.2582716047763824,2.311291217803955,0.0920807213283666
93.29954485299967,1.9999998807907104,0.3535111546516418,2.291393518447876,0.1300195240012157
93.34954485299968,1.9999998807907104,0.2655960321426391,2.304553508758545,0.0909063596694329
93.39954485299968,1.9999998807907104,0.2436227053403854,2.3016340732574463,0.0951686611427988
93.4495448529997,1.9999998807907104,0.2143031507730484,2.3057305812835693,0.0992617523218084
93.49954485299968,1.9999998807907104,0.2069787085056305,2.3000195026397705,0.0891192399061893
93.54954485299967,1.9999998807907104,0.2143031507730484,2.307849168777466,0.11346928982403
93.59954485299968,1.9999998807907104,0.2289520353078842,2.311870574951172,0.1107112234006693
93.64954485299968,1.9999998807907104,0.2362982630729675,2.3105788230896,0.1090653355221471
93.6995448529997,1.9999998807907104,0.1776809394359588,2.309200048446656,0.0695074090632734
93.74954485299968,1.9999998807907104,0.2655960321426391,2.310861587524414,0.0874953195011009
93.79954485299967,1.9999998807907104,0.3168671429157257,2.318814754486084,0.0905193387232016
93.84954485299968,1.9999998807907104,0.3535111546516418,2.314769506454468,0.1069677228733486
93.89954485299968,1.9999998807907104,0.338862270116806,2.3213605880737305,0.1133634922182737
93.94954485299968,1.9999998807907104,0.3242133855819702,2.3020098209381104,0.1335889199756285
93.99954485299968,1.9999998807907104,0.3168671429157257,2.3065099716186523,0.1519783263283031
94.04954485299967,1.9999998807907104,0.2948938012123108,2.3065099716186523,0.1138663150904776
94.09954485299968,1.9999998807907104,0.2948938012123108,2.3010447025299072,0.1138663150904776
94.14954485299968,1.9999998807907104,0.2729204893112182,2.301897525787353,0.0985584030397954
94.19954485299968,1.9999998807907104,0.2436227053403854,2.308906078338623,0.1139812616885472
94.24954485299968,1.9999998807907104,0.2509471476078033,2.302151918411255,0.113834175348949
94.29954485299967,1.9999998807907104,0.2729204893112182,2.311325788497925,0.102594316914297
94.34954485299968,1.9999998807907104,0.1776809394359588,2.308074951171875,0.092820000472549
94.39954485299968,1.9999998807907104,0.1923298239707946,2.310403347015381,0.0889041188811126
94.44954485299968,1.9999998807907104,0.2143031507730484,2.315347909927368,0.1029836250783155
94.49954485299968,1.9999998807907104,0.2582716047763824,2.310248613357544,0.1095330920980721
94.54954485299967,1.9999998807907104,0.2436227053403854,2.3196589946746826,0.1190008061271372
94.59954485299968,1.9999998807907104,0.2289520353078842,2.316847085952759,0.1031647931280314
94.64954485299968,1.9999998807907104,0.2143031507730484,2.321566581726074,0.1158031813863878
94.69954485299968,1.9999998807907104,-0.0,2.319310426712036,0.0532349383951017
94.84954485299968,1.9999998807907104,-0.0,2.3565731048583984,-0.0001526117597489
94.89954485299968,1.9999998807907104,-0.0,2.361177921295166,-0.0018233948988353
94.94954485299968,1.9999998807907104,-0.0,2.3462066650390625,0.0390285211924805
94.99954485299968,1.9999998807907104,-0.0,2.3416006565093994,0.0299019183502746
95.04954485299967,1.9999998807907104,-0.0,2.328075885772705,0.0142651174614882
95.09954485299968,1.9999998807907104,-0.0,2.3358967304229736,0.0110392276108467
95.14954485299968,1.9999998807907104,-0.0,2.3175415992736816,0.0115060110265684
95.19954485299968,1.9999998807907104,-0.0,2.322666883468628,0.0065047679644535
95.24954485299968,1.9999998807907104,-0.0,2.316381454467773,-0.0048667125924775
95.29954485299967,1.9999998807907104,-0.0,2.315232753753662,-0.0059103229344104
95.34954485299968,1.9999998807907104,-0.0,2.3107106685638428,0.0110767711753437
95.39954485299968,1.9999998807907104,-0.0,2.3005311489105225,0.0259851406510116
95.44954485299968,1.9999998807907104,-0.0,2.303763628005981,-0.0023793385174832
95.49954485299968,1.9999998807907104,-0.0,2.3029825687408447,0.030641417585871
95.54954485299967,1.9999998807907104,-0.0,2.3029825687408447,0.0209018606578868
95.59954485299968,1.9999998807907104,-0.0,2.293595790863037,0.0048316375794866
95.64954485299968,1.9999998807907104,-0.0,2.289585828781128,0.0098086155796332
95.69954485299968,1.9999998807907104,-0.0,2.2823312282562256,0.015232803737059
95.74954485299968,1.9999998807907104,-0.0,2.293245315551758,-0.009021104625689
95.79954485299967,1.9999998807907104,-0.0,2.278031826019287,0.0168697521337505
95.84954485299968,1.9999998807907104,-0.0,2.2841174602508545,0.0149070153245296
95.89954485299968,1.9999998807907104,-0.0,2.2825331687927246,0.0170799889852329
95.94954485299968,1.9999998807907104,-0.0,2.282278537750244,0.0026416829879529
95.99954485299968,1.9999998807907104,-0.0,2.2847988605499268,0.0038057446522454
96.04954485299967,1.9999998807907104,-0.0,2.279449462890625,0.0221841771006204
96.09954485299968,1.9999998807907104,-0.0,2.285442590713501,0.0157390698710841
96.14954485299968,1.9999998807907104,-0.0,2.2783210277557373,0.0185938059535858
96.19954485299968,1.9999998807907104,-0.0,2.2856762409210205,0.006026979343559
96.24954485299968,1.9999998807907104,-0.0,2.271024465560913,0.0187109631702273
96.29954485299967,1.9999998807907104,-0.0,2.279771566390991,0.0111173722457146
96.34954485299968,1.9999998807907104,-0.0,2.281278371810913,0.0242132244360803
96.39954485299968,1.9999998807907104,-0.0,2.272746562957764,0.0107105500970336
96.44954485299968,1.9999998807907104,-0.0,2.285781145095825,-0.0068640232402193
96.49954485299968,1.9999998807907104,-0.0,2.2737960815429688,0.0056629673520693
96.64954485299968,1.9999998807907104,-0.0,2.2719318866729736,0.0118568402361759
96.69954485299968,1.9999998807907104,-0.0,2.276449203491211,0.0177359884039543
96.74954485299968,1.9999998807907104,-0.0,2.271286725997925,0.0061110362945139
96.79954485299967,1.9999998807907104,-0.0,2.272891044616699,0.0227314922145541
96.84954485299968,1.9999998807907104,-0.0,2.2694036960601807,0.0186485850460108
96.89954485299968,1.9999998807907104,-0.0,2.2715933322906494,0.0095170638882426
96.94954485299968,1.9999998807907104,-0.0,2.267030954360962,0.0105672542643784
96.99954485299968,1.9999998807907104,-0.0,2.26395845413208,0.0098377918154572
97.04954485299967,1.9999998807907104,-0.0,2.274991512298584,0.0224250263362455
97.09954485299968,1.9999998807907104,-0.0,2.2742760181427,0.0069154862356581
97.14954485299968,1.9999998807907104,-0.0,2.269685745239258,0.0195092212950587
97.19954485299968,1.9999998807907104,-0.0,2.2713046073913574,0.021098140304365
97.24954485299968,1.9999998807907104,-0.0,2.2640421390533447,0.0421101848173477
97.29954485299967,1.9999998807907104,-0.0,2.2682392597198486,0.0504953221449044
97.34954485299968,1.9999998807907104,-0.0,2.2682392597198486,0.0088299614617102
97.39954485299968,1.9999998807907104,-0.0,2.267943859100342,-0.0061355295327577
97.44954485299968,1.9999998807907104,-0.0,2.281498908996582,0.0009175479502651
97.49954485299968,1.9999998807907104,-0.0,2.270602226257324,0.018891279798831
97.54954485299967,1.9999998807907104,-0.0,2.2773261070251465,0.0072059931428325
97.59954485299968,1.9999998807907104,-0.0,2.2690913677215576,0.0283496828793149
97.69954485299968,1.9999998807907104,-0.0,2.278024435043335,0.0235772593245389
97.74954485299968,1.9999998807907104,-0.0,2.267621755599976,0.0156273112331943
97.79954485299967,1.9999998807907104,-0.0,2.2752206325531006,-0.0111673964598478
97.84954485299968,1.9999998807907104,-0.0,2.2647879123687744,0.0139325934765528
97.89954485299968,1.9999998807907104,-0.0,2.275627374649048,0.0132015468340578
97.94954485299968,1.9999998807907104,-0.0,2.266315698623657,0.0137899227645064
97.99954485299968,1.9999998807907104,-0.0,2.265790700912476,0.0032051183856759
98.04954485299967,1.9999998807907104,-0.0,2.2682137489318848,0.0086141597839733
98.09954485299968,1.9999998807907104,-0.0,2.2687129974365234,0.031343157525793
98.14954485299968,1.9999998807907104,-0.0,2.2619595527648926,-0.00242059254568
98.19954485299968,1.9999998807907104,-0.0,2.2714943885803223,0.0144625748246977
98.24954485299968,1.9999998807907104,-0.0,2.256935834884644,0.0043209576927503
98.29954485299967,1.9999998807907104,-0.0,2.267025947570801,0.0094385149056989
98.34954485299968,1.9999998807907104,-0.0,2.257718086242676,0.0201612058349605
98.39954485299968,1.9999998807907104,-0.0,2.268365859985352,0.0252111745762872
98.44954485299968,1.9999998807907104,-0.0,2.271803617477417,0.0166217706019497
98.49954485299968,1.9999998807907104,-0.0,2.261426448822021,0.0141460607682788
98.54954485299967,1.9999998807907104,-0.0,2.267961502075196,0.0078465608363635
98.59954485299968,1.9999998807907104,-0.0,2.2674121856689453,0.0193528220337824
98.64954485299968,1.9999998807907104,-0.0,2.2662453651428223,0.0008138858484512
98.69954485299968,1.9999998807907104,-0.0,2.2725157737731934,0.0285978587856251
98.74954485299966,1.9999998807907104,-0.0,2.264359951019287,0.0233247549948022
98.79954485299967,1.9999998807907104,-0.0,2.276768684387207,0.0131301860836692
98.84954485299968,1.9999998807907104,-0.0,2.269602537155152,0.001195868347089
98.89954485299968,1.9999998807907104,-0.0,2.277353525161743,-0.0011573177692219
98.94954485299968,1.9999998807907104,-0.0,2.262587785720825,0.0208183730384857
98.99954485299966,1.9999998807907104,-0.0,2.262628555297852,0.0105227696905305
99.04954485299967,1.9999998807907104,-0.0,2.2597544193267822,0.0290371236043402
99.09954485299968,1.9999998807907104,-0.0,2.260911703109741,0.0100886177131515
99.14954485299968,1.9999998807907104,-0.0,2.258920669555664,0.0098954757119256
99.19954485299968,1.9999998807907104,-0.0,2.260638236999512,0.0031554302712544
99.24954485299966,1.9999998807907104,-0.0,2.252540111541748,-0.0020242332332307
99.29954485299967,1.9999998807907104,-0.0,2.2499186992645264,0.001695182998485
99.34954485299968,1.9999998807907104,-0.0,2.2540056705474854,-0.0124830978819058
99.39954485299968,1.9999998807907104,-0.0,2.2489261627197266,0.0363699674797317
99.44954485299968,1.9999998807907104,-0.0,2.2511990070343018,0.0334697658014397
99.49954485299966,1.9999998807907104,-0.0,2.2401788234710693,0.0101847938153666
99.54954485299967,1.9999998807907104,-0.0,2.251561403274536,0.0003081333666057
99.59954485299968,1.9999998807907104,-0.0,2.254098892211914,0.0024932174458931
99.64954485299968,1.9999998807907104,-0.0,2.251449584960937,0.029278208628172
99.69954485299968,1.9999998807907104,-0.0,2.251449584960937,0.022520063849533
99.74954485299966,1.9999998807907104,-0.0,2.254556655883789,0.007381572913906
99.79954485299966,1.9999998807907104,-0.0,2.2514092922210693,0.0324510199633908
99.84954485299968,1.9999998807907104,-0.0,2.244344472885132,0.0079526830509193
99.89954485299968,1.9999998807907104,-0.0,2.2503294944763184,-0.0043905213675791
99.94954485299968,1.9999998807907104,-0.0,2.2498905658721924,0.0217583354177786
99.99954485299966,1.9999998807907104,-0.0,2.248320817947388,0.0027167647592091
100.04954485299966,1.9999998807907104,-0.0,2.2451157569885254,-0.0041321293419072
100.09954485299968,1.9999998807907104,-0.0,2.244614839553833,0.015899960841538
100.14954485299968,1.9999998807907104,-0.0,2.251753807067871,0.0221604245441163
100.19954485299968,1.9999998807907104,-0.0,2.252584457397461,0.0112617110057561
100.24954485299966,1.9999998807907104,-0.0,2.251493215560913,0.0176069038081418
100.29954485299966,1.9999998807907104,-0.0,2.249105215072632,0.0134463349193105
100.34954485299966,1.9999998807907104,-0.0,2.248286724090576,-0.0115056032397214
100.39954485299968,1.9999998807907104,-0.0,2.242196083068848,0.0213384172673059
100.44954485299968,1.9999998807907104,-0.0,2.2382566928863525,0.0180932038674819
100.49954485299966,1.9999998807907104,-0.0,2.246163845062256,-0.0131049644229743
100.54954485299966,1.9999998807907104,-0.0,2.2483153343200684,0.020715092061137
100.59954485299966,1.9999998807907104,-0.0,2.2586829662323,0.0019583009276248
100.69954485299968,1.9999998807907104,-0.0,2.2562296390533447,0.0223508558594383
100.74954485299966,1.9999998807907104,-0.0,2.25095009803772,0.0113950163956011
100.79954485299966,1.9999998807907104,-0.0,2.251193761825561,-0.0012535918711945
100.84954485299966,1.9999998807907104,-0.0,2.2507643699646,-0.0163661256655033
100.89954485299968,1.9999998807907104,-0.0,2.259324789047241,0.0269827683093029
100.94954485299968,1.9999998807907104,-0.0,2.2603628635406494,0.0225651295694958
100.99954485299966,1.9999998807907104,-0.0,2.2598180770874023,0.0087418740029192
101.09954485299966,1.9999998807907104,-0.0,2.262864589691162,-0.0139266248032681
101.14954485299968,1.9999998807907104,-0.0,2.26871919631958,0.0213815031524566
101.19954485299968,1.9999998807907104,-0.0,2.2620320320129395,0.0059355386419558
101.24954485299966,1.9999998807907104,-0.0,2.270308494567871,0.0177787886361712
101.29954485299966,1.9999998807907104,-0.0,2.2658028602600098,0.0092511828006343
101.34954485299966,1.9999998807907104,-0.0,2.2694902420043945,0.0419219808752167
101.39954485299964,1.9999998807907104,-0.0,2.259462118148804,0.0049467265442881
101.44954485299968,1.9999998807907104,-0.0,2.254451036453247,0.0070649491204221
101.49954485299966,1.9999998807907104,-0.0,2.268488645553589,0.0023762662154711
101.54954485299966,1.9999998807907104,-0.0,2.256924867630005,0.0319194057148645
101.59954485299966,1.9999998807907104,-0.0,2.256924867630005,-0.0034544905299417
101.84954485299966,1.9999998807907104,-0.0,2.2511770725250244,-0.0058250724728011
101.89954485299964,1.9999998807907104,-0.0,2.2507164478302,0.0015782132046894
101.94954485299964,1.9999998807907104,-0.0,2.247222185134888,-0.0104359757522904
101.99954485299966,1.9999998807907104,-0.0,2.234565496444702,0.0459007533556522
102.04954485299966,1.9999998807907104,-0.0,2.248278379440308,0.0013898984353314
102.14954485299964,1.9999998807907104,-0.0,2.248865365982056,0.0181238135543635
102.19954485299964,1.9999998807907104,-0.0,2.2278339862823486,0.0121087491665046
102.24954485299966,1.9999998807907104,-0.0,2.2405292987823486,0.0033558770298748
102.29954485299966,1.9999998807907104,-0.0,2.243701457977295,-0.0007620481564275
102.34954485299966,1.9999998807907104,-0.0,2.234855890274048,0.0175032156342356
102.39954485299964,1.9999998807907104,-0.0,2.236473321914673,0.0171829099548682
102.44954485299964,1.9999998807907104,-0.0,2.2345409393310547,-0.0043500155939677
102.49954485299966,1.9999998807907104,-0.0,2.2424416542053223,0.0129587738690632
102.54954485299966,1.9999998807907104,-0.0,2.2261970043182373,-0.0055162772770619
102.59954485299966,1.9999998807907104,-0.0,2.2437124252319336,3.696975649779971e-05
102.64954485299964,1.9999998807907104,-0.0,2.22805118560791,-0.0192518985125521
102.69954485299964,1.9999998807907104,-0.0,2.242157459259033,0.0244055790716706
102.74954485299966,1.9999998807907104,-0.0,2.2399239540100098,0.017843887037213
102.79954485299966,1.9999998807907104,-0.0,2.230902671813965,-0.0048626024268755
102.84954485299966,1.9999998807907104,-0.0,2.2463717460632324,0.0380496343922641
102.89954485299964,1.9999998807907104,-0.0,2.231048822402954,-0.0210255109889515
102.94954485299964,1.9999998807907104,-0.0,2.2476181983947754,0.014003755983822
102.99954485299963,1.9999998807907104,-0.0,2.2289750576019287,0.0319110303383064
103.04954485299966,1.9999998807907104,-0.0,2.250130176544189,0.0279677273427057
103.09954485299966,1.9999998807907104,-0.0,2.242340564727783,0.0117007658231445
103.14954485299964,1.9999998807907104,-0.0,2.2405545711517334,-0.0035292887595368
103.19954485299964,1.9999998807907104,-0.0,2.250816345214844,0.0172289863794395
103.24954485299963,1.9999998807907104,-0.0,2.236974239349365,0.0235878667025682
103.29954485299966,1.9999998807907104,-0.0,2.236974239349365,0.0136816006204377
103.39954485299964,1.9999998807907104,-0.0,2.253282070159912,0.0269336294111415
103.44954485299964,1.9999998807907104,-0.0,2.2408671379089355,0.0272914449817525
103.49954485299963,1.9999998807907104,-0.0,2.246586799621582,-0.0086845104775709
103.54954485299965,1.9999998807907104,-0.0,2.238957166671753,0.0314240278293572
103.59954485299966,1.9999998807907104,-0.0,2.249967575073242,0.0204927967900028
103.64954485299964,1.9999998807907104,-0.0,2.244799852371216,-0.0031556794462086
103.69954485299964,1.9999998807907104,-0.0,2.237715005874634,-0.000133242203732
103.74954485299963,1.9999998807907104,-0.0,2.242140531539917,0.0075246774404486
103.79954485299965,1.9999998807907104,-0.0,2.237170696258545,0.0444691533571256
103.84954485299966,1.9999998807907104,-0.0,2.243990898132324,0.0199323646735555
103.89954485299964,1.9999998807907104,-0.0,2.231431484222412,0.0170678633604852
103.94954485299964,1.9999998807907104,-0.0,2.237946033477783,0.0061213234121665
103.99954485299963,1.9999998807907104,-0.0,2.2256906032562256,0.0193893317166666
104.04954485299965,1.9999998807907104,-0.0,2.230292797088623,-0.0202622929928412
104.09954485299966,1.9999998807907104,-0.0,2.222043514251709,0.0201926822709334
104.14954485299964,1.9999998807907104,-0.0,2.2190544605255127,0.0363663721530915
104.19954485299964,1.9999998807907104,-0.0,2.233241558074951,-0.0011144589109801
104.24954485299963,1.9999998807907104,-0.0,2.2166242599487305,0.0021301680846471
104.29954485299965,1.9999998807907104,-0.0,2.228986978530884,0.0134904932494563
104.34954485299966,1.9999998807907104,-0.0,2.217721462249756,-0.0068188286111784
104.49954485299963,1.9999998807907104,-0.0,2.217658042907715,-0.0029795147756244
104.54954485299965,1.9999998807907104,-0.0,2.2213289737701416,-0.003019627942701
104.59954485299964,1.9999998807907104,-0.0,2.2192273139953613,-1.0796185406877767e-05
104.64954485299964,1.9999998807907104,-0.0,2.2192273139953613,-1.0796185406877767e-05
104.69954485299964,1.9999998807907104,-0.0,2.22854995727539,0.0184531673785958
104.74954485299963,1.9999998807907104,-0.0,2.2229554653167725,0.0010728531527276
104.79954485299965,1.9999998807907104,-0.0,2.2229554653167725,0.0094475070876867
104.84954485299964,1.9999998807907104,-0.0,2.230372428894043,0.006634362984191
104.89954485299964,1.9999998807907104,-0.0,2.2253258228302,0.0109644920751937
104.94954485299964,1.9999998807907104,-0.0,2.225687265396118,0.0125683798708881
104.99954485299963,1.9999998807907104,-0.0,2.2285101413726807,0.0238601593144797
105.04954485299965,1.9999998807907104,-0.0,2.214859962463379,0.0026342237175942
105.09954485299964,1.9999998807907104,-0.0,2.225603103637696,0.0216891394178465
105.14954485299964,1.9999998807907104,-0.0,2.2203891277313232,0.0029935176079268
105.19954485299964,1.9999998807907104,-0.0,2.2318150997161865,0.0092243063543265
105.24954485299963,1.9999998807907104,-0.0,2.218831777572632,0.001265026151362
105.29954485299965,1.9999998807907104,-0.0,2.22723388671875,0.0061423974999941
105.34954485299964,1.9999998807907104,-0.0,2.2260501384735107,-0.003125818949432
105.39954485299964,1.9999998807907104,-0.0,2.216873407363892,0.0120678196586646
105.44954485299964,1.9999998807907104,-0.0,2.2230064868927,0.0161826499294903
105.49954485299963,1.9999998807907104,-0.0,2.228088855743408,0.0037199524662631
105.54954485299965,1.9999998807907104,-0.0,2.228088855743408,0.0098995033462997
105.59954485299964,1.9999998807907104,-0.0,2.2154757976531982,0.0141357908612355
105.64954485299964,1.9999998807907104,-0.0,2.2154757976531982,0.015266917008486
105.69954485299964,1.9999998807907104,-0.0,2.21940541267395,-0.0075137612043395
105.74954485299963,1.9999998807907104,-0.0,2.2146220207214355,0.0384812081722427
105.79954485299965,1.9999998807907104,-0.0,2.2128677368164062,0.0235213842322532
105.84954485299964,1.9999998807907104,-0.0,2.224202871322632,0.0065168257496572
105.89954485299964,1.9999998807907104,-0.0,2.2090933322906494,0.0038779555835721
105.94954485299964,1.9999998807907104,-0.0,2.2271711826324463,0.0056057897449027
105.99954485299963,1.9999998807907104,-0.0,2.2271711826324463,0.0039232510774354
106.04954485299965,1.9999998807907104,-0.0,2.214625597000122,0.0039232510774354
106.09954485299964,1.9999998807907104,-0.0,2.2330331802368164,0.0026457401688818
106.14954485299964,1.9999998807907104,-0.0,2.21140718460083,0.0043092391430986
106.19954485299964,1.9999998807907104,0.0238240547478199,2.2326626777648926,-0.0058652821831644
106.24954485299963,1.9999998807907104,0.0238240547478199,2.221220254898072,0.0350791982217052
106.29954485299965,1.9999998807907104,0.0531218238174915,2.240762948989868,-0.0056620433274934
106.34954485299964,1.9999998807907104,0.0604680627584457,2.2594802379608154,0.0426222490034028
106.39954485299964,1.9999998807907104,0.0970902740955352,2.2531285285949707,-0.0075258706151605
106.44954485299964,1.9999998807907104,0.0970902740955352,2.249918222427368,-0.0071723364611834
106.49954485299963,1.9999998807907104,0.119063600897789,2.254237174987793,0.0954369651667814
106.54954485299965,1.9999998807907104,0.163032054901123,2.3043153285980225,0.0740759604941982
106.59954485299964,1.9999998807907104,0.2069787085056305,2.3043153285980225,0.0529591809661314
106.64954485299964,1.9999998807907104,0.2436227053403854,2.336956262588501,0.0761083799652039
106.69954485299964,1.9999998807907104,0.2948938012123108,2.361945152282715,0.1289275610749658
106.74954485299963,1.9999998807907104,0.3242133855819702,2.3613202571868896,0.1384609051027064
106.79954485299965,1.9999998807907104,0.2948938012123108,2.3547701835632324,0.0844624148679582
106.84954485299964,1.9999998807907104,0.280244916677475,2.3547701835632324,0.1199189317947723
106.89954485299964,1.9999998807907104,0.280244916677475,2.331263303756714,0.1199189317947723
106.94954485299964,1.9999998807907104,0.2655960321426391,2.3376173973083496,0.1331526671642485
106.99954485299963,1.9999998807907104,0.280244916677475,2.3233189582824707,0.1240467482679472
107.04954485299965,1.9999998807907104,0.3461866974830627,2.3079631328582764,0.1307527591360771
107.09954485299964,1.9999998807907104,0.338862270116806,2.3097569942474365,0.1330691958254038
107.14954485299964,1.9999998807907104,0.338862270116806,2.3114049434661865,0.1092358633357157
107.19954485299964,1.9999998807907104,0.338862270116806,2.3114049434661865,0.1092358633357157
107.24954485299963,1.9999998807907104,0.3461866974830627,2.312617778778076,0.1294050739178994
107.29954485299965,1.9999998807907104,0.3461866974830627,2.318445444107056,0.086751517967066
107.34954485299964,1.9999998807907104,0.3461866974830627,2.330125570297241,0.1215074904731393
107.39954485299964,1.9999998807907104,0.338862270116806,2.312624931335449,0.1416595872148613
107.44954485299964,1.9999998807907104,0.3242133855819702,2.309028387069702,0.1270832209222389
107.49954485299963,1.9999998807907104,0.3168671429157257,2.31642484664917,0.1288922922414737
107.54954485299965,1.9999998807907104,0.3168671429157257,2.309933423995972,0.1315227167388653
107.59954485299964,1.9999998807907104,0.3168671429157257,2.3207716941833496,0.1429522205482799
107.64954485299964,1.9999998807907104,0.3168671429157257,2.325506687164306,0.1423245700559123
107.69954485299964,1.9999998807907104,0.3242133855819702,2.307891368865967,0.1448387891794431
107.74954485299963,1.9999998807907104,0.3461866974830627,2.317978382110596,0.1610415665491442
107.79954485299965,1.9999998807907104,0.3608355820178985,2.3127009868621826,0.148893244804398
107.84954485299964,1.9999998807907104,0.3828089237213135,2.318896770477295,0.1407901939691639
107.89954485299964,1.9999998807907104,0.3828089237213135,2.310574531555176,0.1427507583549199
107.94954485299964,1.9999998807907104,0.3754844665527344,2.331997394561768,0.1413020311002881
107.99954485299963,1.9999998807907104,0.3754844665527344,2.314751386642456,0.1657260402977116
108.04954485299965,1.9999998807907104,0.3828089237213135,2.321495532989502,0.1578544376235383
108.09954485299964,1.9999998807907104,0.3828089237213135,2.316301345825196,0.1885284429741542
108.14954485299964,1.9999998807907104,0.3754844665527344,2.308189630508423,0.1631486866229087
108.19954485299964,1.9999998807907104,0.3754844665527344,2.3105976581573486,0.1686442956860467
108.24954485299963,1.9999998807907104,0.3828089237213135,2.31109619140625,0.1510216520098442
108.29954485299965,1.9999998807907104,0.3828089237213135,2.3159313201904297,0.1373640301272582
108.34954485299964,1.9999998807907104,0.3754844665527344,2.2988216876983643,0.1802790545721002
108.39954485299964,1.9999998807907104,0.3754844665527344,2.3132684230804443,0.1682729622658003
108.44954485299964,1.9999998807907104,0.338862270116806,2.309178113937378,0.1516080593467035
108.49954485299963,1.9999998807907104,0.3681600391864776,2.321465492248535,0.1659346158529342
108.54954485299965,1.9999998807907104,0.3608355820178985,2.302721738815308,0.1638063472849332
108.59954485299964,1.9999998807907104,0.3535111546516418,2.3206729888916016,0.1518326325718229
108.64954485299964,1.9999998807907104,0.3242133855819702,2.31402850151062,0.1479190351451133
108.69954485299964,1.9999998807907104,0.3242133855819702,2.319781541824341,0.1555186674390951
108.74954485299963,1.9999998807907104,0.3242133855819702,2.3152363300323486,0.1732158575173557
108.79954485299965,1.9999998807907104,0.3242133855819702,2.315333127975464,0.1715990192574329
108.84954485299964,1.9999998807907104,0.3095426857471466,2.3400678634643555,0.1428171613725089
108.89954485299964,1.9999998807907104,0.2948938012123108,2.315661907196045,0.1874557583128887
108.94954485299964,1.9999998807907104,0.2729204893112182,2.335096836090088,0.1414879606808265
108.99954485299963,1.9999998807907104,0.2655960321426391,2.316722631454468,0.1506270423057753
109.04954485299965,1.9999998807907104,0.2655960321426391,2.3313064575195312,0.1523621937512418
109.09954485299964,1.9999998807907104,0.2729204893112182,2.3203182220458984,0.1288918916414816
109.14954485299964,1.9999998807907104,0.3095426857471466,2.332272529602051,0.1663743676668411
109.19954485299964,1.9999998807907104,0.3095426857471466,2.322434425354004,0.1474075150137234
109.24954485299963,1.9999998807907104,0.2948938012123108,2.33156418800354,0.1114792530741988
109.29954485299965,1.9999998807907104,0.2655960321426391,2.3184945583343506,0.1869619082535099
109.34954485299964,1.9999998807907104,0.2655960321426391,2.3147709369659424,0.1365119020417624
109.39954485299964,1.9999998807907104,0.280244916677475,2.31736707687378,0.1320675338381481
109.44954485299964,1.9999998807907104,0.280244916677475,2.319631099700928,0.1352093996440991
109.49954485299963,1.9999998807907104,0.2875693738460541,2.3341073989868164,0.1288952791456448
109.54954485299965,1.9999998807907104,0.2948938012123108,2.3129467964172363,0.1345943381392103
109.59954485299964,1.9999998807907104,0.2875693738460541,2.319535493850708,0.1370338987078888
109.64954485299964,1.9999998807907104,0.2875693738460541,2.310621976852417,0.1087881734565153
109.69954485299964,1.9999998807907104,0.2655960321426391,2.324880838394165,0.1406645618419074
109.74954485299963,1.9999998807907104,0.2655960321426391,2.322365522384644,0.1158932732378365
109.79954485299965,1.9999998807907104,0.2729204893112182,2.333935737609864,0.099045458282493
109.84954485299964,1.9999998807907104,0.2729204893112182,2.325608015060425,0.1295236028041237
109.89954485299964,1.9999998807907104,0.2729204893112182,2.338309526443481,0.0992516951318183
109.94954485299962,1.9999998807907104,0.2729204893112182,2.335010051727295,0.0763441900960909
109.99954485299963,1.9999998807907104,0.2509471476078033,2.3375179767608643,0.1497921471590889
110.04954485299965,1.9999998807907104,0.2362982630729675,2.326488494873047,0.1221262458772553
110.09954485299964,1.9999998807907104,0.2362982630729675,2.336010694503784,0.1262741942793797
110.14954485299964,1.9999998807907104,0.2362982630729675,2.3275325298309326,0.0903265728029186
110.19954485299962,1.9999998807907104,0.2069787085056305,2.335508108139038,0.1135254988670011
110.24954485299963,1.9999998807907104,0.2069787085056305,2.345960855484009,0.0786744029860976
110.29954485299965,1.9999998807907104,0.1996542662382125,2.329291582107544,0.1187449902921811
110.34954485299964,1.9999998807907104,0.1996542662382125,2.3402655124664307,0.0989245589270143
110.39954485299964,1.9999998807907104,0.2362982630729675,2.3345420360565186,0.1154751327938063
110.44954485299962,1.9999998807907104,0.2582716047763824,2.349894762039185,0.0909393918120139
110.49954485299963,1.9999998807907104,0.3022182583808899,2.340892791748047,0.0979768692370854
110.54954485299965,1.9999998807907104,0.3168671429157257,2.346832752227783,0.103746874167206
110.59954485299964,1.9999998807907104,0.3168671429157257,2.3346476554870605,0.093524250757666
110.64954485299964,1.9999998807907104,0.3168671429157257,2.3415639400482178,0.123642843327982
110.69954485299962,1.9999998807907104,0.3168671429157257,2.34304141998291,0.1069249009052881
110.74954485299963,1.9999998807907104,0.3168671429157257,2.3342599868774414,0.1069249009052881
110.79954485299965,1.9999998807907104,0.3095426857471466,2.3421785831451416,0.094007861423902
110.84954485299964,1.9999998807907104,0.2289520353078842,2.336282730102539,0.1019661172289221
110.89954485299964,1.9999998807907104,0.2216275930404663,2.339022159576416,0.0870748810080365
110.94954485299962,1.9999998807907104,0.2216275930404663,2.326878547668457,0.0917129441668807
110.99954485299962,1.9999998807907104,0.2216275930404663,2.3412463665008545,0.0876303870929506
111.04954485299965,1.9999998807907104,0.2436227053403854,2.332736015319824,0.1017886569966677
111.09954485299964,1.9999998807907104,0.2875693738460541,2.330848932266236,0.0743323194261468
111.14954485299964,1.9999998807907104,0.2875693738460541,2.3240041732788086,0.1245607125895948
111.19954485299962,1.9999998807907104,0.280244916677475,2.345720291137696,0.1259324174734788
111.24954485299962,1.9999998807907104,0.2729204893112182,2.337332010269165,0.1570989563434202
111.29954485299965,1.9999998807907104,0.280244916677475,2.327843427658081,0.1201503414585195
111.34954485299964,1.9999998807907104,0.280244916677475,2.343801021575928,0.116453286557295
111.39954485299964,1.9999998807907104,0.3022182583808899,2.327871799468994,0.1591700752746121
111.44954485299962,1.9999998807907104,0.3022182583808899,2.344681739807129,0.0995351847968471
111.49954485299962,1.9999998807907104,0.3022182583808899,2.3296244144439697,0.1440118449200778
111.54954485299962,1.9999998807907104,0.2729204893112182,2.342075824737549,0.1385937330012443
111.59954485299964,1.9999998807907104,0.2362982630729675,2.3316729068756104,0.1409283048244662
111.64954485299964,1.9999998807907104,0.2362982630729675,2.3262667655944824,0.1408240740283534
111.69954485299962,1.9999998807907104,0.2655960321426391,2.3329849243164062,0.1184913163878659
111.74954485299962,1.9999998807907104,0.280244916677475,2.3365490436553955,0.1105890772888847
111.79954485299962,1.9999998807907104,0.2729204893112182,2.331937789916992,0.1212138262566456
111.84954485299964,1.9999998807907104,0.2729204893112182,2.3452460765838623,0.1195924128957581
111.89954485299964,1.9999998807907104,0.2729204893112182,2.3415868282318115,0.0911854997469199
111.94954485299962,1.9999998807907104,0.2729204893112182,2.3353424072265625,0.1546421651821048
111.99954485299962,1.9999998807907104,0.2655960321426391,2.352734088897705,0.1172953593891612
112.04954485299962,1.9999998807907104,0.2729204893112182,2.33153772354126,0.1597805592220223
112.09954485299964,1.9999998807907104,0.2729204893112182,2.3527846336364746,0.1325486272615292
112.14954485299964,1.9999998807907104,0.3168671429157257,2.3314218521118164,0.0970092932553644
112.19954485299962,1.9999998807907104,0.3168671429157257,2.348974704742432,0.0972795071332768
112.24954485299962,1.9999998807907104,0.3168671429157257,2.336758613586426,0.1245675862449459
112.29954485299962,1.9999998807907104,0.3168671429157257,2.35321307182312,0.1152363246484944
112.34954485299964,1.9999998807907104,0.3168671429157257,2.34561824798584,0.1238038912021859
112.39954485299964,1.9999998807907104,0.3168671429157257,2.331318616867065,0.1487677085106126
112.44954485299962,1.9999998807907104,0.3168671429157257,2.333693504333496,0.1473892432572692
112.49954485299962,1.9999998807907104,0.3168671429157257,2.333870649337769,0.1187204014209254
112.54954485299962,1.9999998807907104,0.3022182583808899,2.333870649337769,0.120952382360558
112.5995448529996,1.9999998807907104,0.2875693738460541,2.3373148441314697,0.1008189852417485
112.64954485299964,1.9999998807907104,0.2875693738460541,2.321280241012573,0.1291059145280788
112.69954485299962,1.9999998807907104,0.2875693738460541,2.3279032707214355,0.1124529820671663
112.74954485299962,1.9999998807907104,0.3168671429157257,2.345062494277954,0.0989704109732856
112.79954485299962,1.9999998807907104,0.3168671429157257,2.33320689201355,0.1026929188863067
112.8495448529996,1.9999998807907104,0.3168671429157257,2.3510537147521973,0.1150280698173711
112.89954485299964,1.9999998807907104,0.3168671429157257,2.3271729946136475,0.1028108199548328
112.94954485299962,1.9999998807907104,0.3461866974830627,2.350289821624756,0.0838143076923923
112.99954485299962,1.9999998807907104,0.3828089237213135,2.3263559341430664,0.1519984120981987
113.04954485299962,1.9999998807907104,0.3828089237213135,2.330616474151612,0.2011377198333866
113.0995448529996,1.9999998807907104,0.3828089237213135,2.330616474151612,0.2011377198333866
113.1495448529996,1.9999998807907104,0.3754844665527344,2.3328452110290527,0.1390069080474995
113.19954485299962,1.9999998807907104,0.338862270116806,2.319098472595215,0.2141767713989882
113.24954485299962,1.9999998807907104,0.3315378129482269,2.309858083724976,0.1953847697469726
113.29954485299962,1.9999998807907104,0.3242133855819702,2.32820725440979,0.1936118845153784
113.3495448529996,1.9999998807907104,0.3242133855819702,2.3213858604431152,0.229140620736837
113.3995448529996,1.9999998807907104,0.3315378129482269,2.322798252105713,0.1913385393222816
113.44954485299962,1.9999998807907104,0.2948938012123108,2.275049924850464,0.1423111269437664
113.49954485299962,1.9999998807907104,0.280244916677475,2.319753646850586,0.1549825428994691
113.54954485299962,1.9999998807907104,0.2509471476078033,2.3070297241210938,0.1607197747715222
113.5995448529996,1.9999998807907104,0.2436227053403854,2.3205714225769043,0.179238954506331
113.6495448529996,1.9999998807907104,0.2582716047763824,2.3157191276550293,0.1478809686906387
113.69954485299962,1.9999998807907104,0.2582716047763824,2.322158098220825,0.1304766124973586
113.74954485299962,1.9999998807907104,0.2289520353078842,2.331174373626709,0.1344449943600415
113.79954485299962,1.9999998807907104,0.2289520353078842,2.328627109527588,0.1408644039960253
113.8495448529996,1.9999998807907104,0.2143031507730484,2.3296422958374023,0.1002588885383221
113.8995448529996,1.9999998807907104,0.2069787085056305,2.3137776851654053,0.1171483943268262
113.94954485299962,1.9999998807907104,0.1996542662382125,2.33071231842041,0.1405102762403728
113.99954485299962,1.9999998807907104,0.1923298239707946,2.327501058578491,0.1633698637004255
114.04954485299962,1.9999998807907104,0.1996542662382125,2.331170558929444,0.0863288780198166
114.0995448529996,1.9999998807907104,0.1557076126337051,2.328537940979004,0.0874180188533797
114.1495448529996,1.9999998807907104,0.1410369277000427,2.335171937942505,0.1312363941109184
114.1995448529996,1.9999998807907104,0.1263880431652069,2.3325021266937256,0.0691252090124498
114.24954485299962,1.9999998807907104,0.0970902740955352,2.353161334991455,0.062998417048033
114.29954485299962,1.9999998807907104,0.0457973815500736,2.3529767990112305,-0.0104061930483612
114.3495448529996,1.9999998807907104,0.0824413895606994,2.365838527679444,0.0488335350159225
114.3995448529996,1.9999998807907104,0.0677925050258636,2.365838527679444,0.1125706260593675
114.4495448529996,1.9999998807907104,0.0604680627584457,2.3939595222473145,0.0554791379395645
114.49954485299962,1.9999998807907104,0.0604680627584457,2.396530866622925,0.0238471485471302
114.54954485299962,1.9999998807907104,0.0677925050258636,2.403859615325928,0.0037440106344926
114.5995448529996,1.9999998807907104,0.0970902740955352,2.4005255699157715,0.0020674098918848
114.6495448529996,1.9999998807907104,0.119063600897789,2.4015660285949707,0.0318194723235513
114.6995448529996,1.9999998807907104,0.1703564971685409,2.4224183559417725,0.0834360349040143
114.7495448529996,1.9999998807907104,0.2216275930404663,2.441678524017334,0.0498460899633036
114.79954485299962,1.9999998807907104,0.2143031507730484,2.4681289196014404,0.0308180573837497
114.8495448529996,1.9999998807907104,0.1996542662382125,2.461743354797364,0.1156874448134501
114.8995448529996,1.9999998807907104,0.1996542662382125,2.4534242153167725,0.120308501903381
114.9495448529996,1.9999998807907104,0.2143031507730484,2.417897939682007,0.1382262704661602
114.9995448529996,1.9999998807907104,0.2143031507730484,2.415711164474488,0.1002839039182975
115.04954485299962,1.9999998807907104,0.2143031507730484,2.387489557266236,0.1138384006923022
115.0995448529996,1.9999998807907104,0.2729204893112182,2.393274307250977,0.0994268285265137
115.1495448529996,1.9999998807907104,0.2729204893112182,2.3692307472229004,0.1206996536155655
115.1995448529996,1.9999998807907104,0.1923298239707946,2.3757052421569824,0.0974382299353225
115.2495448529996,1.9999998807907104,0.1850053817033767,2.3580586910247803,0.109331804279597
115.29954485299962,1.9999998807907104,0.1923298239707946,2.355625629425049,0.0962786561663916
115.3495448529996,1.9999998807907104,0.1923298239707946,2.3456268310546875,0.0979632671844688
115.3995448529996,1.9999998807907104,0.1923298239707946,2.3528313636779785,0.0653562902490589
115.4495448529996,1.9999998807907104,0.1703564971685409,2.350311279296875,0.094996580770068
115.4995448529996,1.9999998807907104,0.1483831703662872,2.3500657081604004,0.0863890061632613
115.54954485299962,1.9999998807907104,0.119063600897789,2.354887008666992,0.0163062346118854
115.5995448529996,1.9999998807907104,0.0824413895606994,2.363840818405152,0.0080452428070458
115.6495448529996,1.9999998807907104,0.0751169472932815,2.3677990436553955,0.0080668995689457
115.6995448529996,1.9999998807907104,0.0677925050258636,2.3427560329437256,0.0237645826013772
115.7495448529996,1.9999998807907104,0.0604680627584457,2.3601791858673096,0.0324930342727919
115.7995448529996,1.9999998807907104,0.0091751711443066,2.3417975902557373,0.0501603914595821
115.8495448529996,1.9999998807907104,-0.0,2.34399962425232,0.0351410615690413
115.8995448529996,1.9999998807907104,-0.0238022562116384,2.348121404647827,-0.0219599357469121
115.9495448529996,1.9999998807907104,-0.2069569081068039,2.374559164047241,-0.0594018480290513
115.9995448529996,1.9999998807907104,-0.2216057926416397,2.3493032455444336,-0.0732782477177719
116.0495448529996,1.9999998807907104,-0.3461649119853973,2.364633321762085,-0.0873403207245949
116.0995448529996,1.9999998807907104,-0.3901115655899048,2.3515212535858154,-0.0961136281596525
116.1495448529996,1.9999998807907104,-0.4047604501247406,2.348158836364746,-0.1244078909375972
116.1995448529996,1.9999998807907104,-0.4047604501247406,2.353266477584839,-0.1030790750473453
116.2495448529996,1.9999998807907104,-0.3827871084213257,2.3641886711120605,-0.0058499103728603
116.2995448529996,1.9999998807907104,-0.192308023571968,2.3453292846679688,-0.0062531095965492
116.3495448529996,1.9999998807907104,-0.0,2.3453292846679688,0.0303311502329335
116.3995448529996,1.9999998807907104,-0.0,2.342313051223755,0.0152877053649191
116.4495448529996,1.9999998807907104,-0.0,2.3328170776367188,0.0196216259558984
116.4995448529996,1.9999998807907104,-0.0,2.3290271759033203,0.0003523922713084
116.5495448529996,1.9999998807907104,-0.0,2.3166534900665283,0.0241064191834212
116.5995448529996,1.9999998807907104,-0.0,2.328554391860962,0.0149174083526434
116.6495448529996,1.9999998807907104,-0.0,2.312671899795532,0.0015939183586285
116.6995448529996,1.9999998807907104,-0.0,2.322359085083008,0.0101295699287713
116.7495448529996,1.9999998807907104,-0.0,2.305201292037964,0.0148652383585594
116.7995448529996,1.9999998807907104,-0.0,2.324003219604492,0.0100484860385432
116.8495448529996,1.9999998807907104,-0.0,2.3202450275421143,0.0138954269919235
116.8995448529996,1.9999998807907104,-0.0,2.310106039047241,0.0321995783612643
116.9495448529996,1.9999998807907104,-0.0,2.328382730484009,0.0376220937596369
117.0995448529996,1.9999998807907104,-0.0,2.302363634109497,-0.002043450297344
117.1495448529996,1.9999998807907104,-0.0,2.314370393753052,0.0153314052711428
117.1995448529996,1.9999998807907104,-0.0,2.314370393753052,0.0363588736392521
117.2495448529996,1.9999998807907104,-0.0,2.313167095184326,0.0363588736392521
117.2995448529996,1.9999998807907104,-0.0,2.317133665084839,0.0102268739538466
117.3495448529996,1.9999998807907104,-0.0,2.307629108428955,0.0184817169504171
117.3995448529996,1.9999998807907104,-0.0,2.321251153945923,0.026987693063633
117.4495448529996,1.9999998807907104,-0.0,2.31039834022522,0.0155701105807486
117.4995448529996,1.9999998807907104,-0.0,2.3265750408172607,0.0276072366652418
117.5495448529996,1.9999998807907104,-0.0,2.316735982894897,0.0322060750415323
117.5995448529996,1.9999998807907104,-0.0,2.327486038208008,0.0214882173999479
117.6495448529996,1.9999998807907104,-0.0,2.3190951347351074,0.0072690065076971
117.6995448529996,1.9999998807907104,-0.0,2.3288605213165283,0.0050511159021868
117.7495448529996,1.9999998807907104,-0.0,2.3218650817871094,0.0137800648965374
117.7995448529996,1.9999998807907104,-0.0,2.3248894214630127,0.0202054723397442
117.8495448529996,1.9999998807907104,-0.0,2.3270649909973145,0.0174291860937337
117.8995448529996,1.9999998807907104,-0.0,2.330927610397339,0.007889376418919
117.9495448529996,1.9999998807907104,-0.0,2.316212177276612,0.019763928433549
117.9995448529996,1.9999998807907104,-0.0,2.3257436752319336,0.0132553062937409
