timestamp,cmd_v,cmd_omega,odom_vx,odom_vy,odom_omega_z,imu_acc_x,imu_acc_y,imu_gyro_z,vn_body_vx,vn_body_vy,rear_yaw,rear_yaw_rate,delta_x_body,pred_delta_x_body,err_delta_x_body,delta_y_body,pred_delta_y_body,err_delta_y_body,delta_theta,pred_delta_theta,err_delta_theta,v_next,pred_v_next,err_v_next,omega_next,pred_omega_next,err_omega_next
7.4995446,1.9999999,0.023824055,2.0812411,0.34858227,0.012933015,0.15059085,1.195508,0.0514722,1.7929424,-0.05012173,-0.011179274,-0.23766057,0.104326375,0.10432961,3.233552e-06,0.017525734,0.017622164,9.642914e-05,0.0008249713,0.00076383597,-6.113533e-05,2.0918138,2.0919435,0.0001296997,0.020065837,0.017620422,-0.0024454147
7.549545,1.9999999,0.0018507296,2.0918138,0.35244712,0.020065837,0.54504377,2.0517442,-0.019685632,1.8725176,-0.045529753,-0.0089368215,0.12278571,0.10488285,0.10484409,-3.875792e-05,0.017726798,0.01789288,0.00016608275,0.000104798804,0.00058797916,0.00048318034,2.1035001,2.10195,-0.0015501976,-0.015873885,0.0034533292,0.019327214
7.599545,1.9999999,0.0,2.1035001,0.35662478,-0.015873885,-0.8060542,1.5752752,-0.013100141,1.9648122,-0.04145757,0.0010992973,0.05006637,0.10569148,0.105471574,-0.00021990389,0.017930305,0.01797053,4.0225685e-05,-0.00079598,-0.00057851226,0.00021746772,2.1241589,2.115363,-0.008795977,-0.015965315,-0.007266607,0.008698707
7.6495447,1.9999999,0.0,2.1241589,0.36058745,-0.015965315,-0.15684839,0.70203596,0.014940673,2.026442,-0.033458915,-0.0039301845,-0.05141428,0.106483765,0.10654638,6.261468e-05,0.018162528,0.01807343,-8.909777e-05,0.00014850117,-0.0002141783,-0.00036267948,2.135192,2.1376965,0.0025045872,0.02190536,0.0073981844,-0.014507176
7.699545,1.9999999,0.0,2.135192,0.36591363,0.02190536,0.32209152,0.0575168,0.006496964,2.0611467,-0.03884314,-0.004042131,0.043131754,0.10672317,0.10701215,0.00028898567,0.01831567,0.018376283,6.06142e-05,0.0017827936,0.0011811414,-0.0006016522,2.1337347,2.145294,0.011559248,0.049406383,0.025340293,-0.02406609
7.7495446,1.9999999,0.0,2.1337347,0.36671314,0.049406383,-0.6530273,0.29861206,0.01269182,2.0949917,-0.0493623,0.00038299087,0.028093439,0.107074045,0.106831625,-0.00024241954,0.018415261,0.01848842,7.315911e-05,0.0016872176,0.001970982,0.00028376433,2.1492271,2.1395302,-0.00969696,0.018082323,0.02943289,0.0113505665
7.8995447,1.9999999,0.0,2.1735597,0.3752418,0.022876488,-0.57039165,-0.44970563,0.023509819,2.1482658,-0.038133327,0.0007371779,0.07633914,0.10902116,0.10874354,-0.00027761608,0.018934913,0.018830387,-0.00010452606,0.00094162114,0.0008193901,-0.00012223102,2.1872869,2.1761818,-0.011105061,0.014788357,0.009899117,-0.0048892396
7.949545,1.9999999,0.0,2.1872869,0.38215476,0.014788357,0.89652795,0.02205982,-0.0017428441,2.1649208,-0.04716023,-0.0013799943,-0.079729795,0.109213844,0.109395556,0.00018171221,0.01909405,0.019160995,6.694533e-05,0.00096882624,0.00065609516,-0.00031273108,2.1812668,2.1885355,0.007268667,0.023964694,0.01145545,-0.012509244
8.049545,1.9999999,0.0,2.1947927,0.38752043,0.013641254,-1.1621537,-0.23468125,0.020950513,2.235629,-0.056575775,0.0034457438,0.27027506,0.11002112,0.10976582,-0.0002553016,0.019461859,0.01954262,8.076057e-05,0.00082930084,0.00061312114,-0.0002161797,2.2060523,2.1958401,-0.010212183,0.01953078,0.010883592,-0.008647189
8.099545,1.9999999,0.0,2.2060523,0.3909539,0.01953078,-1.0809697,-0.06927257,0.023721568,2.237217,-0.0595345,0.019791704,0.060298923,0.11057677,0.11030612,-0.0002706498,0.01963402,0.019698631,6.4611435e-05,0.0013467717,0.001042176,-0.00030459568,2.2170186,2.2061927,-0.010825872,0.03434009,0.02215626,-0.01218383
8.149545,1.9999999,0.0,2.2170186,0.3944069,0.03434009,-0.43507758,-0.30452546,0.030959165,2.2406902,-0.050605822,0.009475636,-0.1017921,0.110845685,0.11083007,-1.5616417e-05,0.019748185,0.019804755,5.6570396e-05,0.0018621085,0.0016200141,-0.0002420944,2.2168088,2.2161841,-0.0006246567,0.04014425,0.03046047,-0.00968378
8.249545,1.9999999,0.0,2.2136257,0.39571875,0.011038483,-2.020504,0.91599375,0.023023019,2.2483032,-0.043043733,0.012654704,-0.32020453,0.11079978,0.110607706,-0.00019207597,0.019904338,0.019913789,9.4510615e-06,0.000917745,0.00062587875,-0.00029186625,2.2183657,2.2106826,-0.0076830387,0.025671318,0.013996668,-0.01167465
8.299545,1.9999999,0.0,2.2183657,0.40045476,0.025671318,-0.67183363,0.16743262,0.032490127,2.249892,-0.05389334,-0.02240796,-0.36291075,0.11061249,0.11085892,0.00024642795,0.020023603,0.020211127,0.00018752366,0.00046605273,0.0010846446,0.00061859185,2.206134,2.215991,0.009856939,-0.007029208,0.017714463,0.02474367
8.349545,1.9999999,0.0,2.206134,0.40048936,-0.007029208,2.3336449,1.0491074,-0.013068063,2.2563243,-0.041766744,-0.02363637,0.0484771,0.11043858,0.1103092,-0.00012937933,0.020061402,0.02017705,0.00011564791,3.1144806e-05,-0.0005631875,-0.00059433235,2.211409,2.206234,-0.0051751137,0.008275,-0.015498292,-0.023773292
8.399545,1.9999999,0.0,2.211409,0.4019667,0.008275,-0.9345188,0.10538762,0.02689476,2.2643595,-0.047532577,-0.017560251,0.17132932,0.11041011,0.11061078,0.00020067394,0.020123085,0.020235905,0.00011282042,0.0006971369,0.0004027361,-0.00029440082,2.2049954,2.2130222,0.008026838,0.019610476,0.007834449,-0.011776026
8.449545,1.9999999,0.0,2.2049954,0.40295672,0.019610476,-0.10353291,0.22534195,0.0043163756,2.2673116,-0.049259476,-0.0065034395,-0.18802424,0.11086028,0.11028115,-0.00057913363,0.02026908,0.020288797,1.9717962e-05,0.00070475606,0.001055806,0.00035104988,2.229416,2.2062504,-0.023165464,0.008579767,0.022621762,0.014041995
8.499545,1.9999999,0.0,2.229416,0.4078065,0.008579767,-0.24558286,-0.20314379,0.021380195,2.2732306,-0.034528363,-0.036362674,-0.06255201,0.11108643,0.111524105,0.0004376769,0.020412598,0.020545691,0.00013309345,0.0012627469,0.00048258418,-0.0007801627,2.2140412,2.2315485,0.017507315,0.041930106,0.010723598,-0.031206507
8.549545,1.9999999,0.0,2.2140412,0.4086974,0.041930106,0.7388788,-0.245628,0.024106698,2.264997,-0.034485225,-0.012758641,0.15986645,0.111003615,0.11079506,-0.00020855665,0.02058084,0.020576123,-4.7162175e-06,0.0014686612,0.0018512913,0.00038263004,2.226103,2.217761,-0.008342028,0.016816344,0.032121543,0.015305199
8.599545,1.9999999,0.0,2.226103,0.41453618,0.016816344,-0.53067917,0.7523529,0.01964253,2.2717004,-0.03562717,-0.02037603,-0.0040388186,0.11189774,0.11131971,-0.0005780235,0.020851089,0.020837504,-1.3584271e-05,0.0009750558,0.00086718425,-0.00010787154,2.2498064,2.2266855,-0.02312088,0.022185888,0.017871026,-0.004314862
8.649545,1.9999999,0.0,2.2498064,0.41950738,0.022185888,1.4837328,0.051837504,0.023525245,2.276611,-0.044300873,-0.013162523,0.15360954,0.11198999,0.112518094,0.0005281046,0.020939853,0.021109724,0.00016987137,0.00041694468,0.0011835229,0.0007665782,2.2297933,2.2509177,0.021124363,-0.005508101,0.025155026,0.030663127
8.699545,1.9999999,0.0,2.2297933,0.41808674,-0.005508101,1.3918183,0.4916458,0.009227852,2.2774284,-0.026153458,-0.005015075,-0.08352704,0.11192516,0.11147936,-0.0004458055,0.021004016,0.020989278,-1.4737248e-05,0.00083621807,6.188732e-05,-0.00077433075,2.2472131,2.2293806,-0.017832518,0.038956825,0.007983595,-0.03097323
8.749545,1.9999999,0.0,2.2472131,0.42207387,0.038956825,-1.6107888,0.4046486,0.027073424,2.2869196,-0.03171937,-0.021515226,0.035632152,0.11165798,0.11238064,0.0007226616,0.021021131,0.021281637,0.00026050583,0.001467528,0.0018174645,0.00034993642,2.219106,2.2480123,0.028906345,0.019744301,0.033741754,0.013997452
8.799545,1.9999999,0.0,2.219106,0.41877136,0.019744301,-0.77597916,0.2613136,0.013757934,2.277217,-0.03397421,-0.0014518602,0.217776,0.111042134,0.11101079,-3.1344593e-05,0.020987893,0.021104036,0.000116143376,0.0011153129,0.0008761766,-0.00023913634,2.2225795,2.2213254,-0.0012540817,0.024868216,0.015302759,-0.009565458
8.849545,1.9999999,0.0,2.2225795,0.42074436,0.024868216,-0.30701363,-0.24005169,0.014128496,2.2868905,-0.03173042,0.00026237275,0.031448293,0.11153813,0.111206286,-0.0003318414,0.021186907,0.021161467,-2.5440007e-05,0.0013881017,0.0012099028,-0.00017819891,2.2389457,2.2256718,-0.013273954,0.030655853,0.023527894,-0.0071279593
8.899545,1.9999999,0.0,2.2389457,0.42673188,0.030655853,-0.056579344,-0.01976862,0.02409362,2.27354,-0.033649668,0.0016929694,-0.0037598421,0.11168087,0.11200328,0.00032240897,0.021362642,0.02142161,5.896762e-05,0.0016596639,0.0014624932,-0.00019717065,2.228289,2.2411854,0.012896538,0.0357307,0.027843876,-0.007886825
8.949545,1.9999999,0.0,2.228289,0.42777383,0.0357307,0.2664074,0.33725312,0.03296409,2.2756674,-0.033698086,-0.00011361146,-0.074051805,0.111789234,0.1114284,-0.00036083162,0.021528466,0.021466522,-6.194413e-05,0.0015455366,0.001680917,0.00013538043,2.2432802,2.228847,-0.0144331455,0.026090762,0.031505976,0.005415214
8.999545,1.9999999,0.0,2.2432802,0.43336478,0.026090762,1.3474584,2.0887272,0.029945495,2.2853458,-0.026711876,-0.005712211,-0.10138259,0.11186221,0.11207223,0.00021001697,0.02162151,0.021740604,0.000119093806,0.0004988775,0.0011823674,0.00068348995,2.231208,2.2396092,0.0084011555,-0.0061356607,0.021203935,0.027339596
9.049545,1.9999999,0.0,2.231208,0.4314956,-0.0061356607,0.77118874,-0.30072013,-0.002451629,2.2928355,-0.015347181,-0.01025187,-0.36807236,0.11145975,0.11157055,0.000110805035,0.021556702,0.021671733,0.00011503138,-0.00052322145,0.0001063684,0.00062958983,2.2271817,2.2316139,0.0044322014,-0.014793197,0.010390393,0.02518359
9.099545,1.9999999,0.0,2.2271817,0.43077245,-0.014793197,-0.6877036,0.101310164,0.008625443,2.2874653,-0.03522366,-0.042519446,0.12892377,0.11167293,0.1114008,-0.00027213246,0.021682272,0.021702012,1.9740313e-05,-0.00033582328,-0.0006305907,-0.00029476744,2.2397356,2.22885,-0.0108857155,0.0013602655,-0.010430429,-0.011790695
9.149545,1.9999999,0.0,2.2397356,0.4365184,0.0013602655,3.2356102,0.07593493,0.016629316,2.2956474,-0.03160214,0.002640507,0.37921476,0.111871704,0.11203494,0.00016323477,0.021836517,0.021988949,0.00015243143,0.00022066273,0.00023749098,1.6828257e-05,2.2351325,2.2416618,0.006529331,0.0074662436,0.008139376,0.000673132
9.199545,1.9999999,0.0,2.2351325,0.4369423,0.0074662436,1.0978804,-0.72185165,0.008137732,2.3030448,-0.024530597,-0.004597971,-0.047549076,0.111672595,0.111819066,0.00014647096,0.021860424,0.021977073,0.00011664815,0.0010748979,0.0006995652,-0.00037533272,2.2317712,2.2376301,0.005858898,0.035529677,0.020516358,-0.0150133185
9.249545,1.9999999,0.0,2.2317712,0.43747467,0.035529677,-0.80972284,0.08536496,0.038142726,2.293539,-0.026172299,-0.0021144005,-0.048232015,0.11214562,0.1116416,-0.0005040169,0.02218188,0.022054784,-0.00012709573,0.0011202843,0.0018360664,0.00071578205,2.2540534,2.2338927,-0.020160675,0.009281699,0.037912976,0.028631277
9.299545,1.9999999,0.0,2.2540534,0.44980052,0.009281699,0.65024954,0.7800026,0.021637399,2.2969031,-0.031086149,-0.009421173,0.05947462,0.11265793,0.11269305,3.5122037e-05,0.022482533,0.022641951,0.00015941821,0.00029333011,0.00059517345,0.00030184333,2.2522638,2.2536683,0.0014045238,0.0024515055,0.014525238,0.012073733
9.349545,1.9999999,0.0,2.2522638,0.4495008,0.0024515055,1.234009,0.17100732,0.007941304,2.3026617,-0.042699773,0.0038330618,0.042264294,0.112779655,0.1126226,-0.00015705824,0.02251463,0.022591861,7.7230856e-05,5.5970508e-05,0.00041322765,0.00035725714,2.2589223,2.2526398,-0.006282568,-0.00021268512,0.0140776,0.014290285
9.399545,1.9999999,0.0,2.2589223,0.4510844,-0.00021268512,1.2040988,0.23822725,-0.007245774,2.3122332,-0.026719538,-0.005194743,-0.20906374,0.11255883,0.11295388,0.00039505213,0.022454007,0.022656519,0.00020251237,-0.00017006787,0.0003384253,0.00050849316,2.2434306,2.2592325,0.015801907,-0.0065900297,0.013749696,0.020339726
9.449545,1.9999999,0.0,2.2434306,0.4470758,-0.0065900297,-1.6263504,0.47210693,0.03943328,2.3056338,-0.020402465,-0.01707331,0.120246395,0.11256847,0.11216606,-0.00040240586,0.02251626,0.02252855,1.2289733e-05,0.00032390124,-0.00018587579,-0.00050977705,2.259308,2.2432117,-0.016096354,0.01954608,-0.00084500015,-0.02039108
9.499545,1.9999999,0.0,2.259308,0.45357457,0.01954608,-0.61383945,-0.099625215,0.030085241,2.3124502,-0.025829641,0.006829896,0.35772884,0.11255667,0.11302477,0.00046809763,0.022671435,0.022870827,0.00019939244,0.0007006584,0.000934903,0.00023424457,2.2429588,2.2616827,0.018723965,0.008480257,0.017850038,0.00936978
9.549545,1.9999999,0.0,2.2429588,0.4532828,0.008480257,0.24421768,-0.40360457,0.02290272,2.3158855,-0.03354359,0.018699571,0.055609304,0.112413354,0.11217226,-0.00024109334,0.022831751,0.022770727,-6.102398e-05,0.00045846615,0.00067459105,0.0002161249,2.2535756,2.2439315,-0.0096440315,0.009858388,0.018503383,0.008644994
9.599545,1.9999999,0.0,2.2535756,0.45998725,0.009858388,1.0344074,0.571208,0.015702823,2.297495,-0.029061116,0.012390826,-0.24278292,0.112855926,0.112638175,-0.00021775067,0.02304002,0.023041798,1.7769635e-06,0.000513278,0.00082653895,0.00031326094,2.2606616,2.2519515,-0.008710146,0.010672732,0.023203172,0.0125304395
9.649545,1.9999999,0.0,2.2606616,0.4616136,0.010672732,0.30861846,-0.12678172,0.02274474,2.303559,-0.029862752,-0.005578721,-0.061034434,0.11264348,0.11302495,0.00038146973,0.023021733,0.023167072,0.00014533848,0.00084822346,0.00066109264,-0.00018713082,2.2450776,2.2603366,0.0152590275,0.023256207,0.015770968,-0.007485239
9.699545,1.9999999,0.0,2.2450776,0.45925573,0.023256207,0.870469,0.70211774,0.0077541117,2.2944694,-0.037235234,0.006287383,-0.084293,0.11187385,0.1122381,0.00036425143,0.022981714,0.023062056,8.034147e-05,0.0012724192,0.0012079793,-6.4439955e-05,2.2298765,2.244446,0.014569521,0.027640563,0.025062965,-0.0025775973
9.749545,1.9999999,0.0,2.2298765,0.46001288,0.027640563,0.32872903,-0.20749289,0.01479777,2.3049483,-0.029549126,-0.014008021,-0.2813427,0.11158266,0.11151969,-6.297231e-05,0.023072626,0.023118088,4.546158e-05,0.0010392346,0.0013886469,0.00034941232,2.23343,2.2309108,-0.0025191307,0.013928819,0.027905311,0.013976492
9.799545,1.9999999,0.0,2.23343,0.4628922,0.013928819,0.09276314,0.0632974,0.018817889,2.2879033,-0.040331174,-0.021846887,-0.030989707,0.111726075,0.11172799,1.9147992e-06,0.023173796,0.023288934,0.00011513755,0.0008059568,0.00062677637,-0.00017918041,2.235613,2.2356896,7.6532364e-05,0.018309452,0.011142235,-0.0071672164
9.849545,1.9999999,0.0,2.235613,0.46405962,0.018309452,-0.2948833,-0.17219462,0.004866014,2.296643,-0.037751216,-0.017106991,-0.049589332,0.11171392,0.11184996,0.00013604015,0.023232276,0.023344902,0.0001126267,0.0006700616,0.0008866655,0.00021660386,2.2329438,2.2383854,0.0054416656,0.008493012,0.017157167,0.008664155
9.899545,1.9999999,0.0,2.2329438,0.46523142,0.008493012,-0.8571098,0.08803023,0.020277087,2.2922308,-0.03756019,-0.02680582,0.008538356,0.11172557,0.1117028,-2.2768974e-05,0.02332193,0.023390165,6.823428e-05,0.0008078536,0.00048090145,-0.00032695214,2.236079,2.2351685,-0.00091052055,0.023821132,0.010743048,-0.013078084
9.949545,1.9999999,0.0,2.236079,0.46764582,0.023821132,0.7179588,-0.19807963,0.027112486,2.2902334,-0.035901405,-0.016253157,0.24152455,0.11190637,0.11189993,-6.444752e-06,0.023471717,0.023520853,4.913658e-05,0.0012057131,0.0011555299,-5.018327e-05,2.240176,2.2399182,-0.00025773048,0.024407392,0.02240006,-0.0020073317
9.999545,1.9999999,0.0,2.240176,0.47122288,0.024407392,0.6821946,0.3748781,0.027732013,2.2891467,-0.029798958,-0.0026533653,0.1571193,0.11221162,0.11202454,-0.00018708408,0.023717409,0.023701493,-1.5916303e-05,0.0015083919,0.0013156615,-0.00019273045,2.248289,2.2408054,-0.007483721,0.035928287,0.028219065,-0.007709222
10.049545,1.9999999,0.0,2.248289,0.47747347,0.035928287,0.41649133,0.3425241,0.025488907,2.2907226,-0.030544264,-0.0005412257,0.13989535,0.112168886,0.11241851,0.00024962425,0.023868227,0.024041008,0.00017278083,0.0009142385,0.0018313902,0.0009171517,2.2384665,2.2484512,0.009984732,0.0006412557,0.03732732,0.036686063
10.099545,1.9999999,0.0,2.2384665,0.4772556,0.0006412557,0.6044979,-0.98892367,0.014835212,2.2877653,-0.034048513,0.011336169,0.25682652,0.11178611,0.11199649,0.0002103746,0.023837755,0.024021482,0.00018372759,-0.0003072435,0.000314489,0.0006217325,2.232978,2.2413926,0.008414507,-0.012930996,0.011938304,0.0248693
10.149545,1.9999999,0.0,2.232978,0.47625452,-0.012930996,0.92303747,0.6594635,-0.013830354,2.284391,-0.03765858,0.025141425,0.2533003,0.1117289,0.11166134,-6.7561865e-05,0.023817768,0.023960296,0.00014252774,-9.9012104e-05,-0.000113340466,-1.4328361e-05,2.236178,2.2334757,-0.0027022362,0.008970511,0.008397374,-0.00057313684
10.199545,1.9999999,0.0,2.236178,0.47645622,0.008970511,-0.07265978,-0.4133524,0.014116107,2.293049,-0.03865215,0.0366662,-0.41778088,0.11172125,0.111813344,9.209663e-05,0.023927016,0.02379466,-0.00013235584,0.00044850793,0.0009786073,0.0005300994,2.232672,2.2363558,0.0036838055,0.008969806,0.030173782,0.021203976
10.249545,1.9999999,0.0,2.232672,0.4806244,0.008969806,0.14029324,0.028696343,0.009495929,2.29372,-0.028053818,-0.016636662,-0.30075786,0.111817434,0.11163159,-0.00018584728,0.024146035,0.024121188,-2.4847686e-05,0.0009090449,0.0006465083,-0.00026253657,2.2400255,2.2325916,-0.0074338913,0.027391987,0.016890526,-0.010501461
10.299545,1.9999999,0.0,2.2400255,0.485217,0.027391987,0.40967876,-0.22236739,0.018356405,2.2879264,-0.026769802,0.0065904157,0.12081353,0.11146348,0.11201612,0.00055263937,0.024216859,0.02432494,0.00010808185,0.0013523751,0.0011530126,-0.00019936252,2.2185137,2.2406192,0.022105455,0.026703017,0.018728517,-0.0079745
10.349545,1.9999999,0.0,2.2185137,0.48345733,0.026703017,0.46169728,0.27449965,0.026118632,2.2931192,-0.029632187,-0.004555309,-0.3298778,0.11133028,0.11088877,-0.0004415065,0.024272284,0.024230838,-4.1445717e-05,0.0010341138,0.0013903675,0.0003562537,2.2346973,2.217037,-0.01766038,0.014661538,0.028911682,0.014250143
10.399545,1.9999999,0.0,2.2346973,0.487434,0.014661538,2.4557526,0.26697206,0.00754506,2.2913404,-0.028562868,-0.026397364,-0.11329243,0.11161363,0.111746214,0.00013258308,0.024377204,0.024439303,6.209873e-05,1.2538488e-05,0.00079080503,0.0007782665,2.2298481,2.235151,0.005302906,-0.014159999,0.01697066,0.03113066
10.449545,1.9999999,0.0,2.2298481,0.48765418,-0.014159999,1.3525399,0.68947387,0.0024884576,2.3028548,-0.025262933,-0.015884552,0.059788946,0.11170966,0.11148739,-0.00022227317,0.024458166,0.024487745,2.9578805e-05,-0.00022461623,-0.0004880231,-0.00026340687,2.2385383,2.2296472,-0.008891106,0.00517535,-0.0053609274,-0.010536278
10.499545,1.9999999,0.0,2.2385383,0.4906725,0.00517535,0.10681884,0.83924115,0.003928883,2.3042576,-0.02935087,-0.020418469,0.11013847,0.11198807,0.11191936,-6.8709254e-05,0.024567354,0.02467828,0.00011092611,0.00079770637,0.00045617763,-0.00034152874,2.2409844,2.2382362,-0.002748251,0.026732907,0.013071761,-0.013661146
10.549545,1.9999999,0.0,2.2409844,0.4920217,0.026732907,-0.74249655,0.084122024,0.02659179,2.2994754,-0.032368544,-0.004870706,0.056307822,0.11190845,0.112070225,0.00016177446,0.024571745,0.024761481,0.00018973649,0.0008158013,0.0013894612,0.0005736599,2.2353537,2.2418244,0.0064706802,0.0058991457,0.028845541,0.022946395
10.599545,1.9999999,0.0,2.2353537,0.49084806,0.0058991457,0.4550264,0.5545121,0.01541304,2.2943473,-0.031142384,-0.014787687,-0.18012218,0.11146957,0.11177645,0.00030688196,0.024520092,0.024678966,0.00015887432,0.00084477203,0.0005350145,-0.00030975754,2.223429,2.235704,0.012274981,0.027891736,0.015501432,-0.012390304
10.649545,1.9999999,0.0,2.223429,0.48995563,0.027891736,-0.35946357,0.40380698,0.013424436,2.294087,-0.03361744,-0.022882925,0.5323475,0.11167867,0.11126721,-0.0004114583,0.024729168,0.024712808,-1.6359612e-05,0.001035254,0.0011972055,0.00016195152,2.243718,2.2272592,-0.01645875,0.013518423,0.019996483,0.00647806
10.699545,1.9999999,0.0,2.243718,0.49921113,0.013518423,0.37813172,0.29445377,0.02255754,2.2934554,-0.02662969,0.038447063,0.34009832,0.112139925,0.11222849,8.856505e-05,0.025008516,0.025149077,0.00014056079,0.0010563679,0.00085071474,-0.00020565314,2.241879,2.2454216,0.0035426617,0.028736293,0.020510167,-0.008226126
10.749545,1.9999999,0.0,2.241879,0.5011295,0.028736293,0.58212584,0.055483364,0.03774751,2.2956493,-0.031483654,0.011126906,-0.34694633,0.11199156,0.11205828,6.671995e-05,0.025168573,0.025118679,-4.9894676e-05,0.0018469678,0.0016320717,-0.00021489616,2.2377834,2.2404523,0.0026688576,0.04514242,0.036546573,-0.008595847
10.799545,1.9999999,0.0,2.2377834,0.5056134,0.04514242,0.8524969,-0.19153215,0.033126995,2.2910805,-0.028867908,0.003752429,-0.09336632,0.11157213,0.111895084,0.00032295287,0.025268706,0.025344899,7.619336e-05,0.0019372158,0.002045855,0.00010863913,2.225102,2.2380197,0.012917757,0.03234621,0.036691777,0.004345566
10.849545,1.9999999,0.0,2.225102,0.5051348,0.03234621,0.53752404,0.054166578,0.015815474,2.2786279,-0.029913997,0.0017902745,0.40893802,0.11106741,0.111312486,0.0002450794,0.025239466,0.025401441,0.00016197562,0.0007733525,0.0012626309,0.0004892784,2.2175941,2.2273977,0.009803534,-0.0014121105,0.018159024,0.019571135
10.899545,1.9999999,0.0,2.2175941,0.5044438,-0.0014121105,-0.8067505,-0.7670259,8.748015e-05,2.2874382,-0.03891652,0.04464623,-0.010330823,0.11089152,0.110919595,2.8073788e-05,0.025223682,0.025207257,-1.6424805e-05,-0.00029069654,0.00018491111,0.00047560764,2.2180667,2.2191894,0.0011227131,-0.010215751,0.008808557,0.019024309
10.949545,1.9999999,0.0,2.2180667,0.5045035,-0.010215751,-0.33940136,0.19298758,0.022247216,2.2845469,-0.03640964,0.0007571922,-0.59476787,0.11110453,0.11092434,-0.00018019229,0.0253948,0.025167558,-0.00022724085,0.00018417685,0.00011085011,-7.3326744e-05,2.2261145,2.2189069,-0.007207632,0.017582824,0.0146497525,-0.002933072
10.999545,1.9999999,0.0,2.2261145,0.5112885,0.017582824,1.4170771,0.26229486,0.018109733,2.281153,-0.026676146,-0.014830557,-0.08055193,0.111450516,0.11128374,-0.0001667738,0.025603898,0.025643885,3.9987266e-05,0.00051126454,0.00089827407,0.00038700952,2.231906,2.2252352,-0.0066707134,0.0028677555,0.018348139,0.015480383
11.049545,1.9999999,0.0,2.231906,0.5128674,0.0028677555,1.735776,0.46344623,0.0047127875,2.2803516,-0.031797618,-0.0072980006,0.11849327,0.11142338,0.11159777,0.00017438829,0.025641551,0.025723374,8.1822276e-05,0.000635931,0.00020720084,-0.00042873016,2.2250292,2.2320046,0.0069754124,0.022569483,0.005420275,-0.017149208
11.099545,1.9999999,0.0,2.2250292,0.5127947,0.022569483,1.2867771,0.06192336,0.019399306,2.2802248,-0.029113494,-0.0029812306,-0.011793591,0.11118538,0.11125324,6.785989e-05,0.025652418,0.025718674,6.625615e-05,0.0007881183,0.0012484766,0.00046035828,2.222386,2.2251,0.002714157,0.008955248,0.02736958,0.018414332
11.149545,1.9999999,0.0,2.222386,0.513302,0.008955248,0.93664545,0.065538555,0.016946103,2.2880344,-0.021147931,-0.00847736,0.021070147,0.11111247,0.11112552,1.3053417e-05,0.025694633,0.025758917,6.428361e-05,0.00093187595,0.00062799844,-0.00030387752,2.222113,2.2226346,0.00052165985,0.028319791,0.01616469,-0.012155101
11.199545,1.9999999,0.0,2.222113,0.5144833,0.028319791,-0.40536714,0.07568488,0.025497487,2.2851923,-0.022286648,-0.0008742158,0.07136677,0.111209035,0.111119285,-8.9749694e-05,0.025895454,0.025889186,-6.267801e-06,0.0006888929,0.0014251834,0.0007362905,2.2262485,2.2226584,-0.003590107,-0.0007640752,0.028687544,0.02945162
11.249545,1.9999999,0.0,2.2262485,0.5213348,-0.0007640752,-0.15329127,0.46322614,0.016042672,2.280609,-0.032414965,-0.0013406827,-0.38289675,0.11140803,0.1112561,-0.00015193224,0.026151624,0.0261816,2.9975548e-05,0.0011177869,0.0002837697,-0.0008340172,2.230073,2.2239957,-0.0060772896,0.04547555,0.012114864,-0.033360686
11.299545,1.9999999,0.0,2.230073,0.52473015,0.04547555,0.5287722,-0.27092797,0.019083513,2.2809217,-0.030019103,-0.03916389,0.03176019,0.11152507,0.11157053,4.5455992e-05,0.026277475,0.026395157,0.00011768192,0.0018541325,0.0020571519,0.00020301936,2.23093,2.2327483,0.0018181801,0.02868975,0.036810525,0.008120775
11.349545,1.9999999,0.0,2.23093,0.52636886,0.02868975,0.98423046,-0.2363279,0.01447886,2.279179,-0.023863602,0.0018353362,0.35633892,0.11137748,0.11165907,0.0002815947,0.026292004,0.026459655,0.0001676511,0.0013204026,0.0012332192,-8.7183435e-05,2.224169,2.235433,0.011264086,0.024126353,0.020639017,-0.0034873355
11.399545,1.9999999,0.0,2.224169,0.5253113,0.024126353,0.49314463,0.40692776,0.008581772,2.2816815,-0.017881997,-0.0035300006,-0.017694352,0.111237966,0.11122359,-1.437217e-05,0.026321938,0.026379397,5.7458878e-05,0.00095462694,0.001303747,0.00034912,2.2253494,2.2247746,-0.0005748272,0.014058724,0.028023522,0.013964798
11.449545,1.9999999,0.0,2.2253494,0.52756625,0.014058724,1.1220927,0.42266852,0.0072954386,2.281135,-0.019165078,6.5900844e-05,0.23385645,0.111480065,0.11128755,-0.00019251555,0.026492288,0.026522724,3.0435622e-05,0.0007520647,0.00084676855,9.4703864e-05,2.2338529,2.2261524,-0.0077004433,0.016023863,0.019812018,0.0037881546
11.499545,1.9999999,0.0,2.2338529,0.5321253,0.016023863,1.7229546,0.46901497,0.0077750245,2.293947,-0.022801777,0.019855646,0.07188784,0.111312665,0.11168446,0.00037179142,0.026549716,0.026691709,0.00014199317,0.0006336471,0.0010563921,0.000422745,2.2186537,2.2335253,0.014871597,0.009322019,0.026231822,0.016909802
11.549545,1.9999999,0.0,2.2186537,0.52986336,0.009322019,1.1522434,0.45326,0.01751365,2.2879806,-0.024854278,0.0072546853,0.01328536,0.11104268,0.11092675,-0.000115931034,0.026567837,0.026599234,3.1396747e-05,0.0010882159,0.0007310044,-0.00035721145,2.2230535,2.2184165,-0.004637003,0.034206614,0.019918155,-0.014288459
11.699545,1.9999999,-0.009153373,2.2364733,0.53957844,-0.01582545,-1.037616,0.45108724,0.009358194,2.2908444,-0.032480568,0.016084494,-0.19256875,0.11199429,0.11179874,-0.00019554794,0.027012667,0.027080966,6.829947e-05,-0.00021104654,-0.00025902092,-4.7974376e-05,2.2432983,2.2354763,-0.007822037,0.0073835887,0.005464617,-0.0019189715
11.749545,1.9999999,-0.031126698,2.2432983,0.54092824,0.0073835887,3.6075053,-1.129175,-0.005328196,2.2942367,-0.023394825,0.003414649,-0.08978874,0.11367258,0.112217866,-0.001454711,0.02766021,0.027020965,-0.0006392449,0.0026141165,0.00063904264,-0.001975074,2.3036048,2.2454164,-0.05818844,0.09718107,0.018178117,-0.07900295
11.799545,1.9999999,-0.016477814,2.3036048,0.5654801,0.09718107,-0.493405,-1.3826829,0.059889477,2.2969966,-0.023146402,0.0071056196,0.04722976,0.11420466,0.115269735,0.0010650754,0.028100928,0.028344601,0.0002436731,0.0021604395,0.004069015,0.0019085754,2.2645814,2.3071847,0.042603254,-0.010763488,0.06557951,0.076343
11.849545,1.9999999,-0.0018289306,2.2645814,0.55855703,-0.010763488,-1.3022451,-0.4967614,0.02303648,2.3182113,-0.024383735,0.008137625,-0.106276765,0.11367863,0.11328157,-0.00039705634,0.028032215,0.027909497,-0.00012271851,-0.0009215267,-0.00030280612,0.00061872054,2.2825634,2.2666814,-0.015882015,-0.02609758,-0.00134876,0.02474882
11.899545,1.9999999,0.0,2.2825634,0.56273156,-0.02609758,0.07807885,0.18324982,0.011408503,2.3275578,-0.036070988,-0.003522057,-0.26557076,0.113771185,0.114135556,0.00036437064,0.028044965,0.02807769,3.2724813e-05,-0.0005181969,-0.00065986795,-0.00014167104,2.2682838,2.2828584,0.014574528,0.0053697033,-0.00029713288,-0.005666836
11.949545,1.9999999,0.0,2.2682838,0.5590671,0.0053697033,0.6625934,-0.2021777,0.011570096,2.3302374,-0.044440016,-0.018419452,0.029833436,0.11333505,0.11342045,8.5398555e-05,0.028016346,0.028035989,1.9643456e-05,0.0013110967,0.0005319707,-0.000779126,2.2651181,2.2685342,0.0034160614,0.047074165,0.015909124,-0.031165041
12.049545,1.9999999,0.0,2.2612212,0.5629365,0.029306568,-0.69423664,0.4758702,0.03739255,2.3242226,-0.016893247,0.0060121017,-0.03331987,0.11311244,0.11303576,-7.6681376e-05,0.028280172,0.028218362,-6.181002e-05,0.0017326864,0.0015161891,-0.00021649734,2.2632766,2.2602093,-0.003067255,0.04000089,0.031340994,-0.0086598955
12.099545,1.9999999,0.0,2.2632766,0.5682704,0.04000089,0.3858894,0.6613683,0.029028332,2.3313076,-0.026393704,-0.0038707,-0.13615836,0.11235258,0.11311803,0.0007654503,0.028296515,0.02850209,0.00020557456,0.0013533168,0.0019121337,0.0005588168,2.2308269,2.2614448,0.030617952,0.014131784,0.036484454,0.02235267
12.149545,1.9999999,0.0,2.2308269,0.56359017,0.014131784,0.6490719,0.22146676,0.005932718,2.3141842,-0.023419721,-0.0076037347,-0.11019367,0.112159446,0.11152561,-0.0006338358,0.02832037,0.028258488,-6.188266e-05,0.00026221652,0.0007139197,0.00045170318,2.255551,2.2301977,-0.025353432,-0.0036431234,0.014425002,0.018068125
12.199545,1.9999999,0.0,2.255551,0.5692246,-0.0036431234,0.027578697,0.4017365,5.3215088e-05,2.31968,-0.011439773,-0.014890067,0.041058347,0.112469,0.1127738,0.0003047958,0.028444877,0.028547803,0.000102926046,0.00075239135,-9.607636e-05,-0.0008484677,2.2432091,2.255401,0.012191772,0.033738777,-0.0001999326,-0.03393871
12.249545,1.9999999,0.0,2.2432091,0.5685705,0.033738777,-0.7660983,-0.40437502,0.025643095,2.3157365,-0.024962492,-0.0034979,0.063128754,0.11231309,0.112229995,-8.3096325e-05,0.028502937,0.028538326,3.5388395e-05,0.0014190064,0.0015603838,0.00014137744,2.2493145,2.2459903,-0.0033242702,0.023021478,0.028676577,0.0056550987
12.299545,1.9999999,0.0,2.2493145,0.571547,0.023021478,-0.04461918,0.07780524,0.028537782,2.312046,-0.025328275,-0.008577192,-0.052743915,0.11238638,0.11250023,0.00011384487,0.028707802,0.028676955,-3.0847266e-05,0.0010068455,0.0011446312,0.00013778568,2.2461407,2.2506945,0.004553795,0.017252343,0.02276377,0.0055114273
12.349545,1.9999999,0.0,2.2461407,0.5767651,0.017252343,-0.19559582,0.5104439,0.019223286,2.3054097,-0.021809774,-0.008772292,-0.32551736,0.11219089,0.11228087,8.998066e-05,0.02890485,0.028907416,2.566725e-06,0.0010591646,0.00096792955,-9.1235095e-05,2.241495,2.2450938,0.0035989285,0.025114242,0.021464836,-0.0036494061
12.399545,1.9999999,0.0,2.241495,0.57942885,0.025114242,0.16526511,0.77802706,0.015187363,2.30667,-0.024666833,-0.041128926,-0.11231585,0.112175256,0.112077735,-9.752065e-05,0.02900266,0.029058797,5.61364e-05,0.0011633992,0.0011138183,-4.9580936e-05,2.2455156,2.2416146,-0.0039010048,0.021421725,0.019438487,-0.0019832384
12.449545,1.9999999,0.0,2.2455156,0.5806775,0.021421725,0.69443214,-0.07438804,0.014855088,2.3066907,-0.022995684,-0.020003878,0.3837023,0.11237967,0.11236826,-1.1406839e-05,0.029089544,0.029118944,2.9399991e-05,0.0012243518,0.00086815003,-0.00035620178,2.2496715,2.249215,-0.00045657158,0.027552348,0.0133042745,-0.014248073
12.499545,1.9999999,0.0,2.2496715,0.5829042,0.027552348,-1.1617297,0.052891932,0.010742122,2.304053,-0.020385109,-0.0027586964,0.11531031,0.112145916,0.112560965,0.0004150495,0.02918178,0.029308785,0.00012700446,0.0017024262,0.0013404321,-0.00036199414,2.236165,2.2527668,0.0166018,0.040544704,0.026064936,-0.0144797675
12.549545,1.9999999,0.0,2.236165,0.58436704,0.040544704,-2.0035431,0.29901978,0.023230731,2.3001182,-0.022417212,-0.008472846,-0.022710133,0.11185218,0.11186271,1.0535121e-05,0.029238356,0.0293669,0.000128543,0.0017611901,0.0018867453,0.0001255552,2.237922,2.2383435,0.00042152405,0.029902903,0.03492511,0.0050222073
12.599545,1.9999999,0.0,2.237922,0.5851672,0.029902903,-1.3405584,-0.35524067,0.03581796,2.3066754,-0.024999732,-0.0050297095,0.07711611,0.11174307,0.11198243,0.00023935735,0.029227361,0.029379113,0.00015175156,0.0012584066,0.0013460161,8.7609515e-05,2.2318008,2.2413752,0.009574413,0.020433359,0.023937738,0.0035043787
12.649545,1.9999999,0.0,2.2318008,0.5839272,0.020433359,-0.013417821,-0.2840027,0.024032708,2.2924485,-0.03524578,-0.0007612348,-0.08999225,0.11132666,0.11165192,0.00032526255,0.029160023,0.029265124,0.000105101615,0.0015775899,0.0010422999,-0.00053529,2.2212656,2.234276,0.013010502,0.04267024,0.021258637,-0.021411601
12.699545,1.9999999,0.0,2.2212656,0.58247364,0.04267024,0.5566319,0.3083314,0.008439898,2.2969553,-0.027070807,-0.014028935,-0.21623689,0.111578144,0.1111017,-0.00047644228,0.029386355,0.029214576,-0.00017177872,0.0018045583,0.0019827492,0.00017819088,2.2418602,2.2228026,-0.019057512,0.029512096,0.03663973,0.007127635
12.749545,1.9999999,0.0,2.2418602,0.59298056,0.029512096,-0.4753702,0.45450008,0.01932066,2.2968845,-0.024487961,-0.022384923,0.090488985,0.11225703,0.11213412,-0.00012291223,0.029748404,0.02974422,-4.183501e-06,0.0013275935,0.0012135099,-0.00011408352,2.2484214,2.243505,-0.0049164295,0.023591643,0.019028302,-0.004563341
12.799545,1.9999999,0.0,2.2484214,0.5969556,0.023591643,0.45175815,-0.38548183,0.01743534,2.3112516,-0.017796379,-0.0049800356,0.25300866,0.112170294,0.112497404,0.0003271103,0.029809285,0.029943658,0.00013437308,0.0011565657,0.001053998,-0.00010256772,2.2383902,2.2514744,0.013084173,0.022670986,0.018568275,-0.0041027106
12.849545,1.9999999,0.0,2.2383902,0.5954158,0.022670986,-1.4970987,0.64805275,0.01214464,2.3000329,-0.010823603,0.0029159423,-0.051576626,0.11193892,0.1119185,-2.0422041e-05,0.029930623,0.029866725,-6.389804e-05,0.0010823662,0.0011997472,0.00011738099,2.2391667,2.2383494,-0.0008172989,0.020623663,0.0253189,0.0046952367
12.899545,1.9999999,0.0,2.2391667,0.60180914,0.020623663,-0.5529835,0.22784467,0.024424842,2.3066428,-0.0138076125,-0.010137699,-0.10185703,0.11150588,0.1119441,0.0004382208,0.029995682,0.030154789,0.00015910715,0.0011376104,0.0010467165,-9.089394e-05,2.2210686,2.2385976,0.01752901,0.024880754,0.021244992,-0.0036357623
12.949545,1.9999999,0.0,2.2210686,0.5980181,0.024880754,0.55886203,-0.06379266,0.036306467,2.3106318,-0.014373059,-0.0072697606,0.06788249,0.11151847,0.111073494,-0.00044497848,0.030123224,0.029962495,-0.00016072951,0.0016772582,0.0011644474,-0.0005128108,2.2396703,2.221871,-0.017799377,0.042209573,0.021697143,-0.02051243
12.999545,1.9999999,0.0,2.2396703,0.6069108,0.042209573,0.9164781,-0.9425419,0.014546829,2.2918453,-0.02979908,-0.003349449,0.33665088,0.111361876,0.112098955,0.0007370785,0.030203018,0.030493936,0.00029091723,0.0010736692,0.0018786014,0.0008049322,2.214805,2.244288,0.02948308,0.0007371927,0.03293448,0.032197285
13.049545,1.9999999,0.0,2.214805,0.6012099,0.0007371927,0.2910688,0.48039427,0.019933827,2.2894294,-0.02914502,0.026395326,0.08888759,0.111405544,0.110732734,-0.0006728098,0.030287389,0.03014173,-0.00014565885,0.0004989839,0.00047682488,-2.2159016e-05,2.241417,2.2145045,-0.02691245,0.019222165,0.0183358,-0.0008863639
13.099545,1.9999999,0.0,2.241417,0.61028564,0.019222165,0.16969095,-0.23068549,-0.00090684736,2.2944024,-0.025967376,0.0055393097,0.120977774,0.111418284,0.11210703,0.0006887466,0.030361941,0.030629193,0.00026725233,0.0009539307,0.0012074143,0.0002534836,2.2153146,2.2428641,0.027549505,0.018935066,0.029074404,0.010139339
13.149545,1.9999999,0.0,2.2153146,0.604192,0.018935066,0.033514876,0.019983646,0.013174015,2.293534,-0.022469705,0.038493104,0.112066545,0.11081494,0.11076627,-4.8667192e-05,0.03030283,0.030234022,-6.8807974e-05,0.0005665426,0.0011676282,0.0006010856,2.2172828,2.2153358,-0.0019469261,0.0037266398,0.027770061,0.024043422
13.199545,1.9999999,0.0,2.2172828,0.60792124,0.0037266398,-0.1546319,0.05805498,0.024573099,2.298947,-0.01753925,0.016745964,-0.30028257,0.110648476,0.11082213,0.00017365813,0.030371748,0.030343875,-2.7872622e-05,0.00062873616,0.0005694106,-5.932554e-05,2.208656,2.2156026,0.0069465637,0.021422807,0.019049786,-0.002373021
13.249545,1.9999999,0.0,2.208656,0.6069487,0.021422807,-0.39657506,-0.6425756,0.02453268,2.2903948,-0.026020993,0.008464847,-0.47155228,0.11093545,0.11041158,-0.0005238727,0.030552875,0.030352965,-0.00019991025,0.0014746018,0.0012857448,-0.00018885697,2.228762,2.2078068,-0.020955086,0.037561268,0.030006986,-0.0075542815
13.299545,1.9999999,0.0,2.228762,0.61516637,0.037561268,0.5787245,-0.33981484,0.027114304,2.298256,-0.024293065,-0.030409263,-0.19301756,0.11115246,0.111439876,0.0002874136,0.030751,0.03084795,9.695068e-05,0.0015779367,0.0015939405,1.6003847e-05,2.2173367,2.2288332,0.011496544,0.025556201,0.026196353,0.000640152
13.349545,1.9999999,0.0,2.2173367,0.6148736,0.025556201,1.048081,0.10077213,0.0055844057,2.2871974,-0.021027023,-0.0108369095,0.23842017,0.110749274,0.110913396,0.00016412139,0.030725908,0.030831082,0.00010517426,0.0005307198,0.000998572,0.00046785217,2.2126343,2.2191992,0.0065648556,-0.0043274104,0.014386678,0.018714089
13.399545,1.9999999,0.0,2.2126343,0.6141627,-0.0043274104,-0.004379735,0.4882412,0.0057677883,2.287295,-0.024204211,-0.0065672453,0.0051521566,0.11105663,0.11059292,-0.0004637167,0.030846106,0.030796403,-4.9702823e-05,0.00026239202,4.142169e-05,-0.00022097032,2.229631,2.211082,-0.018548965,0.014823091,0.0059842765,-0.008838815
13.449545,1.9999999,0.0,2.229631,0.61968154,0.014823091,-0.077503234,0.23586045,0.017222548,2.2932503,-0.024479812,-0.0103216935,0.009756232,0.111462295,0.11145196,-1.0333955e-05,0.031053143,0.031096403,4.3259934e-05,0.0010302232,0.0009355264,-9.469682e-05,2.2288609,2.2284472,-0.00041365623,0.026385838,0.022597965,-0.0037878733
13.499545,1.9999999,0.0,2.2288609,0.62244415,0.026385838,0.1801922,-0.051599007,0.019153878,2.290528,-0.016797084,-0.0055916226,0.1126013,0.11107847,0.11146028,0.00038181245,0.031149006,0.03125463,0.00010562502,0.0010967003,0.0013259238,0.00022922351,2.214278,2.2295501,0.0152721405,0.017482173,0.026651116,0.009168943
13.549545,1.9999999,0.0,2.214278,0.6235161,0.017482173,-0.24650134,-0.44040948,0.04650553,2.2914438,-0.015063625,0.0009384368,0.02773586,0.11062773,0.11071618,8.844584e-05,0.031213159,0.031282216,6.905757e-05,0.00070774124,0.0009746449,0.00026690366,2.2108314,2.2143688,0.0035374165,0.010827476,0.021503624,0.010676147
13.599545,1.9999999,0.0,2.2108314,0.62501025,0.010827476,1.4719808,0.5375949,0.016207863,2.2912812,-0.015803304,-0.0028180364,-0.08111167,0.11056371,0.11050427,-5.9440732e-05,0.031288408,0.031330403,4.1995198e-05,0.00047199696,0.0007568458,0.00028484885,2.211717,2.2093396,-0.0023772717,0.008052402,0.01944635,0.011393948
13.649545,1.9999999,0.0,2.211717,0.6265262,0.008052402,0.580985,-0.14347449,0.01252057,2.2872887,-0.014149225,-0.0071727303,-0.04346904,0.1105125,0.11057792,6.54161e-05,0.03134956,0.031408627,5.9068203e-05,0.00038762367,0.00060733873,0.00021971506,2.2087831,2.2113998,0.002616644,0.0074525443,0.016241148,0.008788604
13.699545,1.9999999,0.0,2.2087831,0.6274562,0.0074525443,0.46188423,-0.024598874,0.012524206,2.2913551,-0.014481642,-0.0071649407,-0.2017,0.11038886,0.11042906,4.0203333e-05,0.031368528,0.031442486,7.395819e-05,0.0007782241,0.0006105155,-0.00016770861,2.2067711,2.2083793,0.0016081333,0.02367642,0.016968075,-0.0067083444
13.749545,1.9999999,0.0,2.2067711,0.6272849,0.02367642,-0.18994828,0.6414359,0.030122371,2.2859364,-0.013408601,-0.027342731,0.2939087,0.11078207,0.11037272,-0.0004093498,0.03157136,0.031550974,-2.0384789e-05,0.0004812478,0.0010372252,0.00055597746,2.2245114,2.2081378,-0.016373634,-0.004426508,0.01781259,0.022239096
13.799545,1.9999999,0.0,2.2245114,0.6355695,-0.004426508,-0.05658244,0.2511915,0.03593094,2.2915373,-0.017938996,0.022225928,0.2704951,0.11074037,0.11119123,0.00045085698,0.031712186,0.031954907,0.00024272129,0.00066245405,6.0634316e-05,-0.0006018197,2.2051034,2.2231374,0.018033981,0.03092467,0.0068518817,-0.024072789
13.849545,1.9999999,0.0,2.2051034,0.63291794,0.03092467,-0.3932438,-0.2338224,0.031746604,2.2847326,-0.013208994,-0.00029322115,-0.37440634,0.11067671,0.11021403,-0.00046268106,0.03182644,0.031725273,-0.00010116771,0.0016944077,0.001674215,-2.0192703e-05,2.221965,2.2034578,-0.018507242,0.036851633,0.036043927,-0.00080770627
13.899545,1.9999999,0.0,2.221965,0.64013964,0.036851633,0.72946405,-0.17345454,0.022437306,2.2918036,-0.015190263,-0.015214706,-0.1598635,0.110648304,0.111118376,0.00047007203,0.03193019,0.03212213,0.00019194186,0.0018788001,0.0016829439,-0.0001958562,2.2039669,2.22277,0.01880312,0.03830037,0.03046612,-0.007834248
13.949545,1.9999999,0.0,2.2039669,0.637068,0.03830037,0.06198088,-0.22806914,0.020707734,2.2851613,-0.0113765085,-0.01627957,0.01145705,0.11019168,0.11025818,6.649643e-05,0.031922728,0.03197638,5.365163e-05,0.0015497137,0.0016190645,6.935082e-05,2.2037003,2.20636,0.0026597977,0.023688177,0.026462208,0.0027740318
13.999545,1.9999999,0.0,2.2037003,0.6398412,0.023688177,0.82359767,0.4403716,0.0173853,2.2919872,-0.013829365,-0.014069001,0.039826404,0.110155985,0.11021047,5.4486096e-05,0.032031108,0.032092836,6.172806e-05,0.0008093009,0.00108715,0.00027784903,2.202539,2.2047184,0.0021793842,0.008683861,0.019797819,0.0111139575
14.149545,1.9999999,-0.031126698,2.213126,0.64779156,0.018872533,0.66375315,-0.06899446,0.013386732,2.2846467,-0.016398624,-0.032178394,0.027039977,0.11125386,0.110704206,-0.0005496517,0.032643516,0.032512244,-0.00013127178,7.350007e-07,0.00092087407,0.0009201391,2.2370284,2.2150424,-0.021986008,-0.018843133,0.01796243,0.036805563
14.199545,1.9999999,-0.053100023,2.2370284,0.65794903,-0.018843133,2.164786,-0.68622583,-0.028699933,2.2898004,0.0015261697,-0.015693378,0.17917669,0.1117013,0.11193154,0.00023023784,0.032800823,0.03296333,0.00016250834,-0.0010810974,-0.0007600218,0.0003210756,2.231024,2.2402332,0.009209156,-0.024400763,-0.011557739,0.012843024
14.249545,1.9999999,-0.060446266,2.231024,0.65408385,-0.024400763,1.8194346,0.64179903,-0.019512197,2.301666,0.011901813,-0.014260726,-0.031982332,0.1119339,0.11153739,-0.00039651245,0.03285327,0.032678988,-0.00017428398,-0.0006648862,-0.0007937128,-0.00012882659,2.246332,2.2304716,-0.01586032,-0.0021946852,-0.0073477514,-0.0051530665
14.299545,1.9999999,-0.067770705,2.246332,0.66004705,-0.0021946852,1.1072869,0.43702692,-0.01787566,2.3114562,-0.0004983009,-0.01889161,0.07309585,0.112596594,0.11230534,-0.00029125065,0.032968067,0.033073124,0.00010505691,-0.00037166485,0.00023235251,0.00060401735,2.257532,2.2458818,-0.011650085,-0.012671908,0.011488784,0.024160692
14.349545,1.9999999,-0.067770705,2.257532,0.6586757,-0.012671908,2.260379,0.1208232,-0.034642674,2.3233924,-0.0011723592,-0.0069511402,0.057082616,0.11294753,0.11288526,-6.227195e-05,0.032939687,0.032975856,3.6168844e-05,-0.0004381702,-0.0002310479,0.00020712228,2.2603693,2.2578788,-0.0024905205,-0.0048548994,0.0034299903,0.008284889
14.449545,1.9999999,-0.060446266,2.2546892,0.65755403,0.0036485083,-0.48703274,0.89224124,-0.0021119043,2.329683,0.0037787254,0.01452503,0.11652451,0.11279086,0.11273184,-5.90235e-05,0.0328895,0.032971557,8.205697e-05,-0.0002531962,0.0005336715,0.0007868677,2.2569454,2.254584,-0.0023612976,-0.013776356,0.017698351,0.03147471
14.499545,1.9999999,-0.0018289306,2.2569454,0.65802604,-0.013776356,0.19715768,-0.18364665,-0.001332381,2.3349023,-0.0042086965,-0.0015308978,-0.4523704,0.113341026,0.11287367,-0.00046735257,0.03306896,0.03303934,-2.9619783e-05,0.0011638886,0.00016691089,-0.0009969777,2.276696,2.2580018,-0.018694162,0.0603319,0.020452794,-0.039879106
14.549545,1.9999999,0.0,2.276696,0.6647323,0.0603319,0.17442402,0.5414996,0.032887533,2.3378825,-0.010417281,-0.03071201,0.010226495,0.11340401,0.113920644,0.0005166307,0.033160888,0.033370424,0.0002095364,0.0033591238,0.0027899467,-0.0005691771,2.2594645,2.2801297,0.020665169,0.07403306,0.051265966,-0.022767093
14.599545,1.9999999,0.0,2.2594645,0.6617033,0.07403306,-0.8854824,0.653043,0.09097438,2.3545275,-0.005970431,-0.0005082483,-0.033991683,0.113481455,0.11299558,-0.0004858747,0.033584725,0.03311646,-0.00046826527,0.0024886837,0.0031256035,0.00063691987,2.2797935,2.2603583,-0.019435167,0.02551429,0.050991073,0.025476784
14.699545,1.9999999,-0.08974403,2.24037,0.6713918,-0.015993813,-0.19048038,0.028939279,-0.027919274,2.3652928,-0.006041933,-0.0059756427,0.46901506,0.1129976,0.11210785,-0.00088974833,0.03380865,0.033697877,-0.00011077151,-0.0015769413,-0.0011048444,0.00047209696,2.2795339,2.243944,-0.035589933,-0.04708384,-0.02819996,0.01888388
14.749545,1.9999999,-0.104392916,2.2795339,0.68095416,-0.04708384,0.23992255,0.26225388,-0.028611759,2.362587,-0.008682856,0.012790329,0.19833337,0.11386108,0.11400043,0.00013935566,0.033910386,0.034198344,0.0002879575,-0.0013992696,-0.0019681684,-0.00056889886,2.274909,2.2804832,0.0055742264,-0.008886943,-0.031642895,-0.022755953
14.799545,1.9999999,-0.08241959,2.274909,0.6754613,-0.008886943,0.4927788,1.2979304,0.0055231275,2.3575344,-0.0027770621,0.013857693,-0.09902577,0.113932036,0.11374324,-0.00018879771,0.03383437,0.033839576,5.2042305e-06,-0.0006292582,0.00016663391,0.00079589215,2.2823725,2.27482,-0.0075523853,-0.016283385,0.015552301,0.031835686
14.849545,1.9999999,-0.023802256,2.2823725,0.67791355,-0.016283385,0.43109602,0.8034225,-0.010885845,2.384562,-0.0008683787,0.002887752,-0.17318954,0.1144459,0.11416526,-0.00028064102,0.034030035,0.034013443,-1.6592443e-05,0.00044764928,5.6117027e-05,-0.00039153226,2.2954638,2.284238,-0.0112257,0.034189355,0.018528063,-0.015661292
14.899545,1.9999999,-0.009153373,2.2954638,0.6832879,0.034189355,0.2556512,0.0956204,0.059915602,2.3848257,-0.0010394002,-0.0034612599,-0.025131265,0.114739776,0.11483642,9.664148e-05,0.034431394,0.034271672,-0.00015972182,0.0035934227,0.0018322448,-0.0017611779,2.2941275,2.297993,0.0038654804,0.10954755,0.039100435,-0.07044712
14.949545,1.9999999,-0.009153373,2.2941275,0.6939678,0.10954755,-0.1119457,0.8242905,0.099810034,2.3852427,-0.0012881102,0.00037462538,0.030886868,0.11467183,0.11474484,7.301569e-05,0.03481719,0.034769934,-4.7255307e-05,0.0056252205,0.0046719136,-0.0009533069,2.2927456,2.2956662,0.0029206276,0.115461275,0.077328995,-0.03813228
14.999545,1.9999999,0.0,2.2927456,0.6987197,0.115461275,-0.85433865,0.6520325,0.07803695,2.3894732,-0.003746013,-0.0003725732,-0.15590458,0.11483329,0.11463256,-0.00020072609,0.035183,0.034986,-0.0001970008,0.0037629937,0.004768718,0.0010057243,2.3005857,2.2925568,-0.008028984,0.035058465,0.075287454,0.04022899
15.049545,1.9999999,0.0,2.3005857,0.70860034,0.035058465,-0.91966397,-0.7830598,0.016487634,2.4020655,-0.010710097,-0.015215832,-0.10128262,0.11451437,0.11506005,0.0005456731,0.035279214,0.035441775,0.0001625605,0.00053535175,0.0012766809,0.0007413291,2.279989,2.301816,0.021826982,-0.013644396,0.016008768,0.029653165
15.099545,1.9999999,0.0,2.279989,0.70256823,-0.013644396,0.7664522,0.17045422,-0.012542157,2.3953905,-0.01481833,-0.010500835,0.32305056,0.113883525,0.11405629,0.00017276406,0.035068285,0.03522886,0.00016057491,-0.00069044484,-0.00070913736,-1.8692517e-05,2.275352,2.2822626,0.0069105625,-0.013973398,-0.014721099,-0.00074770115
15.149545,1.9999999,0.0,2.275352,0.7001632,-0.013973398,0.15639901,0.39431795,0.005440053,2.391878,-0.01480973,0.017089225,0.15590984,0.11363828,0.11377027,0.00013198704,0.03502477,0.035159573,0.00013480335,0.00018073256,-0.00018858444,-0.00036931701,2.2701795,2.275459,0.005279541,0.0212027,0.0064300187,-0.0147726815
15.199545,1.9999999,0.0,2.2701795,0.70082754,0.0212027,-0.28120863,0.50905657,0.025528992,2.394048,-0.014537221,0.005090149,-0.27105555,0.11361767,0.11348281,-0.00013486296,0.03522441,0.035131663,-9.274855e-05,0.0016939822,0.001522699,-0.00017128314,2.2745273,2.2691326,-0.005394697,0.046556585,0.039705258,-0.0068513267
15.249545,1.9999999,0.0,2.2745273,0.7081489,0.046556585,0.11643559,0.095240094,0.05582202,2.394656,-0.011264413,-0.0100163305,-0.06927939,0.1131613,0.11371992,0.00055861473,0.035363264,0.03546298,9.9714845e-05,0.0019147835,0.0021843922,0.0002696087,2.2519248,2.2742696,0.022344828,0.030034758,0.0408191,0.010784343
15.299545,1.9999999,0.0,2.2519248,0.70638174,0.030034758,-0.19285437,0.028492441,0.021324273,2.3780866,-0.0144860055,-0.0018377899,0.27979794,0.11277334,0.11266887,-0.00010446459,0.035409767,0.03540778,-1.9855797e-06,0.00031200255,0.0012304373,0.00091843476,2.2590086,2.25483,-0.0041787624,-0.017554656,0.019182734,0.03673739
15.349545,1.9999999,0.0,2.2590086,0.71000886,-0.017554656,0.37607008,-0.088322155,-0.011572462,2.3808482,-0.012240204,0.017963463,-0.058495417,0.11298936,0.11295433,-3.502518e-05,0.035538368,0.035570193,3.1825155e-05,0.0005559012,-0.00049074966,-0.0010466508,2.2605658,2.2591643,-0.0014014244,0.039790705,-0.0020753257,-0.04186603
15.399545,1.9999999,0.0,2.2605658,0.71152586,0.039790705,0.5261968,0.37516946,0.025260229,2.3732572,-0.016765838,-0.0076873316,-0.24952511,0.11316647,0.113026515,-0.0001399517,0.03569636,0.03563947,-5.6892633e-05,0.002726528,0.0020794754,-0.00064705266,2.2660928,2.2604947,-0.0055980682,0.069270425,0.043388315,-0.02588211
15.449545,1.9999999,0.0,2.2660928,0.7163286,0.069270425,1.6795899,0.14958884,0.057408087,2.37134,-0.008868213,-0.0069890483,0.14507014,0.11329092,0.11338945,9.852648e-05,0.035833996,0.035934046,0.00010005012,0.0035140987,0.003088283,-0.00042581582,2.2655442,2.2694848,0.0039405823,0.071293525,0.054260887,-0.017032638
15.499545,1.9999999,0.0,2.2655442,0.71703124,0.071293525,1.0100706,-0.59761745,0.049207106,2.3685462,-0.0017005185,0.006819682,0.17447813,0.11320959,0.11339398,0.00018438697,0.03587352,0.03593176,5.8237463e-05,0.0037956417,0.0031420805,-0.0006535612,2.2628396,2.2702148,0.0073752403,0.08053214,0.054389685,-0.026142456
15.649545,1.9999999,0.0,2.227205,0.71203756,-0.025174756,0.17356254,-0.09936741,-0.011724529,2.352423,-0.01291877,-0.014325873,-0.38972336,0.11197965,0.11134024,-0.0006394088,0.035855386,0.03560974,-0.00024564564,0.0007194183,-0.00081969093,-0.0015391093,2.251981,2.2264044,-0.025576591,0.053951487,-0.0076128803,-0.061564367
15.699545,1.9999999,0.0,2.251981,0.72217786,0.053951487,0.4631825,-0.5444472,0.016677149,2.3463643,-0.012355044,-0.037499566,0.0019624077,0.11215938,0.112683706,0.00052432716,0.036064945,0.036201924,0.00013697892,0.0029018028,0.002541094,-0.00036070868,2.2343943,2.255367,0.020972729,0.062120624,0.047692277,-0.014428347
15.749545,1.9999999,0.0,2.2343943,0.72042,0.062120624,-0.0706015,0.38847765,0.04939996,2.345115,-0.0033715924,-0.014129632,0.3381607,0.11113055,0.11181815,0.0006875992,0.03597936,0.036174048,0.0001946874,0.001956952,0.0026640873,0.0007071353,2.2108278,2.2383316,0.027503729,0.016157461,0.04444287,0.028285408
15.799545,1.9999999,0.0,2.2108278,0.7187545,0.016157461,0.22057742,0.23909791,0.02184105,2.3295393,-0.0036518308,-0.0036834965,-0.0770276,0.1107215,0.11052158,-0.00019992143,0.036040485,0.0360376,-2.8833747e-06,0.0004764294,0.00093091204,0.00045448262,2.2180321,2.210035,-0.007997036,0.0028997154,0.021079022,0.018179307
15.849545,1.9999999,0.0,2.2180321,0.72286487,0.0028997154,-0.07284916,-0.32414496,0.008998933,2.320758,-0.011199807,-0.021832392,-0.19515945,0.11072431,0.1108857,0.00016139448,0.03610107,0.0362015,0.0001004301,0.0005457469,0.00042826385,-0.000117483025,2.2109404,2.217396,0.00645566,0.01893016,0.014230836,-0.0046993233
15.899545,1.9999999,0.0,2.2109404,0.7211779,0.01893016,-0.20145223,0.09837956,0.017813379,2.3076925,0.0021358454,-0.02319944,0.0717209,0.11026954,0.1105726,0.00030305982,0.036049955,0.036143232,9.3277544e-05,0.00082006375,0.0009505278,0.00013046403,2.1998413,2.2119634,0.012122154,0.013872391,0.01909095,0.00521856
15.949545,1.9999999,0.0,2.1998413,0.72082037,0.013872391,-0.8959458,0.44003782,0.02714549,2.3166533,-0.01080229,-0.014660303,0.22794719,0.1101978,0.110000566,-0.00019723177,0.0361659,0.036203768,3.7867576e-05,0.0006843199,0.0007436173,5.9297425e-05,2.2080705,2.2001815,-0.007889032,0.0135004055,0.015872307,0.0023719016
15.999545,1.9999999,0.0,2.2080705,0.7258157,0.0135004055,-0.3143082,-0.24287482,0.02480138,2.3170328,-0.0113806,-0.00040472235,0.14585407,0.11055241,0.110426806,-0.00012560189,0.03636514,0.03646879,0.00010364875,0.0007037815,0.0008439703,0.00014018879,2.2140257,2.209002,-0.005023718,0.014650855,0.020258404,0.005607549
16.049545,1.9999999,0.0,2.2140257,0.72878987,0.014650855,0.15939613,-0.06028393,0.020665482,2.3149629,-0.0009956787,-7.4895455e-05,0.10007229,0.11017044,0.110711455,0.00054101646,0.036289252,0.036603026,0.00031377375,0.0012032626,0.0009107128,-0.00029254978,2.192792,2.2144322,0.0216403,0.03347965,0.021777656,-0.011701994
16.099545,1.9999999,0.0,2.192792,0.72278017,0.03347965,0.1544787,0.16967341,0.014094685,2.3102412,-0.00352183,0.009602506,0.051776197,0.10981557,0.109646134,-0.00016943365,0.036287032,0.036264703,-2.232939e-05,0.0013184665,0.0017199087,0.00040144217,2.199831,2.193053,-0.006778002,0.019259011,0.035316695,0.016057683
16.249544,1.9999999,0.031148497,2.1996648,0.7355078,0.03768407,0.20055929,0.42994034,0.023282288,2.3081992,-0.002231369,-0.0085426625,0.036431078,0.10937072,0.109975815,0.00060509145,0.03665772,0.036925793,0.0002680719,0.0011692723,0.0018559616,0.0006866893,2.175164,2.1993675,0.024203539,0.009086824,0.036554392,0.027467567
16.299545,1.9999999,0.097090274,2.175164,0.73080105,0.009086824,-0.92730063,1.4100294,0.030175269,2.3077328,-0.005411868,-0.017751032,-0.050173666,0.10951271,0.10874679,-0.0007659197,0.036932644,0.03676716,-0.00016548485,0.002066504,0.0010078102,-0.0010586937,2.2053444,2.1747077,-0.030636787,0.073573336,0.031225584,-0.04234775
16.349545,1.9999999,0.14103693,2.2053444,0.74650466,0.073573336,-0.37089753,0.8098982,0.08889877,2.3184412,-0.009145999,-0.013560029,0.38979325,0.11117313,0.11032485,-0.0008482784,0.037919916,0.037686106,-0.0002338104,0.0043800864,0.0037770607,-0.0006030258,2.2415807,2.2076495,-0.033931255,0.10163012,0.07750909,-0.024121031
16.399546,1.9999999,0.19965427,2.2415807,0.7702919,0.10163012,-1.0318723,0.49874207,0.09350931,2.3523216,-0.014040592,0.021228293,0.21462728,0.113094755,0.112171255,-0.00092349946,0.039182942,0.038917165,-0.0002657771,0.003981859,0.0050433697,0.0010615108,2.2822096,2.2452695,-0.036940098,0.05764423,0.10010465,0.042460423
16.449545,1.9999999,0.23629826,2.2822096,0.7970258,0.05764423,-1.1688993,0.084731705,0.05852001,2.3939962,-0.018455075,0.007902699,-0.23457563,0.11432635,0.11429987,-2.6479363e-05,0.040102117,0.040206656,0.000104539096,0.0037225022,0.0037479338,2.5431626e-05,2.2908444,2.289785,-0.0010595322,0.09125586,0.092273116,0.0010172576
16.499544,1.9999999,0.2436227,2.2908444,0.8070589,0.09125586,-0.28517425,0.50725657,0.11383724,2.4087908,-0.026296372,-0.0022292703,-0.3688072,0.114322506,0.11463187,0.000309363,0.0405988,0.04060985,1.1052936e-05,0.0054058833,0.005354542,-5.1341485e-05,2.2820556,2.2944305,0.012374878,0.12497947,0.1229258,-0.0020536706
16.549545,1.9999999,0.2436227,2.2820556,0.81689316,0.12497947,1.8823066,-0.39988938,0.11683,2.4275863,-0.012275148,-0.02897802,-0.18892308,0.11209236,0.11394012,0.0018477589,0.040652417,0.040904343,0.00025192648,0.0055412212,0.006211381,0.0006701597,2.2016387,2.2755492,0.073910475,0.096669376,0.12347574,0.026806362
16.599545,1.9999999,0.2436227,2.2016387,0.80920357,0.096669376,-2.0736632,-1.0753242,0.10147465,2.410722,-0.0024166745,-0.021121578,0.18764938,0.11189975,0.110057786,-0.0018419623,0.041422255,0.040645096,-0.0007771589,0.0039929156,0.004629162,0.0006362465,2.2743511,2.2006724,-0.07367873,0.063047245,0.08849711,0.025449865
16.649546,1.9999999,0.21430315,2.2743511,0.8476867,0.063047245,1.6176312,0.42795742,0.08717971,2.4015276,-0.0024709655,-0.010213082,0.1703864,0.11270809,0.113616705,0.0009086132,0.042289175,0.042580206,0.00029103085,0.004245338,0.0033974969,-0.00084784115,2.2339725,2.270317,0.03634453,0.10676628,0.07285262,-0.033913665
16.699545,1.9999999,0.20697871,2.2339725,0.84388024,0.10676628,2.5032861,1.6892307,0.08973628,2.3942637,-0.008916866,-0.004082937,0.034571584,0.11149736,0.11149074,-6.6161156e-06,0.042455297,0.04230567,-0.00014962628,0.005311079,0.0054151476,0.00010406878,2.2259216,2.225657,-0.00026464462,0.10567686,0.109839626,0.004162766
16.749544,1.9999999,0.2216276,2.2259216,0.8543317,0.10567686,2.0761466,2.348856,0.09681471,2.3873143,-0.014354744,-0.006755924,-0.06818199,0.11098068,0.11114313,0.00016244501,0.042825148,0.04282793,2.7827919e-06,0.005460969,0.0054505193,-1.0449905e-05,2.2133057,2.2198033,0.0064976215,0.11276191,0.11234391,-0.00041799992
16.799545,1.9999999,0.23629826,2.2133057,0.8586742,0.11276191,2.313859,0.28284156,0.10266394,2.3851013,-0.009316886,-0.010901136,-0.03558075,0.11027892,0.11065254,0.00037362427,0.04312463,0.04302527,-9.936094e-05,0.006073864,0.0059654205,-0.000108443666,2.1978512,2.212796,0.014944792,0.13019265,0.12585492,-0.004337728
16.849545,1.9999999,0.23629826,2.1978512,0.86631095,0.13019265,-1.3186134,-0.79661864,0.123439126,2.3652742,-0.006911008,-0.010313999,1.6872102e-05,0.109807454,0.109832786,2.5331974e-05,0.04359257,0.0435322,-6.036833e-05,0.0058382032,0.00627391,0.0004357067,2.194447,2.1954603,0.001013279,0.10333548,0.12076374,0.017428264
16.899546,1.9999999,0.23629826,2.194447,0.8773918,0.10333548,-0.86030525,0.7154833,0.09776488,2.3544784,-0.0168403,-0.010899449,0.20602717,0.10989654,0.1096884,-0.00020813942,0.044501293,0.04414929,-0.00035200268,0.005350907,0.005085453,-0.00026545394,2.2014143,2.193089,-0.008325338,0.1107008,0.10008264,-0.010618158
16.999544,1.9999999,0.21430315,2.1525412,0.89514,0.11309097,-0.67091894,-0.16737865,0.098608166,2.3647273,-0.0086053815,-0.0039729527,-0.24489692,0.107424214,0.107541434,0.000117219985,0.044898786,0.044964667,6.588176e-05,0.0054130945,0.0056057973,0.00019270275,2.1444275,2.149116,0.0046885014,0.103432804,0.111140914,0.00770811
17.049545,1.9999999,0.18500538,2.1444275,0.9008114,0.103432804,-0.7704647,0.27562246,0.14986578,2.3289988,-0.0070722927,-0.014200975,-0.21292317,0.10728528,0.10705588,-0.00022940338,0.045556627,0.045220967,-0.00033565983,0.005513015,0.005110901,-0.00040211435,2.1469839,2.1378076,-0.009176254,0.117087804,0.10100324,-0.016084567
17.099545,1.9999999,0.17768094,2.1469839,0.9214537,0.117087804,-1.228555,-0.018158782,0.103183165,2.3472788,-0.002313687,-0.02526527,-0.059128515,0.10700865,0.10716651,0.00015785545,0.0462688,0.046229795,-3.900379e-05,0.0054932022,0.005531574,3.8371887e-05,2.1333623,2.1396763,0.006314039,0.10264029,0.10417516,0.0015348643
17.149546,1.9999999,0.17768094,2.1333623,0.9292982,0.10264029,-0.32559788,0.85471696,0.1334824,2.332244,-0.0045948303,-0.020113826,0.07761288,0.10731471,0.10646629,-0.00084841996,0.047088888,0.04661459,-0.0004742965,0.005944803,0.0049064145,-0.0010383883,2.1592264,2.1252897,-0.03393674,0.13515182,0.09361628,-0.04153554
17.349545,1.9999999,0.14103693,2.1130574,0.9821872,0.11178072,0.5915975,0.12719864,0.103249006,2.340417,-0.015381997,-0.022165682,-0.07503355,0.10582582,0.10544218,-0.00038363785,0.049254548,0.049220342,-3.4205616e-05,0.0050007086,0.005356638,0.0003559296,2.1199756,2.1046298,-0.015345812,0.08824762,0.1024848,0.01423718
17.399546,1.9999999,0.13371249,2.1199756,0.98799473,0.08824762,0.2553664,0.55614346,0.11764121,2.3342652,-0.014829494,-0.015598265,0.14642629,0.10571125,0.10583522,0.00012397021,0.04973713,0.049544178,-0.00019295141,0.0043733297,0.0042731026,-0.00010022707,2.1084745,2.1134334,0.004958868,0.086685576,0.082676485,-0.0040090904
17.449545,1.9999999,0.13371249,2.1084745,1.0014905,0.086685576,-0.71646434,0.04934833,0.08577492,2.3350823,-0.012595875,-0.007523054,0.15918092,0.10557606,0.105338156,-0.00023790449,0.05041282,0.050288673,-0.0001241453,0.004239188,0.004226342,-1.2846198e-05,2.1145678,2.1050518,-0.009516001,0.08288194,0.082368106,-0.00051383674
17.499544,1.9999999,0.14103693,2.1145678,1.0150223,0.08288194,-0.7100564,-1.0930947,0.08984139,2.33582,-0.011675334,0.00031982738,0.025200529,0.105802886,0.10568831,-0.00011457503,0.05105793,0.050936747,-0.00012118369,0.0040954207,0.00408531,-1.01109035e-05,2.1175478,2.1129649,-0.004582882,0.08093489,0.08053044,-0.00040444732
17.549545,1.9999999,0.14103693,2.1175478,1.027295,0.08093489,-0.58076924,0.14198941,0.09075545,2.3383834,-0.010856533,-0.005003001,0.0003280845,0.10571905,0.105775215,5.6162477e-05,0.05157799,0.05155582,-2.2169203e-05,0.0045093633,0.003996239,-0.0005131243,2.1112146,2.113461,0.0022463799,0.09943964,0.07891467,-0.020524971
17.599545,1.9999999,0.14103693,2.1112146,1.0358247,0.09943964,0.40701267,0.646925,0.083938345,2.331391,-0.014885612,0.00035263583,-0.20333053,0.105245836,0.10534002,9.418279e-05,0.052049156,0.05189238,-0.00015677512,0.0042626895,0.0047784485,0.000515759,2.0986187,2.102386,0.003767252,0.07106794,0.091698304,0.020630367
17.649546,1.9999999,0.14103693,2.0986187,1.0461415,0.07106794,0.9965297,0.74396425,0.064570166,2.3341944,-0.011395085,-0.025336055,0.07483153,0.10452195,0.1047402,0.00021824986,0.052170634,0.052421845,0.00025121123,0.003576877,0.003424725,-0.00015215203,2.0822592,2.0909894,0.008730173,0.07200715,0.06592105,-0.006086096
17.699545,1.9999999,0.14103693,2.0822592,1.0406839,0.07200715,0.5164948,0.28500962,0.08197845,2.3346124,-0.008109084,0.007835789,0.46184102,0.103826895,0.104045294,0.00021839887,0.0522108,0.05225236,4.155934e-05,0.0041765478,0.0035457553,-0.00063079246,2.0708165,2.0795527,0.008736134,0.09505475,0.06982306,-0.025231697
17.749544,1.9999999,0.14103693,2.0708165,1.0477481,0.09505475,0.11406763,0.53099906,0.10289377,2.3287156,-0.00989756,0.020848049,-0.12735516,0.1037229,0.10343243,-0.00029046834,0.052738976,0.052533872,-0.00020510331,0.0049155746,0.004652119,-0.0002634558,2.0780995,2.0664806,-0.011618853,0.10156823,0.09102999,-0.010538243
17.849545,1.9999999,0.14103693,2.0825114,1.0777156,0.06924526,-0.3248578,0.38814074,0.07813957,2.328143,-0.011480739,-0.019413332,-0.053034607,0.10408275,0.103969775,-0.00011297315,0.054372504,0.054070562,-0.00030194223,0.0041970443,0.003475035,-0.0007220092,2.0807986,2.0762796,-0.0045189857,0.09863652,0.06975615,-0.028880373
17.899546,1.9999999,0.14838317,2.0807986,1.0971844,0.09863652,1.2601045,0.79012537,0.08408565,2.3259861,-0.011526023,-0.010203188,-0.038162198,0.10361482,0.10386032,0.00024549663,0.054727186,0.05500228,0.00027509406,0.004831854,0.004694494,-0.00013735984,2.0637944,2.0736141,0.009819746,0.094637625,0.089143224,-0.005494401
17.949545,1.9999999,0.14838317,2.0637944,1.091903,0.094637625,1.4674633,0.10562172,0.06530489,2.338953,-0.0050661187,-0.02322955,-0.116920784,0.10282023,0.103047766,0.00022753328,0.054640867,0.054726996,8.612871e-05,0.0045117694,0.0045347842,2.3014843e-05,2.0490148,2.0581162,0.009101391,0.085833155,0.08675373,0.00092057884
18.049545,1.9999999,0.15570761,2.044339,1.1048361,0.089473575,-0.81747514,-1.3469636,0.085255034,2.334241,-0.013852764,-0.020765793,0.0649643,0.102439895,0.10215326,-0.00028663874,0.055696458,0.055460453,-0.00023600459,0.0044137808,0.0042767087,-0.00013707206,2.0532568,2.0417914,-0.011465311,0.087077655,0.081594765,-0.0054828897
18.099545,1.9999999,0.19232982,2.0532568,1.1230222,0.087077655,0.02126839,-0.0270181,0.10100245,2.3302524,-0.014135646,-0.015398837,0.028215637,0.10287007,0.10254764,-0.00032243133,0.056487076,0.056370504,-0.000116571784,0.004988697,0.0043141046,-0.00067459233,2.061546,2.0486486,-0.012897491,0.11247022,0.08548652,-0.0269837
18.149546,1.9999999,0.21430315,2.061546,1.1364608,0.11247022,0.46951032,0.39786443,0.12233238,2.3309507,-0.0126052825,-0.017944228,0.09763099,0.102520645,0.102891184,0.00037053972,0.056949537,0.05703328,8.3744526e-05,0.004857055,0.0055101695,0.00065311464,2.0392797,2.0541012,0.014821529,0.08181199,0.10793655,0.026124567
18.199545,1.9999999,0.2216276,2.0392797,1.1415206,0.08181199,0.23288117,0.43979204,0.097504795,2.3431895,-0.012583724,-0.0056357374,0.3701785,0.10238542,0.10183318,-0.00055223703,0.057593312,0.057341225,-0.00025208667,0.004464624,0.0042644637,-0.00020016031,2.056137,2.0340474,-0.02208972,0.096772976,0.088766545,-0.008006431
18.249544,1.9999999,0.2216276,2.056137,1.1622118,0.096772976,0.12319266,-0.54986393,0.09173064,2.34146,-0.009335317,0.019073619,-0.07757021,0.102417685,0.102691986,0.00027430058,0.058629904,0.05829205,-0.00033785403,0.005874837,0.0049852678,-0.00088956906,2.0405703,2.0515425,0.010972261,0.13822049,0.10263773,-0.03558276
18.299545,1.9999999,0.1703565,2.0405703,1.1829844,0.13822049,-0.8746175,0.37987268,0.10998657,2.3454149,-0.020274125,-0.013392759,-0.37159827,0.10187628,0.10176251,-0.000113770366,0.059191976,0.059349816,0.00015784055,0.005924277,0.006468683,0.000544406,2.0344808,2.0299304,-0.004550457,0.0987506,0.12052684,0.021776244
18.349545,1.9999999,0.14838317,2.0344808,1.1846946,0.0987506,0.9367043,0.30655432,0.099626265,2.3380468,-0.020315206,-0.018086206,0.10102575,0.101543225,0.101478435,-6.479025e-05,0.059234902,0.05938139,0.00014648959,0.004768775,0.0045560463,-0.00021272851,2.027248,2.0246565,-0.0025913715,0.0920004,0.08349126,-0.008509144
18.399546,1.9999999,0.14838317,2.027248,1.1847016,0.0920004,-0.21774769,-0.34957308,0.08767873,2.3427813,-0.0048886333,-0.0032901831,0.24355231,0.10117391,0.101204135,3.0227005e-05,0.059806928,0.05940472,-0.00040220842,0.00472521,0.0042890124,-0.0004361975,2.0197084,2.0209174,0.0012090206,0.097008,0.0795601,-0.017447896
18.449545,1.9999999,0.14838317,2.0197084,1.2075757,0.097008,-0.6021282,0.34408665,0.10026218,2.3367162,-0.004464758,0.0062690238,-0.11120511,0.10096041,0.10078175,-0.00017865747,0.06050951,0.06051864,9.1306865e-06,0.0050576646,0.0046327077,-0.0004249569,2.018708,2.0115619,-0.00714612,0.105298586,0.08830031,-0.016998276
18.499544,1.9999999,0.14838317,2.018708,1.2128047,0.105298586,-0.5592624,-0.20609687,0.09312116,2.339492,-0.00021211425,-0.014410694,-0.21972838,0.100863345,0.100690566,-0.00017277896,0.06077999,0.060752597,-2.739206e-05,0.005193927,0.0049630217,-0.00023090513,2.0158257,2.0089147,-0.0069110394,0.10245848,0.09322229,-0.009236187
18.549545,1.9999999,0.14838317,2.0158257,1.2183948,0.10245848,-1.3879547,-0.017805906,0.08006665,2.3432624,-0.012783626,-0.015703814,-0.13077311,0.10069261,0.100565486,-0.0001271218,0.06133474,0.061031472,-0.00030326843,0.0044192937,0.00472051,0.00030121626,2.0118787,2.0067935,-0.00508523,0.07431326,0.08636191,0.012048647
18.599545,1.9999999,0.13371249,2.0118787,1.2349949,0.07431326,1.4557431,-0.34180802,0.077696644,2.3378127,-0.009498514,-0.027488004,0.13930415,0.100059114,0.10041072,0.0003516078,0.061876796,0.06185883,-1.7967075e-05,0.004285476,0.0035304048,-0.0007550714,1.9904859,2.00455,0.014064074,0.09710579,0.06690293,-0.030202866
18.649546,1.9999999,0.13371249,1.9904859,1.240077,0.09710579,0.88360906,0.3151411,0.07060842,2.341106,-0.00041661432,-0.0017734,0.23063812,0.099367484,0.099384956,1.7471611e-05,0.062196758,0.06216758,-2.9176474e-05,0.0042123324,0.004588046,0.0003757137,1.9842135,1.9849122,0.00069868565,0.071387514,0.08641605,0.015028536
18.699545,1.9999999,0.13371249,1.9842135,1.2477933,0.071387514,0.21462876,-0.03493217,0.063024916,2.344165,-0.0041625155,-0.0044241934,-0.10244159,0.099248625,0.099047475,-0.00020115077,0.06272586,0.06253993,-0.00018592924,0.0042177523,0.0036281124,-0.0005896399,1.9857317,1.9776856,-0.00804615,0.097322576,0.07373698,-0.023585595
18.899546,1.9999999,0.13371249,1.966551,1.269755,0.08485323,-0.071157336,-0.15434563,0.08382739,2.3456132,-0.010332881,-0.031776033,0.04882332,0.09913306,0.09817158,-0.0009614825,0.06444342,0.06371645,-0.00072696805,0.004500482,0.0041902894,-0.00031019282,1.9987714,1.9603121,-0.0384593,0.095166065,0.082758345,-0.01240772
18.949545,1.9999999,0.13371249,1.9987714,1.3079818,0.095166065,0.42084786,-0.25329962,0.08967445,2.351627,0.0068913973,-0.0062489235,0.39502826,0.10037226,0.09984832,-0.0005239397,0.06618702,0.06567117,-0.0005158484,0.0050415667,0.0045155114,-0.0005260552,2.016119,1.9951613,-0.020957708,0.1064966,0.085454404,-0.021042198
19.099545,1.9999999,0.14838317,1.972037,1.3369071,0.09918374,3.1735632,1.5620382,0.0819819,2.3357902,-0.013644416,-0.020228423,-0.298809,0.09749827,0.09841454,0.0009162724,0.06638079,0.06698453,0.00060373545,0.0053747064,0.004883236,-0.00049147056,1.9278936,1.9645449,0.036651254,0.11580452,0.09614568,-0.019658841
19.149546,1.9999999,0.15570761,1.9278936,1.3183246,0.11580452,-0.2403061,1.2209693,0.11808368,2.3552723,0.0023695629,-0.03218747,0.18612541,0.096484646,0.096210256,-0.00027438998,0.0662559,0.06617537,-8.0525875e-05,0.0052378858,0.0054009818,0.000163096,1.9314921,1.9205164,-0.0109757185,0.0937109,0.10023474,0.00652384
19.199545,1.9999999,0.15570761,1.9314921,1.3319114,0.0937109,-0.944836,-0.72674555,0.09796774,2.3415406,-0.0014738524,-0.0016158824,0.3657159,0.09633596,0.096513174,0.00017721206,0.06679647,0.06686833,7.186085e-05,0.004549843,0.0044960896,-5.3753145e-05,1.9219463,1.929035,0.007088661,0.088282816,0.08613269,-0.0021501258
19.249544,1.9999999,0.16303205,1.9219463,1.3399472,0.088282816,-1.0322732,-0.6682827,0.1016312,2.338063,-0.015122736,0.0043841195,-0.09989912,0.09639841,0.09602777,-0.00037064403,0.067582704,0.067213275,-0.0003694296,0.0049498756,0.004410108,-0.00053976756,1.9339904,1.9191643,-0.014826059,0.109712206,0.08812152,-0.021590687
19.299545,1.9999999,0.1703565,1.9339904,1.3633609,0.109712206,0.5982713,0.025054049,0.09524454,2.3345094,-0.017720502,-0.011605795,-0.1739523,0.09605409,0.09650731,0.00045321882,0.067990325,0.06834429,0.00035396218,0.0055169254,0.0052901963,-0.00022672908,1.9081732,1.9263023,0.01812911,0.110964805,0.10189563,-0.0090691745
19.349545,1.9999999,0.17768094,1.9081732,1.3562522,0.110964805,1.5652642,0.36742812,0.11569796,2.3390713,-0.010682969,-0.01301111,0.04487389,0.095093675,0.09517679,8.311868e-05,0.06785576,0.0679695,0.00011374056,0.0054214066,0.0052831667,-0.00013823994,1.895574,1.8988985,0.0033245087,0.105891466,0.10036186,-0.005529605
19.399546,1.9999999,0.17768094,1.895574,1.3579781,0.105891466,0.4819007,1.2945981,0.0780821,2.3355708,-0.014317557,-0.007118406,-0.025338093,0.09467497,0.09450811,-0.00016685575,0.06830993,0.068020515,-0.0002894178,0.0049519176,0.0050118784,5.9960876e-05,1.8914248,1.8847505,-0.0066742897,0.092185244,0.09458365,0.002398409
19.449545,1.9999999,0.17768094,1.8914248,1.3744193,0.092185244,-0.15460426,0.019609664,0.109904855,2.3340087,-0.0128842415,-0.015544919,-0.057745352,0.094382145,0.0943351,-4.7042966e-05,0.06897179,0.06888597,-8.582324e-05,0.004588043,0.0045521506,-3.589224e-05,1.883861,1.8819792,-0.0018817186,0.091336474,0.089900784,-0.0014356896
19.499544,1.9999999,0.17768094,1.883861,1.3844525,0.091336474,-0.71527505,-0.057893306,0.094167,2.3431606,-0.0071739354,-0.012892941,0.1274112,0.09404215,0.09402839,-1.3761222e-05,0.0694132,0.069431886,1.8686056e-05,0.004646636,0.004445683,-0.00020095287,1.877825,1.8772749,-0.0005501509,0.09452896,0.08649085,-0.008038111
19.549545,1.9999999,0.19965427,1.877825,1.3920755,0.09452896,0.10633561,0.0074001458,0.10928202,2.3349452,-0.005759518,-0.0028038002,0.032087576,0.09379108,0.09370943,-8.165091e-05,0.07003533,0.069783054,-0.00025227666,0.0045193443,0.004694859,0.00017551472,1.8738182,1.8705522,-0.003265977,0.086244814,0.09326541,0.0070205927
19.599545,1.9999999,0.2216276,1.8738182,1.4093376,0.086244814,-0.19955221,0.038914017,0.10554147,2.3289976,-0.010059583,-0.009684184,-0.033800017,0.09326304,0.09349271,0.0002296716,0.070609204,0.070675865,6.6660345e-05,0.0052710376,0.004485339,-0.00078569865,1.8567034,1.8658903,0.009186864,0.12459669,0.093168736,-0.031427957
19.649546,1.9999999,0.2216276,1.8567034,1.4150306,0.12459669,-0.08338299,0.12220706,0.10513604,2.336329,-0.019129695,-0.006183802,0.10379055,0.09301094,0.09260477,-0.0004061684,0.07107101,0.07095467,-0.000116333365,0.0057723974,0.0059924284,0.00022003101,1.8637342,1.8474876,-0.016246676,0.10629919,0.11510042,0.008801229
19.699545,1.9999999,0.21430315,1.8637342,1.4278096,0.10629919,0.60281307,-0.13425282,0.111282066,2.3298695,-0.011689517,0.00069487205,-0.08568708,0.09299867,0.09292707,-7.160008e-05,0.07181502,0.071546525,-0.00026849657,0.0048471983,0.005205582,0.00035838364,1.8562126,1.8533485,-0.0028641224,0.08758874,0.10192408,0.014335334
19.749544,1.9999999,0.2216276,1.8562126,1.4447912,0.08758874,0.057085317,-0.12287922,0.10583391,2.3389547,-0.008816487,-0.01475251,-0.27133027,0.09224169,0.09252508,0.00028339028,0.072135806,0.07239553,0.00025972724,0.004817695,0.0045319498,-0.00028574513,1.8334548,1.8447905,0.011335611,0.10511905,0.09368924,-0.011429809
19.799545,1.9999999,0.2216276,1.8334548,1.440641,0.10511905,-0.9334166,0.10527909,0.09182479,2.3316014,-0.009029989,-0.026438154,0.1722641,0.091688015,0.09142413,-0.00026388466,0.07226889,0.0722463,-2.259016e-05,0.005776164,0.0050528497,-0.0007233145,1.8340656,1.8235105,-0.010555029,0.12592751,0.09699493,-0.028932579
19.849545,1.9999999,0.2216276,1.8340656,1.4501145,0.12592751,-0.90516216,-0.11999874,0.077320404,2.3314965,-0.014085672,0.0024738999,0.24883367,0.09140677,0.09148978,8.300692e-05,0.072773,0.07271355,-5.9455633e-05,0.006051708,0.005851031,-0.0002006772,1.8222052,1.8255255,0.0033203363,0.11614083,0.10811372,-0.0080271065
19.899546,1.9999999,0.23629826,1.8222052,1.4608055,0.11614083,0.6731588,0.46088302,0.11149109,2.3330982,-0.0034257649,-0.0015547861,0.031124236,0.09053759,0.09083267,0.00029508024,0.073071,0.073203065,0.00013206154,0.0051638773,0.0056298897,0.0004660124,1.7992984,1.811102,0.011803627,0.09041428,0.10905475,0.018640473
19.949545,1.9999999,0.26559603,1.7992984,1.4620345,0.09041428,-1.07411,0.49814785,0.112099946,2.3366556,0.0062875156,0.0055863233,0.14035077,0.09018597,0.08976867,-0.00041729957,0.0734608,0.07340001,-6.0789287e-05,0.0054399446,0.004691563,-0.0007483815,1.8081403,1.7914484,-0.016691923,0.12718351,0.09724825,-0.029935263
19.999544,1.9999999,0.26559603,1.8081403,1.4763976,0.12718351,-1.1543328,0.15388286,0.10999694,2.328668,-0.013694912,0.012480291,-0.12497017,0.09021503,0.090174094,-4.093349e-05,0.07419877,0.074090056,-0.00010871142,0.006688724,0.0062841363,-0.00040458748,1.8004608,1.7988234,-0.0016374588,0.14036545,0.12418193,-0.016183518
20.049545,1.9999999,0.3095427,1.8004608,1.4915531,0.14036545,0.34102347,-0.45142528,0.12149375,2.3366652,-0.0137458285,-0.006910694,-0.16849463,0.08980968,0.0897485,-6.117672e-05,0.07492105,0.07475567,-0.00016538054,0.007092798,0.006936048,-0.00015674997,1.7919264,1.7894794,-0.002447009,0.14334649,0.13707647,-0.006270021
20.099545,1.9999999,0.3315378,1.7919264,1.5052888,0.14334649,0.53468806,-0.012661198,0.12586217,2.3317616,-0.011558038,-0.004369172,-0.044113178,0.08969597,0.089277685,-0.00041828305,0.07561207,0.075420536,-0.00019153208,0.0074396622,0.006968365,-0.0004712972,1.7959124,1.7791809,-0.0167315,0.15424,0.1353881,-0.018851891
20.149546,1.9999999,0.39013335,1.7959124,1.5191938,0.15424,-0.066188276,-0.16197911,0.12460863,2.333735,-0.0019772395,-0.011322011,-0.11108048,0.08913192,0.08944396,0.00031203777,0.07599373,0.07614337,0.00014963746,0.007175551,0.007582386,0.00040683523,1.7693644,1.781846,0.012481689,0.13278203,0.14905545,0.016273424
20.199545,1.9999999,0.4194529,1.7693644,1.5205556,0.13278203,-1.2947851,-0.53779775,0.12969019,2.331495,-0.0070989286,-0.0154772205,0.19058703,0.08791055,0.08824273,0.00033218414,0.07629321,0.07636612,7.291138e-05,0.0062892367,0.0068537737,0.000564537,1.7470574,1.7603449,0.013287425,0.11878744,0.14136891,0.022581473
20.249544,1.9999999,0.4341018,1.7470574,1.5311728,0.11878744,-0.47988355,-0.34021226,0.13860498,2.3334107,-0.0006285914,0.007736692,0.019255614,0.0876543,0.08724409,-0.00041020662,0.07713608,0.076998934,-0.00013714284,0.0063542933,0.0065610665,0.00020677317,1.7591146,1.7427064,-0.016408205,0.13538429,0.14365521,0.008270919
20.299545,1.9999999,0.4341018,1.7591146,1.5542704,0.13538429,0.58926684,0.9615001,0.12594922,2.3386638,-0.009783019,-0.013551659,-0.0718672,0.08745805,0.08769836,0.00024031103,0.07774094,0.0782038,0.00046285987,0.007430267,0.007294275,-0.00013599219,1.7392074,1.7488201,0.0096126795,0.16182639,0.1563867,-0.005439684
20.349545,1.9999999,0.40478224,1.7392074,1.5553669,0.16182639,0.66217494,0.16111462,0.147838,2.3375883,0.0070963837,0.00054997206,0.10219997,0.08670021,0.08665141,-4.8801303e-05,0.07827813,0.07812793,-0.0001502037,0.0071492875,0.008239262,0.0010899743,1.728801,1.7268492,-0.0019518137,0.1241451,0.1677441,0.043599002
20.399546,1.9999999,0.36083558,1.728801,1.5757583,0.1241451,0.4050509,-0.542624,0.10789647,2.3392203,0.0047809836,-0.0033316622,-0.34767914,0.08590004,0.08615783,0.0002577901,0.07936148,0.07901483,-0.00034665316,0.007337541,0.0065966505,-0.0007408904,1.7072005,1.7175121,0.010311604,0.16935652,0.13972092,-0.029635608
20.449545,1.9999999,0.3242134,1.7072005,1.598701,0.16935652,0.8326758,-0.04572113,0.17466739,2.331955,-0.004682557,-0.034217943,-0.20991042,0.08496917,0.08493783,-3.1337142e-05,0.079942144,0.08011252,0.00017037243,0.007158482,0.008348713,0.0011902307,1.6915661,1.6903126,-0.0012534857,0.11698274,0.16459197,0.047609225
20.499544,1.9999999,0.3315378,1.6915661,1.5989847,0.11698274,1.3773912,0.50328004,0.13519618,2.330622,-0.0027659084,-0.024322703,0.10579432,0.08456857,0.084206514,-0.0003620535,0.08033215,0.08015739,-0.00017476082,0.0061096256,0.0060390118,-7.061381e-05,1.6911765,1.6766944,-0.014482141,0.12740229,0.12457771,-0.0028245822
20.549545,1.9999999,0.3461867,1.6911765,1.6143014,0.12740229,-0.63384223,-0.5200627,0.123757824,2.3369396,0.008706057,-0.023638511,0.03926555,0.08425764,0.08425152,-6.1169267e-06,0.08123255,0.08098431,-0.00024823844,0.007331018,0.0066620647,-0.0006689532,1.679129,1.6788844,-0.00024461746,0.16583844,0.13908032,-0.02675812
20.599545,1.9999999,0.38280892,1.679129,1.6350003,0.16583844,-0.6560542,-0.5859202,0.16279495,2.3272324,0.003908046,-0.020396149,0.37016192,0.083920226,0.08370949,-0.00021073222,0.08189491,0.08204702,0.00015211105,0.007848342,0.008291003,0.00044266135,1.67768,1.6692508,-0.00842917,0.14809524,0.1658017,0.017706469
20.649546,1.9999999,0.39013335,1.67768,1.6407962,0.14809524,-0.83499914,-0.671686,0.16837652,2.3289263,0.00026027733,0.0133776795,-0.14535134,0.08325433,0.083637066,0.00038273633,0.082229294,0.08233432,0.000105023384,0.0078848805,0.0075491494,-0.00033573108,1.6524931,1.6678026,0.015309453,0.1673,0.15387075,-0.013429254
20.699545,1.9999999,0.39013335,1.6524931,1.6483754,0.1673,-1.4615114,-0.60897,0.16492204,2.3309035,-0.0043985746,-0.03493128,-0.37094453,0.08231629,0.082316875,5.8859587e-07,0.082820006,0.08268042,-0.00013958663,0.008270734,0.008676231,0.00040549692,1.6401584,1.640182,2.360344e-05,0.16352935,0.17974925,0.016219899
20.749544,1.9999999,0.39013335,1.6401584,1.6644248,0.16352935,-0.79641473,-0.73825043,0.16086456,2.3269877,-0.0046663107,-0.023716772,0.27326104,0.081654064,0.08171048,5.6415796e-05,0.08324536,0.08356639,0.00032103062,0.0077096685,0.0081987595,0.00048909103,1.626004,1.628261,0.0022569895,0.14485738,0.16442099,0.019563615
20.799545,1.9999999,0.3974578,1.626004,1.6653897,0.14485738,-0.22052072,0.19851598,0.17661692,2.32537,-0.0043134145,-0.007605177,0.096444115,0.081026874,0.0809893,-3.7573278e-05,0.08392227,0.08372812,-0.00019414723,0.0073241615,0.007562437,0.00023827562,1.6150709,1.6135681,-0.0015028715,0.1481091,0.1576401,0.009531006
20.849545,1.9999999,0.3974578,1.6150709,1.6915009,0.1481091,-0.5455152,-0.08990465,0.15793256,2.331446,-0.0032008945,-0.0140723605,-0.2982454,0.080457985,0.08041417,-4.3816864e-05,0.084716596,0.08499399,0.00027739257,0.007747296,0.007919888,0.00017259223,1.6032486,1.601496,-0.001752615,0.16178274,0.16868642,0.006903678
20.899546,1.9999999,0.39013335,1.6032486,1.6971627,0.16178274,-0.7150185,-0.3415454,0.14377223,2.3323984,-0.00043944654,-0.037429716,0.083647795,0.079664156,0.07979924,0.00013508648,0.08533624,0.08528651,-4.9725175e-05,0.0095375,0.00834101,-0.0011964906,1.5833176,1.588721,0.0054033995,0.2197173,0.17185763,-0.04785967
20.949545,1.9999999,0.3974578,1.5833176,1.7162867,0.2197173,-0.04405139,-0.16914268,0.19280222,2.3351846,0.0010424262,-0.005707581,0.1594297,0.07916031,0.07876453,-0.0003957823,0.0862233,0.08605379,-0.00016950816,0.0105333105,0.010441351,-9.195972e-05,1.5830946,1.5672636,-0.015830994,0.20161514,0.19793671,-0.0036784261
20.999544,1.9999999,0.40478224,1.5830946,1.7326452,0.20161514,0.30586827,0.32283494,0.18194343,2.332473,-0.011633738,-0.021486748,-0.08383044,0.07856101,0.07868325,0.00012224168,0.08695896,0.08690087,-5.8092177e-05,0.009664397,0.00985844,0.00019404292,1.5593457,1.5642353,0.0048896074,0.18496074,0.19272247,0.0077617317
21.049545,1.9999999,0.47804844,1.5593457,1.7457132,0.18496074,-1.0957853,-0.42436117,0.22217049,2.3332722,-0.010777247,-0.014090626,-0.051481143,0.077534735,0.07760407,6.93351e-05,0.087668195,0.08757676,-9.1433525e-05,0.00982736,0.009558692,-0.00026866794,1.5420438,1.5448169,0.0027730465,0.20813364,0.19738692,-0.010746717
21.099545,1.9999999,0.47072402,1.5420438,1.7610145,0.20813364,-1.2459532,0.047058094,0.2142472,2.3322957,-0.0056244265,-0.02663486,-0.18925464,0.07661252,0.076702476,8.995831e-05,0.08832573,0.08835652,3.07858e-05,0.0103661455,0.010540757,0.0001746118,1.5224568,1.5260553,0.0035985708,0.2065122,0.21349666,0.0069844574
21.149546,1.9999999,0.42677736,1.5224568,1.7720149,0.2065122,-1.2954078,-0.16657473,0.2287278,2.3295782,-0.009501003,-0.03301609,-0.16030031,0.075173795,0.07572746,0.00055366755,0.089117184,0.08890613,-0.0002110526,0.010653225,0.01048589,-0.00016733445,1.4844952,1.506642,0.022146821,0.2196168,0.21292344,-0.006693363
21.199545,1.9999999,0.45607513,1.4844952,1.7926725,0.2196168,-0.13724966,1.0218194,0.23052627,2.3302562,-0.015490289,-0.042664893,-0.20570178,0.07419278,0.07375165,-0.00044112653,0.0903556,0.089870565,-0.0004850328,0.011595021,0.011089401,-0.0005056197,1.483216,1.4655709,-0.01764512,0.24418403,0.22395924,-0.020224795
21.249544,1.9999999,0.4341018,1.483216,1.8215514,0.24418403,1.1484274,0.8169022,0.23982224,2.328701,-0.007691809,-0.053586267,0.05838876,0.07335092,0.073671006,0.0003200844,0.09161707,0.091253944,-0.0003631264,0.011397753,0.012281648,0.000883895,1.4508207,1.463624,0.012803316,0.2117261,0.24708189,0.03535579
21.299545,1.9999999,0.4341018,1.4508207,1.8431314,0.2117261,-1.2010348,-1.2913465,0.2237327,2.3371344,0.01186615,-0.03682602,0.19587949,0.07206418,0.072185,0.000120818615,0.09256984,0.0922386,-0.00033124536,0.011038376,0.010841424,-0.00019695237,1.4317467,1.4365795,0.0048327446,0.22980894,0.22193083,-0.00787811
21.349545,1.9999999,0.39013335,1.4317467,1.8596622,0.22980894,0.17704143,-0.43819344,0.24383883,2.32108,-0.013314205,-0.033998318,-0.05270329,0.07080798,0.07116661,0.0003586337,0.09353227,0.09301691,-0.0005153641,0.010851137,0.011332439,0.00048130192,1.4005723,1.4149178,0.014345527,0.20423657,0.2234886,0.019252032
21.399546,1.9999999,0.35351115,1.4005723,1.8816288,0.20423657,0.3441401,0.7516531,0.21788749,2.3264601,-0.009399967,-0.042096347,-0.06457361,0.07007611,0.06954499,-0.00053111464,0.095215924,0.09419708,-0.0010188445,0.010052977,0.010141459,8.8482164e-05,1.4024721,1.3812276,-0.021244526,0.1978825,0.20142178,0.003539279
21.449545,1.9999999,0.35351115,1.4024721,1.9270082,0.1978825,-1.7620083,1.0911716,0.20202236,2.3374825,-0.0006068593,-0.04045568,-0.17362523,0.06921038,0.06962732,0.00041694194,0.09550985,0.09656127,0.0010514185,0.010454521,0.009829762,-0.0006247582,1.3659432,1.3826209,0.016677737,0.22029832,0.195308,-0.02499032
21.499544,1.9999999,0.33886227,1.3659432,1.8933859,0.22029832,-3.149892,0.16384217,0.23966502,2.3439445,-0.0030056369,-0.059458867,0.024675306,0.06783092,0.06791069,7.977337e-05,0.09508589,0.094910644,-0.0001752451,0.010873267,0.010971756,9.848829e-05,1.3472937,1.3504844,0.0031906366,0.2146324,0.2185719,0.0039394945
21.549545,1.9999999,0.2948938,1.3472937,1.9100497,0.2146324,-0.30200264,0.20184912,0.22131896,2.3421004,-0.006159637,-0.03798815,0.32527107,0.06722086,0.066983126,-0.00023773313,0.09631194,0.09580242,-0.00050952286,0.010084384,0.0104554985,0.00037111435,1.3415407,1.3320312,-0.009509444,0.18874297,0.2035875,0.014844537
21.599545,1.9999999,0.26559603,1.3415407,1.942428,0.18874297,-0.46296626,0.09211684,0.209048,2.3443916,-0.0046264213,-0.02693176,0.22616321,0.06628991,0.06668913,0.00039922446,0.097120084,0.097429916,0.0003098324,0.0094767995,0.0091970805,-0.000279719,1.3100559,1.3260247,0.0159688,0.19032902,0.17914024,-0.011188775
21.649546,1.9999999,0.25094715,1.3100559,1.9423755,0.19032902,-0.089437,1.0389037,0.21364897,2.3443446,-0.0021233642,-0.015371828,0.092663914,0.065440185,0.06502276,-0.00041742623,0.098162524,0.0975626,-0.00059992075,0.010230471,0.009036354,-0.0011941176,1.3075516,1.2908547,-0.01669693,0.21888985,0.17112514,-0.047764704
21.699545,1.9999999,0.23629826,1.3075516,1.9841254,0.21888985,-0.54954255,-0.8292723,0.19701064,2.348105,0.009602505,-0.01766537,0.05295968,0.06429371,0.06492212,0.0006284043,0.09897931,0.09942215,0.00044284016,0.010821947,0.0100714145,-0.0007505324,1.264197,1.2893331,0.025136113,0.21398804,0.18396673,-0.03002131
21.749544,1.9999999,0.20697871,1.264197,1.975047,0.21398804,-0.17174126,0.40491575,0.18950522,2.3421767,0.008077022,-0.010075861,-0.015473683,0.062491838,0.06272199,0.00023015216,0.09910815,0.09900162,-0.0001065284,0.0086860005,0.009529953,0.0008439524,1.2354765,1.2446829,0.009206414,0.13345198,0.16721007,0.03375809
21.799545,1.9999999,0.2216276,1.2354765,1.989279,0.13345198,0.39765257,-0.2682144,0.18308114,2.3411252,-0.0039254506,-0.019212738,0.18484177,0.061403427,0.061407458,4.030764e-06,0.09929379,0.09956058,0.0002667904,0.0065857056,0.0066012354,1.5529804e-05,1.2206606,1.2208219,0.00016129017,0.12997624,0.13059744,0.0006211996
21.849545,1.9999999,0.2436227,1.2206606,1.9824725,0.12997624,-0.3538341,1.1210897,0.12838556,2.3402317,-0.0024813232,0.008408317,-0.12029692,0.061186265,0.060648512,-0.0005377531,0.1000636,0.09934876,-0.0007148385,0.007662551,0.0063455985,-0.0013169525,1.2267901,1.2052801,-0.021510005,0.17652582,0.123847686,-0.05267813
21.899546,1.9999999,0.2436227,1.2267901,2.0200715,0.17652582,0.68814826,-0.25116256,0.17123356,2.3384655,2.6803154e-05,-0.031242428,-0.4312892,0.06055236,0.060900092,0.0003477335,0.10129922,0.10107588,-0.0002233386,0.008359064,0.0084689185,0.000109854154,1.1953043,1.2092136,0.01390934,0.15783675,0.16223091,0.0043941587
21.949545,1.9999999,0.2436227,1.1953043,2.0318973,0.15783675,-1.0776467,-0.27460036,0.16296981,2.3516352,0.009063717,-0.034720603,-0.029019253,0.05918676,0.059362005,0.0001752451,0.10145403,0.10164007,0.000186041,0.0074344715,0.0074233296,-1.1141878e-05,1.1721661,1.179176,0.007009864,0.1395421,0.13909644,-0.00044566393
21.999544,1.9999999,0.22895204,1.1721661,2.0262637,0.1395421,-0.9745374,-0.386389,0.15744874,2.3460457,-0.0058605317,-0.034144353,0.19563901,0.058537263,0.058301043,-0.00023622066,0.101535656,0.101447456,-8.819997e-05,0.0071040946,0.0067363754,-0.0003677192,1.1693245,1.1598755,-0.009449005,0.14462167,0.12991291,-0.014708757
22.049545,1.9999999,0.22895204,1.1693245,2.0351627,0.14462167,-0.4293607,0.3130745,0.15730254,2.3479989,-0.005220974,-0.015156702,0.20153163,0.058235392,0.05813842,-9.697303e-05,0.102316774,0.10193982,-0.00037695467,0.0074079237,0.006924932,-0.0004829918,1.1600912,1.1562124,-0.0038787127,0.15169527,0.13237558,-0.019319683
22.099545,1.9999999,0.2216276,1.1600912,2.0575085,0.15169527,-0.8444589,0.3251094,0.16740529,2.3437266,0.0004436677,-0.013991191,0.16849671,0.057513166,0.057654228,0.00014106184,0.10274799,0.103110075,0.00036208332,0.007281106,0.007221833,-5.9273094e-05,1.1404355,1.1460778,0.005642295,0.13954897,0.13717806,-0.0023709089
22.149546,1.9999999,0.2216276,1.1404355,2.0524113,0.13954897,-0.6670154,0.3311548,0.14150113,2.348036,0.005471637,0.0016929694,0.15287179,0.056895174,0.05668805,-0.00020712242,0.102869354,0.1028676,-1.7508864e-06,0.0067169294,0.006624818,-9.211153e-05,1.1353716,1.1270866,-0.008284926,0.1291282,0.12544373,-0.003684476
22.199545,1.9999999,0.2216276,1.1353716,2.062363,0.1291282,-0.3000404,-0.1558014,0.13031371,2.345119,0.007610184,0.0012959881,-0.12145847,0.056578502,0.056421746,-0.00015675649,0.10340281,0.10329374,-0.00010906905,0.0067313546,0.0061986106,-0.000532744,1.1277684,1.1214981,-0.0062702894,0.14012598,0.118816204,-0.02130977
22.249544,1.9999999,0.2216276,1.1277684,2.0737493,0.14012598,-0.3812128,-0.2022546,0.13754033,2.3299236,-0.014536998,-0.010452878,-0.20588027,0.05588214,0.056004155,0.00012201443,0.10407508,0.10382136,-0.00025372207,0.006114772,0.0066850455,0.0005702735,1.1075171,1.1123978,0.0048806667,0.1044649,0.12727582,0.022810921
22.299545,1.9999999,0.2216276,1.1075171,2.089254,0.1044649,-0.3695308,0.32167444,0.12389151,2.3364384,-0.013748605,-0.019292038,-0.080499694,0.055308327,0.05499443,-0.0003138967,0.10502791,0.10462312,-0.00040479004,0.0044782334,0.0051440657,0.0006658323,1.1048158,1.09226,-0.012555838,0.07466444,0.101297714,0.026633278
22.349545,1.9999999,0.2216276,1.1048158,2.1118624,0.07466444,-0.21645302,0.7039041,0.10150421,2.3458033,-0.011954261,-0.018502848,-0.14179182,0.054987002,0.054896086,-9.091571e-05,0.10538219,0.10576975,0.0003875643,0.0030267078,0.0040062177,0.0009795099,1.0946642,1.0910277,-0.0036364794,0.046403877,0.08558427,0.03918039
22.399546,1.9999999,0.19965427,1.0946642,2.103425,0.046403877,0.4086997,0.6285807,0.03339279,2.3555825,0.005179584,-0.03347122,0.10447894,0.05498763,0.054474454,-0.00051317737,0.105790876,0.105346195,-0.00044468045,0.0016988834,0.0027479103,0.001049027,1.104841,1.0843139,-0.020527124,0.02155146,0.063512534,0.041961074
22.449545,1.9999999,0.17768094,1.104841,2.12821,0.02155146,-0.080863334,0.33455658,0.021467319,2.3734894,0.013008386,-0.008054954,0.2681622,0.0550127,0.05516357,0.00015087053,0.10618916,0.10665246,0.00046329945,0.0005495169,0.0017552589,0.001205742,1.095667,1.1017017,0.006034732,0.00042921427,0.048658893,0.04822968
22.499544,1.9999999,0.0,1.095667,2.1193564,0.00042921427,-1.5216619,-0.05881405,0.026286157,2.369623,-0.00077465543,-0.006654999,0.05156153,0.054640424,0.054824103,0.00018367916,0.10589577,0.10625352,0.00035774708,0.0007303688,0.0006810561,-4.9312657e-05,1.0899498,1.0972971,0.007347226,0.028785536,0.02681303,-0.0019725058
22.549545,1.9999999,0.0,1.0899498,2.1164746,0.028785536,0.1605458,0.2368793,0.03990386,2.3735104,0.0012204981,-0.0028988004,-0.022388494,0.05444864,0.054428,-2.0641834e-05,0.1060863,0.105940334,-0.00014596432,0.0015565256,0.0015889239,3.2398268e-05,1.0879958,1.0871701,-0.00082564354,0.033475485,0.03477142,0.0012959354
22.599545,1.9999999,0.0,1.0879958,2.1269774,0.033475485,0.8208645,0.19252276,0.02284023,2.3736186,0.009933014,-0.008893848,-0.13921294,0.05440381,0.05430631,-9.750202e-05,0.106369264,0.10634153,-2.7731061e-05,0.00050756085,0.0015467746,0.0010392137,1.0881566,1.0842564,-0.0039001703,-0.013173052,0.0283955,0.04156855
22.649546,1.9999999,0.0,1.0881566,2.127793,-0.013173052,0.49363816,-0.5203661,-0.0045933854,2.3797688,0.022723434,-0.016820095,0.008233588,0.05411411,0.05442163,0.000307519,0.10586584,0.10641594,0.0005500987,-0.00014911985,-0.0005215956,-0.00037247574,1.0764078,1.0887088,0.012300968,0.0072082584,-0.0076907687,-0.014899027
22.799545,1.9999999,0.03847294,1.0761005,2.1174424,0.032990843,0.503998,0.101355255,0.034761183,2.371134,0.015980728,-0.04059649,-0.1206857,0.05384909,0.05377383,-7.5258315e-05,0.10621545,0.105900906,-0.00031454116,0.0020215367,0.0017093308,-0.00031220587,1.0778631,1.0748528,-0.003010273,0.04787062,0.03538239,-0.012488231
22.849545,1.9999999,0.10441472,1.0778631,2.1311755,0.04787062,-0.5463042,0.28655913,0.038548328,2.3639653,0.01534389,-0.02954616,0.14464578,0.053885072,0.05384698,-3.8091093e-05,0.106845714,0.10662414,-0.00022157282,0.0022710126,0.0023934322,0.00012241956,1.0775398,1.0760163,-0.0015234947,0.042969882,0.047866665,0.0048967823
22.899546,1.9999999,0.14838317,1.0775398,2.142653,0.042969882,-1.2567898,0.3048315,0.06283244,2.3713167,0.0032655548,-0.026131911,0.22971517,0.053911734,0.053807706,-0.00010402873,0.10746618,0.10737307,-9.3109906e-05,0.002776233,0.0024898315,-0.00028640148,1.0789297,1.0747685,-0.0041611195,0.06807944,0.056623377,-0.011456065
22.949545,1.9999999,0.22895204,1.0789297,2.1559944,0.06807944,0.88521475,0.13615096,0.07331985,2.3834813,0.0022499359,-0.006574644,0.45001498,0.054225422,0.053893384,-0.00033203885,0.109388255,0.10812583,-0.0012624264,0.003550998,0.0038069875,0.0002559896,1.0900872,1.0768056,-0.013281584,0.073960476,0.08420006,0.010239586
22.999544,1.9999999,0.28756937,1.0900872,2.219536,0.073960476,-0.03155687,0.32024565,0.06459903,2.4224494,0.006498676,0.018869588,-0.0542171,0.054635115,0.05444135,-0.00019376352,0.11145134,0.11120619,-0.0002451539,0.003865681,0.0043616593,0.0004959784,1.0953174,1.0875669,-0.007750511,0.080666766,0.10050589,0.019839123
23.049545,1.9999999,0.28756937,1.0953174,2.2385178,0.080666766,-0.539524,-0.15169646,0.10216923,2.454735,0.0028056628,-0.011996354,-0.24351631,0.053987194,0.05465431,0.00066711754,0.11126071,0.112110175,0.00084946305,0.0054124026,0.0049087526,-0.00050364994,1.0641705,1.090855,0.026684523,0.13582934,0.115683325,-0.02014602
23.099545,1.9999999,0.17768094,1.0641705,2.2119107,0.13582934,-1.3620856,-0.44652072,0.13619722,2.4638035,-0.0030446236,-0.005482043,0.0006742571,0.05308839,0.052940845,-0.00014754385,0.11080304,0.110724084,-7.89538e-05,0.0071955407,0.0063901306,-0.0008054101,1.059365,1.0534636,-0.005901456,0.15199229,0.11977588,-0.032216415
23.149546,1.9999999,0.19232982,1.059365,2.2202108,0.15199229,-0.99446607,-0.84839886,0.12330073,2.4491794,-0.006048346,-0.011928928,-0.14268672,0.05202793,0.052700855,0.00067292526,0.110515386,0.111030474,0.00051508844,0.007156943,0.0069244937,-0.00023244927,1.0217521,1.0486689,0.026916742,0.13428544,0.12498746,-0.009297974
23.199545,1.9999999,0.23629826,1.0217521,2.2004046,0.13428544,0.15871157,-1.1608096,0.094476104,2.4337044,-0.007648721,-0.019750716,-0.24341576,0.05102595,0.05089451,-0.00013143942,0.11037424,0.1098753,-0.00049894303,0.0071813455,0.0064882725,-0.00069307303,1.0192859,1.0140282,-0.0052577257,0.15296839,0.12524545,-0.02772294
23.249544,1.9999999,0.23629826,1.0192859,2.214565,0.15296839,1.0025538,0.028753022,0.14915876,2.4147043,-0.0031365626,-0.036270503,-0.121724814,0.050334044,0.050637808,0.0003037639,0.10997198,0.11062068,0.0006486997,0.0066685025,0.0072070705,0.000538568,0.9940759,1.0062263,0.012150407,0.1137717,0.1353144,0.021542706
23.299545,1.9999999,0.23629826,0.9940759,2.184314,0.1137717,-0.39462787,-0.10655205,0.121259645,2.401537,0.00015294726,-0.031923197,0.34884247,0.04935014,0.04941384,6.3702464e-05,0.1092126,0.10930655,9.395182e-05,0.0059819366,0.0055221827,-0.0004597539,0.9799297,0.98247784,0.0025481582,0.12550576,0.10711562,-0.018390141
23.349545,1.9999999,0.2436227,0.9799297,2.1841898,0.12550576,-0.27128866,-0.55921876,0.11689029,2.3817816,0.013207042,-0.001386258,0.14155486,0.048628546,0.048687704,5.915761e-05,0.10924568,0.10927632,3.0636787e-05,0.0057746083,0.0061120177,0.00033740932,0.9652121,0.96757823,0.0023661256,0.10547857,0.11897493,0.013496362
23.399546,1.9999999,0.2436227,0.9652121,2.1856375,0.10547857,-0.8607732,-0.07546751,0.10488053,2.3831012,0.0022406252,-0.01776771,-0.23705927,0.047944717,0.047915097,-2.9619783e-05,0.10909412,0.10937412,0.00028000027,0.005322645,0.0055209585,0.0001983135,0.9525766,0.9513917,-0.0011848807,0.10742723,0.11535976,0.007932529
23.449545,1.9999999,0.25094715,0.9525766,2.1781273,0.10742723,1.2182986,-0.2517398,0.14197637,2.3631341,-0.0033076068,-0.025092185,0.035393104,0.047148198,0.047272775,0.00012457743,0.10901506,0.1090096,-5.4612756e-06,0.0054819477,0.005642202,0.00016025454,0.9333513,0.9383344,0.004983127,0.11185068,0.11826085,0.006410174
23.499544,1.9999999,0.2582716,0.9333513,2.1824753,0.11185068,1.0705605,-0.9888864,0.102550805,2.360844,0.0058135805,-0.014228401,0.16551651,0.046339165,0.04638002,4.085526e-05,0.10958454,0.109212935,-0.00037160516,0.0059441617,0.005709156,-0.00023500575,0.9202154,0.9218493,0.0016338825,0.12591578,0.11651555,-0.009400234
23.549545,1.9999999,0.2582716,0.9202154,2.2009063,0.12591578,-0.19313258,-0.91261035,0.114761084,2.3556228,0.008171261,-0.008540534,0.17148279,0.045471694,0.045736454,0.0002647601,0.10971004,0.11013295,0.00042290986,0.006346331,0.006185077,-0.00016125385,0.8986523,0.9092427,0.0105903745,0.12793747,0.1214873,-0.006450169
23.599545,1.9999999,0.2582716,0.8986523,2.1874955,0.12793747,-1.2472448,-0.6699655,0.13275021,2.3547225,0.0036981902,0.002919878,0.03078161,0.044703245,0.044616837,-8.640811e-05,0.10907608,0.10944599,0.00036990643,0.006321043,0.0063117356,-9.307172e-06,0.8894775,0.886021,-0.0034564734,0.12490426,0.12453195,-0.00037231296
23.649546,1.9999999,0.28756937,0.8894775,2.1755478,0.12490426,0.071932554,0.13966598,0.15231274,2.3462827,-0.003860588,-0.0054623736,-0.19348894,0.04413986,0.044096664,-4.319474e-05,0.108904004,0.10882963,-7.4371696e-05,0.0063116797,0.0064656967,0.000154017,0.8761168,0.8743889,-0.0017279387,0.12756293,0.1337236,0.0061606765
23.699545,1.9999999,0.33886227,0.8761168,2.1806123,0.12756293,-0.33396533,0.6283529,0.14789198,2.3329327,-0.008187714,-0.016429016,-0.17583866,0.043257296,0.04333207,7.477403e-05,0.10919485,0.10918118,-1.3671815e-05,0.00644446,0.006616372,0.00017191237,0.854175,0.85716593,0.002990961,0.13021547,0.13709193,0.0068764687
23.749544,1.9999999,0.3461867,0.854175,2.1871817,0.13021547,-0.7415819,-0.3128565,0.12344428,2.3453574,-0.01059156,-0.02304624,-0.10348395,0.042277727,0.042295907,1.8179417e-05,0.10940868,0.10951959,0.00011091679,0.007157795,0.006786976,-0.00037081912,0.8369341,0.8376612,0.00072711706,0.15609634,0.14126357,-0.014832765
23.799545,1.9999999,0.35351115,0.8369341,2.1891654,0.15609634,-1.3638738,-0.024593024,0.15236858,2.3335128,0.003620212,-0.02677741,0.0053537595,0.0413229,0.041401733,7.883087e-05,0.10968525,0.10962857,-5.6676567e-05,0.008008354,0.007673961,-0.00033439323,0.815982,0.8191351,0.0031531453,0.16423784,0.15086213,-0.013375714
23.849545,1.9999999,0.36816004,0.815982,2.1982446,0.16423784,-1.3132683,-0.9637616,0.16637939,2.338841,-0.0068609156,-0.022510864,0.15050064,0.040506817,0.04042283,-8.398667e-05,0.11004386,0.109983206,-6.0655177e-05,0.007275852,0.008144547,0.0008686953,0.8042907,0.8009313,-0.003359437,0.12679623,0.16154405,0.034747824
23.899546,1.9999999,0.2948938,0.8042907,2.20351,0.12679623,-0.2590575,0.15458752,0.11614045,2.3349314,-0.0054427697,-0.011727347,-0.04438546,0.03965061,0.039793536,0.00014292449,0.11105715,0.110317886,-0.0007392615,0.0062706484,0.0064200177,0.00014936924,0.78173375,0.78745073,0.0057169795,0.12402971,0.1300045,0.0059747845
23.949545,1.9999999,0.2729205,0.78173375,2.238776,0.12402971,-1.2346727,0.47238138,0.17808928,2.3346312,0.0004208689,-0.02694941,-0.12985732,0.03872847,0.03863864,-8.983165e-05,0.1119739,0.11215031,0.00017641485,0.005901367,0.0064040693,0.0005027023,0.76740515,0.76381177,-0.0035933852,0.11202496,0.13213304,0.020108074
23.999544,1.9999999,0.26559603,0.76740515,2.24018,0.11202496,-1.2744309,0.5697527,0.16042466,2.3469663,0.026580937,-0.02471308,0.07108806,0.0379635,0.037936997,-2.6501715e-05,0.11161755,0.11226665,0.00064910203,0.007238579,0.005801263,-0.0014373162,0.7511348,0.75007474,-0.0010600686,0.17751819,0.12002554,-0.05749265
24.049545,1.9999999,0.2948938,0.7511348,2.2245219,0.17751819,-1.2279241,-1.003343,0.12090217,2.3469243,0.021776015,-0.019840604,0.16527636,0.03690026,0.037159264,0.00025900453,0.11043412,0.11132135,0.00088723004,0.008876287,0.008339673,-0.0005366141,0.7248755,0.73523575,0.010360241,0.17753328,0.15606877,-0.021464512
24.099545,1.9999999,0.3095427,0.7248755,2.192843,0.17753328,-3.3064618,-1.5239706,0.1481168,2.3247628,0.0074824793,-0.0081854435,0.13285175,0.035883106,0.035918757,3.5651028e-05,0.11018043,0.109670416,-0.0005100146,0.00706609,0.008122106,0.001056016,0.7104488,0.7118748,0.0014259815,0.10511031,0.14735097,0.042240657
24.149546,1.9999999,0.30221826,0.7104488,2.2143743,0.10511031,-1.6484916,-0.016708864,0.1744719,2.3194842,-0.0045533283,-0.0065554287,-0.004705542,0.035387803,0.035308897,-7.8905374e-05,0.11150072,0.11097232,-0.0005283952,0.0049877265,0.005762776,0.00077504944,0.70506334,0.7019071,-0.0031562448,0.094398744,0.12540072,0.031001978
24.199545,1.9999999,0.3095427,0.70506334,2.2456543,0.094398744,-0.78404504,0.03873394,0.11624241,2.32717,-0.022185324,-0.008655998,-0.13366194,0.035146207,0.035050273,-9.5933676e-05,0.11293223,0.11264559,-0.00028663874,0.0056374394,0.0055977344,-3.9705075e-05,0.700785,0.69694746,-0.0038375258,0.13109884,0.12951063,-0.0015882105
24.249544,1.9999999,0.30221826,0.700785,2.2716346,0.13109884,-0.72942066,0.7403686,0.12506463,2.3314395,-0.04258499,-0.019921623,-0.4306202,0.03448989,0.034656722,0.0001668334,0.11338491,0.113849096,0.00046418607,0.007059634,0.0069107856,-0.00014884863,0.6788106,0.6854838,0.006673217,0.15128653,0.14533257,-0.0059539527
24.299545,1.9999999,0.30221826,0.6788106,2.2637618,0.15128653,-0.36292884,0.5027387,0.13633738,2.339831,-0.018884158,-0.05171802,-0.24328907,0.03373003,0.033494618,-0.00023541227,0.11371555,0.113315485,-0.00040006638,0.0078082304,0.00741971,-0.0003885203,0.67039067,0.6609741,-0.00941658,0.16104269,0.14550188,-0.015540808
24.349545,1.9999999,0.25094715,0.67039067,2.2848604,0.16104269,-0.23744167,0.3236198,0.14342858,2.3478053,-0.0053781765,-0.04425053,0.21464056,0.032853123,0.033076383,0.00022326037,0.113470845,0.114314936,0.0008440912,0.0065746447,0.0075792344,0.0010045897,0.6437343,0.65266454,0.008930266,0.101943105,0.1421267,0.04018359
24.399546,1.9999999,0.2436227,0.6437343,2.2539732,0.101943105,-0.07111099,-0.26664922,0.12141127,2.347411,0.005098596,-0.030253964,0.35229865,0.03186141,0.03188673,2.5320798e-05,0.11270288,0.11277554,7.266551e-05,0.0064883153,0.0052809627,-0.0012073526,0.6307221,0.6317349,0.0010128021,0.15758951,0.10929539,-0.04829412
24.449545,1.9999999,0.1190636,0.6307221,2.2541416,0.15758951,-1.1673344,-0.034089208,0.10038788,2.3368287,0.0074081616,-0.009020666,-0.24267898,0.031086497,0.031043625,-4.2872503e-05,0.11317601,0.112826705,-0.00034930557,0.0052774623,0.0068454496,0.0015679873,0.6127377,0.6110229,-0.0017148256,0.053508993,0.11622847,0.06271948
24.499544,1.9999999,0.22895204,0.6127377,2.2728987,0.053508993,-0.98950756,-0.30163053,0.086159274,2.340983,0.00089974364,-0.054521862,0.10259738,0.030537201,0.030398024,-0.00013917685,0.1136923,0.11374372,5.1423907e-05,0.0040182453,0.0032182995,-0.0007999458,0.6087503,0.60318327,-0.005567014,0.10722081,0.075222984,-0.03199783
24.549545,1.9999999,0.28024492,0.6087503,2.2747931,0.10722081,0.4345138,-1.004332,0.15496497,2.3368535,-0.009228929,0.0012390715,0.6142001,0.030069187,0.030225927,0.00015673973,0.113840744,0.11378896,-5.1781535e-05,0.0057266345,0.0055396045,-0.00018703006,0.59401715,0.6002867,0.006269574,0.121844575,0.11436335,-0.007481225
24.599545,1.9999999,0.2948938,0.59401715,2.2788365,0.121844575,1.1038316,0.7786104,0.11151122,2.3405933,-0.0150024695,0.006898152,-0.16014731,0.029500362,0.029338945,-0.00016141683,0.11421839,0.11404222,-0.00017616898,0.0063264663,0.0062359376,-9.0528745e-05,0.5859973,0.5795407,-0.006456554,0.13121408,0.12759292,-0.003621161
24.649546,1.9999999,0.28756937,0.5859973,2.289899,0.13121408,-0.028036539,-0.31335956,0.12280227,2.3328397,-0.004858181,-0.01477566,0.0057847896,0.028596526,0.0289268,0.00033027306,0.11420008,0.114621535,0.000421457,0.007085533,0.0065050656,-0.0005804673,0.5578638,0.57107466,0.013210893,0.15220724,0.12898853,-0.023218706
24.699545,1.9999999,0.25094715,0.5578638,2.2781038,0.15220724,0.27810198,-0.109200746,0.118916474,2.3356714,0.0048188823,0.007476631,-0.10206197,0.027635535,0.027472524,-0.00016301125,0.11409964,0.11393467,-0.0001649633,0.0072883167,0.0070520164,-0.00023630029,0.54755765,0.54103714,-0.0065205097,0.13932543,0.12987342,-0.009452
24.749544,1.9999999,0.2436227,0.54755765,2.2858815,0.13932543,-0.80709875,-0.44793037,0.123567656,2.3351686,0.0070608626,-0.024981856,-0.23746409,0.027125593,0.026934812,-0.00019078143,0.11376717,0.11430236,0.0005351901,0.006174669,0.0065549323,0.0003802632,0.5374661,0.5298348,-0.007631302,0.107661344,0.12287185,0.015210509
24.799545,1.9999999,0.2436227,0.5374661,2.2648053,0.107661344,-0.29816005,-0.23494579,0.1264471,2.3165905,0.0017077321,-0.016269777,0.06922362,0.026505249,0.026448978,-5.627051e-05,0.11356792,0.11328828,-0.0002796352,0.0056205583,0.0052439286,-0.00037662964,0.5227438,0.5204929,-0.0022509098,0.117160976,0.1020958,-0.015065178
24.849545,1.9999999,0.23629826,0.5227438,2.2779117,0.117160976,-0.10139121,0.048204064,0.12468406,2.323085,0.0031174892,-0.018059496,0.15235817,0.026005862,0.025718436,-0.00028742664,0.11546061,0.1140026,-0.0014580116,0.00555196,0.005709079,0.00015711924,0.5174907,0.50599366,-0.011497021,0.10491741,0.11120219,0.006284781
24.899546,1.9999999,0.21430315,0.5174907,2.340513,0.10491741,-0.02575738,0.35444653,0.1212353,2.3296897,0.006794546,-0.0010339596,-0.23493098,0.025717849,0.025413064,-0.00030478463,0.11783229,0.11707795,-0.0007543415,0.0041129705,0.0051684394,0.0010554688,0.5112233,0.49903187,-0.012191445,0.05960141,0.10182017,0.04221876
24.949545,1.9999999,0.19965427,0.5112233,2.372779,0.05960141,-1.1050421,-0.055356584,0.10483374,2.3344536,0.011866127,-0.041552592,-0.08233226,0.024903148,0.025190318,0.0002871696,0.116640136,0.11875778,0.0021176413,0.0032984586,0.0033745319,7.607322e-05,0.48490265,0.49638927,0.01148662,0.072336935,0.07537987,0.0030429363
24.999544,1.9999999,0.1703565,0.48490265,2.2928267,0.072336935,-1.2495486,-0.7310578,0.09859659,2.3282182,0.018187907,-0.009267186,0.12942724,0.023912461,0.023925623,1.3161451e-05,0.1145145,0.11474005,0.00022555143,0.0038843418,0.0036883638,-0.00019597798,0.47159582,0.4721222,0.0005263686,0.083036736,0.07519761,-0.007839128
25.049545,1.9999999,0.1703565,0.47159582,2.2877536,0.083036736,-0.38121736,-0.3309586,0.101489246,2.3122802,0.009091664,-0.028609868,-0.02570305,0.02348703,0.023240466,-0.00024656393,0.11457777,0.114454545,-0.00012322515,0.0028202708,0.004200432,0.0013801611,0.46788535,0.4580228,-0.009862542,0.029774098,0.084980525,0.055206425
25.099545,1.9999999,0.1703565,0.46788535,2.2953572,0.029774098,1.0656182,0.32492563,-0.010197749,2.3205888,-8.380839e-05,-0.011837491,0.35643795,0.023512283,0.023198245,-0.00031403825,0.11537613,0.1149069,-0.00046923012,0.0010951356,0.001821352,0.0007262165,0.47260597,0.46004444,-0.01256153,0.0140313255,0.04307998,0.029048655
25.149546,1.9999999,0.031148497,0.47260597,2.319688,0.0140313255,0.72186196,0.5282023,0.013804729,2.3418167,0.018441312,0.0070339264,0.110332355,0.023596974,0.02350108,-9.589456e-05,0.11707889,0.11605568,-0.0010232106,0.0029598179,0.0011360903,-0.0018237276,0.471273,0.46743715,-0.003835857,0.10436139,0.03141229,-0.072949104
25.199545,1.9999999,0.14838317,0.471273,2.363468,0.10436139,-0.73876876,0.6784612,0.08260968,2.3592384,0.007863979,-0.0008042553,-0.19125435,0.02349331,0.023292629,-0.00020068139,0.11878229,0.118198745,-0.0005835444,0.0049117864,0.0049667186,5.49322e-05,0.46845943,0.46043208,-0.008027345,0.09211006,0.09430736,0.0021973029
25.249544,1.9999999,0.14838317,0.46845943,2.3878238,0.09211006,-0.30279097,0.24212313,0.06757424,2.3865645,-0.0009894731,-0.012091508,0.01830375,0.023230517,0.023142781,-8.7736174e-05,0.1194413,0.11942871,-1.2591481e-05,0.002979508,0.0042252718,0.0012457639,0.4607613,0.4572518,-0.0035095215,0.027070252,0.0769008,0.04983055
25.299545,1.9999999,0.16303205,0.4607613,2.3898282,0.027070252,-0.51271176,-0.43183166,0.055682495,2.4140186,0.009491786,0.0010261197,0.03885199,0.023052296,0.022877887,-0.00017440878,0.120103866,0.119521834,-0.0005820319,0.0025258462,0.0017318454,-0.0007940008,0.46133053,0.45435408,-0.0069764555,0.0739636,0.042203564,-0.031760033
25.349545,1.9999999,0.15570761,0.46133053,2.4143267,0.0739636,-2.4893363,-0.47033337,0.11130782,2.4200761,0.014990831,-0.008206309,-0.27958557,0.022821622,0.022852128,3.0506402e-05,0.1204221,0.12069299,0.0002708882,0.00497474,0.0038186223,-0.0011561178,0.45153436,0.45275462,0.0012202561,0.125026,0.078781284,-0.046244718
25.399546,1.9999999,0.19232982,0.45153436,2.4025576,0.125026,-0.81421167,0.20643811,0.14516068,2.425274,0.007109932,-0.026932437,-0.008616176,0.021852804,0.02225412,0.0004013162,0.11953606,0.120089605,0.00055354834,0.0057153692,0.005900211,0.00018484192,0.4225778,0.43863046,0.016052663,0.10358877,0.110982426,0.007393658
25.449545,1.9999999,0.2582716,0.4225778,2.3788846,0.10358877,0.17519478,-0.68221945,0.10038383,2.4066796,0.0015828053,-0.009067927,0.06778093,0.02067575,0.020861167,0.00018541701,0.11804283,0.11888309,0.0008402616,0.00535472,0.0051449435,-0.00020977668,0.40445223,0.4118689,0.0074166656,0.11060005,0.10220897,-0.008391075
25.499544,1.9999999,0.3242134,0.40445223,2.3428288,0.11060005,-0.92316765,0.1288162,0.13448437,2.3954997,0.0040594228,-0.020154344,-0.30411422,0.01986885,0.019901795,3.2944605e-05,0.11755702,0.11709233,-0.0004646927,0.0063317376,0.0059048356,-0.00042690197,0.39030176,0.3916195,0.0013177395,0.14266947,0.12559336,-0.017076105
25.549545,1.9999999,0.3315378,0.39030176,2.359452,0.14266947,-0.88329345,-0.44258255,0.14420722,2.3851378,0.009785238,-0.03947935,-0.34323895,0.019035064,0.019131277,9.621307e-05,0.117481805,0.11789626,0.00041445345,0.0065476196,0.0072964444,0.0007488248,0.37110078,0.37494928,0.003848493,0.119235314,0.14918831,0.029952995
25.599545,1.9999999,0.3242134,0.37110078,2.33982,0.119235314,0.21677957,0.48508346,0.131487,2.3640897,-0.009255128,-0.054478236,0.34765154,0.018375,0.018227218,-0.00014778227,0.11731208,0.11704009,-0.0002719909,0.0066245273,0.0062348708,-0.00038965652,0.36389917,0.35798794,-0.005911231,0.14574577,0.1301595,-0.015586272
25.649546,1.9999999,0.2582716,0.36389917,2.3526633,0.14574577,0.39298087,-0.58700395,0.14957237,2.3553984,-0.0057007815,-0.004714195,0.3855197,0.017432088,0.017882897,0.00045080855,0.117578246,0.11765516,7.691234e-05,0.005383694,0.007086447,0.0017027529,0.33338436,0.35141665,0.018032283,0.06960199,0.13771209,0.0681101
25.699545,1.9999999,0.08244139,0.33338436,2.3504663,0.06960199,-1.2140987,-0.6014309,0.06757279,2.3405626,0.013146037,-0.015926266,0.005465365,0.016448157,0.01637116,-7.699616e-05,0.117262885,0.117610276,0.00034739077,0.0030520437,0.0033665195,0.00031447574,0.32454193,0.3214621,-0.0030798316,0.05247976,0.0650588,0.012579039
25.749544,1.9999999,0.13371249,0.32454193,2.3400488,0.05247976,-1.2439752,-0.05227684,0.057321023,2.3410416,0.015277871,-0.0041676583,0.030753098,0.016130758,0.015976077,-0.0001546815,0.11729666,0.11712147,-0.0001751855,0.003285313,0.002861641,-0.0004236719,0.32068843,0.31450123,-0.0061872005,0.07893276,0.061985888,-0.016946875
25.799545,1.9999999,0.13371249,0.32068843,2.3518174,0.07893276,0.21851984,1.0083406,0.07575601,2.3419645,0.017608538,-0.012850956,-0.13100237,0.015851708,0.015676767,-0.0001749415,0.11768229,0.117615536,-6.67572e-05,0.0047700624,0.0039410056,-0.00082905684,0.31337988,0.30638227,-0.006997615,0.11186973,0.078707464,-0.033162266
25.849545,1.9999999,0.13371249,0.31337988,2.3554742,0.11186973,0.2528197,0.04749506,0.11532009,2.3581266,0.01645027,-0.017267896,0.06915865,0.015379593,0.015303612,-7.598102e-05,0.11760144,0.11779914,0.00019770116,0.0055602705,0.0051882113,-0.00037205918,0.30180383,0.29876465,-0.0030391812,0.1105411,0.09565872,-0.014882378
25.999544,1.9999999,0.1190636,0.2753107,2.3612027,0.11360146,-0.6869983,-0.2668866,0.08395598,2.3575718,0.019268999,0.0039942297,-0.13814008,0.013433564,0.013403043,-3.0521303e-05,0.11756753,0.11800784,0.00044030696,0.0043587317,0.0049618087,0.000603077,0.26203188,0.26081103,-0.0012208521,0.060747813,0.08487088,0.024123069
26.049545,1.9999999,0.14838317,0.26203188,2.3414984,0.060747813,-0.82506335,-0.6800871,0.09582893,2.3490915,0.03255899,-0.013998765,-0.4549424,0.013056981,0.012762504,-0.00029447768,0.11717104,0.116918914,-0.00025212765,0.0032322172,0.0030549252,-0.00017729192,0.26024738,0.2484683,-0.011779085,0.06854088,0.061449196,-0.0070916824
26.099545,1.9999999,0.14838317,0.26024738,2.345343,0.06854088,-0.5212254,-0.24398893,0.10485909,2.3434422,0.017307818,-0.04150001,-0.11447583,0.012596262,0.012664971,6.8709254e-05,0.11733517,0.11717033,-0.0001648441,0.0044194823,0.0034340054,-0.0009854769,0.2436031,0.24635145,0.0027483553,0.108238414,0.06881933,-0.039419085
26.149546,1.9999999,0.17768094,0.2436031,2.3480637,0.108238414,0.36748207,1.1197653,0.07467951,2.3419716,0.008389934,-0.025446348,0.35470274,0.011849705,0.011845838,-3.8668513e-06,0.117331184,0.11736826,3.707409e-05,0.0061956863,0.00509296,-0.0011027264,0.23038511,0.23023048,-0.00015462935,0.13958904,0.09547997,-0.04410907
26.199545,1.9999999,0.20697871,0.23038511,2.3451836,0.13958904,-0.35283095,-0.069601096,0.1409974,2.3469064,0.010198589,-0.0060297376,0.28538355,0.011126737,0.011201433,7.4695796e-05,0.117111705,0.11737466,0.00026295334,0.0069309943,0.0065133967,-0.0004175976,0.2146844,0.21767224,0.0029878467,0.13765073,0.12094682,-0.016703911
26.249544,1.9999999,0.22895204,0.2146844,2.339285,0.13765073,-1.1881629,0.63250285,0.14263725,2.3393438,0.013620017,0.0030920077,-0.14318329,0.010296948,0.010339709,4.2760745e-05,0.11732453,0.11706585,-0.00025868416,0.0062009357,0.00646829,0.0002673543,0.19719355,0.19890393,0.0017103851,0.1103867,0.12108088,0.010694183
26.299545,1.9999999,0.22895204,0.19719355,2.3536966,0.1103867,-0.7835505,-0.43592674,0.09484244,2.3420203,0.0023994283,-0.020348066,-0.28461537,0.0095149595,0.009473216,-4.174374e-05,0.11733576,0.1176868,0.00035104156,0.0054035545,0.005443389,3.983453e-05,0.18340482,0.18173507,-0.0016697496,0.10575549,0.10734885,0.0015933588
26.349545,1.9999999,0.22895204,0.18340482,2.339734,0.10575549,-0.14540318,-1.2466068,0.12360175,2.3342156,0.020772772,-0.025369529,-0.05534825,0.0088059185,0.008819948,1.4029443e-05,0.11685377,0.116921484,6.771088e-05,0.005038662,0.005272766,0.00023410423,0.16883193,0.16939309,0.00056116283,0.09579098,0.10515516,0.00936418
26.399546,1.9999999,0.19232982,0.16883193,2.334417,0.09579098,-0.47967145,0.27962378,0.10214429,2.3329074,0.023381338,-0.02588289,-0.06256435,0.008167587,0.008034262,-0.00013332535,0.116825655,0.11668181,-0.00014384836,0.004750465,0.0046973987,-5.3066295e-05,0.15787156,0.15253854,-0.0053330213,0.09422761,0.092104964,-0.002122648
26.449545,1.9999999,0.14838317,0.15787156,2.3386092,0.09422761,1.4162564,0.4802886,0.08550135,2.3376653,0.020727428,-0.031625964,0.10987471,0.007690974,0.0075129806,-0.00017799344,0.11736355,0.11687776,-0.00048579276,0.0047512716,0.0045782677,-0.00017300388,0.14976741,0.14264767,-0.007119745,0.09582325,0.08890311,-0.006920144
26.499544,1.9999999,0.2729205,0.14976741,2.3559327,0.09582325,0.9479563,0.10026039,0.10591962,2.349034,0.015766244,-0.0148954205,0.20017861,0.006868387,0.0071833166,0.00031492952,0.117880605,0.11782658,-5.402416e-05,0.0053367806,0.0050135464,-0.00032323413,0.12496809,0.1375652,0.012597106,0.11764797,0.104718596,-0.0129293725
26.549545,1.9999999,0.28756937,0.12496809,2.3592913,0.11764797,1.2419522,1.2393736,0.12258433,2.3266127,0.0066260793,-0.011608102,-0.00889178,0.0060714977,0.005888726,-0.00018277159,0.1177421,0.11799884,0.00025673956,0.005240516,0.006020597,0.0007800814,0.11789182,0.11058087,-0.0073109493,0.09197266,0.123175904,0.031203248
26.599545,1.9999999,0.3242134,0.11789182,2.3503926,0.09197266,1.0666019,1.2549654,0.10946686,2.3380566,0.005618651,-0.015784599,0.1282871,0.005584964,0.0056591765,7.421244e-05,0.11715322,0.11765438,0.0005011633,0.0054626004,0.0051915417,-0.00027105864,0.105506755,0.1084752,0.0029684454,0.12653136,0.115688995,-0.010842368
26.649546,1.9999999,0.23629826,0.105506755,2.3357363,0.12653136,0.5877458,0.7951177,0.09386518,2.340788,0.009874991,0.0012206082,0.087016515,0.004923197,0.0049642175,4.102057e-05,0.11720006,0.11691939,-0.00028067082,0.006799892,0.0062366286,-0.0005632634,0.09142112,0.093061864,0.0016407445,0.14546432,0.12293378,-0.022530533
26.699545,1.9999999,0.2216276,0.09142112,2.3522663,0.14546432,-1.212014,-0.63545537,0.13675976,2.332577,0.012918361,-0.0070829466,0.034144692,0.004418188,0.0042382246,-0.00017996319,0.117742114,0.11773863,-3.4868717e-06,0.00712846,0.0066988915,-0.00042956835,0.0853064,0.07810791,-0.00719849,0.13967408,0.12249136,-0.017182723
26.749544,1.9999999,0.28024492,0.0853064,2.3574183,0.13967408,0.45014346,0.42643747,0.13351896,2.3158422,0.012109092,0.0046350774,-0.08629037,0.0034419522,0.0038785264,0.00043657422,0.117643714,0.11789606,0.0002523437,0.0065765753,0.006541297,-3.52785e-05,0.052371692,0.06983466,0.017462965,0.12338893,0.121977784,-0.0014111474
26.799545,1.9999999,0.28756937,0.052371692,2.3483305,0.12338893,0.19229992,0.211918,0.11758498,2.329804,0.007136608,-0.015711984,-0.21160068,0.002336668,0.0022180788,-0.00011858926,0.11738408,0.11737608,-8.001924e-06,0.0063964836,0.00605574,-0.00034074346,0.041095033,0.03635147,-0.004743565,0.13247041,0.118840665,-0.013629749
26.849545,1.9999999,0.3242134,0.041095033,2.3470328,0.13247041,-0.36277643,-0.40279973,0.14168146,2.3317356,0.010493072,-0.016524991,0.08134228,0.001967656,0.0016696654,-0.0002979905,0.1173531,0.11735429,1.1920929e-06,0.0070872987,0.006584052,-0.0005032467,0.037611205,0.025691602,-0.011919603,0.15102153,0.13089168,-0.020129845
26.899546,1.9999999,0.3095427,0.037611205,2.347091,0.15102153,0.832369,0.5243165,0.13525443,2.330729,0.011928772,-0.0075777555,-0.23628081,0.0014868045,0.0014088827,-7.792178e-05,0.11707815,0.11730359,0.00022543967,0.006632216,0.007261749,0.0006295331,0.021860974,0.018744117,-0.0031168573,0.11426711,0.1394484,0.025181293
26.949545,1.9999999,0.26559603,0.021860974,2.3360348,0.11426711,1.0179373,0.37632042,0.13553275,2.326579,0.007582989,-0.04015307,-0.1809512,0.00046150773,0.00064042356,0.00017891583,0.116936356,0.11671182,-0.00022453815,0.0060757343,0.005815826,-0.00025990838,-0.003400664,0.0037559848,0.0071566487,0.12876226,0.11836592,-0.010396339
26.999544,1.9999999,0.26559603,-0.003400664,2.3414195,0.12876226,0.4110132,0.53859,0.119961776,2.3224993,0.005514149,-0.025672875,0.044259284,-0.00062546774,-0.0006105094,1.4958321e-05,0.117032714,0.11702537,-7.3462725e-06,0.0061514922,0.00633295,0.00018145796,-0.021618046,-0.021019693,0.0005983524,0.117297426,0.12455577,0.0072583407
27.049545,1.9999999,0.33886227,-0.021618046,2.339889,0.117297426,-1.1871583,-0.3468304,0.12904485,2.328684,0.015130851,-0.035727143,0.039768625,-0.001722223,-0.0013989146,0.0003233084,0.11712683,0.11699442,-0.00013241172,0.005409296,0.006208991,0.00079969503,-0.04727087,-0.034338515,0.012932356,0.09907443,0.13106221,0.03198778
27.099545,1.9999999,0.19965427,-0.04727087,2.3451843,0.09907443,-1.2858952,-0.51398814,0.13698691,2.3204477,0.009182334,-0.021696012,0.055827934,-0.0028227016,-0.0026729757,0.00014972594,0.11731258,0.11729944,-1.3142824e-05,0.0053082746,0.0051254802,-0.0001827944,-0.065637186,-0.059648134,0.0059890524,0.113256566,0.105944775,-0.007311791
27.149546,1.9999999,0.2582716,-0.065637186,2.347319,0.113256566,-0.5795691,-0.14418952,0.13533708,2.3177917,-0.0017800119,-0.03014435,0.029858278,-0.0033813878,-0.0036033846,-0.0002219968,0.11769986,0.1174129,-0.0002869591,0.0060424935,0.005862566,-0.00017992733,-0.06961832,-0.078498214,-0.0088798925,0.12844317,0.12124607,-0.007197097
27.199545,1.9999999,0.3242134,-0.06961832,2.3606758,0.12844317,-0.22475527,-0.6605294,0.11716235,2.3187988,0.005448681,-0.018710185,0.06601833,-0.0038312746,-0.0038408213,-9.546755e-06,0.11729047,0.11802453,0.000734061,0.006468592,0.0065043974,3.5805162e-05,-0.083632655,-0.084014505,-0.0003818497,0.13030052,0.13173273,0.0014322102
27.249544,1.9999999,0.36083558,-0.083632655,2.330943,0.13030052,0.4986358,0.06351191,0.15146138,2.31815,-0.000896278,-0.023542518,-0.10834555,-0.004970414,-0.0045913346,0.0003790795,0.11650472,0.11653682,3.20971e-05,0.007119276,0.0068281502,-0.00029112585,-0.11518391,-0.10002073,0.015163183,0.15447052,0.14282551,-0.011645004
27.299545,1.9999999,0.49999997,-0.11518391,2.3292458,0.15447052,0.4991707,-0.1270329,0.15938325,2.3118832,0.007211064,-0.02954474,-0.12038392,-0.005969148,-0.0061764787,-0.00020733057,0.116748296,0.116429046,-0.00031924993,0.007905326,0.008265941,0.00036061555,-0.12358201,-0.13187526,-0.008293249,0.16174254,0.17616713,0.014424592
27.349545,1.9999999,0.49999997,-0.12358201,2.340686,0.16174254,-0.8162688,-0.13559948,0.1467598,2.3133779,0.009145291,-0.035580907,-0.037843093,-0.0067490567,-0.00661707,0.00013198657,0.11734732,0.11699951,-0.00034781545,0.009513936,0.008626944,-0.0008869916,-0.14638026,-0.1411008,0.0052794665,0.2188149,0.18333524,-0.03547965
27.399546,1.9999999,0.49999997,-0.14638026,2.3532069,0.2188149,-2.0360227,-0.8219596,0.20587952,2.3131921,0.004584201,-0.03332905,0.16945936,-0.0076660607,-0.0077949436,-0.00012888294,0.116818435,0.117565155,0.00074671954,0.010857321,0.010939067,8.174591e-05,-0.16026215,-0.1654175,-0.0051553547,0.21547794,0.21874778,0.0032698363
27.449545,1.9999999,0.44875067,-0.16026215,2.3195305,0.21547794,-0.79242873,0.2432464,0.21550058,2.314468,0.0073469747,-0.018634973,0.07515471,-0.008574859,-0.00857257,2.289191e-06,0.115885116,0.11597853,9.341538e-05,0.010628268,0.010517569,-0.000110698864,-0.18273222,-0.18264063,9.159744e-05,0.2096528,0.2052248,-0.0044279993
27.499544,1.9999999,0.47072402,-0.18273222,2.315874,0.2096528,0.8669888,0.13500123,0.22185332,2.3056989,0.0032112775,-0.025813578,-0.36069027,-0.009735944,-0.009740701,-4.7571957e-06,0.11567422,0.115662955,-1.1265278e-05,0.010090295,0.010570402,0.00048010703,-0.20670553,-0.2068958,-0.00019027293,0.19395901,0.21316329,0.019204274
27.549545,1.9999999,0.47804844,-0.20670553,2.3110948,0.19395901,0.33138734,0.18077384,0.16990377,2.318454,-0.00071280234,-0.054704,-0.14101012,-0.010855099,-0.010874832,-1.9732863e-05,0.11546294,0.115374945,-8.799136e-05,0.010920939,0.010179511,-0.00074142776,-0.22749846,-0.22828777,-0.0007893145,0.24287856,0.2132214,-0.029657155
27.599545,1.9999999,0.49269733,-0.22749846,2.3074229,0.24287856,-0.67141855,0.03963617,0.2725949,2.2959328,0.0234714,-0.03991459,-0.11827409,-0.012003937,-0.011940464,6.347243e-05,0.115504235,0.115160905,-0.0003433302,0.012442699,0.01208238,-0.00036031846,-0.25265902,-0.2501201,0.0025389194,0.2548294,0.24041665,-0.014412761
27.649546,1.9999999,0.47804844,-0.25265902,2.3127468,0.2548294,-0.2485766,0.28671366,0.20988095,2.3017294,0.014237508,-0.06653141,0.061313782,-0.013408813,-0.013195223,0.00021358952,0.11563709,0.11543627,-0.0002008155,0.011470418,0.01278207,0.0013116514,-0.2836935,-0.27514988,0.008543611,0.20398735,0.25645342,0.05246608
27.699545,1.9999999,0.44142625,-0.2836935,2.3127367,0.20398735,-0.76871043,-0.18270697,0.23724353,2.29968,0.013775391,-0.033783212,0.25228631,-0.014828177,-0.014674256,0.00015392154,0.11568493,0.11551704,-0.00016788393,0.011825708,0.010540271,-0.0012854366,-0.30943358,-0.30327672,0.006156862,0.26904097,0.21762347,-0.0514175
27.749544,1.9999999,0.41212848,-0.30943358,2.3146603,0.26904097,0.24207713,-0.079437226,0.23397692,2.3074458,0.0121515915,-0.041302778,0.014246601,-0.01609903,-0.016065666,3.33637e-05,0.11565522,0.11569365,3.8430095e-05,0.012710842,0.012996954,0.0002861116,-0.33452758,-0.33319303,0.001334548,0.23939273,0.2508372,0.011444479
27.799545,1.9999999,0.40478224,-0.33452758,2.3115485,0.23939273,-1.1719035,0.21392581,0.23627059,2.302574,0.021944277,-0.032358553,-0.1986103,-0.01766249,-0.017336667,0.0003258232,0.11590041,0.11546221,-0.0004382059,0.011597567,0.011560208,-3.7359074e-05,-0.371972,-0.35893905,0.013032943,0.22450995,0.22301558,-0.0014943779
27.849545,1.9999999,0.33886227,-0.371972,2.324468,0.22450995,-1.3308662,-0.34346837,0.198664,2.315655,0.015826194,-0.06116381,-0.1440094,-0.018825894,-0.019169305,-0.0003434103,0.115533784,0.115967534,0.00043375045,0.010942015,0.011117445,0.00017543044,-0.3810638,-0.39480013,-0.013736337,0.21317065,0.22018784,0.007017195
27.899546,1.9999999,0.3315378,-0.3810638,2.2968836,0.21317065,-1.027123,-0.028008062,0.2331422,2.3064535,0.011540889,-0.04675949,0.4558555,-0.020093467,-0.01955059,0.00054287724,0.11514407,0.11472603,-0.00041803718,0.011247392,0.010536324,-0.0007110676,-0.42267486,-0.40095973,0.021715134,0.23672502,0.20828232,-0.028442696
27.949545,1.9999999,0.33886227,-0.42267486,2.3088791,0.23672502,0.4086315,-0.41204277,0.21070315,2.3103113,0.011433324,-0.015578258,0.29345745,-0.021501096,-0.021685002,-0.0001839064,0.114989705,0.11544601,0.00045630336,0.011114162,0.011108644,-5.5180863e-06,-0.437369,-0.44472525,-0.0073562562,0.20784149,0.20762077,-0.000220716
27.999544,1.9999999,0.35351115,-0.437369,2.290709,0.20784149,-0.6543793,-0.6363811,0.17826489,2.3056085,0.018449698,-0.017413748,-0.25840414,-0.022349462,-0.02244802,-9.855814e-05,0.11468119,0.11434957,-0.00033162534,0.0095521435,0.009782488,0.00023034494,-0.4566095,-0.4605518,-0.003942311,0.17424424,0.18345805,0.009213805
28.049545,1.9999999,0.36083558,-0.4566095,2.2965386,0.17424424,-1.6880314,0.8485717,0.22999065,2.304945,0.009376607,-0.04141867,-0.2602615,-0.023760913,-0.023377497,0.0003834162,0.11457492,0.114659764,8.484721e-05,0.009689854,0.008826143,-0.00086371135,-0.49382704,-0.47849035,0.015336692,0.21334995,0.17880148,-0.034548476
28.099545,1.9999999,0.36083558,-0.49382704,2.2864583,0.21334995,-1.1410965,0.96642387,0.19514716,2.3103657,0.010937501,-0.0434399,0.08007339,-0.025158593,-0.025242973,-8.437969e-05,0.114696905,0.11431012,-0.000386782,0.009692461,0.010483597,0.0007911362,-0.5125167,-0.5158919,-0.0033752322,0.17434849,0.20599395,0.031645462
28.149546,1.9999999,0.28756937,-0.5125167,2.3014178,0.17434849,0.025180979,-0.35708335,0.18841754,2.3187137,0.012341739,-0.03341133,0.05777494,-0.026252631,-0.026105339,0.00014729239,0.114459336,0.11495668,0.00049734116,0.009284564,0.00876367,-0.0005208943,-0.53758854,-0.5316968,0.0058917403,0.19703408,0.17619827,-0.020835802
28.199545,1.9999999,0.3095427,-0.53758854,2.2769554,0.19703408,0.5259857,0.49837705,0.1804358,2.3155866,0.020803176,-0.037662406,0.013047697,-0.027634542,-0.027425895,0.00020864792,0.11354535,0.113802254,0.00025690347,0.00922272,0.00948166,0.00025894027,-0.5677932,-0.5594472,0.008345962,0.17187473,0.1822323,0.010357574
28.249544,1.9999999,0.3095427,-0.5677932,2.2648587,0.17187473,-0.066286564,-0.100721925,0.17068674,2.3169055,0.021891266,-0.032106563,-0.27911618,-0.028610291,-0.028896356,-0.00028606504,0.11292228,0.112981334,5.90533e-05,0.008393467,0.008425471,3.200397e-05,-0.5766185,-0.5880611,-0.011442602,0.16386396,0.16514412,0.0012801588
28.299545,1.9999999,0.3095427,-0.5766185,2.2520325,0.16386396,-0.64577085,0.56155884,0.15508983,2.3160028,0.020616079,-0.06557403,0.40236157,-0.029204378,-0.029216368,-1.1989847e-05,0.11321659,0.1124619,-0.0007546842,0.008063488,0.008351903,0.0002884157,-0.59155667,-0.59203625,-0.00047957897,0.15867554,0.17021218,0.011536643
28.349545,1.9999999,0.30221826,-0.59155667,2.2766309,0.15867554,0.08376996,0.38050923,0.16716504,2.3123555,0.0076550744,0.008129594,0.44291937,-0.030487122,-0.029945388,0.0005417336,0.113481335,0.113970295,0.00048895925,0.007865781,0.0077722506,-9.35304e-05,-0.6279282,-0.60625887,0.021669328,0.1559557,0.15221447,-0.0037412345
28.399546,1.9999999,0.2948938,-0.6279282,2.2626226,0.1559557,-0.04061087,0.868241,0.1515267,2.3092122,0.01209319,-0.021282086,-0.43719634,-0.03156387,-0.031875845,-0.00031197444,0.11311574,0.11321849,0.00010274351,0.0074573155,0.0075690225,0.00011170702,-0.63462657,-0.64710563,-0.012479067,0.1423369,0.1468052,0.004468292
28.449545,1.9999999,0.28756937,-0.63462657,2.2620072,0.1423369,0.36018375,0.020713361,0.12796299,2.3117952,0.01730203,-0.03559004,-0.0901093,-0.032156456,-0.03216808,-1.1622906e-05,0.112928405,0.112979464,5.105883e-05,0.007626673,0.0071513834,-0.00047528977,-0.65163165,-0.6520966,-0.00046497583,0.16273001,0.14371845,-0.019011557
28.499544,1.9999999,0.28756937,-0.65163165,2.255129,0.16273001,-2.1572704,-1.038927,0.1547567,2.3086314,0.035360545,-0.030293016,0.17998505,-0.032904755,-0.032990105,-8.5350126e-05,0.11263439,0.11261325,-2.1137297e-05,0.007862568,0.007744922,-0.000117646065,-0.66455865,-0.66797245,-0.0034137964,0.15177271,0.14706686,-0.0047058463
28.549545,1.9999999,0.2729205,-0.66455865,2.2502468,0.15177271,-1.6201158,-0.9395636,0.14901905,2.3041046,0.006121873,-0.017591536,0.15437938,-0.03360668,-0.03359698,9.696931e-06,0.1118684,0.11229279,0.00042439252,0.0076056537,0.007236194,-0.00036945986,-0.67970854,-0.6793206,0.00038796663,0.15245345,0.13767505,-0.014778405
28.599545,1.9999999,0.19232982,-0.67970854,2.224489,0.15245345,0.69781363,1.2449931,0.13559824,2.2985663,0.018524613,-0.0148550775,-0.10787303,-0.03434828,-0.034520347,-0.00017206743,0.111850016,0.11117951,-0.00067050755,0.007282734,0.006979429,-0.00030330475,-0.69422257,-0.70110536,-0.0068827868,0.13885589,0.1267237,-0.012132183
28.649546,1.9999999,0.14838317,-0.69422257,2.2495117,0.13885589,-1.0484058,0.66917455,0.13257317,2.3138514,0.018527443,-0.02837884,0.11136325,-0.035393987,-0.0352192,0.0001747869,0.112556905,0.112520695,-3.620982e-05,0.0065017347,0.006358889,-0.00014284579,-0.72153693,-0.7145454,0.0069915056,0.121213496,0.115499675,-0.0057138205
28.699545,1.9999999,0.053121824,-0.72153693,2.2527645,0.121213496,-0.80784315,-0.57300407,0.124227166,2.3099189,0.026782874,-0.0037187529,0.0567078,-0.03622925,-0.03649481,-0.00026556104,0.11271512,0.112640105,-7.5012445e-05,0.0060781664,0.0051819305,-0.0008962359,-0.727633,-0.7382554,-0.010622382,0.12191316,0.086063705,-0.035849452
28.749544,1.9999999,0.03847294,-0.727633,2.25584,0.12191316,-0.08044219,0.5821802,0.0130171515,2.3229403,0.032013357,-0.02270806,0.0068188002,-0.036633782,-0.036778253,-0.00014447048,0.113069504,0.112811856,-0.00025764853,0.0030099642,0.0049377056,0.0019277413,-0.7377183,-0.743497,-0.00577873,-0.0015145848,0.07559504,0.07710963
28.799545,1.9999999,0.067792505,-0.7377183,2.26694,-0.0015145848,-0.2733522,0.21541461,-0.009519363,2.3212004,0.026412746,-0.003036873,0.0043569026,-0.036624722,-0.037087042,-0.0004623197,0.11266753,0.11330112,0.0006335899,-0.00040024903,3.4523197e-05,0.00043477223,-0.7272706,-0.74576336,-0.018492758,-0.0144953765,0.0028955117,0.017390888
28.849545,1.9999999,0.067792505,-0.7272706,2.2397609,-0.0144953765,0.3250618,1.1245174,0.028441636,2.3412812,0.018294163,-0.022272369,-0.43442303,-0.03673474,-0.03643837,0.00029637292,0.11285961,0.11207812,-0.00078148395,0.00063931436,0.0003093755,-0.00032993886,-0.7421191,-0.73026407,0.011855006,0.04006795,0.026870396,-0.013197552
28.899546,1.9999999,0.07511695,-0.7421191,2.2746234,0.04006795,0.13343537,-0.8298673,0.07256572,2.3307388,0.029344385,-0.046479177,0.13041387,-0.037134413,-0.037232306,-9.789318e-05,0.113067,0.113735415,0.00066841394,0.0033866211,0.0023008245,-0.0010857966,-0.7432574,-0.747173,-0.003915608,0.0953969,0.051965028,-0.04343187
28.949545,1.9999999,0.097090274,-0.7432574,2.2480567,0.0953969,-0.46411148,0.65694636,0.08895585,2.3412306,0.041614555,-0.0092309825,0.26543948,-0.03774013,-0.03736182,0.00037831068,0.1133164,0.11237142,-0.0009449795,0.004540282,0.0043464466,-0.00019383524,-0.76634777,-0.75121534,0.015132427,0.08621437,0.078460954,-0.007753417
28.999544,1.9999999,0.14103693,-0.76634777,2.2845993,0.08621437,-1.2379293,-1.0772635,0.065149866,2.358752,0.023046196,-0.019935228,0.32533067,-0.03852488,-0.038426258,9.8623335e-05,0.11390905,0.11427555,0.0003665015,0.0036282311,0.0040465347,0.00041830353,-0.7746475,-0.7707024,0.0039450526,0.058914874,0.07564703,0.016732153
29.049545,1.9999999,0.2216276,-0.7746475,2.2717626,0.058914874,0.8767258,0.72772443,0.09652156,2.3571222,0.005308323,0.023302084,0.12898974,-0.03872231,-0.038882628,-0.00016031787,0.113426104,0.11362701,0.0002009049,0.0037926326,0.0034913954,-0.00030123722,-0.77424496,-0.78065765,-0.006412685,0.092790425,0.08074094,-0.012049481
29.099545,1.9999999,0.2729205,-0.77424496,2.2652814,0.092790425,0.47438088,0.7521852,0.12235732,2.3545687,0.01096617,-0.0070362547,-0.5471559,-0.03893044,-0.039030362,-9.992346e-05,0.11294391,0.11313907,0.00019516051,0.005532575,0.0051438115,-0.00038876338,-0.7829725,-0.7869694,-0.0039969087,0.12851256,0.11296202,-0.015550539
29.149546,1.9999999,0.31686714,-0.7829725,2.2524748,0.12851256,-1.8073373,0.37909162,0.12720683,2.3514736,0.019398758,-0.031413507,-0.31440413,-0.039566305,-0.03947999,8.6314976e-05,0.11216737,0.11253575,0.00036837906,0.00602871,0.006633255,0.00060454523,-0.7996797,-0.796227,0.0034527183,0.112635836,0.13681763,0.024181798
29.199545,1.9999999,0.35351115,-0.7996797,2.23422,0.112635836,1.0634266,-0.040534012,0.12133784,2.342783,0.021055005,-0.03847667,0.07118524,-0.040109847,-0.040313426,-0.00020357966,0.111098334,0.11155503,0.00045669824,0.006241528,0.0059589436,-0.00028258422,-0.8047142,-0.81285733,-0.008143127,0.13702527,0.1257219,-0.011303365
29.249544,1.9999999,0.36083558,-0.8047142,2.2097135,0.13702527,-0.34283322,-0.29566723,0.13532318,2.3376534,0.028894639,-0.024294984,0.21174285,-0.04065355,-0.04057501,7.8540295e-05,0.110165775,0.11037471,0.00020893663,0.007838557,0.0069649043,-0.0008736523,-0.82142776,-0.8182862,0.003141582,0.17651701,0.1415709,-0.034946114
29.299545,1.9999999,0.36083558,-0.82142776,2.1969175,0.17651701,0.5553641,1.3788079,0.14942794,2.3173344,0.023829391,-0.017302383,0.033809006,-0.04163232,-0.041550886,8.1434846e-05,0.11033245,0.10978698,-0.0005454719,0.00724338,0.0084962575,0.0012528775,-0.8438651,-0.8406077,0.0032573938,0.113218196,0.1633333,0.0501151
29.349545,1.9999999,0.3315378,-0.8438651,2.2163806,0.113218196,0.52525145,-0.40890884,0.13408299,2.3132887,0.0270997,-0.020914083,0.096639,-0.04207238,-0.042533726,-0.00046134368,0.10986489,0.11073625,0.0008713603,0.007421684,0.0061682346,-0.0012534494,-0.83903015,-0.8574839,-0.018453777,0.18364915,0.13351117,-0.05013798
29.399546,1.9999999,0.31686714,-0.83903015,2.178215,0.18364915,-1.4092014,-0.039384924,0.14116833,2.3002286,0.021598773,-0.0076384833,-0.1589689,-0.042717062,-0.042350072,0.00036698952,0.10854705,0.108858205,0.0003111586,0.0080532655,0.0086052045,0.000551939,-0.8696524,-0.8549727,0.01467967,0.13848145,0.16055903,0.022077575
29.449545,1.9999999,0.3315378,-0.8696524,2.163667,0.13848145,-0.88511074,-0.07478397,0.14934811,2.2910404,0.018198594,-0.03681097,-0.18585755,-0.04341978,-0.043867063,-0.00044728443,0.10785818,0.10797725,0.00011906773,0.0067405486,0.007057905,0.00031735655,-0.8671388,-0.8850301,-0.017891288,0.13114049,0.14383474,0.0126942545
29.499544,1.9999999,0.26559603,-0.8671388,2.1506605,0.13114049,-1.0677935,0.79499114,0.14401697,2.2890792,0.013815179,-0.026224239,0.15164974,-0.04415262,-0.043764524,0.00038809702,0.1075762,0.10745632,-0.00011987984,0.008026481,0.006583082,-0.0014433987,-0.898966,-0.8834421,0.0155239105,0.18991876,0.1321828,-0.05773595
29.549545,1.9999999,0.2582716,-0.898966,2.1523876,0.18991876,0.30049098,0.7172529,0.16205396,2.2864854,0.0119944755,-0.021645997,-0.13546376,-0.045582447,-0.04546502,0.0001174286,0.107809,0.1075926,-0.00021640211,0.008092823,0.008796692,0.00070386846,-0.9243319,-0.9196347,0.0046972036,0.13379419,0.16194892,0.02815473
29.599545,1.9999999,0.23629826,-0.9243319,2.1599724,0.13379419,-0.609211,0.19813605,0.13052405,2.29071,0.031804975,-0.039770614,-0.06757585,-0.046240788,-0.04667213,-0.0004313402,0.1078164,0.10779492,-2.1480024e-05,0.0070546777,0.0064760195,-0.0005786582,-0.9252996,-0.94255316,-0.017253578,0.14839292,0.12524658,-0.023146331
29.649546,1.9999999,0.2582716,-0.9252996,2.1526835,0.14839292,-1.769008,-0.14388989,0.12924695,2.2892425,0.04271831,-0.028403582,0.1248682,-0.04685484,-0.046676036,0.00017880276,0.10816472,0.10750741,-0.0006573126,0.006992002,0.007034268,4.2266212e-05,-0.948894,-0.9417419,0.00715214,0.13128717,0.13297781,0.001690641
29.699545,1.9999999,0.2729205,-0.948894,2.1739054,0.13128717,-1.7952462,-2.095761,0.12586418,2.3039262,0.033207342,-0.027283795,-0.14536,-0.04767488,-0.047776368,-0.00010148808,0.10785769,0.108343974,0.0004862845,0.0066657537,0.0064041778,-0.00026157591,-0.9581012,-0.9621605,-0.0040593147,0.13534299,0.12487993,-0.010463059
29.749544,1.9999999,0.30221826,-0.9581012,2.1404023,0.13534299,0.26385808,0.78029037,0.1297008,2.2892048,0.017499158,-0.04293958,0.2301081,-0.048067186,-0.04829337,-0.00022618473,0.10619687,0.10682117,0.00062429905,0.0062386915,0.0067720423,0.00053335074,-0.96458626,-0.9736335,-0.00904727,0.114204675,0.1355387,0.021334022
29.799545,1.9999999,0.2948938,-0.96458626,2.1074727,0.114204675,-0.370843,0.8981692,0.12812498,2.284089,0.019397708,-0.004272985,0.2755083,-0.048501156,-0.04860934,-0.00010818243,0.10574243,0.1053979,-0.00034452975,0.0062371837,0.005930908,-0.00030627567,-0.97545993,-0.97978723,-0.004327297,0.13528268,0.12303164,-0.012251042
29.849545,1.9999999,0.2729205,-0.97545993,2.1222246,0.13528268,-0.9445675,0.28918493,0.13648224,2.2805374,0.028140014,-0.015388751,-0.4177425,-0.049065247,-0.04920729,-0.0001420416,0.106115706,0.10605655,-5.915761e-05,0.0068397615,0.006614578,-0.00022518355,-0.98714995,-0.99283165,-0.0056816936,0.1383078,0.12930042,-0.009007379
29.899546,1.9999999,0.2582716,-0.98714995,2.1224039,0.1383078,-1.6774554,-0.12437281,0.1282006,2.2931664,0.03543053,-0.046047237,-0.0824703,-0.049695775,-0.04978239,-8.6616725e-05,0.10569046,0.105976775,0.00028631836,0.006361501,0.006805632,0.00044413097,-1.000681,-1.0041457,-0.0034646988,0.11615225,0.13391748,0.017765231
29.949545,1.9999999,0.20697871,-1.000681,2.1052144,0.11615225,-0.574572,-0.866037,0.10830837,2.2848024,0.0264766,-0.02363578,0.30402148,-0.050510436,-0.050377257,0.00013317913,0.10529243,0.105128944,-0.00016348809,0.005068179,0.0056250235,0.0005568443,-1.0197364,-1.0144092,0.0053272247,0.08657493,0.108848676,0.02227375
29.999544,1.9999999,0.12638804,-1.0197364,2.1064827,0.08657493,1.185422,0.63607794,0.07563714,2.2833233,0.02914524,-0.015645087,0.29271635,-0.051280536,-0.051327836,-4.730001e-05,0.1053573,0.10534346,-1.3835728e-05,0.004418956,0.004138805,-0.00028015114,-1.0314851,-1.0333772,-0.0018920898,0.09018331,0.078977264,-0.011206046
30.049545,1.9999999,0.12638804,-1.0314851,2.107809,0.09018331,-0.027043322,0.88857526,0.10119426,2.2839394,0.03810075,0.005635856,0.15253016,-0.05190578,-0.05190256,3.222376e-06,0.105403624,0.105464555,6.0930848e-05,0.004723609,0.0042537972,-0.00046981173,-1.0447463,-1.044617,0.00012922287,0.09876104,0.07996857,-0.018792465
30.099545,1.9999999,0.18500538,-1.0447463,2.1083357,0.09876104,-0.6544049,-0.08450298,0.11237308,2.2998173,0.039254677,-0.00039207045,0.09432077,-0.05246997,-0.05251343,-4.3462962e-05,0.10495804,0.10548399,0.00052594393,0.0057519176,0.0047267876,-0.00102513,-1.0540526,-1.055791,-0.0017384291,0.13131568,0.09031046,-0.041005217
30.149546,1.9999999,0.28756937,-1.0540526,2.089986,0.13131568,-1.6354604,-0.22794802,0.13125837,2.2916083,0.038232338,0.015067932,-0.20454565,-0.053141266,-0.053010445,0.00013082102,0.10432745,0.10446968,0.00014223158,0.0047357506,0.006173958,0.0014382075,-1.071598,-1.0663652,0.005232811,0.058114354,0.115642644,0.05752829
30.199545,1.9999999,0.1703565,-1.071598,2.0831118,0.058114354,-1.0037563,-0.15526888,0.09192417,2.2922122,0.03543886,-0.020846635,-0.15805268,-0.05400463,-0.05389548,0.00010914728,0.104295984,0.10401715,-0.00027883053,0.0038346327,0.0030907781,-0.00074385456,-1.088587,-1.0842211,0.004365921,0.095270954,0.06551677,-0.029754184
30.249544,1.9999999,0.26559603,-1.088587,2.0887277,0.095270954,-0.49647376,-0.15698083,0.1006089,2.2875085,0.03362034,-0.00073733646,0.06928132,-0.05457464,-0.054754626,-0.0001799874,0.10438293,0.104344785,-3.8146973e-05,0.0053904345,0.0048107468,-0.00057968777,-1.0943986,-1.101598,-0.0071994066,0.12034642,0.097158924,-0.023187496
30.299545,1.9999999,0.28756937,-1.0943986,2.0865898,0.12034642,-0.43360096,-0.4812862,0.120141506,2.2872536,0.029356563,-0.013918503,-0.24246433,-0.054742135,-0.055102017,-0.00035988167,0.10388163,0.10414702,0.00026538968,0.0057366444,0.0059729004,0.00023625605,-1.0952868,-1.109682,-0.014395118,0.10911934,0.11856958,0.009450242
30.349545,1.9999999,0.3315378,-1.0952868,2.0686753,0.10911934,-1.1993006,0.26124924,0.11501011,2.294974,0.036253978,-0.02498377,-0.06612751,-0.054545496,-0.05517323,-0.00062773377,0.10231514,0.103270985,0.00095584244,0.005935571,0.005612963,-0.00032260828,-1.086533,-1.1116422,-0.025109291,0.12830351,0.115399174,-0.012904339
30.399546,1.9999999,0.3315378,-1.086533,2.0239303,0.12830351,-3.276216,0.76839244,0.14650398,2.2902162,0.036000088,-0.020531254,0.033419758,-0.055040505,-0.054684725,0.00035578012,0.101806685,0.10118067,-0.0006260127,0.0062249936,0.006489114,0.0002641203,-1.1150873,-1.100856,0.014231324,0.12069623,0.13126104,0.010564804
30.449545,1.9999999,0.3315378,-1.1150873,2.0483372,0.12069623,-0.8003304,-0.083640136,0.12418507,2.304206,0.024680354,-0.021641793,0.010815123,-0.056293048,-0.056072038,0.0002210103,0.1022811,0.10238115,0.000100046396,0.0065862453,0.006340054,-0.0002461914,-1.1366346,-1.1277943,0.0088403225,0.14275357,0.13290593,-0.009847641
30.499544,1.9999999,0.3461867,-1.1366346,2.042907,0.14275357,0.40529552,-0.56820023,0.1430403,2.287744,0.021977399,-0.019449743,0.37574455,-0.057397753,-0.057142086,0.00025566667,0.102424614,0.1020381,-0.00038651377,0.0073673613,0.0073079853,-5.9376005e-05,-1.1592754,-1.1490488,0.010226607,0.15194088,0.14956585,-0.0023750365
30.549545,1.9999999,0.3095427,-1.1592754,2.0540776,0.15194088,1.0113217,0.21428493,0.13790339,2.2789912,0.02479731,0.015932662,0.17383057,-0.05787383,-0.058309305,-0.00043547526,0.10197539,0.102687836,0.00071244687,0.00668389,0.0072576487,0.00057375897,-1.1556778,-1.1730969,-0.0174191,0.11541471,0.13836506,0.022950351
30.599545,1.9999999,0.2729205,-1.1556778,2.024938,0.11541471,-2.113047,-0.38392034,0.12911947,2.275632,0.044570476,-0.002066686,-0.51408744,-0.05847755,-0.058154054,0.00032349676,0.101497196,0.10109868,-0.00039851665,0.0057002236,0.0055243555,-0.00017586816,-1.1834244,-1.1704843,0.012940049,0.11259424,0.10555951,-0.0070347264
30.649546,1.9999999,0.22895204,-1.1834244,2.0349498,0.11259424,-0.74821895,-0.820317,0.10861257,2.289428,0.033512544,-0.03547608,-0.036051016,-0.059179123,-0.059557106,-0.00037798285,0.101278655,0.10150703,0.0002283752,0.00593758,0.0056033074,-0.00033427263,-1.1837406,-1.1988599,-0.015119314,0.12490897,0.11153805,-0.013370916
30.699545,1.9999999,0.2582716,-1.1837406,2.0161963,0.12490897,-0.15804498,0.28823006,0.1281775,2.2821414,0.034671176,-0.0056717875,0.031466175,-0.059462715,-0.059614655,-0.00015193969,0.10033935,0.10063922,0.00029986352,0.0057544685,0.0060586035,0.00030413503,-1.194768,-1.2008455,-0.006077528,0.105269775,0.117435165,0.01216539
30.749544,1.9999999,0.21430315,-1.194768,1.9973778,0.105269775,-0.22555356,0.38554832,0.09277099,2.2749155,0.03722752,-0.032329466,-0.0799894,-0.060297534,-0.06020106,9.647384e-05,0.100178115,0.09970029,-0.00047782809,0.004510819,0.0051870756,0.0006762566,-1.2171334,-1.2132745,0.003858924,0.075162984,0.10221324,0.027050257
30.799545,1.9999999,0.0,-1.2171334,2.0097468,0.075162984,-1.421098,0.29906422,0.05735085,2.2765632,0.037321802,-0.013670728,0.23827085,-0.060873326,-0.061224617,-0.00035129115,0.10041349,0.10042912,1.5631318e-05,0.0035930418,0.003287375,-0.00030566682,-1.2177997,-1.2318512,-0.014051557,0.06855869,0.056332007,-0.012226686
30.849545,1.9999999,0.0,-1.2177997,2.0067925,0.06855869,-0.63549584,-0.0111563,0.0011002752,2.2796547,0.03537495,-0.00850238,0.3799454,-0.061038025,-0.061085384,-4.7359616e-05,0.100487664,0.10040623,-8.1434846e-05,0.0018967737,0.0027539514,0.00085717766,-1.2237214,-1.2256157,-0.0018943548,0.007312256,0.041599363,0.034287106
31.049545,1.9999999,0.009175171,-1.2338102,2.0075438,0.03932428,-0.4997849,0.23300706,0.03275273,2.2910125,0.054955456,-0.017204069,0.0026820344,-0.06158705,-0.061861217,-0.00027416646,0.1001071,0.10038936,0.0002822578,0.0012217447,0.0016917307,0.000469986,-1.2296718,-1.2406386,-0.010966778,0.009545505,0.028344948,0.018799443
31.099545,1.9999999,0.0018507296,-1.2296718,1.9967403,0.009545505,-0.7750213,0.5616722,0.0300573,2.2991989,0.046867978,0.01905814,0.32299078,-0.06187602,-0.0616274,0.00024862215,0.10042337,0.099871986,-0.00055138767,0.000344185,0.0005762538,0.00023206879,-1.245369,-1.2354242,0.009944797,0.0042218943,0.013504647,0.009282753
31.149546,1.9999999,0.0,-1.245369,2.0201945,0.0042218943,0.39851764,-0.30547515,0.008133524,2.2791693,0.06075021,0.015095008,-0.052505318,-0.062113687,-0.062367737,-0.0002540499,0.10074861,0.10091398,0.00016536564,0.00060656556,0.00020255428,-0.00040401128,-1.2391785,-1.2493404,-0.010161877,0.020040728,0.0038802736,-0.016160455
31.199545,1.9999999,0.0,-1.2391785,2.0097501,0.020040728,-1.5626652,-0.22539318,0.03745623,2.2952566,0.04962185,0.013807609,-0.22861746,-0.06186746,-0.062075432,-0.00020797178,0.10018795,0.10041958,0.0002316311,0.00076926005,0.0008684367,9.917666e-05,-1.2355199,-1.2438387,-0.008318782,0.010729673,0.01469674,0.0039670663
31.249544,1.9999999,0.0,-1.2355199,1.9977678,0.010729673,-1.5246979,-0.26564434,0.026149018,2.28414,0.043497458,-0.007766738,-0.23212942,-0.06203727,-0.06194207,9.519979e-05,0.1002342,0.099783495,-0.00045070797,0.00072187744,0.00041869638,-0.00030318106,-1.2459708,-1.242163,0.0038079023,0.018145423,0.0060181804,-0.012127243
31.299545,1.9999999,0.0,-1.2459708,2.0116003,0.018145423,-1.1450316,-0.26913354,0.034358595,2.2854946,0.045555238,-0.0094053345,-0.07136524,-0.06208352,-0.062446453,-0.00036293268,0.099999,0.10048658,0.00048757344,4.6770325e-05,0.0007476948,0.0007009245,-1.23737,-1.2518871,-0.014517069,-0.01627461,0.011762369,0.02803698
31.349545,1.9999999,0.0,-1.23737,1.9883597,-0.01627461,-0.46629772,0.32085997,0.02692232,2.2728367,0.0387108,-0.014903261,0.068927795,-0.061992545,-0.062011253,-1.8708408e-05,0.09959892,0.09933279,-0.00026613474,-0.00026805117,-0.0006025188,-0.00033446762,-1.2423319,-1.2430801,-0.0007482767,0.005552564,-0.007826138,-0.013378702
31.399546,1.9999999,0.0,-1.2423319,1.9955974,0.005552564,1.5560392,0.62768227,-0.008667643,2.275561,0.06916795,-0.0025125544,0.15533899,-0.0617713,-0.062206246,-0.00043494627,0.09919047,0.09974068,0.000550203,4.6590125e-05,0.00034712217,0.00030053203,-1.2285202,-1.2459178,-0.017397642,-0.003688959,0.008332323,0.012021283
31.449545,1.9999999,0.0,-1.2285202,1.9720216,-0.003688959,-0.88105464,0.24440011,0.025895534,2.2685874,0.06859378,0.0006306369,-0.04664696,-0.061643742,-0.06152327,0.00012047216,0.09881739,0.09858504,-0.0002323538,0.0010389792,5.130526e-05,-0.0009876739,-1.2372296,-1.2324108,0.004818797,0.045248125,0.005741168,-0.039506957
31.499544,1.9999999,0.0,-1.2372296,1.9806743,0.045248125,-0.030317772,-0.5755234,0.027285187,2.264139,0.05097293,-0.0071772505,0.17992026,-0.061737154,-0.06188617,-0.00014901534,0.09868255,0.09910052,0.00041797012,0.0017629932,0.0019551557,0.00019216258,-1.2322567,-1.2382171,-0.0059604645,0.0252716,0.0329581,0.0076865014
31.549545,1.9999999,0.0,-1.2322567,1.9666277,0.0252716,0.16370964,0.63815546,0.023295412,2.2514791,0.053103592,0.018622663,-0.014951558,-0.06182055,-0.06170721,0.00011334196,0.09852477,0.09831863,-0.00020614266,0.0012983616,0.0012467256,-5.1636016e-05,-1.2405654,-1.2360319,0.0045335293,0.026662864,0.02459742,-0.0020654444
31.599545,1.9999999,0.0,-1.2405654,1.9743631,0.026662864,1.0042893,0.7830853,0.02002958,2.2577674,0.05213274,-0.008672406,-0.18070696,-0.061944902,-0.062126126,-0.0001812242,0.098487295,0.098704316,0.00021702051,0.0015101105,0.0012213169,-0.00028879358,-1.2372307,-1.2444795,-0.0072488785,0.033741552,0.02218981,-0.0115517415
31.649546,1.9999999,0.0,-1.2372307,1.9651287,0.033741552,0.17845358,-0.31541148,0.03324371,2.2571795,0.05588918,0.0005519667,-0.24236,-0.062101685,-0.061943974,0.00015771016,0.09844285,0.09827525,-0.00016760081,0.00111561,0.0013703511,0.00025474105,-1.2468367,-1.2405281,0.0063085556,0.010882848,0.021072488,0.01018964
31.699545,1.9999999,0.0,-1.2468367,1.9725854,0.010882848,-1.102129,0.32276428,-0.0007808139,2.2540743,0.04656708,-0.032908406,-0.07352286,-0.062232558,-0.062447596,-0.00021503866,0.098399304,0.09860793,0.00020862371,0.0005664275,0.00036257526,-0.00020385222,-1.2424655,-1.2510673,-0.008601785,0.011774251,0.0036201626,-0.008154089
31.749544,1.9999999,0.0,-1.2424655,1.9633868,0.011774251,1.5044228,0.3152747,0.017899029,2.251938,0.0492011,-0.006800319,0.3076929,-0.062180106,-0.062140353,3.9752573e-05,0.098250315,0.0981989,-5.1416457e-05,0.0007046358,0.000493856,-0.00021077984,-1.2447387,-1.2431486,0.0015901327,0.016411182,0.007979985,-0.008431196
31.799545,1.9999999,0.0,-1.2447387,1.9666258,0.016411182,0.5830929,-0.27349085,0.023806121,2.2620125,0.047366027,-0.0021391173,0.17423943,-0.062070016,-0.062238842,-0.00016882643,0.09808119,0.09836365,0.0002824664,7.6972254e-05,0.00084855483,0.0007715826,-1.2380619,-1.244815,-0.006753087,-0.0133322915,0.017531011,0.030863304
31.849545,1.9999999,0.0,-1.2380619,1.9566216,-0.0133322915,-0.2083999,0.6507239,0.015933523,2.252224,0.04389873,0.010623625,-0.049598604,-0.062162742,-0.061990857,0.0001718849,0.097989224,0.09776924,-0.00021998584,0.00019588262,-0.0002751071,-0.00047098973,-1.2484478,-1.2415724,0.006875396,0.021167597,0.0023280047,-0.018839592
31.899546,1.9999999,0.0,-1.2484478,1.9629475,0.021167597,-0.23863664,0.6250047,0.03295442,2.2539506,0.050591543,-0.007098978,-0.32382336,-0.06235439,-0.062464144,-0.0001097545,0.097872816,0.09810644,0.0002336204,0.0012196958,0.0013411073,0.00012141152,-1.2457279,-1.2501178,-0.004389882,0.027620237,0.032476697,0.00485646
31.949545,1.9999999,0.0,-1.2457279,1.9519652,0.027620237,0.85642236,-0.17249475,0.012834976,2.251078,0.048163224,-0.021758713,0.10901587,-0.06268695,-0.062321305,0.0003656447,0.09805492,0.097634345,-0.00042057782,0.0008534905,0.0011278685,0.00027437805,-1.2617501,-1.2471242,0.014625907,0.006519383,0.017494503,0.010975121
31.999544,1.9999999,0.0,-1.2617501,1.9702318,0.006519383,0.5898401,0.20626572,0.016654843,2.251228,0.048815258,0.003802609,0.5731107,-0.06263118,-0.06309083,-0.00045964867,0.09768018,0.098628536,0.0009483546,0.0009814611,0.0002925087,-0.00068895245,-1.2434971,-1.2618831,-0.018386006,0.032739066,0.005180966,-0.0275581
32.049545,1.9999999,0.0,-1.2434971,1.9369756,0.032739066,0.13628797,-0.37352246,0.019063802,2.2444737,0.048363633,0.035552356,-0.026779234,-0.062210873,-0.062190127,2.0746142e-05,0.09685641,0.09687893,2.2523105e-05,0.0012562936,0.0014832106,0.00022691698,-1.2449378,-1.2441078,0.0008299351,0.017512681,0.026589356,0.009076675
32.099545,1.9999999,0.0,-1.2449378,1.9372807,0.017512681,0.4944104,0.37553748,0.023925642,2.2397397,0.05086398,0.0011246856,-0.4188279,-0.062364303,-0.062312257,5.204603e-05,0.097021066,0.09682933,-0.00019173324,0.0009663347,0.000843557,-0.00012277771,-1.2496343,-1.2475524,0.002081871,0.021140708,0.016229596,-0.0049111117
32.149544,1.9999999,0.0,-1.2496343,1.9435619,0.021140708,0.77211463,-0.14555189,0.02590956,2.2447505,0.053841736,-0.006330433,1.0578355e-05,-0.06259965,-0.062542476,5.7175756e-05,0.097337306,0.09718474,-0.00015256554,0.0012506588,0.00087672047,-0.0003739383,-1.2543517,-1.2520646,0.0022871494,0.028885644,0.013928112,-0.014957532
32.249546,1.9999999,0.0,-1.2451605,1.9249246,0.018257868,0.28652424,-0.38274628,0.017637469,2.241404,0.0554394,0.003923361,-0.011190972,-0.06261754,-0.062304854,0.00031268597,0.09673426,0.09623628,-0.0004979819,0.00078295864,0.0007730238,-9.934825e-06,-1.2595412,-1.2470338,0.012507319,0.0130604785,0.012663085,-0.00039739348
32.299545,1.9999999,0.0,-1.2595412,1.9444458,0.0130604785,-0.30050758,0.48810497,0.019008731,2.2354646,0.05836873,6.6461607e-06,0.093467794,-0.062881865,-0.06304807,-0.00016620755,0.096929975,0.0971827,0.0002527237,0.000639133,0.00066915195,3.0018971e-05,-1.2557334,-1.2623817,-0.006648302,0.012504841,0.0137056,0.0012007589
32.349545,1.9999999,0.0,-1.2557334,1.9327531,0.012504841,-0.21306819,0.0072478354,0.028226307,2.2333877,0.059416756,0.013270141,0.08481564,-0.06300849,-0.06286454,0.00014394522,0.09683129,0.09658838,-0.00024291128,0.0007879177,0.0006494258,-0.00013849192,-1.264606,-1.2588484,0.0057575703,0.019011866,0.013472188,-0.005539678
32.399544,1.9999999,0.0,-1.264606,1.9404985,0.019011866,-0.1602309,0.27603182,0.02134207,2.228114,0.05261771,0.00848821,-0.07193043,-0.06312873,-0.06333275,-0.00020401925,0.096857466,0.096971706,0.00011423975,0.00068284216,0.0009149004,0.00023205823,-1.2605433,-1.2687038,-0.008160472,0.008301819,0.017584149,0.00928233
32.449543,1.9999999,0.0,-1.2605433,1.9338001,0.008301819,-0.070367076,-0.607652,0.015087221,2.2315264,0.05118764,0.0060770973,-0.13145992,-0.062995754,-0.06310492,-0.00010916591,0.09661315,0.09666058,4.7430396e-05,0.00044147,0.00031699837,-0.00012447164,-1.2592866,-1.2636535,-0.0043668747,0.009356982,0.004378114,-0.004978868
32.499546,1.9999999,0.0,-1.2592866,1.9307258,0.009356982,-0.15884736,0.10642635,0.025598576,2.2273605,0.05995576,-0.004657783,0.10479951,-0.06284801,-0.0630519,-0.00020389259,0.0962865,0.09650082,0.0002143234,0.00086800446,0.00044514445,-0.00042286,-1.2546335,-1.2627895,-0.008155942,0.025363196,0.0084487945,-0.016914401
32.549545,1.9999999,0.0,-1.2546335,1.9207342,0.025363196,-0.64456016,0.52202666,0.013667212,2.221595,0.06415128,0.016557049,0.052237518,-0.06294922,-0.062847786,0.000101432204,0.096240975,0.09600371,-0.00023726374,0.0009131755,0.0011721986,0.00025902304,-1.2633351,-1.2592778,0.004057288,0.011163826,0.021524746,0.01036092
32.599545,1.9999999,0.0,-1.2633351,1.9289049,0.011163826,-0.7972132,0.15377605,0.01722142,2.2272573,0.060595736,0.00056596886,-0.111084215,-0.06314194,-0.06328729,-0.00014534593,0.096346006,0.09640776,6.175786e-05,-0.00012426394,0.00047724452,0.0006015085,-1.2623426,-1.2681564,-0.005813837,-0.016134383,0.007925957,0.02406034
32.649544,1.9999999,0.0,-1.2623426,1.9249353,-0.016134383,-0.94835436,-0.31908733,0.018164147,2.2177804,0.055840243,0.005448627,-0.20538008,-0.06315533,-0.0632196,-6.426871e-05,0.09623437,0.09618931,-4.505366e-05,0.00014167605,-0.0006640602,-0.0008057362,-1.2638705,-1.2664415,-0.0025709867,0.021801425,-0.010428023,-0.032229446
32.699543,1.9999999,0.0,-1.2638705,1.9244392,0.021801425,-1.1949548,-0.55233645,0.028010283,2.2314088,0.059829958,-0.01997204,-0.37503827,-0.06305728,-0.06334632,-0.00028903782,0.09586841,0.09615622,0.00028780848,0.00045385957,0.0009395685,0.00048570894,-1.2584207,-1.2699822,-0.011561513,-0.0036470422,0.015781317,0.01942836
32.749546,1.9999999,0.0,-1.2584207,1.910297,-0.0036470422,-0.36291617,0.12971209,0.033390447,2.2006884,0.048508223,-0.0320552,0.29380694,-0.06296009,-0.06304892,-8.883327e-05,0.09547861,0.09547708,-1.527369e-06,0.0010750355,-0.00022488051,-0.0012999161,-1.2599827,-1.2635362,-0.0035535097,0.04664846,-0.0053481795,-0.05199664
32.799545,1.9999999,0.0,-1.2599827,1.9088475,0.04664846,0.47083107,0.15716653,0.013849364,2.2178814,0.06868051,0.009408655,0.2898136,-0.06296867,-0.06304276,-7.408857e-05,0.095273726,0.0954935,0.00021977723,0.0018235844,0.0020171462,0.00019356178,-1.2587643,-1.2617278,-0.002963543,0.026294913,0.034037385,0.007742472
32.849545,1.9999999,0.0,-1.2587643,1.9021018,0.026294913,0.45199782,0.099132165,0.02131516,2.2044175,0.07321145,-0.0030738409,-0.19329515,-0.06298039,-0.063007616,-2.7224422e-05,0.09507715,0.09510403,2.6881695e-05,0.0013879032,0.0011865635,-0.00020133972,-1.2604512,-1.2615405,-0.0010893345,0.029221216,0.021167625,-0.0080535915
32.899544,1.9999999,0.0,-1.2604512,1.9009843,0.029221216,0.7602805,0.5071051,-0.0018236031,2.2062078,0.057244256,-0.009920861,-0.15237787,-0.06301291,-0.063072495,-5.9582293e-05,0.09505561,0.09506755,1.1943281e-05,0.0007669598,0.0012967199,0.0005297601,-1.2600652,-1.2624485,-0.0023833513,0.0014571771,0.022647576,0.0211904
32.949543,1.9999999,0.0,-1.2600652,1.9012402,0.0014571771,1.0511216,0.39983094,-0.019973764,2.212121,0.066319875,-0.01831163,-0.13512278,-0.06294845,-0.06303761,-8.91611e-05,0.09493746,0.09505124,0.000113777816,0.00033773336,4.3379146e-06,-0.00033339544,-1.2578727,-1.2614391,-0.0035663843,0.012052158,-0.0012836605,-0.013335818
32.999546,1.9999999,0.0,-1.2578727,1.8962584,0.012052158,0.24081656,-0.27331173,0.01342138,2.2127528,0.063970946,-0.02343314,-0.041599803,-0.06310856,-0.06292331,0.00018525124,0.09498887,0.09478425,-0.0002046153,0.0012394357,0.00056094624,-0.0006784895,-1.2664698,-1.2590598,0.0074100494,0.037525274,0.010385688,-0.027139585
33.049545,1.9999999,0.0,-1.2664698,1.9032964,0.037525274,-0.101891525,-0.15888281,0.02581141,2.2073293,0.0668023,-0.022471609,0.08511572,-0.06346994,-0.06332331,0.00014662743,0.095240064,0.095185064,-5.5000186e-05,0.0015516761,0.001691627,0.00013995089,-1.2723278,-1.2664624,0.0058653355,0.024541771,0.030139804,0.005598033
33.099545,1.9999999,0.0,-1.2723278,1.9063063,0.024541771,0.09842725,-0.73214734,0.051303543,2.1986117,0.076640174,-0.0149215665,0.19583276,-0.063597076,-0.063624285,-2.720952e-05,0.09517815,0.09531295,0.00013480335,9.6964715e-05,0.0011568521,0.0010598873,-1.2715553,-1.2726438,-0.0010885,-0.020663183,0.021732314,0.042395495
33.149544,1.9999999,0.0,-1.2715553,1.9008197,-0.020663183,1.0912428,0.05530168,0.019800395,2.1968446,0.06547419,-0.0028883328,0.13167424,-0.06353557,-0.06361393,-7.8357756e-05,0.094919845,0.09491986,1.4901161e-08,0.00044453997,-0.0006906921,-0.001135232,-1.2698674,-1.2730017,-0.0031342506,0.038444784,-0.006964501,-0.045409285
33.199543,1.9999999,0.0,-1.2698674,1.8959742,0.038444784,0.7927664,0.18158051,-0.0027864454,2.2018785,0.06299476,-0.0017541425,-0.38007078,-0.06345749,-0.06352872,-7.122755e-05,0.09459972,0.09474497,0.00014525652,0.0004666651,0.001944979,0.0014783138,-1.268432,-1.2712814,-0.0028493404,-0.019778177,0.039354373,0.05913255
33.249546,1.9999999,0.0,-1.268432,1.8880146,-0.019778177,-0.08998704,0.031550255,0.0062508867,2.2021875,0.065955706,-0.04089541,-0.3077326,-0.06334598,-0.06346699,-0.00012100488,0.09425975,0.09433086,7.111579e-05,-0.0005841931,-0.00072854164,-0.00014434854,-1.2654073,-1.2702475,-0.0048401356,-0.003589546,-0.009363484,-0.0057739373
33.299545,1.9999999,0.0,-1.2654073,1.8823752,-0.003589546,0.14459452,0.30889174,0.0024243447,2.20649,0.06940535,-0.032527406,0.157992,-0.06384943,-0.06331167,0.0005377531,0.09493188,0.094098076,-0.0008338019,-0.000243262,-1.1157244e-05,0.00023210475,-1.2885699,-1.2670596,0.021510363,-0.0061409334,0.0031432547,0.009284188
33.349545,1.9999999,0.0,-1.2885699,1.9149,-0.0061409334,-0.66584045,0.7626092,0.01392377,2.1932938,0.049106482,-0.02509621,0.109899946,-0.06430876,-0.06447991,-0.00017114729,0.09551396,0.09576035,0.0002463907,0.00040739044,9.322614e-05,-0.0003141643,-1.2837808,-1.2906266,-0.006845832,0.022436552,0.009869978,-0.012566574
33.399544,1.9999999,0.0,-1.2837808,1.9056586,0.022436552,0.32601675,-0.13610467,0.031670667,2.2092924,0.060237132,-0.02153741,-0.021776445,-0.06423256,-0.064213194,1.9364059e-05,0.09512395,0.09533167,0.00020772219,0.0014030812,0.001182977,-0.00022010424,-1.2855214,-1.2847469,0.00077450275,0.033686697,0.024882525,-0.008804172
33.449543,1.9999999,0.0,-1.2855214,1.8992993,0.033686697,-0.28705278,0.13675728,0.029609501,2.2096214,0.057297405,-0.027273854,0.18369421,-0.06426173,-0.0642909,-2.9176474e-05,0.09489331,0.09503767,0.00014436245,0.0012483576,0.0015549784,0.00030662084,-1.2849475,-1.2861148,-0.0011672974,0.016247606,0.02851244,0.012264835
33.499546,1.9999999,0.0,-1.2849475,1.8964331,0.016247606,-0.44303003,0.069691144,0.017205274,2.2119615,0.05520741,-0.0031679887,0.3737602,-0.06412982,-0.06427144,-0.00014162064,0.094615586,0.09493854,0.00032295287,0.00038541513,0.0007780096,0.00039259446,-1.2802454,-1.2859101,-0.005664706,-0.00083100074,0.014872778,0.015703779
33.549545,1.9999999,0.0,-1.2802454,1.8881903,-0.00083100074,0.013279655,-0.15084358,0.021369133,2.2138371,0.050378017,0.010102164,0.08513737,-0.06422,-0.06405448,0.00016551465,0.09462637,0.09440278,-0.00022358447,-0.0002878996,0.00018377062,0.00047167024,-1.2885543,-1.2819338,0.0066205263,-0.010684983,0.008181825,0.018866807
33.599545,1.9999999,0.0,-1.2885543,1.8968645,-0.010684983,0.49322695,0.14923152,0.008589704,2.219327,0.06758971,0.005345748,-0.24532549,-0.06442031,-0.06447392,-5.3606927e-05,0.09472608,0.09475965,3.3572316e-05,0.000109422195,-0.00025021398,-0.00035963618,-1.2882583,-1.2904023,-0.002143979,0.015061871,0.00067642704,-0.014385444
33.649544,1.9999999,0.0,-1.2882583,1.8921784,0.015061871,-0.56069326,0.5076721,0.015496603,2.2114444,0.059727997,-0.014430385,-0.4418077,-0.06462486,-0.064451754,0.00017310679,0.094772376,0.09453672,-0.00023565441,0.00078412914,0.0010111815,0.00022705237,-1.2967364,-1.289812,0.006924391,0.016303295,0.025385387,0.009082092
33.699543,1.9999999,0.0,-1.2967364,1.8987166,0.016303295,-0.6997572,0.35086673,0.028945146,2.223101,0.05509772,-0.038835023,0.05644387,-0.06493033,-0.06494735,-1.7024577e-05,0.094919465,0.094912186,-7.2792172e-06,0.0011837542,0.00076959433,-0.00041415985,-1.3004768,-1.3011576,-0.00068080425,0.031046873,0.014480475,-0.016566398
33.749546,1.9999999,0.0,-1.3004768,1.8980621,0.031046873,0.30406937,-0.35913557,0.022701561,2.2154047,0.06229375,-0.0087859975,0.60238725,-0.06493348,-0.06502385,-9.036809e-05,0.09471108,0.095013544,0.00030246377,0.00067488087,0.0012026358,0.00052775495,-1.2968625,-1.300477,-0.0036145449,-0.004051638,0.017058557,0.021110196
33.799545,1.9999999,0.0,-1.2968625,1.890381,-0.004051638,0.09851985,-0.5003113,0.016914556,2.2127497,0.06520218,0.021403702,0.25084388,-0.06475079,-0.06487715,-0.00012636185,0.09432937,0.09452974,0.00020036846,-7.224869e-05,-7.5127e-05,-2.8783106e-06,-1.293169,-1.2982235,-0.005054474,0.0011616905,0.001046557,-0.00011513347
33.849545,1.9999999,0.0,-1.293169,1.8827941,0.0011616905,1.5930983,-0.13873903,0.0133458655,2.2124867,0.06787436,0.01629839,-0.038094923,-0.06492238,-0.064686,0.00023637712,0.09444577,0.09407806,-0.00036771595,0.00016580036,0.00029054956,0.0001247492,-1.303726,-1.2942709,0.009455085,0.005470324,0.010460291,0.004989967
33.899544,1.9999999,0.0,-1.303726,1.8950369,0.005470324,1.6556118,0.1986431,0.018580122,2.22271,0.07620934,0.017594209,-0.23223028,-0.06521389,-0.065215245,-1.3560057e-06,0.094752744,0.09468975,-6.299466e-05,0.0013596381,0.00046897493,-0.0008906631,-1.3048297,-1.3048838,-5.4121017e-05,0.0489152,0.013288673,-0.035626527
33.949543,1.9999999,0.0,-1.3048297,1.8950728,0.0489152,0.32412404,0.18215518,-0.01684222,2.2173834,0.07289573,-0.006924636,-0.24982294,-0.06522952,-0.06529073,-6.120652e-05,0.09460105,0.09481221,0.0002111569,0.0012939365,0.0020934625,0.000799526,-1.3043511,-1.3067992,-0.002448082,0.002842261,0.0348233,0.031981036
33.999546,1.9999999,0.0,-1.3043511,1.8889691,0.002842261,1.3358335,-0.8730292,0.025916845,2.2169065,0.06558831,-0.007388085,0.19944312,-0.06549514,-0.06519383,0.00030130893,0.09473557,0.094429515,-0.00030605495,0.0008333151,5.337689e-05,-0.0007799382,-1.3154545,-1.3034022,0.012052298,0.030490343,-0.00070718676,-0.03119753
34.049545,1.9999999,0.0,-1.3154545,1.9004538,0.030490343,0.6688472,-1.1487383,-0.008842483,2.2216454,0.069072634,0.013019675,0.09773375,-0.065578856,-0.06569692,-0.0001180619,0.09463648,0.094922476,0.000285998,0.00061018224,0.0013801343,0.000769952,-1.3076998,-1.3124224,-0.004722595,-0.006083054,0.024715025,0.03079808
34.099545,1.9999999,0.0,-1.3076998,1.8850052,-0.006083054,-0.33665112,-0.37255567,0.009018234,2.2063882,0.08620193,0.0023852899,-0.03347545,-0.06543607,-0.06533779,9.828061e-05,0.0942148,0.094042845,-0.00017195195,0.0008990701,-3.1736123e-05,-0.0009308062,-1.3097429,-1.3058119,0.0039310455,0.042045858,0.004813608,-0.03723225
34.149544,1.9999999,0.0,-1.3097429,1.8835866,0.042045858,-0.7495279,-0.28624174,0.019503167,2.2063124,0.07984551,0.00967213,-0.12722465,-0.06544039,-0.065504864,-6.4477324e-05,0.09403851,0.09403777,-7.376075e-07,0.0014614608,0.0020987953,0.0006373344,-1.3078727,-1.3104514,-0.0025787354,0.016412577,0.04190595,0.025493374
34.199543,1.9999999,0.0,-1.3078727,1.8779538,0.016412577,-0.7795627,-0.26715258,0.03586614,2.2065487,0.045660343,-0.010337175,-0.27569118,-0.06546962,-0.06548579,-1.616776e-05,0.093848154,0.09377246,-7.569045e-05,0.0016610882,0.00089714676,-0.00076394144,-1.3109124,-1.311559,-0.0006465912,0.05003095,0.019473296,-0.030557655
34.249546,1.9999999,0.0,-1.3109124,1.8759725,0.05003095,1.919119,1.1587175,0.01946888,2.2159982,0.06138781,-0.017896987,-0.28182912,-0.06540925,-0.06567889,-0.0002696365,0.09345551,0.09378862,0.000333108,0.0016576587,0.0023049195,0.0006472608,-1.3054576,-1.3162429,-0.010785341,0.016275398,0.042165827,0.025890429
34.299545,1.9999999,0.0,-1.3054576,1.862248,0.016275398,-1.6330726,-0.10195845,0.0066869603,2.216586,0.074982986,-0.038520087,0.18501659,-0.06533867,-0.0653826,-4.3928623e-05,0.09309853,0.0931091,1.0572374e-05,0.00042447692,0.00058067293,0.00015619601,-1.3080893,-1.3098464,-0.0017571449,0.0007036785,0.0069515184,0.00624784
34.349545,1.9999999,0.0,-1.3080893,1.8616934,0.0007036785,-1.5507007,-0.023651129,0.006507735,2.2204535,0.058057185,0.0006046713,0.23441899,-0.06564248,-0.06547334,0.00016914308,0.093378596,0.093102835,-0.0002757609,0.0005371092,4.8772432e-05,-0.0004883368,-1.3176101,-1.3108443,0.0067658424,0.02078069,0.0012472197,-0.01953347
34.399544,1.9999999,0.0,-1.3176101,1.8734504,0.02078069,-1.0876707,0.06694273,0.0214799,2.2175462,0.062301748,-0.015078189,-0.085202694,-0.06600273,-0.06597025,3.247708e-05,0.09376551,0.093684755,-8.075684e-05,0.0011529408,0.0010249595,-0.0001279813,-1.3224988,-1.3211998,0.0012990236,0.02533694,0.020217687,-0.005119253
34.449543,1.9999999,0.0,-1.3224988,1.8771702,0.02533694,-0.49268433,-0.47510073,0.022801436,2.2187417,0.07062024,-0.007915598,0.07059392,-0.06605011,-0.06619566,-0.00014554709,0.09362638,0.09387438,0.00024800003,0.0016950174,0.0010961206,-0.0005988969,-1.3195057,-1.3253273,-0.0058215857,0.042463757,0.018507881,-0.023955876
34.499546,1.9999999,0.0,-1.3195057,1.867885,0.042463757,-0.6545428,0.74353194,0.04183434,2.2106879,0.06899884,-0.008018796,-0.040015824,-0.06596711,-0.066093676,-0.00012656301,0.093225814,0.093367204,0.00014138967,0.0011390754,0.0019480897,0.0008090143,-1.3191788,-1.324241,-0.0050622225,0.0030992571,0.03545983,0.032360576
34.549545,1.9999999,0.0,-1.3191788,1.8611476,0.0030992571,-0.44873494,1.2002512,0.03231987,2.2163568,0.06143506,-0.01191718,0.17162892,-0.06587814,-0.06605184,-0.00017370284,0.09292391,0.093061574,0.00013766438,0.00015310555,0.00037964285,0.0002265373,-1.3159468,-1.3228949,-0.0069481134,0.003024965,0.012086455,0.009061489
34.599545,1.9999999,0.0,-1.3159468,1.8558086,0.003024965,0.93828046,-0.43301675,0.0093370825,2.2265291,0.07047925,0.009144096,-0.090655625,-0.06597355,-0.06584664,0.00012691319,0.09299982,0.09275835,-0.00024147332,0.0002190072,0.00011015963,-0.00010884757,-1.3229953,-1.3179185,0.005076766,0.0057353233,0.0013814196,-0.0043539037
34.649544,1.9999999,0.0,-1.3229953,1.8641844,0.0057353233,0.89532435,-1.2880083,0.0008249245,2.2258072,0.07877927,-0.020982742,-0.1353319,-0.06610911,-0.06615361,-4.4494867e-05,0.09311923,0.09324081,0.000121586025,-0.00012792567,0.0002007829,0.00032870856,-1.3213693,-1.3231488,-0.0017795563,-0.01085235,0.0022959895,0.013148339
34.699543,1.9999999,0.0,-1.3213693,1.8605847,-0.01085235,-1.1913755,0.22128779,0.008223352,2.2069218,0.079128645,-0.004389095,0.24009462,-0.06619579,-0.06611758,7.8216195e-05,0.0930986,0.09295255,-0.00014605373,-0.00043280536,-0.00033074804,0.000102057325,-1.3264625,-1.3233339,0.0031286478,-0.0064598643,-0.0023775734,0.004082291
34.749546,1.9999999,0.0,-1.3264625,1.8633593,-0.0064598643,-2.6554184,1.1534698,0.027094139,2.2125573,0.065025285,0.0030267183,0.15375793,-0.066371456,-0.06639644,-2.4981797e-05,0.09314188,0.09318247,4.0583313e-05,0.00060548494,0.00027729422,-0.0003281907,-1.3283958,-1.3293948,-0.0009989738,0.030679263,0.017551634,-0.013127629
34.799545,1.9999999,0.0,-1.3283958,1.862316,0.030679263,-0.9931413,-1.070181,0.024851615,2.2183685,0.060476925,0.010986697,0.03974072,-0.066432185,-0.06648654,-5.4351985e-05,0.0929957,0.09311491,0.00011920929,0.0010983817,0.0012669845,0.0001686028,-1.3288916,-1.3310657,-0.0021740198,0.013256005,0.020000115,0.00674411
34.849545,1.9999999,0.0,-1.3288916,1.8575121,0.013256005,0.8033459,0.29088825,0.03938298,2.219743,0.06274922,0.00700079,-0.16896918,-0.0665133,-0.06654781,-3.451109e-05,0.09284337,0.09281303,-3.0338764e-05,0.0006401103,0.0006581895,1.8079241e-05,-1.3316404,-1.3330209,-0.0013805628,0.012348406,0.013071571,0.0007231645
34.899544,1.9999999,0.0,-1.3316404,1.8562225,0.012348406,2.0798976,1.3068013,0.010168244,2.2207024,0.06516539,-0.0059102206,-0.19148281,-0.066712774,-0.06665649,5.6281686e-05,0.09292699,0.09278957,-0.00013741851,0.0012257088,0.00068957004,-0.0005361387,-1.3368707,-1.3346194,0.0022512674,0.036679942,0.015234396,-0.021445546
34.949543,1.9999999,0.0,-1.3368707,1.8608569,0.036679942,-0.25531128,0.14802973,0.02207646,2.2230825,0.066234104,-0.012147492,-0.014408305,-0.0669828,-0.066935055,4.774332e-05,0.09319264,0.09307558,-0.00011705607,0.0018747754,0.0014850799,-0.00038969552,-1.3424412,-1.3405312,0.0019099712,0.03831107,0.022723254,-0.015587818
34.999546,1.9999999,0.0,-1.3424412,1.8668486,0.03831107,0.28182074,-0.21912721,0.023549937,2.224546,0.06632482,-0.007351051,0.15687633,-0.067243,-0.06715552,8.748472e-05,0.09345771,0.09342345,-3.426522e-05,0.0016085975,0.0015151476,-9.344984e-05,-1.3472788,-1.3437793,0.003499508,0.026032828,0.022294834,-0.0037379935
35.049545,1.9999999,0.0,-1.3472788,1.8714601,0.026032828,-1.1596471,0.33158693,0.017387893,2.2288976,0.06562452,0.00354014,-0.01605462,-0.06723357,-0.06743943,-0.00020585954,0.093303904,0.093599945,0.00029604137,0.0006509667,0.001113922,0.00046295527,-1.3420639,-1.3502983,-0.008234382,5.840293e-06,0.01852405,0.018518211
35.099545,1.9999999,0.0,-1.3420639,1.8606961,5.840293e-06,0.16834675,-0.4796054,0.0062779747,2.2308125,0.057026975,-0.008956512,-0.04410406,-0.06730483,-0.06715242,0.00015240908,0.09323844,0.0930318,-0.00020664185,0.0007433089,-1.0812655e-06,-0.0007443902,-1.3501291,-1.3440328,0.006096363,0.029726516,-4.9091876e-05,-0.029775608
35.299545,1.9999999,0.0,-1.3449043,1.8477352,-0.015788974,0.7698612,-0.5316133,0.000796417,2.230952,0.06510529,-0.021917138,0.009665268,-0.06772712,-0.06727365,0.00045347214,0.09290748,0.092317745,-0.0005897358,7.0056058e-06,-0.0006050762,-0.0006120818,-1.3641803,-1.3460416,0.018138766,0.016069198,-0.008414071,-0.02448327
35.349545,1.9999999,0.0,-1.3641803,1.8685641,0.016069198,-0.13840353,0.5515896,0.0056052376,2.2467875,0.053230673,-0.0064238794,0.42082927,-0.06784575,-0.06823133,-0.00038558245,0.09299045,0.09342699,0.00043653697,-0.00047895816,0.0009282371,0.0014071952,-1.3496494,-1.3650727,-0.015423298,-0.035227526,0.021060284,0.05628781
35.399544,1.9999999,0.0,-1.3496494,1.8510538,-0.035227526,-0.022352908,-0.38340312,0.002945564,2.2385743,0.06566982,0.020165788,0.18101135,-0.06772932,-0.06751879,0.0002105236,0.09292677,0.09246611,-0.00046066195,-5.1252646e-05,-0.0013152597,-0.0012640071,-1.3595233,-1.3511022,0.008421063,0.03317742,-0.017382864,-0.050560284
35.449543,1.9999999,0.0,-1.3595233,1.866017,0.03317742,0.27513275,0.35541943,0.04123119,2.2412832,0.06719309,0.011677256,-0.30794656,-0.068350025,-0.068029895,0.0003201291,0.093346,0.0932534,-9.2603266e-05,0.0010349329,0.0017860765,0.00075114355,-1.3744776,-1.3616723,0.012805343,0.008219896,0.038265638,0.030045742
35.499546,1.9999999,0.0,-1.3744776,1.8678229,0.008219896,0.43172565,0.2155196,0.034690373,2.2381506,0.07140348,-0.01062887,-0.169459,-0.068631314,-0.06881232,-0.0001810044,0.09324268,0.0933583,0.00011561811,-0.00013218533,0.00042104238,0.0005532277,-1.370775,-1.378015,-0.007240057,-0.013507309,0.008621801,0.022129111
35.549545,1.9999999,0.0,-1.370775,1.8618845,-0.013507309,-0.083677664,-1.1118281,0.024913369,2.241618,0.06347471,-0.0052686436,-0.030370587,-0.06845117,-0.068594694,-0.00014352053,0.092953816,0.09307107,0.00011725724,0.0002066191,-0.00059791806,-0.00080453715,-1.367272,-1.3730127,-0.0057406425,0.021772074,-0.010409411,-0.032181486
35.599545,1.9999999,0.0,-1.367272,1.856268,0.021772074,0.84219843,0.2712317,-0.005503837,2.2411237,0.06305045,-0.0136659285,0.071693994,-0.06849716,-0.06839392,0.000103235245,0.09297263,0.09281596,-0.00015667081,0.0010495071,0.0010684989,1.899188e-05,-1.3726143,-1.3684847,0.004129529,0.020208212,0.020967882,0.0007596705
35.649544,1.9999999,0.0,-1.3726143,1.862637,0.020208212,0.116498895,0.5763164,0.0034277316,2.2451189,0.0634586,0.0019007558,0.07914242,-0.06851428,-0.06867425,-0.00015997142,0.09292717,0.0931036,0.00017642975,0.00045608252,0.001029664,0.00057358143,-1.3679569,-1.3743557,-0.006398797,-0.001964911,0.020978343,0.022943255
35.699543,1.9999999,-0.03845114,-1.3679569,1.85445,-0.001964911,1.4331105,0.10011785,0.0027381976,2.248158,0.059388727,-0.005751686,-0.052887805,-0.068686396,-0.06841806,0.00026833266,0.09317441,0.09269585,-0.0004785657,-0.0011618915,-5.3413027e-05,0.0011084785,-1.3794991,-1.3687656,0.010733485,-0.04451075,-0.00017160922,0.04433914
35.749546,1.9999999,-0.08241959,-1.3794991,1.8725264,-0.04451075,1.9715191,-0.22913653,-0.011552229,2.2473993,0.074416064,-0.0033880249,-0.05384128,-0.069149695,-0.06896465,0.00018504262,0.09407999,0.093562774,-0.0005172193,-0.0026902668,-0.0020417147,0.0006485521,-1.3864888,-1.3790871,0.007401705,-0.06309993,-0.037157837,0.02594209
35.799545,1.9999999,-0.19230802,-1.3864888,1.8906734,-0.06309993,-0.54051775,-0.09607303,-0.049188726,2.2638483,0.07973447,-0.011135815,-0.02288966,-0.06931488,-0.06927585,3.903359e-05,0.09472042,0.094565,-0.00015542656,-0.002996132,-0.002862246,0.000133886,-1.3861064,-1.384545,0.0015614033,-0.056745347,-0.051389918,0.005355429
35.849545,1.9999999,-0.25092536,-1.3861064,1.8981434,-0.056745347,-2.1407046,0.09166921,-0.06513265,2.277358,0.07229106,-0.005676991,0.15700932,-0.06939568,-0.069214284,0.00018139929,0.09533929,0.09501564,-0.00032365322,-0.0035340292,-0.002613077,0.0009209523,-1.3897209,-1.3824649,0.007256031,-0.08461583,-0.04777773,0.036838096
35.899544,1.9999999,-0.25092536,-1.3897209,1.9154282,-0.08461583,1.2251272,0.024496153,-0.071491994,2.295272,0.07229283,0.0045651165,0.0925141,-0.06883338,-0.06939332,-0.00055994093,0.09518498,0.095893376,0.00070839375,-0.004313173,-0.0038436335,0.0004695393,-1.3636143,-1.3860118,-0.022397518,-0.087911084,-0.06912951,0.018781573
35.949543,1.9999999,-0.36813822,-1.3636143,1.8919712,-0.087911084,1.984755,0.23156866,-0.09281435,2.288159,0.07349918,0.0035744184,-0.27010554,-0.068230055,-0.06804533,0.00018472224,0.095225185,0.094791785,-0.00043340027,-0.0044138576,-0.0038547136,0.00055914395,-1.365588,-1.3581989,0.0073890686,-0.08864322,-0.06627747,0.022365756
35.999546,1.9999999,-0.44140443,-1.365588,1.9170362,-0.08864322,-0.30128413,0.077653125,-0.08354397,2.296615,0.07639175,-0.022445437,0.009114098,-0.06798266,-0.06805318,-7.0519745e-05,0.09574973,0.09613734,0.000387609,-0.0023762265,-0.004016465,-0.0016402386,-1.3537185,-1.356539,-0.0028204918,-0.0064058322,-0.07201537,-0.06560954
36.049545,1.9999999,-0.16301025,-1.3537185,1.912953,-0.0064058322,-0.06349378,0.87298656,0.037904255,2.3042011,0.049408577,0.0044858283,-0.001748874,-0.068420336,-0.067678384,0.00074195117,0.09639107,0.095940046,-0.0004510209,0.0016932278,0.00027420558,-0.0014190222,-1.383095,-1.3534167,0.029678345,0.074134946,0.017374057,-0.05676089
36.199543,1.9999999,-0.023802256,-1.3987069,1.9470706,0.025196524,-0.96812165,0.74606377,0.056171056,2.3507767,0.055052735,-0.0050068763,0.47844666,-0.0699084,-0.069956586,-4.8182905e-05,0.09734015,0.0976168,0.0002766475,1.1358616e-05,0.001245607,0.0012342484,-1.3976291,-1.3995564,-0.0019272566,-0.02474218,0.024627756,0.04936994
36.249546,1.9999999,-0.053100023,-1.3976291,1.9465353,-0.02474218,0.59995323,-0.3349266,-0.025644755,2.339531,0.067796625,0.025500553,0.10115621,-0.070335135,-0.069899194,0.00043594092,0.09815568,0.09746867,-0.0006870106,-0.0013719678,-0.0012942493,7.771852e-05,-1.4157763,-1.3983383,0.017437935,-0.030136535,-0.02702779,0.0031087454
36.299545,1.9999999,-0.08241959,-1.4157763,1.9796919,-0.030136535,-0.7924476,0.86173433,-0.037681993,2.3549862,0.058224723,0.005108745,-0.13649768,-0.07084112,-0.07080795,3.3169985e-05,0.099151395,0.099094175,-5.722046e-05,-0.0013537131,-0.001150753,0.0002029601,-1.4178685,-1.4165417,0.0013267994,-0.024011988,-0.015893582,0.008118406
36.349545,1.9999999,-0.14101513,-1.4178685,1.9863639,-0.024011988,-1.0872432,0.2739048,-0.011842331,2.378746,0.055740494,0.011850785,0.030853774,-0.0707248,-0.07088798,-0.00016318262,0.09931347,0.09943485,0.00012138486,-0.0026466206,-0.0011500478,0.0014965729,-1.4111236,-1.4176508,-0.0065271854,-0.08185283,-0.021989923,0.059862908
36.399544,1.9999999,-0.17765914,-1.4111236,1.9861748,-0.08185283,1.5468435,-0.5969306,-0.0747065,2.4022129,0.06846549,0.008194122,-0.14516194,-0.07019661,-0.07048615,-0.000289537,0.09913845,0.09941998,0.00028152764,-0.0041943393,-0.0041148025,7.953681e-05,-1.3967409,-1.4083226,-0.011581659,-0.08592074,-0.082739264,0.0031814799
36.449543,1.9999999,-0.21428135,-1.3967409,1.9793633,-0.08592074,0.3722331,0.06361525,-0.09529718,2.3849013,0.065907985,-0.0026654094,-0.09173073,-0.06922988,-0.069737636,-0.00050775707,0.09905553,0.09910673,5.120039e-05,-0.005261951,-0.003992753,0.001269198,-1.3724542,-1.3927644,-0.020310283,-0.1245573,-0.07378939,0.050767913
36.499546,1.9999999,-0.3461649,-1.3724542,1.9828578,-0.1245573,-0.35763046,-1.8076369,-0.13215323,2.3695898,0.06447809,-0.0009789506,-0.003718037,-0.06829001,-0.06832906,-3.9048493e-05,0.09909544,0.09927317,0.00017772615,-0.0065576877,-0.006069857,0.0004878305,-1.3591461,-1.3607082,-0.0015621185,-0.13775021,-0.11823698,0.019513227
36.549545,1.9999999,-0.41943112,-1.3591461,1.9809599,-0.13775021,0.87163025,-1.3439858,-0.12553856,2.3564947,0.07346503,-0.003037213,0.36108714,-0.067314565,-0.06757402,-0.00025945157,0.09909991,0.09917123,7.131696e-05,-0.006684781,-0.006477929,0.00020685187,-1.3334365,-1.3438144,-0.010377884,-0.12964103,-0.121366955,0.008274071
36.599545,1.9999999,-0.4707022,-1.3334365,1.9830365,-0.12964103,1.3997658,-0.5971754,-0.13490039,2.3410301,0.08366013,0.035129763,0.3135325,-0.06664205,-0.06640804,0.00023401529,0.09976477,0.09924859,-0.0005161837,-0.0047937515,-0.005641694,-0.00084794266,-1.3322455,-1.3228852,0.009360313,-0.06210903,-0.09602673,-0.033917703
36.649544,1.9999999,-0.49999997,-1.3322455,2.0075545,-0.06210903,-0.7287761,0.7142146,-0.13643774,2.3408158,0.074170955,0.028316038,-0.13819093,-0.066669874,-0.066398926,0.0002709478,0.10063432,0.100510515,-0.0001238063,-0.0024369564,-0.0019346856,0.00050227076,-1.3345493,-1.3237115,0.010837793,-0.035369217,-0.015278395,0.020090822
36.699543,1.9999999,-0.49999997,-1.3345493,2.0178185,-0.035369217,-1.2976618,0.42481625,-0.047515906,2.3487642,0.050097384,0.02131067,-0.001268655,-0.06661663,-0.06649812,0.000118508935,0.10069687,0.10105058,0.00035370886,-0.00014830225,-0.0009574473,-0.00080914504,-1.3301159,-1.3253754,0.0047404766,0.029437128,-0.0029286705,-0.0323658
36.749546,1.9999999,-0.40476045,-1.3301159,2.0100563,0.029437128,0.46172187,-0.7374568,0.007999085,2.3537297,0.04280362,0.028189173,0.10321378,-0.06666159,-0.0662633,0.0003982857,0.100616135,0.10054008,-7.605553e-05,0.0014681078,0.0013393968,-0.00012871099,-1.3363476,-1.3204161,0.015931487,0.029287184,0.02413874,-0.0051484443
36.799545,1.9999999,-0.22893023,-1.3363476,2.0145888,0.029287184,-0.6624952,0.9662948,0.06383194,2.3723114,0.055409238,0.031632047,-0.07763867,-0.06693596,-0.06686285,7.31051e-05,0.10060166,0.10082245,0.0002207905,0.002060218,0.0016793314,-0.0003808866,-1.3410906,-1.3381665,0.0029240847,0.05312154,0.037886072,-0.015235469
36.849545,1.9999999,-0.09706847,-1.3410906,2.0094774,0.05312154,-0.9435036,-0.17135882,0.06743439,2.374934,0.06467658,0.020425307,-0.29008043,-0.06705695,-0.06714441,-8.7462366e-05,0.100285605,0.10053058,0.0002449751,0.0021888374,0.0023370367,0.00014819927,-1.3411874,-1.3446858,-0.003498435,0.034431953,0.040359925,0.0059279725
36.899544,1.9999999,-0.04577558,-1.3411874,2.001947,0.034431953,-0.35504234,-0.46436393,0.024421813,2.3717144,0.06585158,0.002624006,-0.19748685,-0.06702411,-0.06710593,-8.1814826e-05,0.09998069,0.10009109,0.0001104027,0.001085172,0.001207665,0.0001224929,-1.339777,-1.3430496,-0.0032726526,0.008974928,0.01387465,0.0048997216
36.949543,1.9999999,0.0,-1.339777,1.9972807,0.008974928,0.4874174,-0.62297434,-0.010601141,2.3610196,0.057915118,0.00067662104,0.14459732,-0.066798545,-0.06696324,-0.00016469508,0.099577725,0.099771075,0.00019335002,-5.994706e-05,9.931214e-05,0.0001592592,-1.3321648,-1.3387525,-0.0065877438,-0.011372811,-0.0050024427,0.0063703684
36.999546,1.9999999,0.0,-1.3321648,1.9858284,-0.011372811,0.22409123,1.9853956,-0.06526463,2.3674898,0.061491337,0.017083738,0.25972292,-0.066289574,-0.066699944,-0.00041037053,0.099193715,0.09929051,9.679794e-05,-0.0015323333,-0.0003619373,0.001170396,-1.3194181,-1.3358332,-0.01641512,-0.04992052,-0.003104683,0.04681584
37.049545,1.9999999,0.0,-1.3194181,1.9819201,-0.04992052,1.0020443,-0.6619673,-0.082282245,2.3967924,0.06258929,0.026648913,-0.103937365,-0.065949224,-0.065935574,1.3649464e-05,0.09967963,0.099136695,-0.00054293126,-0.004296128,-0.0023043223,0.0019918059,-1.318551,-1.318005,0.00054597855,-0.1219246,-0.042252373,0.07967223
37.099545,1.9999999,0.0,-1.318551,2.0052648,-0.1219246,0.99416345,-0.8797187,-0.106723845,2.390697,0.06698384,0.006690001,-0.30506834,-0.06570568,-0.065821536,-0.00011585653,0.10052181,0.10031479,-0.00020702183,-0.0062936884,-0.0055138962,0.0007797922,-1.309676,-1.3143104,-0.0046343803,-0.12982294,-0.09863124,0.0311917
37.149544,1.9999999,-0.016477814,-1.309676,2.0156076,-0.12982294,0.9286586,-0.90029836,-0.1320014,2.3827147,0.07531487,-0.0038579223,-0.056422617,-0.06497651,-0.06531286,-0.000336349,0.10088577,0.100826144,-5.9626997e-05,-0.006670308,-0.0057949848,0.0008753231,-1.2893845,-1.3028383,-0.013453841,-0.13698937,-0.10197645,0.035012923
37.199543,1.9999999,-0.17765914,-1.2893845,2.0198233,-0.13698937,0.023764933,-0.737335,-0.12807702,2.3674715,0.07477583,0.0010477393,0.06518518,-0.06415859,-0.06427651,-0.00011792034,0.101207234,0.10103529,-0.0001719445,-0.0072420524,-0.0060218805,0.0012201718,-1.2769592,-1.2816756,-0.0047163963,-0.1526927,-0.10388584,0.04880687
37.249546,1.9999999,-0.397436,-1.2769592,2.0284662,-0.1526927,1.7306159,0.25234702,-0.13726535,2.3550034,0.067659885,0.002660596,-0.204885,-0.06311604,-0.06366576,-0.0005497262,0.10081587,0.101547,0.0007311329,-0.0053013293,-0.006511533,-0.0012102039,-1.2476825,-1.2696713,-0.021988869,-0.059360474,-0.10776862,-0.048408143
37.299545,1.9999999,-0.49999997,-1.2476825,2.0041687,-0.059360474,1.4330267,0.6266602,-0.087111205,2.3384876,0.06347691,-0.019440763,0.36487123,-0.06290806,-0.06213584,0.00077221915,0.10136737,0.10044899,-0.0009183809,-0.0020916087,-0.002231578,-0.0001399694,-1.26864,-1.2377512,0.030888796,-0.024303878,-0.02990264,-0.005598763
37.349545,1.9999999,-0.44140443,-1.26864,2.050526,-0.024303878,-1.0474651,-0.13438068,-0.00081549975,2.3608718,0.066016234,0.03914772,0.36976686,-0.063046105,-0.06319349,-0.00014738739,0.1018218,0.102785766,0.00096396357,0.0003188689,-0.00084320235,-0.0011620712,-1.253204,-1.2590995,-0.0058954954,0.037058633,-0.009424213,-0.046482846
37.399544,1.9999999,-0.33151603,-1.253204,2.022346,0.037058633,-0.121671654,0.08194093,0.032690503,2.348589,0.046086762,0.017535923,-0.23569383,-0.06297031,-0.0625757,0.00039461255,0.10136336,0.101296,-6.73607e-05,0.0021505377,0.0018569942,-0.00029354345,-1.2656084,-1.2498238,0.015784621,0.04896288,0.037221137,-0.0117417425
37.449543,1.9999999,-0.2582498,-1.2656084,2.0321882,0.04896288,0.610798,-0.20177689,0.045762658,2.3619876,0.048284885,0.015578337,-0.13607948,-0.06310345,-0.0632323,-0.00012885034,0.10096983,0.10172086,0.0007510334,0.0017463263,0.002051535,0.00030520873,-1.2585297,-1.2636838,-0.005154133,0.020890176,0.033098523,0.012208346
37.499546,1.9999999,-0.2582498,-1.2585297,2.0066047,0.020890176,0.62088174,-0.04186374,0.03254417,2.336146,0.058758378,0.003927976,-0.1956545,-0.06328664,-0.062902465,0.0003841743,0.10083397,0.1003894,-0.0004445687,0.00080945744,0.00064690615,-0.0001625513,-1.2729359,-1.257569,0.015366912,0.01148812,0.00498607,-0.00650205
37.549545,1.9999999,-0.07509515,-1.2729359,2.026754,0.01148812,1.1907285,0.43268958,-0.008898768,2.3413386,0.050569005,-0.003987113,-0.016146064,-0.06321843,-0.06363251,-0.00041408092,0.10068161,0.101396956,0.00071534514,8.816115e-05,0.0004417293,0.00035356815,-1.2558012,-1.2723645,-0.016563296,-0.007961674,0.00618105,0.014142724
37.599545,1.9999999,0.0,-1.2558012,2.0005105,-0.007961674,-0.27912587,0.69238085,-0.0034728977,2.344069,0.04990373,0.0023133694,-0.013359874,-0.06280072,-0.06287155,-7.083267e-05,0.099945866,0.10008558,0.00013971329,0.0004311454,-0.00018904005,-0.00062018546,-1.2562277,-1.2590609,-0.002833128,0.02520749,0.0004000701,-0.02480742
37.649544,1.9999999,0.0,-1.2562277,1.9973242,0.02520749,-0.46926898,-0.60970795,0.06725204,2.3405275,0.05052346,-0.0053231004,-0.09148413,-0.06272599,-0.0628651,-0.00013910979,0.09950354,0.09987914,0.00037559867,0.0012557475,0.0011605759,-9.517162e-05,-1.252812,-1.2583765,-0.005564451,0.025022408,0.021215543,-0.0038068648
37.699543,1.9999999,0.0,-1.252812,1.9828173,0.025022408,-0.66168946,0.14713146,0.038403366,2.3321147,0.041007116,-0.0068350434,0.042620614,-0.062787086,-0.062698685,8.840114e-05,0.09918852,0.09915544,-3.3080578e-05,0.0016061191,0.0011425616,-0.00046355755,-1.2586714,-1.2551353,0.0035361052,0.039222356,0.020680053,-0.018542303
37.749546,1.9999999,0.0,-1.2586714,1.9847237,0.039222356,-1.0830514,0.17551154,0.02946854,2.3307457,0.036127534,-0.001061039,-0.20090948,-0.06318326,-0.06300523,0.00017803162,0.09962713,0.09921612,-0.00041101128,0.00019456744,0.0017499741,0.0015554066,-1.2686592,-1.2615379,0.0071213245,-0.03143966,0.030776609,0.062216267
37.799545,1.9999999,0.0,-1.2686592,2.0003614,-0.03143966,1.5600278,0.06137562,-0.04402665,2.3274875,0.037166562,-0.02692599,-0.074914925,-0.06375631,-0.06346436,0.000291951,0.10087445,0.10001248,-0.0008619651,-0.0026534183,-0.0014711403,0.001182278,-1.2815932,-1.2699151,0.0116781,-0.07469707,-0.027405951,0.04729112
37.849545,1.9999999,-0.2216058,-1.2815932,2.0346162,-0.07469707,-0.18825915,0.07274272,-0.07731421,2.3432496,0.051288765,-0.008552532,0.25478095,-0.06378004,-0.06397175,-0.00019171089,0.10147121,0.10181097,0.00033976138,-0.0029332673,-0.0035608844,-0.0006276171,-1.2696084,-1.2772768,-0.007668376,-0.04263362,-0.06773832,-0.025104698
37.899544,1.9999999,-0.2582498,-1.2696084,2.024232,-0.04263362,0.5861039,-0.47113883,-0.07855985,2.361026,0.06494609,-0.001447895,0.19649114,-0.063276395,-0.063250676,2.5719404e-05,0.10144818,0.1013011,-0.00014708191,-0.003214333,-0.0021588658,0.0010554672,-1.2614475,-1.2604187,0.0010288954,-0.085939705,-0.04372101,0.042218696
37.949543,1.9999999,-0.31684533,-1.2614475,2.033695,-0.085939705,0.14703932,-0.4472125,-0.09882371,2.3593938,0.075245164,0.011096583,0.22326463,-0.062907495,-0.062860146,4.734844e-05,0.10197168,0.101739876,-0.00023180246,-0.0042255623,-0.003992872,0.00023269048,-1.2548523,-1.2529583,0.0018939972,-0.08308279,-0.07377518,0.009307608
37.999546,1.9999999,-0.44140443,-1.2548523,2.0451722,-0.08308279,-1.587158,-0.53250504,-0.09471907,2.354635,0.059383404,0.020878568,0.20643741,-0.062357165,-0.0625057,-0.00014853477,0.10194304,0.10234858,0.00040554255,-0.0036677911,-0.0038448467,-0.0001770556,-1.2394344,-1.2453758,-0.005941391,-0.06362886,-0.07071109,-0.0070822313
38.049545,1.9999999,-0.49999997,-1.2394344,2.0325494,-0.06362886,-0.90403605,0.51690805,-0.021982424,2.3517253,0.04476443,0.031740323,-0.18971767,-0.062207855,-0.06185753,0.0003503263,0.10225431,0.10178059,-0.00047371536,-0.0022547143,-0.0024338176,-0.00017910334,-1.2488799,-1.2348667,0.014013171,-0.026559718,-0.033723854,-0.0071641356
38.099545,1.9999999,-0.25092536,-1.2488799,2.057623,-0.026559718,0.8118432,-0.7143403,0.024999784,2.3626122,0.03956616,0.0019068016,-0.1176916,-0.06217825,-0.062330317,-0.00015206635,0.102466896,0.10295941,0.0004925132,-0.0008238148,-0.0009400703,-0.00011625554,-1.2382501,-1.2443327,-0.006082535,-0.006392873,-0.011043098,-0.004650225
38.149544,1.9999999,0.0,-1.2382501,2.0410528,-0.006392873,1.2362294,0.6063063,0.026420347,2.3538086,0.04502165,0.019971164,-0.17029971,-0.062198766,-0.06194669,0.0002520755,0.10223237,0.10217953,-5.2839518e-05,0.00097055355,0.00042497236,-0.0005455812,-1.2497005,-1.2396173,0.010083199,0.045215014,0.023391768,-0.021823246
38.199543,1.9999999,0.0,-1.2497005,2.0482416,0.045215014,0.41196126,-0.5679759,0.051715203,2.3570905,0.04817475,-0.015123169,-0.37181455,-0.062275574,-0.06252044,-0.00024486333,0.10172745,0.102454364,0.0007269159,0.0030082671,0.002397082,-0.0006111851,-1.2413224,-1.2511169,-0.009794474,0.075115666,0.050668266,-0.0244474
38.249546,1.9999999,0.0,-1.2413224,2.0208561,0.075115666,-1.2137828,-0.14893769,0.028333489,2.346966,0.032761462,-0.017210292,0.14226939,-0.062106177,-0.06206726,3.8918108e-05,0.10100259,0.10109514,9.255111e-05,0.0025227298,0.0030402474,0.00051751756,-1.2429247,-1.241368,0.0015566349,0.025793524,0.046494223,0.020700699
38.299545,1.9999999,0.0,-1.2429247,2.0192473,0.025793524,0.33961663,-0.07076127,0.008898614,2.3438277,0.028004954,-0.00089623075,0.12654983,-0.062172476,-0.062125143,4.733354e-05,0.100977704,0.100980304,2.6002526e-06,0.0012563607,0.0010505429,-0.00020581775,-1.2439743,-1.2420809,0.0018934011,0.024460902,0.016228193,-0.008232709
38.349545,1.9999999,0.0,-1.2439743,2.0198607,0.024460902,2.1569362,0.38190088,0.017097374,2.3270638,0.04687298,-0.004555309,0.12196836,-0.062177207,-0.062208183,-3.097579e-05,0.10086377,0.101004116,0.00014034659,0.0011879628,0.001222691,3.4728204e-05,-1.2431139,-1.2443529,-0.0012390614,0.023057612,0.024446739,0.0013891272
38.449543,1.9999999,-0.067770705,-1.2343802,1.9896824,0.015264152,0.3557935,0.3902855,0.0092573995,2.3231413,0.039531745,0.009889887,-0.18609583,-0.06218784,-0.061760444,0.0004273951,0.10002191,0.09947601,-0.00054590404,0.0007815428,0.00076062494,-2.0917854e-05,-1.2531333,-1.2360375,0.017095804,0.01599756,0.015160847,-0.00083671324
38.499546,1.9999999,-0.09706847,-1.2531333,2.011194,0.01599756,-2.600662,-0.0358671,0.030833563,2.3317766,0.055395495,-0.0073089777,-0.10850519,-0.06274349,-0.06271422,2.9273331e-05,0.100897536,0.100567095,-0.0003304407,-0.0015303234,0.00045160428,0.0019819278,-1.2566066,-1.2554356,0.0011709929,-0.07721049,0.0020666085,0.0792771
38.549545,1.9999999,-0.15568581,-1.2566066,2.0247073,-0.07721049,-1.6133063,1.0855987,-0.07934767,2.3225145,0.030177372,-0.00096063194,0.24091622,-0.06258908,-0.06285449,-0.00026541203,0.10113196,0.10134628,0.00021431595,-0.0041368552,-0.0036787787,0.0004580766,-1.2469565,-1.2575731,-0.01061666,-0.08826371,-0.06994065,0.018323064
38.599545,1.9999999,-0.21428135,-1.2469565,2.0205712,-0.08826371,0.99932706,0.9677828,-0.07501288,2.3318164,0.045462158,0.016782645,0.10086628,-0.062120806,-0.062349357,-0.00022855029,0.10103897,0.10119376,0.00015479326,-0.0043945676,-0.0039062826,0.000488285,-1.2378757,-1.2470176,-0.009141922,-0.087519,-0.06798759,0.019531406
38.649544,1.9999999,-0.28022313,-1.2378757,2.0209877,-0.087519,1.4817829,-0.19324161,-0.102382205,2.3361778,0.054594092,0.009125996,-0.101790465,-0.061341356,-0.061781075,-0.00043971837,0.101017244,0.10124333,0.00022608787,-0.0040817764,-0.004238616,-0.00015683984,-1.2157786,-1.2333673,-0.017588735,-0.07575205,-0.08202564,-0.00627359
38.699543,1.9999999,-0.009153373,-1.2157786,2.019702,-0.07575205,-2.4448447,0.33969215,-0.062293164,2.3337996,0.054413438,0.0066035986,0.02598072,-0.060900457,-0.06077388,0.00012657791,0.10130665,0.10121812,-8.85278e-05,-0.004248904,-0.0028804606,0.0013684435,-1.2202396,-1.2151766,0.005063057,-0.094204105,-0.039466374,0.05473773
38.749546,1.9999999,0.0,-1.2202396,2.032564,-0.094204105,-1.3649269,1.5781709,-0.021823294,2.33435,0.05231465,0.011724068,-0.3812113,-0.0614126,-0.06091093,0.00050166994,0.10243313,0.10205956,-0.0003735721,-0.0018526106,-0.0026047528,-0.00075214216,-1.2362643,-1.2161976,0.020066738,0.02009968,-0.009986013,-0.030085694
38.799545,1.9999999,0.0,-1.2362643,2.0647612,0.02009968,-0.5508117,0.8677176,0.02759614,2.3425527,0.043940783,-0.03151753,0.008709585,-0.061881576,-0.06172366,0.00015791506,0.10311614,0.10335777,0.00024162978,0.0020013303,0.0020012276,-1.02678314e-07,-1.2389987,-1.232682,0.006316662,0.05995353,0.059949417,-4.1127205e-06
39.449543,1.9999999,-0.08974403,-1.2411616,1.9975039,0.037062515,-0.21430352,-0.4682322,0.014955999,2.325554,0.036317766,-0.002168043,0.23723838,-0.062212527,-0.062003385,0.00020914152,0.10007609,0.099956125,-0.0001199618,-0.0002499495,0.0011136115,0.001363561,-1.2473395,-1.2389737,0.00836575,-0.047060493,0.007481944,0.054542437
39.499546,1.9999999,-0.49267554,-1.2473395,2.0055394,-0.047060493,-0.19395785,0.65512383,-0.025466477,2.3158166,0.04188286,0.024920141,0.2979876,-0.062413156,-0.06225988,0.00015327707,0.10042846,0.100552216,0.00012375414,-0.002946483,-0.003085733,-0.00013924995,-1.2491869,-1.2430555,0.0061314106,-0.07079883,-0.07636882,-0.0055699944
39.549545,1.9999999,-0.49999997,-1.2491869,2.011599,-0.07079883,-0.42034182,-0.0718244,-0.0568079,2.325118,0.041725334,0.027630717,-0.27956736,-0.06246136,-0.062368907,9.2454255e-05,0.10077599,0.10077337,-2.6151538e-06,-0.0035795164,-0.0039980635,-0.00041854708,-1.2492676,-1.2455695,0.0036981106,-0.07238183,-0.0891237,-0.016741872
39.599545,1.9999999,-0.49999997,-1.2492676,2.0194404,-0.07238183,-0.5059768,-0.37419313,-0.0697114,2.34122,0.04229831,-0.0030365945,-0.5719058,-0.062332727,-0.062334027,-1.3001263e-06,0.10141526,0.10105534,-0.00035992265,-0.0035246483,-0.003923304,-0.00039865565,-1.2440416,-1.2440933,-5.173683e-05,-0.0686041,-0.08455031,-0.015946217
39.649544,1.9999999,-0.49999997,-1.2440416,2.03717,-0.0686041,-0.10821878,0.6336432,-0.085796654,2.3426864,0.04914491,-0.029559864,0.008032862,-0.061730538,-0.061984964,-0.00025442615,0.10161375,0.10198247,0.00036871433,-0.003959656,-0.003811987,0.00014766934,-1.22518,-1.2353569,-0.010176897,-0.089782156,-0.08387535,0.0059068054
39.749546,1.9999999,-0.40476045,-1.2041395,2.031146,-0.10549581,0.46014783,-0.03262962,-0.14492436,2.3417249,0.052851837,-0.01641388,-0.060281895,-0.0601026,-0.05994275,0.0001598522,0.1021366,0.10178273,-0.00035386533,-0.0046820124,-0.005129521,-0.0004475084,-1.1999646,-1.1935703,0.0063943863,-0.08178468,-0.09968502,-0.01790034
39.799545,1.9999999,-0.016477814,-1.1999646,2.054318,-0.08178468,-0.43428463,-0.1070015,-0.10957066,2.3522403,0.055466108,-0.008261498,0.34202957,-0.06017351,-0.05986938,0.0003041327,0.10331444,0.10292242,-0.00039201975,-0.0031421857,-0.003409791,-0.0002676053,-1.2069758,-1.1948105,0.012165308,-0.043902747,-0.05460695,-0.010704204
39.849545,1.9999999,-0.016477814,-1.2069758,2.0782595,-0.043902747,-0.70849365,-0.09180449,-0.06462509,2.3461025,0.037958346,0.017789075,0.38505185,-0.06007631,-0.060313333,-0.0002370216,0.103603005,0.10399673,0.00039372593,-0.0019742635,-0.0015500125,0.00042425096,-1.1960766,-1.2055575,-0.009480834,-0.03506779,-0.018097755,0.016970035
39.899544,1.9999999,0.0,-1.1960766,2.0658607,-0.03506779,-0.55719614,-0.34595907,-0.033077337,2.354092,0.029483983,0.030243687,0.11438964,-0.05975755,-0.05981059,-5.3040683e-05,0.103118084,0.10325401,0.00013592839,-0.00091928174,-0.0010943763,-0.00017509458,-1.1942254,-1.196347,-0.0021215677,-0.0017034785,-0.008707266,-0.007003788
39.949543,1.9999999,0.0,-1.1942254,2.0588624,-0.0017034785,1.6572196,0.19153479,-0.018077794,2.3667328,0.033174194,0.02922804,-0.14954159,-0.060050137,-0.05976463,0.00028550625,0.1031419,0.102904275,-0.00023762137,0.0016725475,0.0005016679,-0.0011708797,-1.20778,-1.1963598,0.01142025,0.06860538,0.021770194,-0.046835184
40.899544,1.9999999,0.0,-1.2149838,1.9906766,0.013595804,0.5463213,-0.098853834,0.016078472,2.3071892,0.026151272,-0.01678445,0.059764877,-0.060983375,-0.060777094,0.0002062805,0.09983696,0.099486336,-0.00035062432,0.0007913946,0.00082615763,3.4763012e-05,-1.2243512,-1.2160999,0.008251309,0.01805998,0.0194505,0.0013905205
40.949543,1.9999999,0.0,-1.2243512,2.0028017,0.01805998,-0.474504,0.13784043,0.016029961,2.306994,0.024645798,0.0012829393,0.15944014,-0.061268624,-0.061235417,3.3207238e-05,0.10010883,0.1001298,2.0965934e-05,0.0011343642,0.00090251135,-0.00023185281,-1.2263938,-1.2250654,0.0013284683,0.027314587,0.018040475,-0.009274112
40.999546,1.9999999,0.0,-1.2263938,2.0015514,0.027314587,-1.7478073,0.13373302,0.021588964,2.3052208,0.01914099,-0.0008404349,-0.08745274,-0.061218143,-0.061353263,-0.00013512,0.09980255,0.100054145,0.0002515912,0.0018757612,0.0012389541,-0.00063680706,-1.2223319,-1.2277366,-0.005404711,0.047715858,0.02224358,-0.025472278
41.049545,1.9999999,0.0,-1.2223319,1.9905508,0.047715858,-0.98699486,-0.2327126,0.020009061,2.302265,0.019375026,-0.007462335,-0.11868795,-0.06096483,-0.061153688,-0.00018885732,0.09917777,0.09948739,0.00030961633,0.002808247,0.0019128008,-0.00089544617,-1.2162614,-1.2238157,-0.0075542927,0.06461402,0.028796174,-0.035817847
41.099545,1.9999999,0.0,-1.2162614,1.97656,0.06461402,0.41081825,0.06425937,0.017031651,2.298834,0.023101121,-0.01270923,0.1579218,-0.060843308,-0.060840875,2.4326146e-06,0.09881202,0.09885371,4.1686e-05,0.0019042749,0.0025325532,0.00062827824,-1.2174709,-1.2173736,9.727478e-05,0.011556974,0.036688104,0.02513113
41.149544,1.9999999,0.0,-1.2174709,1.9759208,0.011556974,0.55559283,-0.39999527,0.015983338,2.3021412,0.01607563,0.008329846,0.08131112,-0.061152052,-0.06089884,0.0002532117,0.09909554,0.09874531,-0.00035022944,0.0013024344,0.00049433595,-0.0008080984,-1.2286112,-1.2184827,0.010128498,0.0405404,0.008216467,-0.032323934
41.199543,1.9999999,0.0,-1.2286112,1.9879007,0.0405404,-0.21452294,-0.9140134,0.018544422,2.3002405,0.011164909,-0.0045781177,-0.08392051,-0.061611846,-0.061430074,0.00018177181,0.09952833,0.09936478,-0.0001635477,0.0019601495,0.0018131081,-0.0001470414,-1.2358626,-1.2285916,0.0072710514,0.037865575,0.031983923,-0.0058816522
41.249546,1.9999999,0.0,-1.2358626,1.9932323,0.037865575,0.22367144,0.51550406,0.023140956,2.2926745,0.016542431,-6.2204694e-05,0.10413826,-0.061809283,-0.061850738,-4.145503e-05,0.09952613,0.099614844,8.871406e-05,0.0014899276,0.0017897461,0.00029981846,-1.2365087,-1.2381669,-0.0016582012,0.02173153,0.033724267,0.011992738
41.299545,1.9999999,0.0,-1.2365087,1.9878128,0.02173153,1.2058916,0.29023156,0.014840442,2.2921436,0.022674771,0.0058357087,0.08913704,-0.061794642,-0.061880942,-8.6300075e-05,0.099205926,0.099326186,0.00012025982,0.00087576616,0.0010836406,0.00020787446,-1.2352769,-1.2387289,-0.0034519434,0.013299117,0.021614093,0.0083149765
41.349545,1.9999999,0.0,-1.2352769,1.9804242,0.013299117,1.6746163,-0.24791329,0.025518948,2.2971873,0.025981864,0.008851499,0.042898685,-0.06179682,-0.06179439,2.4326146e-06,0.09900063,0.09892859,-7.2039664e-05,0.001019338,0.00075773784,-0.0002616002,-1.236596,-1.2364985,9.75132e-05,0.027474403,0.017010394,-0.010464009
41.399544,1.9999999,0.0,-1.236596,1.979601,0.027474403,0.5374244,-0.24865027,0.034362867,2.2918818,0.031987596,0.010125577,-0.21435513,-0.061957154,-0.061885715,7.143989e-05,0.099074066,0.09888949,-0.00018457323,0.0017872739,0.0013521163,-0.00043515756,-1.2416902,-1.2388327,0.0028574467,0.04401655,0.026610248,-0.017406303
41.449543,1.9999999,0.0,-1.2416902,1.9833617,0.04401655,-1.3503542,-0.08157308,0.03932222,2.3022833,0.014425037,-0.012584013,0.13768303,-0.0620064,-0.06217224,-0.00016584247,0.09887797,0.09916856,0.000290595,0.0017957363,0.001881714,8.597772e-05,-1.2385659,-1.2451994,-0.00663352,0.027812898,0.031252008,0.0034391098
41.499546,1.9999999,0.0,-1.2385659,1.971757,0.027812898,-1.1786749,-0.24254899,0.030063834,2.293305,0.017289853,0.023893882,0.12875198,-0.062008407,-0.062033035,-2.4627894e-05,0.09866458,0.09854565,-0.00011893362,0.0013279717,0.001187336,-0.00014063565,-1.2417704,-1.2427555,-0.0009851456,0.02530597,0.019680545,-0.005625425
41.549545,1.9999999,0.0,-1.2417704,1.9748261,0.02530597,1.2156849,-0.310783,0.013864711,2.2993727,0.018562179,0.00029118554,-0.29967627,-0.06212144,-0.06218172,-6.0278922e-05,0.09865552,0.09865432,-1.1995435e-06,0.0011814277,0.0011430279,-3.8399827e-05,-1.2430872,-1.2454983,-0.002411127,0.02195114,0.020415148,-0.0015359931
41.599545,1.9999999,0.0,-1.2430872,1.9713949,0.02195114,1.0610573,0.9197763,0.025289169,2.298643,0.018145733,-0.006073746,-0.12743805,-0.062289163,-0.062275924,1.3239682e-05,0.09861839,0.09853208,-8.6307526e-05,0.001078492,0.001056745,-2.174708e-05,-1.2484794,-1.2479497,0.0005296469,0.021188542,0.020318653,-0.0008698888
41.649544,1.9999999,0.0,-1.2484794,1.9733406,0.021188542,0.43864658,0.6531074,0.017493136,2.2951071,0.017000018,-0.012452619,-0.27093187,-0.06283453,-0.06254813,0.00028640032,0.099156,0.098669104,-0.00048689544,0.0012285811,0.0010095,-0.00021908106,-1.264902,-1.2534459,0.011456132,0.0279547,0.019191459,-0.008763241
41.699543,1.9999999,0.0,-1.264902,1.9928994,0.0279547,-0.23055427,0.28029597,0.01848263,2.3012385,0.014894032,-0.03316693,0.024105312,-0.062845856,-0.06331193,-0.00046607107,0.09895146,0.09969148,0.00074002147,0.0013697788,0.0012318369,-0.00013794191,-1.2489321,-1.2675751,-0.018643022,0.026836451,0.021318773,-0.0055176783
41.749546,1.9999999,0.0,-1.2489321,1.9651588,0.026836451,-0.75376433,-0.08798929,0.027812848,2.294868,0.022764064,-0.010042088,0.48751047,-0.062760144,-0.06247293,0.00028721616,0.09861973,0.09828676,-0.00033296645,0.0012874204,0.0010746506,-0.00021276984,-1.2614738,-1.2499851,0.011488676,0.024660366,0.01614957,-0.008510796
41.799545,1.9999999,0.0,-1.2614738,1.9796302,0.024660366,-0.20224047,0.4513739,0.024381243,2.2968845,0.020824919,0.015584117,0.26709402,-0.06318145,-0.06316868,1.2770295e-05,0.099045075,0.09898307,-6.200373e-05,0.0013651998,0.0012105345,-0.00015466532,-1.2657845,-1.2652735,0.0005110502,0.029947627,0.023761014,-0.006186614
41.849545,1.9999999,0.0,-1.2657845,1.9821728,0.029947627,0.2713299,0.5183493,0.032097045,2.2919855,0.012811181,0.016667314,-0.290455,-0.06346296,-0.063453354,9.603798e-06,0.09922672,0.09901147,-0.00021524727,0.0023432511,0.0014327299,-0.00091052125,-1.2727337,-1.2723496,0.00038409233,0.06378242,0.027361568,-0.03642085
41.899544,1.9999999,0.0,-1.2727337,1.986896,0.06378242,0.67895633,0.07415783,0.02212471,2.301716,0.011844418,-0.013461384,-0.26577657,-0.06341847,-0.06377513,-0.0003566593,0.098870814,0.099323325,0.000452511,0.0019296648,0.0025965816,0.00066691684,-1.2640051,-1.2782714,-0.014266372,0.013404177,0.040080845,0.02667667
41.949543,1.9999999,0.0,-1.2640051,1.9679365,0.013404177,0.6114973,-0.27659056,0.01196706,2.2953382,0.019624457,-0.009910343,0.1887782,-0.063356765,-0.0632389,0.000117868185,0.09856144,0.09839996,-0.00016148388,0.00083329866,0.00037283226,-0.0004604664,-1.2702655,-1.2655506,0.0047148466,0.01992777,0.0015091151,-0.018418655
41.999546,1.9999999,0.0,-1.2702655,1.9745213,0.01992777,-0.70312184,0.49168068,0.03393394,2.296559,0.022750026,0.005416436,0.1909352,-0.06366224,-0.06361236,4.9881637e-05,0.098918125,0.098683745,-0.00023438036,0.0012621856,0.0009575693,-0.00030461635,-1.2762241,-1.2742286,0.0019955635,0.030559653,0.018375002,-0.012184652
42.049545,1.9999999,0.0,-1.2762241,1.9822036,0.030559653,-0.075703375,-0.14588849,0.01413107,2.2988,0.025808638,0.009183177,0.028077537,-0.06372955,-0.06389978,-0.00017023087,0.09892116,0.09905867,0.00013751537,0.0016090142,0.0013321223,-0.00027689198,-1.2729576,-1.2797668,-0.0068092346,0.03380092,0.022725234,-0.011075685
42.099545,1.9999999,0.0,-1.2729576,1.9746426,0.03380092,0.5234115,0.27204573,0.011710693,2.2953935,0.028637992,0.00822419,0.07006446,-0.06368135,-0.06373262,-5.1267445e-05,0.098651044,0.09867588,2.4832785e-05,0.0012060693,0.0014619324,0.00025586318,-1.2742965,-1.2763469,-0.0020503998,0.014441853,0.024676379,0.010234525
42.149544,1.9999999,0.0,-1.2742965,1.9713992,0.014441853,-0.28119934,0.25190702,0.025797416,2.2951026,0.013959692,0.016189624,0.017397653,-0.06386477,-0.06383051,3.425777e-05,0.09847275,0.09847223,-5.2154064e-07,0.0013567535,0.00071824307,-0.00063851045,-1.2802941,-1.2789237,0.0013703108,0.03982829,0.01428787,-0.025540419
42.199543,1.9999999,0.0,-1.2802941,1.9675108,0.03982829,0.4797651,-0.1193434,0.023590852,2.3000164,0.023320787,0.009963955,-0.085987054,-0.06404393,-0.06411882,-7.4885786e-05,0.098351344,0.098308995,-4.23491e-05,0.0015302374,0.0016832724,0.00015303504,-1.2814633,-1.2844585,-0.0029952526,0.021381207,0.027502608,0.0061214007
42.249546,1.9999999,0.0,-1.2814633,1.9665431,0.021381207,-0.041555922,0.3603369,0.018051956,2.3008177,0.01972459,0.007590918,-0.29381037,-0.0640221,-0.06420966,-0.00018756092,0.09820888,0.09825602,4.7139823e-05,0.0006828396,0.00090069213,0.00021785253,-1.2794209,-1.286923,-0.007502198,0.005932377,0.014646478,0.0087141
42.299545,1.9999999,0.0,-1.2794209,1.9618121,0.005932377,-1.008928,0.4194822,0.019845247,2.2980237,0.013807613,-0.019417081,-0.2583829,-0.06409621,-0.064090036,6.1765313e-06,0.09816166,0.0980396,-0.00012206286,0.00040953344,0.00024639964,-0.00016313381,-1.2844276,-1.2841804,0.00024724007,0.010448961,0.003923606,-0.0065253545
42.349545,1.9999999,0.0,-1.2844276,1.9646543,0.010448961,-0.91926306,-0.2614909,0.026218364,2.297301,0.01475127,-0.018247372,0.25964716,-0.064049765,-0.06428148,-0.00023171306,0.097830884,0.09821908,0.0003881976,0.0006903073,0.00035491958,-0.0003353877,-1.2775627,-1.2868313,-0.009268522,0.01716333,0.0037478246,-0.013415506
42.399544,1.9999999,0.0,-1.2775627,1.9485811,0.01716333,-0.29517686,-0.5320369,0.026180994,2.2965083,0.020876255,0.006547636,-0.011925043,-0.06399748,-0.06391343,8.405e-05,0.097567976,0.09741088,-0.00015709549,0.00044055862,0.00074797386,0.00030741523,-1.2823364,-1.2789744,0.0033619404,0.0004590145,0.012755621,0.012296607
42.449543,1.9999999,0.0,-1.2823364,1.9541378,0.0004590145,1.039888,0.46383744,0.013585918,2.2929637,0.016176727,-0.019439876,-0.09164588,-0.06424217,-0.06417171,7.046014e-05,0.09781842,0.09769267,-0.0001257509,0.00094694656,0.00020916724,-0.0007377793,-1.2873504,-1.284532,0.0028184652,0.037418846,0.007907674,-0.029511172
42.499546,1.9999999,0.0,-1.2873504,1.9585989,0.037418846,-1.3311144,-0.2662351,0.037223574,2.3025672,0.014759241,-0.0026169522,0.083906315,-0.06462263,-0.06442245,0.0002001822,0.09801504,0.09793228,-8.276105e-05,0.0007485619,0.0016514428,0.0009028809,-1.2975551,-1.2895477,0.008007407,-0.00747637,0.028638866,0.036115237
42.549545,1.9999999,0.0,-1.2975551,1.9620029,-0.00747637,-0.45955694,-0.11450716,0.013274372,2.2984438,0.018440342,-0.011049245,0.078597166,-0.06440015,-0.06491204,-0.00051189214,0.09733988,0.098072104,0.0007322207,1.1324812e-05,-0.00018479806,-0.00019612287,-1.278451,-1.2989268,-0.020475864,0.007929362,8.4448606e-05,-0.007844914
42.599545,1.9999999,0.0,-1.278451,1.9315926,0.007929362,-0.43509898,0.4240211,0.02951715,2.3001347,0.01380616,0.0052427645,0.23746853,-0.06440604,-0.064005546,0.00040049106,0.09719017,0.09655556,-0.00063461065,0.0005693133,0.0006163353,4.702201e-05,-1.2977904,-1.2817708,0.016019583,0.014843169,0.01672405,0.0018808814
42.649544,1.9999999,0.0,-1.2977904,1.9560143,0.014843169,0.35883817,-0.4103702,0.02325719,2.2949085,0.016652718,0.012697608,-0.06396738,-0.06489263,-0.064978056,-8.542836e-05,0.097703844,0.09772753,2.3685396e-05,0.00057986967,0.0007680159,0.00018814625,-1.2979146,-1.3013319,-0.0034172535,0.0083516175,0.015877467,0.007525849
42.699543,1.9999999,0.0,-1.2979146,1.9521394,0.0083516175,0.43826455,-0.31137916,0.012147305,2.292295,0.028615242,-0.0011539736,-0.12853399,-0.06482513,-0.06497644,-0.00015130639,0.09739149,0.09753908,0.00014758855,0.0001986331,0.00043063314,0.00023200003,-1.2950908,-1.3011428,-0.006052017,-0.00040629346,0.008873709,0.009280002
42.749546,1.9999999,0.0,-1.2950908,1.9435203,-0.00040629346,-0.10524097,0.103111096,0.01292309,2.295906,0.017537603,-0.00015578986,0.16602632,-0.064808525,-0.06482998,-2.1457672e-05,0.09724918,0.097112834,-0.00013634562,-0.00026617298,0.00011803266,0.00038420563,-1.2972503,-1.2981083,-0.00085806847,-0.0102406265,0.0051276013,0.015368228
42.799545,1.9999999,0.0,-1.2972503,1.946447,-0.0102406265,-0.06921305,-0.26854134,0.02766304,2.2986143,0.017712463,0.015448658,0.3175131,-0.06495261,-0.064920954,3.1657517e-05,0.097310714,0.09723784,-7.287413e-05,-9.287199e-05,-0.0001912795,-9.840751e-05,-1.3008542,-1.2995878,0.0012663603,0.006525747,0.0025894456,-0.0039363015
42.849545,1.9999999,0.0,-1.3008542,1.9459816,0.006525747,1.2019686,-0.45577776,0.020549173,2.2995868,0.018300973,0.03159552,0.1744635,-0.065141946,-0.06511768,2.4266541e-05,0.09727668,0.09714772,-0.0001289621,0.00074526464,0.0005451711,-0.00020009355,-1.3048235,-1.3038529,0.00097060204,0.023284838,0.015281096,-0.0080037415
42.899544,1.9999999,-0.07509515,-1.3048235,1.9450855,0.023284838,0.28932482,0.41164157,0.017849281,2.298685,0.013645571,0.032895006,-0.2994956,-0.06535122,-0.065343685,7.532537e-06,0.09732813,0.09712594,-0.0002021864,0.001000346,0.0011855712,0.00018522516,-1.3092251,-1.3089238,0.00030124187,0.016729003,0.024138011,0.007409008
42.949543,1.9999999,-0.07509515,-1.3092251,1.9480394,0.016729003,-0.6050548,0.8052211,0.019827139,2.2997718,0.018127779,0.0016459598,-0.026419282,-0.06584124,-0.06562,0.00022124499,0.09819241,0.09734256,-0.0008498505,-0.0012351446,0.00048124214,0.0017163868,-1.3244246,-1.3155749,0.00884974,-0.06613479,0.0025206842,0.068655476
42.999546,1.9999999,-0.17765914,-1.3244246,1.9796569,-0.06613479,-1.3870001,0.62288743,0.0023758318,2.306806,0.005832378,0.030253079,0.109552294,-0.0659219,-0.06638103,-0.00045912713,0.09890302,0.098939374,3.6351383e-05,-0.0032392957,-0.003219007,2.028863e-05,-1.3124514,-1.3308163,-0.018364906,-0.063437045,-0.06262548,0.00081156194
43.049545,1.9999999,-0.3095209,-1.3124514,1.9764639,-0.063437045,-0.224203,-0.26800346,-0.060884696,2.3203542,0.020705597,0.012601189,-0.014400001,-0.06541551,-0.065643385,-0.00022787601,0.09885555,0.09877595,-7.959455e-05,-0.0034217462,-0.0036250309,-0.00020328467,-1.304169,-1.313284,-0.009114981,-0.073432796,-0.08156418,-0.008131385
43.099545,1.9999999,-0.397436,-1.304169,1.9777582,-0.073432796,-0.39991146,0.38179094,-0.07409003,2.3319616,0.032843497,0.028813079,-0.16394128,-0.06496966,-0.065203846,-0.00023418665,0.09894836,0.09890618,-4.2177737e-05,-0.003900714,-0.003840603,6.011105e-05,-1.2946172,-1.3039849,-0.009367704,-0.08259576,-0.08019133,0.002404429
43.149544,1.9999999,-0.49999997,-1.2946172,1.9801762,-0.08259576,-1.2743225,0.7047191,-0.082122296,2.3381395,0.021186687,-0.0037929385,-0.31387177,-0.06457933,-0.06471858,-0.00013925135,0.099333994,0.099098206,-0.00023578852,-0.004683062,-0.0041985377,0.0004845243,-1.2885562,-1.2941262,-0.005569935,-0.104726724,-0.08534576,0.019380964
43.199543,1.9999999,-0.49999997,-1.2885562,1.9931836,-0.104726724,0.3949984,-0.044390343,-0.109615505,2.3370848,0.020964045,-0.0025740976,-0.15584412,-0.063804336,-0.06428979,-0.00048545748,0.09950123,0.099755965,0.00025473535,-0.0058782874,-0.005329368,0.0005489192,-1.2636174,-1.2830354,-0.019418001,-0.13040476,-0.10844802,0.021956734
43.249546,1.9999999,-0.49999997,-1.2636174,1.9868655,-0.13040476,1.5356172,0.8234174,-0.13238728,2.3241389,0.026104502,-0.01937735,-0.030176455,-0.06297778,-0.06295672,2.1062791e-05,0.09975943,0.099656805,-0.0001026243,-0.0066244276,-0.0061123795,0.00051204814,-1.2554941,-1.2546514,0.00084269047,-0.13457234,-0.11409043,0.020481914
43.299545,1.9999999,-0.49999997,-1.2554941,2.0035117,-0.13457234,0.45978522,0.09667873,-0.1488648,2.3276362,0.03507071,-0.005591743,0.43436566,-0.0622319,-0.062530555,-0.00029865652,0.10006658,0.100495055,0.00042847544,-0.007350708,-0.0063745934,0.00097611453,-1.2337818,-1.245728,-0.011946201,-0.15945597,-0.12041139,0.03904458
43.349545,1.9999999,-0.49999997,-1.2337818,1.9991513,-0.15945597,-0.41788727,-0.58610255,-0.14700463,2.3285909,0.0117079215,0.024059216,0.47984627,-0.061551623,-0.061545122,6.5006316e-06,0.10096147,0.10021223,-0.00074923784,-0.0071290345,-0.007332228,-0.00020319363,-1.228283,-1.228023,0.00025999546,-0.1257054,-0.13383314,-0.008127734
43.399544,1.9999999,-0.3827871,-1.228283,2.0393076,-0.1257054,0.21298437,-0.4718236,-0.11030789,2.3351789,0.013987982,0.042392883,0.036024667,-0.061123945,-0.061364498,-0.00024055317,0.10174815,0.10211059,0.0003624335,-0.0050202487,-0.0053145676,-0.0002943189,-1.2166747,-1.2262968,-0.009622097,-0.075104535,-0.08687729,-0.011772752
43.449543,1.9999999,-0.23627648,-1.2166747,2.0306184,-0.075104535,0.030604884,0.08666365,-0.031412166,2.3321624,0.0063229785,0.027661683,-0.23757127,-0.060910646,-0.060847428,6.321818e-05,0.10182465,0.10166671,-0.00015793741,-0.0026464877,-0.0025276672,0.00011882046,-1.2197511,-1.2172222,0.0025289059,-0.030754969,-0.026002154,0.004752815
43.499546,1.9999999,-0.19963247,-1.2197511,2.0423675,-0.030754969,0.6902431,0.745521,-0.027792113,2.3397622,0.00081295834,0.018635757,-0.0054571657,-0.060859922,-0.06104783,-0.00018790737,0.10205228,0.10222137,0.00016909093,-0.0014001131,-0.0006375149,0.0007625982,-1.2146459,-1.2221621,-0.007516265,-0.025249558,0.0052543767,0.030503934
43.549545,1.9999999,-0.16301025,-1.2146459,2.0397236,-0.025249558,1.0358546,-0.145242,0.0029460338,2.3440876,0.011545851,0.027115967,-0.26382905,-0.060632348,-0.060780276,-0.00014792755,0.10171906,0.10203506,0.00031600147,0.0005827308,-0.000615982,-0.0011987127,-1.2106481,-1.216565,-0.005916953,0.04855879,0.0006102808,-0.04794851
43.599545,1.9999999,-0.08241959,-1.2106481,2.0290387,0.04855879,0.8533427,-0.74729836,0.04303774,2.3283255,0.015654806,-0.007747149,-0.55999726,-0.06076303,-0.060552787,0.00021024421,0.101641014,0.10140487,-0.00023614615,0.0023134698,0.0024800685,0.00016659871,-1.2198732,-1.2114635,0.008409739,0.043980006,0.050643947,0.006663941
43.649544,1.9999999,-0.016477814,-1.2198732,2.0366018,0.043980006,0.23592821,-0.60501033,0.042426333,2.3269827,0.018176565,-0.02888376,0.30489945,-0.060795404,-0.060925603,-0.0001301989,0.10118624,0.10186702,0.0006807819,0.0015065622,0.0016992616,0.00019269937,-1.2119429,-1.217151,-0.0052081347,0.01628248,0.023990456,0.007707976
43.699543,1.9999999,0.0,-1.2119429,2.0108476,0.01628248,0.5289809,0.26694167,0.02488696,2.3177521,0.012998931,0.022742797,0.24354337,-0.060957313,-0.0606214,0.00033591315,0.10107358,0.10051135,-0.00056222826,0.0005116004,0.00092718063,0.00041558023,-1.2263496,-1.212913,0.013436556,0.0041815345,0.020804744,0.01662321
43.749546,1.9999999,0.0,-1.2263496,2.0320957,0.0041815345,0.0054548206,-0.12789229,0.00832145,2.320547,0.007868603,-0.004529424,-0.27298108,-0.061070472,-0.061375476,-0.00030500442,0.10111585,0.10153037,0.0004145205,0.0005307705,0.00047071633,-6.0054183e-05,-1.2164692,-1.2286695,-0.0122003555,0.017049287,0.014647119,-0.0024021678
43.899544,1.9999999,0.0,-1.2140619,1.9980837,0.028128743,0.6797506,-0.5537039,0.01613571,2.3207152,0.006549515,0.034577273,-0.26220208,-0.060827356,-0.060712535,0.0001148209,0.09990932,0.09966652,-0.00024279952,0.0018418299,0.0015537909,-0.00028803898,-1.2190323,-1.2144395,0.0045927763,0.04554445,0.03402289,-0.011521559
44.099545,1.9999999,0.0,-1.2229469,1.9911033,0.021357335,0.867349,0.20070176,0.011372829,2.296318,0.012100544,-0.01498355,0.11634835,-0.0614042,-0.061181076,0.00022312254,0.099906676,0.09946077,-0.00044590235,0.0013736953,0.000975165,-0.00039853033,-1.233221,-1.2242961,0.008924961,0.033590477,0.017649263,-0.015941214
44.149544,1.9999999,0.0,-1.233221,2.0051637,0.033590477,-0.13226776,-0.7781189,0.025051938,2.2928948,0.02599794,-0.0091106035,0.108472236,-0.061388243,-0.06165266,-0.00026441738,0.09972272,0.10019159,0.0004688725,0.0012953553,0.0014995078,0.00020415254,-1.2223086,-1.2328855,-0.010576844,0.018223736,0.026389834,0.008166097
44.199543,1.9999999,-0.03845114,-1.2223086,1.983745,0.018223736,-0.2390588,0.024400316,0.025438419,2.2930796,0.013451652,-0.0041363253,-0.13998537,-0.061558504,-0.06115532,0.00040318444,0.09974544,0.0991091,-0.0006363392,0.0011059006,0.0009448756,-0.00016102503,-1.2400316,-1.2239041,0.016127467,0.026012287,0.019571286,-0.006441001
44.249546,1.9999999,-0.09706847,-1.2400316,2.0060725,0.026012287,0.42199516,0.26876393,-0.004136503,2.2873135,0.014232697,-0.02310914,0.031711873,-0.06195313,-0.06201304,-5.991012e-05,0.10055856,0.1003011,-0.0002574548,-0.002166693,0.0009996103,0.0031663035,-1.2380936,-1.2404901,-0.0023964643,-0.11268,0.013972126,0.12665212
44.299545,1.9999999,-0.46337777,-1.2380936,2.0162697,-0.11268,-0.0069866935,1.1151292,-0.09452311,2.3083425,0.008855579,-0.00096513843,0.022930179,-0.06189002,-0.06184851,4.151091e-05,0.10135239,0.10099568,-0.00035671145,-0.005339042,-0.005374917,-3.587501e-05,-1.2375071,-1.2358468,0.001660347,-0.10088166,-0.102316655,-0.0014349967
44.349545,1.9999999,-0.40476045,-1.2375071,2.0378258,-0.10088166,0.104078695,0.24780396,-0.028355801,2.3241596,0.027797056,-0.020816121,0.04618495,-0.06193867,-0.061802056,0.00013661385,0.10217093,0.10216924,-1.6912818e-06,-0.0016127088,-0.0046251374,-0.0030124285,-1.2400397,-1.234575,0.005464673,0.036373306,-0.08412385,-0.12049715
44.399544,1.9999999,0.0,-1.2400397,2.0490112,0.036373306,-0.38906306,0.56080234,0.024638455,2.3248122,0.027416507,0.0036533566,0.1796685,-0.062218476,-0.06197995,0.00023852661,0.10272065,0.102672055,-4.8592687e-05,0.0016049559,0.0018525372,0.00024758128,-1.2486993,-1.2391582,0.009541154,0.02782493,0.03772818,0.009903248
44.449543,1.9999999,0.0,-1.2486993,2.0598147,0.02782493,-0.08351138,0.7389478,0.036083233,2.3354588,0.016076105,-0.0028492722,0.20957127,-0.06253798,-0.06248672,5.126372e-05,0.10307287,0.10313846,6.559491e-05,0.0009960308,0.0013291622,0.0003331314,-1.25282,-1.2507694,0.0020506382,0.012016299,0.025341555,0.013325256
44.499546,1.9999999,0.0,-1.25282,2.0631,0.012016299,0.07818015,-0.23483321,0.019084195,2.3516853,0.022797726,0.024610484,0.08471288,-0.06263156,-0.06269177,-6.020814e-05,0.10301538,0.1031891,0.00017372519,0.00063444074,0.00053397304,-0.0001004677,-1.2524424,-1.2548509,-0.0024085045,0.013361331,0.009342622,-0.004018709
44.549545,1.9999999,0.0,-1.2524424,2.057515,0.013361331,-0.053907078,-0.802205,0.009508564,2.350754,0.014950668,0.0056220153,-0.10107392,-0.062459555,-0.062628046,-0.00016849115,0.10251791,0.10284539,0.00032748282,0.0009138199,0.0005632792,-0.00035054068,-1.2459399,-1.2526793,-0.006739497,0.023191463,0.009169836,-0.014021628
44.599545,1.9999999,0.0,-1.2459399,2.0432014,0.023191463,-1.3464079,0.23572223,0.029255068,2.344589,0.006969654,0.0145030925,0.15880921,-0.06217989,-0.06235043,-0.00017054006,0.10186597,0.10213035,0.00026438385,0.0014304069,0.0011173849,-0.00031302206,-1.2412558,-1.2480773,-0.006821513,0.034024816,0.021503929,-0.012520887
44.649544,1.9999999,0.0,-1.2412558,2.0314372,0.034024816,-0.14454183,0.235655,0.02210189,2.34036,0.010194708,0.021502936,-0.0615934,-0.0621432,-0.06216531,-2.2109598e-05,0.10157956,0.10148344,-9.611994e-05,0.001839454,0.001567135,-0.00027231907,-1.2444721,-1.2453564,-0.0008842945,0.039553344,0.028660584,-0.01089276
44.699543,1.9999999,0.0,-1.2444721,2.0317452,0.039553344,0.26080728,-0.14208078,0.012267615,2.3300948,0.015102446,0.0083437525,-0.22330835,-0.062269233,-0.062319364,-5.013123e-05,0.101541296,0.101490535,-5.0760806e-05,0.0018478326,0.001616123,-0.00023170956,-1.2462971,-1.2483025,-0.0020053387,0.034359958,0.025091574,-0.009268384
44.749546,1.9999999,0.0,-1.2462971,2.0299065,0.034359958,-0.15818436,-0.33312428,0.033138033,2.336576,0.018514654,-0.0008278994,0.017527804,-0.062205553,-0.06237919,-0.00017363578,0.10113324,0.10141843,0.00028518587,0.0011994669,0.0013316084,0.00013214152,-1.2419249,-1.2488704,-0.006945491,0.013618717,0.018904377,0.00528566
44.799545,1.9999999,0.0,-1.2419249,2.0154233,0.013618717,0.23332718,0.3794733,0.01305584,2.3177536,0.016107997,0.010096533,0.23125249,-0.062009096,-0.06217989,-0.00017079338,0.10055046,0.10069827,0.00014781207,0.00058148854,0.0006063512,2.4862646e-05,-1.238439,-1.2452705,-0.0068315268,0.009640826,0.010635331,0.0009945054
44.849545,1.9999999,0.0,-1.238439,2.0065951,0.009640826,-0.46998978,-1.0248095,0.013987136,2.310572,0.013712235,0.022297349,0.052775912,-0.06206311,-0.061965525,9.758398e-05,0.10046663,0.100193314,-0.0002733171,0.00093922333,0.0004442923,-0.000494931,-1.2440853,-1.2401822,0.0039031506,0.027928106,0.008130867,-0.01979724
44.899544,1.9999999,0.0,-1.2440853,2.01207,0.027928106,0.6954883,-0.06842866,0.012033708,2.3018458,0.016075378,0.015374124,-0.12102478,-0.061995324,-0.06226592,-0.00027059764,0.10020408,0.100413464,0.00020938367,0.0010694384,0.0014517764,0.00038233795,-1.2357275,-1.2465515,-0.010823965,0.014849428,0.030142948,0.01529352
44.949543,1.9999999,0.0,-1.2357275,1.9960933,0.014849428,0.91761243,0.20841755,0.024928771,2.2874858,0.017170528,0.010194872,-0.13823093,-0.062061824,-0.061886158,0.00017566606,0.10001698,0.0996508,-0.00036618114,0.0014205877,0.00085023866,-0.000570349,-1.2467453,-1.2397186,0.0070267916,0.04197408,0.019160118,-0.02281396
44.999546,1.9999999,0.0,-1.2467453,2.004586,0.04197408,-0.13338707,-0.2451694,0.039427824,2.303387,0.023510808,0.001551031,-0.14705236,-0.062147055,-0.06244875,-0.00030169636,0.099814445,0.10015141,0.0003369674,0.0015084145,0.0018272534,0.00031883887,-1.2391368,-1.2512047,-0.012067914,0.018362502,0.031116057,0.012753556
45.049545,1.9999999,0.0,-1.2391368,1.9879918,0.018362502,-0.23747453,-0.39112258,0.031524554,2.2883136,0.0155932745,-0.0045103645,-0.025196245,-0.062046498,-0.06204293,3.568828e-06,0.09942459,0.09933286,-9.173155e-05,0.0012337099,0.0007830946,-0.00045061525,-1.242723,-1.2425804,0.00014257431,0.030985892,0.01296128,-0.018024612
46.299545,1.9999999,0.0,-1.27993,1.9477153,0.008563956,0.14760847,-0.8116212,0.021869201,2.24746,0.011282762,0.03964619,-0.20385331,-0.06398406,-0.06403463,-5.057454e-05,0.09716242,0.09707032,-9.209663e-05,0.00093131,0.00062203704,-0.00030927296,-1.2794325,-1.2814554,-0.0020228624,0.028688442,0.016317531,-0.0123709105
46.349545,1.9999999,0.0,-1.2794325,1.9387814,0.028688442,-1.2781723,0.86907595,0.03371113,2.2505753,0.014473964,-0.01810165,-0.0907513,-0.06419699,-0.064123236,7.37533e-05,0.09719887,0.09687043,-0.0003284365,0.001610175,0.0013113263,-0.00029884872,-1.2884471,-1.285497,0.0029501915,0.03571856,0.023764607,-0.011953954
46.599545,1.9999999,0.0,-1.276625,1.9180875,-0.009462816,-1.2915124,0.42333704,0.031631596,2.2427304,-0.007959475,0.011588645,-0.15401359,-0.06410175,-0.06400106,0.000100687146,0.096151695,0.09581657,-0.00033512712,0.0002936636,-0.00027498844,-0.00056865206,-1.2874447,-1.2834173,0.0040273666,0.02120936,-0.0015367232,-0.022746082
46.649544,1.9999999,0.0,-1.2874447,1.9279802,0.02120936,-0.61392564,0.014956739,0.025772221,2.2560587,-0.011754975,0.008671455,-0.334736,-0.06472829,-0.06455862,0.00016967207,0.09672807,0.09629328,-0.00043479353,0.0013481337,0.00091596396,-0.0004321697,-1.301687,-1.2949,0.0067870617,0.032715984,0.015429199,-0.017286785
46.699543,1.9999999,0.0,-1.301687,1.9411426,0.032715984,0.65008026,-0.20832993,0.02919038,2.2504818,0.0024040577,-0.021884954,-0.1268676,-0.06485896,-0.065239266,-0.00038030744,0.0965846,0.09701816,0.00043355674,0.0010603804,0.001226287,0.00016590662,-1.2926712,-1.3078835,-0.015212297,0.009699231,0.016335495,0.006636264
46.749546,1.9999999,0.0,-1.2926712,1.9222416,0.009699231,0.48141906,-0.6175038,0.019855004,2.2550719,-0.0019205976,-0.0040153046,0.07065699,-0.06479085,-0.06470355,8.73059e-05,0.09632004,0.09608606,-0.00023397803,0.0010228134,0.00032924023,-0.00069357315,-1.2989628,-1.2954705,0.0034923553,0.031213306,0.0034703799,-0.027742926
46.899544,1.9999999,0.0,-1.2997464,1.9221417,0.0039320956,-0.31949162,0.35697016,0.020138234,2.233149,-0.011091671,0.00028094288,0.12906429,-0.0651994,-0.06508648,0.000112921,0.096392415,0.09605422,-0.00033819675,0.00056301104,0.0003577262,-0.00020528483,-1.3082297,-1.3037125,0.0045171976,0.018588345,0.010376949,-0.008211397
46.949543,1.9999999,0.0,-1.3082297,1.9335549,0.018588345,-0.31978413,0.34844628,0.035138518,2.241429,-0.015332796,0.0014856993,0.06365003,-0.065212585,-0.065539554,-0.00032696873,0.096301675,0.09660929,0.00030761212,0.00081157836,0.0010153096,0.00020373124,-1.3002737,-1.3133523,-0.01307869,0.013874788,0.02202404,0.008149251
46.999546,1.9999999,0.0,-1.3002737,1.9185121,0.013874788,-0.18513338,0.6041865,0.012835365,2.2431698,-0.004889374,0.0066459454,-0.20537193,-0.06527609,-0.06518801,8.807331e-05,0.09611006,0.09587047,-0.00023958832,0.0004818196,0.0006597236,0.000177904,-1.3107698,-1.3072469,0.003522873,0.0053979955,0.012514155,0.00711616
47.499546,1.9999999,-0.15568581,-1.3255051,1.9131198,0.020188034,0.38237375,0.08558023,0.0042513264,2.248961,-0.008232608,-0.007924715,-0.19835728,-0.066584215,-0.06639843,0.00018578768,0.09610916,0.09569471,-0.000414446,-0.00029354493,0.0003652314,0.0006587763,-1.3378636,-1.3304318,0.0074317455,-0.031929832,-0.0055787787,0.026351053
47.549545,1.9999999,-0.49999997,-1.3378636,1.9312465,-0.031929832,0.052429292,0.2555853,-0.04223683,2.2489552,-0.0065604984,-0.00862364,0.024961766,-0.06683611,-0.066899605,-6.349385e-05,0.09683017,0.09681887,-1.129508e-05,-0.0030837741,-0.0026299895,0.0004537846,-1.3355808,-1.3381206,-0.002539754,-0.091421135,-0.073269755,0.01815138
47.599545,1.9999999,-0.49999997,-1.3355808,1.9419601,-0.091421135,1.2962587,0.3738341,-0.088052094,2.2783306,-0.0051594237,-0.005428538,0.33905894,-0.06666813,-0.066651285,1.6845763e-05,0.097277,0.09733199,5.4992735e-05,-0.0034586282,-0.0050818096,-0.0016231814,-1.3311443,-1.3304707,0.0006736517,-0.046923995,-0.11185124,-0.06492724
47.649544,1.9999999,-0.49999997,-1.3311443,1.9491198,-0.046923995,1.6377383,0.47332633,-0.06281822,2.2966526,0.011030017,0.025282254,0.31660968,-0.06663676,-0.06646985,0.00016691536,0.097816,0.097696796,-0.00011920184,-0.0029282423,-0.0026179096,0.00031033275,-1.334326,-1.3276495,0.0066765547,-0.070205696,-0.057792384,0.012413312
47.699543,1.9999999,-0.41210666,-1.334326,1.9635202,-0.070205696,0.41491255,-0.7575136,-0.07490287,2.3036392,0.011837305,0.02623243,-0.28999668,-0.06612662,-0.06664756,-0.00052093714,0.098015785,0.09823493,0.00021914393,-0.0039258627,-0.0033964075,0.00052945525,-1.310739,-1.3315763,-0.020837307,-0.08682882,-0.065650605,0.021178216
47.749546,1.9999999,-0.28754756,-1.310739,1.9571114,-0.08682882,-0.36909342,-0.21516712,-0.09247043,2.3020866,0.0150039755,-0.0037174143,-0.21386239,-0.06571358,-0.06546211,0.00025146455,0.098341435,0.09787882,-0.000462614,-0.0035314003,-0.0037679062,-0.00023650588,-1.3178041,-1.3077455,0.010058641,-0.054427195,-0.06388744,-0.009460244
47.799545,1.9999999,0.0,-1.3178041,1.976546,-0.054427195,-1.1363614,-0.08684924,-0.043710336,2.291985,0.0006203933,0.0048461924,-0.021714458,-0.0659358,-0.06591015,2.5644898e-05,0.09902273,0.09878357,-0.00023916364,-0.0016948171,-0.0018237723,-0.00012895523,-1.3196279,-1.3186018,0.0010260344,-0.013365486,-0.018523697,-0.005158211
47.849545,1.9999999,0.0,-1.3196279,1.9843632,-0.013365486,-0.2566747,-0.046158522,0.00015667385,2.312203,-0.015102737,-0.00588886,0.12405731,-0.065755606,-0.065979466,-0.00022386014,0.09888453,0.09919309,0.00030855834,-0.00057770254,-8.5745756e-05,0.0004919568,-1.3105962,-1.3195506,-0.008954406,-0.009742617,0.009935658,0.019678276
47.899544,1.9999999,0.0,-1.3105962,1.9710182,-0.009742617,1.1824448,-0.44668385,0.026287653,2.306633,-0.0017808588,0.017251924,0.16936734,-0.06577594,-0.06549477,0.00028117,0.09884133,0.098459035,-0.00038229674,0.0004895398,-6.7337234e-05,-0.00055687706,-1.3204411,-1.3091946,0.011246562,0.02932421,0.0070491247,-0.022275085
47.949543,1.9999999,0.0,-1.3204411,1.9826351,0.02932421,0.48383054,-0.26897025,0.03770712,2.3098233,-0.0041916636,0.011047874,-0.09402938,-0.06612566,-0.06606447,6.119162e-05,0.098984994,0.098995894,1.0900199e-05,0.001264842,0.0015835522,0.00031871023,-1.3245853,-1.3221374,0.0024479628,0.02126947,0.034017876,0.012748405
47.999546,1.9999999,0.0,-1.3245853,1.9767646,0.02126947,-0.9962216,0.3168519,0.042784814,2.3095896,-0.0042021926,0.007848985,-0.11090302,-0.06606001,-0.066316165,-0.0002561584,0.0983573,0.098722346,0.00036504865,0.0010596808,0.0011336243,7.394352e-05,-1.3178151,-1.3280612,-0.010246158,0.021117765,0.0240755,0.0029577352
48.049545,1.9999999,0.0,-1.3178151,1.9575274,0.021117765,0.89178723,0.2176797,0.0074287998,2.3046427,-6.965388e-05,-4.242787e-05,-0.15692587,-0.06603549,-0.065986075,4.941225e-05,0.09800689,0.09780989,-0.0001970008,0.0011884938,0.0009141859,-0.0002743079,-1.3236045,-1.321628,0.00197649,0.026421987,0.015449669,-0.010972317
48.099545,1.9999999,0.0,-1.3236045,1.962748,0.026421987,-0.51063913,-0.16327658,0.021369446,2.3002648,-0.010655252,-0.007843602,-0.22988038,-0.0661787,-0.06624065,-6.195158e-05,0.09806714,0.09806814,9.983778e-07,0.0013721494,0.0011001999,-0.00027194957,-1.3235435,-1.3260216,-0.0024780035,0.028463993,0.017586008,-0.0108779855
48.149544,1.9999999,0.0,-1.3235435,1.9599375,0.028463993,0.5738064,0.015387898,0.018485334,2.2985098,-0.0053489176,-0.023030465,-0.05330796,-0.066166185,-0.0662197,-5.351752e-05,0.097874954,0.097964935,8.998066e-05,0.0013795472,0.0011623591,-0.00021718803,-1.3231037,-1.3252445,-0.0021408796,0.026717894,0.018030372,-0.008687522
48.199543,1.9999999,0.0,-1.3231037,1.9550608,0.026717894,0.21388423,0.19917281,0.018644912,2.2919867,-0.007601641,-0.013174399,0.1251088,-0.06620956,-0.06619515,1.4409423e-05,0.09771621,0.09772897,1.2755394e-05,0.0011977317,0.0011568678,-4.0863873e-05,-1.3252788,-1.3247025,0.0005762577,0.021191375,0.01955682,-0.0016345549
48.249546,1.9999999,0.0,-1.3252788,1.9535875,0.021191375,-0.62255704,0.3499855,0.021733606,2.2869039,-0.0057414817,-0.0105195865,0.008001368,-0.06636805,-0.066325344,4.2706728e-05,0.09757781,0.09765568,7.786602e-05,0.0011494239,0.0010468651,-0.000102558755,-1.3294433,-1.327735,0.0017083883,0.024785582,0.020683225,-0.0041023567
48.299545,1.9999999,0.0,-1.3294433,1.949525,0.024785582,-0.5237183,0.26177388,0.028863378,2.2838576,-0.013340325,-0.012374262,0.23310274,-0.066536546,-0.06653394,2.6077032e-06,0.09755338,0.09744202,-0.00011135638,0.00086426,0.0011868093,0.00032254925,-1.3320186,-1.3319142,0.00010442734,0.009784819,0.022686789,0.01290197
48.849545,1.9999999,0.2216276,-1.3397173,1.9157758,0.018604642,-1.2427474,0.10890619,0.0419229,2.2587156,-0.005608908,-0.015286268,0.24694754,-0.067466736,-0.06703131,0.00043542683,0.096217625,0.09584493,-0.00037269294,0.0024679364,0.001584463,-0.0008834733,-1.3589522,-1.341535,0.017417192,0.080112815,0.04477388,-0.035338935
48.899544,1.9999999,0.3242134,-1.3589522,1.9329294,0.080112815,-0.67045486,0.4314607,0.078287184,2.260632,-0.015819121,0.009887109,0.21476497,-0.06846321,-0.0681336,0.00032960624,0.097142674,0.09659414,-0.0005485341,0.004830317,0.0043946304,-0.00043568667,-1.379576,-1.3663918,0.01318419,0.113099866,0.09567239,-0.017427474
48.949543,1.9999999,0.35351115,-1.379576,1.9527774,0.113099866,0.46499997,0.9861095,0.096216016,2.2655067,-0.02283989,0.0061902287,-0.10967371,-0.06971807,-0.069339104,0.00037896633,0.09819382,0.09750169,-0.00069212914,0.0044727535,0.0057476507,0.0012748973,-1.4091468,-1.3939881,0.015158653,0.06581028,0.11680616,0.05099588
48.999546,1.9999999,0.37548447,-1.4091468,1.9749751,0.06581028,0.6453659,0.9837647,0.062467262,2.3024554,-0.013688505,-0.0010802624,-0.20742813,-0.07099329,-0.070689164,0.00030412525,0.09922418,0.09859562,-0.0006285608,0.002896366,0.0040847957,0.0011884298,-1.4305848,-1.41842,0.012164831,0.05004436,0.09758156,0.047537196
49.049545,1.9999999,0.40478224,-1.4305848,1.9939922,0.05004436,-0.47926325,0.58009666,0.08122142,2.3519013,-0.015623736,-0.014552584,0.07565976,-0.07177191,-0.07151099,0.00026091933,0.09951849,0.09973531,0.00021681935,0.003891345,0.003904225,1.2879958e-05,-1.4402918,-1.4298549,0.0104368925,0.10560944,0.10612463,0.00051519275
49.099545,1.9999999,0.3974578,-1.4402918,1.9867476,0.10560944,-0.73012024,-0.3508038,0.0962258,2.3841748,-0.017198011,0.0064857136,0.1863601,-0.07187881,-0.07220686,-0.00032804906,0.09892714,0.09908034,0.00015319884,0.005452601,0.0057805437,0.0003279429,-1.4348607,-1.4479827,-0.013121963,0.11249459,0.12561229,0.013117701
49.149544,1.9999999,0.36083558,-1.4348607,1.9703379,0.11249459,-0.28440094,-0.3399407,0.16096744,2.3768117,-0.021279678,0.004083426,-0.0487211,-0.072046846,-0.07191738,0.00012946874,0.098474525,0.09810955,-0.00036497414,0.0066989623,0.006126478,-0.00057248445,-1.4470133,-1.4418344,0.005178809,0.1554639,0.13256451,-0.02289939
49.199543,1.9999999,0.33886227,-1.4470133,1.9686432,0.1554639,1.0153217,-0.17500106,0.13606146,2.3767607,-0.026481286,0.0016136034,-0.07532678,-0.07257858,-0.07262397,-4.5388937e-05,0.097384505,0.09795017,0.000565663,0.0072572934,0.0077115893,0.0004542959,-1.4561299,-1.4579455,-0.0018155575,0.13482784,0.15299967,0.018171832
49.249546,1.9999999,0.33886227,-1.4561299,1.926737,0.13482784,-1.0025986,-1.0599481,0.15449826,2.3444836,-0.019183485,-0.0034492519,-0.3062703,-0.072612464,-0.07300645,-0.0003939867,0.09468007,0.095666885,0.0009868145,0.0078684,0.0069380226,-0.0009303773,-1.4483685,-1.4641283,-0.015759706,0.17990817,0.14269307,-0.0372151
49.299545,1.9999999,0.49999997,-1.4483685,1.8604658,0.17990817,-1.7804395,-0.59182334,0.16578434,2.322361,-0.023599109,-0.029013427,-0.2513412,-0.07293206,-0.072690025,0.00024203211,0.0927467,0.09239835,-0.00034834445,0.0087256385,0.009307739,0.0005821008,-1.4689138,-1.4592322,0.009681582,0.16911738,0.19240141,0.023284033
49.349545,1.9999999,0.49999997,-1.4689138,1.8494022,0.16911738,-1.0307359,-0.5345971,0.17307647,2.306393,-0.032525487,-0.02858337,0.23506157,-0.073331974,-0.0736767,-0.00034472346,0.09174351,0.09187683,0.00013332069,0.008249182,0.009006931,0.0007577492,-1.4643651,-1.4781538,-0.0137887,0.16084991,0.19115987,0.03030996
49.399544,1.9999999,0.49999997,-1.4643651,1.8203381,0.16084991,-0.44020417,-0.7754535,0.18589203,2.2948332,-0.034743853,-0.0055072703,-0.26682708,-0.07351618,-0.07347858,3.760308e-05,0.0907065,0.09044485,-0.0002616495,0.008774934,0.008766743,-8.190982e-06,-1.4762821,-1.474778,0.0015040636,0.19014747,0.18981981,-0.00032766163
49.449543,1.9999999,0.4853729,-1.4762821,1.8079216,0.19014747,-0.4967906,-0.21923555,0.19577102,2.280385,-0.030206338,-0.05526608,-0.3305146,-0.07434358,-0.07418277,0.00016080588,0.09050914,0.089930855,-0.00057828426,0.01042035,0.01014329,-0.00027706008,-1.4974611,-1.4910287,0.006432414,0.22666653,0.21558416,-0.011082366
49.499546,1.9999999,0.4853729,-1.4974611,1.8124437,0.22666653,-0.70877784,-0.109318174,0.20535456,2.27308,-0.03343594,-0.038558733,0.23990652,-0.07504905,-0.07531008,-0.0002610311,0.08992377,0.0901316,0.00020783395,0.010291679,0.011282578,0.0009908993,-1.5045009,-1.5149422,-0.010441303,0.18500063,0.22463658,0.039635956
49.549545,1.9999999,0.49269733,-1.5045009,1.7845069,0.18500063,-0.30896834,-0.43161315,0.19790462,2.270107,-0.035011835,-0.031275425,0.0969941,-0.075510584,-0.075626254,-0.000115670264,0.08898076,0.08874108,-0.00023967773,0.009408892,0.009706114,0.0002972223,-1.5159223,-1.5205494,-0.0046271086,0.19135506,0.20324394,0.011888877
49.599545,1.9999999,0.49269733,-1.5159223,1.7747232,0.19135506,-0.38004112,0.2203055,0.21662699,2.2648242,-0.028967382,-0.028859321,-0.1190795,-0.076440826,-0.076273166,0.00016766042,0.08817855,0.088323526,0.0001449734,0.010624155,0.009892073,-0.00073208194,-1.5417106,-1.5350044,0.006706238,0.23361114,0.20432788,-0.029283255
49.649544,1.9999999,0.4853729,-1.5417106,1.7524188,0.23361114,-0.3598373,0.21185468,0.21262218,2.273178,-0.035424747,-0.043183375,-0.035079405,-0.07758652,-0.077601045,-1.4528632e-05,0.08722882,0.08718796,-4.0858984e-05,0.011473457,0.01171372,0.0002402626,-1.56175,-1.5623312,-0.0005811453,0.22532713,0.23493767,0.009610534
49.699543,1.9999999,0.4853729,-1.56175,1.7367342,0.22532713,-0.67020047,-0.9917366,0.20588599,2.2676373,-0.023694694,-0.032367263,0.06565955,-0.07852871,-0.07854972,-2.1010637e-05,0.08639081,0.08629036,-0.00010044873,0.0110887205,0.011320206,0.00023148581,-1.5793983,-1.5802388,-0.0008405447,0.21822166,0.2274811,0.009259433
49.749546,1.9999999,0.4853729,-1.5793983,1.7188983,0.21822166,-0.70819676,-0.5788166,0.21844156,2.2722144,-0.023339678,-0.03661742,-0.16932294,-0.079294555,-0.07943883,-0.00014427304,0.08530655,0.08533235,2.580136e-05,0.011113288,0.011008074,-0.000105214305,-1.592384,-1.5981545,-0.005770564,0.22630987,0.22210127,-0.0042085946
49.799545,1.9999999,0.49269733,-1.592384,1.6933637,0.22630987,-0.30790684,0.63886005,0.22437733,2.2743633,-0.026876567,-0.049299557,-0.035055704,-0.080006205,-0.08013671,-0.00013050437,0.08393259,0.0841501,0.0002175048,0.011278354,0.01136089,8.25366e-05,-1.6078641,-1.6130842,-0.0052200556,0.2248243,0.22812574,0.0033014417
49.849545,1.9999999,0.49269733,-1.6078641,1.66394,0.2248243,0.12955125,-0.69971234,0.25270596,2.277465,-0.034134425,-0.040122993,0.15410686,-0.08081073,-0.0808208,-1.0065734e-05,0.08308368,0.0826562,-0.0004274845,0.0118014915,0.011612936,-0.00018855557,-1.6245651,-1.6249679,-0.0004028082,0.24723537,0.2396931,-0.0075422674
49.899544,1.9999999,0.4853729,-1.6245651,1.6594074,0.24723537,0.22388233,-0.34726012,0.23094822,2.2766488,-0.032563988,-0.03388887,0.089766964,-0.08189367,-0.081712775,0.00018089265,0.08281784,0.08247962,-0.0003382191,0.012483395,0.012229043,-0.00025435165,-1.6511817,-1.6439457,0.007236004,0.2521004,0.24192634,-0.010174066
49.949543,1.9999999,0.4853729,-1.6511817,1.6533061,0.2521004,-0.8314786,0.04764643,0.25022155,2.267665,-0.029969327,-0.031146295,-0.032137718,-0.083266035,-0.08308971,0.00017632544,0.081717566,0.08222357,0.0005060062,0.011858742,0.01229672,0.00043797866,-1.6794598,-1.6724068,0.0070530176,0.22224927,0.23976839,0.017519116
49.999546,1.9999999,0.49269733,-1.6794598,1.6153966,0.22224927,-1.9891171,0.07338557,0.2529056,2.277116,-0.03451293,-0.037102643,-0.08245007,-0.08461454,-0.08440844,0.00020609796,0.08046002,0.08027103,-0.00018899143,0.011416116,0.011293824,-0.00012229197,-1.7051218,-1.6968778,0.008243918,0.23439537,0.2295037,-0.004891664
50.049545,1.9999999,0.49269733,-1.7051218,1.6030041,0.23439537,-1.640069,0.1443389,0.24233449,2.275032,-0.036342982,-0.0393913,-0.12933236,-0.08571509,-0.085675664,3.9428473e-05,0.079859935,0.079703294,-0.000156641,0.011552218,0.0118437875,0.00029156916,-1.7234818,-1.7219048,0.0015770197,0.22769338,0.23935613,0.011662751
50.099545,1.9999999,0.4853729,-1.7234818,1.5913931,0.22769338,-0.17397505,0.1944752,0.2319185,2.281782,-0.032241266,-0.05003588,0.012447893,-0.08653573,-0.08658873,-5.300343e-05,0.079419285,0.07908593,-0.00033335388,0.011420074,0.011676615,0.00025654119,-1.7379475,-1.7400672,-0.0021197796,0.22910957,0.23937121,0.01026164
50.149544,1.9999999,0.46339956,-1.7379475,1.5853784,0.22910957,-0.79801565,0.20618129,0.22588213,2.2888129,-0.02731571,-0.038146514,0.13004024,-0.087070175,-0.08731636,-0.00024618208,0.07873709,0.078862354,0.00012526661,0.0123023,0.011529257,-0.0007730434,-1.7448593,-1.7547066,-0.009847283,0.2629824,0.23206067,-0.030921727
50.199543,1.9999999,0.39013335,-1.7448593,1.5641052,0.2629824,-1.6108426,0.5487052,0.246052,2.2900186,-0.033361986,-0.037031855,0.0017945151,-0.08765198,-0.087722026,-7.004291e-05,0.077647895,0.07795077,0.00030287355,0.012647537,0.012570322,-7.721502e-05,-1.76122,-1.7640215,-0.0028015375,0.24291907,0.2398305,-0.0030885786
50.249546,1.9999999,0.3095427,-1.76122,1.5418106,0.24291907,-0.7470602,-0.14080253,0.22413766,2.291196,-0.038363203,-0.037967063,-0.08521238,-0.088772886,-0.088516966,0.00025592,0.0761639,0.07671165,0.00054774433,0.011207528,0.01156396,0.00035643205,-1.7896955,-1.7794586,0.010236859,0.20538206,0.21963936,0.014257297
50.299545,1.9999999,0.2948938,-1.7896955,1.5047455,0.20538206,-1.2224417,0.6201647,0.21640055,2.2906744,-0.0328052,-0.045553092,-0.11951438,-0.090463385,-0.08991151,0.00055187196,0.075198956,0.07480952,-0.0003894344,0.0100312885,0.009861159,-0.00017012935,-1.8288399,-1.8067648,0.022075057,0.19586946,0.18906426,-0.0068051964
50.349545,1.9999999,0.22895204,-1.8288399,1.5032128,0.19586946,-1.2052203,0.010664623,0.19155908,2.290774,-0.032331288,-0.0499185,0.07592179,-0.09161278,-0.0917614,-0.00014862418,0.07487586,0.07470719,-0.0001686737,0.008831744,0.00942454,0.00059279613,-1.8356714,-1.8416158,-0.005944371,0.15740032,0.18111214,0.023711815
50.399544,1.9999999,0.19232982,-1.8356714,1.4918218,0.15740032,-1.0222808,0.8389196,0.17359334,2.2931066,-0.029839033,-0.037960913,0.21960872,-0.091787964,-0.092093386,-0.00030542165,0.07406567,0.07431527,0.0002496019,0.008070743,0.007493009,-0.00057773385,-1.8358471,-1.8480638,-0.012216687,0.1654294,0.14232004,-0.023109362
50.449543,1.9999999,0.16303205,-1.8358471,1.4708052,0.1654294,-0.44123664,0.6035996,0.1661784,2.2945065,-0.034338504,-0.027957628,-0.01869339,-0.09269136,-0.09216537,0.00052598864,0.07320565,0.07336151,0.0001558587,0.006546591,0.007560006,0.0010134149,-1.8718072,-1.850768,0.021039248,0.096434236,0.13697085,0.040536612
50.499546,1.9999999,0.13371249,-1.8718072,1.457421,0.096434236,1.1735077,-0.050415512,0.11397424,2.3052185,-0.034870647,-0.039830253,0.1950203,-0.09313374,-0.093787305,-0.00065356493,0.072213784,0.0725682,0.00035441667,0.006118116,0.0048298137,-0.0012883022,-1.8535423,-1.8796846,-0.02614224,0.1482904,0.0967583,-0.051532097
50.549545,1.9999999,0.12638804,-1.8535423,1.4311304,0.1482904,-0.37470275,-0.056399565,0.1556645,2.308932,-0.034190543,-0.008455597,0.25267756,-0.0931323,-0.09298029,0.0001520142,0.071274064,0.07137061,9.654462e-05,0.0047934847,0.006551986,0.0017585014,-1.8717496,-1.8656693,0.006080389,0.043448992,0.113789044,0.07034005
50.599545,1.9999999,0.067792505,-1.8717496,1.4198321,0.043448992,0.19861987,-0.013575078,0.051809598,2.3063993,-0.03484383,-0.014562496,-0.1938179,-0.09440397,-0.093719184,0.00068478286,0.07136524,0.07077854,-0.00058669597,0.0018821361,0.002057777,0.00017564092,-1.9044089,-1.8770176,0.027391315,0.03183645,0.038862087,0.0070256367
50.649544,1.9999999,0.067792505,-1.9044089,1.4347774,0.03183645,-0.5061484,0.6053505,0.055748697,2.3068798,-0.030733118,-0.027837386,-0.19262977,-0.0951886,-0.09531269,-0.00012408942,0.071604915,0.07158215,-2.2761524e-05,0.0011912592,0.0017842427,0.00059298344,-1.9031351,-1.9080988,-0.0049637556,0.015813917,0.039533257,0.02371934
50.699543,1.9999999,0.060468063,-1.9031351,1.4294193,0.015813917,0.2237283,0.20602632,0.030870713,2.3120716,-0.033163726,-0.033825472,0.079272754,-0.09556114,-0.09516375,0.00039739162,0.071783066,0.071376346,-0.00040671974,0.00047734485,0.0011213328,0.0006439879,-1.9193107,-1.9034147,0.015895963,0.0032798771,0.02903939,0.025759513
50.749546,1.9999999,0.04579738,-1.9193107,1.4419034,0.0032798771,0.6772461,-0.17187823,0.0020953682,2.310904,-0.0219545,-0.01991011,0.0546897,-0.09574926,-0.09591078,-0.00016152114,0.0718543,0.072037965,0.00018366426,0.0012852979,0.00049451814,-0.00079077977,-1.9106596,-1.9171202,-0.0064606667,0.04813204,0.01650085,-0.03163119
50.799545,1.9999999,0.03847294,-1.9106596,1.4322689,0.04813204,-0.13013569,-0.5020788,0.05031738,2.322264,-0.0021104328,-0.028356504,0.101789266,-0.095091976,-0.09550955,-0.00041757524,0.071190424,0.07150688,0.00031645596,0.0021856576,0.002330422,0.00014476432,-1.8930194,-1.9097226,-0.016703129,0.039294265,0.045084834,0.005790569
50.849545,1.9999999,0.023824055,-1.8930194,1.4153479,0.039294265,-0.23486793,0.39192346,0.013549711,2.3087647,-0.006279882,-0.009731184,0.3688068,-0.09462621,-0.09468808,-6.186962e-05,0.07063023,0.070665926,3.569573e-05,0.0010105725,0.0017997174,0.0007891449,-1.892029,-1.8945037,-0.0024746656,0.0011286344,0.03269443,0.031565793
50.899544,1.9999999,0.023824055,-1.892029,1.4098611,0.0011286344,-0.64514077,-0.43496242,0.012758845,2.3060713,-0.022726139,0.008524177,0.093036644,-0.09461859,-0.094597735,2.0854175e-05,0.07045477,0.07041752,-3.7245452e-05,0.0010398317,0.0003557045,-0.00068412715,-1.8927145,-1.8918804,0.0008341074,0.040464632,0.0130995475,-0.027365085
50.949543,1.9999999,0.023824055,-1.8927145,1.4083296,0.040464632,-0.8247703,0.044427115,0.013904473,2.295305,-0.028710082,-0.0004275189,-0.047688775,-0.09482274,-0.094660096,0.00016264617,0.07050668,0.07028778,-0.00021889806,0.0018795888,0.0019741366,9.454775e-05,-1.9001951,-1.8936893,0.006505847,0.034718923,0.03850083,0.0037819073
50.999546,1.9999999,0.0,-1.9001951,1.4119374,0.034718923,-1.2657795,-0.31988746,0.033656,2.299685,-0.019374033,0.0037552994,0.10947049,-0.09485121,-0.09504247,-0.0001912564,0.07041687,0.07042701,1.014024e-05,0.0019312457,0.0015106089,-0.00042063673,-1.8938533,-1.9015036,-0.007650256,0.042530905,0.025705434,-0.016825471
51.049545,1.9999999,0.0,-1.8938533,1.4047374,0.042530905,-1.1526151,-0.23545907,0.031677853,2.2969778,-0.018326571,0.01051953,-0.06493319,-0.09463798,-0.09472227,-8.428842e-05,0.07009116,0.07002031,-7.084757e-05,0.0020028735,0.0018332255,-0.00016964797,-1.8916659,-1.8950375,-0.0033715963,0.037584033,0.030798111,-0.0067859218
51.099545,1.9999999,0.023824055,-1.8916659,1.398909,0.037584033,-0.41402787,-0.6246871,0.037368376,2.287915,-0.01182951,-0.0027380197,-0.18791397,-0.09470663,-0.09456068,0.00014594942,0.06992035,0.06966696,-0.00025339425,0.0020838098,0.0017402045,-0.0003436053,-1.8965993,-1.8907613,0.0058380365,0.04576836,0.03202415,-0.013744213
51.149544,1.9999999,0.03847294,-1.8965993,1.3979053,0.04576836,-0.33413166,0.14941029,0.028538415,2.2872167,-0.010069638,-0.008271867,0.06820039,-0.09487199,-0.094887786,-1.579523e-05,0.069731265,0.06977034,3.9078295e-05,0.0027720106,0.0019765196,-0.00079549104,-1.8982801,-1.8989121,-0.00063192844,0.06511206,0.033292424,-0.031819638
51.199543,1.9999999,0.08244139,-1.8982801,1.3913451,0.06511206,-0.5843941,0.07999911,0.07219506,2.2864292,-0.018069522,0.004082019,0.08563434,-0.095692314,-0.09504739,0.00064492226,0.069843106,0.06942614,-0.0004169643,0.0036305746,0.0029568702,-0.0006737043,-1.9294125,-1.9036155,0.02579701,0.08011092,0.053162746,-0.026948176
51.249546,1.9999999,0.11173916,-1.9294125,1.402379,0.08011092,-0.3039562,1.0083663,0.08083202,2.3194213,-0.023019131,0.0002915667,-0.2310438,-0.097203836,-0.09669363,0.0005102083,0.07042599,0.069932655,-0.00049333274,0.0035838012,0.003690072,0.00010627089,-1.9587408,-1.9383324,0.020408392,0.06324113,0.06749197,0.0042508394
51.299545,1.9999999,0.14103693,-1.9587408,1.4146606,0.06324113,0.51612955,0.52533054,0.042694636,2.3409934,-0.019885274,-0.019022362,-0.12648675,-0.0983193,-0.098126724,0.00019257516,0.07084862,0.07055505,-0.00029356778,0.0035253987,0.002983525,-0.00054187374,-1.9740312,-1.966328,0.007703185,0.077774815,0.05609986,-0.021674953
51.349545,1.9999999,0.15570761,-1.9740312,1.4192843,0.077774815,-0.12962656,0.82504845,0.08032143,2.3695366,-0.019065266,-0.012357107,0.13381223,-0.098691575,-0.098889194,-0.0001976192,0.070559055,0.07076773,0.00020867586,0.004252102,0.0037237776,-0.0005283246,-1.9736319,-1.9815367,-0.007904887,0.09230927,0.07117628,-0.021132983
51.399544,1.9999999,0.14838317,-1.9736319,1.403078,0.09230927,-2.0120096,-0.28945142,0.10616773,2.3751965,-0.026297703,-0.005641139,0.09711755,-0.09849852,-0.09878669,-0.0002881661,0.06967569,0.06986447,0.00018877536,0.003696454,0.0043776096,0.0006811556,-1.9663091,-1.9778358,-0.011526704,0.05554889,0.082795106,0.027246214
51.449543,1.9999999,0.13371249,-1.9663091,1.3839496,0.05554889,-1.3013947,-0.16094449,0.021579199,2.3586304,-0.017560298,-0.0026453526,0.21747266,-0.09846591,-0.09836022,0.000105693936,0.06917851,0.068937466,-0.00024104118,0.002007761,0.0026956496,0.0006878886,-1.9723275,-1.9680996,0.0042278767,0.024761552,0.052277096,0.027515544
51.499546,1.9999999,0.097090274,-1.9723275,1.3831906,0.024761552,-0.45318013,-0.06429389,0.07355032,2.3616633,-0.01914617,0.016106127,-0.059029207,-0.09882111,-0.09862081,0.00020030141,0.06897671,0.0688988,-7.791072e-05,0.0040120534,0.0017121487,-0.0022999048,-1.9805168,-1.9725049,0.008011937,0.1357206,0.043724395,-0.0919962
51.549545,1.9999999,0.07511695,-1.9805168,1.3758776,0.1357206,0.5060584,0.099810265,0.100593366,2.3595982,-0.024420813,-0.008548274,-0.13264176,-0.098497055,-0.09922107,-0.0007240176,0.06820092,0.06860098,0.00040005893,0.00650208,0.0059668906,-0.0005351892,-1.9593654,-1.9883258,-0.028960466,0.124362595,0.102955036,-0.02140756
51.599545,1.9999999,0.067792505,-1.9593654,1.3521593,0.124362595,1.492784,0.28061444,0.12146476,2.355329,-0.028522164,0.0028419506,0.3215768,-0.09816904,-0.098176934,-7.890165e-06,0.06733736,0.06742586,8.850545e-05,0.0056040282,0.0053008767,-0.00030315155,-1.9673964,-1.9677119,-0.000315547,0.09979854,0.08767245,-0.012126088
51.649544,1.9999999,0.15570761,-1.9673964,1.3413348,0.09979854,-1.5377289,-0.25653931,0.101325385,2.3384278,-0.03965147,0.02360941,-0.39341286,-0.098385096,-0.09848944,-0.00010434538,0.066531904,0.06681163,0.0002797246,0.004366134,0.004474663,0.00010852935,-1.9680073,-1.9721811,-0.0041737556,0.07484683,0.07918799,0.0043411627
51.699543,1.9999999,0.20697871,-1.9680073,1.3199413,0.07484683,1.6496984,-0.33796543,0.08607572,2.3187313,-0.028522838,-0.036499336,-0.4195946,-0.09804224,-0.09840083,-0.000358589,0.065475024,0.06567407,0.00019904226,0.00366885,0.00400251,0.00033366005,-1.9536824,-1.9680259,-0.0143435,0.07190718,0.08525358,0.013346404
51.749546,1.9999999,0.21430315,-1.9536824,1.2990597,0.07190718,-0.83319503,-0.27601656,0.098464176,2.3227763,-0.024940884,-0.01835005,0.062266707,-0.09771575,-0.097715855,-1.0430813e-07,0.06481831,0.06466106,-0.0001572445,0.004766309,0.0038575218,-0.00090878736,-1.9549476,-1.9549519,-4.2915344e-06,0.118745185,0.0823937,-0.036351487
51.799545,1.9999999,0.2216276,-1.9549476,1.2936726,0.118745185,-1.909187,-0.20539215,0.09926759,2.3136802,-0.024508761,-0.030272665,0.043590575,-0.09826521,-0.0978735,0.00039170682,0.06446778,0.06438803,-7.9751015e-05,0.0054253493,0.005749023,0.0003236737,-1.9756608,-1.9599923,0.015668511,0.0982688,0.11121573,0.0129469335
51.849545,1.9999999,0.2582716,-1.9756608,1.2850386,0.0982688,-1.7201678,-0.11999211,0.11110297,2.3125453,-0.03754238,-0.013990992,0.3109108,-0.098565035,-0.098883726,-0.00031869113,0.06348115,0.063916534,0.00043538213,0.005358034,0.0050307955,-0.00032723835,-1.9669406,-1.9796882,-0.012747526,0.11605255,0.102963,-0.0130895525
51.899544,1.9999999,0.25094715,-1.9669406,1.2542075,0.11605255,1.4392332,0.658472,0.11073237,2.3112822,-0.024587078,0.00081841485,0.055507895,-0.099064015,-0.09863281,0.00043120235,0.06279109,0.062428266,-0.00036282092,0.005296426,0.005570213,0.00027378695,-1.9956201,-1.978372,0.017248154,0.095804475,0.10675595,0.010951474
51.949543,1.9999999,0.22895204,-1.9956201,1.2574359,0.095804475,0.6924511,-0.7015709,0.103692144,2.306482,-0.025549123,-0.008440202,0.040162764,-0.09946259,-0.09998541,-0.00052282214,0.06260708,0.06253248,-7.460266e-05,0.0049179518,0.0048322664,-8.56854e-05,-1.9828836,-2.003796,-0.020912528,0.10091359,0.09748618,-0.0034274086
51.999546,1.9999999,0.20697871,-1.9828836,1.2468472,0.10091359,-0.47722954,0.19212471,0.1128757,2.3065534,-0.025459604,0.0048346915,0.019475415,-0.09920024,-0.09938946,-0.0001892224,0.06203778,0.061993536,-4.4245273e-05,0.0051988573,0.00489621,-0.00030264724,-1.9851261,-1.9926949,-0.007568717,0.1070407,0.0949348,-0.0121059045
52.049545,1.9999999,0.17768094,-1.9851261,1.2346641,0.1070407,-0.20864849,-0.63567066,0.115577064,2.2997496,-0.025279326,-0.0064926604,-0.33015493,-0.0997358,-0.099437825,0.00029797107,0.06148948,0.061289724,-0.00019975752,0.005540239,0.005210884,-0.00032935524,-2.0043058,-1.9923868,0.011919022,0.11456886,0.101394646,-0.0131742135
52.099545,1.9999999,0.15570761,-2.0043058,1.2249151,0.11456886,-1.8297884,0.3859992,0.10620473,2.3003898,-0.02619225,-0.0281808,0.029271701,-0.10075618,-0.10046003,0.00029615313,0.061075997,0.0608652,-0.00021079555,0.0059948047,0.0052571245,-0.0007376801,-2.0259414,-2.0140955,0.011845827,0.12522334,0.09571611,-0.029507227
52.149544,1.9999999,0.14838317,-2.0259414,1.2181247,0.12522334,0.22268492,1.1173773,0.13640977,2.29494,-0.03184191,-0.0035654905,0.42472884,-0.10130506,-0.10158284,-0.00027778,0.060628388,0.06058521,-4.317984e-05,0.0057124645,0.005628809,-8.3655585e-05,-2.0262609,-2.037372,-0.011111259,0.10327525,0.09992901,-0.0033462346
52.199543,1.9999999,0.14838317,-2.0262609,1.2070109,0.10327525,-0.16265003,0.6785143,0.095028274,2.311772,-0.019083586,0.014292083,0.01771361,-0.10138328,-0.10160618,-0.00022290647,0.06010997,0.06011013,1.6018748e-07,0.0041543907,0.0045361663,0.00038177567,-2.0290701,-2.037986,-0.008915901,0.06290039,0.078171395,0.015271008
52.249546,1.9999999,0.13371249,-2.0290701,1.1973879,0.06290039,0.24171987,1.13876,0.035848986,2.31061,-0.011535945,-0.0017941295,-0.1915981,-0.1017426,-0.10173871,3.889203e-06,0.05992708,0.05968195,-0.00024513155,0.0019086986,0.0027955126,0.00088681397,-2.040634,-2.0404787,0.0001552105,0.0134475585,0.048920117,0.035472557
52.299545,1.9999999,0.1190636,-2.040634,1.1996952,0.0134475585,-0.3021345,0.86396724,0.012407388,2.323875,-0.009309486,-0.0048677274,-0.26531947,-0.1020137,-0.102190375,-0.00017667562,0.059972785,0.05986123,-0.00011155382,0.00024679577,0.0010143247,0.00076752895,-2.039914,-2.0469809,-0.007066965,-0.0035757283,0.02712543,0.030701157
52.349545,1.9999999,0.11173916,-2.039914,1.1992162,-0.0035757283,-1.2694793,0.21402325,0.0017997767,2.3289118,-0.016177705,-0.028326076,-0.300253,-0.102024265,-0.10197663,4.763156e-05,0.05996369,0.059895463,-6.822497e-05,0.0003587753,0.0007046885,0.0003459132,-2.0410569,-2.0391517,0.0019052029,0.01792674,0.031763267,0.013836527
52.399544,1.9999999,0.097090274,-2.0410569,1.1993313,0.01792674,1.5366384,0.13072503,0.016575955,2.3315916,-0.0058519193,-0.03489303,-0.013771809,-0.10234772,-0.10207539,0.00027232617,0.060097855,0.05993367,-0.00016418472,0.0013507684,0.0012173,-0.00013346842,-2.0528517,-2.0419583,0.010893345,0.036103997,0.030765254,-0.0053387433
52.449543,1.9999999,0.023824055,-2.0528517,1.2045828,0.036103997,0.28479952,0.44119275,0.033706695,2.3370078,-0.0063554295,-0.029703258,0.06388746,-0.10238732,-0.10265374,-0.0002664253,0.059833366,0.060202636,0.0003692694,0.0006707056,0.0018326904,0.0011619849,-2.0426412,-2.0532982,-0.010657072,-0.0092757745,0.03720362,0.046479397
52.499546,1.9999999,0.0,-2.0426412,1.1887518,-0.0092757745,0.6711671,0.26057065,0.01542087,2.3374436,-0.005257602,-0.028504282,0.15261522,-0.10198734,-0.1021055,-0.00011815876,0.059300236,0.059490364,0.00019012764,-0.000534928,-0.000103468825,0.00043145916,-2.0368526,-2.0415788,-0.0047261715,-0.012121346,0.0051370226,0.017258368
52.549545,1.9999999,0.0,-2.0368526,1.1832576,-0.012121346,-1.2750249,-0.15999551,0.012643815,2.3278782,-0.0057846904,-0.014441735,0.15186502,-0.10206113,-0.10179887,0.00026226044,0.05924564,0.05925879,1.3150275e-05,0.0007018126,-9.3292445e-05,-0.00079510506,-2.0455925,-2.0351024,0.010490179,0.040193852,0.008389648,-0.031804204
52.599545,1.9999999,0.0,-2.0455925,1.1865679,0.040193852,-1.408242,-0.8752126,0.03057626,2.3319898,-0.014771082,-0.013317781,0.10636512,-0.10189029,-0.10215574,-0.0002654493,0.058995567,0.059269007,0.00027344003,0.001697292,0.0019572736,0.0002599816,-2.030019,-2.040637,-0.010617971,0.027697828,0.038097087,0.01039926
52.649544,1.9999999,0.0,-2.030019,1.1732547,0.027697828,0.49440467,0.6148494,0.023858719,2.3223286,0.00027175093,-0.0038052234,0.11834085,-0.102076426,-0.10150506,0.0005713627,0.058918346,0.058620542,-0.00029780343,0.0014229278,0.0013726921,-5.0235773e-05,-2.053038,-2.0301838,0.02285409,0.029219285,0.027209852,-0.0020094328
52.699543,1.9999999,0.0,-2.053038,1.1834791,0.029219285,-0.14178237,0.032187432,0.033666316,2.3207185,-0.0036095507,-0.0014836957,-0.07875432,-0.10222556,-0.10269027,-0.00046471506,0.05877402,0.059106577,0.00033255666,0.0014241185,0.0013853159,-3.8802624e-05,-2.0359845,-2.0545726,-0.018588066,0.027745454,0.02619335,-0.0015521031
52.749546,1.9999999,0.03847294,-2.0359845,1.1674818,0.027745454,-0.5884542,0.6402619,0.018873578,2.323232,-0.004916573,-0.011680655,0.17016523,-0.10204796,-0.101865485,0.00018247217,0.058488652,0.05828914,-0.00019951165,0.0011633023,0.0013715952,0.00020829285,-2.0459337,-2.0386345,0.007299185,0.01878664,0.027118353,0.008331712
52.799545,1.9999999,0.060468063,-2.0459337,1.1720643,0.01878664,-1.3447316,-0.4994673,0.02075942,2.3213177,-0.010350585,0.015532827,-0.31650925,-0.10254516,-0.10230036,0.00024479628,0.058647722,0.058443304,-0.00020441785,0.00060298474,0.00094577525,0.0003427905,-2.0558724,-2.0460804,0.009792089,0.0053327493,0.019044366,0.013711616
52.849545,1.9999999,0.04579738,-2.0558724,1.1738446,0.0053327493,-0.66997164,-0.23323275,0.0041612606,2.321082,-0.016497873,-0.043331582,-0.22739093,-0.102906585,-0.102769114,0.00013747066,0.058738746,0.058567364,-0.00017138198,0.00079544744,0.0004936684,-0.00030177901,-2.060391,-2.0548923,0.0054986477,0.026485149,0.014413986,-0.012071162
52.899544,1.9999999,0.031148497,-2.060391,1.1757053,0.026485149,1.362393,-0.54235774,-0.005372698,2.3158946,-0.008032498,-0.0072062663,0.39350122,-0.10246891,-0.10293396,-0.00046505034,0.05845678,0.058786135,0.00032935664,0.001087092,0.0011537228,6.6630775e-05,-2.0383654,-2.056967,-0.018601656,0.01699853,0.019663762,0.0026652329
52.949543,1.9999999,0.023824055,-2.0383654,1.1625657,0.01699853,-0.23120856,0.19886203,0.028672196,2.3156354,-0.0133638,-0.003981458,0.11150852,-0.10223715,-0.1019259,0.000311248,0.05821442,0.05812956,-8.485839e-05,0.0015555804,0.0010884795,-0.00046710088,-2.0511205,-2.0386708,0.012449741,0.045224685,0.026540652,-0.018684033
52.999546,1.9999999,0.023824055,-2.0511205,1.166011,0.045224685,0.44911572,-0.19703366,0.032187555,2.3152504,-0.0074578556,0.0039445856,0.12964326,-0.10220232,-0.10259228,-0.0003899634,0.05790238,0.058267683,0.00036530197,0.0011422256,0.0021641837,0.0010219581,-2.0369723,-2.0525708,-0.015598536,0.00046433843,0.041342657,0.04087832
53.049545,1.9999999,0.067792505,-2.0369723,1.1500843,0.00046433843,-0.48563176,-0.32332012,0.008661548,2.3110447,-0.0022673288,0.008982868,-0.037996307,-0.101612695,-0.101871066,-0.00025837123,0.05738534,0.0573904,5.058944e-06,-0.00092784985,0.0004022375,0.0013300873,-2.0275357,-2.0378704,-0.01033473,-0.037578333,0.01562516,0.053203493
53.099545,1.9999999,0.053121824,-2.0275357,1.1453294,-0.037578333,0.5635309,0.9478411,-0.023247711,2.3076477,-0.0097965915,0.00014495454,-0.028498387,-0.1019587,-0.101430155,0.0005285442,0.05746838,0.057175554,-0.00029282644,0.0016019796,-0.0011153242,-0.0027173038,-2.0508122,-2.0296705,0.021141768,0.10165752,-0.0070346408,-0.108692154
53.149544,1.9999999,0.0018507296,-2.0508122,1.1534058,0.10165752,-1.5050501,-0.6383739,0.074956425,2.3085768,0.0018528819,0.0061330292,-0.1529169,-0.102725424,-0.10263007,9.535253e-05,0.057489395,0.05755181,6.2413514e-05,0.002975664,0.0042822296,0.0013065655,-2.058205,-2.0543904,0.0038144588,0.017369049,0.069631666,0.05226262
53.199543,1.9999999,0.0018507296,-2.058205,1.1461699,0.017369049,-0.07283219,0.012769628,0.0072185104,2.3130045,-0.009127662,-0.015146734,-0.36994824,-0.10280658,-0.10293207,-0.00012549013,0.057305813,0.0571314,-0.00017441437,-0.0021127893,0.0005956404,0.0027084297,-2.0540586,-2.0590782,-0.0050196648,-0.10188062,0.006456565,0.10833718
53.349545,1.9999999,0.0,-2.0536673,1.1492181,0.037962142,0.15802148,1.2546071,0.077519,2.3116632,-0.0016011968,-0.00901438,0.03880075,-0.102979295,-0.10278739,0.0001919046,0.057177156,0.05733883,0.00016167387,0.0021369313,0.0016631138,-0.00047381746,-2.0655046,-2.0578282,0.007676363,0.047515113,0.028562408,-0.018952705
53.399544,1.9999999,0.0,-2.0655046,1.1378682,0.047515113,1.3218191,-0.4785557,0.07581931,2.3246224,-0.0024503912,-0.004073402,0.34142396,-0.10349851,-0.10333164,0.00016687065,0.056979768,0.056857403,-0.00012236461,0.0019720115,0.0020691245,9.711296e-05,-2.074436,-2.067761,0.006675005,0.031365354,0.035249863,0.0038845092
53.449543,1.9999999,0.016499614,-2.074436,1.1413225,0.031365354,2.3268147,-2.1421335,0.018983833,2.32128,-0.024251532,0.025128014,0.18575674,-0.10355871,-0.10364189,-8.317828e-05,0.05697181,0.056920912,-5.089864e-05,0.00013876437,0.001373655,0.0012348907,-2.0679126,-2.07124,-0.0033273697,-0.02581478,0.023580845,0.049395625
53.499546,1.9999999,0.053121824,-2.0679126,1.1375499,-0.02581478,-0.70438206,0.3534405,-0.0071101785,2.3231454,-0.0045952033,0.014502272,-0.07312682,-0.10317747,-0.103271626,-9.415299e-05,0.05684491,0.056572493,-0.00027241558,-0.0001508461,-0.00036657733,-0.00021573123,-2.0591862,-2.0629525,-0.0037662983,0.019780934,0.011151675,-0.008629259
53.549545,1.9999999,0.060468063,-2.0591862,1.1362464,0.019780934,-1.357912,-1.0199652,0.01811456,2.331111,-0.0077064033,0.017815333,-0.10984746,-0.1029256,-0.10280951,0.000116087496,0.056678396,0.056340385,-0.0003380105,0.0015643482,0.0016060086,4.1660387e-05,-2.0578377,-2.0531943,0.0046434402,0.042792995,0.04445941,0.0016664155
53.599545,1.9999999,0.08244139,-2.0578377,1.1308894,0.042792995,-0.5682138,0.121518694,0.027524618,2.315118,-0.0058029834,0.0035175253,-0.19716324,-0.10387285,-0.10284155,0.0010313019,0.056968916,0.056143012,-0.0008259043,0.003238937,0.002560345,-0.0006785919,-2.0970762,-2.0558238,0.041252375,0.08676448,0.0596208,-0.027143676
53.649544,1.9999999,0.097090274,-2.0970762,1.1478673,0.08676448,0.40627038,1.5850006,0.034909822,2.3294115,-0.004792393,-0.0019009911,-0.08028744,-0.10513247,-0.10502233,0.00011013448,0.057099644,0.05726415,0.0001645051,0.004263259,0.0039959326,-0.00026732637,-2.1082227,-2.103817,0.004405737,0.08376588,0.073072836,-0.0106930435
53.699543,1.9999999,0.1190636,-2.1082227,1.1361185,0.08376588,-0.76956016,1.4073286,0.08577778,2.3548958,-0.010514502,-0.0045112185,0.14923343,-0.10669576,-0.105641566,0.0010541901,0.05716215,0.05665144,-0.0005107112,0.0029006044,0.00379638,0.0008957756,-2.1596074,-2.11744,0.042167425,0.0322583,0.06808933,0.03583103
53.749546,1.9999999,0.19965427,-2.1596074,1.1503675,0.0322583,-0.6434201,0.460448,0.054989427,2.396038,-0.015531611,0.013022351,0.06941512,-0.10816719,-0.1081021,6.508827e-05,0.057379536,0.05746768,8.8144094e-05,0.003946574,0.0020000243,-0.0019465496,-2.16708,-2.1644764,0.002603531,0.12560467,0.047742676,-0.077861995
53.799545,1.9999999,0.19965427,-2.16708,1.144814,0.12560467,0.35663858,0.23561573,0.08528919,2.4210308,-0.017157251,0.002430294,-0.17427364,-0.10878388,-0.10849096,0.00029291958,0.057220493,0.057047565,-0.00017292798,0.0062759803,0.0058364817,-0.00043949857,-2.1842752,-2.1725583,0.011716843,0.12543455,0.1078546,-0.01757995
53.849545,1.9999999,0.19965427,-2.1842752,1.1440057,0.12543455,0.7143126,0.008188474,0.11392474,2.4278016,-0.0071925684,-0.004405012,-0.12926634,-0.10856636,-0.10934305,-0.0007766932,0.056653664,0.056940176,0.00028651208,0.005859095,0.005766505,-9.259023e-05,-2.158379,-2.1894472,-0.031068087,0.108929254,0.10522566,-0.0037035942
53.899544,1.9999999,0.19965427,-2.158379,1.1221409,0.108929254,-0.2968015,-0.20411417,0.10592447,2.4304206,-0.013311529,-0.010496339,-0.39753315,-0.10783236,-0.10799086,-0.00015850365,0.05536741,0.055725075,0.00035766512,0.005681856,0.0052410406,-0.00044081546,-2.154915,-2.1612556,-0.0063405037,0.11834499,0.100712374,-0.017632619
53.949543,1.9999999,0.19965427,-2.154915,1.0925555,0.11834499,-0.8842161,-0.63118935,0.123616256,2.4033287,-0.021575669,-0.04415833,-0.1558777,-0.10757559,-0.107797265,-0.00022167712,0.054456674,0.054221597,-0.000235077,0.0058692377,0.005842405,-2.68328e-05,-2.1481085,-2.1569757,-0.008867264,0.11642452,0.1153512,-0.0010733232
53.999546,1.9999999,0.21430315,-2.1481085,1.0857114,0.11642452,-0.5567235,0.01811013,0.11659901,2.405532,-0.021561041,-0.026084108,0.35320985,-0.10731752,-0.10741549,-9.7967684e-05,0.053995922,0.053899523,-9.639934e-05,0.0054709925,0.0056899227,0.00021893019,-2.1445925,-2.148511,-0.0039184093,0.102415174,0.11117237,0.008757196
54.049545,1.9999999,0.23629826,-2.1445925,1.0741255,0.102415174,-0.3134434,-0.3874764,0.14745891,2.3827913,-0.012984451,-0.008837341,0.37226698,-0.10752088,-0.107220985,0.00029989332,0.053222105,0.053370405,0.00014830008,0.006131748,0.005293493,-0.00083825504,-2.1562426,-2.1442468,0.011995792,0.14285475,0.109324545,-0.033530205
54.099545,1.9999999,0.2582716,-2.1562426,1.0547588,0.14285475,-0.2404406,-0.8363224,0.1062577,2.381156,-0.0067517776,0.01114259,-0.046525538,-0.10755206,-0.10781268,-0.0002606213,0.0521591,0.052366585,0.00020748377,0.00628872,0.006745285,0.00045656506,-2.1458397,-2.1562645,-0.010424852,0.10869404,0.12695666,0.018262617
54.149544,1.9999999,0.26559603,-2.1458397,1.0316052,0.10869404,-1.0353788,-0.43371776,0.124914855,2.3637798,-0.007874939,-0.013489895,-0.2091096,-0.107784085,-0.10732498,0.00045910478,0.051250897,0.051103707,-0.00014718994,0.0061950786,0.0057246177,-0.00047046086,-2.1655235,-2.1471596,0.018363953,0.1391091,0.12029067,-0.018818438
54.199543,1.9999999,0.25094715,-2.1655235,1.0184307,0.1391091,-0.045070007,-0.7690218,0.1342411,2.3616052,-0.009396306,-0.009768371,0.009574263,-0.10753333,-0.10835292,-0.00081959367,0.05042077,0.050370034,-5.073473e-05,0.006826422,0.00699832,0.00017189793,-2.1358094,-2.1685936,-0.032784224,0.13394779,0.14082369,0.0068759024
54.249546,1.9999999,0.23629826,-2.1358094,0.9984001,0.13394779,-0.39567947,0.093493074,0.12075837,2.352827,-0.015648551,-0.012532469,-0.033838246,-0.10688084,-0.10693685,-5.6006014e-05,0.04951011,0.049464468,-4.5642257e-05,0.0070460886,0.006555119,-0.0004909695,-2.1394243,-2.1416645,-0.002240181,0.14789575,0.12825698,-0.019638777
54.299545,1.9999999,0.21430315,-2.1394243,0.98200434,0.14789575,0.0875428,0.22173548,0.14223707,2.3484635,-0.001703265,-0.013152195,0.084871046,-0.10673573,-0.107179046,-0.000443317,0.048405733,0.048705753,0.00030001998,0.0054331752,0.0069432515,0.0015100762,-2.130005,-2.1477375,-0.01773262,0.06943126,0.1298343,0.060403034
54.349545,1.9999999,0.2436227,-2.130005,0.95422494,0.06943126,-1.7969321,0.08700159,0.097312905,2.3371882,0.011212687,-0.004045364,-0.21208295,-0.10666342,-0.10663366,2.9757619e-05,0.047700427,0.047346767,-0.00035366043,0.0042633186,0.0037641302,-0.00049918843,-2.1365318,-2.135342,0.0011899471,0.101101495,0.08113395,-0.019967549
54.399544,1.9999999,0.26559603,-2.1365318,0.9537922,0.101101495,-1.0203478,0.7677254,0.11335991,2.3352878,0.007921124,-0.03436049,-0.20491011,-0.10713452,-0.10704906,8.545816e-05,0.04732491,0.047401853,7.6942146e-05,0.0054036565,0.0053082937,-9.5362775e-05,-2.148849,-2.1454308,0.0034182072,0.11504477,0.11123025,-0.003814526
54.449543,1.9999999,0.26559603,-2.148849,0.93920416,0.11504477,1.2137678,-0.38278794,0.1134624,2.333359,0.0010701739,-0.024536375,0.28711635,-0.107247084,-0.1076072,-0.00036011636,0.04629816,0.046603948,0.00030578673,0.0060186205,0.0059493072,-6.931322e-05,-2.1410344,-2.1554391,-0.014404774,0.12570004,0.122927524,-0.0027725175
54.499546,1.9999999,0.26559603,-2.1410344,0.9127223,0.12570004,0.5633792,-0.17427742,0.10690246,2.330574,0.0023078776,-0.005648854,0.14734437,-0.10717803,-0.10720461,-2.6576221e-05,0.0453361,0.04533791,1.8104911e-06,0.005922,0.006141869,0.00021986896,-2.146087,-2.1471498,-0.00106287,0.11117996,0.11997471,0.008794747
54.549545,1.9999999,0.2582716,-2.146087,0.9007218,0.11117996,-0.86338985,-0.4229981,0.10776634,2.3221858,-0.0013031116,-0.009801939,-0.1497817,-0.10760021,-0.10741575,0.00018446147,0.04499695,0.04472366,-0.00027329102,0.0049608587,0.005529813,0.0005689543,-2.1579216,-2.1505427,0.0073788166,0.0872544,0.11001255,0.022758156
54.599545,1.9999999,0.2436227,-2.1579216,0.8991562,0.0872544,-1.5544174,-0.8402529,0.1157228,2.3152182,-0.00668456,-0.020627024,0.25912791,-0.10767178,-0.10790849,-0.00023670495,0.04448889,0.044630714,0.00014182553,0.0048046173,0.004769895,-3.4722034e-05,-2.1489499,-2.1584182,-0.009468317,0.1049303,0.10354142,-0.0013888776
54.649544,1.9999999,0.2216276,-2.1489499,0.8803992,0.1049303,0.7237922,0.085401826,0.115045175,2.3122754,-0.0002594382,0.016110852,0.1713629,-0.107846126,-0.10756554,0.00028058887,0.043871164,0.04379525,-7.5913966e-05,0.006046373,0.0051990845,-0.0008472884,-2.1648953,-2.1536715,0.011223793,0.13692462,0.10303307,-0.03389155
54.699543,1.9999999,0.21430315,-2.1648953,0.87444735,0.13692462,0.3110568,0.2655347,0.10711556,2.30835,0.0030149568,-0.003490734,-0.48040524,-0.10851838,-0.10845274,6.5639615e-05,0.043614317,0.043429296,-0.00018502027,0.0058879103,0.0063773184,0.00048940815,-2.1758397,-2.1732142,0.0026254654,0.09859179,0.11816812,0.019576333
54.749546,1.9999999,0.2216276,-2.1758397,0.8701253,0.09859179,-0.420397,-0.3505708,0.10865341,2.321716,-0.0019343793,-0.03192967,-0.44727162,-0.10902268,-0.10896587,5.6803226e-05,0.043059807,0.04305227,-7.5362623e-06,0.005427951,0.0050426982,-0.00038525276,-2.1850672,-2.1827953,0.0022718906,0.11852624,0.10311615,-0.015410095
54.799545,1.9999999,0.2216276,-2.1850672,0.852267,0.11852624,-0.25787425,-0.20203657,0.11850873,2.3160632,0.014148825,-0.048217896,0.1410555,-0.10894355,-0.10946303,-0.00051947683,0.04215766,0.04217684,1.9177794e-05,0.0055153486,0.00584859,0.0003332412,-2.1726747,-2.1934536,-0.020778894,0.1020877,0.115417324,0.013329625
54.849545,1.9999999,0.2216276,-2.1726747,0.8340395,0.1020877,-0.09535149,-0.05350234,0.12836404,2.3178458,0.01720763,-0.01782412,0.5432473,-0.10891435,-0.108769536,0.00014481694,0.041557953,0.041379966,-0.00017798692,0.005404904,0.005139246,-0.0002656579,-2.1838994,-2.178107,0.0057923794,0.114108466,0.103482135,-0.010626331
54.899544,1.9999999,0.21430315,-2.1838994,0.8282786,0.114108466,-0.53925085,0.72837,0.11006929,2.308806,0.007892594,0.0061068344,-0.015715387,-0.10908067,-0.10935383,-0.00027316064,0.040827658,0.041201733,0.00037407503,0.0057637147,0.005504756,-0.0002589589,-2.1793275,-2.1902537,-0.010926247,0.11644012,0.10608178,-0.010358341
54.949543,1.9999999,0.21430315,-2.1793275,0.80482775,0.11644012,-0.20769365,0.30345985,0.11390346,2.3189805,0.012125205,-0.01939566,0.10334941,-0.10898424,-0.109115385,-0.00013114512,0.04017466,0.040051058,-0.0001236014,0.0058560516,0.0057274452,-0.00012860633,-2.1800423,-2.1852882,-0.005245924,0.11780195,0.11265769,-0.005144261
54.999546,1.9999999,0.2216276,-2.1800423,0.8021586,0.11780195,-0.24938111,1.0133046,0.122727014,2.3105748,0.015112609,0.016441775,0.15001862,-0.10918284,-0.10914542,3.7424266e-05,0.03994164,0.039975133,3.3494085e-05,0.0060644653,0.0056238053,-0.00044065993,-2.1872714,-2.1857743,0.0014970303,0.12477666,0.10715026,-0.017626405
55.049545,1.9999999,0.21430315,-2.1872714,0.79550695,0.12477666,-0.21753953,-0.01725169,0.096809186,2.3200016,0.010952908,-0.0043937988,-0.30943924,-0.10952293,-0.10948938,3.3549964e-05,0.039331533,0.039514378,0.0001828447,0.005297098,0.005826569,0.0005294713,-2.193646,-2.192304,0.0013420582,0.08710725,0.1082861,0.021178849
55.099545,1.9999999,0.21430315,-2.193646,0.77775437,0.08710725,-0.064731166,0.22872205,0.09959554,2.313425,0.006440781,-0.014502149,-0.12309002,-0.10990824,-0.10978716,0.000121079385,0.038710803,0.038548864,-0.00016193837,0.004987958,0.004380142,-0.00060781604,-2.2026837,-2.1978405,0.004843235,0.11241107,0.08809844,-0.02431263
55.149544,1.9999999,0.19965427,-2.2026837,0.7706777,0.11241107,-0.115663856,-0.36866054,0.10904365,2.3151023,0.005395629,-0.016702801,0.22495943,-0.11065456,-0.11021502,0.00043953955,0.037885115,0.03819793,0.00031281635,0.0065298197,0.005523305,-0.0010065148,-2.223499,-2.2059174,0.017581701,0.14878172,0.108521126,-0.04026059
55.199543,1.9999999,0.19965427,-2.223499,0.74472684,0.14878172,-1.3376294,0.7141922,0.12681715,2.3076007,-0.0008628747,0.007993795,0.09743597,-0.110830456,-0.11125612,-0.00042566657,0.03681544,0.036955774,0.00014033541,0.00625572,0.006827728,0.0005720081,-2.2097192,-2.226746,-0.017026901,0.101447076,0.124327384,0.022880308
55.299545,1.9999999,0.19965427,-2.2101402,0.7199225,0.12301828,-0.69678307,0.5373036,0.11578611,2.3140922,0.008745401,-0.01588521,-0.015103208,-0.110584706,-0.110609464,-2.475828e-05,0.035874236,0.03568873,-0.00018550456,0.0059885485,0.0057881842,-0.00020036427,-2.2132478,-2.214238,-0.0009901524,0.11652365,0.10850907,-0.008014582
55.349545,1.9999999,0.2216276,-2.2132478,0.715047,0.11652365,0.45598128,-0.12886894,0.11253641,2.3138833,0.0038476049,-0.008469525,0.06469422,-0.11064632,-0.11074604,-9.971857e-05,0.035384312,0.035419125,3.4812838e-05,0.0057932185,0.005639573,-0.00015364541,-2.212605,-2.2165937,-0.003988743,0.11520509,0.10905927,-0.00614582
55.399544,1.9999999,0.23629826,-2.212605,0.7003254,0.11520509,-0.55713695,0.32675073,0.0912079,2.3170173,0.012440591,-0.009415789,0.20231584,-0.11093669,-0.11070361,0.00023307651,0.034832563,0.03476671,-6.585196e-05,0.005693915,0.005582042,-0.000111872796,-2.2248623,-2.2155395,0.009322882,0.11255151,0.10807659,-0.004474923
55.449543,1.9999999,0.23629826,-2.2248623,0.6929771,0.11255151,-3.9865587e-05,-0.28623676,0.10194581,2.3093283,0.0031618709,0.011762059,0.09371274,-0.11120039,-0.1112808,-8.0406666e-05,0.03425829,0.03438217,0.00012387708,0.0056026587,0.0054482343,-0.00015442446,-2.223153,-2.2263699,-0.0032167435,0.11155484,0.105377845,-0.0061769933
55.499546,1.9999999,0.23629826,-2.223153,0.6773546,0.11155484,0.7257312,0.6752204,0.10543406,2.3147106,0.008792627,-4.4514356e-05,0.108983256,-0.11125189,-0.11125594,-4.0456653e-06,0.03367242,0.033658464,-1.39549375e-05,0.005957394,0.0054465644,-0.0005108295,-2.2269225,-2.2270842,-0.0001616478,0.12674092,0.10630773,-0.020433187
55.549545,1.9999999,0.20697871,-2.2269225,0.6695421,0.12674092,-1.1992748,-0.47457564,0.10322762,2.3080018,0.005445066,0.022660384,-0.2572482,-0.11134749,-0.11138656,-3.9070845e-05,0.032845173,0.03320044,0.00035526603,0.005324787,0.0057732756,0.00044848863,-2.2269769,-2.22854,-0.0015630722,0.086250566,0.10419009,0.017939523
55.599545,1.9999999,0.19232982,-2.2269769,0.6442649,0.086250566,-0.8555088,0.4588586,0.089132294,2.30626,-0.004470155,-0.025769334,-0.040424757,-0.11174357,-0.11142268,0.00032088906,0.03220618,0.031890877,-0.00031530485,0.004283181,0.004282236,-9.4482675e-07,-2.2427657,-2.2299306,0.012835026,0.085076675,0.085038885,-3.7789345e-05
55.649544,1.9999999,0.19232982,-2.2427657,0.64398235,0.085076675,-0.03601513,-0.1430272,0.104591325,2.310322,0.005012415,0.01861791,0.19355011,-0.112105645,-0.112177566,-7.1920455e-05,0.031768598,0.03191678,0.00014818087,0.0046485616,0.0041991584,-0.0004494032,-2.2414603,-2.2443368,-0.0028765202,0.100865796,0.08288967,-0.017976128
55.699543,1.9999999,0.2216276,-2.2414603,0.62676156,0.100865796,-0.6759581,-0.058725018,0.10267628,2.31287,0.0098496955,-0.006414323,-0.2690886,-0.1122554,-0.1121372,0.00011820346,0.031246867,0.031031717,-0.00021515042,0.004944484,0.0049620853,1.7601065e-05,-2.248756,-2.2440276,0.0047283173,0.09691357,0.09761762,0.00070405006
55.749546,1.9999999,0.2216276,-2.248756,0.6231131,0.09691357,-0.75839424,0.17094949,0.09289292,2.3135989,0.007357504,-0.008290949,-0.053578153,-0.11288818,-0.11252184,0.0003663376,0.03110581,0.030848283,-0.00025752746,0.0047976533,0.004812324,1.4670659e-05,-2.2667713,-2.2521179,0.014653444,0.094992556,0.09557938,0.0005868226
55.799545,1.9999999,0.19232982,-2.2667713,0.6211193,0.094992556,-0.30664244,0.043223947,0.09228159,2.32443,0.0036449037,-0.011772139,-0.1670792,-0.11272127,-0.1134423,-0.00072102994,0.030510407,0.030732477,0.00022207014,0.005718245,0.0047075,-0.0010107453,-2.2420797,-2.2709205,-0.02884078,0.13373725,0.09330744,-0.04042981
55.849545,1.9999999,0.19965427,-2.2420797,0.599297,0.13373725,0.15434437,-0.09573991,0.10544705,2.318518,0.007992748,-0.02499887,-0.18041795,-0.11209954,-0.11225708,-0.00015753508,0.02990784,0.029569635,-0.0003382042,0.0063861515,0.006336033,-5.011866e-05,-2.2419019,-2.2482033,-0.006301403,0.12170882,0.119704045,-0.0020047724
55.899544,1.9999999,0.18500538,-2.2419019,0.5970166,0.12170882,-1.2400562,0.020959774,0.10460799,2.3194537,-0.0014530249,-0.029813934,0.2348248,-0.11243397,-0.11219261,0.00024136156,0.029897247,0.029429546,-0.00046770088,0.00574688,0.0058007143,5.383417e-05,-2.255457,-2.2458022,0.00965476,0.10816638,0.11031973,0.002153352
55.949543,1.9999999,0.18500538,-2.255457,0.5988733,0.10816638,0.028087491,0.33043185,0.101265214,2.322962,0.0062379455,-0.0015163886,0.10884492,-0.11307179,-0.112872005,0.00019978732,0.029169895,0.029591084,0.00042118877,0.005333578,0.005126367,-0.00020721136,-2.267415,-2.2594233,0.007991791,0.10517674,0.0968883,-0.008288443
55.999546,1.9999999,0.18500538,-2.267415,0.56792253,0.10517674,-0.6094515,-0.38654545,0.10257552,2.324024,0.010693784,-0.01892944,0.14106242,-0.11357995,-0.1134248,0.00015515089,0.028207121,0.028085291,-0.00012183003,0.004820922,0.0051496783,0.0003287564,-2.275783,-2.2695773,0.006205797,0.08766014,0.10081039,0.013150252
56.049545,1.9999999,0.21430315,-2.275783,0.56036234,0.08766014,-1.3432149,-0.7428465,0.09383313,2.3256457,0.0044241287,0.012589854,0.09573853,-0.11420395,-0.11372602,0.0004779324,0.027591038,0.027751321,0.00016028248,0.004969006,0.0043833978,-0.0005856082,-2.292375,-2.2732575,0.019117594,0.111100085,0.08767578,-0.023424305
56.099545,1.9999999,0.23629826,-2.292375,0.5432792,0.111100085,-0.82314116,-0.35296673,0.097518995,2.3258429,-0.007817291,-0.009355588,-0.45592085,-0.11435635,-0.114606254,-0.00024990737,0.026864173,0.026800051,-6.412156e-05,0.0047084074,0.0056504323,0.00094202487,-2.2818787,-2.291875,-0.009996176,0.0772362,0.114917204,0.037681006
56.149544,1.9999999,0.23629826,-2.2818787,0.5312877,0.0772362,-0.37413847,-0.40373203,0.09856306,2.3358455,-0.006363818,-0.03300223,0.028308293,-0.11402426,-0.11413882,-0.00011456013,0.026387202,0.026229471,-0.00015773065,0.0047035785,0.0042780414,-0.00042553712,-2.2790918,-2.283674,-0.0045821667,0.11090693,0.09388547,-0.017021462
56.199543,1.9999999,0.26559603,-2.2790918,0.5242003,0.11090693,-1.3194749,-0.64934456,0.13152532,2.3366878,0.0012735666,-0.006524759,0.40300825,-0.114449635,-0.113921545,0.0005280897,0.025976798,0.02590853,-6.826781e-05,0.0053150933,0.0056708804,0.0003557871,-2.2988937,-2.2777703,0.02112341,0.101696804,0.115928285,0.014231481
56.249546,1.9999999,0.3095427,-2.2988937,0.5148716,0.101696804,0.023157032,-0.25915608,0.1186673,2.3428543,-0.0031458775,0.007298596,-0.031825,-0.11482353,-0.11492845,-0.000104919076,0.025570745,0.025445914,-0.00012483075,0.004711007,0.0054028006,0.00069179386,-2.2940474,-2.2982442,-0.0041968822,0.08674346,0.11441522,0.027671762
56.299545,1.9999999,0.3242134,-2.2940474,0.50795823,0.08674346,-0.14132924,-0.07330057,0.13625564,2.3407962,0.011778502,-0.009707259,-0.31858432,-0.11478628,-0.114727475,5.8807433e-05,0.024351597,0.025005281,0.00065368414,0.0052164295,0.0050470396,-0.00016938988,-2.2974038,-2.2950513,0.0023524761,0.121913716,0.11513813,-0.006775588
56.349545,1.9999999,0.38280892,-2.2974038,0.46610564,0.121913716,-0.20183147,0.07114569,0.13759276,2.3443928,0.012219293,-0.024559837,-0.5396639,-0.11516127,-0.1149652,0.00019606948,0.022894038,0.022896124,2.0861626e-06,0.0072959987,0.0066583785,-0.0006376202,-2.309047,-2.3012044,0.007842541,0.16992623,0.1444214,-0.025504827
56.399544,1.9999999,0.36816004,-2.309047,0.44965592,0.16992623,-0.7681711,-0.58467627,0.1424072,2.34269,0.017589375,-0.06367365,-0.065008566,-0.115115464,-0.115586594,-0.00047113,0.022242943,0.022073276,-0.00016966648,0.00765314,0.008666786,0.0010136464,-2.2955713,-2.314417,-0.018845558,0.13619937,0.17674524,0.040545866
56.449543,1.9999999,0.36816004,-2.2955713,0.44006178,0.13619937,-1.0436687,-0.8791376,0.13192628,2.3441424,0.010977974,-0.031060694,0.3566126,-0.11521196,-0.114771605,0.00044035912,0.02166851,0.02159032,-7.819012e-05,0.007808185,0.0071570016,-0.00065118354,-2.3129072,-2.2952926,0.017614603,0.17612803,0.15008071,-0.02604732
56.499546,1.9999999,0.36816004,-2.3129072,0.42667866,0.17612803,-0.93887544,0.11351068,0.18048522,2.329741,0.0018495279,-0.028012393,-0.14300781,-0.1153362,-0.11570837,-0.0003721714,0.020384474,0.020896979,0.00051250495,0.008853789,0.008833504,-2.0285137e-05,-2.300541,-2.3154275,-0.014886618,0.17802353,0.17721212,-0.00081141293
56.549545,1.9999999,0.36083558,-2.300541,0.38870028,0.17802353,0.0043346984,0.41782346,0.18081567,2.3300297,-6.931182e-05,-0.045361474,-0.2083658,-0.11519434,-0.11518679,7.5548887e-06,0.019382609,0.018954182,-0.000428427,0.008793434,0.009017413,0.00022397842,-2.3072329,-2.3069303,0.00030255318,0.17371385,0.18267295,0.0089591
56.599545,1.9999999,0.36083558,-2.3072329,0.38660407,0.17371385,0.79130024,0.49931028,0.1743216,2.3248928,-0.0032429064,-0.04884897,0.31636798,-0.11552557,-0.115499794,2.5779009e-05,0.018963788,0.018910527,-5.3260475e-05,0.008667675,0.009000554,0.0003328789,-2.3137903,-2.312759,0.0010313988,0.17299314,0.18630826,0.013315126
56.699543,1.9999999,0.36816004,-2.3247283,0.33536348,0.1769326,-1.4642341,-0.23352735,0.18056932,2.3312669,-0.0024912294,-0.018000104,0.07152293,-0.11637118,-0.11627882,9.23574e-05,0.016622325,0.016418628,-0.00020369701,0.008872995,0.008948178,7.518288e-05,-2.330119,-2.3264246,0.0036942959,0.17798719,0.18099451,0.0030073225
56.749546,1.9999999,0.36816004,-2.330119,0.32952952,0.17798719,-0.6374197,-0.9008629,0.17966089,2.3343654,-0.0031182333,-0.006572384,-0.03759814,-0.11613326,-0.11649159,-0.00035833567,0.016033083,0.016035736,2.6524067e-06,0.008480195,0.008863292,0.00038309675,-2.3152113,-2.3295448,-0.014333487,0.1612206,0.17654449,0.015323892
56.849545,1.9999999,0.3461867,-2.334723,0.27926657,0.21344356,-0.03688035,0.7489514,0.20056966,2.332455,-0.004422734,-0.038418524,-0.1286098,-0.11637215,-0.116836525,-0.00046437234,0.013346005,0.01347614,0.00013013463,0.009916129,0.010341518,0.00042538904,-2.3201632,-2.3387377,-0.018574476,0.18320157,0.20021713,0.017015561
56.899544,1.9999999,0.36083558,-2.3201632,0.2545736,0.18320157,0.8932805,0.18031833,0.17614868,2.3317747,-0.0027453036,-0.0346209,0.07210477,-0.11595878,-0.11610208,-0.00014329702,0.012232574,0.012225866,-6.707385e-06,0.0095652,0.009256269,-0.00030893087,-2.318188,-2.3239198,-0.005731821,0.19940642,0.18704917,-0.01235725
56.949543,1.9999999,0.39013335,-2.318188,0.23472933,0.19940642,0.46326673,0.06965897,0.18724023,2.3293498,0.0056388555,-0.031208046,-0.2575075,-0.11606296,-0.11601019,5.2772462e-05,0.011194511,0.011149305,-4.5206398e-05,0.009818046,0.009894951,7.690489e-05,-2.3243306,-2.3222194,0.0021111965,0.19331543,0.19639161,0.0030761808
56.999546,1.9999999,0.40478224,-2.3243306,0.21305111,0.19331543,-0.09925875,-0.12255827,0.18723257,2.319769,-0.004243395,-0.06037165,0.069571,-0.11655194,-0.11626321,0.00028873235,0.009666758,0.010098271,0.0004315134,0.009602097,0.010019601,0.00041750446,-2.337747,-2.3261979,0.011549234,0.19076844,0.20746861,0.016700178
57.049545,1.9999999,0.36816004,-2.337747,0.17361921,0.19076844,-1.662361,0.3720914,0.18872665,2.3151073,-0.0123184705,-0.024250945,0.23488505,-0.116235174,-0.11686899,-0.00063381344,0.0081240665,0.008254848,0.0001307819,0.009574522,0.009617539,4.301686e-05,-2.3116598,-2.3370123,-0.025352478,0.19221245,0.1939331,0.001720652
57.099545,1.9999999,0.36816004,-2.3116598,0.15134344,0.19221245,-0.8528248,0.503853,0.20043917,2.3164017,-0.011380013,-0.036883146,-0.07794574,-0.11553664,-0.115603425,-6.6787004e-05,0.0073221624,0.007187307,-0.00013485551,0.010216093,0.009736145,-0.00047994778,-2.3098056,-2.3124769,-0.0026712418,0.21643125,0.19723335,-0.019197896
57.249546,1.9999999,0.3315378,-2.3194113,0.123729736,0.22144184,-1.4248374,0.3168197,0.20755923,2.309282,0.0046944288,-0.033453412,-0.023682501,-0.11601612,-0.11600137,1.475215e-05,0.005765827,0.005797654,3.1827018e-05,0.010719544,0.010740294,2.0749867e-05,-2.3212335,-2.3206437,0.00058984756,0.20733993,0.20816994,0.0008300096
57.299545,1.9999999,0.3242134,-2.3212335,0.10690334,0.20733993,-1.7149928,-0.23975118,0.19910944,2.3145585,-0.0009833808,-0.036473967,-0.2054545,-0.116408624,-0.11605197,0.00035665184,0.003517472,0.00486342,0.0013459481,0.010246975,0.010150278,-9.669736e-05,-2.3351116,-2.3208454,0.0142662525,0.20253909,0.19867119,-0.0038678944
57.349545,1.9999999,0.3461867,-2.3351116,0.033795536,0.20253909,-1.7482915,0.22186232,0.21031252,2.3155038,-0.0023639512,-0.053998865,0.08661006,-0.11693634,-0.116695605,0.00024073571,0.0014812595,0.0012445782,-0.00023668131,0.01020469,0.010179683,-2.5006942e-05,-2.3423421,-2.3327127,0.009629488,0.20564851,0.2046482,-0.001000315
57.399544,1.9999999,0.3461867,-2.3423421,0.025454842,0.20564851,-0.25319165,-0.65527105,0.21155575,2.3264108,-0.0033423088,-0.027812963,0.067276016,-0.1170351,-0.11703286,2.2351742e-06,0.0010707268,0.000782476,-0.0002882508,0.010065867,0.0101848375,0.00011897087,-2.3390617,-2.3389723,8.940697e-05,0.19698617,0.20174497,0.004758805
57.449543,1.9999999,0.33886227,-2.3390617,0.017374229,0.19698617,-0.71600646,0.07316499,0.20880324,2.3249238,0.010573034,-0.047271263,-0.087185346,-0.11682878,-0.116926394,-9.761751e-05,0.0003649616,0.00033766517,-2.7296424e-05,0.010120728,0.009808424,-0.00031230412,-2.3340895,-2.337994,-0.003904581,0.20784296,0.19535081,-0.01249215
57.499546,1.9999999,0.33886227,-2.3340895,-0.002775764,0.20784296,-0.95920235,0.50497395,0.22800693,2.3151243,-0.010810356,-0.036531497,0.099055886,-0.11664696,-0.11668434,-3.7379563e-05,-0.0006001902,-0.00062149577,-2.1305576e-05,0.010510586,0.010341353,-0.00016923342,-2.3317888,-2.3332841,-0.0014953613,0.21258049,0.20581111,-0.006769374
57.549545,1.9999999,0.33886227,-2.3317888,-0.021231845,0.21258049,0.4552414,0.33492076,0.19621074,2.318687,-0.009184608,-0.037365675,-0.07087399,-0.116393104,-0.11661955,-0.0002264455,-0.0015537951,-0.0015718017,-1.8006656e-05,0.010990175,0.010464089,-0.0005260864,-2.3239353,-2.3329933,-0.009057999,0.22702654,0.20598306,-0.02104348
57.599545,1.9999999,0.33886227,-2.3239353,-0.040919956,0.22702654,-0.1535793,0.41945505,0.2061419,2.3159108,-0.0065543354,-0.043618895,-0.18584383,-0.11634422,-0.116248846,9.537488e-05,-0.0029813887,-0.0026698266,0.0003115621,0.011375045,0.011023012,-0.0003520334,-2.3298335,-2.3260188,0.0038146973,0.22797528,0.21389392,-0.014081359
57.649544,1.9999999,0.36083558,-2.3298335,-0.07833559,0.22797528,-1.4061792,0.5165094,0.22937164,2.3172705,-0.0041827946,-0.055950057,0.50692624,-0.11652888,-0.1164053,0.00012358278,-0.0050563207,-0.004358524,0.0006977967,0.011341118,0.011391756,5.063787e-05,-2.3313217,-2.3263783,0.004943371,0.22566944,0.22769496,0.0020255148
57.699543,1.9999999,0.36083558,-2.3313217,-0.12391724,0.22566944,-0.5947604,0.6920333,0.21570201,2.3142,0.0037676874,0.0070737298,0.19230454,-0.11691451,-0.11655014,0.00036437064,-0.0067860484,-0.0063469666,0.0004390818,0.010828465,0.0105801085,-0.00024835672,-2.3452587,-2.330684,0.014574766,0.20746917,0.19753489,-0.009934276
57.749546,1.9999999,0.36083558,-2.3452587,-0.1475247,0.20746917,0.6497239,0.80512685,0.20959485,2.3264897,-0.0077871364,-0.0367196,-0.532916,-0.11658824,-0.11731575,-0.0007275045,-0.007906164,-0.007829149,7.701479e-05,0.010403321,0.010138814,-0.0002645068,-2.318271,-2.3473713,-0.029100418,0.20866369,0.1980834,-0.010580286
57.799545,1.9999999,0.36083558,-2.318271,-0.16872185,0.20866369,0.518284,0.21648556,0.24038398,2.3284242,-0.0007552963,-0.04621787,-0.14257167,-0.11630359,-0.11592161,0.00038198382,-0.009077105,-0.009085565,-8.460134e-06,0.011319201,0.010508346,-0.00081085507,-2.3338728,-2.3185933,0.0152795315,0.24410436,0.21167019,-0.032434165
57.849545,1.9999999,0.35351115,-2.3338728,-0.19436233,0.24410436,-0.77471626,0.2639437,0.21219441,2.331036,0.0046371,-0.050976768,0.035165984,-0.11642749,-0.11661632,-0.00018883497,-0.010476388,-0.010382193,9.41949e-05,0.011408215,0.011937679,0.0005294634,-2.323227,-2.3307803,-0.007553339,0.21222423,0.23340279,0.021178558
57.899544,1.9999999,0.3461867,-2.323227,-0.22469321,0.21222423,-1.6695846,0.05193948,0.22197412,2.331385,-0.0005315192,-0.042701274,0.33980992,-0.11650471,-0.11596594,0.0005387664,-0.011975914,-0.011741611,0.00023430306,0.010972437,0.010687487,-0.00028495025,-2.3369615,-2.3154104,0.021551132,0.22667326,0.21527523,-0.011398032
57.949543,1.9999999,0.3461867,-2.3369615,-0.25434336,0.22667326,-0.9467414,-0.5543179,0.22406718,2.3374004,-0.0049136546,-0.016995778,0.1547713,-0.11618604,-0.116648674,-0.00046263635,-0.013375778,-0.013142382,0.00023339596,0.011108221,0.01103154,-7.6680444e-05,-2.31048,-2.3289855,-0.018505335,0.21765557,0.21458831,-0.003067255
57.999546,1.9999999,0.33886227,-2.31048,-0.28068775,0.21765557,0.37831897,0.42635396,0.20014296,2.3137743,0.002291589,-0.027224144,-0.058321446,-0.11596749,-0.11544073,0.0005267635,-0.014499157,-0.014486133,1.3023615e-05,0.010167537,0.010482702,0.00031516515,-2.3282197,-2.3071487,0.021070957,0.18904594,0.20165253,0.012606591
58.049545,1.9999999,0.33886227,-2.3282197,-0.2992785,0.18904594,-1.437761,-0.44895762,0.19407508,2.3323653,0.0004888634,-0.022827923,0.03485545,-0.11637101,-0.1162743,9.671599e-05,-0.0153659405,-0.01542402,-5.807914e-05,0.009729772,0.009463861,-0.00026591122,-2.3266208,-2.3227522,0.0038685799,0.20014493,0.18950847,-0.010636464
58.099545,1.9999999,0.33886227,-2.3266208,-0.31535912,0.20014493,-1.6829389,0.18584765,0.20228942,2.3283374,0.0039379355,-0.023738598,0.1535931,-0.11633758,-0.116190016,0.0001475662,-0.0164694,-0.016142614,0.0003267862,0.010215753,0.00987492,-0.0003408324,-2.3268824,-2.3209798,0.0059025288,0.20848517,0.19485188,-0.013633296
58.149544,1.9999999,0.3315378,-2.3268824,-0.3434169,0.20848517,-1.2103548,-0.14091125,0.21587294,2.328243,-0.01322247,-0.007468613,0.11437273,-0.11577901,-0.1161865,-0.00040748715,-0.017506381,-0.017488806,1.757592e-05,0.010073883,0.01016442,9.053666e-05,-2.3042781,-2.3205779,-0.016299725,0.19447018,0.19809163,0.003621444
58.199543,1.9999999,0.3242134,-2.3042781,-0.3568384,0.19447018,-0.4217784,-0.13747533,0.20391749,2.3271441,0.00016429799,-0.012301325,-0.42118427,-0.11527473,-0.115144245,0.00013048202,-0.018859873,-0.018237986,0.0006218869,0.010331382,0.009377062,-0.0009543197,-2.3067112,-2.3014915,0.005219698,0.2187851,0.18061233,-0.03817278
58.249546,1.9999999,0.3242134,-2.3067112,-0.39755654,0.2187851,-0.32066908,0.023374755,0.2037714,2.323412,0.0064291665,-0.04958704,-0.19415174,-0.11524255,-0.1152791,-3.655255e-05,-0.020402564,-0.020346208,5.635619e-05,0.011000568,0.010661328,-0.00033923984,-2.302991,-2.3044531,-0.0014622211,0.22123761,0.207668,-0.013569608
58.299545,1.9999999,0.3242134,-2.302991,-0.418546,0.22123761,-0.73724276,-0.06205914,0.20134166,2.3292437,0.0018583919,-0.0317165,0.20466943,-0.115218244,-0.11500652,0.00021172315,-0.021673128,-0.021496212,0.0001769159,0.010846032,0.010727671,-0.000118360855,-2.305739,-2.29727,0.008468866,0.21260367,0.20786923,-0.0047344416
58.349545,1.9999999,0.3315378,-2.305739,-0.44837916,0.21260367,-0.38855857,-0.012444874,0.21102464,2.322942,0.0078108576,-0.029120097,0.12551156,-0.11516474,-0.115150325,1.44168735e-05,-0.022756154,-0.02295597,-0.00019981712,0.009914552,0.010345871,0.00043131877,-2.3008506,-2.300274,0.00057673454,0.1839784,0.20123115,0.017252758
58.399544,1.9999999,0.2948938,-2.3008506,-0.461867,0.1839784,-0.23095146,0.48880818,0.19111972,2.326365,0.017007636,-0.019165345,-0.10337285,-0.11480467,-0.11497948,-0.00017481297,-0.023859246,-0.023582492,0.00027675368,0.009928935,0.008927152,-0.0010017836,-2.2913363,-2.2983284,-0.0069921017,0.21317899,0.17310768,-0.04007131
58.449543,1.9999999,0.2729205,-2.2913363,-0.49250284,0.21317899,-0.6660274,0.5214197,0.20522565,2.3112962,0.014068916,-0.03945738,0.07646163,-0.11422756,-0.11449086,-0.00026329607,-0.025535714,-0.025074786,0.0004609283,0.009541104,0.010308132,0.00076702796,-2.277766,-2.288298,-0.010531902,0.16846517,0.19914626,0.030681089
58.499546,1.9999999,0.2216276,-2.277766,-0.5289257,0.16846517,-0.46009684,-0.82904756,0.18138438,2.3260512,0.018798908,-0.0115191825,0.08281855,-0.11401916,-0.11371106,0.00030810386,-0.027108347,-0.026938451,0.00016989559,0.009100453,0.008166141,-0.0009343121,-2.2830005,-2.2706764,0.012324095,0.19555296,0.15818048,-0.037372485
58.549545,1.9999999,0.2216276,-2.2830005,-0.5554081,0.19555296,-1.9170318,-0.7035164,0.18955052,2.3213303,0.02533017,-0.031175528,-0.28659332,-0.11392623,-0.11400159,-7.535517e-05,-0.028124508,-0.028288368,-0.00016386062,0.008969731,0.009171301,0.00020156987,-2.2740488,-2.2770631,-0.003014326,0.16323626,0.17129906,0.008062795
58.599545,1.9999999,0.25094715,-2.2740488,-0.5695722,0.16323626,-0.10982832,0.32909614,0.17026451,2.3176708,0.020361813,-0.040178515,0.06279157,-0.11387365,-0.113615945,0.00025770813,-0.029002417,-0.0290148,-1.2382865e-05,0.007974246,0.00785613,-0.00011811592,-2.2808971,-2.2705889,0.010308266,0.15573356,0.15100893,-0.004724622
58.649544,1.9999999,0.2582716,-2.2808971,-0.5905245,0.15573356,0.5347833,0.4066343,0.15517652,2.3240082,0.022978824,-0.02489637,0.14173248,-0.11365457,-0.11398158,-0.00032701343,-0.029899206,-0.029972747,-7.3540956e-05,0.007586964,0.0075765415,-1.0422431e-05,-2.2652855,-2.2783659,-0.0130803585,0.147745,0.14732812,-0.0004168749
58.699543,1.9999999,0.2582716,-2.2652855,-0.6054438,0.147745,-0.30243215,0.26186123,0.16058914,2.3274102,0.021540118,-0.026005266,-0.010613806,-0.11319189,-0.11320142,-9.529293e-06,-0.030347075,-0.0306806,-0.00033352524,0.007829818,0.0073099243,-0.0005198936,-2.26239,-2.2627711,-0.0003812313,0.16544773,0.14465198,-0.020795748
58.749546,1.9999999,0.20697871,-2.26239,-0.6084392,0.16544773,-0.587663,-0.183295,0.17762844,2.3195689,0.01680906,-0.025957752,-0.08918771,-0.113343716,-0.1130138,0.00032991916,-0.030886464,-0.03086396,2.2504479e-05,0.00878282,0.007987364,-0.00079545565,-2.2713587,-2.2581618,0.013196945,0.18586506,0.15404682,-0.03181824
58.799545,1.9999999,0.17768094,-2.2713587,-0.62701935,0.18586506,-1.011732,-1.2152983,0.17379172,2.3178515,0.02326388,-0.034924038,-0.16700688,-0.11332829,-0.1134155,-8.7209046e-05,-0.031725015,-0.031863566,-0.000138551,0.008934551,0.00872801,-0.00020654127,-2.2617729,-2.2652612,-0.0034883022,0.17151697,0.16325533,-0.008261636
58.849545,1.9999999,0.1703565,-2.2617729,-0.64198124,0.17151697,0.99613374,1.135843,0.13797495,2.3127935,0.020112544,-0.04265844,0.09557153,-0.11277702,-0.11304849,-0.00027146935,-0.03227802,-0.032630067,-0.00035204738,0.008236001,0.0078040184,-0.0004319828,-2.2493079,-2.2601666,-0.010858774,0.15792309,0.14064375,-0.017279342
58.899544,1.9999999,0.16303205,-2.2493079,-0.6491395,0.15792309,1.0003188,0.0597163,0.14776221,2.31655,0.020600565,-0.025366886,0.42853183,-0.112277135,-0.11234416,-6.702542e-05,-0.033062708,-0.032807525,0.00025518239,0.0076117194,0.007349703,-0.00026201643,-2.2417777,-2.2444584,-0.0026807785,0.1465457,0.13606504,-0.010480657
58.949543,1.9999999,0.14103693,-2.2417777,-0.6733687,0.1465457,0.09685074,-0.22313419,0.14213334,2.318386,0.027401347,0.0001947434,0.08598412,-0.112006746,-0.111919515,8.72314e-05,-0.034025744,-0.034009382,1.6361475e-05,0.0064088055,0.006658554,0.00024974858,-2.238492,-2.2350028,0.003489256,0.10980653,0.11979646,0.009989932
58.999546,1.9999999,0.14103693,-2.238492,-0.687661,0.10980653,-1.3682041,-0.017806947,0.11438749,2.3165214,0.021979759,-0.016768474,-0.39125857,-0.1120718,-0.11181398,0.0002578199,-0.034538947,-0.03477564,-0.00023669377,0.005257906,0.0051097125,-0.00014819345,-2.2443798,-2.2340672,0.010312557,0.10050971,0.09458198,-0.005927734
59.049545,1.9999999,0.14103693,-2.2443798,-0.69389695,0.10050971,-0.8862956,-0.056376524,0.10615285,2.3222437,0.009704265,-0.038931113,-0.002608707,-0.11238345,-0.11212943,0.0002540201,-0.035130486,-0.035050776,7.971004e-05,0.0050927605,0.004887994,-0.00020476663,-2.2509582,-2.240797,0.010161161,0.10320072,0.09501003,-0.0081906915
59.099545,1.9999999,0.12638804,-2.2509582,-0.7113225,0.10320072,-0.14868687,0.35048452,0.09974144,2.3167863,0.007334883,-0.017029343,0.24571419,-0.11226329,-0.11245062,-0.00018732995,-0.03599684,-0.035873197,0.00012364239,0.0047528283,0.004926053,0.0001732246,-2.2395737,-2.2470665,-0.0074927807,0.08691241,0.093841396,0.006928988
59.149544,1.9999999,0.11173916,-2.2395737,-0.7285511,0.08691241,0.3531229,-0.074132405,0.076427974,2.3197188,0.024579575,-0.014359696,-0.17881551,-0.111820765,-0.11190178,-8.101761e-05,-0.036686197,-0.036717746,-3.1549484e-05,0.0038261167,0.004060764,0.00023464719,-2.233257,-2.2364976,-0.0032405853,0.066132255,0.07551815,0.009385899
59.199543,1.9999999,0.053121824,-2.233257,-0.73889685,0.066132255,1.309623,0.46962425,0.06581945,2.3171194,0.016358303,-0.034910895,-0.026238175,-0.11159986,-0.11165925,-5.9388578e-05,-0.037091184,-0.03723342,-0.00014223531,0.0015934814,0.0030774584,0.001483977,-2.2307374,-2.233113,-0.0023756027,-0.0023930005,0.05696608,0.05935908
59.249546,1.9999999,0.060468063,-2.2307374,-0.7447506,-0.0023930005,0.5803933,0.08601666,0.025284592,2.3328893,0.018810667,-0.016983513,0.22797787,-0.11175431,-0.11156507,0.00018924475,-0.037301835,-0.037487444,-0.00018560886,0.00021904046,0.0001381144,-8.092607e-05,-2.239435,-2.2318654,0.0075695515,0.011154619,0.007917576,-0.0032370435
59.299545,1.9999999,0.08244139,-2.239435,-0.7473227,0.011154619,-0.35006496,0.1778293,0.03565064,2.3297493,0.01723143,-0.012113107,-0.28101033,-0.11289742,-0.112018324,0.000879094,-0.03771171,-0.037539374,0.00017233565,0.0014998922,0.0009992988,-0.00050059345,-2.2764616,-2.2412977,0.03516388,0.04884107,0.02881733,-0.02002374
59.349545,1.9999999,0.097090274,-2.2764616,-0.7611457,0.04884107,0.15823628,0.55192095,0.08708175,2.3405156,0.012109431,-0.045084547,0.11532359,-0.11365747,-0.11388508,-0.00022761524,-0.03822062,-0.03826074,-4.011765e-05,0.003315432,0.002755678,-0.000559754,-2.269837,-2.2789416,-0.009104729,0.083776206,0.061386053,-0.022390153
59.399544,1.9999999,0.08976583,-2.269837,-0.7676792,0.083776206,0.39843658,0.31258926,0.0639576,2.370551,0.015705265,-0.00058074895,0.6309447,-0.113973446,-0.1134007,0.0005727485,-0.039016977,-0.03851421,0.0005027652,0.003807251,0.0040155104,0.00020825933,-2.2891006,-2.266191,0.022909641,0.06851384,0.07684421,0.0083303675
59.449543,1.9999999,0.08244139,-2.2891006,-0.7929999,0.06851384,-1.3196434,0.2251689,0.051020734,2.3939087,0.019975819,0.018009925,-0.06265897,-0.1145406,-0.114280604,0.00025999546,-0.039715607,-0.03976832,-5.2712858e-05,0.003533925,0.0031825886,-0.00035133632,-2.2925231,-2.2821238,0.010399342,0.072843164,0.058789708,-0.0140534565
59.499546,1.9999999,0.08244139,-2.2925231,-0.79562443,0.072843164,-0.91341954,0.366887,0.060750645,2.3963895,0.02216388,-0.0068466463,-0.15697864,-0.1139826,-0.11449968,-0.00051707774,-0.039912216,-0.039900895,1.1321157e-05,0.0030398956,0.0034148362,0.0003749407,-2.266781,-2.287464,-0.020682812,0.04875266,0.06375028,0.01499762
59.549545,1.9999999,0.10441472,-2.266781,-0.8008643,0.04875266,-0.51693493,-0.44857135,0.06371835,2.4005103,0.005945425,0.002312063,0.13277514,-0.1134669,-0.11316967,0.00029723346,-0.040176027,-0.04010551,7.051602e-05,0.0030982282,0.0024241304,-0.0006740978,-2.2718952,-2.260006,0.011889219,0.07517647,0.048212554,-0.026963916
59.599545,1.9999999,0.16303205,-2.2718952,-0.8061767,0.07517647,0.43342793,0.72712564,0.055458657,2.3869967,0.0054321005,0.0064308685,-0.39062047,-0.114099964,-0.11348527,0.00061469525,-0.04061535,-0.040387485,0.00022786483,0.0041527203,0.003731081,-0.0004216393,-2.2921035,-2.2675157,0.02458787,0.09093235,0.07406676,-0.016865589
59.649544,1.9999999,0.15570761,-2.2921035,-0.81843734,0.09093235,-1.2016473,-0.92568475,0.11038972,2.3852632,0.012107742,-0.03674998,-0.04922166,-0.11380446,-0.11446168,-0.00065722317,-0.04106679,-0.041085344,-1.8551946e-05,0.0047944593,0.0045335204,-0.0002609389,-2.2600749,-2.2863638,-0.026288986,0.10084603,0.09040846,-0.0104375705
59.699543,1.9999999,0.15570761,-2.2600749,-0.82423437,0.10084603,-1.1108936,-0.7703266,0.10558918,2.37289,0.013484085,0.0015087026,0.34248024,-0.11232131,-0.11273461,-0.0004132986,-0.041538946,-0.04139296,0.00014598668,0.0049722614,0.004806544,-0.00016571721,-2.2327776,-2.2493093,-0.016531706,0.09804442,0.09141573,-0.0066286847
59.749546,1.9999999,0.15570761,-2.2327776,-0.8373234,0.09804442,-0.7203728,-0.3311696,0.102197215,2.3692086,0.013218142,-0.0025019583,-0.2775541,-0.11138327,-0.11140459,-2.1323562e-05,-0.04199469,-0.042076774,-8.208305e-05,0.005562391,0.0047163414,-0.00084604975,-2.222553,-2.2234056,-0.00085258484,0.12445122,0.09060924,-0.033841982
59.799545,1.9999999,0.12638804,-2.222553,-0.84246415,0.12445122,0.28115052,0.12409169,0.10249078,2.3655572,0.009962756,-0.026246708,-0.05343356,-0.11115964,-0.11097249,0.00018715113,-0.042304512,-0.042422146,-0.00011763349,0.0058814916,0.0058285743,-5.2917283e-05,-2.2238324,-2.2163465,0.0074858665,0.11080844,0.108691745,-0.002116695
59.849545,1.9999999,0.12638804,-2.2238324,-0.84971625,0.11080844,1.5091468,-0.13604179,0.0791223,2.3590448,0.010089532,-0.007845314,0.42581353,-0.11092916,-0.11108921,-0.00016004592,-0.04260186,-0.042697176,-9.531528e-05,0.004430094,0.005120286,0.000690192,-2.2133338,-2.2197356,-0.0064017773,0.066395305,0.09400299,0.027607687
59.899544,1.9999999,0.14103693,-2.2133338,-0.8543582,0.066395305,-0.32208976,0.50192475,0.07103829,2.3559775,0.016826816,0.016334645,0.033995893,-0.11076711,-0.11063864,0.00012847036,-0.042950846,-0.04289096,5.9887767e-05,0.0032952863,0.003260526,-3.4760218e-05,-2.2173505,-2.212212,0.005138397,0.06541615,0.06402573,-0.0013904199
59.949543,1.9999999,0.14103693,-2.2173505,-0.86367565,0.06541615,-1.1650945,-0.23519945,0.10029705,2.3555193,0.014755999,-0.004445725,-0.286342,-0.1105386,-0.11079403,-0.00025542825,-0.04342415,-0.043411966,1.2185425e-05,0.0043084132,0.003355413,-0.0009530003,-2.2041936,-2.2144108,-0.01021719,0.10692038,0.06880036,-0.038120016
59.999546,1.9999999,0.13371249,-2.2041936,-0.8732904,0.10692038,0.36569026,0.3700211,0.099524565,2.3533595,0.016094426,-0.012299554,0.1969486,-0.10996349,-0.11014576,-0.000182271,-0.04371797,-0.043897796,-0.00017982721,0.0051886085,0.0051226104,-6.5998174e-05,-2.1943462,-2.2016366,-0.0072903633,0.10062396,0.09798403,-0.002639927
60.049545,1.9999999,0.097090274,-2.1943462,-0.8754284,0.10062396,0.07336452,0.52659327,0.09665424,2.3445718,0.012901005,0.015249135,0.12581164,-0.10952836,-0.10961876,-9.0397894e-05,-0.044055667,-0.043965217,9.045005e-05,0.0044052326,0.0046393387,0.00023410609,-2.1867883,-2.1904042,-0.0036158562,0.07558534,0.08494959,0.009364247
60.099545,1.9999999,0.07511695,-2.1867883,-0.8867984,0.07558534,-0.4267986,0.77845615,0.08535074,2.3459642,0.01365573,0.00028161,-0.14911412,-0.10951717,-0.10926862,0.00024855137,-0.044726633,-0.04453657,0.00019006431,0.0031277395,0.0034876198,0.00035988027,-2.1938987,-2.1839561,0.009942532,0.049524236,0.06391944,0.014395203
60.149544,1.9999999,0.067792505,-2.1938987,-0.9022669,0.049524236,-1.0245508,1.0750624,0.07008749,2.3461897,0.016929459,0.00033772344,-0.107841544,-0.10972051,-0.109645486,7.502735e-05,-0.04524854,-0.04526059,-1.2051314e-05,0.0023200542,0.0023451378,2.5083544e-05,-2.1949217,-2.1919205,0.003001213,0.04327793,0.04428127,0.0010033399
60.199543,1.9999999,0.067792505,-2.1949217,-0.90767455,0.04327793,-1.4678751,-0.021260902,0.0488894,2.345859,0.023454627,-0.010502544,-0.11889985,-0.109793186,-0.10963553,0.00015765429,-0.04550255,-0.045522477,-1.9926578e-05,0.0019097528,0.0020693194,0.00015956652,-2.1968055,-2.1904995,0.006305933,0.033112183,0.039494846,0.006382663
60.249546,1.9999999,0.067792505,-2.1968055,-0.91242737,0.033112183,-0.2753045,-0.22553597,0.03109865,2.3531313,0.013061673,-0.011552261,-0.013455545,-0.11049342,-0.10972512,0.0007683039,-0.046076853,-0.04571491,0.00036194175,0.0018987483,0.0016171302,-0.0002816181,-2.2229314,-2.1921992,0.030732155,0.042837754,0.031573027,-0.0112647265
60.299545,1.9999999,0.060468063,-2.2229314,-0.9306468,0.042837754,-0.5870506,0.12186146,0.040091015,2.3484929,0.016559795,-0.011848099,-0.03839855,-0.11145345,-0.11104478,0.0004086718,-0.04690473,-0.046631195,0.0002735369,0.0028130752,0.0020918774,-0.0007211978,-2.2352066,-2.2188597,0.016346931,0.06968526,0.04083734,-0.028847918
60.349545,1.9999999,0.067792505,-2.2352066,-0.94554245,0.06968526,-1.6954532,1.1511308,0.07015086,2.3667333,0.010089536,-0.015392116,-0.076927826,-0.11245656,-0.11168545,0.00077111274,-0.047794856,-0.047393166,0.0004016906,0.0035585414,0.0033855482,-0.00017299317,-2.2630558,-2.2322114,0.03084445,0.0726564,0.06573668,-0.0069197193
60.399544,1.9999999,0.14103693,-2.2630558,-0.9662518,0.0726564,-0.926829,1.0335963,0.07051749,2.378611,0.011539372,-0.019540882,0.0017480414,-0.11322296,-0.1130925,0.00013045967,-0.04854946,-0.04838536,0.00016409904,0.003585733,0.0035910152,5.282229e-06,-2.2658625,-2.2606442,0.0052182674,0.07077292,0.0709842,0.00021127611
60.449543,1.9999999,0.14103693,-2.2658625,-0.9757265,0.07077292,0.11512832,0.31330553,0.06289134,2.4154358,0.02063807,-0.015217312,0.101114504,-0.11301261,-0.113169074,-0.00015646219,-0.04888365,-0.04886617,1.7479062e-05,0.0044970093,0.0034942448,-0.0010027646,-2.2546418,-2.2609003,-0.0062584877,0.10910746,0.06899688,-0.04011058
60.499546,1.9999999,0.19232982,-2.2546418,-0.9796196,0.10910746,-0.52881044,0.17959844,0.08436544,2.4336991,0.0041334084,-0.009429431,0.13376914,-0.11220717,-0.11250241,-0.00029524416,-0.049031872,-0.049107548,-7.567555e-05,0.0057428977,0.0052914075,-0.00045149028,-2.233645,-2.2454545,-0.0118095875,0.12060846,0.10254885,-0.018059604
60.549545,1.9999999,0.18500538,-2.233645,-0.98165524,0.12060846,-0.26326662,0.06168113,0.112519816,2.4372952,0.001579581,-0.0018403977,-0.06414056,-0.11128064,-0.111410275,-0.00012963265,-0.049366012,-0.04923176,0.00013425201,0.0052454323,0.005779962,0.0005345298,-2.2175808,-2.222766,-0.0051851273,0.089208834,0.11059001,0.021381177
60.599545,1.9999999,0.18500538,-2.2175808,-0.9929852,0.089208834,-0.06613223,0.11526736,0.09121276,2.4164522,0.017403306,-0.015843486,0.1324339,-0.10997336,-0.11065803,-0.00068466365,-0.04964137,-0.049794536,-0.00015316531,0.0050333464,0.0044340575,-0.00059928885,-2.1813536,-2.2087402,-0.027386665,0.11212502,0.08815345,-0.023971565
60.649544,1.9999999,0.12638804,-2.1813536,-0.9926697,0.11212502,-0.93827176,-0.5290048,0.10618891,2.3827465,0.0052538733,0.011402993,0.04037877,-0.10946458,-0.10873448,0.0007300973,-0.050063763,-0.049789276,0.00027448684,0.005422384,0.005281073,-0.00014131097,-2.1972296,-2.1680255,0.02920413,0.10477035,0.0991179,-0.00565245
60.699543,1.9999999,0.12638804,-2.1972296,-1.0098809,0.10477035,0.22994322,0.15490451,0.100523554,2.3764155,-0.003040583,-0.011805609,-0.42294514,-0.10934762,-0.10961177,-0.00026415288,-0.05051945,-0.05069079,-0.00017133728,0.0046491204,0.00492382,0.00027469965,-2.1766753,-2.1872413,-0.010565996,0.08119447,0.09218246,0.01098799
60.749546,1.9999999,0.1703565,-2.1766753,-1.0108972,0.08119447,-0.16254316,0.45744678,0.09376659,2.364474,0.010231571,-0.03089152,0.066567235,-0.10844575,-0.108704545,-0.00025879592,-0.050782736,-0.050802346,-1.9609928e-05,0.0042831143,0.003984981,-0.00029813312,-2.1611547,-2.1715066,-0.010351896,0.090130106,0.078204766,-0.01192534
60.799545,1.9999999,0.18500538,-2.1611547,-1.0204123,0.090130106,0.27700812,-0.38944745,0.06442986,2.3667316,0.015568388,-0.0051488862,0.34064355,-0.107515685,-0.10789032,-0.00037463754,-0.051033348,-0.051217046,-0.00018369779,0.004855605,0.004408955,-0.00044664973,-2.1394727,-2.1544578,-0.0149850845,0.10409408,0.086228095,-0.017865986
60.849545,1.9999999,0.17768094,-2.1394727,-1.0209215,0.10409408,-0.9965495,-0.30348718,0.08586144,2.3356462,0.01373596,0.0031728353,-0.21933798,-0.10713188,-0.10674872,0.000383161,-0.051387023,-0.051271565,0.00011545792,0.005524802,0.0049777427,-0.00054705935,-2.1458025,-2.1304765,0.015326023,0.11689801,0.095015615,-0.021882392
60.899544,1.9999999,0.1703565,-2.1458025,-1.0345594,0.11689801,1.5302014,-0.42799652,0.08260443,2.34906,0.0013043191,-0.027082685,-0.16400784,-0.10658031,-0.1071276,-0.00054728985,-0.05163665,-0.052023154,-0.0003865026,0.004052786,0.005618952,0.001566166,-2.1174097,-2.1393015,-0.021891832,0.04521344,0.107860066,0.06264663
60.949543,1.9999999,0.14103693,-2.1174097,-1.0309067,0.04521344,1.1557769,-0.17738488,0.053861003,2.3378804,0.013167752,-0.013227948,-0.120017916,-0.10594734,-0.10581501,0.00013232976,-0.051745407,-0.051817037,-7.162988e-05,0.0030216507,0.0024152806,-0.00060637016,-2.1204839,-2.1151903,0.0052936077,0.07565259,0.051397786,-0.024254806
60.999546,1.9999999,0.11173916,-2.1204839,-1.0389096,0.07565259,-0.5477512,0.42488587,0.081455536,2.3415613,0.008893476,-0.039084475,-0.2539501,-0.10573847,-0.10601671,-0.00027824193,-0.052292675,-0.05229665,-3.9748847e-06,0.0040619965,0.0038141385,-0.000247858,-2.1090548,-2.1201847,-0.011129856,0.08682728,0.07691294,-0.009914339
61.049545,1.9999999,0.10441472,-2.1090548,-1.0527973,0.08682728,-0.50120115,-0.522153,0.07708488,2.3404148,0.013846991,-0.038622957,0.3506291,-0.1060218,-0.105389975,0.00063182414,-0.05320604,-0.05293721,0.00026883185,0.0029315255,0.0041982643,0.0012667389,-2.131817,-2.1065443,0.025272846,0.030433744,0.081103295,0.05066955
61.099545,1.9999999,0.023824055,-2.131817,-1.0754443,0.030433744,-0.39191288,-0.8587533,0.034025405,2.3357828,-0.003588674,-0.004021566,0.43595144,-0.10590175,-0.10643541,-0.00053366274,-0.05339391,-0.053941276,-0.00054736435,0.00013562145,0.001563766,0.0014281446,-2.1042528,-2.1255991,-0.02134633,-0.025008885,0.032116897,0.057125784
61.149544,1.9999999,0.009175171,-2.1042528,-1.060312,-0.025008885,0.29290777,0.12113143,-0.0064261365,2.339489,-0.0053594555,0.004972185,0.0678347,-0.10536059,-0.10515481,0.00020577759,-0.053080335,-0.053108998,-2.8662384e-05,-0.0008145224,-0.0006759059,0.00013861648,-2.1101706,-2.1019397,0.008230925,-0.0075720106,-0.0020273514,0.005544659
61.199543,1.9999999,0.016499614,-2.1101706,-1.0629014,-0.0075720106,0.47588107,-0.017810335,0.016594205,2.3327312,0.018607296,0.002761904,-0.35116944,-0.105448745,-0.10550477,-5.6028366e-05,-0.053155527,-0.053263783,-0.000108256936,0.00029306771,8.7027256e-05,-0.00020604045,-2.107779,-2.1100206,-0.0022416115,0.019294718,0.0110530965,-0.008241622
61.249546,1.9999999,0.016499614,-2.107779,-1.0633198,0.019294718,0.39592043,0.15822795,0.018908616,2.345248,0.016621461,-0.03014476,-0.24868031,-0.10539782,-0.105416946,-1.912564e-05,-0.05323311,-0.0532611,-2.7991831e-05,0.0004030719,0.0011497505,0.0007466787,-2.1081338,-2.1088984,-0.0007646084,-0.0031718432,0.0266953,0.029867142
61.299545,1.9999999,0.0,-2.1081338,-1.0660045,-0.0031718432,0.25688806,-0.6000051,0.03343187,2.3395216,0.018499514,-0.022106128,0.008809418,-0.105978735,-0.1054425,0.0005362332,-0.05375027,-0.053377826,0.00037244335,0.0012366407,2.8250739e-05,-0.00120839,-2.1310158,-2.109566,0.021449804,0.052637473,0.004301872,-0.0483356
61.349545,1.9999999,0.0,-2.1310158,-1.0840062,0.052637473,-1.0364906,-0.1886199,0.029606804,2.344969,0.025182948,-0.029263819,0.19091193,-0.10713987,-0.106529586,0.0006102845,-0.054503184,-0.054336112,0.00016707182,0.0011387259,0.002406737,0.0012680112,-2.1545792,-2.1301675,0.024411678,-0.007088438,0.043632008,0.050720446
61.399544,1.9999999,0.0,-2.1545792,-1.0961211,-0.007088438,-5.7081585,0.32138976,0.025860593,2.3531845,0.0060303863,-0.0030149336,0.27232412,-0.10655972,-0.10762248,-0.0010627583,-0.054222617,-0.054808527,-0.00058590993,-2.5928579e-05,-5.8816745e-06,2.0046904e-05,-2.1078098,-2.1503198,-0.042510033,0.006051295,0.0068531707,0.0008018757
61.449543,1.9999999,0.0,-2.1078098,-1.0727836,0.006051295,-1.3409404,-0.19444513,0.06200081,2.3397343,0.023418427,-0.0020314076,0.048280105,-0.105227694,-0.105250575,-2.2880733e-05,-0.053670436,-0.053611886,5.8550388e-05,0.0005330617,0.0005305322,-2.529472e-06,-2.101298,-2.1022131,-0.0009150505,0.015271173,0.015169993,-0.000101179816
61.499546,1.9999999,0.0,-2.101298,-1.0740339,0.015271173,2.6037118,0.40711278,0.0035001412,2.3375065,0.00083572516,0.0018130769,-2.320036e-05,-0.10474133,-0.10503218,-0.00029085577,-0.05352622,-0.05369403,-0.00016780943,8.447776e-05,0.00070707966,0.0006226019,-2.088355,-2.099989,-0.011633873,-0.011892063,0.013012014,0.024904076
61.649544,1.9999999,0.0,-2.1156225,-1.087462,0.034330405,-0.490196,0.7003333,0.043766376,2.3255382,0.018180234,-0.0011584266,-0.1264054,-0.10510378,-0.10579848,-0.0006946996,-0.054168947,-0.054436516,-0.00026756898,0.0010750078,0.0015719328,0.000496925,-2.0885286,-2.1163166,-0.027787924,0.008669906,0.028546907,0.019877002
61.699543,1.9999999,0.0,-2.0885286,-1.0792959,0.008669906,0.23752858,0.23078401,0.036780708,2.3324118,0.019876027,-0.012757656,0.026372755,-0.10353635,-0.10445564,-0.0009192899,-0.05356564,-0.054052096,-0.00048645586,-0.00026708285,0.00038932005,0.0006564029,-2.0529256,-2.0896971,-0.036771536,-0.01935322,0.006902896,0.026256116
61.799545,1.9999999,0.04579738,-2.0431855,-1.0579579,0.013638075,-1.3814541,-0.0019472551,0.0045733233,2.290871,0.022178564,-0.022423256,-0.011995096,-0.10288624,-0.10217404,0.00071219355,-0.053349163,-0.052976217,0.00037294626,0.0020927535,0.00073340273,-0.0013593507,-2.072264,-2.0437765,0.028487444,0.07007207,0.015698034,-0.054374035
61.849545,1.9999999,0.13371249,-2.072264,-1.0760086,0.07007207,-0.16413653,0.33798462,0.07081214,2.2956975,0.017332602,0.0002793393,0.0909014,-0.10371928,-0.103575684,0.00014359504,-0.05389977,-0.05393182,-3.2052398e-05,0.0040731975,0.0034032867,-0.0006699108,-2.0765073,-2.0707636,0.005743742,0.09285584,0.06605939,-0.026796453
61.899544,1.9999999,0.12638804,-2.0765073,-1.0799822,0.09285584,0.20152442,0.3208989,0.10649196,2.3001146,0.026551913,-0.013333117,0.003594053,-0.10402123,-0.10378038,0.00024084747,-0.054577176,-0.05417144,0.00040573627,0.004870178,0.004384844,-0.00048533408,-2.0843418,-2.0747077,0.009634018,0.101951286,0.08253793,-0.01941336
61.949543,1.9999999,0.13371249,-2.0843418,-1.1031048,0.101951286,-0.9113154,1.9067856,0.08307962,2.322755,0.027796356,0.0006387446,0.19729804,-0.104740724,-0.104150794,0.0005899295,-0.055548374,-0.0553234,0.000224974,0.004497956,0.004707385,0.00020942884,-2.105287,-2.0816898,0.02359724,0.07796696,0.086344115,0.008377157
61.999546,1.9999999,0.11173916,-2.105287,-1.1188301,0.07796696,-1.0266324,0.4936838,0.04513517,2.3465767,0.022405757,0.006396686,0.0058332067,-0.10514439,-0.10508018,6.42091e-05,-0.05603473,-0.056055028,-2.0299107e-05,0.0033163999,0.0035571158,0.00024071592,-2.1004884,-2.0979197,0.0025687218,0.05468904,0.064317666,0.009628627
62.049545,1.9999999,0.11173916,-2.1004884,-1.122559,0.05468904,-0.017259302,0.07360488,0.06522304,2.3600338,0.022530345,0.0012220653,-0.1299806,-0.105076514,-0.10482688,0.0002496317,-0.05646082,-0.0562119,0.00024892017,0.0034880869,0.0026325963,-0.00085549057,-2.1025722,-2.0925868,0.009985447,0.08483444,0.050614815,-0.034219626
62.099545,1.9999999,0.10441472,-2.1025722,-1.1358738,0.08483444,-1.389389,-0.65109634,0.09014086,2.3657427,0.023638183,-0.006601373,-0.06342728,-0.10473762,-0.10485969,-0.00012207031,-0.057004586,-0.056901272,0.000103313476,0.004402615,0.003995996,-0.00040661916,-2.0869324,-2.0918155,-0.004883051,0.09127017,0.075005405,-0.016264766
62.149544,1.9999999,0.10441472,-2.0869324,-1.1443096,0.09127017,-2.0750108,0.34927762,0.0878656,2.3452168,0.023959382,-0.0051206625,0.10344615,-0.10417876,-0.1040712,0.00010755658,-0.057390686,-0.05734069,4.999712e-05,0.0039859996,0.004275548,0.0002895482,-2.0802178,-2.0759156,0.0043022633,0.06816982,0.07975172,0.011581905
62.199543,1.9999999,0.067792505,-2.0802178,-1.1513177,0.06816982,-0.91345936,0.2820729,0.09114393,2.3544033,0.013028207,0.003743242,0.06849606,-0.10333674,-0.103772715,-0.00043597817,-0.057397127,-0.057641305,-0.00024417788,0.0035161693,0.0032246325,-0.0002915368,-2.0532517,-2.0706906,-0.017438889,0.07247695,0.060815483,-0.01166147
62.249546,1.9999999,0.031148497,-2.0532517,-1.1445674,0.07247695,0.7357068,0.7603768,0.08623285,2.329766,0.018039234,0.001728944,-0.12690012,-0.10350076,-0.10251448,0.000986278,-0.057898898,-0.0573044,0.0005944967,0.0034005141,0.003279581,-0.00012093317,-2.0867789,-2.0473273,0.0394516,0.06354362,0.05870629,-0.0048373267
62.299545,1.9999999,0.0,-2.0867789,-1.1713885,0.06354362,0.58471173,0.14365117,0.006660492,2.3549466,0.02931807,-0.008946771,-0.038342476,-0.10375598,-0.1041791,-0.00042311847,-0.058293756,-0.058659054,-0.00036529824,0.0015259836,0.002609093,0.0010831094,-2.0634606,-2.0803852,-0.01692462,-0.002504276,0.0408201,0.043324374
62.349545,1.9999999,0.0,-2.0634606,-1.1603618,-0.002504276,-1.2275164,-0.18231793,0.0038100996,2.351379,0.028867278,-0.0021053038,-0.20910923,-0.1028201,-0.10306785,-0.00024775416,-0.057858337,-0.058086492,-0.0002281554,-0.00014384037,-0.00022503939,-8.119902e-05,-2.0493433,-2.0592537,-0.009910345,-0.0032493384,-0.0064972974,-0.003247959
62.399544,1.9999999,0.0,-2.0493433,-1.1539718,-0.0032493384,0.5440262,0.6123108,0.024075216,2.3462362,0.014096684,-0.029857695,-0.05454291,-0.102989376,-0.10248373,0.00050564855,-0.05805756,-0.05778982,0.00026774034,0.0008444353,-4.153438e-05,-0.00088596967,-2.0702314,-2.0500057,0.020225763,0.03702675,0.0015879609,-0.03543879
62.449543,1.9999999,0.0,-2.0702314,-1.1683308,0.03702675,0.93149644,0.83219653,0.026504133,2.3329072,0.017671686,-0.0075595947,0.20025572,-0.10312349,-0.10350402,-0.0003805235,-0.058224518,-0.05851352,-0.00028900057,0.002098781,0.0017295805,-0.0003692006,-2.0547082,-2.0699294,-0.015221119,0.04692449,0.032156464,-0.014768027
62.499546,1.9999999,0.0,-2.0547082,-1.1606499,0.04692449,1.3513422,0.12333001,0.0149444025,2.3496163,0.02705309,-0.009832122,-0.16381961,-0.102237366,-0.10264504,-0.00040767342,-0.057842378,-0.05805232,-0.00020994246,0.0014400547,0.0020422214,0.00060216663,-2.0347862,-2.0510933,-0.016307116,0.010677703,0.03476436,0.024086658
62.549545,1.9999999,0.0,-2.0347862,-1.1530452,0.010677703,0.18703811,-0.01711686,0.01757996,2.3210192,0.033783793,-0.023941556,-0.054723155,-0.1019937,-0.101708226,0.00028547645,-0.05783081,-0.05770796,0.0001228489,0.0006950233,0.00048337635,-0.00021164693,-2.0449617,-2.0335424,0.011419296,0.017123228,0.008657351,-0.008465877
62.599545,1.9999999,0.0,-2.0449617,-1.1601872,0.017123228,-0.642923,0.09490895,0.018338894,2.3249648,0.026244173,-0.015304438,0.17443117,-0.101675995,-0.10223331,-0.00055731833,-0.057724778,-0.058080543,-0.00035576522,0.00095610775,0.0008457631,-0.00011034467,-2.022078,-2.044371,-0.022292852,0.021121081,0.016707297,-0.0044137836
62.649544,1.9999999,0.0,-2.022078,-1.148804,0.021121081,-0.6419029,0.06279588,0.019137358,2.3109431,0.01651363,-0.0064984374,0.09230692,-0.10097889,-0.101076126,-9.723753e-05,-0.057415474,-0.057502784,-8.730963e-05,0.00062713394,0.0010639558,0.0004368219,-2.0170774,-2.0209668,-0.0038893223,0.0039642765,0.02143715,0.017472873
62.699543,1.9999999,0.0,-2.0170774,-1.1478151,0.0039642765,1.1175585,-0.1742308,0.025382243,2.3054225,0.022497954,-0.006073746,-0.14698355,-0.10087681,-0.10083362,4.3191016e-05,-0.057447676,-0.057453852,-6.1765313e-06,0.0010760267,0.00030671674,-0.00076930993,-2.0179949,-2.0162673,0.001727581,0.03907679,0.008304395,-0.030772395
62.749546,1.9999999,0.0,-2.0179949,-1.150092,0.03907679,-0.32503158,-0.010458661,0.005312683,2.3002229,0.023036838,-0.021196792,-0.2743585,-0.10089478,-0.1008744,2.0377338e-05,-0.05755161,-0.05760442,-5.2809715e-05,0.0018088121,0.0018234951,1.4682999e-05,-2.0177963,-2.0169814,0.0008149147,0.033275694,0.033863015,0.0005873218
62.799545,1.9999999,0.0,-2.0177963,-1.1519724,0.033275694,-1.2672923,0.23112063,0.019824356,2.2937553,0.017270138,-0.033509597,-0.04716834,-0.10064384,-0.10091825,-0.00027440488,-0.05755871,-0.05774462,-0.00018590689,0.0008382015,0.0014772756,0.00063907413,-2.0079575,-2.0189338,-0.010976315,0.0002523681,0.02581533,0.025562963
62.849545,1.9999999,0.0,-2.0079575,-1.1503761,0.0002523681,1.4629302,0.16339996,-0.0028682062,2.2915003,0.020535257,-0.025913626,0.05719665,-0.100319885,-0.100405954,-8.606911e-05,-0.057534836,-0.057596963,-6.2126666e-05,0.00031489317,-2.16987e-05,-0.00033659188,-2.004838,-2.0082805,-0.0034425259,0.012343358,-0.0011203177,-0.013463676
62.899544,1.9999999,0.0,-2.004838,-1.1510173,0.012343358,0.9890369,-0.014890036,0.008503939,2.28172,0.030101202,-0.027789934,0.19719619,-0.10009744,-0.100223355,-0.00012591481,-0.05753039,-0.057592332,-6.194413e-05,0.000745702,0.0006734716,-7.223041e-05,-1.9990597,-2.0040958,-0.0050361156,0.017484723,0.014595505,-0.0028892178
62.949543,1.9999999,0.0,-1.9990597,-1.1501982,0.017484723,0.5267421,-0.12990044,0.011128751,2.2812097,0.025018841,-0.006194008,0.5980795,-0.099774584,-0.099875785,-0.000101201236,-0.0575443,-0.057510085,3.4213066e-05,0.0015880857,0.00094799156,-0.0006400941,-1.9919237,-1.9959717,-0.00404799,0.046038706,0.020434942,-0.025603764
62.999546,1.9999999,0.0,-1.9919237,-1.1515737,0.046038706,0.3383096,0.12127645,0.021497946,2.2754216,0.01962918,0.032018017,0.115050405,-0.0995877,-0.09944754,0.00014016032,-0.057593353,-0.057559002,3.4350902e-05,0.0014610963,0.002208632,0.0007475356,-1.9915843,-1.9859776,0.0056066513,0.012405149,0.04230657,0.029901419
63.049545,1.9999999,0.0,-1.9915843,-1.1521605,0.012405149,0.7281222,0.29401505,0.022400746,2.2783816,0.015168876,0.005311032,-0.4697629,-0.09903236,-0.09954397,-0.000511609,-0.057356805,-0.05765298,-0.00029617548,0.0005652558,0.0006668225,0.000101566664,-1.96971,-1.9901742,-0.020464182,0.010205085,0.01426775,0.0040626647
63.099545,1.9999999,0.0,-1.96971,-1.1421117,0.010205085,1.3133097,0.30992734,0.009466955,2.2691178,0.021948474,-0.014958272,-0.19617897,-0.09901351,-0.09846026,0.0005532503,-0.057389367,-0.057157673,0.00023169443,0.0005381355,0.000524994,-1.3141485e-05,-1.9908303,-1.9687002,0.022130132,0.011320333,0.010794673,-0.0005256599
63.149544,1.9999999,0.0,-1.9908303,-1.1534629,0.011320333,0.14035201,-0.091873325,0.0072287056,2.276239,0.02523666,-0.014306866,0.19668037,-0.09949116,-0.09951816,-2.7000904e-05,-0.057654634,-0.057679314,-2.4680048e-05,0.00084329117,0.00053871295,-0.00030457822,-1.988816,-1.9898958,-0.0010797977,0.022411313,0.010228183,-0.01218313
63.199543,1.9999999,0.0,-1.988816,-1.1527225,0.022411313,0.09672021,-0.05693313,0.015951857,2.263231,0.0073883515,0.004709765,0.1624452,-0.09906526,-0.099407814,-0.00034255534,-0.057469923,-0.057611622,-0.00014169887,0.00063324074,0.0011067651,0.0004735244,-1.9737945,-1.9874964,-0.013701916,0.0029183156,0.021859292,0.018940976
63.249546,1.9999999,0.0,-1.9737945,-1.1460745,0.0029183156,0.3512155,0.35885087,0.020955062,2.264578,0.022858694,0.0019376554,-0.09056548,-0.09877821,-0.098721385,5.682558e-05,-0.057407383,-0.057357986,4.939735e-05,0.00043887147,0.00029000474,-0.00014886673,-1.977334,-1.9750608,0.002273202,0.014636544,0.008681875,-0.005954669
63.299545,1.9999999,0.0,-1.977334,-1.1502208,0.014636544,-0.012117546,-0.049637724,0.022624226,2.2584834,0.021777105,-0.0043467833,-0.26243874,-0.09872202,-0.09888161,-0.00015959144,-0.057608686,-0.057594456,1.4230609e-05,0.000867652,0.0007868657,-8.0786296e-05,-1.9715465,-1.9779303,-0.0063837767,0.020069536,0.016838085,-0.003231451
63.349545,1.9999999,0.0,-1.9715465,-1.1541266,0.020069536,0.5977221,0.2346422,0.0111148935,2.261761,0.017608942,-0.02430622,-0.2728421,-0.09823262,-0.09859826,-0.00036563724,-0.057569113,-0.057803612,-0.00023449957,0.0005756943,0.0009575367,0.00038184237,-1.9577583,-1.9723834,-0.0146250725,0.0029582349,0.018231932,0.015273698
63.399544,1.9999999,0.0,-1.9577583,-1.1486379,0.0029582349,0.018495506,0.035340175,-0.0034674734,2.2648876,0.01736746,-0.031630993,0.16410871,-0.09838623,-0.09790992,0.00047630817,-0.057716303,-0.05748401,0.0002322942,6.3878346e-05,0.0001507232,8.684485e-05,-1.9776907,-1.9586382,0.019052505,-0.00040310115,0.0030706935,0.0034737946
63.449543,1.9999999,0.0,-1.9776907,-1.1600143,-0.00040310115,-1.0106182,0.22389431,-0.0024412428,2.2620807,0.016195156,-0.007895348,0.090452574,-0.09825043,-0.09894637,-0.00069594383,-0.0576566,-0.058095105,-0.00043850392,0.0004530674,0.00012515411,-0.00032791327,-1.9523265,-1.980164,-0.027837515,0.018525798,0.005409267,-0.013116531
63.499546,1.9999999,0.0,-1.9523265,-1.1462498,0.018525798,0.08668462,0.24961455,0.020129794,2.265253,0.013008357,-0.022585737,-0.16222467,-0.097668074,-0.097675286,-7.212162e-06,-0.057367403,-0.057392575,-2.5171787e-05,0.00096555724,0.0010119182,4.6360947e-05,-1.9543964,-1.954685,-0.0002886057,0.020096492,0.021950927,0.0018544346
63.549545,1.9999999,0.0,-1.9543964,-1.1484463,0.020096492,1.3443016,-0.08232431,0.00432139,2.259917,0.015193426,-0.024117814,0.13720942,-0.0981276,-0.09769108,0.00043652207,-0.057686333,-0.057438344,0.00024798885,0.00070172077,0.00095423183,0.00025251106,-1.9707079,-1.9532467,0.01746118,0.007972338,0.01807278,0.010100442
63.599545,1.9999999,0.0,-1.9707079,-1.1590071,0.007972338,0.14396507,-0.041672982,0.007437315,2.2666745,0.022943564,-0.008864796,0.029839471,-0.098186776,-0.09852486,-0.000338085,-0.05778433,-0.05798744,-0.00020311028,0.00079577364,0.00047294385,-0.0003228298,-1.956763,-1.9702864,-0.01352334,0.023858609,0.010945417,-0.012913192
63.649544,1.9999999,0.0,-1.956763,-1.1523662,0.023858609,0.056428812,0.33889642,0.022513056,2.258276,0.027292075,-0.021133868,-0.020395175,-0.09809963,-0.09786519,0.00023443997,-0.057873785,-0.057706274,0.0001675114,0.0014244374,0.0012076808,-0.0002167566,-1.9672221,-1.9578446,0.00937748,0.033118885,0.02444862,-0.008670265
63.699543,1.9999999,0.0,-1.9672221,-1.1625853,0.033118885,0.024022197,-0.30169037,0.036368445,2.2609687,0.026651656,-0.010904313,0.07543147,-0.09824134,-0.09834155,-0.00010021031,-0.058126424,-0.058167357,-4.093349e-05,0.0015144133,0.0015474482,3.3034943e-05,-1.9624314,-1.9664398,-0.0040084124,0.027457645,0.028779041,0.0013213959
63.749546,1.9999999,0.0,-1.9624314,-1.1624718,0.027457645,1.2978094,0.3438533,0.0047655688,2.254403,0.013799205,-0.01359072,0.29685244,-0.09810225,-0.09807906,2.3186207e-05,-0.05815619,-0.05812618,3.0007213e-05,0.0005016599,0.0012813258,0.00077966595,-1.9616586,-1.9607309,0.0009276867,-0.0073912498,0.023795387,0.031186637
63.799545,1.9999999,0.0,-1.9616586,-1.1637758,-0.0073912498,0.40596402,0.3544543,-0.0034012748,2.263724,0.018699203,0.018780932,-0.036198445,-0.09796985,-0.09809406,-0.00012420863,-0.05811389,-0.058250707,-0.00013681501,-0.00038297442,-0.00019918998,0.00018378445,-1.9571353,-1.9621037,-0.004968405,-0.007927727,-0.00057635084,0.007351376
63.849545,1.9999999,0.0,-1.9571353,-1.16078,-0.007927727,-0.42006794,0.27819854,0.0012344691,2.2602415,0.016431874,-0.017210564,-0.1901524,-0.09769052,-0.09791062,-0.0002200976,-0.057956178,-0.058149375,-0.00019319728,-0.00025898978,-0.00015635714,0.000102632635,-1.9504855,-1.9592892,-0.008803725,-0.0024318632,0.0016734414,0.0041053044
63.899544,1.9999999,0.0,-1.9504855,-1.1574671,-0.0024318632,0.24622075,0.027024308,0.003294179,2.2632155,0.01914001,-0.00023430877,0.04988017,-0.097565204,-0.0975369,2.8304756e-05,-0.05793503,-0.057920404,1.462549e-05,6.272121e-05,2.3584813e-05,-3.9136394e-05,-1.9521226,-1.9509904,0.0011321306,0.0049407114,0.0033752546,-0.0015654569
63.949543,1.9999999,0.0,-1.9521226,-1.159934,0.0049407114,-0.040731397,-0.1248084,0.016997041,2.2565114,0.026122823,-0.012222547,0.030346986,-0.09739116,-0.097620204,-0.00022904575,-0.05791313,-0.05801751,-0.000104382634,0.00051900087,0.0003486635,-0.00017033736,-1.9435238,-1.9526852,-0.009161472,0.015819324,0.00900583,-0.0068134945
63.999546,1.9999999,0.0,-1.9435238,-1.156591,0.015819324,-0.0699977,0.56397814,0.023737388,2.2559414,0.02339173,0.00280039,0.055106416,-0.09748989,-0.09721708,0.00027281046,-0.058149748,-0.057894796,0.00025495142,0.0012376793,0.0008427702,-0.00039490906,-1.9560719,-1.9451593,0.010912538,0.03368785,0.017891485,-0.015796363
64.049545,1.9999999,0.0,-1.9560719,-1.1693989,0.03368785,0.25307372,-0.07601083,0.021379028,2.2633688,0.019194828,-0.0067119054,-0.21729285,-0.09752629,-0.09777974,-0.00025345385,-0.058379423,-0.058514755,-0.00013533235,0.00086437503,0.0015321603,0.0006677853,-1.9449798,-1.955118,-0.010138154,0.0008871543,0.027598564,0.02671141
64.09955,1.9999999,0.0,-1.9449798,-1.165778,0.0008871543,-0.048836168,0.13166222,0.0055231904,2.2560997,0.017110385,-0.018928895,0.10156442,-0.097179525,-0.0972696,-9.007752e-05,-0.058268882,-0.0583297,-6.081909e-05,6.69108e-05,4.8035385e-05,-1.8875413e-05,-1.942201,-1.9458041,-0.0036031008,0.0017892775,0.0010342598,-0.00075501774
64.14954,1.9999999,0.0,-1.942201,-1.1649772,0.0017892775,-0.46538234,0.31128442,0.0057814787,2.2596388,0.015245606,0.0034445366,0.25281888,-0.09696555,-0.09712783,-0.0001622811,-0.058173623,-0.058295745,-0.00012212247,0.00026234766,0.00018448048,-7.786718e-05,-1.9364209,-1.9429121,-0.0064911842,0.008704629,0.0055899397,-0.0031146891
64.19955,1.9999999,0.0,-1.9364209,-1.1619676,0.008704629,0.2247776,0.99241203,0.0071339062,2.254353,0.013968943,0.006352993,0.16084573,-0.09712335,-0.09684428,0.00027906895,-0.058293138,-0.05816853,0.00012460724,0.00052364595,0.00052440487,7.589115e-07,-1.9485129,-1.93735,0.011162877,0.01224121,0.012271564,3.0354597e-05
64.24954,1.9999999,0.0,-1.9485129,-1.169758,0.01224121,1.5033706,0.60776615,-0.002784318,2.265119,0.019515755,0.01952911,0.16982347,-0.09762131,-0.09738828,0.00023302436,-0.058641255,-0.0584961,0.00014515594,0.00046315318,0.00058432686,0.00012117368,-1.9563392,-1.9470181,0.009321094,0.006284917,0.011131868,0.004846951
64.299545,1.9999999,0.0,-1.9563392,-1.1758922,0.006284917,0.358169,0.22995068,0.015699085,2.2528045,0.027515935,0.02333534,-0.0797782,-0.097552404,-0.09776301,-0.00021060556,-0.058715556,-0.058767825,-5.2269548e-05,0.00029355288,0.00030455235,1.0999473e-05,-1.9457569,-1.954181,-0.008424044,0.0054571982,0.0058971755,0.00043997727
64.34955,1.9999999,0.0,-1.9457569,-1.17273,0.0054571982,-0.1700167,-0.014489868,0.022399614,2.2577932,0.013529386,0.01155129,-0.2567392,-0.09703929,-0.09723581,-0.00019651651,-0.0585472,-0.058609344,-6.214529e-05,0.0009223187,0.0002748374,-0.0006474813,-1.9358146,-1.9436753,-0.007860661,0.03143555,0.005536299,-0.02589925
64.39954,1.9999999,0.0,-1.9358146,-1.169158,0.03143555,0.5218679,-0.30309764,0.019660695,2.2550786,0.016147982,-0.002338579,-0.1564615,-0.096970916,-0.09670432,0.00026659667,-0.05866233,-0.058430444,0.00023188442,0.0012667279,0.0013819995,0.00011527154,-1.943022,-1.9323579,0.010664105,0.019233568,0.023844428,0.0046108607
64.44955,1.9999999,0.0,-1.943022,-1.1773353,0.019233568,1.0560983,0.36784774,-0.0034267292,2.250325,0.0142287025,-0.0040948614,0.031976108,-0.09705118,-0.09709753,-4.6350062e-05,-0.05882477,-0.05886778,-4.3008476e-05,0.0007316646,0.00080408825,7.242366e-05,-1.9390253,-1.9408791,-0.0018538237,0.010033018,0.012929965,0.0028969469
64.49954,1.9999999,0.0,-1.9390253,-1.1756555,0.010033018,-0.07407834,0.51447433,0.00629242,2.2506382,0.018729882,0.0008590318,-0.029266478,-0.09689504,-0.096959725,-6.468594e-05,-0.05881117,-0.058820028,-8.85874e-06,0.0005262125,0.00047812742,-4.8085087e-05,-1.9367762,-1.9393634,-0.0025871992,0.011015481,0.009092078,-0.0019234037
64.549545,1.9999999,0.0,-1.9367762,-1.1767913,0.011015481,0.03945346,0.85631436,0.0044726706,2.255594,0.018003102,-0.007021509,-0.0024876785,-0.09653497,-0.0968863,-0.00035133213,-0.058661867,-0.05889043,-0.00022856146,0.00049715023,0.0005198857,2.2735447e-05,-1.9246224,-1.9386756,-0.0140532255,0.008870527,0.009779945,0.00090941787
64.59955,1.9999999,0.0,-1.9246224,-1.1696835,0.008870527,0.08728264,0.6096737,-0.0003045034,2.2563345,0.01765258,0.00061026396,0.007990069,-0.096265696,-0.09626016,5.5357814e-06,-0.058510866,-0.058509942,9.23872e-07,0.00065210566,0.0003886672,-0.00026343847,-1.9260055,-1.9257839,0.00022161007,0.017213698,0.00667616,-0.010537539
64.64954,1.9999999,0.0,-1.9260055,-1.1707512,0.017213698,-0.5558302,0.35154778,0.023772698,2.2538235,0.016039858,-0.0062225023,-0.0061026397,-0.09674238,-0.09630992,0.00043245405,-0.058884267,-0.05858451,0.00029975548,0.0010062028,0.00078376906,-0.00022243371,-1.9436896,-1.9263914,0.017298222,0.023034412,0.014137063,-0.008897349
64.69955,1.9999999,0.0,-1.9436896,-1.1846195,0.023034412,-1.5485091,-0.31425634,0.008520549,2.2524185,0.0142760705,0.0,0.058772933,-0.09713931,-0.09711224,2.706796e-05,-0.05924412,-0.05927537,-3.125146e-05,0.0008490751,0.0009716008,0.00012252573,-1.9418826,-1.9408,0.0010826588,0.010928592,0.015829619,0.0049010273
64.74954,1.9999999,0.0,-1.9418826,-1.1851453,0.010928592,-0.1345205,0.14694592,0.021016272,2.2516072,0.012180587,-0.00034520906,-0.13842276,-0.096985966,-0.097066514,-8.054823e-05,-0.059250813,-0.0593175,-6.668642e-05,0.0010333942,0.0005077612,-0.00052563305,-1.9375561,-1.9407779,-0.0032217503,0.03040718,0.009381857,-0.021025322
64.799545,1.9999999,0.0,-1.9375561,-1.1848874,0.03040718,0.7662636,-0.14961138,0.008197572,2.2567942,0.01294752,-0.013842275,0.018415086,-0.097049624,-0.09682355,0.00022607297,-0.05937552,-0.059234884,0.00014063716,0.0011810364,0.0013435489,0.00016251253,-1.9444287,-1.9353858,0.009042859,0.016834276,0.023334775,0.0065004993
64.84955,1.9999999,0.0,-1.9444287,-1.1901336,0.016834276,-0.26072973,-0.057467874,0.007675755,2.258,0.016574042,0.0014962995,0.13504751,-0.09694275,-0.097182654,-0.00023990124,-0.059358813,-0.05949769,-0.00013887882,0.00096103386,0.00076963287,-0.00019140099,-1.9332815,-1.9428777,-0.009596109,0.021607079,0.013951037,-0.0076560415
64.89954,1.9999999,0.0,-1.9332815,-1.184219,0.021607079,-0.083749525,1.1050323,0.032621026,2.2527874,0.024980629,-0.0003375252,-0.043751422,-0.09660575,-0.09673065,-0.00012490153,-0.059327345,-0.05929805,2.9295683e-05,0.000438499,0.0010679255,0.00062942645,-1.9309484,-1.9359442,-0.004995823,-0.0040671183,0.021109939,0.025177058
64.94955,1.9999999,0.0,-1.9309484,-1.1888748,-0.0040671183,0.37896246,0.75441706,0.0020398034,2.2573962,0.020790057,-0.0028788426,0.04012013,-0.09646664,-0.096606605,-0.0001399666,-0.059402194,-0.059536736,-0.00013454258,-0.00011258933,-0.00017883685,-6.624752e-05,-1.9277172,-1.9333156,-0.005598426,-0.00043645513,-0.0030863546,-0.0026498996
64.99954,1.9999999,0.0,-1.9277172,-1.1872128,-0.00043645513,-0.75243676,0.021561965,0.015934894,2.2549145,0.013649115,0.0036744876,0.30059448,-0.09650834,-0.09636158,0.00014676154,-0.059477814,-0.059406485,7.132813e-05,0.00024040382,5.8026053e-05,-0.00018237777,-1.9326164,-1.9267458,0.0058705807,0.010052608,0.0027574971,-0.007295111
65.049545,1.9999999,0.0,-1.9326164,-1.1918997,0.010052608,-1.8892686,0.45011428,0.013272412,2.2602303,0.021737238,0.027180605,0.096723884,-0.09668417,-0.096535385,0.0001487881,-0.059713606,-0.059574682,0.00013892353,0.0014119727,0.00058827177,-0.0008237009,-1.9347506,-1.9287989,0.005951643,0.0464263,0.0134782605,-0.03294804
65.09955,1.9999999,0.0,-1.9347506,-1.1966445,0.0464263,-1.2523593,0.32404613,0.035928607,2.2492774,0.031703513,0.013346876,-0.1924669,-0.09682836,-0.096597314,0.0002310425,-0.059969682,-0.059819657,0.00015002489,0.0012109844,0.0020458065,0.0008348221,-1.9383837,-1.9291419,0.009241819,0.002013075,0.03540596,0.033392884
65.14954,1.9999999,0.0,-1.9383837,-1.2021427,0.002013075,0.39318818,-0.18011372,-0.007517526,2.256852,0.007230903,0.007933915,-0.09461552,-0.0967199,-0.09681095,-9.1053545e-05,-0.059996024,-0.06011637,-0.0001203455,-0.00049462245,-6.574951e-05,0.00042887294,-1.9304123,-1.9340543,-0.003641963,-0.021797974,-0.0046430565,0.017154917
65.19955,1.9999999,0.0,-1.9304123,-1.1976982,-0.021797974,1.4859961,-0.041940007,-0.024529275,2.2463994,-0.00092186057,0.003885324,-0.053540204,-0.09647267,-0.096474215,-1.5422702e-06,-0.0597852,-0.0598853,-0.000100102276,-1.4622509e-05,-0.0009959264,-0.000981304,-1.9284947,-1.9285562,-6.151199e-05,0.021213073,-0.018039081,-0.039252155
65.24954,1.9999999,0.0,-1.9284947,-1.1937099,0.021213073,0.834537,0.8650491,0.039844483,2.2463815,0.025703244,0.002579894,-0.08815944,-0.0961526,-0.09644065,-0.0002880469,-0.059687145,-0.059735473,-4.832819e-05,0.0008466446,0.0010743786,0.00022773404,-1.9176093,-1.9291313,-0.011521935,0.01265271,0.02176207,0.009109359
65.299545,1.9999999,0.0,-1.9176093,-1.1937759,0.01265271,-0.056518916,0.24040729,0.018985959,2.2504323,0.025136381,-0.00493062,0.14447631,-0.09602782,-0.09589304,0.000134781,-0.05983424,-0.059705116,0.00012912229,0.0011117529,0.0005806329,-0.00053112005,-1.9235036,-1.9181122,0.0053914785,0.03181741,0.010572605,-0.021244805
65.34955,1.9999999,0.0,-1.9235036,-1.1995935,0.03181741,-0.7889143,-0.0059287697,0.021123054,2.2464283,0.017459588,0.017027525,0.041168503,-0.096031174,-0.096125595,-9.442121e-05,-0.05992864,-0.059969354,-4.0713698e-05,0.0013111193,0.0013953744,8.425512e-05,-1.9177436,-1.9215202,-0.0037766695,0.02062736,0.02399756,0.0033701994
65.39954,1.9999999,0.0,-1.9177436,-1.1975521,0.02062736,-0.96510607,0.14979334,0.018934598,2.2507226,0.013177675,-0.00081376964,-0.14338423,-0.0956054,-0.09586872,-0.00026331842,-0.059716027,-0.059922326,-0.00020629913,0.00015472955,0.0009034522,0.0007487227,-1.9064727,-1.9170052,-0.010532498,-0.014438179,0.015510727,0.029948905
65.44955,1.9999999,0.0,-1.9064727,-1.191089,-0.014438179,-0.057425767,0.29558912,0.0119607765,2.240439,0.018981405,0.002689102,-0.015432475,-0.09553885,-0.09536108,0.00017777085,-0.059774656,-0.059622407,0.00015224889,3.4620974e-05,-0.00062053744,-0.0006551584,-1.9150813,-1.9079702,0.0071110725,0.015823018,-0.010383319,-0.026206337
65.49954,1.9999999,0.0,-1.9150813,-1.1998973,0.015823018,-0.034956407,0.01802609,0.022352047,2.2536328,0.012507656,-0.0023570172,-0.39308953,-0.095728435,-0.09576148,-3.3043325e-05,-0.05998922,-0.06005736,-6.8139285e-05,0.00040788125,0.0007855207,0.00037763946,-1.9140561,-1.915378,-0.0013219118,0.0004922315,0.015597809,0.015105577
65.549545,1.9999999,0.0,-1.9140561,-1.1996716,0.0004922315,0.22054484,0.39721623,0.0037832344,2.2411702,0.0048567187,-0.03661985,-0.13819796,-0.0959544,-0.095759146,0.00019525737,-0.06014513,-0.060039427,0.00010570139,0.00012487089,4.9133414e-05,-7.573747e-05,-1.9241201,-1.9163095,0.0078105927,0.004502604,0.0014731064,-0.0030294973
65.59955,1.9999999,0.0,-1.9241201,-1.2061336,0.004502604,-0.046927113,-0.073934294,0.021054976,2.2570665,0.011752795,-0.016176812,0.3158454,-0.095971905,-0.09624145,-0.0002695471,-0.06026315,-0.060349423,-8.6274e-05,0.00066978805,0.00024444165,-0.0004253464,-1.9147563,-1.925538,-0.010781646,0.022288917,0.0052750595,-0.017013857
65.64954,1.9999999,0.0,-1.9147563,-1.2043926,0.022288917,-0.7860334,0.99062884,0.013285766,2.2477958,0.0094182715,-0.005035312,0.106904045,-0.0959231,-0.09580209,0.00012101233,-0.060402077,-0.060338195,6.388128e-05,0.001447993,0.0011101746,-0.0003378184,-1.9221678,-1.9173273,0.004840493,0.035630804,0.022118066,-0.013512738
65.69955,1.9999999,0.0,-1.9221678,-1.2116907,0.035630804,0.5746205,-0.17055225,0.021955982,2.255572,0.0030817587,-0.005486408,0.12184312,-0.09598952,-0.09605066,-6.1139464e-05,-0.060556855,-0.060599934,-4.3079257e-05,0.0011843417,0.0016199052,0.0004355635,-1.917413,-1.9198585,-0.0024454594,0.0117428675,0.029165406,0.017422538
65.74954,1.9999999,0.0,-1.917413,-1.2105836,0.0117428675,-1.0813973,0.6449787,0.011634218,2.251435,0.01282396,0.0071490007,0.024572827,-0.09595107,-0.09584744,0.000103630126,-0.060641475,-0.0605932,4.8276037e-05,0.0012927025,0.00058976805,-0.00070293446,-1.9206301,-1.9164847,0.004145384,0.039965235,0.011847854,-0.028117381
65.799545,1.9999999,0.0,-1.9206301,-1.2150754,0.039965235,-2.3859763,0.75527614,0.01934791,2.2537694,0.014455983,-0.0030291253,-0.16504045,-0.09568256,-0.09597173,-0.00028917193,-0.060556073,-0.060821075,-0.00026500225,0.0017945429,0.001803684,9.141164e-06,-1.9066725,-1.9182391,-0.011566639,0.031816483,0.032182127,0.0003656447
65.99954,1.9999999,0.0,-1.9108962,-1.2154876,0.0012542956,-1.4048513,0.8246822,0.007531094,2.2563643,0.012002825,0.034735482,0.027871432,-0.09574681,-0.095434554,0.00031225383,-0.06090069,-0.06074364,0.00015704706,-0.00011921432,9.7636694e-05,0.00021685101,-1.9189763,-1.9064858,0.012490511,-0.006022868,0.0026511736,0.008674042
66.049545,1.9999999,0.0,-1.9189763,-1.2205399,-0.006022868,0.45688197,0.020057835,0.026500009,2.2595885,0.008796171,0.022709224,-0.31542248,-0.09600133,-0.095833056,0.00016827136,-0.061144274,-0.060970645,0.00017362833,0.00029813845,-0.00022526142,-0.00052339985,-1.921077,-1.9143459,0.0067311525,0.017948406,-0.0029875897,-0.020935996
66.09955,1.9999999,0.0,-1.921077,-1.225231,0.017948406,0.18481186,-0.35743856,0.019513432,2.2561002,0.01404166,0.0031932357,-0.19125398,-0.09602648,-0.09595277,7.3708594e-05,-0.061263345,-0.061243486,1.9859523e-05,0.0006891987,0.0007339444,4.4745684e-05,-1.9199822,-1.9170339,0.0029482841,0.009619544,0.011409368,0.0017898241
66.14954,1.9999999,0.0,-1.9199822,-1.2253027,0.009619544,-1.5686857,0.6339011,0.0047973795,2.2545905,0.0195812,0.0035838264,-0.08416988,-0.0959235,-0.09596788,-4.438311e-05,-0.061225258,-0.061274547,-4.9289316e-05,0.00083822577,0.0003947774,-0.00044344837,-1.9169579,-1.918733,-0.0017751455,0.023909487,0.0061715506,-0.017737936
66.19955,1.9999999,0.0,-1.9169579,-1.2237077,0.023909487,-1.8372284,0.7256698,0.04213291,2.259971,0.010432256,-0.0052237525,-0.104119316,-0.09604826,-0.095847964,0.00020029396,-0.061481744,-0.061226316,0.00025542825,0.001178258,0.0011025018,-7.575622e-05,-1.9249724,-1.9169607,0.008011699,0.023220833,0.020190582,-0.0030302517
66.24954,1.9999999,0.0,-1.9249724,-1.2355622,0.023220833,1.327206,-0.3268367,0.021793319,2.2627115,0.012531682,-0.0068281055,-0.04576939,-0.09594679,-0.09622021,-0.0002734214,-0.061646167,-0.061829247,-0.00018307939,0.0004530176,0.0009094801,0.0004564625,-1.9128991,-1.9238359,-0.010936737,-0.0051001287,0.01315837,0.018258499
66.299545,1.9999999,0.0,-1.9128991,-1.2302846,-0.0051001287,-0.394144,0.0723213,0.012583129,2.258334,0.012553775,-0.009800692,0.07401638,-0.09592228,-0.095676884,0.00024539232,-0.061699748,-0.06156496,0.00013478845,-0.00043158248,-0.00021084752,0.00022073496,-1.9239918,-1.914176,0.009815812,-0.01216317,-0.0033337735,0.008829396
66.34955,1.9999999,0.0,-1.9239918,-1.2377053,-0.01216317,-1.751364,0.7257577,0.021511886,2.2495348,0.009739491,0.00057353266,0.006282632,-0.09587817,-0.09625407,-0.00037590414,-0.0617046,-0.06196445,-0.00025985017,-0.00032068227,-0.0002953995,2.528276e-05,-1.9111351,-1.926171,-0.015035868,-0.0006641212,0.00034718588,0.0010113071
66.44955,1.9999999,0.0,-1.9056088,-1.227652,-0.0069152024,0.3475066,-0.5129023,0.0062469495,2.2512863,0.0068692146,-0.0037971109,-0.089995265,-0.09530877,-0.09528817,2.0600855e-05,-0.06148357,-0.06142847,5.510077e-05,0.00012439184,-0.00018556025,-0.00030995207,-1.9067422,-1.9059179,0.00082433224,0.011890876,-0.00050720945,-0.012398086
66.49954,1.9999999,0.0,-1.9067422,-1.2316908,0.011890876,-1.0412648,0.3693535,0.0242865,2.2492537,0.01135482,-0.018171955,-0.063278526,-0.0953674,-0.09538891,-2.1509826e-05,-0.061675098,-0.06166904,6.057322e-06,0.0010384717,0.0006719433,-0.0003665284,-1.9079539,-1.9088141,-0.00086021423,0.029647993,0.014986854,-0.014661139
66.549545,1.9999999,0.0,-1.9079539,-1.2353132,0.029647993,-1.5452079,0.12834455,0.030270753,2.2487106,0.0038774475,-0.010124964,0.14415646,-0.0955069,-0.09537224,0.0001346618,-0.061851513,-0.061855294,-3.7811697e-06,0.0018397919,0.0013708727,-0.00046891917,-1.9123219,-1.9069353,0.005386591,0.043943685,0.025186913,-0.018756771
66.59955,1.9999999,0.0,-1.9123219,-1.2387475,0.043943685,-0.05180115,-0.0683383,0.028116656,2.2550955,0.0008210532,-0.0037563094,0.19576548,-0.095503,-0.09552729,-2.4288893e-05,-0.061917156,-0.06199288,-7.5723976e-05,0.0018235848,0.0018982332,7.4648415e-05,-1.9077982,-1.9087695,-0.0009713173,0.028999707,0.031985644,0.0029859375
66.64954,1.9999999,0.0,-1.9077982,-1.2379388,0.028999707,0.5388506,0.50932276,-0.0016240338,2.2502427,-0.00056562247,0.009451585,0.08428991,-0.09517602,-0.09533229,-0.00015626848,-0.061839778,-0.06189996,-6.0182065e-05,0.00061233947,0.0012326927,0.00062035327,-1.8992425,-1.9054934,-0.0062508583,-0.004506129,0.020308001,0.024814129
66.69955,1.9999999,0.0,-1.8992425,-1.2356523,-0.004506129,-0.41899142,0.7335852,0.008534962,2.2483063,0.0066848476,0.0046726814,-0.18560463,-0.094853476,-0.094990864,-0.0001373887,-0.06172677,-0.06184953,-0.00012275949,0.00041645943,-0.00013696925,-0.00055342866,-1.8948964,-1.9003919,-0.0054955482,0.021164507,-0.00097263977,-0.022137146
66.74954,1.9999999,0.0,-1.8948964,-1.2334186,0.021164507,-1.042377,0.93058723,0.02983479,2.24418,0.006381853,-0.009108879,-0.2615518,-0.095053144,-0.094785355,0.00026778877,-0.061911076,-0.061710376,0.00020070001,0.0015993329,0.0010405474,-0.0005587855,-1.9072295,-1.8965179,0.01071167,0.04280881,0.020457387,-0.022351421
66.799545,1.9999999,0.0,-1.9072295,-1.2430245,0.04280881,1.5967647,-0.120773986,0.018355012,2.2593489,0.0042038485,-0.021482497,-0.31602126,-0.09534296,-0.095322,2.0958483e-05,-0.062202383,-0.06218266,1.9721687e-05,0.0016876583,0.0018042041,0.00011654582,-1.9064888,-1.9056501,0.00083863735,0.024697522,0.029359356,0.004661834
66.84955,1.9999999,0.0,-1.9064888,-1.2450708,0.024697522,1.4385717,0.15853517,-0.010894374,2.2501209,0.014223864,-0.040711004,0.10297199,-0.09512503,-0.09522809,-0.00010306388,-0.062152874,-0.06224643,-9.355694e-05,0.00017589303,0.0009564084,0.0007805154,-1.8985122,-1.9026347,-0.0041224957,-0.0176618,0.013558814,0.031220615
66.89954,1.9999999,0.0,-1.8985122,-1.2410442,-0.0176618,-0.10677195,0.22034712,0.0066817123,2.2450867,0.019710878,-0.011185299,0.20650694,-0.0950754,-0.09494867,0.00012672693,-0.06226718,-0.062138904,0.00012827665,0.00039676353,-0.0007224137,-0.0011191772,-1.9045038,-1.8994346,0.005069256,0.033532344,-0.011234749,-0.044767093
66.94955,1.9999999,0.0,-1.9045038,-1.2496431,0.033532344,-2.0258782,-0.057100162,0.052111465,2.2496064,0.009326967,-0.020060308,-0.023170512,-0.09511828,-0.09528557,-0.00016729534,-0.062475752,-0.06259852,-0.00012276694,0.0013481027,0.001695448,0.00034734525,-1.9002273,-1.9069191,-0.0066918135,0.020391766,0.034285575,0.013893809
66.99954,1.9999999,0.0,-1.9002273,-1.249387,0.020391766,-0.8564334,-0.29921553,0.020309005,2.2511747,-0.004670816,-0.01350235,0.0873006,-0.09495143,-0.09500843,-5.7004392e-05,-0.062427673,-0.06254918,-0.000121507794,0.0003659622,0.0009991899,0.00063322776,-1.8978299,-1.90011,-0.002280116,-0.0057532783,0.01957583,0.02532911
67.049545,1.9999999,0.0,-1.8978299,-1.2477199,-0.0057532783,-0.20615779,-0.48703066,0.002139812,2.250387,-0.012537404,-0.011330249,0.5083349,-0.094862536,-0.09479882,6.3717365e-05,-0.062342416,-0.06239441,-5.1993877e-05,-5.034605e-05,-8.4541556e-05,-3.4195506e-05,-1.8966717,-1.8941225,0.0025491714,0.0037394364,0.0023716167,-0.0013678197
67.09955,1.9999999,0.0,-1.8966717,-1.2459768,0.0037394364,0.07558236,0.23863205,0.0060778977,2.2445166,-0.0026535762,0.037331134,0.44413754,-0.094848156,-0.094738536,0.00010962039,-0.062366884,-0.06225269,0.00011419505,0.00078347244,0.00047898944,-0.000304483,-1.8972545,-1.8928694,0.0043851137,0.027599461,0.015420143,-0.012179319
67.14954,1.9999999,0.0,-1.8972545,-1.2486986,0.027599461,0.10165262,0.48369917,0.019300526,2.24483,-0.00021123525,0.033083506,-0.29983562,-0.09480625,-0.094808646,-2.399087e-06,-0.062513165,-0.062459685,5.3480268e-05,0.0016306272,0.00143076,-0.00019986718,-1.8949955,-1.8950913,-9.584427e-05,0.03762563,0.029630942,-0.007994687
67.19955,1.9999999,0.0,-1.8949955,-1.251828,0.03762563,1.1159317,-0.31472483,0.03843053,2.2500477,0.008627422,0.0073475745,-0.3460218,-0.09483661,-0.09467926,0.00015734881,-0.06278933,-0.06260067,0.00018865615,0.0014564173,0.001687979,0.00023156172,-1.8984689,-1.8921747,0.0062941313,0.020631062,0.029893529,0.009262467
67.24954,1.9999999,0.0,-1.8984689,-1.2597454,0.020631062,-1.0611583,0.61461157,0.024190642,2.2516723,0.007293644,-0.0015186733,0.18386765,-0.09476607,-0.0949194,-0.0001533255,-0.06287623,-0.063015364,-0.00013913214,0.00018102728,0.00080993323,0.00062890595,-1.8921741,-1.8983068,-0.006132722,-0.013389971,0.011766266,0.025156237
67.299545,1.9999999,0.0,-1.8921741,-1.255304,-0.013389971,0.22789165,0.2669029,-0.025761083,2.2521474,-0.00018469895,0.025734339,0.2352131,-0.09455998,-0.09462425,-6.426871e-05,-0.06269787,-0.06278051,-8.263439e-05,-0.0009094044,-0.0006361548,0.00027324964,-1.8902252,-1.8927958,-0.0025706291,-0.022986207,-0.01205622,0.010929987
67.34955,1.9999999,0.0,-1.8902252,-1.2526108,-0.022986207,-0.09202852,0.19514036,-0.008990315,2.2515624,-0.0011085029,0.022002637,-0.18803325,-0.09450268,-0.09454393,-4.1246414e-05,-0.062643476,-0.062651925,-8.448958e-06,-0.00036252878,-0.0008816365,-0.00051910774,-1.889882,-1.8915318,-0.0016498566,0.0084850555,-0.012279253,-0.02076431
67.39954,1.9999999,0.0,-1.889882,-1.2531283,0.0084850555,-0.4119487,0.12337781,0.0077804527,2.250208,-0.00027920355,0.0069310144,-0.2877137,-0.09442218,-0.094490744,-6.856769e-05,-0.062667914,-0.0626543,1.3612211e-05,0.0010945658,0.0004904414,-0.00060412445,-1.887005,-1.8897475,-0.002742529,0.03529758,0.011132598,-0.024164982
67.44955,1.9999999,0.0,-1.887005,-1.2535881,0.03529758,0.40693268,0.3873132,0.028523529,2.2462542,0.0042123925,-0.0067687337,-0.31890714,-0.09421886,-0.094332986,-0.00011412799,-0.062673494,-0.062697835,-2.4341047e-05,0.0018368193,0.0015368821,-0.0002999372,-1.8817494,-1.886314,-0.004564643,0.038175195,0.026177704,-0.011997491
67.49954,1.9999999,0.0,-1.8817494,-1.2533517,0.038175195,-0.15684906,0.6616541,0.025888095,2.240435,0.009204023,-0.024959698,-0.25152948,-0.09407784,-0.09410568,-2.784282e-05,-0.06268203,-0.06277322,-9.1187656e-05,0.001161683,0.0015365608,0.00037487783,-1.8813642,-1.8824779,-0.0011136532,0.008292127,0.023287237,0.014995109
67.94955,1.9999999,-0.023802256,-1.8810924,-1.2692649,0.043329705,0.6055643,0.567708,0.01530449,2.2441456,0.002993439,0.019113608,0.08424217,-0.09429955,-0.09401258,0.00028696656,-0.0636739,-0.06346117,0.00021272898,0.0011590542,0.0016626295,0.0005035753,-1.8908895,-1.8794105,0.01147902,0.003032463,0.023175474,0.020143012
67.99954,1.9999999,-0.03845114,-1.8908895,-1.277691,0.003032463,-0.9018799,0.058115024,0.03151613,2.2507286,0.0034196398,0.008974758,-0.17839377,-0.09485756,-0.094536275,0.00032128394,-0.064077884,-0.06396232,0.000115565956,-0.0012410182,-9.212643e-07,0.0012400969,-1.9034127,-1.8905613,0.012851357,-0.05267319,-0.003069315,0.049603876
68.049545,1.9999999,-0.053100023,-1.9034127,-1.2854245,-0.05267319,-0.798271,0.32309166,0.028557424,2.2574077,0.0036597187,0.001274232,-0.055396806,-0.09522557,-0.09522919,-3.6209822e-06,-0.06417538,-0.06436947,-0.00019408762,-0.0031396765,-0.0022861757,0.0008535008,-1.9056102,-1.9057548,-0.00014460087,-0.07291387,-0.03877383,0.03414004
68.09955,1.9999999,-0.067770705,-1.9056102,-1.2815908,-0.07291387,0.16994873,0.106817216,-0.030806169,2.2657053,0.009452908,0.0034350774,-0.07465345,-0.09588221,-0.09535287,0.00052933395,-0.06427352,-0.064067945,0.00020557642,-0.002335846,-0.003201656,-0.0008658101,-1.9296781,-1.9085045,0.021173596,-0.020519972,-0.055152364,-0.034632392
68.14954,1.9999999,-0.12636624,-1.9296781,-1.2893502,-0.020519972,-0.616256,0.4039447,-0.01750192,2.2865863,0.014046084,-0.006191113,-0.062819615,-0.096323706,-0.096523836,-0.00020013005,-0.06433164,-0.06441303,-8.139014e-05,-0.00097569503,-0.0009211868,5.4508215e-05,-1.9232703,-1.931275,-0.008004665,-0.018507829,-0.016327497,0.0021803323
68.19955,1.9999999,-0.13369069,-1.9232703,-1.2839154,-0.018507829,0.83706117,0.11293926,-0.038038317,2.2918382,0.007796828,-0.002846884,0.06714266,-0.09638417,-0.09610694,0.00027722865,-0.064240955,-0.064108126,0.00013282895,-0.00161307,-0.0010654315,0.0005476385,-1.9320964,-1.9210068,0.011089563,-0.046014972,-0.024109434,0.021905538
68.24954,1.9999999,-0.13369069,-1.9320964,-1.2857226,-0.046014972,-0.42104906,0.35237184,-0.035134174,2.3041093,0.014581005,0.0005231525,-0.13250808,-0.09680142,-0.09662636,0.00017505884,-0.06428053,-0.06421269,6.784499e-05,-0.001776297,-0.0021239922,-0.0003476952,-1.9399605,-1.9329582,0.0070022345,-0.025036905,-0.038944717,-0.013907813
68.299545,1.9999999,-0.14101513,-1.9399605,-1.2854985,-0.025036905,-0.86775523,0.5589162,-0.0332224,2.3078897,0.010116078,-0.016097693,0.031766906,-0.0969433,-0.097003594,-6.029755e-05,-0.064162366,-0.0641785,-1.6130507e-05,-0.0017141288,-0.0012043072,0.0005098216,-1.9377713,-1.9401832,-0.0024118423,-0.043528248,-0.023135375,0.020392872
68.34955,1.9999999,-0.15568581,-1.9377713,-1.2809961,-0.043528248,-0.258201,-0.57774734,-0.034562174,2.308155,0.013533439,0.0036998433,0.018983072,-0.09716945,-0.09682429,0.00034516305,-0.06401041,-0.06395961,5.079806e-05,-0.0019563138,-0.0022182409,-0.00026192702,-1.9490068,-1.9352001,0.013806701,-0.034724303,-0.045201387,-0.010477085
68.39954,1.9999999,-0.11171736,-1.9490068,-1.2794205,-0.034724303,-0.79743046,0.62304026,-0.031900693,2.3068252,0.0073185293,-0.014199385,0.071068205,-0.09776581,-0.097457156,0.0003086552,-0.06410564,-0.06388088,0.00022475421,-0.0016416449,-0.0015884255,5.321938e-05,-1.9616257,-1.9492793,0.012346387,-0.030941488,-0.028812718,0.0021287706
68.44955,1.9999999,-0.11171736,-1.9616257,-1.2848048,-0.030941488,-1.116061,0.12722364,-0.04968738,2.310035,0.009682005,0.010806664,0.26121745,-0.09783988,-0.09804674,-0.00020686537,-0.0639837,-0.064158045,-0.00017434359,-0.0017585243,-0.0015146431,0.00024388125,-1.9519695,-1.9602437,-0.008274198,-0.039399482,-0.029644232,0.00975525
68.49954,1.9999999,-0.11171736,-1.9519695,-1.274543,-0.039399482,-0.5207131,0.7642251,-0.008151654,2.3127062,0.0063918433,0.01192236,-0.07026622,-0.098015755,-0.09765478,0.00036097318,-0.06382671,-0.06364875,0.00017795712,-0.002619964,-0.0016867764,0.00093318766,-1.9686606,-1.9542215,0.014439106,-0.06539908,-0.028071579,0.037327502
68.549545,1.9999999,-0.104392916,-1.9686606,-1.2785254,-0.06539908,-0.8472865,0.4613072,-0.047914866,2.315,0.006126436,0.003780042,0.010818673,-0.09848345,-0.098480165,3.285706e-06,-0.06378067,-0.06380478,-2.4110079e-05,-0.0019974755,-0.002924458,-0.0009269824,-1.9706775,-1.9705461,0.00013136864,-0.01449994,-0.05157923,-0.03707929
68.59955,1.9999999,-0.104392916,-1.9706775,-1.2727015,-0.01449994,-0.28504425,0.3663493,-0.023869753,2.318889,0.0067386683,0.013004228,-0.12404443,-0.09843775,-0.09853827,-0.00010052323,-0.06356452,-0.06354111,2.3409724e-05,-0.0007629947,-0.00069257803,7.041666e-05,-1.9668326,-1.970853,-0.0040203333,-0.016019847,-0.013203185,0.0028166622
68.64954,1.9999999,-0.09706847,-1.9668326,-1.2698791,-0.016019847,-0.31007338,0.30445066,-0.027935572,2.3205462,0.0072605736,-0.008624401,-0.14305519,-0.09865453,-0.09831493,0.00033959746,-0.06351143,-0.063409165,0.00010226667,-0.0010376562,-0.0008938093,0.0001438469,-1.9793485,-1.9657645,0.013584018,-0.0254864,-0.019732524,0.0057538766
68.69955,1.9999999,-0.09706847,-1.9793485,-1.270578,-0.0254864,-0.66480213,0.08943403,-0.03477469,2.3294933,0.0006909041,-0.0013012915,-0.21506521,-0.09910361,-0.09893151,0.00017210096,-0.06343775,-0.063425995,1.1757016e-05,-0.0021107285,-0.001295226,0.0008155025,-1.9847958,-1.9779115,0.0068843365,-0.058942743,-0.026322644,0.0326201
68.74954,1.9999999,-0.1703347,-1.9847958,-1.266932,-0.058942743,-0.9417282,0.13162766,-0.045146283,2.3149729,-0.0038529083,-0.030130923,-0.22651896,-0.09947762,-0.09921067,0.00026694685,-0.0633295,-0.06319492,0.00013457984,-0.0028229374,-0.0028012136,2.1723798e-05,-1.9943088,-1.983631,0.0106778145,-0.05397476,-0.053105805,0.00086895376
68.799545,1.9999999,-0.2216058,-1.9943088,-1.266248,-0.05397476,0.33067155,0.054629542,-0.06478298,2.3369498,0.008697118,-0.023953186,0.1845785,-0.09917249,-0.099568404,-0.0003959164,-0.062849544,-0.06316344,-0.00031389296,-0.0033032682,-0.0027740751,0.0005291931,-1.9725907,-1.988427,-0.015836358,-0.07815597,-0.056988243,0.021167729
68.84955,1.9999999,-0.24360092,-1.9725907,-1.2477337,-0.07815597,1.522444,0.43779847,-0.091725014,2.3081248,8.5364074e-05,-0.011673073,0.22553498,-0.09888702,-0.09849889,0.00038813055,-0.061976206,-0.062151104,-0.00017489865,-0.004254263,-0.0037560796,0.0004981833,-1.9828901,-1.9673648,0.015525341,-0.09201454,-0.07208721,0.01992733
68.89954,1.9999999,-0.3095209,-1.9828901,-1.2313145,-0.09201454,1.912624,0.28150928,-0.0773474,2.3271291,0.008112117,-0.0013996891,0.39160246,-0.099364504,-0.09903171,0.00033279508,-0.06148298,-0.061334264,0.00014871731,-0.0050470727,-0.004326943,0.0007201298,-1.9916902,-1.978378,0.013312101,-0.10986837,-0.08106316,0.028805211
68.94955,1.9999999,-0.32419157,-1.9916902,-1.2280047,-0.10986837,0.39472377,-0.13940986,-0.10703375,2.3169737,0.017414195,0.027487172,0.13549894,-0.09998898,-0.09954318,0.0004458055,-0.06129097,-0.061238736,5.2232295e-05,-0.004338047,-0.004949444,-0.000611397,-2.007869,-1.9900367,0.01783228,-0.06365352,-0.0881094,-0.024455875
68.99954,1.9999999,-0.3095209,-2.007869,-1.223634,-0.06365352,-1.6495565,0.1794437,-0.058682103,2.3186255,0.012043026,0.012150205,-0.2543442,-0.10071109,-0.10038531,0.0003257841,-0.061181046,-0.060977645,0.00020340085,-0.0023301526,-0.002602686,-0.0002725334,-2.0205746,-2.007543,0.013031483,-0.029552583,-0.040453926,-0.010901343
69.049545,1.9999999,-0.2216058,-2.0205746,-1.2236079,-0.029552583,-0.07240557,0.08873259,-0.004058609,2.3189793,-0.0058877803,0.002052752,-0.19196479,-0.10107591,-0.10103657,3.9339066e-05,-0.0612,-0.061055154,0.00014484674,-0.001266241,-0.00108664,0.0001796009,-2.022462,-2.020888,0.001573801,-0.021097057,-0.013913024,0.0071840324
69.09955,1.9999999,-0.16301025,-2.022462,-1.2243922,-0.021097057,1.3403424,-0.5164922,0.014288195,2.3308384,-0.012848484,-0.007046274,0.20341927,-0.10091974,-0.10103617,-0.00011643022,-0.061117847,-0.061090376,2.747029e-05,-0.00055147515,-0.000945355,-0.00039387983,-2.0143278,-2.0189846,-0.0046567917,-0.00096194894,-0.016717147,-0.015755199
69.14954,1.9999999,-0.1190418,-2.0143278,-1.2203217,-0.00096194894,0.71999854,-0.47410417,0.012138843,2.3290224,0.00042844148,0.02239468,0.16077772,-0.10028773,-0.100631975,-0.00034424663,-0.060849383,-0.060936768,-8.7384135e-05,0.00014400374,8.143485e-06,-0.00013586026,-1.9971813,-2.0109513,-0.013769984,0.0067220987,0.0012876876,-0.005434411
69.19955,1.9999999,-0.023802256,-1.9971813,-1.2136536,0.0067220987,-0.55796325,0.26622048,0.008176842,2.3172498,0.007927167,0.009031498,-0.21410848,-0.100167304,-0.09991189,0.00025541335,-0.060936227,-0.060724284,0.00021194294,0.0010364152,0.0005566234,-0.00047979184,-2.0095108,-1.999294,0.010216713,0.03473451,0.015542835,-0.019191675
69.24954,1.9999999,0.0,-2.0095108,-1.2237957,0.03473451,-1.5394824,-0.21446148,0.041809667,2.314715,-0.0074708136,0.0009838305,0.009090102,-0.09998224,-0.10049315,-0.00051090866,-0.061000414,-0.061243165,-0.00024275109,0.0015609427,0.0016422792,8.1336475e-05,-1.9897789,-2.010215,-0.020436168,0.027703196,0.030956656,0.00325346
69.299545,1.9999999,0.0,-1.9897789,-1.216221,0.027703196,0.50845146,-0.03564019,-0.002649468,2.3022766,-0.004208743,0.009940508,-0.21577573,-0.09960601,-0.09947794,0.00012806803,-0.060902447,-0.060881473,2.0973384e-05,0.00038578734,0.001243333,0.00085754564,-1.9944615,-1.9893383,0.0051232576,-0.012271702,0.022030123,0.034301825
69.34955,1.9999999,0.0,-1.9944615,-1.219877,-0.012271702,-0.7620013,0.12703909,0.0028385145,2.3067296,0.0064762807,-0.020593742,-0.521875,-0.09949183,-0.09977496,-0.0002831295,-0.06086885,-0.06116974,-0.00030088797,-6.416295e-05,-0.00047139768,-0.00040723474,-1.9852116,-1.9965366,-0.011325002,0.009705184,-0.006584201,-0.016289385
69.39954,1.9999999,0.0,-1.9852116,-1.2148771,0.009705184,-0.5689249,-0.20626958,0.032980654,2.2922876,-0.0016572458,-0.042246997,0.19960044,-0.09923487,-0.09928954,-5.466491e-05,-0.06078582,-0.060814288,-2.8468668e-05,0.00070759846,0.0004846223,-0.00022297617,-1.9841834,-1.9863698,-0.0021864176,0.018598752,0.009679709,-0.0089190435
69.44955,1.9999999,0.0,-1.9841834,-1.2165556,0.018598752,1.5985818,0.104616314,0.026587129,2.2918239,0.0039464454,-0.00063369866,0.46572852,-0.09867342,-0.09919519,-0.0005217716,-0.060572263,-0.060808033,-0.0002357699,0.0009512376,0.0008896472,-6.15904e-05,-1.9627533,-1.983624,-0.020870686,0.019450752,0.016987134,-0.0024636183
69.49954,1.9999999,0.0,-1.9627533,-1.206335,0.019450752,-0.05626612,0.42541835,-0.00066254474,2.2792501,0.013006274,0.004325855,0.011506767,-0.09823714,-0.098171115,6.6027045e-05,-0.060448814,-0.060317922,0.0001308918,0.00078700576,0.0009849474,0.00019794167,-1.9667323,-1.9640914,0.0026408434,0.012029478,0.019947145,0.007917667
69.549545,1.9999999,0.0,-1.9667323,-1.2116176,0.012029478,1.8248335,0.33072382,-0.010412385,2.2812905,0.012000522,0.00051697803,-0.09755728,-0.09802917,-0.09833549,-0.00030632317,-0.060392715,-0.06056899,-0.00017627329,0.00032136048,0.0006051738,0.00028381334,-1.9544343,-1.9666872,-0.012252927,0.000824941,0.012177471,0.01135253
69.59955,1.9999999,0.0,-1.9544343,-1.204091,0.000824941,-1.3839513,-0.52344614,0.042112786,2.2821846,0.012073028,-0.0054298723,-0.0051697805,-0.09789778,-0.097753994,0.00014378875,-0.06044412,-0.06021619,0.00022793189,9.111031e-05,0.00019179471,0.000100684396,-1.9614772,-1.9557254,0.005751729,0.0028194715,0.006846849,0.0040273773
69.64954,1.9999999,0.0,-1.9614772,-1.2136738,0.0028194715,-2.1359835,-0.20473002,0.027116837,2.2752461,0.0021124065,0.0,0.17184898,-0.097728916,-0.09808463,-0.00035571307,-0.060498413,-0.060698386,-0.00019997358,0.0006775567,0.00031358338,-0.0003639733,-1.9476795,-1.9619079,-0.014228344,0.024282796,0.0097238645,-0.014558932
69.69955,1.9999999,0.0,-1.9476795,-1.2062627,0.024282796,0.0371176,0.015216493,0.026607016,2.267955,0.0144881895,0.011755025,-0.033860207,-0.09766673,-0.09737342,0.00029331446,-0.060552754,-0.060357064,0.0001956895,0.0012230489,0.0012047892,-1.8259743e-05,-1.9589899,-1.947257,0.011732817,0.024639158,0.02390877,-0.00073038787
69.74954,1.9999999,0.0,-1.9589899,-1.2158474,0.024639158,0.96298486,-0.30949977,-0.0035263652,2.2760446,-0.0007406782,-0.0033860207,-0.14753422,-0.09771504,-0.097904645,-0.00018960238,-0.060654435,-0.060805984,-0.00015154853,0.00016219565,0.0011389208,0.0009767251,-1.9496119,-1.9571959,-0.007583976,-0.018151332,0.020917675,0.039069004
69.799545,1.9999999,0.0,-1.9496119,-1.2103301,-0.018151332,1.7770753,0.011941093,0.0102748545,2.2665977,0.012138877,-0.0029983968,0.2923461,-0.09741849,-0.097491264,-7.277727e-05,-0.06054113,-0.060529858,1.1272728e-05,0.00021784444,-0.0007271675,-0.00094501197,-1.9471275,-1.9500388,-0.0029113293,0.02686511,-0.01093537,-0.03780048
70.14954,1.9999999,0.0,-1.9243178,-1.2089415,0.023423985,-0.5218482,-0.01825746,0.016762711,2.2466674,0.017533043,-0.006109215,-0.18145502,-0.09660236,-0.096246675,0.00035568327,-0.060717355,-0.060508143,0.0002092123,0.0010034943,0.0012331838,0.00022968953,-1.9397765,-1.925549,0.0142275095,0.016715785,0.025903367,0.009187581
70.19955,1.9999999,0.0,-1.9397765,-1.2197528,0.016715785,-0.9571554,0.6960265,0.0050293617,2.256213,0.014089523,-0.02636377,-0.055697612,-0.096603595,-0.09707867,-0.00047507882,-0.060847316,-0.061111826,-0.0002645105,0.00050617807,0.00081017334,0.00030399527,-1.9243673,-1.9433702,-0.019002914,0.0035313373,0.01569115,0.012159813
70.24954,1.9999999,0.0,-1.9243673,-1.2141399,0.0035313373,0.16141991,-0.26936173,0.011560009,2.2489502,0.014802485,-0.011678976,0.23763432,-0.09629355,-0.09625139,4.2162836e-05,-0.060791135,-0.060739316,5.1818788e-05,0.0009067344,0.0001755895,-0.00073114486,-1.9273748,-1.925688,0.0016868114,0.032738037,0.0034922399,-0.029245798
70.299545,1.9999999,0.0,-1.9273748,-1.2175055,0.032738037,-0.20293164,-0.3806441,0.0068469928,2.251287,0.018261611,-0.0026003376,0.09677275,-0.096379146,-0.09630593,7.3216856e-05,-0.06088838,-0.060840584,4.7795475e-05,0.00069086143,0.0014872657,0.00079640426,-1.927791,-1.9248624,0.0029286146,-0.005103581,0.026752591,0.03185617
70.34955,1.9999999,0.0,-1.927791,-1.2180297,-0.005103581,-0.40441424,0.2223201,0.021095788,2.2419133,0.015521633,-0.0020017007,-0.042701684,-0.096319005,-0.096439324,-0.000120319426,-0.06088518,-0.060966022,-8.0842525e-05,-8.939331e-05,-6.258711e-05,2.68062e-05,-1.9249691,-1.929782,-0.004812956,0.0015278488,0.0026000962,0.0010722474
70.39954,1.9999999,0.0,-1.9249691,-1.2173775,0.0015278488,0.6416001,0.46813446,0.003081395,2.2401063,0.015120753,-0.006870506,0.24884054,-0.096285865,-0.09628647,-6.03497e-07,-0.060939997,-0.060923535,1.6462058e-05,4.2223142e-05,0.00020864923,0.00016642609,-1.9264655,-1.9264895,-2.3961067e-05,0.00016107688,0.0068181157,0.006657039
70.44955,1.9999999,0.0,-1.9264655,-1.2202224,0.00016107688,-0.35501182,-0.45078173,0.012286572,2.2443674,0.013995793,0.022882354,-0.058644522,-0.096423015,-0.096287206,0.00013580918,-0.061152134,-0.061015256,0.00013687834,0.00039912216,0.00013156049,-0.00026756167,-1.9304551,-1.9250225,0.0054326057,0.015803808,0.0051013418,-0.010702467
70.49954,1.9999999,0.0,-1.9304551,-1.225863,0.015803808,0.117161795,-0.100087,0.0028835852,2.239915,0.023393767,-0.012734958,-0.26697984,-0.096011564,-0.09650481,-0.00049324334,-0.061005995,-0.061356723,-0.00035072863,0.0012485418,0.0008073241,-0.00044121768,-1.9100076,-1.9297371,-0.019729495,0.034137864,0.016489152,-0.017648712
70.549545,1.9999999,0.0,-1.9100076,-1.2143768,0.034137864,-0.987331,1.0484058,0.025829706,2.2384245,0.020707322,-0.0038156295,-0.07399486,-0.09585179,-0.09555196,0.00029982626,-0.061038952,-0.060831387,0.00020756572,0.0011944423,0.0015540442,0.00035960192,-1.9240639,-1.9120706,0.011993289,0.013639828,0.028023902,0.014384074
70.59955,1.9999999,0.0,-1.9240639,-1.2271813,0.013639828,0.17920858,-0.09508182,0.0036046328,2.2427742,0.013351823,-0.020134445,-0.104109064,-0.09586572,-0.09622721,-0.00036148727,-0.06115996,-0.061468508,-0.00030854717,0.0003911661,0.0005419031,0.00015073697,-1.9105649,-1.9250242,-0.014459252,0.0020068157,0.008036297,0.006029481
70.64954,1.9999999,0.0,-1.9105649,-1.2192171,0.0020068157,-0.34823582,-0.061888944,0.0024974865,2.2389388,0.01734754,-0.014226536,0.16537115,-0.09557758,-0.095545985,3.1597912e-05,-0.06099146,-0.061013777,-2.2318214e-05,6.0709146e-05,9.105112e-05,3.0341977e-05,-1.9125384,-1.9112743,0.0012640953,0.0004215501,0.0016352274,0.0012136772
70.84955,1.9999999,0.0,-1.9030241,-1.2208068,0.0112066,-0.910748,0.23210502,0.024391985,2.2404017,0.0030014666,-0.0033030165,-0.2823282,-0.09512721,-0.095202975,-7.5764954e-05,-0.061077718,-0.061134595,-5.6877732e-05,0.0005964801,0.000654538,5.8057893e-05,-1.9020643,-1.9050945,-0.003030181,0.012652605,0.014974918,0.0023223134
70.89954,1.9999999,0.0,-1.9020643,-1.2223018,0.012652605,0.21227023,-0.09891031,0.018355442,2.2414815,0.018243162,-0.027871815,-0.17897397,-0.09507634,-0.095141806,-6.546825e-05,-0.061156873,-0.06118662,-2.9746443e-05,0.00047826406,0.0006428251,0.00016456103,-1.9009893,-1.9036078,-0.0026185513,0.0064779576,0.013060398,0.006582441
70.94955,1.9999999,0.0,-1.9009893,-1.223973,0.0064779576,0.15985578,0.15204704,0.012057068,2.237014,0.020284649,-0.021200413,0.14943169,-0.0950457,-0.09509199,-4.6290457e-05,-0.0612045,-0.06128328,-7.8778714e-05,-5.3886564e-05,0.00032914281,0.00038302937,-1.9008389,-1.9026903,-0.0018514395,-0.00863342,0.0066877566,0.0153211765
70.99954,1.9999999,0.0,-1.9008389,-1.224207,-0.00863342,-0.7527204,0.74538267,0.0018808247,2.2332194,0.015366251,-0.012928647,0.14097339,-0.09511797,-0.09514866,-3.068894e-05,-0.061288122,-0.061363008,-7.4885786e-05,-0.00017356097,-0.000220765,-4.7204026e-05,-1.9038801,-1.9051074,-0.0012272596,0.0016909812,-0.00019717962,-0.0018881608
71.049545,1.9999999,0.0,-1.9038801,-1.2273178,0.0016909812,0.28561005,0.57692426,-0.00139713,2.2322211,0.009098186,-0.007103075,0.064079,-0.09534936,-0.09525072,9.863824e-05,-0.061542783,-0.06147146,7.132441e-05,0.0011515586,0.00023624339,-0.00091531524,-1.9100943,-1.9061486,0.0039457083,0.04437136,0.0077587552,-0.036612604
71.09955,1.9999999,0.0,-1.9100943,-1.2343935,0.04437136,0.3222563,0.4629239,-0.0037791212,2.2368805,0.008630051,-0.0065207477,-0.01855645,-0.09548675,-0.095448256,3.849715e-05,-0.061747443,-0.06173582,1.1622906e-05,0.0018565602,0.001973517,0.00011695677,-1.909376,-1.9078361,0.0015399456,0.02989105,0.034569323,0.0046782736
71.14954,1.9999999,0.0,-1.909376,-1.2355043,0.02989105,-0.2097656,0.43318796,0.010121381,2.2375987,0.016940264,-0.00895872,0.013857474,-0.09534785,-0.095407486,-5.9634447e-05,-0.06173942,-0.06180581,-6.6392124e-05,0.0015920118,0.0012439432,-0.00034806854,-1.904538,-1.9069234,-0.002385378,0.033789422,0.019866679,-0.0139227435
71.19955,1.9999999,0.0,-1.904538,-1.2340724,0.033789422,-0.81315726,0.3443662,0.028867219,2.23881,0.017434813,-0.005135,0.044034105,-0.09525687,-0.09516563,9.123981e-05,-0.061759982,-0.06177336,-1.33775175e-05,0.0017246009,0.0014375156,-0.0002870853,-1.9057369,-1.9020872,0.0036497116,0.03519461,0.0237112,-0.0114834085
71.24954,1.9999999,0.0,-1.9057369,-1.2363268,0.03519461,-1.2402487,0.05026284,0.020036288,2.2378173,0.010823932,-0.004555309,-0.0076406943,-0.09532463,-0.095206514,0.000118114054,-0.06187783,-0.061908215,-3.0383468e-05,0.0015530644,0.0014864377,-6.66267e-05,-1.907248,-1.9025236,0.0047243834,0.026927967,0.024262901,-0.0026650652
71.549545,1.9999999,0.0,-1.8970032,-1.2390612,-0.005216815,-1.1724775,0.02960103,0.024406724,2.2349784,0.016811159,0.0027508107,0.19268659,-0.0947519,-0.094785765,-3.386289e-05,-0.061881073,-0.062006433,-0.00012535974,0.00046597712,-0.00019735322,-0.0006633303,-1.893073,-1.8944273,-0.0013543367,0.0238559,-0.0026773103,-0.02653321
71.59955,1.9999999,0.0,-1.893073,-1.2361817,0.0238559,-0.9238646,-0.20666553,0.023145199,2.2340076,0.014516584,0.00889071,-0.2001116,-0.09461807,-0.09455246,6.560981e-05,-0.061863493,-0.061878797,-1.5303493e-05,0.001197488,0.0011040852,-9.340281e-05,-1.8916497,-1.8890251,0.002624631,0.024043621,0.02030751,-0.0037361123
71.799545,1.9999999,0.0,-1.8670138,-1.22858,0.030650482,-1.0473874,-0.5249767,0.01439394,2.224442,0.015868325,0.0013635104,0.3197817,-0.09399364,-0.09319583,0.00079780817,-0.061923653,-0.06146952,0.0004541315,0.0011599469,0.001292419,0.00013247214,-1.8927318,-1.8608192,0.031912565,0.015747393,0.02104628,0.0052988883
71.84955,1.9999999,0.0,-1.8927318,-1.248366,0.015747393,0.84598607,0.22062302,0.0026787496,2.232167,0.00905581,0.031978168,-0.12480283,-0.09461492,-0.0945822,3.272295e-05,-0.06241261,-0.062464196,-5.158782e-05,0.00034794371,0.00078110734,0.00043316363,-1.8918653,-1.8905561,0.0013091564,-0.0018296441,0.015496898,0.017326543
71.89954,1.9999999,0.0,-1.8918653,-1.2481382,-0.0018296441,-0.69841784,-0.052386403,-0.0055348,2.2297177,0.0006820069,-0.011116773,-0.5103552,-0.09433832,-0.09458726,-0.0002489388,-0.06223945,-0.062483765,-0.0002443157,-0.0001380426,-3.156811e-06,0.00013488579,-1.8816675,-1.8916248,-0.009957314,-0.0036920598,0.0017033704,0.00539543
71.94955,1.9999999,0.0,-1.8816675,-1.2414398,-0.0036920598,-0.04613506,0.20738038,0.008590339,2.230728,0.0021041725,-0.019057352,0.025099646,-0.094080314,-0.094123654,-4.3340027e-05,-0.062076632,-0.062142707,-6.6075474e-05,-2.2644547e-06,-0.00012871083,-0.00012644638,-1.881545,-1.8832784,-0.0017334223,0.0036014814,-0.0014563724,-0.0050578536
71.99954,1.9999999,0.0,-1.881545,-1.2416255,0.0036014814,-0.53774375,0.3887943,0.028095156,2.2285714,0.0141334385,-0.008606808,0.24172495,-0.09393731,-0.09415877,-0.00022146106,-0.062055323,-0.062175747,-0.000120423734,0.0009019455,0.00024388637,-0.00065805914,-1.8759474,-1.8848058,-0.008858442,0.03247634,0.0061539747,-0.026322365
72.049545,1.9999999,0.0,-1.8759474,-1.2405874,0.03247634,-0.23240423,0.46770507,0.032393698,2.2234375,0.010132745,0.0051151435,0.08185251,-0.093738295,-0.09383587,-9.75728e-05,-0.062054858,-0.062096186,-4.132837e-05,0.0016605633,0.0015029948,-0.00015756849,-1.8735844,-1.8774872,-0.003902793,0.033946194,0.027643453,-0.0063027404
72.09955,1.9999999,0.0,-1.8735844,-1.2416068,0.033946194,-0.08357739,0.23705877,0.022992253,2.2325895,0.015392992,-0.00042155685,-0.082698464,-0.09365939,-0.09367277,-1.3373792e-05,-0.06221512,-0.062115382,9.97372e-05,0.0016274248,0.0014536268,-0.00017379806,-1.8727915,-1.8733261,-0.00053453445,0.031150801,0.024198875,-0.0069519263
72.14954,1.9999999,0.0,-1.8727915,-1.2469978,0.031150801,-0.14495836,-0.27243605,0.0052313684,2.22942,0.011720721,-0.0031547027,0.033951573,-0.093849815,-0.09357518,0.00027463585,-0.06249649,-0.062347006,0.00014948472,0.00022575192,0.0012916498,0.0010658979,-1.8812013,-1.8702158,0.010985494,-0.022120724,0.020515187,0.04263591
72.19955,1.9999999,0.0,-1.8812013,-1.2528617,-0.022120724,0.094787054,-0.28688276,0.0025766634,2.2377386,0.016695121,0.0029736003,0.051704977,-0.09374491,-0.094063856,-0.00031894445,-0.06242394,-0.06266688,-0.00024293736,-0.0006456833,-0.00093041605,-0.00028473273,-1.8685951,-1.8813528,-0.012757659,-0.00370661,-0.015095916,-0.011389306
72.24954,1.9999999,0.0,-1.8685951,-1.2440958,-0.00370661,-0.05134666,-0.051950775,-0.0011629597,2.2346165,0.014276731,0.0020157949,-0.07529322,-0.09367226,-0.093451016,0.00022124499,-0.062386524,-0.062266152,0.00012037158,0.0003802697,4.764963e-05,-0.00033262005,-1.8782953,-1.8694453,0.008849978,0.018917397,0.005612597,-0.0133048
72.299545,1.9999999,0.0,-1.8782953,-1.2513651,0.018917397,-1.2690271,0.49025345,0.009828105,2.23738,0.010565351,-0.004555722,-0.064648725,-0.09391934,-0.09396495,-4.5612454e-05,-0.062604316,-0.062666334,-6.201863e-05,0.0011204219,0.0010122597,-0.000108162174,-1.878478,-1.8803025,-0.0018244982,0.02589948,0.021572992,-0.004326487
72.34955,1.9999999,0.0,-1.878478,-1.2528075,0.02589948,0.109606355,-0.15747806,0.018012093,2.2305396,0.006099708,-0.004449078,0.17620121,-0.093591936,-0.09391361,-0.00032167137,-0.062449805,-0.062656246,-0.00020644069,0.0007811043,0.001175159,0.0003940547,-1.8651993,-1.8780662,-0.012866855,0.005344693,0.02110688,0.015762188
72.39954,1.9999999,0.0,-1.8651993,-1.2451848,0.005344693,0.53157896,0.010471778,0.020921256,2.2396903,0.006630834,0.013064399,-0.080130346,-0.09347065,-0.09325629,0.00021436065,-0.062468182,-0.06229144,0.00017674267,0.0008074054,0.00032650083,-0.00048090456,-1.8736266,-1.865052,0.008574605,0.026951523,0.0077153407,-0.019236183
72.44955,1.9999999,0.0,-1.8736266,-1.2535425,0.026951523,-0.27615786,-0.20710476,0.021008017,2.2426596,0.010935376,-0.012462112,0.06851762,-0.09377786,-0.093668096,0.00010976195,-0.06282584,-0.06267205,0.00015379488,0.00071207515,0.0012840058,0.00057193066,-1.8774879,-1.8730972,0.0043907166,0.0015314815,0.024408707,0.022877226
72.49954,1.9999999,0.0,-1.8774879,-1.2594913,0.0015314815,-0.15194002,-0.057614878,0.004878936,2.2464771,0.020748813,0.019916162,0.31281525,-0.093966775,-0.09385288,0.000113897026,-0.06306787,-0.06294686,0.00012100488,0.00066416577,0.00013353284,-0.0005306329,-1.8811831,-1.8766271,0.00455606,0.025035148,0.003809832,-0.021225316
72.549545,1.9999999,0.0,-1.8811831,-1.2632234,0.025035148,-1.3941836,-0.03854174,-0.0040119714,2.2458687,0.023978515,0.018819412,-0.20576525,-0.093555,-0.09401425,-0.00045924634,-0.06285692,-0.06322654,-0.0003696233,0.0010297742,0.0011868344,0.00015706022,-1.8610171,-1.879387,-0.018369913,0.01615582,0.022438226,0.006282406
72.59955,1.9999999,0.0,-1.8610171,-1.2510533,0.01615582,-0.7488219,0.29112732,0.02681474,2.2505026,0.0054256297,-0.0006603631,-0.3844649,-0.093025915,-0.09306108,-3.516674e-05,-0.06263755,-0.06262823,9.320676e-06,0.00081408315,0.0007929772,-2.1105923e-05,-1.8600196,-1.8614261,-0.0014065504,0.016407507,0.015563268,-0.0008442383
72.64954,1.9999999,-0.009153373,-1.8600196,-1.2544489,0.016407507,0.75755566,-0.036319796,-0.0029343485,2.2484415,0.008517319,-0.019627076,-0.01588255,-0.093285665,-0.09299214,0.00029352307,-0.06292686,-0.06277703,0.00014983118,0.00049470435,0.0006481879,0.00015348353,-1.871407,-1.8596658,0.011741281,0.0033806677,0.009520005,0.006139338
72.69955,1.9999999,-0.03845114,-1.871407,-1.2626255,0.0033806677,-0.16095397,0.48805165,-0.0023871444,2.2395232,0.017140498,-0.002248618,0.14322942,-0.09395047,-0.093587324,0.00036314875,-0.063394375,-0.063167386,0.00022698939,8.0705126e-05,6.653499e-05,-1.41701385e-05,-1.8866119,-1.8720858,0.014526129,-0.00015246288,-0.0007192716,-0.00056680874
72.74954,1.9999999,-0.03845114,-1.8866119,-1.2731495,-0.00015246288,0.086854436,0.2093942,0.016851295,2.2537467,0.012020954,-0.0053041326,-0.12756826,-0.09444519,-0.09437082,7.4371696e-05,-0.0637744,-0.063707925,6.647408e-05,0.00035351684,3.6960469e-06,-0.0003498208,-1.8911957,-1.8882207,0.002974987,0.014293137,0.0003003031,-0.013992834
72.799545,1.9999999,-0.04577558,-1.8911957,-1.2778265,0.014293137,-0.4026085,0.22607759,0.011936732,2.2650793,0.007230835,-0.015005443,0.14102478,-0.09498692,-0.09458156,0.00040536374,-0.06422906,-0.06390127,0.00032779574,0.00064126105,0.00060578383,-3.547722e-05,-1.9082813,-1.8920666,0.016214728,0.011357305,0.009938214,-0.0014190907
72.99954,1.9999999,-0.19963247,-1.9700958,-1.3211759,-0.054018814,-1.0145597,0.72017235,-0.029529354,2.3406723,0.0151326675,-0.0015819074,0.12322916,-0.09855361,-0.09856401,-1.039356e-05,-0.06590144,-0.06604023,-0.00013878942,-0.0032825419,-0.0026410383,0.0006415036,-1.9720486,-1.9724642,-0.00041556358,-0.07728286,-0.051622715,0.025660146
73.049545,1.9999999,-0.24360092,-1.9720486,-1.3148817,-0.07728286,-1.4171251,0.73488665,-0.019746592,2.3620656,0.010303354,-0.012619101,-0.048624903,-0.09859456,-0.09866353,-6.8970025e-05,-0.06552223,-0.06557032,-4.8086047e-05,-0.0044166036,-0.0036163696,0.00080023403,-1.9717339,-1.9744925,-0.0027586222,-0.09938129,-0.06737191,0.032009378
73.09955,1.9999999,-0.27289867,-1.9717339,-1.3060074,-0.09938129,0.9621871,-0.06621431,-0.053193342,2.3746011,0.010881907,-0.006444398,0.3579048,-0.09864295,-0.09853765,0.000105299056,-0.065065555,-0.06498751,7.804483e-05,-0.005353859,-0.004934404,0.00041945511,-1.9739842,-1.9697721,0.004212141,-0.11477308,-0.09799489,0.016778193
73.14954,1.9999999,-0.35348934,-1.9739842,-1.2966146,-0.11477308,0.5035396,0.0342088,-0.07293847,2.367788,0.021147987,0.023171376,0.20384698,-0.09899822,-0.098676406,0.00032181293,-0.06457744,-0.064515345,6.209314e-05,-0.006045405,-0.005550219,0.0004951856,-1.9859445,-1.9730722,0.012872338,-0.12704311,-0.10723569,0.01980742
73.19955,1.9999999,-0.35348934,-1.9859445,-1.2864829,-0.12704311,-0.30106193,0.21424185,-0.07826886,2.3649738,0.0047747823,0.0139403,0.1403708,-0.09947107,-0.09934145,0.00012961775,-0.06394191,-0.063970864,-2.8952956e-05,-0.006465899,-0.0058748093,0.0005910895,-1.9928983,-1.9877135,0.005184889,-0.13159284,-0.10794926,0.023643583
73.24954,1.9999999,-0.3827871,-1.9928983,-1.2711934,-0.13159284,-0.47775638,0.16630022,-0.07823729,2.35433,0.0075119045,0.037208457,0.3881354,-0.099686325,-0.09970464,-1.8313527e-05,-0.063075535,-0.06319854,-0.00012300164,-0.0064840443,-0.006085747,0.00039829733,-1.9945548,-1.9952871,-0.00073230267,-0.12776892,-0.11183704,0.015931882
73.299545,1.9999999,-0.3827871,-1.9945548,-1.2518281,-0.12776892,-0.32956803,0.055928215,-0.10990221,2.3425918,0.017572843,0.05275384,0.017083649,-0.09972208,-0.09978186,-5.978346e-05,-0.062085196,-0.06213772,-5.2522868e-05,-0.006416717,-0.0058083185,0.0006083986,-1.9943284,-1.9967196,-0.0023912191,-0.12889977,-0.10456381,0.024335958
73.34955,1.9999999,-0.3461649,-1.9943284,-1.2315797,-0.12889977,-1.1641703,-0.107352085,-0.11119255,2.341369,0.014038257,0.038916823,-0.0619892,-0.10023686,-0.099747635,0.0004892275,-0.061447784,-0.061098527,0.00034925714,-0.008040454,-0.0058630346,0.0021774196,-2.0151463,-1.995577,0.019569278,-0.19271839,-0.10562161,0.08709677
73.39954,1.9999999,-0.3461649,-2.0151463,-1.2263317,-0.19271839,-1.2325681,-0.20377672,-0.10996938,2.3456502,0.004511046,0.04655492,-0.21661837,-0.10132266,-0.1007015,0.0006211549,-0.06095617,-0.060723808,0.00023236126,-0.00891762,-0.008578151,0.00033946894,-2.03776,-2.0129137,0.024846315,-0.16398641,-0.15040767,0.013578743
73.44955,1.9999999,-0.33884045,-2.03776,-1.2119151,-0.16398641,-0.3698089,-0.33006686,-0.12093805,2.3397098,0.0033091987,0.017254982,-0.27763212,-0.102008045,-0.10174463,0.00026341528,-0.060260724,-0.060057726,0.00020299852,-0.0066423537,-0.0071981954,-0.0005558417,-2.0425615,-2.0320253,0.010536194,-0.10170774,-0.1239414,-0.022233658
73.49954,1.9999999,-0.35348934,-2.0425615,-1.1985137,-0.10170774,-0.4835142,-0.041073117,-0.13890442,2.3241847,0.0057227593,0.018791707,0.14911436,-0.10203726,-0.10190232,0.00013493747,-0.05958965,-0.059597142,-7.491559e-06,-0.004419203,-0.004475653,-5.6450255e-05,-2.0389285,-2.033531,0.005397558,-0.07506038,-0.077318385,-0.0022580028
73.549545,1.9999999,-0.36813822,-2.0389285,-1.1850723,-0.07506038,0.82727283,0.6727785,-0.16020246,2.3227475,0.007971508,0.032166418,-0.13025089,-0.10204253,-0.101766005,0.0002765283,-0.059195902,-0.058916148,0.0002797544,-0.0030448944,-0.00295563,8.9264475e-05,-2.0427728,-2.0317116,0.011061192,-0.046735395,-0.043164812,0.0035705827
73.59955,1.9999999,-0.37546268,-2.0427728,-1.1827638,-0.046735395,-0.23869392,-0.12972307,-0.099013336,2.336157,0.0047066566,0.005766619,0.124011956,-0.101411074,-0.10188981,-0.00047873706,-0.058767796,-0.05898815,-0.00022035465,0.0002874949,-0.002027475,-0.00231497,-2.0136702,-2.0328197,-0.019149542,0.05823519,-0.03436361,-0.092598796
73.64954,1.9999999,0.0,-2.0136702,-1.167948,0.05823519,-0.8809536,-0.39391765,0.04518866,2.3286314,-0.010133304,0.044567615,-0.082538776,-0.10101187,-0.100650564,0.00036130846,-0.058686085,-0.0584352,0.0002508834,0.0026659232,0.0030196533,0.00035373005,-2.0268047,-2.0123522,0.014452457,0.048401736,0.06255094,0.014149204
73.69955,1.9999999,0.0,-2.0268047,-1.1794953,0.048401736,-0.3305458,-0.41159412,0.045643046,2.3257008,-0.005929232,-0.0024872583,-0.5292977,-0.10102863,-0.101322226,-0.00029359758,-0.058845643,-0.05912398,-0.0002783388,0.0017593954,0.0024251079,0.0006657125,-2.0143406,-2.0260842,-0.0117435455,0.021974077,0.048602574,0.026628496
73.74954,1.9999999,0.0,-2.0143406,-1.1743304,0.021974077,0.643231,-0.03173622,0.021960353,2.3175843,-0.0005663265,-0.008362157,-0.008926831,-0.10027794,-0.10071299,-0.0004350543,-0.058498356,-0.05882075,-0.00032239407,0.0005809868,0.00094392727,0.00036294048,-1.9967768,-2.014179,-0.017402172,0.0012653942,0.015783016,0.014517621
73.799545,1.9999999,0.0,-1.9967768,-1.1656038,0.0012653942,0.98386043,0.06905258,0.0071718437,2.3053033,-0.004592179,-0.0033799415,-0.060998183,-0.099970624,-0.09986788,0.00010274351,-0.05837558,-0.058364987,1.0591e-05,0.0002303492,0.00014394037,-8.640882e-05,-2.0020483,-1.9979383,0.0041099787,0.007948574,0.0044922195,-0.0034563541
73.84955,1.9999999,0.0018507296,-2.0020483,-1.1694194,0.007948574,0.9013647,-0.10217777,0.0062932502,2.3098946,-0.007381676,-0.014461976,0.041195147,-0.10023501,-0.10010677,0.0001282394,-0.05863927,-0.058509845,0.00012942404,0.00076084177,0.00056215416,-0.0001986876,-2.007352,-2.0022225,0.0051295757,0.022485098,0.0145375915,-0.007947506
73.89954,1.9999999,0.04579738,-2.007352,-1.1761514,0.022485098,0.031259138,0.2427167,0.033206254,2.3023431,-0.0031828047,0.0007395731,0.23680578,-0.10067423,-0.10041382,0.00026040524,-0.059174486,-0.058840293,0.00033419207,0.0027158689,0.0013015122,-0.0014143566,-2.019617,-2.009201,0.010416031,0.08614966,0.02957539,-0.05657427
73.94955,1.9999999,0.10441472,-2.019617,-1.1908281,0.08614966,-0.7905347,1.0669366,0.07107473,2.3135529,-0.011234973,0.009218602,-0.08251756,-0.10160816,-0.10106776,0.00054039806,-0.06024118,-0.059619576,0.00062160566,0.004088929,0.0041086036,1.9674655e-05,-2.0447092,-2.0230935,0.021615744,0.077407494,0.078194484,0.0007869899
73.99954,1.9999999,0.15570761,-2.0447092,-1.2188191,0.077407494,-0.104494356,0.86434925,0.07006173,2.3406246,-0.017062094,-0.0075121825,0.09934252,-0.10281922,-0.102264285,0.00055493414,-0.061557427,-0.06107193,0.00048549846,0.0034409438,0.003704842,0.00026389817,-2.0680597,-2.0458624,0.022197247,0.06023026,0.07078618,0.010555919
74.049545,1.9999999,0.21430315,-2.0680597,-1.2434778,0.06023026,0.004232267,0.86593616,0.04455715,2.3826866,-0.015616529,0.019152854,0.0949964,-0.10316245,-0.10335789,-0.00019543618,-0.06218569,-0.062276524,-9.083375e-05,0.0034503485,0.0030967363,-0.00035361224,-2.0584385,-2.0662556,-0.00781703,0.077783674,0.063639194,-0.01414448
74.09955,1.9999999,0.2436227,-2.0584385,-1.2439497,0.077783674,-0.30751097,0.24096718,0.08198951,2.400496,-0.022063164,0.001987458,-0.093797006,-0.10323587,-0.10279735,0.00043851882,-0.06257306,-0.06235593,0.00021712855,0.0037878512,0.0041355537,0.00034770253,-2.0709963,-2.0534556,0.017540693,0.07373037,0.08763846,0.013908088
74.14954,1.9999999,0.25094715,-2.0709963,-1.2589726,0.07373037,-0.83786356,-0.28917706,0.01552443,2.4080834,-0.009613217,0.009773153,-0.21761267,-0.10323817,-0.103306726,-6.855279e-05,-0.06278761,-0.063035354,-0.0002477467,0.0019334195,0.0038107976,0.0018773781,-2.0585306,-2.0612724,-0.0027418137,0.0036064053,0.07870154,0.07509513
74.19955,1.9999999,0.2729205,-2.0585306,-1.2525319,0.0036064053,-0.15574732,0.6708945,-0.010882227,2.4063714,-0.008730769,-0.01977381,0.019738995,-0.10351092,-0.102779366,0.0007315576,-0.06295776,-0.06270476,0.00025300682,0.00029808405,0.0008485755,0.00055049144,-2.0819063,-2.0526443,0.029262066,0.008316956,0.030336618,0.022019662
74.24954,1.9999999,0.23629826,-2.0819063,-1.2657787,0.008316956,-0.28043208,0.25379202,0.022872409,2.4028223,-0.007534674,0.011747053,0.22952493,-0.10300025,-0.1038831,-0.0008828491,-0.062767915,-0.06332665,-0.00055873394,0.0007971401,0.0011949666,0.0003978265,-2.0381038,-2.073418,-0.035314083,0.023568649,0.03948171,0.015913062
74.299545,1.9999999,0.0,-2.0381038,-1.244938,0.023568649,0.71036845,-0.26235747,0.009333061,2.390439,-0.0060012853,0.003178684,-0.40402016,-0.10128468,-0.10172148,-0.00043679774,-0.06198493,-0.062227216,-0.00024228543,0.0009941409,0.001317002,0.00032286113,-2.0132837,-2.0307553,-0.017471552,0.016196989,0.029111432,0.012914443
74.34955,1.9999999,0.0,-2.0132837,-1.2344593,0.016196989,-0.23494923,0.1808497,-0.0060946587,2.3739824,-0.00560836,-0.028654965,0.0055388636,-0.100773245,-0.100545846,0.00022739917,-0.06176179,-0.06178509,-2.330169e-05,-5.0893803e-05,0.0007498732,0.000800767,-2.017646,-2.0085502,0.009095907,-0.01823274,0.013797939,0.03203068
74.39954,1.9999999,0.0,-2.017646,-1.2360123,-0.01823274,-0.11350207,0.68531936,-0.013944082,2.3640947,-0.010143027,0.0037325704,0.3415955,-0.10080655,-0.10083361,-2.7060509e-05,-0.06174596,-0.061842706,-9.674579e-05,-0.00052639074,-0.000703077,-0.00017668627,-2.0146158,-2.0156984,-0.0010826588,-0.0028228904,-0.009890344,-0.0070674536
74.44955,1.9999999,0.0,-2.0146158,-1.2338262,-0.0028228904,-0.85477173,0.16067538,0.013449835,2.3682313,0.0014951531,0.005504584,0.001988008,-0.10040174,-0.100677304,-0.00027556717,-0.0615095,-0.06169623,-0.00018673018,0.00011963865,0.00011494123,-4.6974237e-06,-2.0014536,-2.0124764,-0.011022806,0.0076084365,0.00742054,-0.00018789666
74.74954,1.9999999,0.0,-1.9655132,-1.2167591,0.013176744,-0.72890335,0.16019742,0.017944818,2.3205945,-0.0037025083,-0.023717135,0.124048024,-0.098240726,-0.09823999,7.376075e-07,-0.060855836,-0.060873546,-1.771003e-05,0.0005545569,0.00076889416,0.00021433725,-1.9641157,-1.9640863,2.9444695e-05,0.009005531,0.017579023,0.008573492
74.799545,1.9999999,0.0,-1.9641157,-1.2174743,0.009005531,0.5827724,-1.2517617,0.026354434,2.3095994,-0.010040744,0.0033961814,0.5435028,-0.0981814,-0.09803631,0.00014508516,-0.060898248,-0.060812265,8.5983425e-05,0.0004245255,0.00047770198,5.317648e-05,-1.96314,-1.9573364,0.005803585,0.007975489,0.010102548,0.0021270588
74.84955,1.9999999,0.0,-1.96314,-1.2184556,0.007975489,-1.4361359,-0.011253944,0.006820275,2.3102994,-0.005158051,0.030633148,0.11835225,-0.09825624,-0.09801648,0.00023975968,-0.061092526,-0.06082619,0.0002663359,0.0013975074,0.0006539553,-0.00074355205,-1.9671093,-1.957519,0.009590268,0.04792481,0.018182725,-0.029742084
74.89954,1.9999999,0.0,-1.9671093,-1.2252454,0.04792481,1.1355106,0.15174204,0.010879729,2.3116772,-0.0064420025,0.015231406,-0.3202608,-0.09800574,-0.0982811,-0.00027535856,-0.06110407,-0.06127554,-0.00017147139,0.0015552088,0.0022902722,0.00073506334,-1.9531204,-1.9641343,-0.011013985,0.014283546,0.043686077,0.029402532
75.049545,1.9999999,0.0,-1.9619035,-1.2254508,0.0065428414,-0.037192956,0.38550287,0.009381607,2.2987707,-0.011086441,0.0071698506,-0.16157281,-0.09781625,-0.09809054,-0.00027428567,-0.06113698,-0.06131826,-0.00018128008,9.830528e-05,0.00034261608,0.0002443108,-1.9507465,-1.9617178,-0.010971308,-0.0026106301,0.0071618,0.00977243
75.09955,1.9999999,0.0,-1.9507465,-1.2200284,-0.0026106301,0.7784452,0.44593728,0.007991073,2.289168,-0.014677328,-0.0137066385,-0.19365217,-0.09742957,-0.09756845,-0.00013887882,-0.06101534,-0.0610376,-2.225861e-05,0.00014926647,-6.1571416e-05,-0.0002108379,-1.9464364,-1.9519914,-0.0055550337,0.008581289,0.00014777482,-0.008433514
75.14954,1.9999999,0.0,-1.9464364,-1.2205852,0.008581289,-0.52904576,-0.44052517,0.029271292,2.2863686,-0.015531544,-0.0121953655,0.20478515,-0.097282395,-0.097326994,-4.4599175e-05,-0.06107802,-0.06100751,7.050857e-05,0.0007757398,0.00048779065,-0.00028794914,-1.9448595,-1.9466435,-0.001783967,0.022448301,0.010930337,-0.011517964
75.19955,1.9999999,0.0,-1.9448595,-1.2225355,0.022448301,-0.33471066,0.4979596,0.0148781445,2.2887504,-0.014549324,0.0067718774,0.15202388,-0.09719035,-0.09726588,-7.5526536e-05,-0.061138954,-0.06113535,3.6023557e-06,0.0014364929,0.0011257436,-0.00031074928,-1.9427545,-1.9457755,-0.0030210018,0.03501141,0.022581443,-0.0124299675
75.24954,1.9999999,0.0,-1.9427545,-1.2230227,0.03501141,-1.49614,-0.21276277,0.026038337,2.2926908,-0.012871031,0.003007023,-0.09637504,-0.09683684,-0.09708667,-0.00024982542,-0.061004385,-0.06120875,-0.0002043657,0.001227372,0.0015969072,0.00036953518,-1.9307193,-1.9407121,-0.009992838,0.014083465,0.028864875,0.014781411
75.299545,1.9999999,0.0,-1.9307193,-1.2171526,0.014083465,-1.1349595,-0.20934013,0.018659905,2.2971117,-0.016366443,-0.0028656262,-0.04691221,-0.09672165,-0.09648919,0.00023245811,-0.06104818,-0.060933705,0.000114474446,0.00040597512,0.0006722115,0.0002662364,-1.9381467,-1.9288484,0.009298325,0.00215554,0.012804996,0.010649456
75.44955,1.9999999,0.0,-1.9161499,-1.214619,-0.005135979,-1.1526829,0.4304648,-0.00448362,2.2892659,-0.018612754,0.02228648,-0.05519365,-0.09577317,-0.095792174,-1.9006431e-05,-0.060772948,-0.060751226,2.1722168e-05,0.00013517051,-7.070191e-05,-0.00020587243,-1.9147769,-1.9155372,-0.00076031685,0.0105428,0.002307903,-0.008234897
75.49954,1.9999999,0.0,-1.9147769,-1.2162988,0.0105428,-0.9673884,0.24494508,0.022270592,2.285753,-0.017844718,0.026242001,-0.28074783,-0.095599085,-0.09569947,-0.00010038167,-0.060751718,-0.06081375,-6.2033534e-05,0.0007812865,0.00061970577,-0.00016158074,-1.9091865,-1.9132015,-0.004014969,0.020708662,0.014245432,-0.0064632297
75.549545,1.9999999,0.0,-1.9091865,-1.2137699,0.020708662,0.7220565,0.18549794,0.012440241,2.2795885,-0.021610193,-0.005788304,-0.6757586,-0.09545919,-0.09539946,5.9731305e-05,-0.060762685,-0.060741078,2.1606684e-05,0.0008775622,0.0009220129,4.4450688e-05,-1.9091814,-1.9067918,0.0023895502,0.014393826,0.016171854,0.001778028
75.59955,1.9999999,0.0,-1.9091814,-1.2167375,0.014393826,-1.0407377,-0.36101907,0.025513617,2.2808304,-0.027008403,-0.041333858,0.025420848,-0.09592927,-0.095406435,0.00052283704,-0.06114201,-0.060971107,0.00017090142,0.0003222141,0.0005775016,0.0002552875,-1.9279896,-1.9070761,0.020913482,-0.0015052623,0.008706238,0.0102115
75.64954,1.9999999,0.0,-1.9279896,-1.2289428,-0.0015052623,-0.6941636,-0.31110704,0.00742008,2.2853029,-0.017217314,-0.0032462191,0.43249205,-0.09601409,-0.09636345,-0.00034935772,-0.061265826,-0.061451163,-0.00018533692,0.00066598924,-7.7379125e-05,-0.00074336835,-1.912574,-1.9265484,-0.013974309,0.028144833,-0.0015899017,-0.029734734
75.69955,1.9999999,0.0,-1.912574,-1.2216903,0.028144833,-1.722505,-0.10448542,0.010678385,2.2723808,-0.0303182,0.0019153442,0.011323442,-0.095766954,-0.09558336,0.0001835972,-0.06119685,-0.0611223,7.455051e-05,0.00016885938,0.0014209899,0.0012521305,-1.918104,-1.9107603,0.007343769,-0.021390459,0.02869476,0.050085217
75.84955,1.9999999,0.0,-1.912564,-1.2235273,0.018224575,0.32461634,0.33894885,0.024781516,2.262828,-0.02415082,-0.013468196,0.25501192,-0.0956414,-0.09563579,5.610287e-06,-0.061331414,-0.061185684,0.00014572963,0.0011183615,0.0009171331,-0.00020122837,-1.913092,-1.9128672,0.00022482872,0.026509885,0.01846075,-0.008049134
75.89954,1.9999999,0.0,-1.913092,-1.2297293,0.026509885,-1.1603249,0.31483594,0.026497198,2.274795,-0.019548332,0.011727307,-0.0744321,-0.095340006,-0.095669344,-0.000329338,-0.061369933,-0.061530747,-0.00016081333,0.0014454249,0.0012669489,-0.00017847598,-1.9005084,-1.9136814,-0.013172984,0.03130711,0.02416807,-0.0071390383
75.94955,1.9999999,0.0,-1.9005084,-1.225068,0.03130711,-0.49650553,0.37038448,0.0053460454,2.2680144,-0.017469931,-0.020911405,-0.35583746,-0.09474546,-0.09502808,-0.00028262287,-0.061074886,-0.061359253,-0.0002843663,0.0005397197,0.0013383499,0.0007986302,-1.8893099,-1.9006149,-0.011304975,-0.00971832,0.022226885,0.031945206
76.19955,1.9999999,0.0,-1.8959811,-1.2324052,0.02831821,0.80169046,0.67543733,0.01543907,2.2576096,-0.016414115,-0.00789689,0.16360818,-0.09481016,-0.09479697,1.3187528e-05,-0.06168952,-0.06165993,2.958998e-05,0.0010837573,0.0010868595,3.1022355e-06,-1.8964254,-1.8958975,0.00052785873,0.015032078,0.01515617,0.00012409221
76.24954,1.9999999,0.0,-1.8964254,-1.2351755,0.015032078,-0.86939436,0.57220215,0.027892431,2.2653966,-0.017717788,0.0016929694,0.037110582,-0.095036685,-0.09487208,0.00016460568,-0.0619715,-0.06184523,0.00012626871,0.000868531,0.000659187,-0.00020934403,-1.9050419,-1.8984576,0.0065842867,0.019709162,0.011335399,-0.008373763
76.299545,1.9999999,0.0,-1.9050419,-1.2436845,0.019709162,0.12099983,-0.030472618,0.012888986,2.264095,-0.01761465,-0.0041858316,0.14176762,-0.0955263,-0.0952413,0.0002849996,-0.062396858,-0.062227633,0.00016922504,0.00048106269,0.00088001695,0.00039895426,-1.91601,-1.9046098,0.011400223,-0.00046665515,0.015491515,0.015958171
76.34955,1.9999999,0.0,-1.91601,-1.2521899,-0.00046665515,-0.79426724,0.19291888,0.005959224,2.273537,-0.016812148,0.015869731,0.102571346,-0.095340535,-0.0957741,-0.0004335642,-0.06233956,-0.06263368,-0.00029411912,0.00048830063,8.4898995e-05,-0.00040340165,-1.8976115,-1.9149537,-0.01734221,0.019998679,0.0038626157,-0.016136063
76.39954,1.9999999,0.0,-1.8976115,-1.2413925,0.019998679,-1.2361186,0.18960032,0.017522909,2.2606142,-0.018304909,0.006071303,-0.03724635,-0.09494914,-0.094834186,0.00011495501,-0.062176414,-0.062111527,6.488711e-05,0.0010525819,0.0009927246,-5.9857382e-05,-1.9003541,-1.8957559,0.00459826,0.0221046,0.019710299,-0.0023943018
76.44955,1.9999999,0.0,-1.9003541,-1.245664,0.0221046,-1.4007924,0.17216921,0.023745308,2.262598,-0.02393098,0.012145096,-0.24146599,-0.09490039,-0.09494447,-4.4077635e-05,-0.062239,-0.06236286,-0.00012386218,0.0011553442,0.0010249049,-0.0001304393,-1.8956617,-1.8974245,-0.0017627478,0.024109168,0.018891592,-0.0052175764
76.49954,1.9999999,0.0,-1.8956617,-1.2438959,0.024109168,-0.64123064,-0.276132,0.011192947,2.2552104,-0.036162816,-0.018075295,0.080065556,-0.094648145,-0.094705395,-5.725026e-05,-0.062110107,-0.06224341,-0.00013330206,0.0012098263,0.0010341295,-0.0001756968,-1.890264,-1.8925537,-0.0022896528,0.024283886,0.017256012,-0.007027874
76.549545,1.9999999,0.0,-1.890264,-1.2405083,0.024283886,-1.32903,-0.31446332,0.031133024,2.263377,-0.026713563,0.020151652,0.28449094,-0.09464944,-0.094399035,0.00025040656,-0.06218597,-0.06204276,0.00014320761,0.0012768277,0.001084535,-0.00019229262,-1.8957134,-1.8856975,0.0100159645,0.026789218,0.019097514,-0.0076917037
76.59955,1.9999999,0.0,-1.8957134,-1.2469305,0.026789218,-1.4508486,0.54688656,0.022714611,2.2560492,-0.034533046,0.0103738,0.035499193,-0.09467905,-0.09472972,-5.06714e-05,-0.062351618,-0.06236848,-1.6860664e-05,0.0008480057,0.0013264852,0.0004784795,-1.8914484,-1.8934752,-0.0020267963,0.0071310103,0.026270188,0.019139178
76.64954,1.9999999,0.0,-1.8914484,-1.2471342,0.0071310103,0.81319433,0.39086738,0.0023477592,2.259224,-0.020278204,0.02370157,0.08745003,-0.094389334,-0.09459626,-0.00020692497,-0.06228093,-0.0623607,-7.976964e-05,0.00045315764,0.0002968315,-0.00015632613,-1.8841251,-1.8924019,-0.00827682,0.010995295,0.00474225,-0.006253045
76.74954,1.9999999,0.0,-1.8837937,-1.2451831,0.016577695,-0.35396448,-0.23483506,0.013222488,2.2545393,-0.025337841,-0.0018746847,-0.32172254,-0.094045565,-0.09418181,-0.00013624877,-0.06218226,-0.062283624,-0.00010136515,0.0009805046,0.0007380826,-0.00024242193,-1.8780288,-1.8834786,-0.005449891,0.022642486,0.012945611,-0.009696875
76.799545,1.9999999,0.0,-1.8780288,-1.2421072,0.022642486,-0.22123198,-0.13562009,0.013900815,2.250712,-0.016702525,-0.013053451,-0.069976464,-0.0939019,-0.09385523,4.6670437e-05,-0.06213552,-0.062155217,-1.969561e-05,0.0011849008,0.0009582994,-0.00022660138,-1.8780473,-1.8761804,0.0018669367,0.024753546,0.01568949,-0.009064056
76.89954,1.9999999,0.0,-1.886032,-1.25137,0.020765092,-0.32125887,0.27146384,0.011317903,2.254279,-0.028001402,0.0013304298,0.047077987,-0.094070755,-0.09429088,-0.0002201274,-0.06243602,-0.06262513,-0.00018911436,0.000613047,0.0009185087,0.0003054617,-1.8767984,-1.8856032,-0.008804798,0.0037567865,0.015975256,0.012218469
76.94955,1.9999999,0.0,-1.8767984,-1.2460707,0.0037567865,0.6559938,0.9907457,-0.006723386,2.245645,-0.021568865,-0.0041645323,-0.08701066,-0.094054565,-0.0938895,0.00016506761,-0.06245549,-0.06235025,0.00010523945,0.00016945056,0.00017493218,5.481619e-06,-1.8853843,-1.8787813,0.0066030025,0.003021236,0.0032404996,0.0002192636
76.99954,1.9999999,0.0,-1.8853843,-1.2521489,0.003021236,-0.36752325,0.6438951,0.0045652743,2.2510414,-0.019935248,-0.0073706363,0.03155618,-0.09431668,-0.09433474,-1.8052757e-05,-0.06266918,-0.06266623,2.95043e-06,0.00066850404,0.00019966681,-0.0004688372,-1.887283,-1.8880049,-0.00072193146,0.023718927,0.0049654394,-0.018753488
77.049545,1.9999999,0.0,-1.887283,-1.2546184,0.023718927,0.1391605,0.10400333,0.014957806,2.253687,-0.021684363,-0.0010089142,0.107167855,-0.09408559,-0.09436027,-0.00027468055,-0.0626161,-0.062754676,-0.00013857335,0.0004937978,0.0010874557,0.00059365784,-1.8761406,-1.8871278,-0.010987163,-0.003967014,0.019779298,0.023746312
77.09955,1.9999999,0.0,-1.8761406,-1.2500255,-0.003967014,0.6387322,0.10638032,0.007947838,2.2434292,-0.028799823,0.0033461489,0.12616476,-0.09406506,-0.09380364,0.00026142597,-0.06268697,-0.062479384,0.00020758808,0.00021151341,-7.348247e-05,-0.00028499588,-1.886462,-1.8760048,0.010457158,0.012427551,0.0010277145,-0.011399836
77.14954,1.9999999,0.0,-1.886462,-1.2574534,0.012427551,0.36068118,0.40901402,-0.004495711,2.254709,-0.018490558,0.011607562,-0.0130426,-0.094507515,-0.094326474,0.00018104166,-0.063053966,-0.0628571,0.00019686669,0.0004618421,0.0006659074,0.00020406529,-1.8938385,-1.8865969,0.0072416067,0.006046134,0.014208745,0.008162611
77.19955,1.9999999,0.0,-1.8938385,-1.2647053,0.006046134,0.0863754,0.010901257,0.009498988,2.248494,-0.018213362,0.002041889,-0.107016124,-0.0941211,-0.09468913,-0.00056803226,-0.06290424,-0.0632221,-0.00031786412,0.00060685613,0.00036190153,-0.0002449546,-1.8710054,-1.8937265,-0.022721052,0.018228112,0.008429926,-0.009798186
77.24954,1.9999999,0.0,-1.8710054,-1.2514644,0.018228112,-1.2373418,0.22271748,0.019363526,2.2490716,-0.026686108,0.0009059502,0.011251134,-0.09355641,-0.093554,2.413988e-06,-0.06262344,-0.06263456,-1.1116266e-05,0.001405736,0.0009021897,-0.00050354627,-1.8712509,-1.8711542,9.6678734e-05,0.038001325,0.017859478,-0.020141847
77.299545,1.9999999,0.0,-1.8712509,-1.2534734,0.038001325,0.023470033,0.14068685,0.023284275,2.2405615,-0.022215128,0.0031670022,-0.111297645,-0.09347262,-0.093534164,-6.1541796e-05,-0.0626961,-0.06274112,-4.502386e-05,0.0010634594,0.001673683,0.0006102235,-1.867654,-1.8701155,-0.0024615526,0.004537053,0.028945994,0.02440894
77.34955,1.9999999,0.0,-1.867654,-1.2543707,0.004537053,0.36893722,0.6038106,-0.020556195,2.2520747,-0.020411529,-0.010223814,0.044391315,-0.09324123,-0.093372725,-0.0001314953,-0.06261089,-0.06273575,-0.00012486428,-0.00026981093,0.000118178876,0.0003879898,-1.8619952,-1.8672547,-0.005259514,-0.01532949,0.00019010156,0.015519592
77.39954,1.9999999,0.0,-1.8619952,-1.250065,-0.01532949,0.25095713,-0.05385443,-0.01950923,2.2389553,-0.025184266,0.007606134,0.06675146,-0.09337923,-0.09307916,0.00030007213,-0.06264147,-0.06247602,0.00016545132,-0.00031192115,-0.0006053384,-0.00029341728,-1.873174,-1.861171,0.012002945,0.0028526448,-0.008884046,-0.011736691
77.44955,1.9999999,0.0,-1.873174,-1.255594,0.0028526448,1.0653243,0.46890402,0.013614706,2.2446744,-0.018176794,-0.0035486685,-0.18393151,-0.09352901,-0.09366315,-0.00013414025,-0.06270793,-0.06276147,-5.3539872e-05,0.0006805547,0.0003011983,-0.0003793564,-1.8679864,-1.873352,-0.00536561,0.024369543,0.009195287,-0.015174257
77.49954,1.9999999,0.0,-1.8679864,-1.2527232,0.024369543,-1.1742705,-0.23679152,0.025519017,2.2459288,-0.028095787,-0.010787017,0.095588975,-0.09328762,-0.093374,-8.638203e-05,-0.06275749,-0.06265356,0.0001039356,0.0007448107,0.0012041853,0.00045937463,-1.8635181,-1.8669734,-0.0034552813,0.005422884,0.023797868,0.018374983
77.549545,1.9999999,0.0,-1.8635181,-1.2575766,0.005422884,-1.9456527,-0.38495252,0.0075034867,2.2465918,-0.031557992,0.0060102292,0.19022861,-0.09329504,-0.09311932,0.0001757145,-0.062950484,-0.06291878,3.170222e-05,-0.000449063,0.0003710434,0.00082010636,-1.8682833,-1.8612547,0.0070285797,-0.023385404,0.009418849,0.03280425
77.59955,1.9999999,0.0,-1.8682833,-1.2604426,-0.023385404,-0.7757386,0.3219968,0.024053905,2.2436407,-0.024424173,0.008235844,-0.1497946,-0.09318799,-0.093424454,-0.00023646653,-0.06288012,-0.06307482,-0.00019469857,-0.00082179194,-0.00072168297,0.00010010897,-1.8592362,-1.8686949,-0.009458661,-0.009486273,-0.00548191,0.004004363
77.64954,1.9999999,0.0,-1.8592362,-1.254762,-0.009486273,0.64277166,0.46695337,-0.0013367923,2.2382317,-0.016265437,-0.008969231,-0.2056389,-0.09312428,-0.09300365,0.0001206249,-0.0628763,-0.06276833,0.00010796636,0.00041071203,-0.00025869496,-0.00066940696,-1.8657349,-1.86091,0.004824877,0.025914755,-0.0008615218,-0.026776277
77.69955,1.9999999,0.0,-1.8657349,-1.2602899,0.025914755,0.10127586,0.64969945,0.010382243,2.2371776,-0.022037148,-0.012328046,-0.10873422,-0.09329586,-0.09330324,-7.3835254e-06,-0.0630443,-0.06305664,-1.23381615e-05,0.0008399098,0.00117715,0.0003372403,-1.8660992,-1.8663946,-0.00029540062,0.007681636,0.021171246,0.01348961
77.74954,1.9999999,0.0,-1.8660992,-1.2614821,0.007681636,-0.43354684,-0.29661205,0.018373404,2.2451313,-0.027636992,-0.019842653,-0.04531079,-0.093323804,-0.09328615,3.7655234e-05,-0.0631826,-0.063113965,6.863475e-05,0.00045876572,0.00038777274,-7.099297e-05,-1.866853,-1.8653467,0.0015063286,0.010668993,0.007829279,-0.0028397143
77.799545,1.9999999,0.0,-1.866853,-1.2658218,0.010668993,0.2528914,-0.29847357,0.007893477,2.2418294,-0.025625067,-0.016859125,0.21461296,-0.09315755,-0.093290105,-0.00013255328,-0.06321561,-0.06325963,-4.401803e-05,0.00021633695,0.00053600466,0.0003196677,-1.8594489,-1.8647512,-0.00530231,-0.0020155148,0.010771193,0.012786707
77.89954,1.9999999,0.0,-1.8559548,-1.2611856,0.0010834301,0.035449922,1.0673505,0.012976371,2.2294233,-0.033456486,0.010627553,0.18371087,-0.09274607,-0.092861846,-0.00011577457,-0.063050315,-0.06311263,-6.2316656e-05,-0.00012533975,0.00025106707,0.00037640682,-1.853888,-1.8585188,-0.004630804,-0.00609702,0.008959252,0.015056273
77.94955,1.9999999,0.0,-1.853888,-1.2608268,-0.00609702,0.19427536,0.619518,0.004744013,2.2308,-0.03449455,0.019989729,0.005850916,-0.09303137,-0.092790954,0.00024041533,-0.06325858,-0.0631171,0.00014147907,0.000117003525,-7.026904e-05,-0.00018727256,-1.8673669,-1.8577499,0.009616971,0.0107771605,0.0032862574,-0.007490903
77.99954,1.9999999,0.0,-1.8673669,-1.2695163,0.0107771605,-0.51264983,-0.8511683,0.0048120697,2.2391672,-0.015364605,0.011212645,0.14274439,-0.09299683,-0.0933358,-0.00033897161,-0.06326448,-0.06344267,-0.00017818809,0.0012200595,0.000558568,-0.0006614915,-1.8525063,-1.866065,-0.013558745,0.03802522,0.011565559,-0.02645966
78.049545,1.9999999,0.0,-1.8525063,-1.2610631,0.03802522,-0.4089774,-0.04405329,0.03540949,2.2330163,-0.016828528,0.03426417,-0.14115846,-0.09289267,-0.092580415,0.00031225383,-0.06332481,-0.063093394,0.00023141503,0.0012935159,0.0017466657,0.00045314978,-1.8632007,-1.85071,0.01249063,0.013715415,0.03184141,0.018125992
78.14954,1.9999999,0.0,-1.8643143,-1.2750082,0.009676347,-0.7061109,0.52079344,0.0012920004,2.242283,-0.037945487,0.0038452921,0.043552022,-0.09307752,-0.09322857,-0.00015105307,-0.063677736,-0.063814685,-0.00013694912,0.00096351583,0.0004795652,-0.00048395063,-1.8587865,-1.8648285,-0.0060420036,0.028864287,0.009506259,-0.019358028
78.19955,1.9999999,0.0,-1.8587865,-1.2721012,0.028864287,1.0063843,0.2907305,-0.00073757773,2.238022,-0.028576853,0.0014520009,-0.14610246,-0.09313591,-0.0929353,0.00020060688,-0.06377795,-0.06362339,0.0001545623,0.0011166021,0.0012398578,0.00012325565,-1.8666499,-1.8586255,0.008024335,0.015799796,0.02073002,0.0049302243
78.24954,1.9999999,0.0,-1.8666499,-1.279017,0.015799796,1.5137409,0.7312254,-0.002165909,2.2435122,-0.012252949,-0.010764954,-0.24633346,-0.09319116,-0.093310244,-0.00011908263,-0.06386255,-0.06393784,-7.529557e-05,0.001013226,0.0006056931,-0.0004075329,-1.8609965,-1.8657598,-0.004763365,0.024729246,0.008427929,-0.016301317
78.299545,1.9999999,0.0,-1.8609965,-1.2754849,0.024729246,-0.8034217,-0.05176745,0.0066297892,2.2363212,-0.017120562,-0.023181345,0.23062712,-0.09279662,-0.093000464,-0.00020384043,-0.06365442,-0.063752286,-9.7863376e-05,0.00103515,0.0010788244,4.3674372e-05,-1.8508683,-1.8590221,-0.008153796,0.016676756,0.018423725,0.0017469693
78.34955,1.9999999,0.0,-1.8508683,-1.270692,0.016676756,-0.6404755,0.004361984,0.019285789,2.231405,-0.02623734,0.012297758,0.2303227,-0.09271724,-0.09252227,0.0001949668,-0.06370385,-0.06352516,0.00017868727,0.00077448454,0.0008122094,3.772485e-05,-1.8578212,-1.8500223,0.00779891,0.014302626,0.015811618,0.0015089922
78.39954,1.9999999,0.0,-1.8578212,-1.2774621,0.014302626,0.2488258,0.5690611,0.02200172,2.2212708,-0.031081762,-0.00014907414,-0.07473266,-0.09264334,-0.09291913,-0.0002757907,-0.063806914,-0.06390267,-9.575486e-05,0.0007607817,0.0007742513,1.3469602e-05,-1.8479125,-1.858944,-0.011031508,0.01612864,0.01666743,0.00053878874
78.59955,1.9999999,0.0,-1.8545046,-1.2816622,0.00422508,0.54851323,0.23702854,0.003849728,2.2313423,-0.026471324,0.025583712,-0.057937287,-0.09269011,-0.0927477,-5.7592988e-05,-0.06410657,-0.0641098,-3.233552e-06,0.00045065116,0.00027398934,-0.00017666182,-1.8530998,-1.8554034,-0.0023036003,0.013800967,0.0067344904,-0.007066476
78.64954,1.9999999,0.0,-1.8530998,-1.2826005,0.013800967,0.58126056,-0.11462056,0.014009562,2.2307944,-0.0226755,-0.0036350088,-0.26576492,-0.09234891,-0.09262468,-0.00027576834,-0.06397659,-0.06416235,-0.00018575788,0.000607595,0.0006978411,9.024609e-05,-1.8408567,-1.8518871,-0.011030436,0.010502833,0.014112677,0.0036098445
78.69955,1.9999999,0.0,-1.8408567,-1.2764633,0.010502833,0.7167306,-0.10148303,0.0016598069,2.2294264,-0.029143231,-0.0009927806,-0.08914486,-0.09218707,-0.09198697,0.00020010024,-0.06397905,-0.06385837,0.000120684505,0.0009333688,0.0005423822,-0.00039098662,-1.8466262,-1.8386217,0.008004427,0.02683192,0.011192452,-0.015639467
78.74954,1.9999999,0.0,-1.8466262,-1.2826989,0.02683192,0.028920917,-0.13773485,0.025436843,2.231468,-0.032545727,-0.012549495,-0.11911116,-0.092503466,-0.09226942,0.00023404509,-0.06426054,-0.06423176,2.8781593e-05,0.0006767144,0.001328152,0.0006514376,-1.8535125,-1.8441505,0.009361982,0.0002366585,0.026294159,0.0260575
78.799545,1.9999999,0.0,-1.8535125,-1.2877228,0.0002366585,0.3643883,-0.24621324,0.0022639486,2.2295144,-0.032251548,-0.012903896,-0.056876607,-0.092423394,-0.09261749,-0.00019409508,-0.064225756,-0.06448716,-0.00026140362,0.00027420314,0.00017286483,-0.0001013383,-1.8434234,-1.8511871,-0.0077637434,0.010731466,0.006677933,-0.004053533
78.84955,1.9999999,0.0,-1.8434234,-1.2813076,0.010731466,-0.6873305,0.2665281,0.05101861,2.231546,-0.025504725,-0.018237157,0.017799385,-0.092215195,-0.09219735,1.784414e-05,-0.064218014,-0.064230986,-1.2971461e-05,0.0012637428,0.0007154182,-0.0005483246,-1.8451844,-1.8444704,0.00071406364,0.039818246,0.01788526,-0.021932986
78.99954,1.9999999,0.0,-1.8437179,-1.2910336,-0.019370785,1.4684455,0.4054366,-0.021641787,2.2388597,-0.038017225,0.0032526385,-0.0013187543,-0.092114404,-0.09220326,-8.8855624e-05,-0.06446579,-0.06459623,-0.00013043731,-0.0010371152,-0.00070171617,0.00033539906,-1.8408581,-1.8444123,-0.003554225,-0.022113824,-0.008697864,0.013415961
79.049545,1.9999999,0.0,-1.8408581,-1.2875981,-0.022113824,0.0035888464,0.34825075,-0.024060147,2.2428236,-0.026545824,-0.00047553674,-0.21307607,-0.09183592,-0.09207406,-0.00023813546,-0.064274535,-0.06441897,-0.00014443696,-0.00021364247,-0.00072969793,-0.00051605544,-1.8325788,-1.8421043,-0.0095255375,0.013568125,-0.0070740916,-0.020642217
79.09955,1.9999999,0.0,-1.8325788,-1.2833835,0.013568125,-1.555443,0.75253266,0.01800164,2.2394736,-0.02801736,-0.018054968,-0.2668915,-0.09194356,-0.09168451,0.00025904924,-0.064506985,-0.06426216,0.00024482608,0.0013407532,0.0008503512,-0.000490402,-1.8451638,-1.8348013,0.010362506,0.040062003,0.02044592,-0.019616082
79.14954,1.9999999,0.0,-1.8451638,-1.2968959,0.040062003,0.5347958,-0.9054209,0.052433386,2.2422302,-0.033421684,-0.027164688,0.17798932,-0.09212264,-0.09218938,-6.67423e-05,-0.064831585,-0.06490504,-7.3455274e-05,0.0022812882,0.0018800506,-0.0004012375,-1.8397417,-1.8424113,-0.0026695728,0.051189527,0.035140023,-0.016049504
79.19955,1.9999999,0.0,-1.8397417,-1.2963675,0.051189527,-0.035878997,0.1107285,0.018428003,2.229795,-0.02057421,-0.0002560359,0.4136869,-0.09219221,-0.0918949,0.00029730797,-0.065036096,-0.0647986,0.0002374947,0.0013176848,0.002206607,0.00088892225,-1.8479466,-1.8360542,0.011892438,0.0015178643,0.037074752,0.035556886
79.24954,1.9999999,0.0,-1.8479466,-1.3050764,0.0015178643,0.5792592,0.27551866,0.0073729916,2.244312,-0.03134547,0.014204002,0.1535471,-0.09211873,-0.09241093,-0.00029219687,-0.06505132,-0.065231204,-0.00017988682,0.0001255011,0.00017930008,5.3798984e-05,-1.8368026,-1.8484905,-0.011687875,0.0035021796,0.0056541376,0.002151958
79.299545,1.9999999,0.0,-1.8368026,-1.2969763,0.0035021796,0.6599342,0.77777976,0.0021667369,2.244144,-0.03336094,0.015098673,-0.3579281,-0.09214008,-0.091903366,0.0002367124,-0.0650722,-0.0648899,0.0001823008,0.00030035086,0.00034163726,4.1286403e-05,-1.8488005,-1.8393319,0.009468675,0.008511855,0.010163311,0.0016514556
79.34955,1.9999999,0.0,-1.8488005,-1.3059117,0.008511855,0.0042100814,0.43461016,0.0013207569,2.2532659,-0.030412523,-0.02158881,-0.24729556,-0.09217733,-0.092458755,-0.00028142333,-0.06513125,-0.06534765,-0.00021640211,0.00054634426,0.00047782046,-6.8523805e-05,-1.8382928,-1.8495495,-0.011256695,0.013341916,0.0106009655,-0.0027409503
79.39954,1.9999999,0.0,-1.8382928,-1.2993382,0.013341916,-0.25020638,0.58301157,0.0274018,2.24225,-0.02342513,-0.009630883,-0.06632909,-0.09205101,-0.09193548,0.0001155287,-0.06511331,-0.065052174,6.1139464e-05,0.001408081,0.000626334,-0.00078174705,-1.8437475,-1.8391263,0.004621148,0.042981327,0.011711448,-0.03126988
79.49954,1.9999999,0.0,-1.8328598,-1.300974,0.037384022,-0.85394555,0.32404414,0.039205648,2.239228,-0.042408857,-0.020344108,0.06963761,-0.0919136,-0.091640845,0.0002727583,-0.06535777,-0.06517883,0.0001789406,0.0010500506,0.0017072506,0.0006572,-1.8436843,-1.8327739,0.010910392,0.0046180026,0.030906003,0.026288
79.549545,1.9999999,0.0,-1.8436843,-1.3133366,0.0046180026,0.8844749,0.32154015,-0.0034120807,2.2548978,-0.023898143,-0.021257957,0.014282348,-0.09206524,-0.09215522,-8.998066e-05,-0.065614924,-0.0656846,-6.967783e-05,3.8172177e-05,0.0001778597,0.00013968753,-1.8389252,-1.8425243,-0.0035990477,-0.0030911155,0.002496384,0.0055874996
79.59955,1.9999999,0.0,-1.8389252,-1.3112602,-0.0030911155,-0.013247769,0.3660618,-0.01574102,2.2480154,-0.034145385,-0.018915873,0.032193784,-0.09201645,-0.09191328,0.00010316819,-0.06556766,-0.06554019,2.747029e-05,-0.00033835782,2.708845e-06,0.00034106665,-1.8417329,-1.8376061,0.004126787,-0.010443198,0.0031994693,0.013642667
79.64954,1.9999999,0.0,-1.8417329,-1.3114462,-0.010443198,0.23099582,0.62833005,0.017034134,2.253815,-0.033108354,-0.018038578,0.045873962,-0.091953136,-0.09210097,-0.00014783442,-0.06551226,-0.065560535,-4.827231e-05,-0.00010819304,-0.00019757879,-8.938575e-05,-1.8363925,-1.8423059,-0.005913377,0.0061154757,0.0025400482,-0.0035754275
79.69955,1.9999999,0.0,-1.8363925,-1.3090442,0.0061154757,0.17487092,0.3780614,0.025375491,2.2535207,-0.027935956,-0.014328477,-0.058776014,-0.09176871,-0.091836065,-6.735325e-05,-0.06548454,-0.06543751,4.7028065e-05,0.001158741,0.0005202087,-0.0006385323,-1.8343558,-1.83705,-0.00269413,0.040234163,0.014692873,-0.02554129
79.74954,1.9999999,0.0,-1.8343558,-1.3103373,0.040234163,-0.46733126,1.2335941,0.022601416,2.2458017,-0.0186708,-0.02391618,-0.102499984,-0.09179206,-0.091763906,2.8155744e-05,-0.06572349,-0.06558522,0.00013827533,0.0015934949,0.0018255266,0.00023203169,-1.8373268,-1.8362001,0.001126647,0.02350563,0.0327869,0.009281268
79.799545,1.9999999,0.0,-1.8373268,-1.3186024,0.02350563,-1.118593,-0.46951464,0.031097554,2.249048,-0.03650968,-0.024578476,0.24323791,-0.09179098,-0.09178579,5.1930547e-06,-0.065897524,-0.06599734,-9.981543e-05,0.0010668804,0.0011560625,8.918205e-05,-1.8343126,-1.8341048,0.00020778179,0.019169586,0.02273687,0.003567284
79.84955,1.9999999,0.0,-1.8343126,-1.3172987,0.019169586,0.12134954,0.15950242,0.023406869,2.249793,-0.04049352,0.00040761198,0.058443345,-0.0920917,-0.09163066,0.00046104193,-0.06620757,-0.065937005,0.00027056783,0.0011739392,0.0009310927,-0.0002428465,-1.8493555,-1.8309139,0.018441558,0.027787982,0.018074121,-0.00971386
79.89954,1.9999999,0.0,-1.8493555,-1.3310043,0.027787982,-0.022794366,-0.2161495,0.0029257778,2.2524974,-0.032111816,-0.018734142,-0.095309466,-0.09201039,-0.09236657,-0.00035618246,-0.06624794,-0.06658458,-0.00033663958,0.0008410412,0.0012866182,0.00044557697,-1.8310598,-1.8453072,-0.014247417,0.005853667,0.023676744,0.017823078
79.94955,1.9999999,0.0,-1.8310598,-1.3189132,0.005853667,-1.4249352,0.4579454,-0.006792837,2.2383907,-0.030202249,-0.009123335,0.039400343,-0.09130158,-0.091503896,-0.00020231307,-0.065786175,-0.06604218,-0.00025600195,0.00076294556,0.00033897776,-0.0004239678,-1.8210034,-1.8290957,-0.008092284,0.024664156,0.0077054426,-0.016958714
79.99954,1.9999999,0.0,-1.8210034,-1.3125339,0.024664156,-0.3134482,0.26789188,0.010492083,2.2421842,-0.037886783,-0.014794107,0.095378764,-0.09128169,-0.09100683,0.00027485937,-0.065881774,-0.06571363,0.0001681447,0.001388351,0.0011606719,-0.00022767903,-1.830264,-1.8192695,0.010994434,0.030869884,0.021762721,-0.009107163
80.049545,1.9999999,0.0,-1.830264,-1.322737,0.030869884,0.76125085,0.32894513,0.02483273,2.2395499,-0.033491038,0.00041454122,0.45715606,-0.091487296,-0.09146003,2.7269125e-05,-0.06622557,-0.06615357,7.200241e-05,0.0015177255,0.001391676,-0.0001260495,-1.8292278,-1.8281369,0.0010908842,0.029839136,0.024797155,-0.005041981
80.09955,1.9999999,0.0,-1.8292278,-1.326286,0.029839136,-0.54011273,0.80120677,0.025845895,2.2404652,-0.028527226,0.0309215,-0.008875339,-0.0915052,-0.091503076,2.1234155e-06,-0.0663608,-0.06637264,-1.1838973e-05,0.0010354304,0.0013201159,0.00028468552,-1.8309801,-1.8308948,8.523464e-05,0.011578077,0.022965498,0.011387421
80.14954,1.9999999,0.0,-1.8309801,-1.3281462,0.011578077,-1.2185651,-0.023407353,0.032749966,2.2409925,-0.035766553,-0.00047299275,-0.30894646,-0.091684155,-0.09154403,0.00014012307,-0.06654712,-0.06653437,1.2747943e-05,0.0012826604,0.00055854715,-0.00072411326,-1.8363861,-1.8307811,0.0056049824,0.03972834,0.010763805,-0.028964534
80.19955,1.9999999,0.0,-1.8363861,-1.3337386,0.03972834,-0.6618066,-0.03853863,0.026409844,2.2415936,-0.030714748,2.6853815e-05,0.08370382,-0.09202567,-0.09177398,0.00025168806,-0.066892944,-0.0667962,9.674579e-05,0.0014784147,0.0016779666,0.00019955181,-1.8446406,-1.8345729,0.010067701,0.01940825,0.02739032,0.00798207
80.24954,1.9999999,0.0,-1.8446406,-1.341979,0.01940825,-0.0650726,0.34437698,0.008339147,2.2512684,-0.027588028,0.00789739,-0.04582163,-0.092307925,-0.09221288,9.504706e-05,-0.067152,-0.06716222,-1.0222197e-05,0.0006281138,0.00077106955,0.00014295575,-1.8476764,-1.8438742,0.0038021803,0.0057163034,0.011434529,0.0057182256
80.299545,1.9999999,0.0,-1.8476764,-1.344101,0.0057163034,-1.5767282,1.995404,-0.007891854,2.233728,-0.033647336,-0.004555309,-0.14848368,-0.09185422,-0.09243957,-0.0005853474,-0.06687791,-0.06727766,-0.00039975345,0.00034170924,0.00031106136,-3.0647876e-05,-1.8264924,-1.8499061,-0.023413658,0.007952066,0.0067261495,-0.0012259167
80.34955,1.9999999,0.0,-1.8264924,-1.3310153,0.007952066,-1.7241232,0.94875205,0.01241723,2.2439554,-0.03804362,-0.0069509787,0.56746876,-0.09077643,-0.09127676,-0.00050032884,-0.06621451,-0.066585734,-0.00037122518,0.00052980956,0.0004501613,-7.964828e-05,-1.8045646,-1.8245778,-0.020013213,0.013240317,0.01005438,-0.0031859372
80.39954,1.9999999,0.0,-1.8045646,-1.3175651,0.013240317,0.0924287,-0.44898123,0.024023125,2.2348382,-0.04337408,0.052191567,0.023956696,-0.09049561,-0.09014922,0.0003463924,-0.06608021,-0.065917715,0.00016249716,0.0005421186,0.00043774713,-0.00010437149,-1.8152597,-1.801404,0.013855696,0.0084444275,0.0042695627,-0.004174865
80.549545,1.9999999,0.0,-1.8224525,-1.3382955,0.05008565,2.0361743,-0.51798606,0.019514168,2.2405841,-0.032392018,-0.019705225,-0.14806771,-0.09111324,-0.09108138,3.1858683e-05,-0.0669938,-0.06684949,0.0001443103,0.0015701042,0.0020680777,0.0004979735,-1.822077,-1.8208028,0.0012742281,0.012718519,0.032637455,0.019918935
80.59955,1.9999999,0.0,-1.822077,-1.3414567,0.012718519,-0.5335588,-0.2009314,-0.009951341,2.2374845,-0.026397381,-0.01936208,0.27077505,-0.09071855,-0.09101849,-0.00029993802,-0.06678594,-0.06700646,-0.00022052228,0.0006273329,0.00049588643,-0.00013144646,-1.806665,-1.8186623,-0.011997342,0.012374796,0.00711694,-0.005257856
80.64954,1.9999999,0.0,-1.806665,-1.3299807,0.012374796,-2.0190039,-0.17137179,0.0152644105,2.2346015,-0.03402088,0.0073722797,0.41157377,-0.0903565,-0.090251304,0.00010519475,-0.06653538,-0.066509105,2.6278198e-05,0.00093884487,0.0007378271,-0.00020101777,-1.8075951,-1.8033873,0.0042078495,0.025178999,0.017138287,-0.008040711
80.69955,1.9999999,0.0,-1.8075951,-1.3314345,0.025178999,-0.0857846,-0.19565822,0.03238434,2.2317474,-0.036045734,0.021795297,-0.10972035,-0.0905455,-0.09035628,0.00018921494,-0.06674931,-0.066618584,0.00013072789,0.0012906963,0.001272517,-1.81793e-05,-1.8142248,-1.8066558,0.0075690746,0.026448853,0.025721679,-0.0007271748
80.74954,1.9999999,0.0,-1.8142248,-1.3385378,0.026448853,1.3103296,-0.09909742,0.030758027,2.2183776,-0.036812015,-0.0035997552,-0.11181211,-0.09062283,-0.09068481,-6.198138e-05,-0.06693537,-0.06695193,-1.656264e-05,0.0018449277,0.0012730826,-0.0005718451,-1.8106883,-1.8131675,-0.0024791956,0.047348253,0.02447445,-0.022873804
80.799545,1.9999999,0.0,-1.8106883,-1.338877,0.047348253,0.08808444,0.51315063,0.026432572,2.2413132,-0.036264576,0.010614086,0.037168354,-0.09048224,-0.09054692,-6.467849e-05,-0.066997424,-0.06700837,-1.0944903e-05,0.0013762456,0.00207611,0.00069986447,-1.8086016,-1.8111886,-0.0025869608,0.0077015692,0.03569615,0.02799458
80.84955,1.9999999,0.0,-1.8086016,-1.34102,0.0077015692,-0.81283355,0.6089549,0.02388436,2.2404196,-0.034334768,0.00011708,-0.011867501,-0.09044218,-0.09048893,-4.6752393e-05,-0.06710747,-0.067186646,-7.917732e-05,0.00056850474,0.00037918743,-0.0001893173,-1.8090857,-1.8109558,-0.0018700361,0.01503862,0.007465929,-0.007572691
80.89954,1.9999999,0.0,-1.8090857,-1.3432788,0.01503862,-0.6635638,0.27937782,0.01404209,2.2433991,-0.022269718,0.009427336,-0.2457716,-0.09065812,-0.09047544,0.00018268079,-0.06734627,-0.06731349,3.2775104e-05,0.00038728246,0.000659967,0.00027268456,-1.817239,-1.8099319,0.007307172,0.00045267868,0.01136006,0.010907382
80.94955,1.9999999,0.0,-1.817239,-1.3505718,0.00045267868,-1.3918024,0.25558642,0.018553354,2.2414634,-0.031126602,-0.024460081,-0.54743445,-0.09067308,-0.09086318,-0.00019010156,-0.06743988,-0.06769314,-0.00025326014,0.00021864803,7.2659925e-05,-0.0001459881,-1.8096844,-1.8172883,-0.0076038837,0.008293243,0.0024537183,-0.005839525
80.99954,1.9999999,0.0,-1.8096844,-1.3470232,0.008293243,-0.5623132,-0.5583852,0.020375805,2.23886,-0.03591263,-0.045316108,0.18787527,-0.09036352,-0.0904307,-6.7181885e-05,-0.06735508,-0.067427844,-7.276237e-05,0.00046840232,0.00039081855,-7.758377e-05,-1.8048563,-1.8075436,-0.002687335,0.01044285,0.007339496,-0.003103354
81.049545,1.9999999,0.0,-1.8048563,-1.34718,0.01044285,-0.8601111,0.014296103,0.008647418,2.2372656,-0.032859527,-0.0056725526,0.63460135,-0.09001851,-0.090161055,-0.00014254451,-0.06719777,-0.06735663,-0.00015886128,0.0003378872,0.0005079342,0.00017004699,-1.7958843,-1.8015859,-0.005701661,0.0030726378,0.009874519,0.006801881
81.09955,1.9999999,0.0,-1.7958843,-1.3407309,0.0030726378,-0.95590365,0.33558664,0.010951769,2.235508,-0.041427568,0.01814403,0.2417168,-0.08991393,-0.0897473,0.00016662478,-0.06717167,-0.06700849,0.00016318262,0.00050762336,0.0004412424,-6.638098e-05,-1.8006728,-1.7940077,0.0066651106,0.017232297,0.014577057,-0.0026552398
81.299545,1.9999999,0.0,-1.810591,-1.364234,0.016804874,0.0918148,-0.32671192,0.011357788,2.2418013,-0.037388794,-0.036355224,-0.16987213,-0.090342745,-0.09046747,-0.00012472272,-0.06807307,-0.06820706,-0.00013399124,0.0006302521,0.000989111,0.0003588589,-1.8031187,-1.8081075,-0.0049887896,0.00840521,0.022759564,0.014354354
81.34955,1.9999999,0.0,-1.8031187,-1.358689,0.00840521,0.40733686,0.057563763,0.0078134015,2.2430556,-0.025593797,-0.010629055,0.384002,-0.0901417,-0.09008628,5.541742e-05,-0.06800669,-0.067872815,0.00013387203,0.0006047043,0.00045773928,-0.00014696503,-1.8025491,-1.8003327,0.0022164583,0.015782962,0.009904359,-0.005878603
81.39954,1.9999999,0.0,-1.8025491,-1.3615785,0.015782962,-0.6658627,0.56963456,0.015555557,2.2402775,-0.024823518,0.002044976,-0.17228942,-0.09025187,-0.090152584,9.928644e-05,-0.068198465,-0.06811494,8.352846e-05,0.00058458233,0.00081509707,0.00023051474,-1.8075258,-1.8035544,0.0039713383,0.007600332,0.016820919,0.009220587
81.59955,1.9999999,0.0,-1.799106,-1.3693389,0.031610705,0.35287067,0.1590991,0.027491448,2.2471678,-0.027740592,-0.0075656325,0.20133908,-0.09032669,-0.08994351,0.0003831759,-0.06878983,-0.06846919,0.0003206432,0.0006747581,0.0014357755,0.00076101744,-1.8139617,-1.7986343,0.015327454,-0.004620381,0.025820315,0.030440696
81.64954,1.9999999,0.0,-1.8139617,-1.3822545,-0.004620381,0.72899646,0.27280837,-0.0007988183,2.2265372,-0.0041605122,0.007877437,0.098487854,-0.09013018,-0.09069999,-0.00056981295,-0.068699,-0.06910364,-0.00040464103,-3.1063046e-05,-0.00019994994,-0.0001688869,-1.7912456,-1.8140378,-0.02279222,0.0033778592,-0.0033776164,-0.006755476
81.69955,1.9999999,0.0,-1.7912456,-1.3657055,0.0033778592,-0.3375194,1.0533819,-0.011690307,2.2418494,-0.018546214,0.002283153,-0.2767611,-0.08959302,-0.08962835,-3.5330653e-05,-0.068319365,-0.06834928,-2.9914081e-05,0.00012933064,0.00023659598,0.00010726534,-1.7924752,-1.7938882,-0.0014129877,0.0017953668,0.0060859844,0.0042906175
81.99954,1.9999999,0.0,-1.7931603,-1.3806827,0.028400382,1.1430264,0.34571096,0.00854803,2.2448254,-0.035121385,0.009198587,0.064135514,-0.089601904,-0.08964121,-3.9309263e-05,-0.06900884,-0.06904798,-3.91379e-05,0.00065835187,0.001258108,0.0005997561,-1.7909158,-1.7924882,-0.0015723705,-0.002066307,0.021923935,0.023990242
82.19955,1.9999999,0.0,-1.7838471,-1.379637,0.008914616,0.01620641,0.015407808,0.015909972,2.245347,-0.02450746,0.0007781654,0.029363176,-0.089460075,-0.08917753,0.00028254837,-0.06927779,-0.068977855,0.00029993802,0.0006438364,0.0004266862,-0.0002171502,-1.794556,-1.7832538,0.011302233,0.01683884,0.008152831,-0.008686008
82.24954,1.9999999,0.0,-1.794556,-1.3914746,0.01683884,-0.879231,-0.17899276,0.007831331,2.246235,-0.028436607,0.013376421,0.15825945,-0.089144744,-0.08968502,-0.00054027885,-0.06916474,-0.06955695,-0.00039221346,0.0009643525,0.0008079039,-0.00015644863,-1.7712339,-1.7928448,-0.021610856,0.021735262,0.015477318,-0.006257944
82.299545,1.9999999,0.0,-1.7712339,-1.375115,0.021735262,0.9585523,1.4803132,0.007892432,2.235263,-0.033863988,0.01660411,-0.12898387,-0.08870012,-0.08863842,6.170571e-05,-0.0689169,-0.06878309,0.00013381243,0.0009703908,0.0010371882,6.6797424e-05,-1.7767711,-1.7743026,0.0024684668,0.01708037,0.019752268,0.0026718974
82.34955,1.9999999,0.0,-1.7767711,-1.381561,0.01708037,0.99476504,-0.38565,0.011266983,2.243169,-0.033688974,0.0004780343,-0.23061833,-0.0892618,-0.08880746,0.0004543364,-0.06948718,-0.06907286,0.00041431934,0.00078110007,0.00080409425,2.299418e-05,-1.793701,-1.7755274,0.018173695,0.014163631,0.015083399,0.00091976766
82.39954,1.9999999,0.0,-1.793701,-1.397926,0.014163631,-0.03464156,0.5026839,0.011223323,2.241061,-0.028538238,-0.0064577223,-0.08668385,-0.0891706,-0.08966513,-0.0004945323,-0.06953195,-0.069934666,-0.00040271878,0.00080097624,0.00064455514,-0.0001564211,-1.7731229,-1.7929039,-0.019780993,0.017875418,0.011618573,-0.006256845
82.44955,1.9999999,0.0,-1.7731229,-1.3833519,0.017875418,-0.2408444,0.37945068,0.024699489,2.2422442,-0.02901548,-0.008190351,-0.10898268,-0.08872596,-0.088652395,7.356703e-05,-0.069287576,-0.0692649,2.2672117e-05,0.0011096639,0.0008258302,-0.00028383365,-1.7759156,-1.772973,0.0029426813,0.026511135,0.015157789,-0.011353346
82.549545,1.9999999,0.009175171,-1.8062435,-1.4136554,0.039826375,2.0708978,-1.3180237,0.017663158,2.2475777,-0.018492306,-0.0038661817,-0.11013833,-0.08987315,-0.09016402,-0.00029087067,-0.07032984,-0.07072012,-0.00039028376,0.001685325,0.0018762102,0.00019088516,-1.7886823,-1.8003172,-0.011634827,0.027586628,0.035222035,0.007635407
82.59955,1.9999999,0.053121824,-1.7886823,-1.399538,0.027586628,0.46903747,-1.9199775,-0.0032823975,2.244629,0.0039053583,-0.028369823,-0.15797837,-0.08953334,-0.08921684,0.0003164932,-0.07009029,-0.07014256,-5.2273273e-05,0.0018810778,0.0016053256,-0.00027575216,-1.792651,-1.779991,0.012660027,0.04765648,0.036626395,-0.011030085
82.64954,1.9999999,0.08244139,-1.792651,-1.4040735,0.04765648,-1.5961888,1.5660236,0.10055131,2.2299643,-0.008343199,-0.01966402,0.015866261,-0.09017128,-0.08972528,0.0004459992,-0.07088048,-0.07054676,0.00033371896,0.0035458088,0.002504242,-0.001041567,-1.8142,-1.7963599,0.017840147,0.094175875,0.052513193,-0.04166268
82.69955,1.9999999,0.3315378,-1.8142,-1.4311458,0.094175875,0.8644233,1.2429557,0.10192984,2.2500117,-0.03966845,-0.026783196,0.08402893,-0.09170347,-0.09087535,0.00082811713,-0.07282402,-0.071935944,0.0008880794,0.0039235014,0.0047746166,0.0008511152,-1.8539387,-1.8208139,0.033124804,0.06276419,0.09680879,0.0340446
82.74954,1.9999999,0.36816004,-1.8539387,-1.4818152,0.06276419,-0.61660755,2.705376,0.035725676,2.2987669,-0.05178677,-0.011261127,0.20201035,-0.094101526,-0.09276839,0.0013331324,-0.07538597,-0.07430324,0.0010827333,0.0024967892,0.0034982457,0.0010014565,-1.9101223,-1.856797,0.053325295,0.03710738,0.07716563,0.040058255
82.799545,1.9999999,0.39013335,-1.9101223,-1.5336237,0.03710738,-1.266233,1.6630977,0.07665731,2.322812,-0.06207222,-0.0065821614,0.0856498,-0.09432179,-0.09512996,-0.0008081719,-0.07607986,-0.07660332,-0.0005234629,0.0035986549,0.0034240955,-0.00017455942,-1.8627492,-1.8950758,-0.03232658,0.10683882,0.09985643,-0.0069823936
82.84955,1.9999999,0.4194529,-1.8627492,-1.5095706,0.10683882,-0.4147815,0.067791685,0.12969549,2.3675325,-0.038138982,-0.0026961465,0.06958833,-0.09236332,-0.0926375,-0.00027418137,-0.075389616,-0.07542514,-3.552437e-05,0.0068439213,0.0066510453,-0.00019287597,-1.8317838,-1.8427508,-0.010967016,0.16691804,0.159203,-0.0077150464
82.89954,1.9999999,0.4341018,-1.8317838,-1.5060139,0.16691804,-1.2700201,-0.7373756,0.15527262,2.3772464,-0.04865759,0.0003766717,-0.009824433,-0.090706185,-0.09106952,-0.000363335,-0.07501122,-0.07544609,-0.00043486804,0.0083153285,0.008691787,0.00037645828,-1.7964637,-1.810997,-0.014533281,0.16569512,0.18075341,0.015058294
82.94955,1.9999999,0.47072402,-1.7964637,-1.494435,0.16569512,-0.7459187,-0.10447794,0.162028,2.3453887,-0.05439663,-0.0036785898,0.0110060265,-0.0898116,-0.08927811,0.0005334914,-0.07531475,-0.074961066,0.0003536865,0.008640715,0.008676981,3.62657e-05,-1.7960002,-1.7746606,0.021339655,0.17993347,0.1813841,0.001450628
82.99954,1.9999999,0.49269733,-1.7960002,-1.5181553,0.17993347,-0.26900753,0.2703798,0.15100525,2.3515797,-0.053162023,0.0014772743,-0.15969984,-0.08897494,-0.08934053,-0.00036559254,-0.07602196,-0.076194674,-0.00017271191,0.009296731,0.009273124,-2.3607165e-05,-1.7629974,-1.7776208,-0.014623404,0.19193578,0.19099149,-0.0009442866
83.049545,1.9999999,0.49999997,-1.7629974,-1.5227232,0.19193578,-0.4715488,0.06312001,0.16294725,2.3324578,-0.044348925,-0.019648574,-0.16202468,-0.08785786,-0.08774383,0.000114023685,-0.07639132,-0.07646761,-7.6293945e-05,0.009738428,0.009958977,0.0002205493,-1.751317,-1.746756,0.0045610666,0.19760132,0.2064233,0.008821979
83.09955,1.9999999,0.4853729,-1.751317,-1.5329294,0.19760132,-1.2849633,-0.22748789,0.19980139,2.3213875,-0.05274401,-0.014725194,0.33171728,-0.087267205,-0.087080315,0.00018689036,-0.07679569,-0.07701169,-0.00021599978,0.010293202,0.010282479,-1.0722317e-05,-1.7393713,-1.7318953,0.007475972,0.21412675,0.21369785,-0.00042890012
83.14954,1.9999999,0.47072402,-1.7393713,-1.5388982,0.21412675,-0.011297168,0.6629699,0.1973117,2.3085754,-0.056358,0.013523154,-0.09346286,-0.08651495,-0.08663344,-0.00011848658,-0.077318445,-0.07726478,5.3666532e-05,0.010279373,0.010512455,0.0002330821,-1.7212267,-1.7259659,-0.0047391653,0.19704819,0.20637143,0.009323239
83.19955,1.9999999,0.45607513,-1.7212267,-1.5538396,0.19704819,0.5900764,0.24596088,0.20864043,2.3033967,-0.040572047,-0.02407148,-0.26551914,-0.08510962,-0.08577023,-0.0006606057,-0.077979304,-0.078065485,-8.6180866e-05,0.010052627,0.010092973,4.0345825e-05,-1.6831582,-1.7095824,-0.026424289,0.20505689,0.2066707,0.0016138107
83.24954,1.9999999,0.44875067,-1.6831582,-1.5653325,0.20505689,-0.10079595,0.71996564,0.20906843,2.3046734,-0.042098593,-0.0130287595,-0.078881465,-0.08409171,-0.083853625,0.0002380833,-0.078907244,-0.07867362,0.0002336204,0.010503954,0.010321243,-0.00018271152,-1.6805102,-1.670987,0.009523153,0.21510129,0.20779279,-0.007308498
83.299545,1.9999999,0.41212848,-1.6805102,-1.5909572,0.21510129,-0.4048516,0.5522864,0.21119905,2.2946942,-0.03990419,-0.031959627,-0.14100923,-0.08368397,-0.08369675,-1.2785196e-05,-0.07968586,-0.07999988,-0.00031401962,0.01084456,0.010841497,-3.06312e-06,-1.6668485,-1.6673601,-0.00051152706,0.21868111,0.2185586,-0.00012251735
83.34955,1.9999999,0.41212848,-1.6668485,-1.5964772,0.21868111,-0.24206029,-0.25038797,0.21719615,2.3085284,-0.041166488,-0.027129682,-0.23671138,-0.08273926,-0.08297526,-0.00023600459,-0.08021344,-0.0803152,-0.00010176003,0.010904524,0.011041194,0.00013667066,-1.6427219,-1.6521617,-0.009439826,0.21749985,0.22296664,0.005466789
83.39954,1.9999999,0.42677736,-1.6427219,-1.6120604,0.21749985,-0.10532056,0.5635764,0.24438779,2.2992718,-0.044310134,-0.055630766,-0.13817951,-0.08197535,-0.08177253,0.0002028197,-0.081522636,-0.081115514,0.00040712208,0.011607489,0.011070957,-0.0005365312,-1.6362922,-1.6281791,0.008113146,0.24679969,0.22533843,-0.021461263
83.44955,1.9999999,0.42677736,-1.6362922,-1.6488451,0.24679969,-1.118205,0.9955495,0.24130656,2.308155,-0.04169485,-0.04094763,0.19795716,-0.080715135,-0.0813877,-0.0006725639,-0.08287832,-0.08297979,-0.00010146946,0.011836244,0.012285105,0.00044886116,-1.592313,-1.6192158,-0.026902795,0.22665007,0.24460447,0.017954394
83.49954,1.9999999,0.3974578,-1.592313,-1.6662878,0.22665007,-1.0325007,0.40019405,0.24211544,2.3087776,-0.03975474,-0.03583505,-0.02509846,-0.078660995,-0.079179645,-0.0005186498,-0.08373995,-0.083788596,-4.864484e-05,0.011884922,0.011429522,-0.00045539998,-1.5541269,-1.5748727,-0.020745873,0.24874681,0.23053081,-0.018215999
83.64954,1.9999999,0.3315378,-1.5500319,-1.7240096,0.22545111,0.100303866,0.21331015,0.2249756,2.300521,-0.038014427,-0.05559612,-0.05283793,-0.07715828,-0.07708441,7.387251e-05,-0.0864038,-0.086696744,-0.00029294193,0.011084852,0.01131552,0.00023066811,-1.5362992,-1.5333443,0.0029549599,0.21794297,0.22716969,0.0092267245
83.69955,1.9999999,0.30221826,-1.5362992,-1.7321424,0.21794297,-0.5593975,0.33840927,0.24731995,2.307899,-0.04392233,-0.061476335,0.5055572,-0.07591851,-0.07629899,-0.0003804788,-0.08720466,-0.08702388,0.00018078089,0.012094669,0.011076619,-0.0010180501,-1.5004412,-1.5156602,-0.015218973,0.2658438,0.22512177,-0.040722042
83.74954,1.9999999,0.23629826,-1.5004412,-1.7560439,0.2658438,-0.8567546,-0.13251944,0.21986729,2.3046346,-0.041294552,-0.005040401,0.15460716,-0.074589014,-0.07454331,4.570186e-05,-0.088155225,-0.08808111,7.4118376e-05,0.012242362,0.0121731125,-6.924942e-05,-1.4831195,-1.4812913,0.0018281937,0.22385068,0.22108069,-0.0027699918
83.799545,1.9999999,0.20697871,-1.4831195,-1.770165,0.22385068,-0.990076,-0.08679876,0.21421404,2.294754,-0.04562289,-0.04601562,-0.38166198,-0.073661484,-0.073754,-9.251386e-05,-0.08901528,-0.08896357,5.171448e-05,0.011158188,0.010455103,-0.0007030852,-1.4633398,-1.4670403,-0.0037004948,0.22247684,0.19435343,-0.028123409
83.84955,1.9999999,0.19965427,-1.4633398,-1.7904462,0.22247684,-0.4883484,0.34415957,0.22261189,2.2932584,-0.051205244,-0.0432066,0.054360136,-0.07244999,-0.07275323,-0.00030323863,-0.08994149,-0.09004878,-0.00010729581,0.010670311,0.010317849,-0.00035246182,-1.4346596,-1.4467893,-0.012129664,0.20433559,0.1902371,-0.01409848
83.89954,1.9999999,0.19965427,-1.4346596,-1.8072132,0.20433559,0.17396027,0.6642516,0.20244223,2.2984602,-0.04791197,-0.040579606,0.05604937,-0.07156678,-0.071373716,0.0001930669,-0.090590365,-0.0908617,-0.00027133524,0.009971272,0.009407452,-0.0005638199,-1.4280118,-1.420289,0.0077227354,0.19451532,0.1719625,-0.022552818
83.94955,1.9999999,0.14838317,-1.4280118,-1.8164015,0.19451532,-0.25918928,0.5924372,0.17265242,2.3028505,-0.036015987,-0.03760166,0.31303462,-0.07083314,-0.07099909,-0.00016595423,-0.09135519,-0.09124317,0.00011201948,0.008917439,0.008885033,-3.240537e-05,-1.405314,-1.4119519,-0.006637931,0.16218226,0.16088602,-0.0012962371
83.99954,1.9999999,0.1190636,-1.405314,-1.8378061,0.16218226,-1.3413193,-0.21389815,0.16388722,2.3096683,-0.03409781,-0.009276143,-0.21585783,-0.06988658,-0.069886,5.811453e-07,-0.092196584,-0.09232136,-0.00012477487,0.0062666233,0.007159014,0.00089239096,-1.3901492,-1.390126,2.3245811e-05,0.08848267,0.12417831,0.035695642
84.049545,1.9999999,0.10441472,-1.3901492,-1.8500571,0.08848267,-0.58560085,0.26174015,0.11919364,2.301561,-0.03600923,-0.059187446,-0.19148964,-0.069618374,-0.069218755,0.00039961934,-0.09296746,-0.09285491,0.00011254847,0.0034201595,0.0041198605,0.000699701,-1.3945856,-1.3786008,0.015984774,0.048323702,0.07631175,0.02798805
84.09955,1.9999999,0.03847294,-1.3945856,-1.8686411,0.048323702,0.065684795,0.054989707,0.007548952,2.3149962,-0.03124388,-0.028425107,0.42932588,-0.06943662,-0.069464065,-2.7447939e-05,-0.093145974,-0.09366617,-0.00052019954,0.00039854832,0.0021084223,0.001709874,-1.382879,-1.3839769,-0.0010979176,-0.03238177,0.03601319,0.06839496
84.14954,1.9999999,0.0,-1.382879,-1.8571978,-0.03238177,-0.8632593,0.049492978,-0.016579561,2.3113384,-0.034304824,-0.016254859,0.27068985,-0.069236375,-0.068934165,0.00030221045,-0.092956066,-0.092879884,7.618219e-05,-0.0012109802,-0.0011521915,5.878869e-05,-1.386576,-1.3744875,0.012088537,-0.016057441,-0.013705883,0.0023515578
84.19955,1.9999999,0.0,-1.386576,-1.8610449,-0.016057441,-0.51342434,-0.5012138,0.005585088,2.3025255,-0.03375614,-0.0013561231,0.20975047,-0.06882611,-0.06915561,-0.00032950193,-0.0923902,-0.09301545,-0.0006252453,-4.125033e-05,-0.00029246343,-0.0002512131,-1.3664683,-1.3796482,-0.013179898,0.014407428,0.0043589063,-0.010048522
84.24954,1.9999999,0.0,-1.3664683,-1.8345633,0.014407428,0.21765167,0.9566555,0.031619728,2.2929711,-0.03358622,0.004720188,-0.010898418,-0.06873784,-0.068286136,0.00045170635,-0.09244372,-0.09176095,0.0006827712,0.0014296222,0.0009996159,-0.0004300063,-1.3830453,-1.3649771,0.018068194,0.04277746,0.025577206,-0.017200254
84.299545,1.9999999,0.0,-1.3830453,-1.8631858,0.04277746,0.25681078,-0.8619001,0.033031177,2.2960868,-0.031239426,-0.0024459648,0.039737996,-0.06850314,-0.06903064,-0.0005275011,-0.09241092,-0.093161136,-0.00075021386,0.00156477,0.0020087832,0.00044401316,-1.3570805,-1.3781804,-0.021099925,0.019813338,0.037573863,0.017760525
84.34955,1.9999999,0.0,-1.3570805,-1.8332514,0.019813338,-1.1059595,0.16824317,0.019224118,2.280031,-0.036011014,0.0086939875,0.08120314,-0.067862034,-0.0677743,8.773059e-05,-0.09178855,-0.09167128,0.00011727214,0.00031145624,0.00095475855,0.00064330234,-1.3574008,-1.3538916,0.0035091639,-0.007355089,0.018377002,0.02573209
84.799545,1.9999999,0.0,-1.3262829,-1.81463,0.005426555,-0.44276753,0.0476624,0.009902815,2.2375019,-0.03408627,-0.020056583,0.33297428,-0.06634128,-0.06624997,9.1314316e-05,-0.09080596,-0.09072895,7.70092e-05,0.0004404415,0.00035337638,-8.706513e-05,-1.3273683,-1.3237158,0.0036524534,0.012191106,0.008708499,-0.0034826063
84.84955,1.9999999,0.0,-1.3273683,-1.8176087,0.012191106,-0.82289195,0.09072788,0.0039893514,2.2375362,-0.03434032,0.025622576,0.35770375,-0.066210695,-0.066270225,-5.953014e-05,-0.0906732,-0.09087035,-0.00019714981,0.00046725944,0.00070233794,0.0002350785,-1.3210596,-1.3234407,-0.0023810863,0.0064992723,0.015902411,0.009403139
85.09955,1.9999999,0.0,-1.3082691,-1.8030692,0.027073095,-0.2293388,0.5106826,0.015269287,2.2224512,-0.029538523,0.023555154,-0.2625391,-0.06553023,-0.06538128,0.00014895201,-0.09049394,-0.09017363,0.0003203079,0.001359034,0.0012929894,-6.6044624e-05,-1.3129401,-1.3069818,0.0059583187,0.027288266,0.024646478,-0.0026417878
85.14954,1.9999999,0.0,-1.3129401,-1.8166884,0.027288266,-1.1798668,0.015766112,0.024660068,2.2258067,-0.0349418,-0.024050213,-0.31244674,-0.06562271,-0.06563474,-1.2032688e-05,-0.0908533,-0.09088741,-3.4108758e-05,0.0012430944,0.0011982647,-4.4829794e-05,-1.3119682,-1.3124495,-0.0004812479,0.022435512,0.020642318,-0.0017931946
85.19955,1.9999999,0.0,-1.3119682,-1.8174436,0.022435512,0.2579091,-0.5919035,0.025649084,2.2278423,-0.03833479,-0.0076895203,-0.021831462,-0.0654544,-0.06552483,-7.043034e-05,-0.09070156,-0.09088953,-0.0001879707,0.0011854661,0.0009334149,-0.00025205116,-1.3062079,-1.309025,-0.002817154,0.02498313,0.014901083,-0.010082047
85.24954,1.9999999,0.0,-1.3062079,-1.8106188,0.02498313,0.050969284,-0.021627087,-0.006100032,2.2145586,-0.035171244,-0.026233358,-0.030855857,-0.06507666,-0.065221764,-0.00014510751,-0.09021202,-0.09054037,-0.00032835454,0.00036853447,0.0010804416,0.00071190717,-1.2968583,-1.3026625,-0.005804181,-0.010241752,0.018234536,0.028476287
85.299545,1.9999999,0.0,-1.2968583,-1.7978619,-0.010241752,-0.740528,0.41067958,-0.009515442,2.2235537,-0.04826772,-0.010775106,0.15051344,-0.06507674,-0.06484697,0.00022976846,-0.09018921,-0.08992185,0.00026736408,0.00022272102,-0.00035093838,-0.00057365943,-1.3062115,-1.2970203,0.009191155,0.019150592,-0.003795784,-0.022946376
85.34955,1.9999999,0.0,-1.3062115,-1.8097066,0.019150592,-0.93993664,0.42908722,0.024912277,2.2166228,-0.037270598,-0.011182015,0.097758345,-0.06509886,-0.06533722,-0.00023835897,-0.09032977,-0.09054824,-0.00021846592,0.0011204178,0.0010016615,-0.00011875632,-1.2977431,-1.3072772,-0.009534121,0.025666123,0.020915866,-0.0047502574
85.39954,1.9999999,0.016499614,-1.2977431,-1.8034844,0.025666123,-0.039843053,-0.004164897,0.035957623,2.22451,-0.036690373,-0.0009992714,0.14532039,-0.06487256,-0.06488331,-1.0743737e-05,-0.09026635,-0.09021423,5.211681e-05,0.001388142,0.0012421653,-0.00014597666,-1.2971593,-1.297589,-0.00042963028,0.029859558,0.024020491,-0.0058390666
85.44955,1.9999999,0.031148497,-1.2971593,-1.8071693,0.029859558,-0.027055334,-0.25694725,0.029325753,2.217373,-0.029821573,0.0033500236,0.079084694,-0.06483401,-0.0648243,9.715557e-06,-0.09045296,-0.09035779,9.517372e-05,0.0015114242,0.0014314299,-7.999432e-05,-1.2962012,-1.2958126,0.00038862228,0.03059741,0.027397638,-0.003199771
85.49954,1.9999999,0.053121824,-1.2962012,-1.8109493,0.03059741,-0.40366638,-0.41223267,0.020234052,2.211876,-0.024921576,0.006909198,-0.054845165,-0.06522103,-0.06476585,0.00045517832,-0.09116666,-0.09057429,0.0005923733,0.0019697035,0.0015164962,-0.0004532073,-1.3126397,-1.2944328,0.018206954,0.04819073,0.030062435,-0.018128296
85.549545,1.9999999,0.097090274,-1.3126397,-1.8357173,0.04819073,-1.0338327,1.2920268,0.057677045,2.2227778,-0.03338698,-0.0021344929,0.083464615,-0.06555029,-0.06567349,-0.0001232028,-0.09226382,-0.09193732,0.00032649934,0.003279821,0.0023735433,-0.0009062777,-1.3093718,-1.3142998,-0.004927993,0.083002105,0.046751004,-0.0362511
85.59955,1.9999999,0.14103693,-1.3093718,-1.8548354,0.083002105,-1.2319477,0.7831111,0.04708401,2.2560742,-0.045074392,0.01525566,-0.01109447,-0.066006005,-0.06539984,0.00060616434,-0.093837745,-0.09291638,0.0009213686,0.0034453745,0.0038982087,0.00045283418,-1.3308685,-1.3066218,0.024246693,0.05481288,0.07292623,0.018113352
85.64954,1.9999999,0.15570761,-1.3308685,-1.8986745,0.05481288,0.48527598,0.8159914,0.04872123,2.2874148,-0.044732578,-0.00324394,-0.19437046,-0.06648936,-0.066493824,-4.462898e-06,-0.09503668,-0.09510219,-6.5512955e-05,0.0031050942,0.002683422,-0.00042167213,-1.3287059,-1.3288844,-0.0001784563,0.06939089,0.052524,-0.016866893
85.69955,1.9999999,0.1703565,-1.3287059,-1.9027927,0.06939089,0.066310465,0.31511655,0.10999542,2.3130271,-0.033493526,-0.004181387,-0.01555038,-0.066085674,-0.06633283,-0.0002471581,-0.09525865,-0.09535932,-0.000100664794,0.004597082,0.0035013312,-0.0010957506,-1.3147211,-1.3246073,-0.009886146,0.11449238,0.07066234,-0.043830037
85.74954,1.9999999,0.19232982,-1.3147211,-1.9075534,0.11449238,-0.2860399,-0.15623629,0.10111576,2.327696,-0.036597174,-0.004798978,0.033343483,-0.065407105,-0.06549181,-8.470565e-05,-0.09552415,-0.09559973,-7.558614e-05,0.005362693,0.0055161417,0.00015344843,-1.3015631,-1.3049513,-0.0033881664,0.10001534,0.10615328,0.0061379373
85.799545,1.9999999,0.19965427,-1.3015631,-1.9134126,0.10001534,-0.53350407,-0.7335991,0.093123555,2.3291945,-0.0346885,-0.00084703875,0.07253486,-0.064943455,-0.06476303,0.00018042326,-0.09567328,-0.09584702,-0.00017374009,0.0046231863,0.0049083307,0.00028514443,-1.2961751,-1.2889581,0.0072170496,0.08491211,0.096317895,0.011405788
85.84955,1.9999999,0.22895204,-1.2961751,-1.9135185,0.08491211,0.13821933,-0.11182348,0.10159488,2.3131073,-0.051402047,0.0024545076,-0.27794284,-0.064609036,-0.06456715,4.1887164e-05,-0.09591953,-0.095830135,8.9392066e-05,0.004722697,0.004376666,-0.00034603104,-1.2881864,-1.2865107,0.001675725,0.10399578,0.09015454,-0.013841234
85.89954,1.9999999,0.23629826,-1.2881864,-1.9232626,0.10399578,-0.47064155,1.0552431,0.10050097,2.30799,-0.048772514,-0.028641323,-0.1390003,-0.06394589,-0.0642263,-0.00028041005,-0.09606335,-0.0964164,-0.00035304576,0.0050447504,0.005195532,0.00015078159,-1.269649,-1.2808656,-0.011216521,0.09779424,0.103825495,0.0060312524
85.94955,1.9999999,0.23629826,-1.269649,-1.9192716,0.09779424,-0.17543764,0.10243298,0.11107127,2.3077133,-0.05198022,-0.011445521,0.14170575,-0.06315704,-0.06324819,-9.11504e-05,-0.096226014,-0.096208625,1.7389655e-05,0.005113856,0.004995192,-0.000118664,-1.2566326,-1.2602785,-0.003645897,0.10675999,0.10201343,-0.0047465563
85.99954,1.9999999,0.2582716,-1.2566326,-1.929769,0.10675999,0.26988712,-0.495119,0.105178654,2.3118339,-0.046319317,-0.014470749,0.101712756,-0.06286746,-0.06254784,0.00031962246,-0.096930295,-0.09665982,0.00027047843,0.0059750015,0.0055081206,-0.00046688085,-1.2580659,-1.245281,0.012784958,0.13224007,0.11356482,-0.018675253
86.049545,1.9999999,0.2948938,-1.2580659,-1.9474428,0.13224007,-1.0917373,-0.20664735,0.11641998,2.3041477,-0.043035775,-0.0012742459,0.0874043,-0.062642895,-0.06254681,9.608269e-05,-0.09730551,-0.097555175,-0.00024966896,0.0064436174,0.006586127,0.00014250958,-1.2476499,-1.2438065,0.0038434267,0.12550463,0.13120502,0.0057003945
86.09955,1.9999999,0.3242134,-1.2476499,-1.9447775,0.12550463,-0.9738505,0.7327983,0.11291767,2.299978,-0.05085506,-0.005730318,-0.023994269,-0.061882276,-0.06208327,-0.00020099431,-0.09707181,-0.0974357,-0.00036388636,0.0061833905,0.00634657,0.00016317936,-1.2276412,-1.2356809,-0.008039713,0.12183099,0.12835819,0.006527193
86.14954,1.9999999,0.35351115,-1.2276412,-1.938095,0.12183099,0.56890297,0.6600991,0.120156914,2.2934954,-0.0503457,-0.0036736727,-0.0055701463,-0.061369363,-0.061140556,0.00022880733,-0.09727634,-0.09711595,0.00016038865,0.006101525,0.006288101,0.00018657604,-1.2271334,-1.217981,0.009152412,0.12222999,0.12969302,0.007463023
86.19955,1.9999999,0.3461867,-1.2271334,-1.9529583,0.12222999,0.17522629,0.55754167,0.13339067,2.3035328,-0.050913624,-0.006287332,-0.042435847,-0.060370408,-0.061096884,-0.0007264763,-0.097565286,-0.097867645,-0.00030235946,0.0062001185,0.006392608,0.00019248948,-1.1876829,-1.216742,-0.029059172,0.12577476,0.13347432,0.007699564
86.24954,1.9999999,0.3461867,-1.1876829,-1.949653,0.12577476,-0.07062853,0.70511717,0.14468913,2.2854002,-0.054056052,-0.007917258,0.10802482,-0.059372995,-0.059069276,0.0003037192,-0.09769816,-0.097680196,1.796335e-05,0.0065638577,0.0066191973,5.5339653e-05,-1.1872369,-1.175088,0.012148857,0.13677956,0.13899311,0.0022135526
86.299545,1.9999999,0.35351115,-1.1872369,-1.9582734,0.13677956,0.34475958,-0.17896537,0.13760391,2.2858112,-0.039765675,0.00451515,-0.048441105,-0.059020817,-0.05899935,2.1468848e-05,-0.098123305,-0.09811526,8.046627e-06,0.00713096,0.0070468127,-8.414732e-05,-1.1735958,-1.1727369,0.00085890293,0.14845884,0.14509293,-0.003365904
86.49954,1.9999999,0.36816004,-1.1226623,-1.9930998,0.14366306,-0.6394554,0.20974904,0.15263984,2.2834127,-0.04801484,-0.03103485,0.06635476,-0.055832896,-0.05573634,9.65558e-05,-0.099822894,-0.09980549,1.7404556e-05,0.007236528,0.0075576813,0.0003211531,-1.1106536,-1.1067911,0.0038625002,0.14579804,0.15864417,0.012846127
86.549545,1.9999999,0.36083558,-1.1106536,-1.999816,0.14579804,-0.53476197,0.721872,0.15077397,2.2795591,-0.041752666,-0.009869529,-0.059578102,-0.055256028,-0.055161357,9.46708e-05,-0.0997944,-0.10020065,-0.00040625036,0.0067409975,0.007444516,0.0007035183,-1.0995874,-1.0958005,0.0037869215,0.12384185,0.15198258,0.028140724
86.59955,1.9999999,0.3461867,-1.0995874,-1.9919602,0.12384185,-1.3187867,0.95392865,0.15353636,2.294471,-0.051119015,-0.036992658,-0.060468864,-0.05490773,-0.054639935,0.00026779622,-0.099907085,-0.09975856,0.00014852732,0.0068795457,0.0066976594,-0.00018188637,-1.0967218,-1.08601,0.010711789,0.15133998,0.14406453,-0.0072754472
86.64954,1.9999999,0.3315378,-1.0967218,-2.0043232,0.15133998,-0.56263816,-0.10546016,0.1548489,2.2908063,-0.04330752,-0.015916416,0.048747744,-0.053561762,-0.05441873,-0.0008569695,-0.10089642,-0.10039802,0.00049839914,0.008152183,0.007874422,-0.00027776137,-1.0457487,-1.0800276,-0.03427887,0.17474736,0.1636369,-0.01111047
86.69955,1.9999999,0.3242134,-1.0457487,-2.0315335,0.17474736,-0.8069082,0.32392383,0.1802966,2.2855775,-0.036009997,-0.032117885,-0.09203455,-0.051961694,-0.05188712,7.457286e-05,-0.102130204,-0.101851635,0.00027856976,0.008813478,0.008733637,-7.984135e-05,-1.0327189,-1.029736,0.0029828548,0.17779176,0.17459807,-0.0031936914
86.74954,1.9999999,0.33886227,-1.0327189,-2.0536745,0.17779176,-1.1301244,0.43302423,0.17362106,2.2870786,-0.03554971,-0.02511987,0.06995107,-0.051422473,-0.0512074,0.00021507218,-0.10265292,-0.102997564,-0.0003446415,0.008514589,0.0088359285,0.00032133982,-1.02418,-1.015577,0.008603096,0.1627918,0.17564538,0.012853578
86.799545,1.9999999,0.33886227,-1.02418,-2.0524423,0.1627918,-1.1697026,0.1487544,0.17279074,2.2844203,-0.035797782,-0.025122777,-0.079672016,-0.05089751,-0.05079205,0.00010545924,-0.10268321,-0.102907635,-0.00022442639,0.009058663,0.008270489,-0.00078817364,-1.0117203,-1.0075021,0.0042182207,0.1995547,0.16802776,-0.031526938
86.84955,1.9999999,0.31686714,-1.0117203,-2.054886,0.1995547,-1.863394,-0.13366118,0.1907221,2.2847962,-0.035681244,-0.03308707,0.06549522,-0.05031084,-0.05010865,0.00020219013,-0.103038624,-0.10305532,-1.6696751e-05,0.0099593,0.009869552,-8.974783e-05,-1.0007132,-0.9926256,0.008087635,0.19881733,0.19522735,-0.0035899729
86.89954,1.9999999,0.3242134,-1.0007132,-2.0666587,0.19881733,-0.82391995,0.90489495,0.18081549,2.2831023,-0.041165475,-0.018573254,-0.19715862,-0.049445905,-0.049644027,-0.00019812211,-0.10301261,-0.10371684,-0.0007042363,0.009361544,0.00953099,0.00016944669,-0.97712296,-0.9850478,-0.007924855,0.17564441,0.18242225,0.006777838
86.94955,1.9999999,0.3315378,-0.97712296,-2.0538456,0.17564441,0.6444231,0.040416744,0.1801029,2.290405,-0.04248576,-0.05280293,-0.51001805,-0.04854426,-0.04854886,-4.5970082e-06,-0.10373971,-0.1030123,0.00072740763,0.008160526,0.008742513,0.0005819872,-0.9646475,-0.9648313,-0.00018382072,0.15077662,0.17405611,0.023279488
86.99954,1.9999999,0.3242134,-0.9646475,-2.0957427,0.15077662,0.31592384,0.35507455,0.19572648,2.2968283,-0.043700974,-0.06957506,0.44583508,-0.047510732,-0.047845054,-0.00033432245,-0.104605146,-0.10513862,-0.0005334765,0.008894205,0.007861794,-0.0010324111,-0.9357818,-0.94915473,-0.013372958,0.2049916,0.16369513,-0.041296467
87.049545,1.9999999,0.3242134,-0.9357818,-2.0884633,0.2049916,-1.4134212,0.2780801,0.20093676,2.286369,-0.031928863,-0.008219424,0.34211156,-0.046194438,-0.046266515,-7.207692e-05,-0.104833305,-0.10477116,6.214529e-05,0.008503944,0.009858364,0.0013544206,-0.9119957,-0.9148788,-0.0028830767,0.13516617,0.18934298,0.054176807
87.09955,1.9999999,0.3242134,-0.9119957,-2.104869,0.13516617,-2.7366908,0.16478455,0.18771222,2.2866724,-0.029928207,-0.0353639,-0.057147093,-0.045259584,-0.04514551,0.000114072114,-0.10557395,-0.10536932,0.0002046302,0.007632909,0.007179664,-0.0004532449,-0.89838773,-0.89382476,0.004562974,0.17015018,0.1520204,-0.01812978
87.14954,1.9999999,0.3095427,-0.89838773,-2.1180894,0.17015018,-1.5820225,0.7009394,0.17655584,2.2858841,-0.033873696,-0.013934134,-0.15384686,-0.04428835,-0.04453511,-0.00024676323,-0.105695315,-0.10607964,-0.0003843233,0.008741959,0.008436265,-0.0003056936,-0.87314624,-0.88301677,-0.009870529,0.17952819,0.16730045,-0.012227744
87.19955,1.9999999,0.2948938,-0.87314624,-2.1097233,0.17952819,-0.7916431,0.49296612,0.1933177,2.2973855,-0.036449336,-0.050748587,-0.10191909,-0.043268368,-0.04331876,-5.0392002e-05,-0.105418794,-0.105727196,-0.00030840188,0.008675281,0.008952856,0.0002775751,-0.8575884,-0.85960424,-0.002015829,0.16748305,0.17858607,0.011103019
87.24954,1.9999999,0.28024492,-0.8575884,-2.1070285,0.16748305,-0.7573876,0.13364968,0.15859507,2.2862802,-0.03605434,-0.024126042,0.42249817,-0.042425226,-0.042413678,1.15484e-05,-0.10589412,-0.10554081,0.00035330653,0.0075924606,0.008360806,0.0007683453,-0.83942074,-0.8389587,0.0004620552,0.13621537,0.16694918,0.030733809
87.299545,1.9999999,0.26559603,-0.83942074,-2.1287363,0.13621537,0.15808666,0.5902643,0.14677882,2.2922835,-0.032566138,-0.008498772,0.09154801,-0.041439638,-0.041580305,-0.00014066696,-0.106588855,-0.10656812,2.0734966e-05,0.0074755554,0.0067970664,-0.000678489,-0.81816477,-0.82379144,-0.0056266785,0.16280684,0.1356673,-0.027139544
87.34955,1.9999999,0.2582716,-0.81816477,-2.134818,0.16280684,-0.1816252,0.060025696,0.16129743,2.2845292,-0.025286492,-0.014971241,-0.0397962,-0.04051746,-0.040520426,-2.965331e-06,-0.10705721,-0.106927775,0.00012943149,0.007837813,0.007925758,8.794479e-05,-0.8025337,-0.8026523,-0.00011861324,0.15070568,0.15422346,0.0035177767
87.39954,1.9999999,0.2582716,-0.8025337,-2.1474702,0.15070568,-1.182865,0.82638323,0.16316436,2.2863152,-0.026001502,-0.012478392,-0.09468331,-0.03959119,-0.039771747,-0.00018055737,-0.10734122,-0.10759907,-0.0002578497,0.0073209447,0.00725697,-6.3974876e-05,-0.7811138,-0.7883362,-0.007222414,0.1421321,0.13957311,-0.0025589913
87.44955,1.9999999,0.2436227,-0.7811138,-2.1461787,0.1421321,-0.07769442,0.5531268,0.14900595,2.2926977,-0.03578856,-0.024439571,-0.13844502,-0.03879549,-0.038746532,4.8957765e-05,-0.107490964,-0.107576184,-8.521974e-05,0.007385825,0.006943052,-0.00044277264,-0.77070576,-0.7687475,0.001958251,0.1533009,0.13558999,-0.01771091
87.49954,1.9999999,0.19965427,-0.77070576,-2.15346,0.1533009,-0.40995696,0.377076,0.13932899,2.2841327,-0.027768621,-0.026322894,-0.21604218,-0.038312923,-0.03821189,0.0001010336,-0.10831441,-0.10802112,0.0002932921,0.006518794,0.0072226943,0.0007039001,-0.7618111,-0.7577697,0.0040413737,0.10745088,0.13560688,0.028156005
87.549545,1.9999999,0.14103693,-0.7618111,-2.1791165,0.10745088,0.2701974,0.11523805,0.09655504,2.298066,-0.020022875,-0.04604379,0.110133946,-0.037721835,-0.03777357,-5.1733106e-05,-0.108701594,-0.10925257,-0.0005509779,0.005521046,0.005123358,-0.00039768778,-0.7470623,-0.74913156,-0.0020692348,0.11339097,0.09748345,-0.015907519
87.59955,1.9999999,0.14838317,-0.7470623,-2.1689475,0.11339097,1.0976789,-0.34450522,0.088665776,2.2743742,-0.002389978,-0.0153095,0.50400925,-0.036948282,-0.037004348,-5.606562e-05,-0.10793529,-0.108605556,-0.00067026913,0.0055746543,0.0053070704,-0.00026758388,-0.730869,-0.7331116,-0.0022426248,0.1095952,0.09889183,-0.01070337
87.64954,1.9999999,0.14838317,-0.730869,-2.1484642,0.1095952,0.06280215,0.48595655,0.10557201,2.2999806,-0.020288296,0.004357138,-0.1938288,-0.03635953,-0.036263168,9.6362084e-05,-0.1084771,-0.10762846,0.0008486435,0.0058138864,0.005041323,-0.0007725633,-0.7235122,-0.7196578,0.003854394,0.12296026,0.09205771,-0.03090255
87.69955,1.9999999,0.18500538,-0.7235122,-2.19062,0.12296026,0.15216897,0.6897205,0.09648709,2.2800577,-0.01717547,-0.03469238,-0.19717684,-0.036001317,-0.035958957,4.2360276e-05,-0.10940447,-0.10981461,-0.00041013956,0.0064330627,0.0057077873,-0.0007252754,-0.7165406,-0.71484613,0.0016944408,0.13436225,0.105351225,-0.029011026
87.74954,1.9999999,0.18500538,-0.7165406,-2.1855586,0.13436225,-0.48276913,0.915039,0.105387084,2.2825081,-0.019186065,-0.015360546,0.18663439,-0.035471175,-0.035549324,-7.814914e-05,-0.109051965,-0.10955372,-0.0005017519,0.0056733876,0.0061601102,0.00048672268,-0.70230633,-0.70543236,-0.0031260252,0.09257326,0.11204215,0.019468889
87.799545,1.9999999,0.17768094,-0.70230633,-2.1765199,0.09257326,-0.122381814,1.2306793,0.1183095,2.279053,-0.031457853,-0.01602894,0.08768489,-0.034559622,-0.03486481,-0.00030518696,-0.10855258,-0.108979516,-0.00042693317,0.0045563392,0.0044181654,-0.00013817381,-0.68007845,-0.692286,-0.012207568,0.08968031,0.084153354,-0.0055269524
87.84955,1.9999999,0.14838317,-0.68007845,-2.1655834,0.08968031,0.25763562,0.6721064,0.09254251,2.2953382,-0.02661369,-0.0065920576,0.046841327,-0.033994634,-0.03372901,0.00026562437,-0.10861929,-0.10839679,0.00022249669,0.004384938,0.004332829,-5.210936e-05,-0.6797069,-0.66908187,0.010625005,0.085717216,0.08363283,-0.0020843893
87.89954,1.9999999,0.14838317,-0.6797069,-2.1791883,0.085717216,-0.7372197,0.13478214,0.10118626,2.2722447,-0.024559023,-0.011344808,-0.07574365,-0.03377931,-0.033671387,0.00010792166,-0.109318614,-0.10909539,0.00022322685,0.004242814,0.0042100945,-3.271969e-05,-0.6714655,-0.6671485,0.004317045,0.08399534,0.08268656,-0.0013087839
87.94955,1.9999999,0.14838317,-0.6714655,-2.1935563,0.08399534,-2.5793755,0.61990243,0.082772,2.2948842,-0.027951838,-0.014166422,-0.16553293,-0.03211934,-0.03323939,-0.0011200495,-0.106063284,-0.10979479,-0.003731504,0.00546207,0.0041125445,-0.0013495255,-0.6133082,-0.6581101,-0.04480189,0.13448747,0.08050643,-0.053981036
87.99954,1.9999999,0.14838317,-0.6133082,-2.048975,0.13448747,-5.473195,-0.42189303,0.173442,2.2885895,-0.04159127,-0.027898101,0.15333125,-0.031284194,-0.030111859,0.0011723358,-0.10543664,-0.102549054,0.0028875843,0.0051724208,0.0065007913,0.0013283705,-0.6380596,-0.59116614,0.046893477,0.072409354,0.12554419,0.053134836
88.049545,1.9999999,0.14838317,-0.6380596,-2.1684904,0.072409354,-1.4528471,1.8625046,0.085267894,2.2836504,-0.015353405,0.0011667025,0.37469822,-0.031709597,-0.031491455,0.00021814182,-0.109055504,-0.10842713,0.0006283745,0.003920503,0.0033636794,-0.00055682356,-0.6303242,-0.6215985,0.008725703,0.08441076,0.06213782,-0.022272937
88.09955,1.9999999,0.12638804,-0.6303242,-2.1937296,0.08441076,-0.048737798,0.13175067,0.095816,2.2956471,-0.027680736,0.009571721,-0.3238171,-0.031386293,-0.031206315,0.00017997809,-0.110296,-0.1096784,0.000617601,0.0039446363,0.0039569694,1.2333039e-05,-0.6251276,-0.6179285,0.0071991086,0.073374696,0.073868014,0.00049331784
88.14954,1.9999999,0.1190636,-0.6251276,-2.2181106,0.073374696,0.47886598,-0.2991259,0.08366712,2.2953699,-0.025968362,-0.031215008,-0.18256105,-0.031129694,-0.031028211,0.000101482496,-0.11074175,-0.110943966,-0.00020221621,0.0034049002,0.0035606564,0.00015575625,-0.62006015,-0.6160008,0.0040593743,0.062821314,0.06905155,0.006230235
88.19955,1.9999999,0.1190636,-0.62006015,-2.2115595,0.062821314,-0.890384,0.7702552,0.07355534,2.3029003,-0.0132544255,-0.008684385,0.28929716,-0.030905087,-0.030745571,0.00015951507,-0.11070925,-0.11067375,3.5502017e-05,0.0041221427,0.002959327,-0.0011628156,-0.61614335,-0.6097628,0.006380558,0.10206439,0.055551767,-0.046512626
88.24954,1.9999999,0.1190636,-0.61614335,-2.2168105,0.10206439,0.081062086,0.81631035,0.06743943,2.2977366,-0.010424969,-0.002285292,0.070779525,-0.030731644,-0.03055708,0.00017456524,-0.11120564,-0.11099026,0.00021537393,0.0043799444,0.0046558687,0.00027592434,-0.6131224,-0.60613984,0.006982565,0.07313338,0.08417034,0.011036962
88.299545,1.9999999,0.16303205,-0.6131224,-2.231415,0.07313338,-0.44796062,-0.11750643,0.086272,2.3079307,-0.022522025,-0.0016064317,-0.48540974,-0.030172199,-0.030431444,-0.0002592448,-0.11123825,-0.11166483,-0.000426583,0.0040966757,0.003515827,-0.00058084866,-0.5937656,-0.60413533,-0.010369718,0.090733655,0.067499705,-0.02323395
88.34955,1.9999999,0.16303205,-0.5937656,-2.2181149,0.090733655,-0.11130669,0.4880304,0.08765,2.3017433,-0.022826204,-0.050826263,-0.19110312,-0.029540172,-0.029490927,4.9244612e-05,-0.1112561,-0.11104504,0.00021106005,0.0049810973,0.004336957,-0.0006441404,-0.5878413,-0.58587146,0.0019698143,0.10851023,0.08274461,-0.02576562
88.39954,1.9999999,0.19232982,-0.5878413,-2.2321289,0.10851023,-0.3691628,0.22618918,0.095612235,2.302685,-0.008823914,-0.020716744,0.60335726,-0.029011372,-0.029080456,-6.9083646e-05,-0.111355305,-0.11176033,-0.00040502846,0.0049632518,0.00513378,0.00017052842,-0.57261354,-0.575377,-0.0027634501,0.090019844,0.096840985,0.0068211406
88.44955,1.9999999,0.18500538,-0.57261354,-2.2220833,0.090019844,-0.8470994,-0.15962093,0.10134013,2.301286,-0.017798472,0.00950946,0.30690303,-0.028541515,-0.028247187,0.00029432774,-0.11145454,-0.11111283,0.00034170598,0.0048672846,0.004444554,-0.00042273058,-0.569047,-0.5572739,0.01177305,0.10467154,0.08776231,-0.016909227
88.49954,1.9999999,0.17768094,-0.569047,-2.2360983,0.10467154,0.13041192,0.60201705,0.09314102,2.2931585,-0.014488282,0.009973562,-0.22342008,-0.028057225,-0.028148418,-9.1193244e-05,-0.11139333,-0.11189339,-0.0005000606,0.0047722496,0.0050255754,0.0002533258,-0.55324197,-0.55688983,-0.0036478639,0.086218454,0.09635147,0.010133013
88.549545,1.9999999,0.17768094,-0.55324197,-2.219635,0.086218454,0.3356419,0.89864296,0.08330159,2.290663,-0.02236321,-0.0128325485,-0.022117915,-0.027529428,-0.027437767,9.166077e-05,-0.11150972,-0.11107719,0.00043252856,0.004779892,0.0041892426,-0.00059064943,-0.5479351,-0.5442687,0.003666401,0.10497722,0.08135125,-0.02362597
88.59955,1.9999999,0.23629826,-0.5479351,-2.2407537,0.10497722,0.016326483,0.43961126,0.08376458,2.2962847,-0.018706588,0.0077617704,0.020957079,-0.027058456,-0.027123928,-6.547198e-05,-0.111601315,-0.112144224,-0.0005429089,0.005053903,0.0051113316,5.742861e-05,-0.5344031,-0.537022,-0.0026189089,0.097178906,0.09947603,0.0022971258
88.799545,1.9999999,0.3242134,-0.5155912,-2.2289298,0.0980021,0.17817324,0.16356711,0.11940365,2.2860007,-0.021291547,-0.028042033,-0.035585452,-0.025319379,-0.025537698,-0.00021831878,-0.11185836,-0.11155503,0.00030332804,0.0055626584,0.0051468126,-0.00041584577,-0.49718398,-0.50591666,-0.0087326765,0.12450423,0.10787039,-0.016633838
88.84955,1.9999999,0.3242134,-0.49718398,-2.2454047,0.12450423,0.04651784,0.6375487,0.10832439,2.2883773,-0.01832574,-0.019028872,0.08607452,-0.024329789,-0.0245743,-0.0002445113,-0.112276,-0.1123444,-6.839633e-05,0.0063684476,0.0063086287,-5.981885e-05,-0.47600758,-0.485788,-0.009780407,0.13023366,0.1278409,-0.002392754
88.89954,1.9999999,0.3242134,-0.47600758,-2.2456353,0.13023366,-0.02938139,0.7039284,0.1150234,2.282238,-0.024580425,-0.01943458,-0.091251,-0.023427498,-0.023503795,-7.629767e-05,-0.11232524,-0.11236652,-4.1276217e-05,0.0065469746,0.0065569296,9.954907e-06,-0.46109232,-0.4641442,-0.003051877,0.1316453,0.13204351,0.00039820373
88.94955,1.9999999,0.3242134,-0.46109232,-2.2473745,0.1316453,-0.18194255,0.22433774,0.12488667,2.28821,-0.016501298,-0.028153973,-0.039290335,-0.022472331,-0.022731466,-0.00025913492,-0.11217402,-0.112471454,-0.00029743463,0.0067344303,0.006729768,-4.662201e-06,-0.43780094,-0.4481663,-0.010365367,0.1377319,0.1375454,-0.00018648803
88.99954,1.9999999,0.3242134,-0.43780094,-2.2395864,0.1377319,0.05130713,0.319863,0.115872145,2.2825794,-0.012749092,-0.023363614,0.29807034,-0.02171223,-0.021508006,0.00020422414,-0.112155445,-0.11200278,0.0001526624,0.0071816305,0.0070097134,-0.00017191702,-0.43068832,-0.42251927,0.008169055,0.14953332,0.14265665,-0.0068766624
89.049545,1.9999999,0.35351115,-0.43068832,-2.2466314,0.14953332,-0.072929524,0.4300233,0.1389274,2.2854779,-0.015600727,0.0016530616,0.23181078,-0.020941906,-0.021102155,-0.00016024895,-0.1124426,-0.112293065,0.00014953315,0.0070324116,0.007513517,0.0004811054,-0.40698797,-0.41339788,-0.0064099133,0.13176315,0.15100738,0.019244239
89.09955,1.9999999,0.36083558,-0.40698797,-2.2510724,0.13176315,-0.8714106,0.30754513,0.14387655,2.2799742,-0.01672902,-0.0001825367,-0.20886429,-0.020106422,-0.019937333,0.00016908906,-0.11272048,-0.112546004,0.0001744777,0.006392597,0.0068064365,0.00041383924,-0.3972689,-0.3905053,0.0067635775,0.12394074,0.1404943,0.016553558
89.14954,1.9999999,0.37548447,-0.3972689,-2.257747,0.12394074,-0.073625535,0.6803999,0.13444376,2.2822626,-0.017358601,-0.019233366,-0.07844937,-0.019180434,-0.019517757,-0.00033732317,-0.11271053,-0.112930596,-0.0002200678,0.006741289,0.0065601873,-0.00018110173,-0.36994848,-0.3834414,-0.013492912,0.14571081,0.13846675,-0.0072440654
89.19955,1.9999999,0.39013335,-0.36994848,-2.2506742,0.14571081,0.7809833,1.4202725,0.15992758,2.2806852,-0.012631953,-0.008027473,-0.101619415,-0.01809843,-0.018195748,-9.731762e-05,-0.11259826,-0.11263318,-3.492087e-05,0.007239501,0.007400149,0.00016064802,-0.35398877,-0.35788143,-0.0038926601,0.14386922,0.15029517,0.006425947
89.24954,1.9999999,0.3974578,-0.35398877,-2.2532563,0.14386922,-0.9469662,0.5976316,0.12284462,2.2827783,-0.009567731,-0.029395308,-0.26365313,-0.01740601,-0.017342046,6.3963234e-05,-0.11240244,-0.11276809,-0.00036565214,0.0071102497,0.007623102,0.00051285233,-0.34225157,-0.33969307,0.0025584996,0.14054076,0.16105486,0.0205141
89.299545,1.9999999,0.39013335,-0.34225157,-2.2428412,0.14054076,-2.1608608,0.41864917,0.12949096,2.288909,-0.016630284,-0.034392785,0.035818893,-0.016995063,-0.0166555,0.00033956394,-0.11219454,-0.11216666,2.7880073e-05,0.006406365,0.0076504513,0.0012440863,-0.33755094,-0.32396835,0.013582587,0.11571383,0.16547729,0.049763463
89.34955,1.9999999,0.36083558,-0.33755094,-2.2449403,0.11571383,-1.7973721,0.027925823,0.16583766,2.2851276,-0.02010772,-0.02581342,-0.07277717,-0.016500594,-0.016330019,0.00017057545,-0.11261402,-0.112158656,0.00045536458,0.0062493724,0.006656134,0.00040676165,-0.32247284,-0.3156498,0.006823033,0.13426106,0.15053153,0.016270474
89.39954,1.9999999,0.33886227,-0.32247284,-2.2596204,0.13426106,-0.22070533,0.24635355,0.124456964,2.2837708,-0.018002534,-0.041670505,0.044475745,-0.015476889,-0.015686069,-0.0002091797,-0.112912014,-0.1129454,-3.338605e-05,0.006627778,0.0072323056,0.00060452754,-0.29660273,-0.30496982,-0.008367091,0.13085005,0.15503114,0.024181098
89.44955,1.9999999,0.33886227,-0.29660273,-2.25686,0.13085005,0.7969057,0.58216274,0.13459505,2.2885861,-0.0057434454,-0.021365846,0.2924177,-0.014583319,-0.014429784,0.00015353505,-0.11322639,-0.11281774,0.00040864944,0.0070752236,0.00686837,-0.00020685373,-0.28673005,-0.2805886,0.006141454,0.1521589,0.14388475,-0.008274153
89.49954,1.9999999,0.3315378,-0.28673005,-2.2721958,0.1521589,0.11256556,0.18453138,0.1362407,2.2878354,-0.0029146394,-0.0124287335,-0.109011956,-0.013813944,-0.013962506,-0.00014856271,-0.11345743,-0.1136233,-0.00016587228,0.006643977,0.0076469923,0.0010030153,-0.2658277,-0.27177018,-0.0059424937,0.11360019,0.15372078,0.040120594
89.549545,1.9999999,0.3315378,-0.2658277,-2.2661014,0.11360019,-0.7581924,0.96381515,0.14263396,2.2767847,-0.009542846,-0.03226704,-0.2616067,-0.012926473,-0.013017565,-9.109173e-05,-0.11363605,-0.11337011,0.00026593357,0.006874267,0.005991979,-0.000882288,-0.25123122,-0.25487494,-0.0036437213,0.16137049,0.12607896,-0.035291523
89.59955,1.9999999,0.3095427,-0.25123122,-2.2793405,0.16137049,-1.2857542,-0.13667472,0.14379987,2.2863011,-0.005012262,-0.038589403,0.05507235,-0.012142568,-0.012202965,-6.03972e-05,-0.11342065,-0.11401812,-0.0005974695,0.007145404,0.008193559,0.0010481551,-0.23447149,-0.23688734,-0.0024158508,0.12444566,0.16637187,0.041926205
89.64954,1.9999999,0.3315378,-0.23447149,-2.2574854,0.12444566,-0.68429404,0.18041512,0.16187084,2.2769935,-0.011437437,-0.026759805,0.11232725,-0.011389509,-0.011337827,5.1681884e-05,-0.11335618,-0.112896614,0.0004595667,0.006771784,0.0065872716,-0.00018451223,-0.22110885,-0.21904156,0.0020672977,0.1464257,0.13904521,-0.0073804855
89.69955,1.9999999,0.35351115,-0.22110885,-2.2767618,0.1464257,1.0130419,0.6180108,0.16121554,2.2824602,-0.015795195,-0.027356679,0.03331354,-0.010692499,-0.010718773,-2.6274472e-05,-0.113636486,-0.113883376,-0.0002468899,0.007683421,0.0075768516,-0.00010656938,-0.2065911,-0.20764205,-0.0010509491,0.16091116,0.15664837,-0.00426279
89.74954,1.9999999,0.35351115,-0.2065911,-2.2686977,0.16091116,-0.6363516,0.91978705,0.15458055,2.2779045,-0.0007488854,-0.023428451,0.00094777625,-0.009831337,-0.009992438,-0.00016110111,-0.1134643,-0.11345746,6.839633e-06,0.0079000015,0.008080803,0.00018080138,-0.1866624,-0.19310649,-0.0064440817,0.15508889,0.16232094,0.007232055
89.799545,1.9999999,0.35351115,-0.1866624,-2.2698743,0.15508889,-1.7049648,-0.03429733,0.15813518,2.2835393,-0.0015914917,-0.0272619,-0.18621454,-0.008672981,-0.008980433,-0.00030745286,-0.11333629,-0.113526724,-0.00019043684,0.0073696724,0.007943359,0.0005736868,-0.16025682,-0.17255497,-0.012298152,0.13969801,0.16264546,0.022947446
89.84955,1.9999999,0.31686714,-0.16025682,-2.2635772,0.13969801,-1.1868963,-0.3455236,0.1447678,2.281715,0.0017367486,-0.042049903,-0.20464526,-0.0077818637,-0.007644187,0.00013767648,-0.113490306,-0.11323261,0.00025769323,0.007017088,0.007255763,0.0002386747,-0.15101773,-0.14551069,0.005507037,0.1409855,0.15053251,0.00954701
89.89954,1.9999999,0.31686714,-0.15101773,-2.2760348,0.1409855,-0.26908696,0.30723706,0.14255956,2.2765667,-0.00995658,-0.047726426,0.22665845,-0.007015697,-0.0071956115,-0.00017991429,-0.1138627,-0.11387485,-1.2151897e-05,0.006928884,0.007285841,0.00035695685,-0.12961017,-0.13680671,-0.0071965456,0.13616985,0.15044814,0.014278293
89.94955,1.9999999,0.31686714,-0.12961017,-2.2784731,0.13616985,-0.43771,1.3773851,0.13716571,2.2761884,-0.008149549,-0.01938406,0.5760886,-0.00605828,-0.006062331,-4.051253e-06,-0.113822535,-0.113786295,3.6239624e-05,0.00680589,0.006951774,0.00014588423,-0.112721026,-0.11288305,-0.00016202778,0.13606574,0.1419011,0.005835369
89.99954,1.9999999,0.2948938,-0.112721026,-2.2744284,0.13606574,-0.36896175,0.16953726,0.14288045,2.279146,-0.0059920806,0.009882432,-0.06323104,-0.0054089795,-0.005229792,0.0001791874,-0.1139905,-0.113580845,0.00040965527,0.007101523,0.0068314224,-0.00027010078,-0.10363815,-0.09647066,0.0071674883,0.1479952,0.13719118,-0.010804027
90.049545,1.9999999,0.26559603,-0.10363815,-2.2851915,0.1479952,-1.7524602,0.48631412,0.1584651,2.2805362,-0.0037357071,-0.025707165,-0.26824585,-0.004619482,-0.0048438567,-0.0002243747,-0.11353222,-0.11419021,-0.0006579906,0.0071688513,0.007353186,0.00018433481,-0.08114113,-0.09011608,-0.0089749545,0.13875885,0.14613223,0.0073733777
90.09955,1.9999999,0.2582716,-0.08114113,-2.2560973,0.13875885,-1.1942838,0.3164049,0.13852787,2.2758906,-0.006095863,-0.016942153,-0.022173982,-0.003774167,-0.0036954735,7.86935e-05,-0.11363853,-0.112791196,0.0008473322,0.006874163,0.0068432125,-3.0950643e-05,-0.06982555,-0.06667782,0.0031477287,0.13620767,0.13496962,-0.0012380481
90.14954,1.9999999,0.2582716,-0.06982555,-2.289444,0.13620767,-0.95809275,-0.26839444,0.11776621,2.2831583,-0.009786674,-0.027924562,-0.049140576,-0.0030877055,-0.003113919,-2.621347e-05,-0.11416435,-0.11450749,-0.0003431365,0.006506755,0.0067828395,0.00027608452,-0.053682666,-0.054731227,-0.0010485612,0.12406254,0.13510591,0.01104337
90.19955,1.9999999,0.2582716,-0.053682666,-2.2771304,0.12406254,-0.10810844,0.60713154,0.13343279,2.2758565,-0.018515643,-0.021856211,0.07461182,-0.0021953613,-0.0023414874,-0.00014612614,-0.11412357,-0.1138896,0.00023397058,0.0061043315,0.0061793127,7.4981246e-05,-0.034131784,-0.039976813,-0.005845029,0.12011073,0.12310997,0.0029992387
90.24954,1.9999999,0.2582716,-0.034131784,-2.2878122,0.12011073,-0.31379303,-0.04438575,0.11374292,2.2771845,-0.009496806,-0.020463381,0.119543955,-0.0014625218,-0.0013442653,0.00011825655,-0.11361889,-0.11438419,-0.0007653013,0.0055202483,0.006068175,0.0005479269,-0.02436909,-0.019638842,0.004730249,0.1006992,0.12261628,0.021917082
90.299545,1.9999999,0.2729205,-0.02436909,-2.256943,0.1006992,-0.85102826,0.8500161,0.095254,2.2764418,-0.002265762,-0.009901815,-0.0152691575,-0.00086316257,-0.0009038664,-4.070386e-05,-0.113611594,-0.11281582,0.00079577416,0.005448668,0.005140503,-0.00030816486,-0.010157413,-0.011785595,-0.0016281819,0.11724752,0.1049209,-0.0123266205
90.34955,1.9999999,0.2729205,-0.010157413,-2.287521,0.11724752,-0.45626453,-0.43017778,0.10728094,2.2844634,-0.018936263,-0.021990295,-0.12452518,-6.9345464e-05,-0.00018859073,-0.00011924526,-0.11443149,-0.11437394,5.7555735e-05,0.0066384575,0.006059711,-0.00057874667,0.007383594,0.0026137773,-0.0047698165,0.14829078,0.1251409,-0.023149878
90.39954,1.9999999,0.23629826,0.007383594,-2.2897391,0.14829078,0.3664536,-0.27288553,0.12790208,2.2788284,-0.005856305,-0.022354333,-0.0439778,0.0008008417,0.0007225894,-7.825234e-05,-0.11437004,-0.114572965,-0.00020292401,0.0062421,0.007170116,0.0009280159,0.024650076,0.02151999,-0.0031300858,0.101393215,0.13851386,0.037120648
90.44955,1.9999999,0.2216276,0.024650076,-2.2850626,0.101393215,-0.39943713,0.47727743,0.09899674,2.2859635,-0.012724719,-0.026388075,-0.0018711571,0.0015751927,0.001517307,-5.7885656e-05,-0.114367984,-0.11433496,3.3020973e-05,0.0052553457,0.0049815476,-0.00027379813,0.03835763,0.036042184,-0.0023154467,0.1088206,0.097868696,-0.010951906
90.49954,1.9999999,0.2216276,0.03835763,-2.2896566,0.1088206,0.11207715,-0.32480344,0.10663192,2.290039,-0.007082046,-0.022541448,0.10783842,0.0020289866,0.0022232223,0.0001942357,-0.11446652,-0.1145399,-7.338077e-05,0.0055806055,0.0054193507,-0.00016125478,0.04280183,0.050571278,0.007769447,0.114403605,0.10795342,-0.0064501837
90.549545,1.9999999,0.2216276,0.04280183,-2.289004,0.114403605,-0.28541493,0.47964615,0.103612095,2.2935524,-0.0019231942,-0.015604233,0.15298933,0.0023450488,0.002455497,0.000110448105,-0.11483089,-0.11450771,0.00032317638,0.00502929,0.0055726552,0.00054336525,0.051000122,0.055418015,0.0044178925,0.08676799,0.10850259,0.021734603
90.59955,1.9999999,0.2582716,0.051000122,-2.3042314,0.08676799,0.049435016,0.53703684,0.08675004,2.2877676,-0.007834549,-0.0072425166,-0.019396994,0.0031072514,0.0028234029,-0.0002838485,-0.11481189,-0.11524773,-0.0004358366,0.005438425,0.004449807,-0.000988618,0.07328994,0.061936,-0.01135394,0.13076903,0.0912243,-0.03954473
90.64954,1.9999999,0.28024492,0.07328994,-2.288244,0.13076903,-0.6804738,-0.071830854,0.116591826,2.292801,0.006652425,-0.017543932,-0.017232295,0.0037455927,0.003984611,0.00023901835,-0.114431016,-0.11442615,4.865229e-06,0.0062955273,0.00651236,0.00021683285,0.07653377,0.086094506,0.009560734,0.121052064,0.1297254,0.008673333
90.69955,1.9999999,0.26559603,0.07653377,-2.2889967,0.121052064,-1.0554215,0.40015036,0.10726499,2.2917624,0.007226034,-0.0089657465,-0.14398174,0.0040815156,0.004153284,7.176818e-05,-0.114644274,-0.11447789,0.00016638637,0.0057801004,0.005959809,0.00017970847,0.08672686,0.08959762,0.0028707609,0.110151954,0.11734029,0.007188335
90.74954,1.9999999,0.26559603,0.08672686,-2.2967744,0.110151954,-0.59779954,0.6613187,0.14105919,2.2883801,-0.005776973,-0.031942107,-0.043131717,0.004911061,0.0046142736,-0.00029678736,-0.11482889,-0.11486284,-3.3944845e-05,0.0057532615,0.0055945157,-0.0001587458,0.10971558,0.097844094,-0.011871487,0.1199785,0.113628685,-0.006349817
90.799545,1.9999999,0.25094715,0.10971558,-2.2963815,0.1199785,1.1824956,-0.18968554,0.11113437,2.2848396,-0.00051789,-0.013278917,0.1651856,0.0058132247,0.00581812,4.895497e-06,-0.113876775,-0.11483325,-0.00095647573,0.00427192,0.006020793,0.0017488734,0.122813396,0.12300916,0.000195764,0.0508983,0.12085322,0.069954924
90.84955,1.9999999,0.22895204,0.122813396,-2.2586896,0.0508983,1.5298833,-0.635809,0.09217662,2.2936451,0.009307137,-0.0154235475,-0.32369605,0.0065989625,0.006387329,-0.00021163328,-0.11348509,-0.11305872,0.00042636693,0.0043482687,0.0028915512,-0.0014567175,0.1411451,0.13267983,-0.00846526,0.12303244,0.06476375,-0.058268696
90.89954,1.9999999,0.22895204,0.1411451,-2.280714,0.12303244,-0.9768612,-0.53978574,0.113455124,2.294561,0.005220236,-0.045648523,-0.2009538,0.0071392227,0.007298039,0.00015881611,-0.11410991,-0.11414448,-3.4570694e-05,0.0050268536,0.006134033,0.0011071796,0.14442381,0.15077643,0.0063526183,0.0780417,0.12232887,0.044287167
90.94955,1.9999999,0.2582716,0.14442381,-2.2836826,0.0780417,-1.6623904,-0.19763589,0.09933566,2.2882228,0.0038058725,-0.035518926,0.10818257,0.0075959335,0.0074641528,-0.00013178075,-0.11458311,-0.114209495,0.00037361681,0.005159089,0.0040403767,-0.0011187121,0.15941352,0.15414234,-0.0052711815,0.12832186,0.08357338,-0.044748478
90.99954,1.9999999,0.2948938,0.15941352,-2.2996418,0.12832186,-2.0396035,-0.34646693,0.13696896,2.2879977,0.0016833732,-0.034830265,0.07807562,0.008114475,0.008293112,0.00017863698,-0.11490694,-0.11499374,-8.6806715e-05,0.0066826637,0.006449339,-0.00023332471,0.16516547,0.17231095,0.0071454793,0.1389847,0.12965168,-0.0093330145
91.049545,1.9999999,0.28756937,0.16516547,-2.2966356,0.1389847,-1.076823,-0.070044115,0.09657215,2.2856581,-0.013749386,-0.027711365,0.4337579,0.008452461,0.008674074,0.00022161286,-0.11444079,-0.11477784,-0.00033704937,0.0055649616,0.0069114077,0.0013464461,0.17293297,0.18179747,0.008864507,0.08361377,0.13747159,0.05385782
91.09955,1.9999999,0.2948938,0.17293297,-2.280996,0.08361377,0.82504153,0.8257075,0.112741396,2.2845001,-0.0024946276,0.0085455235,0.17076802,0.009069791,0.008958952,-0.00011083949,-0.11385509,-0.11390012,-4.502386e-05,0.0045993486,0.0044943723,-0.00010497635,0.18985869,0.18542507,-0.004433617,0.100360185,0.09616112,-0.0041990653
91.14954,1.9999999,0.2948938,0.18985869,-2.2732077,0.100360185,0.6327185,0.11642713,0.08921942,2.287224,0.008496874,-0.010634563,-0.48162118,0.010131907,0.0097004,-0.0004315069,-0.11439151,-0.1136747,0.0007168129,0.0058422964,0.005235327,-0.00060696946,0.21541758,0.1981573,-0.017260283,0.13333167,0.109052904,-0.024278767
91.19955,1.9999999,0.2948938,0.21541758,-2.3024528,0.13333167,-1.4173857,0.16672285,0.11828606,2.2887254,0.006154473,-0.039616592,-0.09980308,0.01092238,0.011003054,8.0673955e-05,-0.114036575,-0.11513934,-0.0011027679,0.006131188,0.0066588223,0.0005276343,0.22147763,0.2247046,0.0032269657,0.11191584,0.1330212,0.021105364
91.24954,1.9999999,0.28756937,0.22147763,-2.2590103,0.11191584,-0.25761518,0.6032352,0.12365148,2.2917495,-0.0014939718,-0.020614872,0.34100637,0.011176606,0.011385914,0.00020930823,-0.113118455,-0.11289443,0.00022402406,0.0055539673,0.005676576,0.00012260862,0.22558661,0.23395893,0.008372322,0.11024285,0.115147196,0.0049043447
91.299545,1.9999999,0.26559603,0.22558661,-2.265728,0.11024285,0.8685727,1.6132599,0.15675859,2.2706316,-0.015113363,-0.005515956,-0.013059227,0.011337454,0.011521056,0.00018360186,-0.113480285,-0.11323915,0.00024113804,0.005602059,0.0055560516,-4.6007335e-05,0.22791158,0.2352556,0.0073440224,0.113839515,0.1119992,-0.0018403158
91.34955,1.9999999,0.26559603,0.22791158,-2.2734835,0.113839515,0.014118575,0.78256845,0.14370993,2.2828403,-0.0025266674,-0.021920795,-0.2794549,0.011954906,0.01165448,-0.00030042604,-0.11385512,-0.113697864,0.0001572594,0.006755591,0.0059995833,-0.0007560076,0.25028467,0.23826754,-0.012017131,0.15638413,0.1261438,-0.030240327
91.39954,1.9999999,0.3095427,0.25028467,-2.2807214,0.15638413,-1.4056646,-0.44085732,0.14723098,2.287985,0.017028846,-0.033461444,0.0619677,0.013252167,0.012862995,-0.00038917176,-0.11422136,-0.11402898,0.00019237399,0.007841223,0.007869205,2.7982518e-05,0.27980202,0.26423505,-0.015566975,0.15726478,0.15838405,0.0011192709
91.44955,1.9999999,0.3095427,0.27980202,-2.288133,0.15726478,-1.1038598,-0.12054894,0.18372917,2.286337,0.0053984383,-0.015724024,0.17067048,0.01423459,0.0144324,0.00019781012,-0.11428847,-0.11437994,-9.147078e-05,0.008641213,0.0077735814,-0.00086763175,0.2895816,0.297494,0.007912397,0.18838373,0.15367845,-0.03470528
91.49954,1.9999999,0.30221826,0.2895816,-2.283406,0.18838373,-0.94673544,0.7620744,0.15919103,2.279501,0.010137211,-0.016394395,-0.11531421,0.015140439,0.014896924,-0.00024351571,-0.113932334,-0.114153944,-0.00022161007,0.00844796,0.008966557,0.00051859673,0.316036,0.30629534,-0.009740651,0.14953466,0.17027852,0.020743862
91.549545,1.9999999,0.3095427,0.316036,-2.2738874,0.14953466,-0.9429697,0.16213322,0.17287576,2.2807882,0.0040812795,-0.027255446,-0.38300452,0.016191026,0.016131356,-5.9669837e-05,-0.11361154,-0.113731444,-0.00011990219,0.008489997,0.007420783,-0.0010692142,0.33160505,0.32921818,-0.002386868,0.19006522,0.14729665,-0.042768568
91.59955,1.9999999,0.3095427,0.33160505,-2.2705743,0.19006522,-0.15261538,0.48528123,0.19962756,2.2809634,0.008181102,-0.054694846,-0.02913954,0.01774881,0.016899535,-0.0008492749,-0.1132352,-0.11363572,-0.00040052086,0.0093853725,0.009322832,-6.254017e-05,0.37834737,0.34437642,-0.033970952,0.18534969,0.18284807,-0.0025016218
91.64954,1.9999999,0.3095427,0.37834737,-2.2588336,0.18534969,0.57938224,0.6255886,0.17679083,2.2794576,0.0053501073,-0.0301694,0.4209105,0.019332904,0.01932675,-6.1541796e-06,-0.11243662,-0.11293329,-0.0004966706,0.009067389,0.0090382835,-2.9105693e-05,0.3949688,0.3947226,-0.00024619699,0.17734589,0.17618164,-0.0011642426
91.69955,1.9999999,0.28024492,0.3949688,-2.2386312,0.17734589,0.8514017,0.6065861,0.16885462,2.2792888,0.0046210536,-0.012603794,0.17471628,0.019993253,0.020180916,0.00018766336,-0.111928314,-0.11185149,7.682294e-05,0.009563726,0.008548233,-0.0010154936,0.40476128,0.41226786,0.007506579,0.20520318,0.16458341,-0.04061976
91.74954,1.9999999,0.28024492,0.40476128,-2.2385013,0.20520318,-0.4302248,0.4717028,0.18537468,2.2714865,0.009713747,-0.012697771,-0.049780432,0.020460771,0.020667886,0.00020711496,-0.112232104,-0.111850634,0.00038146973,0.00958811,0.009664646,7.653609e-05,0.41366953,0.4219542,0.008284688,0.17832123,0.18138267,0.0030614436
91.799545,1.9999999,0.28024492,0.41366953,-2.250783,0.17832123,0.10634156,0.07997305,0.12773575,2.267666,0.005405106,-0.017581837,0.1894899,0.021409048,0.021144854,-0.00026419386,-0.112090565,-0.11245219,-0.00036162138,0.008661882,0.008530012,-0.00013186969,0.44269234,0.4321246,-0.010567725,0.16815406,0.16287924,-0.0052748173
91.84955,1.9999999,0.3315378,0.44269234,-2.2328396,0.16815406,1.8379277,0.8283136,0.1570594,2.2686088,0.012960118,0.006251219,-0.13508265,0.022762712,0.022504339,-0.0002583731,-0.11171707,-0.11159792,0.000119149685,0.0069248867,0.007955602,0.0010307156,0.46781614,0.45748118,-0.010334969,0.108841404,0.15007004,0.041228637
91.89954,1.9999999,0.3315378,0.46781614,-2.2358432,0.108841404,0.75665617,0.4445491,0.1261976,2.2701693,0.019376907,-0.031090103,-0.4383393,0.023444427,0.023619968,0.00017554127,-0.11132114,-0.11191745,-0.00059631467,0.004622602,0.005533044,0.0009104423,0.46996096,0.47698256,0.007021606,0.076062664,0.11248036,0.036417693
91.94955,1.9999999,0.30221826,0.46996096,-2.2170024,0.076062664,-0.8997818,-0.37896463,0.07914783,2.2681577,0.014445956,-0.03758271,0.07756464,0.023616446,0.023777157,0.00016071089,-0.1108535,-0.110909455,-5.595386e-05,0.004303979,0.0042418204,-6.21588e-05,0.4746969,0.48112532,0.0064284205,0.09609649,0.09361015,-0.0024863407
91.99954,1.9999999,0.28756937,0.4746969,-2.2171378,0.09609649,-0.028758992,0.111890435,0.121565476,2.2638414,0.012144069,-0.023333639,-0.03700151,0.02418148,0.024026072,-0.00015540794,-0.11139681,-0.1109316,0.00046521425,0.0064763622,0.0051291245,-0.0013472377,0.49256226,0.4863459,-0.006216377,0.162958,0.10906847,-0.053889528
92.049545,1.9999999,0.2729205,0.49256226,-2.2387347,0.162958,-0.67528015,0.45636576,0.14384936,2.2756345,0.016589543,-0.041282862,0.058029357,0.02480443,0.024946854,0.00014242344,-0.11147277,-0.11197404,-0.0005012676,0.008117702,0.008002001,-0.000115701,0.4996149,0.5053119,0.005697012,0.16175008,0.15712202,-0.0046280622
92.09955,1.9999999,0.26559603,0.4996149,-2.220176,0.16175008,-0.79735,0.7687528,0.13240775,2.259737,0.014312047,-0.017530702,0.22606377,0.025565041,0.02538848,-0.000176562,-0.11103864,-0.11096406,7.458031e-05,0.0073336735,0.007706761,0.00037308736,0.52298677,0.5159243,-0.0070624948,0.13159686,0.14652035,0.014923483
92.14954,1.9999999,0.25094715,0.52298677,-2.2213695,0.13159686,0.79843444,0.62828267,0.09999144,2.2753737,0.01943856,-0.018676484,-0.23716684,0.026345795,0.02645418,0.00010838546,-0.11097113,-0.111071125,-9.999424e-05,0.006246726,0.00629471,4.7984067e-05,0.53084505,0.53518045,0.0043354034,0.11827217,0.12019154,0.0019193664
92.19955,1.9999999,0.19965427,0.53084505,-2.2174757,0.11827217,-2.0348105,0.032995414,0.12684998,2.2644303,0.015052822,-0.041247386,-0.025816258,0.026904836,0.026822716,-8.21203e-05,-0.11044748,-0.11085992,-0.0004124418,0.0047477987,0.0058498615,0.0011020629,0.54534835,0.5420637,-0.0032846332,0.071639776,0.11572228,0.044082507
92.24954,1.9999999,0.18500538,0.54534835,-2.2004235,0.071639776,-1.3467082,0.31340784,0.117187776,2.265972,0.006191087,-0.02125811,0.1706543,0.027379703,0.027594183,0.00021447986,-0.1097379,-0.109875344,-0.00013744086,0.0039597284,0.0038076087,-0.00015211967,0.54983974,0.5584189,0.008579195,0.08674935,0.08066458,-0.00608477
92.299545,1.9999999,0.1703565,0.54983974,-2.1890926,0.08674935,0.33503115,0.30494878,0.12885118,2.2643998,0.020885598,-0.024181956,-0.09685372,0.028055333,0.02777173,-0.00028360263,-0.10969374,-0.10942396,0.00026978552,0.004760986,0.004446493,-0.0003144932,0.57237357,0.5610293,-0.011344254,0.103690095,0.09111036,-0.012579732
92.34955,1.9999999,0.15570761,0.57237357,-2.198657,0.103690095,-0.056785442,0.7072852,0.10545468,2.2686968,0.01846216,-0.030943481,0.24845842,0.029079596,0.028925736,-0.00015386008,-0.11071827,-0.109891556,0.0008267164,0.004978305,0.0050422745,6.396929e-05,0.59081024,0.5846559,-0.0061543584,0.095442116,0.09800087,0.002558753
92.39954,1.9999999,0.14103693,0.59081024,-2.2300737,0.095442116,-0.35752523,0.6277579,0.07386517,2.2748008,0.008141698,0.0006638848,0.350829,0.029676527,0.02992689,0.00025036372,-0.111307934,-0.1113472,-3.926456e-05,0.003323787,0.0045408467,0.0012170598,0.5962508,0.60626537,0.010014594,0.037509356,0.08619174,0.048682388
92.44955,1.9999999,0.11173916,0.5962508,-2.2222438,0.037509356,-0.19465339,0.5682073,0.0505609,2.277427,0.020219175,0.004139419,-0.03779913,0.02993151,0.030152071,0.0002205614,-0.11121184,-0.110953346,0.00025849044,0.0018467223,0.001996719,0.00014999672,0.6010096,0.6098319,0.008822322,0.036359537,0.042359408,0.0059998706
92.49954,1.9999999,0.07511695,0.6010096,-2.2262297,0.036359537,-1.4557506,0.5182524,0.06694494,2.2903862,0.023425432,-0.0031160284,-0.33632618,0.030295044,0.03041637,0.000121325254,-0.11125596,-0.11125348,2.4810433e-06,0.004047273,0.0023184093,-0.0017288639,0.6107922,0.61564505,0.0048528314,0.12553139,0.056376833,-0.06915456
92.549545,1.9999999,0.08976583,0.6107922,-2.2240086,0.12553139,-1.3412611,0.101763755,0.12268746,2.2859213,0.024330666,-0.0294932,-0.021988539,0.030869907,0.030902034,3.2126904e-05,-0.1114068,-0.11120757,0.00019923598,0.0072890827,0.0059575476,-0.0013315352,0.6240041,0.6252891,0.0012849569,0.16603191,0.11277052,-0.05326139
92.59955,1.9999999,0.10441472,0.6240041,-2.2322636,0.16603191,0.35744718,-0.20304425,0.11345805,2.295682,0.0024084658,-0.0053148824,0.4362547,0.031347375,0.031705704,0.00035832822,-0.1108905,-0.11163487,-0.0007443726,0.006705886,0.0073956414,0.0006897552,0.62989086,0.64422387,0.01433301,0.10220354,0.12979373,0.027590193
92.64954,1.9999999,0.1190636,0.62989086,-2.2033565,0.10220354,0.5184362,0.4395383,0.120294936,2.285331,0.009388025,0.014132272,-0.2767315,0.032144427,0.03183821,-0.00030621886,-0.10988372,-0.11017008,-0.00028636307,0.005934786,0.004526009,-0.0014087772,0.65588623,0.64363754,-0.012248695,0.13518791,0.07883681,-0.056351095
92.69955,1.9999999,0.25094715,0.65588623,-2.1919923,0.13518791,-0.0288588,0.5049442,0.13169841,2.2858644,0.01369096,-0.032988034,-0.447434,0.033345524,0.033012178,-0.00033334643,-0.11009523,-0.109641455,0.0004537776,0.0065400717,0.0063415924,-0.00019847928,0.6779347,0.6646009,-0.013333797,0.12641497,0.11847577,-0.007939197
92.74954,1.9999999,0.2436227,0.6779347,-2.211817,0.12641497,-0.672259,0.076109074,0.12449518,2.2938101,0.012043957,-0.030611128,0.04249294,0.033958495,0.034189697,0.00023120269,-0.10987605,-0.110697284,-0.0008212328,0.0064362674,0.0060039517,-0.00043231575,0.6804052,0.68965316,0.009247959,0.13103572,0.1137431,-0.017292619
92.799545,1.9999999,0.2436227,0.6804052,-2.183225,0.13103572,-1.2874514,0.003610011,0.1372362,2.2963877,0.0061309035,-0.028738739,-0.043061074,0.03411779,0.034327246,0.00020945445,-0.10920102,-0.10923733,-3.630668e-05,0.0065248045,0.006331301,-0.00019350369,0.68430644,0.69268453,0.0083780885,0.12995647,0.12221631,-0.0077401623
92.84955,1.9999999,0.25094715,0.68430644,-2.184816,0.12995647,-0.86164695,-0.09258822,0.13983515,2.283887,0.0066809095,-0.034917235,0.23911433,0.034702584,0.034580417,-0.00012216717,-0.109329194,-0.10921802,0.00011117011,0.006565412,0.0063983323,-0.00016707974,0.7037969,0.6989101,-0.004886806,0.13266002,0.12597683,-0.0066831857
92.89954,1.9999999,0.23629826,0.7037969,-2.1883519,0.13266002,-0.2580439,0.105495185,0.11401042,2.2931774,0.012126373,-0.0048273057,0.2583229,0.035459347,0.035620153,0.00016080588,-0.10929387,-0.10933643,-4.2557716e-05,0.0059992713,0.00641848,0.00041920878,0.71457696,0.72100914,0.0064321756,0.10731084,0.124079175,0.016768336
92.94955,1.9999999,0.2216276,0.71457696,-2.1834033,0.10731084,0.09411007,0.06345265,0.11492324,2.2924092,0.010019933,-0.0090849465,0.12964858,0.035966244,0.036107596,0.00014135242,-0.10933627,-0.109018624,0.00031764805,0.0055828486,0.0053755343,-0.00020731427,0.7240728,0.72972673,0.005653918,0.11600311,0.107710525,-0.008292586
92.99954,1.9999999,0.21430315,0.7240728,-2.1900477,0.11600311,0.054173533,0.26182094,0.11875753,2.293886,0.012178234,0.008137553,-0.10707776,0.036247693,0.036544986,0.00029729307,-0.109160155,-0.10940149,-0.00024133176,0.0062670955,0.0056826784,-0.000584417,0.7258349,0.7377267,0.011891782,0.1346807,0.111304015,-0.023376688
93.049545,1.9999999,0.20697871,0.7258349,-2.1763585,0.1346807,0.3176157,0.64870405,0.10024105,2.295061,0.014425651,-0.019792723,-0.22343723,0.03681687,0.03657491,-0.0002419576,-0.10881517,-0.10879067,2.4497509e-05,0.006186353,0.0064146477,0.00022829464,0.7468398,0.73716146,-0.009678364,0.112773426,0.1219052,0.009131774
93.09955,1.9999999,0.20697871,0.7468398,-2.1762483,0.112773426,-1.1184384,0.16662128,0.096098095,2.2932947,0.01175677,-0.01420617,0.18317184,0.037782315,0.037674643,-0.000107672065,-0.10865936,-0.10875026,-9.0904534e-05,0.004763941,0.005398333,0.00063439226,0.7644529,0.7601458,-0.0043070912,0.0777842,0.10315989,0.025375687
93.14954,1.9999999,0.20697871,0.7644529,-2.170126,0.0777842,-0.09207068,0.26148677,0.09439345,2.3006423,0.0011818663,-0.0014755392,0.27561432,0.038482547,0.038575232,9.268522e-05,-0.10841834,-0.10832872,8.961558e-05,0.0042295493,0.003952586,-0.00027696323,0.77484906,0.77855635,0.0037072897,0.09139777,0.08031924,-0.011078529
93.19955,1.9999999,0.20697871,0.77484906,-2.1666076,0.09139777,0.84826744,0.34866512,0.10322579,2.2916965,0.00885336,0.013355261,-0.1617708,0.039043445,0.039056826,1.3381243e-05,-0.10805056,-0.10825205,-0.00020148605,0.0046024774,0.004596647,-5.830545e-06,0.7868887,0.7874241,0.0005353689,0.09270134,0.092468105,-0.00023323298
93.24954,1.9999999,0.20697871,0.7868887,-2.155415,0.09270134,-0.67626625,0.4961382,0.107373156,2.3054981,0.0065526254,-0.01765262,-0.19179587,0.039419584,0.039615314,0.00019573048,-0.107480854,-0.1077198,-0.00023894757,0.005369935,0.004665044,-0.00070489105,0.7898946,0.7977239,0.0078293085,0.12209606,0.09390042,-0.028195642
93.299545,1.9999999,0.3315378,0.7898946,-2.143819,0.12209606,-0.49961346,0.14605184,0.1274706,2.294415,0.0079889,-0.005824327,-0.027340233,0.040065903,0.03981873,-0.000247173,-0.10705284,-0.10710895,-5.6110322e-05,0.005551443,0.0061385757,0.00058713276,0.8127416,0.8028545,-0.009887099,0.09996165,0.12344696,0.023485303
93.34955,1.9999999,0.26559603,0.8127416,-2.1382945,0.09996165,0.101667725,0.2309433,0.09779641,2.3036623,0.010978791,-0.020386644,-0.31867695,0.040859666,0.040924925,6.5259635e-05,-0.10689016,-0.106926166,-3.6008656e-05,0.004950066,0.0051653027,0.00021523656,0.8216451,0.82425547,0.0026103854,0.09804098,0.10665044,0.008609459
93.39954,1.9999999,0.2436227,0.8216451,-2.137312,0.09804098,-0.56559455,-0.11975355,0.11306206,2.3023484,0.0152525725,-0.03769202,-0.039083403,0.041300338,0.041329388,2.9049814e-05,-0.106898986,-0.10687455,2.4437904e-05,0.005033942,0.005027993,-5.948823e-06,0.8303684,0.8315304,0.0011619925,0.10331669,0.103078745,-0.00023794174
93.44955,1.9999999,0.21430315,0.8303684,-2.1386476,0.10331669,-0.50087047,0.7560027,0.09970353,2.3051982,0.017610913,-0.024294984,0.22207217,0.041895162,0.041815255,-7.990748e-05,-0.10693184,-0.10687063,6.121397e-05,0.0049178596,0.005103011,0.00018515158,0.8454381,0.8422418,-0.003196299,0.09339769,0.100803755,0.0074060634
93.49954,1.9999999,0.21430315,0.8454381,-2.138626,0.09339769,-0.6030861,0.5505634,0.09743349,2.3009164,0.014672561,-0.015484804,-0.008397862,0.042610195,0.042563155,-4.703924e-05,-0.10692868,-0.106812455,0.00011622161,0.0051420587,0.004702937,-0.00043912185,0.8589697,0.85708815,-0.0018815398,0.11228465,0.09471979,-0.017564863
93.549545,1.9999999,0.20697871,0.8589697,-2.138521,0.11228465,-0.76224405,-0.043593146,0.1094523,2.3089113,0.011486401,-0.02513477,-0.16267718,0.043088518,0.043234147,0.00014562905,-0.10685793,-0.106853925,4.0084124e-06,0.005458498,0.0056210714,0.00016257353,0.8645711,0.87039614,0.0058250427,0.10605526,0.1125582,0.0065029413
93.59955,1.9999999,0.22895204,0.8645711,-2.1357963,0.10605526,-0.40532267,-0.20702262,0.10454598,2.3115437,0.010342614,-0.031752523,0.3292962,0.043337654,0.043581713,0.00024405867,-0.106476635,-0.10665219,-0.00017555803,0.005294024,0.0053241826,3.0158553e-05,0.86893505,0.87869716,0.009762108,0.1057057,0.106912054,0.0012063533
93.64954,1.9999999,0.2436227,0.86893505,-2.123269,0.1057057,-0.6202346,-0.17781009,0.10002799,2.310017,0.010771155,0.0077948496,0.030733824,0.04412037,0.04384168,-0.0002786927,-0.10640282,-0.10602745,0.00037537515,0.0043817395,0.005278637,0.00089689763,0.89587986,0.88473195,-0.011147916,0.06956389,0.105439775,0.035875887
93.69955,1.9999999,0.17768094,0.89587986,-2.1328437,0.06956389,-0.49399135,-0.12225125,0.094837084,2.310008,0.011445607,-0.02867914,-0.051026225,0.045172006,0.045080617,-9.138882e-05,-0.106322296,-0.10648581,-0.00016351044,0.003942789,0.0037093856,-0.0002334034,0.91100043,0.9073449,-0.0036555529,0.08814768,0.07881153,-0.009336151
93.74954,1.9999999,0.26559603,0.91100043,-2.120048,0.08814768,0.31447086,0.38262996,0.09543957,2.3136594,0.014226212,0.0026922273,0.38694704,0.04559432,0.04588036,0.00028603896,-0.105836235,-0.10578322,5.301833e-05,0.004494406,0.0045590037,6.459793e-05,0.91277236,0.9242139,0.011441529,0.09162855,0.09421247,0.002583921
93.799545,1.9999999,0.31686714,0.91277236,-2.1134014,0.09162855,0.12428872,0.35353336,0.0838944,2.3187625,0.0093215015,0.010015561,0.076299645,0.04576023,0.045965344,0.00020511448,-0.10560132,-0.10539719,0.000204131,0.004938887,0.0048851357,-5.3751282e-05,0.91763675,0.92584133,0.008204579,0.10592692,0.103776865,-0.0021500587
93.84955,1.9999999,0.33886227,0.91763675,-2.110651,0.10592692,-1.109942,0.88962084,0.116621435,2.3171556,0.0127886385,0.010322192,-0.23543991,0.046111792,0.046233524,0.00012173131,-0.105572976,-0.10526065,0.00031232834,0.005545222,0.0057474966,0.00020227442,0.9268349,0.9317042,0.004869342,0.11588196,0.12397292,0.008090965
93.89954,1.9999999,0.33886227,0.9268349,-2.112268,0.11588196,-1.3503585,0.23299731,0.12321945,2.3200362,0.011671622,-0.01352843,-0.43665344,0.046464633,0.046734024,0.00026939064,-0.10540008,-0.10538953,1.0550022e-05,0.006254703,0.0064604045,0.00020570168,0.9317505,0.9425261,0.010775626,0.13430616,0.14253423,0.008228064
93.94955,1.9999999,0.3242134,0.9317505,-2.1037352,0.13430616,-0.38117996,0.16897736,0.12676595,2.3029528,0.006992061,-0.03334315,-0.18768826,0.046957847,0.046946425,-1.142174e-05,-0.10502063,-0.1050239,-3.2708049e-06,0.0070291297,0.0071397065,0.00011057686,0.9465634,0.9461065,-0.0004569292,0.14685903,0.1512821,0.004423067
93.99954,1.9999999,0.3242134,0.9465634,-2.09709,0.14685903,0.12771882,0.29410467,0.12511867,2.3049402,0.0062087113,-0.032297257,0.014559858,0.047742337,0.047663003,-7.933378e-05,-0.10447477,-0.104768656,-0.00029388815,0.0069759027,0.0074161473,0.00044024456,0.9631301,0.95995665,-0.0031734705,0.13217707,0.14978683,0.01760976
94.049545,1.9999999,0.31686714,0.9631301,-2.0819008,0.13217707,-0.29658583,0.3429962,0.12009981,2.3045995,0.007686569,-0.031887166,-0.020742185,0.04857166,0.04845665,-0.00011501089,-0.103844464,-0.104019776,-0.00017531216,0.0060268776,0.006726621,0.0006997436,0.9797364,0.97513586,-0.004600525,0.10889802,0.13688779,0.027989767
94.09955,1.9999999,0.2948938,0.9797364,-2.0718777,0.10889802,-0.11516324,0.45646885,0.12189321,2.3011062,0.01142801,-0.034371473,-0.065401465,0.049370673,0.04926277,-0.00010790303,-0.103684135,-0.1035214,0.00016273558,0.0052031423,0.0057887114,0.00058556907,0.9950905,0.99077415,-0.00431633,0.09922767,0.12265043,0.023422763
94.14954,1.9999999,0.2729205,0.9950905,-2.0754876,0.09922767,0.06750499,0.15750144,0.12025378,2.301867,0.017207539,-0.038427312,0.12835881,0.050203532,0.05002908,-0.00017445162,-0.10396808,-0.10368003,0.0002880469,0.005247326,0.0053832135,0.00013588741,1.0130508,1.0060726,-0.006978154,0.11066537,0.11610087,0.0054354966
94.19955,1.9999999,0.2729205,1.0130508,-2.0832353,0.11066537,-0.13490082,0.03287841,0.117185846,2.30686,0.023098717,-0.021535592,0.36575943,0.05076154,0.051010687,0.00024914742,-0.10367002,-0.103963315,-0.0002932921,0.0056083156,0.0057946085,0.00018629292,1.0174108,1.0273767,0.009965897,0.11366725,0.121118955,0.0074517056
94.24954,1.9999999,0.25094715,1.0174108,-2.0635655,0.11366725,-0.37763986,0.26895013,0.11324338,2.3023107,0.0069263596,-0.0018513711,0.1973305,0.050771985,0.05126927,0.0004972853,-0.10288125,-0.10289623,-1.4975667e-05,0.0052831275,0.005855118,0.0005719904,1.0134687,1.0333601,0.019891381,0.09765785,0.12053747,0.022879615
94.299545,1.9999999,0.2582716,1.0134687,-2.0516844,0.09765785,-0.7070477,0.3887055,0.10556164,2.3069596,0.0126899155,-0.0018025425,-0.04117992,0.05160797,0.051041313,-0.00056665763,-0.10265017,-0.102267325,0.00038284808,0.004760937,0.005144078,0.00038314098,1.05085,1.0281837,-0.022666335,0.09277963,0.10810526,0.015325628
94.34955,1.9999999,0.17768094,1.05085,-2.0543225,0.09277963,0.14233075,0.83165526,0.08803113,2.3088994,0.012970769,-0.0059693633,0.025323221,0.0526841,0.052869584,0.00018548593,-0.102665946,-0.1024519,0.00021404773,0.0045844656,0.0047070915,0.00012262585,1.0565139,1.0639335,0.007419586,0.090599,0.09550402,0.0049050227
94.39954,1.9999999,0.19232982,1.0565139,-2.0523155,0.090599,0.29689774,0.10680038,0.09169819,2.3104444,0.0074948096,0.0007297797,-0.045578897,0.052972514,0.053153586,0.00018107146,-0.10256814,-0.102436185,0.00013195723,0.0047986913,0.004577528,-0.00022116303,1.0623866,1.0696295,0.007242918,0.10134866,0.092502125,-0.008846536
94.44955,1.9999999,0.21430315,1.0623866,-2.0504103,0.10134866,0.13729699,0.048958074,0.086809166,2.3147724,0.013505087,-0.010527253,-0.124996774,0.053185523,0.053418845,0.00023332238,-0.10206026,-0.10244081,-0.0003805533,0.0051394645,0.005026617,-0.000112847425,1.0650343,1.074367,0.009332776,0.10422993,0.09971602,-0.0045139045
94.49954,1.9999999,0.2582716,1.0650343,-2.032,0.10422993,0.008817638,0.34397897,0.107486844,2.3109827,0.010119994,-0.011769898,0.051309276,0.05369051,0.053547528,-0.00014298409,-0.10187446,-0.10150144,0.00037302077,0.0055199396,0.005182765,-0.00033717463,1.0825862,1.0768665,-0.0057196617,0.116567664,0.10308065,-0.013487011
94.549545,1.9999999,0.2436227,1.0825862,-2.0429785,0.116567664,0.1229192,0.34192598,0.10681065,2.3177655,0.005601547,-0.0053963256,-0.049742855,0.05434318,0.05442822,8.504093e-05,-0.10175347,-0.10206499,-0.00031151623,0.00553291,0.005745025,0.00021211477,1.0911411,1.0945429,0.0034017563,0.10474875,0.113233335,0.008484587
94.59955,1.9999999,0.2436227,1.0911411,-2.0271606,0.10474875,0.44335923,1.0400904,0.11214817,2.3172657,0.00045310444,-0.016744183,-0.15817466,0.054633964,0.054818656,0.00018469244,-0.10109159,-0.10132451,-0.00023292005,0.0055128136,0.0052342573,-0.00027855625,1.0942174,1.1016052,0.0073877573,0.11576379,0.10462153,-0.011142261
94.64954,1.9999999,0.21430315,1.0942174,-2.016503,0.11576379,-0.6609493,0.29989955,0.0854901,2.320726,0.009295733,-0.021213792,0.09463322,0.0556191,0.055011105,-0.00060799345,-0.101420306,-0.100740306,0.0006799996,0.004185906,0.005666202,0.0014802958,1.1305465,1.1062267,-0.024319768,0.051672462,0.11088429,0.059211824
94.69955,1.9999999,0.0,1.1305465,-2.0403092,0.051672462,0.117618814,1.0875137,0.059983876,2.3282747,0.018139008,-0.0072808615,0.16658483,0.056675542,0.056822132,0.00014659017,-0.10216619,-0.1019127,0.0002534911,0.001132634,0.0024046663,0.0012720323,1.1364752,1.142339,0.0058637857,-0.006367104,0.04451419,0.050881296
94.74954,1.9999999,0.0,1.1364752,-2.0463383,-0.006367104,1.3458531,-0.040058933,-0.011456581,2.3518748,0.023717493,-0.004555309,0.14898264,0.056678936,0.057100285,0.00042134896,-0.10211715,-0.10221926,-0.00010211021,-0.00088215276,-0.00028749555,0.0005946572,1.1306821,1.1475364,0.016854286,-0.028919008,-0.005132716,0.023786291
94.94955,1.9999999,0.0,1.1276431,-2.0284233,0.034701362,-0.6913197,-0.10522422,0.016531575,2.3445504,0.024699947,-0.014230092,-0.08962801,0.056412857,0.05659447,0.00018161163,-0.101301834,-0.10136437,-6.253272e-05,0.001437915,0.0016814315,0.00024351652,1.1288711,1.1361357,0.007264614,0.022815242,0.0325559,0.009740658
94.99954,1.9999999,0.0,1.1288711,-2.0236502,0.022815242,-1.0656536,-0.18771642,0.018394278,2.3404617,0.026370566,-0.010437368,0.12146385,0.05638888,0.05665046,0.0002615787,-0.101007044,-0.101109564,-0.00010251999,0.0010758898,0.0010260398,-4.9849972e-05,1.1266841,1.1371473,0.010463238,0.02022035,0.018226348,-0.0019940026
95.049545,1.9999999,0.0,1.1266841,-2.0166316,0.02022035,-1.2599937,0.26581284,0.019664193,2.332977,0.019925902,-0.0020837074,0.11222923,0.056140594,0.056532513,0.00039191917,-0.10036522,-0.1007389,-0.00037367642,0.00079127576,0.0009737365,0.00018246076,1.1189396,1.1346167,0.015677094,0.011430679,0.01872911,0.0072984304
95.09955,1.9999999,0.0,1.1189396,-1.9979773,0.011430679,-0.7382024,0.2646611,0.019487461,2.3334239,0.014113531,0.0007855536,-0.009508377,0.055859447,0.05613258,0.00027313456,-0.099688545,-0.099759154,-7.060915e-05,0.0005733819,0.00065110234,7.772044e-05,1.1154383,1.1263633,0.010924935,0.011504597,0.014613412,0.0031088153
95.14954,1.9999999,0.0,1.1154383,-1.9895648,0.011504597,0.44357628,0.06765695,0.013332732,2.3194404,0.03033494,-0.003034545,-0.18410401,0.05593571,0.055906918,-2.8792769e-05,-0.09965613,-0.09939085,0.00026527792,0.00058876205,0.0006283689,3.960688e-05,1.1219902,1.1208383,-0.0011519194,0.012045886,0.013630163,0.0015842766
95.24954,1.9999999,0.0,1.1190383,-1.9875188,-0.0033675707,0.9139573,-0.031210404,0.003046656,2.3161466,0.017068073,-0.011503387,0.10032665,0.056044403,0.05608325,3.8847327e-05,-0.09950637,-0.099255346,0.00025102496,-0.00011291808,-0.00014354811,-3.0630028e-05,1.1227378,1.1242917,0.0015538931,-0.0011491528,-0.0023743547,-0.001225202
95.299545,1.9999999,0.0,1.1227378,-1.9927359,-0.0011491528,0.42643434,0.6040872,0.012721466,2.3139808,0.024855489,-0.007592182,0.01981191,0.056068003,0.056206495,0.00013849139,-0.09949308,-0.09955945,-6.636977e-05,0.00022798545,5.4341555e-05,-0.0001736439,1.1199825,1.1255221,0.0055396557,0.010268571,0.0033228137,-0.006945757
95.34955,1.9999999,0.0,1.1199825,-1.9869871,0.010268571,-2.120632,0.01353406,0.019859893,2.3084865,0.02784777,-0.009522196,-0.2895937,0.05597726,0.05609609,0.00011882931,-0.099195085,-0.09926749,-7.240474e-05,0.0009384143,0.00076622237,-0.00017219194,1.1191078,1.123861,0.004753113,0.027268,0.020380322,-0.006887678
95.39954,1.9999999,0.0,1.1191078,-1.9808162,0.027268,-1.6275433,-0.13154988,0.028404484,2.3008447,0.016725004,-0.036551554,0.13560277,0.05597674,0.056076225,9.948388e-05,-0.09900445,-0.09899449,9.953976e-06,0.0006662004,0.0011486063,0.00048240589,1.1199617,1.1239412,0.0039794445,-0.00061998353,0.018676251,0.019296234
95.44955,1.9999999,0.0,1.1199617,-1.9793618,-0.00061998353,0.8625574,-0.17180805,0.023970334,2.2969897,0.023005802,0.0040380806,0.4260515,0.05595199,0.05619005,0.00023806095,-0.098731324,-0.09884743,-0.0001161024,0.0006555756,-0.000119979864,-0.00077555544,1.1181178,1.1276402,0.009522438,0.026843008,-0.0041792057,-0.031022213
95.49954,1.9999999,0.0,1.1181178,-1.9698911,0.026843008,-0.8544468,0.7921051,0.012638122,2.2963638,0.02514702,0.0060535977,-0.2207469,0.05591679,0.056028377,0.000111587346,-0.098391235,-0.098372005,1.9229949e-05,0.0011904044,0.0014114295,0.00022102508,1.1185539,1.1230172,0.004463315,0.02077317,0.02961417,0.008840999
95.549545,1.9999999,0.0,1.1185539,-1.9657582,0.02077317,-0.13461055,0.27096808,0.013127968,2.2988076,0.020396862,-0.01803661,-0.19627392,0.055932682,0.05606192,0.00012923777,-0.09820561,-0.0982139,-8.292496e-06,0.00067456666,0.0011091166,0.00043454993,1.1187534,1.1239228,0.0051693916,0.0062094964,0.023591492,0.017381996
95.59955,1.9999999,0.0,1.1187534,-1.9624662,0.0062094964,1.0045466,-0.49508172,0.010338429,2.2927213,0.02151157,-0.013573796,-0.011850895,0.055953994,0.056045987,9.199232e-05,-0.098141104,-0.09802584,0.00011526048,0.00041976766,0.0002563175,-0.00016345017,1.1194063,1.1230861,0.0036797523,0.01058121,0.004043203,-0.0065380074
95.64954,1.9999999,0.0,1.1194063,-1.963178,0.01058121,-0.16399032,0.29843345,0.014840594,2.2900414,0.022250095,-0.019221699,0.10108881,0.056098193,0.056052137,-4.6055764e-05,-0.09818383,-0.09807495,0.000108882785,0.0005854511,0.00049423426,-9.121682e-05,1.1245214,1.1226794,-0.001842022,0.012836834,0.009188164,-0.0036486704
95.69955,1.9999999,0.0,1.1245214,-1.9641752,0.012836834,-1.4928224,0.1724767,0.019500725,2.2848182,0.034306735,-0.0034649146,0.08441283,0.05618986,0.056313407,0.00012354553,-0.098150276,-0.09813876,1.1518598e-05,2.4970306e-05,0.0006494528,0.00062448246,1.1230731,1.128015,0.0049419403,-0.011838022,0.013141278,0.0249793
95.74954,1.9999999,0.0,1.1230731,-1.9618357,-0.011838022,-0.99625075,-0.43906143,0.02029321,2.2906039,0.02316063,-0.010780416,-0.10003037,0.05622781,0.05620836,-1.944974e-05,-0.09811069,-0.097998284,0.00011240691,4.761243e-05,-0.00040314347,-0.0004507559,1.1260393,1.1252614,-0.0007778406,0.01374252,-0.004287716,-0.018030236
95.799545,1.9999999,0.0,1.1260393,-1.9625918,0.01374252,0.2807252,0.011810989,0.013305922,2.279141,0.027514374,-0.013467952,-0.098626934,0.056299962,0.05634379,4.382804e-05,-0.09808065,-0.0980778,2.8535724e-06,0.00069643115,0.00073970837,4.327722e-05,1.1259593,1.1277122,0.0017529726,0.014114726,0.015845817,0.0017310902
95.84955,1.9999999,0.0,1.1259593,-1.9606342,0.014114726,-0.5085887,0.7284155,0.020828834,2.2838898,0.031639606,-0.02064311,0.10726815,0.056274727,0.056352492,7.7765435e-05,-0.097933665,-0.09799604,-6.237626e-05,0.00083922,0.00067279505,-0.00016642496,1.1250298,1.1281404,0.0031106472,0.019454075,0.01279708,-0.006656995
95.89954,1.9999999,0.0,1.1250298,-1.9567124,0.019454075,-0.77360934,0.10958394,0.013054795,2.2824519,0.03135621,-0.002741137,0.14569363,0.05631685,0.056392103,7.525459e-05,-0.09782473,-0.097759314,6.54161e-05,0.0006016148,0.00089708605,0.00029547123,1.1276442,1.1306543,0.0030101538,0.0046105175,0.016429368,0.01181885
95.94955,1.9999999,0.0,1.1276442,-1.9562768,0.0046105175,-0.38740546,0.28120354,0.010636417,2.2829516,0.031549,-0.006073746,-0.027579004,0.05641591,0.05651579,9.987876e-05,-0.097861506,-0.09772023,0.00014127791,0.00021798068,0.00032189247,0.00010391179,1.1289923,1.1329874,0.003995061,0.0041087097,0.008265182,0.0041564726
95.99954,1.9999999,0.0,1.1289923,-1.9581834,0.0041087097,0.28919408,0.45660478,0.0155510465,2.2845702,0.02672131,-0.0054990374,0.1126998,0.0563668,0.05659033,0.0002235286,-0.09774142,-0.09781207,-7.0653856e-05,0.00074307865,0.00030195044,-0.0004411282,1.1256797,1.1346208,0.008941054,0.025614435,0.007969309,-0.017645126
96.049545,1.9999999,0.0,1.1256797,-1.9514735,0.025614435,-0.7675499,0.1011338,0.011694947,2.281393,0.03587454,0.005196234,0.077031866,0.05621429,0.056475427,0.0002611354,-0.09731595,-0.097452,-0.0001360476,0.0010048406,0.001201927,0.00019708637,1.1228919,1.1333374,0.010445476,0.014579186,0.022462644,0.0078834575
96.09955,1.9999999,0.0,1.1228919,-1.9411646,0.014579186,-1.2097965,0.16802263,0.011912825,2.2825358,0.03258497,0.002204149,-0.14713082,0.056161005,0.056356397,0.00019539148,-0.09707113,-0.096906565,0.00016456842,0.0007608647,0.0008298382,6.897352e-05,1.1235483,1.1313637,0.00781548,0.0158554,0.01861434,0.0027589407
96.14954,1.9999999,0.0,1.1235483,-1.9416808,0.0158554,0.056640424,0.12890925,0.005920821,2.2795684,0.03276741,-0.009516847,-0.16079144,0.05648487,0.056351025,-0.00013384596,-0.09758852,-0.09697189,0.00061662495,0.0005547271,0.0007976115,0.00024288439,1.1358465,1.1304927,-0.0053538084,0.006333683,0.016049061,0.009715378
96.19955,1.9999999,0.0,1.1358465,-1.9618598,0.006333683,0.15767437,0.2543435,0.014857888,2.285182,0.033989385,-0.0138749955,0.07708112,0.05659455,0.05690774,0.00031318888,-0.09767454,-0.09801223,-0.00033769011,0.000543355,0.00021512025,-0.00032823475,1.1279355,1.1404632,0.012527704,0.015400518,0.002271127,-0.013129391
96.24954,1.9999999,0.0,1.1279355,-1.9451219,0.015400518,0.58705205,1.4280771,0.0017492615,2.2741394,0.028783869,-0.0018087357,-0.059198003,0.056449175,0.05655668,0.00010750443,-0.09727417,-0.097203314,7.085502e-05,0.0005543437,0.0009165892,0.00036224554,1.1300315,1.1343317,0.0043002367,0.0067732283,0.021263048,0.01448982
96.299545,1.9999999,0.0,1.1300315,-1.9458449,0.0067732283,-0.2250462,0.36599746,0.010839202,2.2803264,0.030460425,-0.019794796,-0.12986545,0.056672264,0.056674864,2.6002526e-06,-0.09750448,-0.09725348,0.0002510026,0.0007340051,0.000604582,-0.0001294231,1.136859,1.136963,0.0001039505,0.022586977,0.017410047,-0.0051769298
96.34955,1.9999999,0.0,1.136859,-1.9543343,0.022586977,0.31488934,0.24466427,0.0010600863,2.2785742,0.028653776,-0.014795281,0.061288673,0.056702677,0.057036795,0.00033411756,-0.09745452,-0.09764472,-0.00019019842,0.0008682955,0.0010919509,0.00022365543,1.131248,1.1446127,0.013364673,0.012144841,0.021091057,0.008946216
96.39954,1.9999999,0.0,1.131248,-1.9438463,0.012144841,0.037547383,0.23391724,0.011394758,2.2733808,0.03544505,-0.0136659285,0.21945122,0.05650931,0.05674232,0.00023301318,-0.097074516,-0.097105384,-3.0867755e-05,0.00034811598,0.00047373268,0.0001256167,1.1291244,1.1384447,0.009320259,0.0017797973,0.0068044662,0.0050246688
96.44955,1.9999999,0.0,1.1291244,-1.9391344,0.0017797973,-0.26511577,0.43626675,0.012875078,2.2844594,0.027897855,0.007149841,0.15478954,0.056392986,0.0566123,0.00021931529,-0.096728526,-0.09687618,-0.0001476556,0.00019088904,0.00017189384,-1.8995197e-05,1.1265951,1.1353678,0.008772612,0.0058557643,0.005095955,-0.0007598093
96.49954,1.9999999,0.0,1.1265951,-1.9300066,0.0058557643,0.100325234,0.13372052,0.004642995,2.2742012,0.034106035,0.0018130251,-0.14258114,0.056389548,0.056478035,8.848682e-05,-0.096490175,-0.096463606,2.656877e-05,0.0004998412,0.00048762505,-1.2216129e-05,1.1289867,1.1325265,0.0035398006,0.014137883,0.013649233,-0.00048865005
96.549545,1.9999999,0.0,1.1289867,-1.9296005,0.014137883,-0.28624904,0.4395775,0.01277163,2.2773798,0.030681368,-0.007108272,0.082529865,0.056557074,0.05660782,5.0745904e-05,-0.09652046,-0.09640985,0.00011061132,0.0009212003,0.00075940194,-0.00016179838,1.1332961,1.1353263,0.0020301342,0.022710131,0.016238198,-0.006471934
96.69955,1.9999999,0.0,1.1380305,-1.9369926,0.017756285,0.12489093,0.428309,0.011096168,2.2751832,0.033531897,0.0012456609,0.09707954,0.056909844,0.05707213,0.00016228482,-0.09679822,-0.09677138,2.6836991e-05,0.00054113736,0.00084270723,0.00030156987,1.1383632,1.1448547,0.0064914227,0.0038892084,0.015952002,0.012062794
96.74954,1.9999999,0.0,1.1383632,-1.9349359,0.0038892084,0.07419519,0.008786254,0.008687241,2.271794,0.03395799,0.000102311824,-0.032223165,0.0569388,0.057061553,0.00012275204,-0.096729435,-0.09667355,5.5886805e-05,0.00048147692,0.00021493975,-0.0002665372,1.1391888,1.144099,0.0049102306,0.015369869,0.004708383,-0.010661486
96.799545,1.9999999,0.0,1.1391888,-1.9342413,0.015369869,0.24101068,0.33889902,0.014022523,2.2715867,0.027028022,-0.0019766556,0.14544496,0.05709212,0.057107687,1.5567988e-05,-0.096819334,-0.096618816,0.00020051748,0.00077410584,0.0007098388,-6.426702e-05,1.144496,1.1451187,0.0006227493,0.015594365,0.013023678,-0.0025706869
96.84955,1.9999999,0.0,1.144496,-1.9385319,0.015594365,0.18742998,-0.20039392,0.0049844375,2.270351,0.032122593,0.014646808,-0.044484198,0.05697623,0.05739219,0.0004159622,-0.09641579,-0.096817724,-0.00040193647,0.0006343754,0.0007322984,9.792304e-05,1.1345532,1.1511917,0.016638517,0.009780651,0.013697572,0.003916921
96.89954,1.9999999,0.0,1.1345532,-1.9180995,0.009780651,-0.8867985,0.06221169,0.021622732,2.2702012,0.031963885,-0.0064250757,-0.05906181,0.0569449,0.056836214,-0.000108685344,-0.09624033,-0.095801994,0.00043833256,0.00069050427,0.00047275165,-0.00021775262,1.1432428,1.1388954,-0.0043474436,0.017839521,0.009129416,-0.008710105
96.94955,1.9999999,0.0,1.1432428,-1.9315137,0.017839521,0.38969904,-0.058506656,0.01764135,2.2668622,0.03406252,0.008740627,-0.20301919,0.057104483,0.057275206,0.0001707226,-0.096414864,-0.09647972,-6.4857304e-05,0.00068844145,0.0008781163,0.00018967484,1.1409365,1.1477654,0.006828904,0.009698137,0.01728513,0.007586994
96.99954,1.9999999,0.0,1.1409365,-1.925081,0.009698137,0.69236517,0.09405268,0.0059082457,2.2654536,0.03457383,-0.026726995,-0.099581756,0.05715248,0.05712076,-3.1720847e-05,-0.09636749,-0.09617255,0.00019494444,0.0004689842,0.00042672976,-4.2254425e-05,1.1451627,1.143894,-0.0012687445,0.00906123,0.007371053,-0.0016901772
97.049545,1.9999999,0.0,1.1451627,-1.9296187,0.00906123,0.95270693,-0.009091367,0.005799641,2.2747397,0.024245478,-0.001217548,0.11570948,0.057113416,0.057362296,0.0002488792,-0.096110135,-0.09639436,-0.00028422475,0.00041763007,0.00040953403,-8.096045e-06,1.1393739,1.1493293,0.009955406,0.007643972,0.007320132,-0.00032383995
97.09955,1.9999999,0.0,1.1393739,-1.9147866,0.007643972,0.7435543,0.5995577,0.0015885757,2.2722504,0.028165163,-0.0151560465,-0.046336282,0.056987844,0.057029754,4.1909516e-05,-0.09575605,-0.095667206,8.884072e-05,0.0005719138,0.00039855615,-0.00017335764,1.1401399,1.1418164,0.0016764402,0.015232578,0.008298274,-0.006934304
97.14954,1.9999999,0.0,1.1401399,-1.9154552,0.015232578,0.55099064,0.43103242,-0.0016677541,2.2702525,0.031163013,-0.005851176,-0.015467544,0.05707062,0.05709317,2.2549182e-05,-0.09584013,-0.095696636,0.00014349073,0.0008194644,0.00073687563,-8.2588755e-05,1.1426848,1.143587,0.0009021759,0.017545996,0.014242448,-0.0033035483
97.19955,1.9999999,0.0,1.1426848,-1.9181497,0.017545996,-0.03336901,-0.037387256,0.013036097,2.2684767,0.041528966,-0.016702801,0.009947189,0.057148468,0.05722968,8.121133e-05,-0.095874764,-0.09582845,4.631281e-05,0.001358923,0.00080076867,-0.00055815437,1.1432538,1.1465025,0.0032486916,0.036810923,0.014484752,-0.022326171
97.24954,1.9999999,0.0,1.1432538,-1.9168408,0.036810923,-0.75903046,0.7682848,0.028943114,2.2648184,0.040124062,-0.004856457,-0.13659137,0.05727912,0.057283085,3.963709e-06,-0.09602187,-0.0957933,0.00022856891,0.0021653997,0.0017911199,-0.0003742798,1.147911,1.1480696,0.00015866756,0.049805067,0.034833875,-0.014971193
97.299545,1.9999999,0.0,1.147911,-1.924034,0.049805067,-0.71675575,0.43576178,0.026286112,2.2673023,0.038249012,-0.03036194,-0.12935148,0.05750867,0.057560455,5.178526e-05,-0.09629178,-0.09618578,0.00010599941,0.0017452248,0.0022516602,0.0005064354,1.1524359,1.1545073,0.0020713806,0.020003926,0.040261336,0.02025741
97.34955,1.9999999,0.0,1.1524359,-1.9276371,0.020003926,-0.6485549,0.007210569,0.021810522,2.269399,0.0346745,-0.017791605,0.24442844,0.057630863,0.057797015,0.00016615167,-0.09629668,-0.09632863,-3.194809e-05,0.0004665164,0.0006850511,0.0002185347,1.1527988,1.1594449,0.0066461563,-0.0013432697,0.0073981173,0.008741387
97.39954,1.9999999,0.0,1.1527988,-1.9242303,-0.0013432697,-0.88962525,0.3335005,0.017221589,2.2692525,0.029563034,-0.0059190947,0.14657806,0.057776008,0.057796843,2.0835549e-05,-0.09640457,-0.09611223,0.00029233843,0.00011268097,-1.1896156e-05,-0.00012457713,1.1582416,1.159075,0.00083339214,0.005850509,0.00086742267,-0.004983086
97.44955,1.9999999,0.0,1.1582416,-1.9319522,0.005850509,-0.059427388,0.17976275,0.014156781,2.2798636,0.032866295,-0.0031337996,0.11376021,0.057796046,0.058073428,0.0002773814,-0.096380934,-0.09649082,-0.00010988861,0.00051916396,0.000393142,-0.00012602197,1.1536002,1.1646951,0.011094928,0.01491605,0.009875171,-0.0050408794
97.49954,1.9999999,0.0,1.1536002,-1.923285,0.01491605,0.36223668,0.59224486,0.0054473355,2.27253,0.028194891,0.0054569263,0.025997568,0.0577229,0.05786195,0.00013905019,-0.09614341,-0.0960898,5.3606927e-05,0.00052910234,0.0008705739,0.00034147158,1.1553158,1.1608776,0.0055618286,0.006248044,0.019906905,0.013658861
97.549545,1.9999999,0.0,1.1553158,-1.9224515,0.006248044,0.84024847,0.6615623,0.012932645,2.2742016,0.035582613,-0.0005340427,-0.29603428,0.05767669,0.0579587,0.0002820082,-0.09592677,-0.09609462,-0.00016785413,0.00069237384,0.0006330699,-5.9303944e-05,1.1517519,1.1630323,0.011280417,0.02144691,0.01907475,-0.0023721606
97.59955,1.9999999,0.0,1.1517519,-1.9146192,0.02144691,0.27583903,1.4009299,0.012391735,2.2716255,0.040465556,-0.024146501,-0.14918652,0.057792626,0.057827253,3.4626573e-05,-0.09598491,-0.095708944,0.0002759695,0.0017254513,0.0013348414,-0.00039060996,1.1599531,1.1613381,0.0013849735,0.047571145,0.031946745,-0.0156244
97.74954,1.9999999,0.0,1.1597981,-1.916666,0.0035490927,-0.20148835,-0.15397257,-0.0054722456,2.2685518,0.037318826,-0.0004370363,0.36430636,0.05816444,0.058248814,8.43741e-05,-0.09612066,-0.09575547,0.0003651902,-0.00019419818,0.00010796171,0.00030215987,1.1667794,1.1701543,0.0033749342,-0.011317019,0.00076937675,0.012086396
97.799545,1.9999999,0.0,1.1667794,-1.9281605,-0.011317019,-0.31511906,-0.021174574,0.017192908,2.2737727,0.035800602,0.018784724,-0.17364714,0.058085296,0.058546703,0.000461407,-0.09599588,-0.096343316,-0.00034743547,6.364165e-05,-0.00023991987,-0.0003035615,1.1566324,1.1750889,0.018456459,0.013862685,0.0017202236,-0.012142462
97.84955,1.9999999,0.0,1.1566324,-1.9116749,0.013862685,0.3236992,0.52142656,0.018615311,2.2653284,0.040518224,-0.01780175,-0.42240244,0.057856623,0.058028307,0.00017168373,-0.0955954,-0.09552492,7.047504e-05,0.000678634,0.0010706524,0.0003920184,1.1576324,1.1644996,0.0068672895,0.0132826725,0.02896341,0.015680738
97.89954,1.9999999,0.0,1.1576324,-1.912141,0.0132826725,0.61701727,0.327184,0.012760524,2.2752802,0.039052144,-0.023455521,0.10599946,0.05797067,0.058047738,7.7068806e-05,-0.095569246,-0.09552331,4.593283e-05,0.00056724664,0.00060528016,3.8033526e-05,1.1611944,1.1642771,0.003082633,0.009407192,0.010928534,0.0015213424
97.94955,1.9999999,0.0,1.1611944,-1.9106289,0.009407192,-1.2252783,0.644747,-0.00437879,2.266238,0.03422097,-0.0072018043,0.040418513,0.05803566,0.05821663,0.00018097088,-0.09546047,-0.09549097,-3.0502677e-05,0.0003116382,0.0005416546,0.00023001639,1.1602321,1.1674709,0.007238865,0.003058336,0.012258988,0.009200652
97.99954,1.9999999,0.0,1.1602321,-1.9077898,0.003058336,-0.6122326,0.2774242,0.03039363,2.2658632,0.039726403,-0.019413669,-0.06876707,0.05812775,0.058155097,2.7347356e-05,-0.09549476,-0.09535455,0.00014021248,0.00048659008,0.00040792394,-7.866614e-05,1.1648779,1.1659715,0.001093626,0.016405268,0.013258621,-0.0031466465
98.049545,1.9999999,0.0,1.1648779,-1.9120007,0.016405268,0.08376373,0.5302389,0.03082466,2.268311,0.04029327,-0.014078512,0.115095966,0.05846839,0.05841762,-5.077198e-05,-0.0957953,-0.09556418,0.00023112446,0.0011092763,0.0009189863,-0.00019029004,1.1738578,1.1718267,-0.0020310879,0.027965786,0.020354185,-0.0076116007
98.09955,1.9999999,0.0,1.1738578,-1.9198117,0.027965786,0.5033574,-0.20298934,0.0030012303,2.268684,0.03915725,-0.007904072,0.22311547,0.05854651,0.05891042,0.0003639087,-0.09568619,-0.095891066,-0.00020487607,0.0007161665,0.0012027377,0.00048657117,1.1680025,1.1825589,0.014556408,0.0006808742,0.02014372,0.019462844
98.14954,1.9999999,0.0,1.1680025,-1.9076358,0.0006808742,-0.25947085,0.6444308,0.013279905,2.2653766,0.046425097,0.008233035,0.12233486,0.058567677,0.058558334,-9.343028e-06,-0.09563887,-0.09530762,0.0003312528,0.00033442676,0.000111003596,-0.00022342317,1.1747047,1.174331,-0.00037372112,0.012696196,0.0037592687,-0.008936928
98.19955,1.9999999,0.0,1.1747047,-1.917919,0.012696196,0.2539648,-0.28917646,-0.0008117854,2.2703202,0.046003405,0.0043294136,-0.01807548,0.058695767,0.058902927,0.00020715967,-0.09579953,-0.09583681,-3.7282705e-05,0.00053178356,0.00062525406,9.34705e-05,1.1731261,1.1814125,0.008286357,0.008575146,0.012313969,0.0037388233
98.24954,1.9999999,0.0,1.1731261,-1.9140619,0.008575146,-1.158475,0.09425024,0.011454094,2.2580178,0.03857311,0.006425487,-0.048266627,0.05860847,0.05882811,0.00021964312,-0.09555093,-0.095580034,-2.9101968e-05,0.0005837643,0.00051423686,-6.952742e-05,1.1712127,1.1799984,0.008785725,0.014775424,0.011994332,-0.0027810922
98.299545,1.9999999,0.0,1.1712127,-1.9079753,0.014775424,-0.31122032,-0.49425435,0.013692161,2.26517,0.040812094,-0.00049724925,0.20714873,0.05856595,0.058757376,0.00019142777,-0.09530436,-0.095268175,3.618747e-05,0.00090410473,0.00063904765,-0.00026505708,1.1714253,1.1790825,0.0076571703,0.021388765,0.010786481,-0.010602284
98.34955,1.9999999,0.0,1.1714253,-1.904199,0.021388765,0.2350274,1.1791757,0.0260786,2.2583878,0.05261346,0.02714036,0.05886957,0.058641557,0.058725793,8.4236264e-05,-0.09524265,-0.09507367,0.00016897917,0.0011724394,0.0011212177,-5.1221694e-05,1.1742369,1.1776063,0.0033694506,0.02550881,0.023459945,-0.002048865
98.39954,1.9999999,0.0,1.1742369,-1.9055068,0.02550881,0.22853774,0.23478383,0.012056689,2.2687323,0.044142053,0.0053897076,-0.43373322,0.058751818,0.05897184,0.0002200231,-0.09527845,-0.095119275,0.0001591742,0.0010471113,0.0014344616,0.0003873502,1.1758358,1.1846366,0.008800745,0.016375646,0.031869654,0.015494008
98.44955,1.9999999,0.0,1.1758358,-1.9056313,0.016375646,0.37454703,0.081076294,0.0008736156,2.2711782,0.048855823,-0.016232964,-0.2738688,0.058868818,0.059016675,0.00014785677,-0.09534302,-0.09512954,0.00021348149,0.00078507647,0.00085197855,6.690208e-05,1.1789168,1.1848309,0.005914092,0.015027411,0.017703496,0.0026760846
98.49954,1.9999999,0.0,1.1789168,-1.9080898,0.015027411,-0.62817043,0.4399015,0.0024235747,2.2626183,0.048815902,-0.021997174,0.071695805,0.05918705,0.05911969,-6.73607e-05,-0.09577312,-0.09528272,0.00049040467,0.0005752953,0.0005657165,-9.578827e-06,1.1885651,1.185871,-0.00269413,0.0079844,0.0076012425,-0.00038315728
98.549545,1.9999999,0.0,1.1885651,-1.9228351,0.0079844,-0.7020539,-0.84020543,0.010824357,2.2678816,0.047689084,-0.009063383,0.21469115,0.059138637,0.05958869,0.00045005232,-0.09563409,-0.0960316,-0.00039751083,0.0006642078,0.00020608511,-0.0004581227,1.1769803,1.1949825,0.018002272,0.018583912,0.00025900453,-0.018324908
98.59955,1.9999999,0.0,1.1769803,-1.9025284,0.018583912,-1.1065913,1.1365268,0.017096046,2.2670016,0.04449379,-0.0005280588,-0.06664242,0.05911829,0.058972873,-0.0001454167,-0.09546345,-0.09501673,0.00044671446,0.00051978434,0.0010821543,0.00056237,1.1877513,1.1819345,-0.0058168173,0.002207462,0.024702262,0.0224948
98.64954,1.9999999,0.0,1.1877513,-1.9160095,0.002207462,0.25815383,-0.46070477,0.016712079,2.267779,0.047819287,-0.015727624,-0.050938535,0.0592907,0.05950136,0.00021066144,-0.09552428,-0.09572377,-0.0001994893,0.0007422952,0.00018994808,-0.0005523471,1.1838768,1.1923032,0.008426428,0.027484344,0.0053904615,-0.022093883
98.69955,1.9999999,0.0,1.1838768,-1.9049617,0.027484344,0.17809145,0.42592216,0.017863935,2.2695608,0.05163172,-0.0056219124,0.020083487,0.05934246,0.05933225,-1.0207295e-05,-0.09544062,-0.09519001,0.00025060773,0.0012788695,0.0013038252,2.495572e-05,1.1898216,1.1894132,-0.00040841103,0.023670433,0.024668664,0.0009982307
98.74954,1.9999999,0.0,1.1898216,-1.912663,0.023670433,-0.48433667,0.5748908,0.022072347,2.265021,0.04940068,-0.013719276,-0.0652558,0.059448443,0.05965967,0.00021122769,-0.095433235,-0.095575824,-0.00014258921,0.0008159959,0.0012135765,0.00039758062,1.1881162,1.1965653,0.008449078,0.008969403,0.024872629,0.015903227
98.799545,1.9999999,0.0,1.1881162,-1.9046663,0.008969403,0.24192038,-0.13774467,0.0088007925,2.2761219,0.04208897,-0.012147492,-0.05744214,0.059365332,0.059560902,0.00019557029,-0.09514484,-0.0951706,-2.5764108e-05,0.00025637893,0.00044987444,0.0001934955,1.1864971,1.19432,0.007822871,0.0012857539,0.009025574,0.0077398196
98.84955,1.9999999,0.0,1.1864971,-1.9011271,0.0012857539,0.116946325,0.8102004,-0.00915302,2.2726383,0.044094224,-0.01946349,0.03988656,0.05907873,0.05947311,0.00039437786,-0.0946177,-0.095003106,-0.00038540363,3.6873764e-06,0.00017632432,0.00017263694,1.1766521,1.1924273,0.015775204,-0.0011382588,0.005767219,0.0069054775
98.89954,1.9999999,0.0,1.1766521,-1.883581,-0.0011382588,-0.48505446,-0.18981776,0.012031141,2.270652,0.04644469,-0.008158836,0.5019869,0.059209075,0.059016682,-0.00019239262,-0.094719306,-0.094013944,0.00070536137,0.00047495717,-6.821565e-05,-0.0005431728,1.191711,1.1840153,-0.007695675,0.020136544,-0.0015903674,-0.021726912
98.94955,1.9999999,0.0,1.191711,-1.9051913,0.020136544,0.015848178,0.055086017,0.012583253,2.2626014,0.04665847,0.0307352,-0.09493724,0.059513588,0.059780937,0.00026734918,-0.09510244,-0.09514656,-4.412234e-05,0.0007584697,0.0010544568,0.00029598712,1.1888326,1.1995265,0.010693908,0.010202243,0.022041727,0.011839484
98.99954,1.9999999,0.0,1.1888326,-1.8989062,0.010202243,0.5860646,-0.16110693,0.013076434,2.262436,0.051380005,-0.01765256,-0.35434082,0.05941803,0.059596803,0.00017877296,-0.09482487,-0.09488116,-5.6289136e-05,0.00084676873,0.00061058684,-0.00023618189,1.1878886,1.1950395,0.0071508884,0.023668507,0.014221229,-0.009447278
99.049545,1.9999999,0.0,1.1878886,-1.8940885,0.023668507,-0.08552882,0.37935606,0.012128301,2.2602746,0.04467566,-0.004698882,0.031995352,0.059422582,0.059544124,0.00012154132,-0.09464481,-0.09459658,4.822761e-05,0.00086608925,0.0010736895,0.0002076003,1.1890147,1.1938764,0.0048617125,0.010975063,0.019279072,0.008304009
99.09955,1.9999999,0.0,1.1890147,-1.8917038,0.010975063,0.078473054,0.5563752,0.005723526,2.2602417,0.041010022,-0.014453025,0.034529675,0.059438206,0.059584953,0.00014674664,-0.09455411,-0.09451962,3.4488738e-05,0.0005611263,0.00046784748,-9.3278795e-05,1.1885136,1.1943833,0.005869627,0.011469988,0.007738836,-0.003731152
99.14954,1.9999999,0.0,1.1885136,-1.8904607,0.011469988,0.92797995,0.806126,0.0027054814,2.2589443,0.043055497,-0.0012459147,0.36028886,0.059430882,0.0596051,0.00017421693,-0.094503604,-0.094425015,7.8588724e-05,0.0004686164,0.0004358977,-3.27187e-05,1.1887218,1.1956904,0.0069686174,0.0072746677,0.005965922,-0.0013087457
99.19955,1.9999999,0.0,1.1887218,-1.8896834,0.0072746677,0.5360288,-0.009866871,0.0042379955,2.2602472,0.044429366,0.021575863,-0.058326274,0.059581794,0.059640385,5.8591366e-05,-0.094709374,-0.09442433,0.0002850443,0.0002958272,0.00037093702,7.510983e-05,1.19455,1.1968937,0.0023436546,0.0045584203,0.0075628087,0.0030043884
99.24954,1.9999999,0.0,1.19455,-1.8986917,0.0045584203,0.29132372,0.37146312,0.010080872,2.252197,0.04999958,-0.0070785424,-0.29034203,0.05969495,0.059934676,0.00023972616,-0.09483099,-0.09485543,-2.4437904e-05,0.00011854161,0.00044686368,0.00032832206,1.1932479,1.202837,0.009589076,0.00018324409,0.013316125,0.01313288
99.299545,1.9999999,0.0,1.1932479,-1.8945478,0.00018324409,0.12216933,0.07985772,-0.0032205244,2.2501113,0.04369386,-0.007458341,0.07412587,0.059602834,0.05982971,0.0002268739,-0.09455499,-0.09462278,-6.779283e-05,-5.945494e-05,3.2886306e-05,9.2341244e-05,1.1908654,1.1999404,0.009075046,-0.0025614416,0.0011322089,0.0036936505
99.34955,1.9999999,0.0,1.1908654,-1.8876518,-0.0025614416,-0.296785,0.27921984,-0.0035919542,2.2535,0.05071928,0.00033404492,0.14871103,0.059666533,0.059682366,1.5832484e-05,-0.09449065,-0.0942933,0.00019735098,0.00073003815,-0.00012861732,-0.0008586555,1.1957959,1.1964293,0.00063335896,0.03176297,-0.0025832504,-0.03434622
99.39954,1.9999999,0.0,1.1957959,-1.8919742,0.03176297,-0.9342929,-0.00871814,0.021612367,2.249819,0.049118645,0.007412762,-0.08849046,0.059810653,0.059968896,0.00015824288,-0.09455448,-0.094465666,8.881092e-05,0.001651421,0.001515447,-0.00013597391,1.1966302,1.20296,0.006329775,0.034293868,0.02885491,-0.0054389574
99.44955,1.9999999,0.0,1.1966302,-1.8902048,0.034293868,0.105103746,-0.08014355,0.020806706,2.2473104,0.050583027,-0.008515001,-0.26892617,0.059893508,0.05999842,0.000104911625,-0.09441244,-0.094391644,2.079457e-05,0.0011272749,0.0015656026,0.00043832767,1.19911,1.2033061,0.004196048,0.010797129,0.028330237,0.017533109
99.49954,1.9999999,0.0,1.19911,-1.8862928,0.010797129,0.31757846,0.24207716,0.0023334234,2.2451363,0.049984567,-0.019479856,-0.08922133,0.059961893,0.06008252,0.000120628625,-0.09432209,-0.09422376,9.833276e-05,0.0002908535,0.00037705843,8.6204935e-05,1.1993656,1.2041907,0.004825115,0.000837011,0.004285209,0.0034481979
99.549545,1.9999999,0.0,1.1993656,-1.886591,0.000837011,0.15421006,-0.03212462,-0.0052351546,2.2524142,0.048400678,-0.017437134,0.1253051,0.05995652,0.06008334,0.00012682006,-0.09433781,-0.09425424,8.357316e-05,9.555471e-05,-6.840341e-05,-0.00016395812,1.1988952,1.2039679,0.005072713,0.0029851773,-0.0035731457,-0.0065583233
99.59955,1.9999999,0.0,1.1988952,-1.8869216,0.0029851773,-0.18270272,0.24652767,0.0037194618,2.2542338,0.050866988,-0.0069493465,0.048178982,0.059930068,0.060036194,0.00010612607,-0.094235785,-0.09429522,-5.943328e-05,0.0005124504,0.00015110616,-0.00036134425,1.1983074,1.2025527,0.004245281,0.01751284,0.0030590668,-0.014453772
99.64954,1.9999999,0.0,1.1983074,-1.8825098,0.01751284,-0.25426486,0.28415063,0.019511959,2.2534158,0.049309,-0.012619236,-0.09009945,0.05992002,0.060017526,9.750575e-05,-0.094021715,-0.09407942,-5.7704747e-05,0.0010105813,0.0009349898,-7.5591495e-05,1.1984934,1.2023937,0.0039002895,0.02291041,0.01988675,-0.0030236598
99.69955,1.9999999,0.0,1.1984934,-1.8783586,0.02291041,0.021276213,0.45445475,0.027353425,2.2526906,0.052592013,-0.01595929,0.03335096,0.06002044,0.060066026,4.5586377e-05,-0.09404078,-0.093864426,0.00017635524,0.0009824192,0.0011242903,0.00014187105,1.2023242,1.2041478,0.0018236637,0.016386358,0.0220612,0.0056748427
99.74954,1.9999999,0.0,1.2023242,-1.8832726,0.016386358,0.21155821,0.54357654,0.029333813,2.2539728,0.052926388,-0.00928414,0.15411474,0.060137004,0.060285952,0.00014894828,-0.09415035,-0.09410026,5.0090253e-05,0.0010055609,0.0007810397,-0.00022452115,1.203156,1.2091137,0.0059577227,0.023836078,0.014855232,-0.008980846
99.799545,1.9999999,0.0,1.203156,-1.8827413,0.023836078,0.5484218,-0.3954666,0.01524676,2.2495134,0.05351631,-0.0005478179,0.01528554,0.06017448,0.060347773,0.00017329305,-0.09413904,-0.09406753,7.151067e-05,0.0007937455,0.001027483,0.00023373752,1.2038232,1.2107548,0.0069315434,0.007913742,0.017263243,0.009349501
99.94955,1.9999999,0.0,1.1969137,-1.8657379,0.019766053,-0.20889379,0.24114643,0.019257797,2.2498991,0.053797442,-0.006261184,0.24922222,0.06003375,0.06003297,-7.785857e-07,-0.09352675,-0.09315634,0.00037041306,0.0005478853,0.000844913,0.0002970277,1.2044363,1.2044051,-3.1232834e-05,0.0021493605,0.014030468,0.011881107
99.99954,1.9999999,0.0,1.2044363,-1.8753321,0.0021493605,0.3564761,-0.23465973,0.0035774587,2.2476933,0.04304763,0.019408047,-0.18587002,0.06038485,0.060389634,4.7832727e-06,-0.09399057,-0.09371554,0.00027503073,1.4003397e-05,0.00015124585,0.00013724246,1.2109578,1.211149,0.0001912117,-0.0015892247,0.003900472,0.0054896967
100.049545,1.9999999,0.0,1.2109578,-1.8842907,-0.0015892247,0.4238096,-0.21145785,0.016223857,2.2451403,0.047634814,-0.024848185,-0.30577895,0.060494445,0.060642254,0.00014780834,-0.094094224,-0.09417629,-8.2068145e-05,0.00047386705,4.310701e-05,-0.00043076003,1.2088201,1.2147325,0.005912423,0.020543907,0.0033135042,-0.017230403
100.09955,1.9999999,0.0,1.2088201,-1.8794783,0.020543907,1.0620368,1.0065598,0.008141531,2.2460935,0.050491355,-0.011169849,0.21561022,0.060429808,0.060564805,0.00013499707,-0.093890764,-0.093898416,-7.651746e-06,0.0010214692,0.0009063203,-0.000115148956,1.2083722,1.2137722,0.0053999424,0.020314861,0.015708905,-0.0046059564
100.14954,1.9999999,0.0,1.2083722,-1.8761523,0.020314861,-0.11117187,0.03692201,0.014698399,2.2503726,0.053107377,-0.0032871638,-0.029834393,0.060358897,0.060559344,0.0002004467,-0.093635716,-0.09373941,-0.00010369718,0.0007583277,0.00088773074,0.00012940302,1.2059836,1.2140017,0.008018017,0.010018248,0.015194368,0.0051761195
100.19955,1.9999999,0.0,1.2059836,-1.8692763,0.010018248,-0.27940017,-0.055137083,0.016501682,2.2523682,0.050056424,-0.014153288,0.21109958,0.060450997,0.06043678,-1.4215708e-05,-0.09361108,-0.09337015,0.00024092942,0.0006665507,0.00037951284,-0.00028703787,1.2120563,1.2114875,-0.0005687475,0.01664378,0.005162265,-0.011481514
100.24954,1.9999999,0.0,1.2120563,-1.8751668,0.01664378,-0.38952994,0.23832485,-0.0020867244,2.250858,0.047464315,0.017822795,0.13194066,0.060763597,0.060767353,3.7550926e-06,-0.09396857,-0.09364266,0.00032591075,0.0007522537,0.0007717632,1.950952e-05,1.2184877,1.218638,0.0001502037,0.013446369,0.014226746,0.0007803766
100.299545,1.9999999,0.0,1.2184877,-1.8835759,0.013446369,-1.1261349,0.044407345,0.023994384,2.2488644,0.04013016,-0.00095922145,-0.34266713,0.060747188,0.061111487,0.00036429986,-0.09388241,-0.094042175,-0.0001597628,0.00022110317,0.00087965355,0.0006585504,1.2113998,1.2259716,0.014571786,-0.0046022423,0.021739773,0.026342016
100.34955,1.9999999,0.0,1.2113998,-1.8717207,-0.0046022423,1.6000838,-0.018851375,0.009468678,2.246346,0.042663075,-0.016443918,-0.14496507,0.06062788,0.060691904,6.402284e-05,-0.0936918,-0.09352568,0.0001661256,0.00028746025,-0.00016711093,-0.00045457119,1.2137154,1.2162764,0.0025609732,0.016100653,-0.0020821951,-0.018182848
100.39954,1.9999999,0.0,1.2137154,-1.8759515,0.016100653,0.3535665,0.3580429,0.01091947,2.2412832,0.04875278,-0.015455728,0.15162191,0.060729496,0.060815375,8.587912e-05,-0.09366182,-0.09371019,-4.836917e-05,0.0009520423,0.0006779723,-0.00027407001,1.2154644,1.2188997,0.0034353733,0.021981038,0.011018243,-0.0109627955
100.44955,1.9999999,0.0,1.2154644,-1.8705214,0.021981038,-1.8206688,-0.025189219,0.007904116,2.2393622,0.041209746,-0.001281728,-0.12381989,0.060899716,0.06088685,-1.2867153e-05,-0.09357285,-0.093459226,0.000113621354,0.0002880136,0.0010246655,0.00073665194,1.2205243,1.2200096,-0.0005147457,-0.010460494,0.019005582,0.029466076
100.49954,1.9999999,0.0,1.2205243,-1.8723925,-0.010460494,0.2704504,0.37626845,0.02228091,2.2471728,0.04567964,-0.027837718,-0.016318433,0.061294395,0.061105072,-0.00018932298,-0.09399742,-0.09358229,0.00041513145,0.0002557036,-0.00043939875,-0.0006951024,1.2312516,1.2236785,-0.0075731277,0.020688638,-0.007115457,-0.027804095
100.549545,1.9999999,0.0,1.2312516,-1.8875041,0.020688638,-0.105075754,-0.19223398,0.013091136,2.252176,0.048972458,-0.0029135714,0.15730132,0.061207563,0.06169484,0.00048727915,-0.09377149,-0.09430835,-0.00053685904,0.0005339053,0.0009138739,0.0003799686,1.2170509,1.2365422,0.019491315,0.00066757266,0.015866317,0.015198744
100.59955,1.9999999,0.0,1.2170509,-1.8633554,0.00066757266,-0.8064464,-0.07857444,0.0051755374,2.257955,0.04912472,-0.012107586,-0.043093752,0.060864646,0.060935404,7.0758164e-05,-0.09318383,-0.09310397,7.986277e-05,4.9252263e-05,7.312913e-05,2.3876866e-05,1.2175349,1.2203649,0.0028300285,0.0013025178,0.002257593,0.00095507514
100.64954,1.9999999,0.0,1.2175349,-1.8639979,0.0013025178,-1.127025,0.33979204,0.018004041,2.2478998,0.04511694,-0.0072229463,0.12107585,0.061055724,0.060980882,-7.484108e-05,-0.09343362,-0.09310127,0.00033234805,0.0004831038,0.000211641,-0.00027146278,1.224694,1.2217001,-0.0029939413,0.018021634,0.0071631223,-0.010858512
100.799545,1.9999999,0.0,1.226602,-1.8670669,-0.0021732575,-0.34446058,-0.24007681,0.008021836,2.2511847,0.037892804,-0.011038614,0.078660026,0.061235853,0.06142771,0.00019185618,-0.093247674,-0.09324421,3.46452e-06,-0.00043729553,-1.3643876e-05,0.00042365165,1.2228322,1.2305064,0.007674217,-0.015318564,0.0016275011,0.016946066
100.84955,1.9999999,0.0,1.2228322,-1.86284,-0.015318564,0.31612515,0.19827417,0.001227225,2.250862,0.043907464,0.00526334,0.21476525,0.061447036,0.061246406,-0.00020062923,-0.0935488,-0.093012474,0.0005363226,6.145406e-05,-0.0005921055,-0.0006535596,1.2350492,1.2270242,-0.00802505,0.017776726,-0.008365657,-0.026142383
100.89954,1.9999999,0.0,1.2350492,-1.879112,0.017776726,0.49250406,0.87601674,0.009276409,2.2565846,0.04394226,0.01043791,-0.017470382,0.061677888,0.061906446,0.00022855774,-0.09375897,-0.093860105,-0.00010113418,0.0010422635,0.0011047621,6.249861e-05,1.2320663,1.2412084,0.00914216,0.023913814,0.026413757,0.0024999436
100.94955,1.9999999,0.0,1.2320663,-1.8712468,0.023913814,0.36224508,0.05106085,0.023083672,2.26001,0.048506692,0.003516302,-0.4345387,0.061653767,0.061833877,0.00018011034,-0.09352023,-0.093462706,5.7525933e-05,0.0007810912,0.0014371962,0.00065610494,1.2340844,1.2412889,0.0072045326,0.0073298356,0.03357403,0.026244193
100.99954,1.9999999,0.0,1.2340844,-1.8695626,0.0073298356,0.018637689,0.71569395,0.009978189,2.259916,0.05195953,-0.03301596,-0.07551304,0.061657004,0.061901677,0.00024467334,-0.09335754,-0.09339182,-3.428012e-05,0.0001573064,0.00045572166,0.00029841525,1.2321959,1.2419825,0.009786606,-0.0010375801,0.01089903,0.01193661
101.049545,1.9999999,0.0,1.2321959,-1.8647391,-0.0010375801,-0.84038395,0.7004303,0.009197896,2.2642956,0.051965352,-0.0040350016,0.13199216,0.06160873,0.06181387,0.00020513684,-0.0932158,-0.09317523,4.056841e-05,-0.00030517174,0.00013118741,0.00043635914,1.2321534,1.2403588,0.008205414,-0.011169289,0.006285079,0.017454367
101.14954,1.9999999,0.0,1.241382,-1.8766117,0.020315198,1.4028977,0.17537007,0.017282946,2.2666929,0.05213145,-0.026893701,-0.022796294,0.06192215,0.062251188,0.00032903627,-0.0935396,-0.09376095,-0.0002213493,0.0006360824,0.000973231,0.0003371486,1.2355042,1.2486657,0.01316154,0.005128096,0.018614043,0.013485947
101.19955,1.9999999,0.0,1.2355042,-1.8649725,0.005128096,0.25653106,0.95997894,0.013298134,2.26424,0.04952915,-0.022096373,0.092199355,0.06222441,0.06194628,-0.00027813017,-0.09381448,-0.09319836,0.0006161183,0.0005726411,0.00035888143,-0.00021375966,1.2534723,1.242347,-0.011125326,0.01777755,0.009227157,-0.008550392
101.24954,1.9999999,0.0,1.2534723,-1.8876065,0.01777755,0.44762805,1.0128722,0.010608755,2.2692008,0.045554224,-0.017673766,0.09909758,0.062362246,0.0628937,0.00053145736,-0.09384002,-0.09430631,-0.0004662946,0.000733929,0.0010409253,0.00030699628,1.2410176,1.2622758,0.021258235,0.011579611,0.02385946,0.012279849
101.299545,1.9999999,0.0,1.2410176,-1.8659943,0.011579611,1.4518901,0.52316606,0.0020475904,2.2669244,0.04449512,-0.012186615,0.19693355,0.062084354,0.062299587,0.00021523237,-0.09331825,-0.09316411,0.00015413761,0.0011560746,0.00063448044,-0.00052159413,1.2423567,1.2509657,0.0086090565,0.03466337,0.013799608,-0.020863764
101.34955,1.9999999,0.0,1.2423567,-1.8667356,0.03466337,1.0245472,0.23870017,0.007057752,2.2686124,0.04540777,0.0020195902,0.01723942,0.0620461,0.06239322,0.00034711882,-0.09318638,-0.09320939,-2.3014843e-05,0.0009958708,0.0016267616,0.00063089083,1.2394874,1.2533722,0.013884783,0.005171458,0.030407093,0.025235636
101.39954,1.9999999,0.0,1.2394874,-1.8607196,0.005171458,-0.42853177,0.09658266,0.017876774,2.2614436,0.045634292,-0.010462672,-0.11345569,0.062132746,0.062174547,4.1801482e-05,-0.093227185,-0.09300273,0.00022445619,0.0002979027,0.0003936164,9.571371e-05,1.2458224,1.2474943,0.0016719103,0.0067446507,0.010573193,0.0038285428
101.44955,1.9999999,0.0,1.2458224,-1.8683678,0.0067446507,-1.2383469,0.42512494,0.018050933,2.2557008,0.043486763,-0.009325978,0.00372959,0.062257957,0.062456727,0.00019877031,-0.093344875,-0.09338895,-4.4077635e-05,0.00024490422,0.00057647115,0.00033156693,1.2444957,1.2524465,0.007950783,0.0030515182,0.016314197,0.013262679
101.49954,1.9999999,0.0,1.2444957,-1.8654271,0.0030515182,0.8880751,0.36753574,0.010021834,2.267893,0.043156087,-0.010089713,-0.06527338,0.062461995,0.06238983,-7.2166324e-05,-0.093491994,-0.093259715,0.0002322793,0.0005816505,0.00034363885,-0.00023801168,1.253984,1.2510974,-0.0028865337,0.020214502,0.010694034,-0.009520467
101.549545,1.9999999,0.0,1.253984,-1.8742526,0.020214502,0.7839078,0.28426093,0.012040527,2.2617285,0.045295954,-0.015853317,-0.26032022,0.06260966,0.062873304,0.00026364625,-0.093500964,-0.09365895,-0.00015798211,0.0006423068,0.001136442,0.00049413514,1.2504022,1.2609481,0.01054585,0.0054777698,0.025243174,0.019765405
101.59955,1.9999999,0.0,1.2504022,-1.865786,0.0054777698,-0.17414555,0.6397823,0.016192263,2.2584975,0.047249556,-0.036121733,0.37152016,0.062395282,0.062688164,0.00029288232,-0.093057975,-0.0932252,-0.00016722828,0.0001865938,0.00015754327,-2.9050527e-05,1.2454091,1.2571243,0.011715174,0.001985982,0.0008239597,-0.0011620224
101.64954,1.9999999,0.0,1.2454091,-1.856533,0.001985982,0.20473035,0.9690842,0.018143566,2.2510803,0.050459094,0.021298701,0.2963537,0.062305257,0.062475324,0.00017006695,-0.09285048,-0.09271142,0.00013905764,0.00019753969,0.00022559911,2.8059425e-05,1.2468011,1.2536039,0.0068027973,0.0059156055,0.0070379823,0.0011223769
101.89954,1.9999999,0.0,1.2527945,-1.8567462,0.0005583264,0.43165934,0.5932056,-0.00609714,2.2507122,0.0560844,-0.02802207,-0.60023475,0.06252829,0.0628474,0.00031910837,-0.09264362,-0.092840746,-0.00019712746,-6.81042e-05,0.0005275877,0.0005956919,1.248337,1.2611016,0.012764573,-0.0032824946,0.02054518,0.023827676
101.94955,1.9999999,0.0,1.248337,-1.8489987,-0.0032824946,-1.5105221,-0.41539836,0.01316338,2.2480738,0.04728259,-0.025911113,0.05698529,0.062327817,0.06256535,0.00023753196,-0.09224353,-0.09245299,-0.00020945817,0.0009815078,0.00013035815,-0.00085114967,1.2447757,1.2542771,0.009501457,0.042542808,0.008496821,-0.034045987
101.99954,1.9999999,0.0,1.2447757,-1.8407426,0.042542808,0.5615703,-0.05500066,0.018231388,2.2372372,0.054956164,-0.02232354,0.16816291,0.062507175,0.06240913,-9.8045915e-05,-0.09236368,-0.0919552,0.00040847808,0.001212362,0.0018111843,0.0005988224,1.2555112,1.2515897,-0.003921509,0.0059516695,0.029904567,0.023952898
102.049545,1.9999999,0.0,1.2555112,-1.8538046,0.0059516695,-0.14418529,0.28876388,0.012988867,2.2458704,0.042282704,-0.009094822,0.32955232,0.06283241,0.062940456,0.00010804832,-0.09270849,-0.09258169,0.00012680143,0.00083587354,0.00018554348,-0.00065033004,1.257785,1.262107,0.004322052,0.027483273,0.0014700666,-0.026013207
102.09955,1.9999999,0.0,1.257785,-1.854535,0.027483273,0.3401807,0.25944656,0.017053913,2.249575,0.05171014,0.010631691,-0.3086605,0.06288721,0.063048325,0.0001611188,-0.09267666,-0.09270993,-3.3266842e-05,0.0010861069,0.0013967146,0.00031060772,1.2577034,1.264148,0.0064445734,0.015961,0.028385308,0.012424307
102.19955,1.9999999,0.0,1.263121,-1.8576915,0.010522564,-0.16600288,0.4537148,0.002783682,2.2287753,0.0527466,-0.053831574,0.21374,0.06309333,0.06328887,0.00019554049,-0.09276262,-0.09280782,-4.5202672e-05,0.0003261932,0.00038248935,5.629615e-05,1.2606121,1.2684339,0.007821798,0.002525164,0.0047770105,0.0022518465
102.24954,1.9999999,0.0,1.2606121,-1.8528132,0.002525164,-0.45493907,0.47889185,0.02206831,2.2387078,0.048465233,-0.018586872,0.36901686,0.06300419,0.063182205,0.00017801672,-0.09256613,-0.09244133,0.00012480468,0.00031785452,8.94459e-05,-0.00022840861,1.2595556,1.2666762,0.0071206093,0.010189017,0.0010526702,-0.009136347
102.299545,1.9999999,0.0,1.2595556,-1.849832,0.010189017,-0.35285795,-0.4120646,0.0130027495,2.2411308,0.05561478,-0.016929891,0.16436528,0.06319447,0.0631297,-6.47679e-05,-0.092719354,-0.09229581,0.00042354316,0.00068242865,0.00051984977,-0.00016257889,1.2682232,1.2656324,-0.0025907755,0.01710813,0.010604974,-0.0065031555
102.34955,1.9999999,0.0,1.2682232,-1.8589422,0.01710813,-1.48836,0.06638596,0.025458962,2.2351353,0.056260973,-0.0021503433,0.14510411,0.06330394,0.063571475,0.00026753545,-0.09270567,-0.09273877,-3.310293e-05,0.0008434974,0.0009007167,5.7219295e-05,1.2639346,1.2746361,0.010701537,0.016631767,0.018920537,0.00228877
102.39954,1.9999999,0.0,1.2639346,-1.8492845,0.016631767,-0.46583378,-0.2543026,0.014354728,2.235726,0.04874619,-0.0024194806,-0.05794474,0.063137054,0.06334414,0.00020708889,-0.09233524,-0.09232142,1.3820827e-05,0.0004672366,0.000846473,0.0003792364,1.2615477,1.269831,0.0082832575,0.002057697,0.01722715,0.015169454
102.44955,1.9999999,0.0,1.2615477,-1.8441249,0.002057697,0.48260376,0.13631767,0.015171638,2.2354016,0.047272842,-0.007944818,-0.12509513,0.06325064,0.06320027,-5.0365925e-05,-0.0923945,-0.09215542,0.00023908168,0.00044289787,0.00021443256,-0.00022846532,1.2684779,1.2664634,-0.0020145178,0.015658218,0.0065196045,-0.009138614
102.49954,1.9999999,0.0,1.2684779,-1.8516551,0.015658218,1.0770696,0.3937733,0.0037792907,2.2408938,0.047052983,-0.014928994,-0.22510688,0.06318285,0.063546084,0.0003632307,-0.09219491,-0.09253734,-0.00034243613,0.00044634443,0.0008587677,0.00041242328,1.2588363,1.2733655,0.014529228,0.0021955592,0.01869249,0.01649693
102.549545,1.9999999,0.0,1.2588363,-1.8361412,0.0021955592,0.71606016,0.52953035,0.008602118,2.233561,0.055443145,-0.030455505,-0.15367688,0.06300476,0.063057646,5.288422e-05,-0.09179451,-0.09174897,4.55454e-05,3.263239e-05,0.0002078576,0.00017522521,1.2613542,1.2634695,0.0021152496,-0.0008902636,0.0061187446,0.007009008
102.59955,1.9999999,0.0,1.2613542,-1.8356394,-0.0008902636,0.6725121,0.032629423,7.76296e-05,2.2362137,0.046941135,-0.030296683,0.18042909,0.06307935,0.06316024,8.089095e-05,-0.09181554,-0.091706105,0.00010943413,-0.00039573768,-0.00012692009,0.0002688176,1.2618197,1.2650554,0.0032356977,-0.014939243,-0.004186541,0.010752702
102.64954,1.9999999,0.0,1.2618197,-1.8369823,-0.014939243,0.17577724,-0.1384279,0.008220432,2.2326877,0.047800366,-0.012412597,-0.09766756,0.06327086,0.06313002,-0.00014083833,-0.09196533,-0.09182116,0.00014417619,0.00030408654,-0.0005766444,-0.0008807309,1.2690146,1.2633812,-0.005633354,0.027102705,-0.008126531,-0.035229236
102.69955,1.9999999,0.0,1.2690146,-1.8416312,0.027102705,-0.603088,-0.035947673,0.02959915,2.2415583,0.05395453,-0.04006344,-0.19522774,0.06343976,0.063496746,5.698949e-05,-0.09196996,-0.092064284,-9.432435e-05,0.0011131176,0.0014275879,0.00031447038,1.2685758,1.2708553,0.00227952,0.017422,0.03000081,0.01257881
102.74954,1.9999999,0.0,1.2685758,-1.8371673,0.017422,-1.0664824,0.031926923,0.020058427,2.2357426,0.051758062,-0.03193537,0.23213808,0.063659124,0.06350241,-0.00015671551,-0.09213163,-0.09187134,0.00026028603,0.0003265321,0.00070028304,0.00037375093,1.2777891,1.2715205,-0.0062686205,-0.0043607145,0.01058932,0.014950035
102.799545,1.9999999,0.0,1.2777891,-1.8480979,-0.0043607145,0.09813342,0.40666765,0.009779171,2.2375011,0.04817844,-0.016849631,0.26789448,0.06369828,0.063999295,0.00030101836,-0.092106126,-0.092318445,-0.0002123192,0.00080515107,-0.00021532048,-0.0010204716,1.2701421,1.2821826,0.012040496,0.036566757,-0.004252106,-0.040818863
102.84955,1.9999999,0.0,1.2701421,-1.8361472,0.036566757,0.9540887,0.09283811,-0.0069263354,2.2408156,0.052641366,-0.0051459232,0.40533233,0.06349628,0.06374121,0.0002449304,-0.09181899,-0.09162909,0.0001899004,0.00042381082,0.0016741259,0.0012503151,1.269709,1.2795061,0.009797096,-0.019614324,0.03039828,0.050012603
102.89954,1.9999999,0.0,1.269709,-1.8366123,-0.019614324,-1.1085182,-0.1948227,-0.0006062527,2.2355409,0.050984923,0.023683602,-0.16053352,0.063333616,0.06362447,0.00029085577,-0.091596656,-0.09175423,-0.00015757233,-0.0001272247,-0.00068746845,-0.00056024373,1.2636355,1.27527,0.011634469,0.014525335,-0.007884409,-0.022409745
102.94955,1.9999999,0.0,1.2636355,-1.8272539,0.014525335,-1.2417778,0.4712853,0.022551201,2.2390788,0.04909082,-0.021199275,-0.41647404,0.063541465,0.063378334,-0.00016313046,-0.09173044,-0.09127843,0.00045201182,0.0011466821,0.0012339031,8.722104e-05,1.2780231,1.271498,-0.006525159,0.031341948,0.03483079,0.0034888424
102.99954,1.9999999,0.0,1.2780231,-1.8419638,0.031341948,0.5735779,0.6121726,0.025857644,2.2370038,0.056055292,-0.017963802,0.14318407,0.06376176,0.06411073,0.0003489703,-0.09185782,-0.09204983,-0.00019200891,0.0014317863,0.0015696874,0.00013790105,1.2724472,1.2864062,0.013958931,0.025929509,0.031445548,0.005516039
103.049545,1.9999999,0.0,1.2724472,-1.832349,0.025929509,0.96329546,0.3438148,0.013514394,2.2493114,0.0612337,-0.006880867,0.18659283,0.06380125,0.06384473,4.348159e-05,-0.091792345,-0.0915527,0.00023964792,0.0010830691,0.001057197,-2.5872141e-05,1.2796028,1.281342,0.0017392635,0.017393256,0.016358372,-0.0010348838
103.09955,1.9999999,0.0,1.2796028,-1.8393449,0.017393256,0.36340812,0.5725916,0.004884372,2.2445033,0.059523243,0.0006954809,0.03369526,0.06388101,0.06421118,0.00033017248,-0.09178414,-0.09190505,-0.00012090802,0.00043613673,0.0008019999,0.00036586315,1.2756377,1.2888445,0.01320672,5.221398e-05,0.014686737,0.014634524
103.14954,1.9999999,0.0,1.2756377,-1.8320206,5.221398e-05,-0.29040724,0.7330415,0.0035502338,2.241075,0.05871252,-0.0035113413,-0.04173822,0.06395616,0.064024344,6.818771e-05,-0.09185426,-0.09154954,0.0003047213,0.00035497086,0.00028156527,-7.3405594e-05,1.2826086,1.2853361,0.0027275085,0.01414662,0.011210401,-0.0029362198
103.19955,1.9999999,0.0,1.2826086,-1.8421499,0.01414662,-0.561001,0.44457373,0.012463786,2.248393,0.054104533,-0.0034783408,0.025331393,0.06419254,0.064413905,0.0002213642,-0.09215447,-0.092034094,0.00012037903,0.00089039403,0.0009699633,7.956929e-05,1.2850932,1.2939478,0.008854628,0.021469142,0.024651911,0.0031827688
103.24954,1.9999999,0.0,1.2850932,-1.8440292,0.021469142,-0.07681397,-0.18441793,0.0021363746,2.2424672,0.048435863,-0.000978202,-0.02297096,0.06412303,0.064527705,0.00040467829,-0.0919693,-0.09209862,-0.00012932718,0.0009944749,0.001083985,8.951011e-05,1.279828,1.2960149,0.016186953,0.018309856,0.021890257,0.0035804007
103.299545,1.9999999,0.0,1.279828,-1.8347428,0.018309856,-1.7024004,0.038769618,0.018123958,2.2426283,0.046187755,-0.0057754368,-0.028487248,0.0641658,0.06422474,5.8941543e-05,-0.09187169,-0.09158652,0.00028516352,0.0008204761,0.00094678515,0.00012630905,1.286804,1.289162,0.002358079,0.014509188,0.019561548,0.00505236
103.34955,1.9999999,0.0,1.286804,-1.8401248,0.014509188,-0.32162347,0.56940603,0.016828923,2.238727,0.055884913,-0.0038269267,-0.2929219,0.06445285,0.064590335,0.00013748556,-0.09212957,-0.09187928,0.0002502948,0.001036826,0.0009922832,-4.454283e-05,1.29131,1.2968096,0.0054996014,0.026963852,0.02518214,-0.0017817132
103.44955,1.9999999,0.0,1.281126,-1.828204,0.019212501,0.55416036,0.19544533,-0.0009425451,2.241021,0.053233907,-0.0064117885,0.17732504,0.064167865,0.064286396,0.00011853129,-0.09152141,-0.09130892,0.00021249056,0.0002770029,0.00082925597,0.0005522531,1.2855885,1.2903297,0.004741192,-0.008132385,0.013957735,0.02209012
103.49954,1.9999999,0.0,1.2855885,-1.8326526,-0.008132385,0.12787537,0.8907541,0.013818582,2.2450187,0.06008652,-0.017335122,-0.06564103,0.0642731,0.06447404,0.00020094216,-0.09158549,-0.09156068,2.4810433e-05,0.0005294638,-0.00017262735,-0.00070209114,1.2853354,1.2933728,0.008037329,0.029310938,0.0012272932,-0.028083645
103.549545,1.9999999,0.0,1.2853354,-1.8307668,0.029310938,-0.18480644,0.8915414,0.017485555,2.2397816,0.061102122,-0.012975892,-0.074028976,0.06438644,0.06453315,0.00014670938,-0.09164634,-0.091476105,0.00017023832,0.0012575177,0.001690959,0.00043344125,1.2901224,1.2959906,0.0058681965,0.02098977,0.038327426,0.017337656
103.59955,1.9999999,0.0,1.2901224,-1.835087,0.02098977,0.037106007,0.56418264,0.020102035,2.249354,0.046273563,-0.024738021,-0.037269093,0.06440907,0.0647774,0.0003683269,-0.09155187,-0.091699466,-0.000147596,0.0007415836,0.0012240313,0.00048244774,1.2862403,1.3009737,0.0147333145,0.008673575,0.02797148,0.019297905
103.64954,1.9999999,0.0,1.2862403,-1.8269877,0.008673575,0.84429216,-0.33817708,0.00028825813,2.2430344,0.056767385,-0.016702801,0.033734888,0.06439449,0.064534366,0.0001398772,-0.09141527,-0.091287486,0.00012778491,0.00018401312,0.00039781333,0.00021380022,1.2895393,1.2951344,0.005595088,-0.0013130502,0.007238958,0.008552008
103.69955,1.9999999,0.0,1.2895393,-1.8296231,-0.0013130502,0.07893501,0.5404313,0.008830482,2.2391844,0.055952847,-0.021364532,0.1631403,0.06459875,0.06463783,3.9085746e-05,-0.091575,-0.09141242,0.00016257912,0.00016847909,-1.6183965e-05,-0.00018466306,1.2944106,1.295974,0.0015634298,0.008052214,0.000665687,-0.007386527
103.74954,1.9999999,0.0,1.2944106,-1.8333768,0.008052214,-0.35405353,0.4421677,0.023389153,2.2413049,0.04392954,-0.00038877077,0.41505802,0.064573415,0.06491261,0.00033919513,-0.09137155,-0.09148186,-0.000110305846,0.0010271978,0.0004284123,-0.00059878547,1.2885259,1.302094,0.013568044,0.033035696,0.009084277,-0.023951419
103.799545,1.9999999,0.0,1.2885259,-1.8214853,0.033035696,0.6901741,0.3995811,0.016194405,2.239103,0.05111092,0.02014127,0.08692399,0.06470758,0.06467139,-3.618747e-05,-0.091409504,-0.09092886,0.0004806444,0.0013127282,0.0016003551,0.000287627,1.299777,1.2983298,-0.0014472008,0.019473428,0.030978508,0.01150508
103.84955,1.9999999,0.0,1.299777,-1.834895,0.019473428,-0.014487052,0.19350927,0.0035611105,2.242059,0.051749766,0.008303627,-0.38456097,0.06509064,0.06528895,0.0001983121,-0.091859825,-0.091667876,0.00019194931,0.00085041043,0.0011347657,0.00028435525,1.3038486,1.311781,0.007932425,0.01454299,0.025917199,0.011374208
103.89954,1.9999999,0.0,1.3038486,-1.8394978,0.01454299,-0.27569047,0.15768002,0.011288171,2.232409,0.04812573,-0.018314825,0.09467031,0.06501408,0.06542063,0.00040654838,-0.09167146,-0.09187145,-0.00019998848,0.0005194924,0.00063755567,0.0001180633,1.2967145,1.3129767,0.016262174,0.006236704,0.010959238,0.0047225337
103.94955,1.9999999,0.0,1.2967145,-1.8273606,0.006236704,0.45072713,0.496076,0.007452632,2.232665,0.05298445,0.01777066,0.13922861,0.064805314,0.065053396,0.00024808198,-0.091248445,-0.09127296,-2.451241e-05,0.00065546,0.0002725076,-0.0003829524,1.295498,1.3054214,0.009923339,0.019981695,0.004663598,-0.015318098
103.99954,1.9999999,0.0,1.295498,-1.8225771,0.019981695,0.5305439,0.13385081,0.0073358715,2.2276137,0.056222226,-0.0043919645,-0.19901532,0.064710766,0.0649998,0.00028903037,-0.09103753,-0.091022484,1.5042722e-05,0.00014018857,0.0009855296,0.00084534107,1.2929326,1.304494,0.011561394,-0.014374152,0.019439492,0.033813644
104.09955,1.9999999,0.0,1.297037,-1.819339,0.022072759,0.073207326,0.4951307,0.02330543,2.22082,0.054673694,0.0052546947,-0.21604231,0.0646104,0.065099895,0.0004894957,-0.09057522,-0.09084437,-0.00026915222,0.0014167705,0.0012031049,-0.00021366565,1.2873789,1.306959,0.019580126,0.034598064,0.026051436,-0.008546628
104.14954,1.9999999,0.0,1.2873789,-1.8036698,0.034598064,0.8270518,0.24304143,0.0012615127,2.2239096,0.054433934,-0.023735102,-0.01550889,0.064747825,0.0645871,-0.00016072392,-0.09064258,-0.090057336,0.0005852431,0.0009160185,0.0014906228,0.00057460426,1.3025342,1.2961051,-0.006429076,0.002042677,0.025026847,0.02298417
104.19955,1.9999999,0.0,1.3025342,-1.8220333,0.002042677,-0.48425323,0.064850725,0.0040535135,2.2293012,0.05063803,0.0037038059,0.27821755,0.06485024,0.065315686,0.00046544522,-0.09070153,-0.09100356,-0.00030203164,0.00020297889,-9.466335e-05,-0.00029764225,1.2914755,1.3100933,0.01861775,0.006076479,-0.0058292113,-0.011905691
104.24954,1.9999999,0.0,1.2914755,-1.8060278,0.006076479,-0.30074325,0.7647802,0.0086729,2.2209208,0.055047892,0.004086653,0.002397595,0.064792626,0.06474973,-4.2892992e-05,-0.09057716,-0.09024524,0.00033192337,0.00057459157,0.00040907506,-0.00016551651,1.3002294,1.2985137,-0.0017157793,0.016907185,0.010286525,-0.0066206604
104.34955,1.9999999,0.0,1.3004162,-1.8132942,-0.010395893,0.36979836,0.6055392,0.0012945061,2.2196705,0.05698977,-0.019314539,-0.039545406,0.064926006,0.06520045,0.00027444214,-0.090438075,-0.090626724,-0.0001886487,0.00034372372,-0.00023748577,-0.0005812095,1.296624,1.3076016,0.010977626,0.024144841,0.00089646503,-0.023248376
104.39954,1.9999999,0.0,1.296624,-1.8042288,0.024144841,-0.93890077,0.20259243,0.025085863,2.2261574,0.050598316,-1.0975239e-05,0.21274477,0.06504322,0.065052144,8.925796e-06,-0.090397984,-0.090113714,0.00028426945,0.0007385577,0.0012377598,0.0004992021,1.305105,1.3054616,0.0003566742,0.005397468,0.025365552,0.019968085
104.549545,1.9999999,0.0,1.2961223,-1.7981797,-0.006899711,0.2365056,0.2592437,-0.0028483274,2.2211769,0.03854035,-0.0010256736,-0.03997464,0.06491592,0.065008484,9.256601e-05,-0.090071455,-0.089844845,0.00022660941,-0.0003510282,-0.00012942441,0.00022160378,1.3005145,1.3042172,0.0037027597,-0.007141417,0.0017227344,0.008864151
104.69955,1.9999999,0.0,1.2984579,-1.798738,0.013140454,0.4696804,0.64977384,0.0077150837,2.2256732,0.048960242,-0.016984422,-0.029915765,0.06490321,0.06512097,0.00021776557,-0.089826554,-0.08989744,-7.0884824e-05,0.0003825305,0.0008007651,0.00041823462,1.2976705,1.306381,0.008710504,0.002160767,0.01889015,0.016729383
104.74954,1.9999999,0.0,1.2976705,-1.7943242,0.002160767,0.032541536,0.14239055,0.015825933,2.2216349,0.0504504,-0.024468211,-0.05792124,0.064965315,0.065038435,7.312e-05,-0.08976888,-0.08968845,8.042902e-05,0.00019496186,0.0002672367,7.227484e-05,1.3009422,1.3038671,0.0029249191,0.005637707,0.008528698,0.002890991
104.799545,1.9999999,0.0,1.3009422,-1.796431,0.005637707,-0.5182012,0.44888905,0.02372948,2.226541,0.04592695,-0.022776546,0.21663882,0.06518087,0.065191075,1.0207295e-05,-0.08995398,-0.089732856,0.00022112578,0.0003305562,0.0003681412,3.7584978e-05,1.3062924,1.3067007,0.00040829182,0.007584541,0.009087943,0.0015034014
104.84955,1.9999999,0.0,1.3062924,-1.8017284,0.007584541,-0.32424417,-0.5022131,0.0062418804,2.2287998,0.041740414,-0.0028043299,0.21997821,0.06539649,0.06547197,7.548183e-05,-0.09017036,-0.08993151,0.00023885071,0.0004781634,0.00032640045,-0.00015176294,1.309567,1.3125865,0.0030195713,0.011541994,0.0054714754,-0.006070519
104.89954,1.9999999,0.0,1.309567,-1.8050859,0.011541994,-0.071058445,0.34445694,0.009690716,2.2253263,0.040955525,-0.00077872525,-0.11170748,0.0654618,0.06559458,0.0001327768,-0.09020135,-0.09020289,-1.5422702e-06,0.0006927324,0.000687531,-5.2013784e-06,1.308905,1.314216,0.0053110123,0.016167302,0.015959244,-0.00020805746
104.94955,1.9999999,0.0,1.308905,-1.802968,0.016167302,-0.1673439,0.042009957,0.011878374,2.225763,0.03515925,-0.013975078,0.15640028,0.06530786,0.06557474,0.0002668798,-0.08990333,-0.09004387,-0.0001405403,0.0009850096,0.0007554099,-0.00022959971,1.3034096,1.3140846,0.010675073,0.023233082,0.014049094,-0.009183988
105.049545,1.9999999,0.0,1.2988533,-1.7846563,0.008667036,0.701457,0.1297774,0.012165274,2.2175293,0.044276252,-0.020050675,-0.26215392,0.06519186,0.06502408,-0.00016777962,-0.089523755,-0.08922156,0.00030219555,0.00063812063,0.0004715668,-0.00016655383,1.3088208,1.3021101,-0.0067107677,0.016857788,0.010195635,-0.0066621527
105.09955,1.9999999,0.0,1.3088208,-1.796294,0.016857788,0.098591134,0.32617444,0.010425178,2.2248087,0.040787123,-0.011354092,0.13160048,0.065406226,0.065557994,0.00015176833,-0.089679405,-0.089778155,-9.8749995e-05,0.0005958382,0.0007235775,0.00012773933,1.3074281,1.3134989,0.006070733,0.006975738,0.012085311,0.0051095732
105.14954,1.9999999,0.0,1.3074281,-1.7908823,0.006975738,-0.29954726,0.4551163,0.011660571,2.2234242,0.037247293,-0.0068906257,0.09105861,0.06559814,0.06548419,-0.00011394918,-0.08979889,-0.089524135,0.00027475506,0.0004633136,0.00033721962,-0.00012609398,1.3164973,1.3119392,-0.0045580864,0.011556806,0.006513048,-0.005043758
105.19955,1.9999999,0.0,1.3164973,-1.8010733,0.011556806,1.0151443,0.59694964,0.010727441,2.2292454,0.045013983,-0.0022482302,-0.0069312165,0.06562002,0.06597657,0.00035654753,-0.089753725,-0.0900404,-0.000286676,0.00040691052,0.00061797764,0.00021106712,1.3083034,1.3225653,0.014261961,0.0047196145,0.013162296,0.008442681
105.24954,1.9999999,0.0,1.3083034,-1.7890759,0.0047196145,0.17747943,0.40542576,0.009244858,2.2222838,0.04522253,-0.0075837476,-0.060628135,0.06551174,0.06557965,6.791204e-05,-0.089498214,-0.08944611,5.210191e-05,0.00029973884,0.0003906794,9.0940564e-05,1.3121662,1.3148829,0.0027166605,0.0072699385,0.010907561,0.003637622
105.299545,1.9999999,0.0,1.3121662,-1.7908528,0.0072699385,-0.8259904,0.32506847,0.0181905,2.2271132,0.031897567,-0.0083110435,0.14447017,0.065682106,0.06576798,8.587539e-05,-0.08962782,-0.08949857,0.00012924522,6.490525e-05,0.00048024245,0.0004153372,1.315118,1.318553,0.0034350157,-0.0046737283,0.01193976,0.016613489
105.34955,1.9999999,0.0,1.315118,-1.7942599,-0.0046737283,0.1578986,-0.2917635,0.008610858,2.2248862,0.03879781,0.0068632704,0.2990245,0.065796226,0.065912426,0.000116199255,-0.08974233,-0.08956682,0.00017551333,0.00010249096,-0.00022787321,-0.00033036416,1.3167311,1.3213792,0.0046480894,0.008773367,-0.0044412017,-0.013214569
105.39954,1.9999999,0.0,1.3167311,-1.7954335,0.008773367,-0.50073594,-0.15655994,0.018977404,2.2183652,0.037504155,0.021591406,-0.27551356,0.06578081,0.06599164,0.00021082908,-0.08957774,-0.089702256,-0.0001245141,0.00065188785,0.0006052949,-4.6592962e-05,1.3145012,1.3229345,0.008433342,0.017302146,0.015438426,-0.0018637199
105.44955,1.9999999,0.0,1.3145012,-1.7876762,0.017302146,-0.37246987,0.65756834,0.014836881,2.2196558,0.03464128,-0.020688087,-0.26046282,0.06586362,0.06587114,7.5250864e-06,-0.0894412,-0.08929447,0.00014673173,0.0005355354,0.0010324672,0.00049693184,1.3200434,1.3203446,0.00030112267,0.0041192686,0.023996543,0.019877274
105.49954,1.9999999,0.0,1.3200434,-1.7899718,0.0041192686,0.7418414,0.94545054,0.009486682,2.2219863,0.04260031,-0.0044548754,0.17286916,0.06614942,0.06617649,2.706796e-05,-0.08965231,-0.08946484,0.00018746406,0.00037952978,0.00021545403,-0.00016407575,1.3259336,1.327016,0.0010824203,0.011061922,0.004498888,-0.006563034
105.69955,1.9999999,0.0,1.3199652,-1.7862631,-0.003387439,0.14173047,0.31905708,-1.5072785e-05,2.219318,0.039241485,-0.008718262,-0.1142629,0.06601897,0.066164486,0.00014551729,-0.089297846,-0.08930255,-4.7013164e-06,0.0007138763,3.177002e-05,-0.00068210624,1.3207935,1.326614,0.005820513,0.03194249,0.004658241,-0.02728425
105.74954,1.9999999,0.0,1.3207935,-1.7856507,0.03194249,-0.51877123,0.6678962,-0.0007297535,2.2156336,0.042085066,-0.018048003,0.18524538,0.066084966,0.06625323,0.00016826391,-0.089248985,-0.08925643,-7.44313e-06,0.0015173312,0.0014800733,-3.725791e-05,1.3226051,1.3293357,0.0067305565,0.028750762,0.027260445,-0.0014903173
105.799545,1.9999999,0.0,1.3226051,-1.7843087,0.028750762,-1.2698001,0.3078865,0.027426917,2.2136066,0.04060409,0.009806275,0.24138157,0.066365905,0.06639335,2.7447939e-05,-0.089459,-0.08907083,0.00038817525,0.0010204008,0.0012891812,0.0002687804,1.3320309,1.3331288,0.0010979176,0.012065272,0.022816481,0.010751209
105.84955,1.9999999,0.0,1.3320309,-1.7940514,0.012065272,0.14295751,0.47661185,0.021936284,2.2197106,0.046129312,0.0060901544,-0.20311867,0.066555664,0.06684986,0.00029419363,-0.08960129,-0.08965527,-5.3979456e-05,0.00041070304,0.00076883606,0.00035813302,1.3301955,1.3419635,0.011767983,0.00436285,0.018688168,0.014325319
105.89954,1.9999999,0.0,1.3301955,-1.7900004,0.00436285,0.008428161,-0.054877177,0.013626438,2.2131307,0.048347116,-0.010505591,-0.13000296,0.06670585,0.06671429,8.434057e-06,-0.08970503,-0.08946623,0.00023879856,0.00023569375,0.00036033467,0.00012464092,1.3380386,1.338376,0.0003374815,0.0050649,0.010050535,0.004985635
105.94955,1.9999999,0.0,1.3380386,-1.7982007,0.0050649,-0.51406413,0.50121075,0.013633357,2.2203472,0.0434256,-0.006910142,0.19050068,0.06677506,0.06708039,0.00030533224,-0.0896995,-0.089855306,-0.00015580654,0.00024141662,0.00027892683,3.751021e-05,1.3329637,1.3451773,0.012213588,0.0045917653,0.0060921684,0.001500403
105.99954,1.9999999,0.0,1.3329637,-1.7897793,0.0045917653,-0.06899726,0.54752815,0.017308159,2.2218435,0.04209369,0.008544477,0.19198897,0.06668969,0.06683555,0.00014586002,-0.089502774,-0.08939849,0.00010428578,0.00019846286,0.00031848886,0.000120026,1.3346239,1.3404584,0.0058344603,0.0033467496,0.008147787,0.0048010377
106.049545,1.9999999,0.0,1.3346239,-1.7903316,0.0033467496,0.7033824,0.074629515,0.009673402,2.2182834,0.0440863,0.012288755,-0.037110645,0.06691709,0.06693425,1.7158687e-05,-0.0897165,-0.08945977,0.0002567321,0.00016150725,0.00028345382,0.00012194656,1.3420596,1.3427464,0.0006867647,0.0031135404,0.007991403,0.004877863
106.09955,1.9999999,0.0,1.3420596,-1.7983285,0.0031135404,-0.6058356,0.06848229,0.003187666,2.232349,0.046008095,0.004833412,-0.16105969,0.06698718,0.067311816,0.0003246367,-0.089704625,-0.089810975,-0.00010634959,9.573405e-05,0.00035197436,0.0002562403,1.3374274,1.3504131,0.012985706,0.0007158218,0.010965433,0.010249611
106.14954,1.9999999,0.0,1.3374274,-1.7898566,0.0007158218,-0.5048101,0.2543462,0.015527661,2.2172751,0.045834437,-0.0038172142,-0.09683991,0.06704127,0.067051925,1.065433e-05,-0.089620605,-0.08937655,0.00024405867,0.00029015477,0.00024130866,-4.884611e-05,1.3442235,1.3446497,0.0004261732,0.010890369,0.008936528,-0.0019538412
106.19955,1.9999999,0.0,1.3442235,-1.7949677,0.010890369,0.27820534,0.43754387,0.009322112,2.2285333,0.04528597,-0.004850579,0.11697614,0.06746284,0.067373864,-8.897483e-05,-0.089996174,-0.08965243,0.00034374744,0.0014272013,0.00053386745,-0.00089333387,1.3542901,1.350731,-0.0035591125,0.046197683,0.010464329,-0.035733353
106.24954,1.9999999,0.023824055,1.3542901,-1.8048792,0.046197683,0.28136677,0.47800446,0.000963319,2.2267344,0.047256716,0.0078804,0.07450286,0.067729615,0.067935616,0.0002060011,-0.09019801,-0.090132445,6.556511e-05,0.0013151915,0.0020632742,0.00074808265,1.3548945,1.3631346,0.008240104,0.0064099785,0.036333285,0.029923307
106.299545,1.9999999,0.03847294,1.3548945,-1.8030413,0.0064099785,-0.04243651,0.64710414,0.026896005,2.2406693,0.049483754,0.0025997073,0.116212696,0.06799893,0.067948386,-5.054474e-05,-0.09045973,-0.09006908,0.00039064884,0.0015447461,0.00038251653,-0.0011622296,1.3650626,1.3630409,-0.0020216703,0.055379864,0.008890685,-0.04648918
106.34955,1.9999999,0.060468063,1.3650626,-1.8153478,0.055379864,-0.8893235,-0.60860366,0.02163897,2.2576315,0.028068725,0.01950167,-0.097284354,0.0682069,0.06852166,0.00031476468,-0.09064375,-0.09061415,2.9601157e-05,0.0012178642,0.0025683697,0.0013505055,1.3632134,1.375804,0.012590528,-0.0066652964,0.047354925,0.054020222
106.39954,1.9999999,0.097090274,1.3632134,-1.8104024,-0.0066652964,0.23450507,-0.2967321,0.02213435,2.2519352,0.0354727,-0.007128728,-0.3199129,0.06833261,0.06831535,-1.7262995e-05,-0.090684265,-0.09044514,0.00023912638,0.0005801989,-6.24666e-05,-0.0006426655,1.370091,1.3694006,-0.000690341,0.029873252,0.004166633,-0.025706619
106.44955,1.9999999,0.097090274,1.370091,-1.8169682,0.029873252,-0.6438404,-0.009023939,0.026948363,2.2515287,0.038148243,-0.0124896215,0.016455138,0.069118984,0.06860687,-0.00051211566,-0.09138147,-0.090750225,0.000631243,0.0029757537,0.0015306141,-0.0014451396,1.3946683,1.3741837,-0.020484686,0.089156896,0.031351313,-0.057805583
106.49954,1.9999999,0.097090274,1.3946683,-1.8382907,0.089156896,0.073423274,2.0326133,0.09447326,2.2641394,0.035031714,-0.0054832143,0.12489622,0.07028878,0.0699443,-0.0003444776,-0.092209704,-0.09184999,0.00035971403,0.0041815806,0.004327894,0.00014631357,1.4168826,1.4031037,-0.013778925,0.07810632,0.08395886,0.0058525354
106.549545,1.9999999,0.1190636,1.4168826,-1.8500974,0.07810632,-0.48342046,0.97650695,0.086569235,2.2906864,0.024404682,0.0,-0.23639143,0.07146825,0.071187735,-0.00028051436,-0.09301433,-0.092425756,0.0005885735,0.0033662813,0.0040596663,0.000693385,1.4418473,1.430627,-0.011220336,0.056544926,0.08428034,0.027735416
106.59955,1.9999999,0.16303205,1.4418473,-1.8704756,0.056544926,-1.1179928,-0.4105156,0.06700035,2.310896,0.030315192,-0.029122356,-0.07592182,0.07258077,0.072389975,-0.00019079447,-0.09387358,-0.0934026,0.000470981,0.003418572,0.003223069,-0.000195503,1.4613836,1.4537514,-0.0076321363,0.08019795,0.07237783,-0.007820122
106.64954,1.9999999,0.2436227,1.4613836,-1.8844675,0.08019795,-0.79050297,0.5880837,0.07112379,2.3370373,0.024748724,-0.007592182,0.20989966,0.07287581,0.07343042,0.0005546063,-0.09338919,-0.09396207,-0.0005728826,0.005232823,0.004275719,-0.0009571039,1.453649,1.475833,0.022184014,0.12911497,0.09083082,-0.038284153
106.69955,1.9999999,0.2948938,1.453649,-1.8511001,0.12911497,0.00501171,1.5472962,0.11679343,2.3610659,0.016967975,-0.00813239,-0.2568979,0.072637804,0.07307122,0.00043341517,-0.09199673,-0.09235599,-0.00035925955,0.006632305,0.0068460195,0.00021371432,1.4518633,1.4691998,0.017336488,0.13617724,0.1447258,0.008548558
106.74954,1.9999999,0.3242134,1.4518633,-1.8287692,0.13617724,1.1497241,-0.07590753,0.11692189,2.3614616,0.02640411,-0.03328197,-0.13105097,0.072832294,0.07292308,9.0785325e-05,-0.09132968,-0.091352634,-2.2955239e-05,0.0055609155,0.007211432,0.0016505164,1.4614285,1.4650598,0.0036312342,0.08625937,0.15228003,0.06602066
106.799545,1.9999999,0.3095427,1.4614285,-1.8244181,0.08625937,0.30955803,-0.92276955,0.10937901,2.3572938,0.030928062,-0.021237487,0.19668847,0.073218934,0.073350154,0.00013121963,-0.09077533,-0.09105649,-0.0002811551,0.004762159,0.004682473,-7.968629e-05,1.4673289,1.4725777,0.005248785,0.10422699,0.10103954,-0.0031874552
106.84955,1.9999999,0.2948938,1.4673289,-1.8065952,0.10422699,-1.0024943,-0.32200697,0.1068889,2.3458455,0.033455715,-0.013613124,-0.001877,0.073720425,0.07365175,-6.8672e-05,-0.09012135,-0.09012037,9.834766e-07,0.005727539,0.0054551624,-0.00027237646,1.4814881,1.4787415,-0.002746582,0.124874555,0.11397951,-0.010895044
106.89954,1.9999999,0.28024492,1.4814881,-1.798259,0.124874555,-1.0842336,-0.308583,0.13041706,2.3319674,0.035067026,-0.021425188,0.08657716,0.074347034,0.074391596,4.4561923e-05,-0.08989299,-0.08966168,0.00023131073,0.006472242,0.00634505,-0.00012719212,1.4923933,1.4941758,0.0017825365,0.13401514,0.12892744,-0.0050877035
106.94955,1.9999999,0.26559603,1.4923933,-1.7974606,0.13401514,0.3466195,0.117449746,0.11577229,2.3346193,0.031289093,-0.004955408,0.15248613,0.07482079,0.07495861,0.00013782084,-0.089851424,-0.08962233,0.00022909045,0.0064694025,0.006620638,0.00015123561,1.5004383,1.5059509,0.005512595,0.12476096,0.13081038,0.006049417
106.99954,1.9999999,0.26559603,1.5004383,-1.7965965,0.12476096,-1.2395754,-0.14105763,0.121814944,2.3236172,0.035243824,-0.006176574,-0.22561972,0.07472474,0.07532253,0.0005977899,-0.08884668,-0.08957853,-0.0007318482,0.006411872,0.006218771,-0.00019310089,1.4885514,1.5124632,0.023911834,0.13171391,0.12398987,-0.0077240393
107.049545,1.9999999,0.3461867,1.4885514,-1.7572709,0.13171391,-1.1368738,-0.030554004,0.13923483,2.3126516,0.020689359,-0.02751738,0.06891372,0.074921735,0.07471937,-0.00020236522,-0.08772869,-0.08752122,0.00020746887,0.0066091223,0.0067310096,0.00012188731,1.5083181,1.5002235,-0.008094549,0.13265097,0.13752645,0.004875481
107.09955,1.9999999,0.3461867,1.5083181,-1.7518764,0.13265097,-0.14013474,0.11910677,0.14200082,2.3092315,0.023754077,0.0007147976,0.07975997,0.07587475,0.075751714,-0.00012303889,-0.08754345,-0.08721663,0.00032681972,0.0062799724,0.0067932527,0.0005132803,1.5266721,1.5217506,-0.0049215555,0.11854791,0.13907912,0.020531215
107.14954,1.9999999,0.33886227,1.5266721,-1.7498616,0.11854791,0.63439703,0.59300834,0.10440723,2.3106537,0.022271764,-0.019541383,-0.12509067,0.076470464,0.07657278,0.00010231882,-0.08698699,-0.087203674,-0.00021668524,0.0058761956,0.006200738,0.00032454217,1.5321465,1.5362391,0.0040926933,0.11649991,0.1294816,0.0129816905
107.19955,1.9999999,0.33886227,1.5321465,-1.729618,0.11649991,-0.31164366,-0.6029888,0.11933311,2.3117018,0.019108485,-0.011794269,0.22984721,0.07657818,0.07691443,0.00033625215,-0.085701644,-0.08613422,-0.00043257326,0.0059945136,0.006194671,0.00020015752,1.5309807,1.5444307,0.0134500265,0.123280644,0.13128692,0.008006275
107.24954,1.9999999,0.3461867,1.5309807,-1.698448,0.123280644,-0.19097532,0.4691396,0.12611547,2.3125188,0.022785017,0.0034433384,-0.1043478,0.07721986,0.07685766,-0.00036219507,-0.085323006,-0.084589474,0.000733532,0.0053653056,0.006435799,0.0010704934,1.5578138,1.543326,-0.014487743,0.091331586,0.13415131,0.042819723
107.299545,1.9999999,0.3461867,1.5578138,-1.7144724,0.091331586,0.49065942,1.1383765,0.124769956,2.3173652,0.020294754,-0.02222905,-0.45186362,0.07808543,0.07817312,8.769333e-05,-0.085298054,-0.08551453,-0.00021647662,0.00520832,0.0053372174,0.00012889737,1.5656033,1.5691111,0.0035078526,0.11700122,0.122157104,0.0051558837
107.34955,1.9999999,0.3461867,1.5656033,-1.6974498,0.11700122,0.2505217,-0.051724594,0.11309571,2.3273082,0.017503856,-0.041743025,0.07297565,0.07836875,0.078557245,0.00018849224,-0.084666304,-0.0846834,-1.7099082e-05,0.006380174,0.006581396,0.00020122202,1.5691469,1.5766865,0.00753963,0.13820574,0.1462546,0.008048862
107.39954,1.9999999,0.33886227,1.5691469,-1.6892024,0.13820574,-0.81943566,-0.49877238,0.117266044,2.3145285,0.018088778,-0.014931485,0.39609224,0.07891728,0.07882736,-8.992106e-05,-0.084437594,-0.084144376,0.0002932176,0.0066434904,0.0070831464,0.00043965597,1.5875442,1.5839475,-0.0035966635,0.12753388,0.14512014,0.017586261
107.44955,1.9999999,0.3242134,1.5875442,-1.6883012,0.12753388,-0.2137877,0.12694794,0.124758475,2.3103426,0.015320596,-0.0021338023,0.19797212,0.07944783,0.07978856,0.00034072995,-0.08400718,-0.084019236,-1.2055039e-05,0.006411268,0.0065700696,0.00015880167,1.5903689,1.6039982,0.013629317,0.12891684,0.1352689,0.006352052
107.49954,1.9999999,0.31686714,1.5903689,-1.6719859,0.12891684,-0.23502651,0.4635219,0.11411673,2.3159173,0.014695841,0.004865727,-0.075107135,0.079932116,0.07987793,-5.4188073e-05,-0.08341544,-0.083211906,0.00020353496,0.006506585,0.0066152173,0.00010863226,1.6069158,1.6047482,-0.0021675825,0.13134655,0.13569182,0.004345268
107.549545,1.9999999,0.31686714,1.6069158,-1.6646318,0.13134655,-0.88141185,0.32627177,0.121705264,2.3107178,0.010952275,-0.009644516,-0.061970945,0.080851205,0.08067059,-0.00018061697,-0.08324614,-0.08283319,0.00041294843,0.0065380684,0.0067397803,0.0002017119,1.6271324,1.6199077,-0.007224679,0.13017617,0.13824464,0.008068472
107.59955,1.9999999,0.31686714,1.6271324,-1.665214,0.13017617,-0.32935756,0.09894157,0.12122966,2.3230195,0.018777391,-0.0013313675,0.057593785,0.0814634,0.08169749,0.00023408979,-0.08306626,-0.08287331,0.00019295514,0.006877318,0.006621869,-0.0002554492,1.6314034,1.6407671,0.009363651,0.14491655,0.13469858,-0.010217965
107.64954,1.9999999,0.31686714,1.6314034,-1.6574365,0.14491655,0.62532693,0.24286118,0.13438049,2.323982,0.008801626,-0.0038851374,-0.28730696,0.08144963,0.08182656,0.00037693232,-0.08186381,-0.082643144,-0.00077933073,0.0074765757,0.0072674393,-0.0002091364,1.6265817,1.6416587,0.015076995,0.15414648,0.14578101,-0.008365467
107.69955,1.9999999,0.3242134,1.6265817,-1.617116,0.15414648,0.51969725,0.7685038,0.15815254,2.3092082,0.014324624,-0.030062065,-0.2751216,0.08206271,0.08152882,-0.00053388625,-0.08091181,-0.080737434,0.00017437339,0.007786143,0.0076962262,-8.9916866e-05,1.6559268,1.6345711,-0.021355748,0.15729925,0.15370259,-0.0035966635
107.74954,1.9999999,0.3461867,1.6559268,-1.6193563,0.15729925,-1.2980559,0.10703081,0.14430566,2.3177242,0.022136608,-0.031397298,0.08783293,0.0829375,0.08305498,0.000117480755,-0.08055189,-0.08078332,-0.00023142993,0.007722833,0.007833928,0.000111094676,1.6615734,1.6662725,0.004699111,0.15161408,0.15605788,0.0044437945
107.799545,1.9999999,0.36083558,1.6615734,-1.6027193,0.15161408,-1.285585,0.023173044,0.16353989,2.3145876,0.025584865,-0.02127877,0.025821716,0.08337827,0.08337746,-8.121133e-07,-0.07948284,-0.07985933,-0.00037649274,0.0073160566,0.007693951,0.00037789438,1.6735575,1.6735247,-3.2782555e-05,0.1410282,0.15614393,0.015115738
107.84955,1.9999999,0.38280892,1.6735575,-1.5765944,0.1410282,0.1342831,0.72296226,0.14510441,2.317365,0.024662292,-0.028815126,-0.36811864,0.08368312,0.08394047,0.0002573505,-0.07849792,-0.07862175,-0.0001238361,0.0070923273,0.007496892,0.00040456466,1.6737671,1.684061,0.010293961,0.14266491,0.1588475,0.016182587
107.89954,1.9999999,0.38280892,1.6737671,-1.5633224,0.14266491,0.15799147,1.0944325,0.15567002,2.3119068,0.025425714,-0.058090635,0.049355727,0.08457346,0.08396491,-0.000608556,-0.078588426,-0.077926755,0.00066167116,0.007104117,0.0077830628,0.0006789458,1.7091714,1.684829,-0.024342418,0.14149977,0.1686576,0.027157828
107.94955,1.9999999,0.38280892,1.7091714,-1.5802145,0.14149977,-0.36061314,0.8588582,0.14868665,2.3263032,0.025146296,-0.023879554,0.21901219,0.08524992,0.085809864,0.00055994093,-0.07824385,-0.07863349,-0.00038963556,0.0076800548,0.0077474727,6.7417976e-05,1.7008256,1.7232233,0.022397757,0.16570242,0.16839913,0.0026967078
107.99954,1.9999999,0.37548447,1.7008256,-1.5495397,0.16570242,-0.8181823,0.17708138,0.14946218,2.3151717,0.025883803,-0.03618942,0.059868217,0.0854393,0.08541758,-2.1718442e-05,-0.077136844,-0.07702378,0.00011306256,0.008244688,0.008907313,0.00066262577,1.7167464,1.7158777,-0.0008687973,0.1640851,0.19059011,0.026505008
108.049545,1.9999999,0.37548447,1.7167464,-1.535934,0.1640851,0.007642252,-0.37786055,0.16107659,2.320903,0.014192874,-0.017892731,0.083927326,0.08615975,0.08620288,4.313141e-05,-0.07666198,-0.07640021,0.0002617687,0.008463472,0.008588369,0.00012489688,1.7296435,1.7313688,0.001725316,0.17445378,0.17944968,0.0049958974
108.09955,1.9999999,0.38280892,1.7296435,-1.5305454,0.17445378,-0.015329249,-0.115148544,0.15058783,2.3156626,0.018175647,-0.027796684,0.12857734,0.086904064,0.0868262,-7.786602e-05,-0.076092176,-0.07616102,-6.8843365e-05,0.0083409,0.008933737,0.0005928371,1.746519,1.7434044,-0.003114581,0.15918222,0.18289569,0.02371347
108.14954,1.9999999,0.38280892,1.746519,-1.5131416,0.15918222,-0.36415035,0.14128073,0.16082156,2.3100293,0.01734584,-0.005034999,-0.10637002,0.087435775,0.08762028,0.00018450618,-0.07540169,-0.07529707,0.00010462105,0.008079771,0.008151248,7.1477145e-05,1.750912,1.7582926,0.0073806047,0.16400863,0.16686769,0.002859056
108.19955,1.9999999,0.37548447,1.750912,-1.502926,0.16400863,-0.85032517,0.55912817,0.15610845,2.3107114,0.020775847,-0.038433686,-0.08901544,0.08803418,0.087754354,-0.0002798289,-0.0749044,-0.07478272,0.00012167543,0.008151044,0.008433749,0.00028270483,1.7704554,1.7592621,-0.011193275,0.16203314,0.17334132,0.011308178
108.24954,1.9999999,0.38280892,1.7704554,-1.4932499,0.16203314,-0.77636534,-0.6020257,0.17384966,2.3128686,0.02036012,-0.013936543,-0.14584155,0.08885394,0.08876293,-9.100884e-05,-0.07425447,-0.074335985,-8.15168e-05,0.007606732,0.008361452,0.00075472007,1.7837023,1.780062,-0.003640294,0.14223616,0.17242494,0.030188784
108.299545,1.9999999,0.38280892,1.7837023,-1.476929,0.14223616,0.4303441,0.1309356,0.14527667,2.3117666,0.019471437,-0.05301784,-0.16580166,0.0892814,0.08935077,6.9364905e-05,-0.073452264,-0.073606595,-0.00015433133,0.007858215,0.0075218873,-0.0003363276,1.7875538,1.7903285,0.0027747154,0.17209244,0.15863934,-0.013453096
108.34955,1.9999999,0.38280892,1.7875538,-1.4611615,0.17209244,0.8282043,0.3122555,0.1637159,2.3019726,0.021967597,-0.030516708,0.2489731,0.08976397,0.08959439,-0.00016958266,-0.072751604,-0.07284048,-8.8877976e-05,0.008558527,0.008770763,0.00021223631,1.8030049,1.7962216,-0.006783247,0.17024863,0.17873806,0.00848943
108.39954,1.9999999,0.37548447,1.8030049,-1.4489026,0.17024863,0.6307694,0.31988224,0.1659232,2.3105183,0.012236482,-0.02812053,-0.038382523,0.09033602,0.09034596,9.9390745e-06,-0.071953624,-0.07222713,-0.00027350336,0.008015494,0.008667949,0.0006524548,1.8104359,1.8108336,0.0003976822,0.1503711,0.1764693,0.026098192
108.44955,1.9999999,0.36816004,1.8104359,-1.4292424,0.1503711,-0.21854629,0.27483597,0.16257265,2.3143275,0.022559373,-0.034354962,0.0025529442,0.0907109,0.090710655,-2.4586916e-07,-0.07054089,-0.07121484,-0.0006739497,0.007905014,0.007822758,-8.225627e-05,1.8180001,1.8179904,-9.655952e-06,0.16582943,0.16253918,-0.003290251
108.49954,1.9999999,0.36816004,1.8180001,-1.3923931,0.16582943,-0.91212535,0.13585855,0.16876262,2.3132687,0.018715853,-0.027865237,0.033300266,0.091287866,0.09112036,-0.00016750395,-0.069815286,-0.06928804,0.0005272478,0.008242475,0.008535978,0.00029350352,1.8335145,1.8268144,-0.006700039,0.16386954,0.17560971,0.011740163
108.549545,1.9999999,0.36083558,1.8335145,-1.4002182,0.16386954,-0.5108291,-0.30744475,0.15816958,2.310038,0.0155816,-0.031024935,-0.06579886,0.09221318,0.09188093,-0.0003322512,-0.06987128,-0.06968988,0.00018139929,0.00792406,0.008471039,0.0005469788,1.855013,1.8417227,-0.013290286,0.15309286,0.17497203,0.021879166
108.69955,1.9999999,0.3242134,1.8850397,-1.3467185,0.15652493,0.6340874,-0.022527184,0.14670986,2.3189158,0.020464031,-0.008230312,-0.16638243,0.094580136,0.094433,-0.00014713407,-0.06697934,-0.06714803,-0.0001686886,0.008217009,0.007871944,-0.00034506433,1.8981658,1.8922803,-0.005885482,0.17215541,0.15835285,-0.013802558
108.74954,1.9999999,0.3242134,1.8981658,-1.332455,0.17215541,-0.4590446,0.3376546,0.15500098,2.3152602,0.024877321,-0.028997542,-0.43414247,0.09530383,0.09500603,-0.00029780716,-0.06662473,-0.0665124,0.000112332404,0.008565444,0.0084510585,-0.00011438504,1.9139875,1.9020752,-0.011912346,0.17046234,0.16588691,-0.0045754313
108.799545,1.9999999,0.3242134,1.9139875,-1.3325342,0.17046234,-0.7047409,0.36360165,0.17072457,2.3222258,0.022024028,-0.05164456,0.027001642,0.095570855,0.095819406,0.00024855137,-0.06601974,-0.066512555,-0.0004928112,0.007859291,0.0084089115,0.00054962095,1.9088465,1.9187887,0.009942174,0.14390928,0.16589412,0.021984845
108.84955,1.9999999,0.3242134,1.9088465,-1.3082554,0.14390928,-0.08019357,-0.491189,0.15323228,2.335698,0.01565632,-0.026297377,0.43649665,0.096207015,0.095731355,-0.00047565997,-0.06537257,-0.06515061,0.00022196025,0.007987235,0.0073647783,-0.0006224564,1.9394342,1.9204077,-0.019026518,0.17558013,0.15068187,-0.02489826
108.89954,1.9999999,0.3095427,1.9394342,-1.3066473,0.17558013,0.4657746,-0.39890343,0.16553307,2.3210003,0.018274447,-0.007994895,0.07163948,0.0969492,0.09727756,0.000328362,-0.06488278,-0.06510237,-0.00021959096,0.00822893,0.008630636,0.00040170643,1.9385338,1.9516681,0.01313436,0.15357707,0.16964532,0.01606825
108.94955,1.9999999,0.2948938,1.9385338,-1.288664,0.15357707,0.66720873,-0.02852127,0.17195147,2.325844,0.021262638,-0.01913343,-0.2983247,0.097475246,0.09708442,-0.00039082766,-0.06417479,-0.06428002,-0.00010522455,0.007601474,0.007607594,6.1201863e-06,1.960476,1.9448428,-0.015633225,0.15048188,0.15072668,0.00024479628
108.99954,1.9999999,0.2729205,1.960476,-1.278328,0.15048188,-0.36876234,0.48189944,0.14024815,2.3175325,0.024415731,-0.037827365,-0.33006668,0.097933546,0.09806504,0.0001314953,-0.063340485,-0.06384152,-0.00050103664,0.007602055,0.0073818103,-0.00022024475,1.9568658,1.9621257,0.0052598715,0.15360034,0.14479053,-0.008809805
109.049545,1.9999999,0.26559603,1.9568658,-1.2552913,0.15360034,-0.7310612,-0.27343324,0.16124901,2.3304791,0.020233886,-0.052140098,0.12566824,0.0980058,0.097954676,-5.1125884e-05,-0.062318332,-0.06266828,-0.00034994632,0.0071069603,0.007590722,0.00048376154,1.9633664,1.9613211,-0.0020452738,0.13067807,0.15002856,0.019350484
109.09955,1.9999999,0.2729205,1.9633664,-1.2374419,0.13067807,0.08578621,0.3708262,0.14500947,2.3250248,0.01805015,-0.025260542,0.42634657,0.09844095,0.09842234,-1.861155e-05,-0.061666455,-0.061620522,4.593283e-05,0.00723755,0.0065555708,-0.0006819791,1.9742718,1.9735271,-0.00074470043,0.15882392,0.13154474,-0.027279183
109.14954,1.9999999,0.30221826,1.9742718,-1.2292165,0.15882392,-0.30720413,0.7375717,0.14394028,2.329343,0.017400548,-0.0095054405,-0.028026424,0.09878791,0.098938644,0.0001507327,-0.060978465,-0.061146047,-0.00016758218,0.007486061,0.007836108,0.0003500469,1.9772445,1.9832741,0.006029606,0.14061852,0.15462041,0.014001891
109.19955,1.9999999,0.3095427,1.9772445,-1.2099221,0.14061852,0.22244711,0.40987524,0.15372068,2.3257146,0.015113906,-0.028063184,-0.22112279,0.09921041,0.09900532,-0.00020509213,-0.06005987,-0.06023846,-0.00017858669,0.006754513,0.007210411,0.00045589823,1.9911718,1.9829683,-0.0082035065,0.12956199,0.14779794,0.018235952
109.24954,1.9999999,0.3095427,1.9911718,-1.1924727,0.12956199,-0.85734504,-0.8445854,0.13718292,2.3254979,0.013079734,-0.03161772,-0.060667757,0.09987272,0.09971739,-0.0001553297,-0.059029136,-0.059379287,-0.0003501512,0.007882719,0.006799961,-0.001082758,2.0037372,1.9975237,-0.006213546,0.18574674,0.14243644,-0.0433103
109.299545,1.9999999,0.26559603,2.0037372,-1.1686927,0.18574674,-1.2991302,-0.38793015,0.16047454,2.3171027,0.008524585,-0.03412996,0.247566,0.10008859,0.10043838,0.00034978986,-0.057880443,-0.058251556,-0.00037111342,0.007943752,0.008961123,0.0010173712,1.9998064,2.0137982,0.013991833,0.13200334,0.1726982,0.040694863
109.34955,1.9999999,0.26559603,1.9998064,-1.1465249,0.13200334,-0.15700915,0.44085333,0.1626211,2.3154917,0.0072317887,-0.00686112,0.031599604,0.09995419,0.10019417,0.0002399832,-0.057128806,-0.057038844,8.9962035e-05,0.006637751,0.0065324986,-0.00010525249,1.9983611,2.0079606,0.009599447,0.1335067,0.1292966,-0.0042100996
109.39954,1.9999999,0.26559603,1.9983611,-1.1386273,0.1335067,-0.031752735,1.4960296,0.14501497,2.3180914,0.005535057,-0.03097,-0.109640725,0.10004329,0.10000972,-3.3572316e-05,-0.056753203,-0.056626376,0.00012682751,0.006665269,0.006679652,1.438288e-05,2.0033705,2.0020275,-0.0013430119,0.13310406,0.13367938,0.00057531893
109.44955,1.9999999,0.28024492,2.0033705,-1.1315007,0.13310406,0.38046002,0.5036068,0.13862574,2.3195267,0.0074667525,-0.017825192,-0.002308141,0.10049855,0.10032159,-0.00017695874,-0.05630846,-0.056319173,-1.0713935e-05,0.006587557,0.006837684,0.00025012717,2.0165715,2.009493,-0.007078409,0.13039823,0.1404033,0.010005072
109.49954,1.9999999,0.28756937,2.0165715,-1.1208377,0.13039823,0.28588557,0.27892014,0.13051076,2.3318832,0.014615915,-0.031200813,0.30149516,0.100603096,0.10104773,0.00044463575,-0.055676498,-0.055723548,-4.7050416e-05,0.006646017,0.0067330496,8.703256e-05,2.0075524,2.0253375,0.017785072,0.13544247,0.13892376,0.0034812987
109.549545,1.9999999,0.2948938,2.0075524,-1.1062223,0.13544247,-0.22935587,0.7293035,0.13573936,2.3149145,0.0088485945,0.012324323,0.32262042,0.10074823,0.10070095,-4.7281384e-05,-0.055084307,-0.05485935,0.00022495538,0.0066415155,0.006810603,0.00016908767,2.022377,2.0204854,-0.001891613,0.13021816,0.13698167,0.006763503
109.59955,1.9999999,0.28756937,2.022377,-1.09715,0.13021816,-0.6369224,0.18816881,0.12642404,2.3181903,0.0068222173,0.001061229,-0.16893086,0.10153303,0.10142412,-0.00010891259,-0.05434442,-0.054439902,-9.5482916e-05,0.0061484724,0.0067166076,0.0005681352,2.0389445,2.034588,-0.0043563843,0.115720734,0.13844615,0.022725418
109.64954,1.9999999,0.28756937,2.0389445,-1.0766269,0.115720734,0.102167,0.5278308,0.12560964,2.3134694,0.002402884,-0.0045687617,-0.13229983,0.10241027,0.10222765,-0.00018262118,-0.05359312,-0.053491868,0.00010125339,0.006387968,0.0061297873,-0.00025818078,2.0574665,2.0501616,-0.007304907,0.13979799,0.12947075,-0.010327235
109.69955,1.9999999,0.2729205,2.0574665,-1.067098,0.13979799,0.46738866,0.3225563,0.11179658,2.324097,0.010616758,-0.012168754,-0.3148545,0.10268741,0.10305591,0.00036849827,-0.052927256,-0.053182002,-0.00025474653,0.0062979357,0.0070965784,0.00079864264,2.05003,2.0647697,0.014739752,0.11211944,0.14406516,0.031945713
109.74954,1.9999999,0.26559603,2.05003,-1.0499922,0.11211944,-1.2601143,-0.004310148,0.10482992,2.3261104,0.015101223,-0.036054213,0.04839897,0.102894686,0.10267706,-0.00021762401,-0.052384775,-0.052279025,0.000105749816,0.0054018297,0.0057150177,0.00031318795,2.0657575,2.0570524,-0.008705139,0.10395374,0.116481274,0.012527533
109.799545,1.9999999,0.26559603,2.0657575,-1.0453988,0.10395374,-0.14464734,-0.55929446,0.11457135,2.331689,0.004328678,-0.0073288567,0.1078883,0.103279784,0.10350032,0.00022053719,-0.051855847,-0.05203488,-0.00017903373,0.005648673,0.0053266543,-0.00032201875,2.065434,2.074255,0.008821011,0.121993184,0.10911243,-0.012880757
109.84955,1.9999999,0.2729205,2.065434,-1.0288352,0.121993184,0.3179892,0.84409016,0.1132391,2.3256397,0.011034218,-0.02526538,-0.09908197,0.10418743,0.103401236,-0.0007861927,-0.051432204,-0.051241305,0.00019089878,0.005514621,0.006118428,0.00060380716,2.1020632,2.0706155,-0.03144765,0.09859165,0.12274393,0.024152279
109.89954,1.9999999,0.2729205,2.1020632,-1.028453,0.09859165,0.19351803,0.32917947,0.10694939,2.3378823,0.0020147846,-0.017237054,0.04072053,0.10462462,0.105255224,0.00063060224,-0.05102696,-0.05120763,-0.00018067285,0.0044160807,0.005154071,0.00073799025,2.0829215,2.108146,0.025224447,0.078051575,0.10757119,0.029519618
109.94955,1.9999999,0.2729205,2.0829215,-1.0126255,0.078051575,-0.11028773,0.45753786,0.12674044,2.335212,0.020142587,-0.021193327,0.17237054,0.10467147,0.104355335,-0.00031613559,-0.05033276,-0.05029838,3.437698e-05,0.0056066564,0.0044344524,-0.001172204,2.1039374,2.091292,-0.012645483,0.1462147,0.09932652,-0.046888173
109.99954,1.9999999,0.25094715,2.1039374,-1.0006849,0.1462147,-1.0301205,-0.18482834,0.12137308,2.3370757,0.01628435,0.0,0.05814153,0.10499624,0.10545757,0.00046132505,-0.04950788,-0.0497127,-0.00020482019,0.006685805,0.007217265,0.00053146016,2.0959122,2.1143656,0.01845336,0.12121751,0.1424759,0.021258391
110.049545,1.9999999,0.23629826,2.0959122,-0.97963023,0.12121751,-1.3897039,0.96517026,0.1253995,2.3303294,0.004006134,-0.015379175,-0.20598578,0.10493169,0.105014205,8.251518e-05,-0.048762534,-0.048627652,0.00013488159,0.006198529,0.0061917305,-6.798655e-06,2.1013556,2.104656,0.0033004284,0.12672365,0.1264517,-0.0002719462
110.09955,1.9999999,0.23629826,2.1013556,-0.9708711,0.12672365,-0.30738264,-0.13473098,0.11198587,2.3329282,0.006280323,-0.02059858,0.07300289,0.104881704,0.10527047,0.00038876384,-0.04816498,-0.048233286,-6.830692e-05,0.005488783,0.006335666,0.0008468828,2.0939126,2.1094632,0.015550613,0.09282768,0.126703,0.033875316
110.14954,1.9999999,0.23629826,2.0939126,-0.9557281,0.09282768,0.3492475,0.89862686,0.11864811,2.3279688,0.014911888,-0.008078885,-0.09838268,0.10528976,0.104889035,-0.00040072203,-0.047511596,-0.047521677,-1.0080636e-05,0.0051442655,0.0049174502,-0.00022681523,2.1176777,2.1016488,-0.016028881,0.11294294,0.103870325,-0.009072617
110.19955,1.9999999,0.20697871,2.1176777,-0.9447357,0.11294294,0.11972231,0.61191994,0.11570051,2.333732,0.015143197,-0.030436847,-0.02588506,0.10586591,0.10606616,0.00020024925,-0.046774868,-0.04701541,-0.000240542,0.0047307345,0.0058346735,0.001103939,2.1169589,2.1249683,0.008009434,0.076286435,0.120443985,0.04415755
110.24954,1.9999999,0.21430315,2.1169589,-0.9262589,0.076286435,-1.0940512,0.19123305,0.0927463,2.33911,0.009980447,-0.010667391,0.19807091,0.10641072,0.106106184,-0.00030453503,-0.04618828,-0.045965653,0.00022262707,0.004886539,0.0041946513,-0.0006918879,2.13947,2.1272883,-0.012181759,0.11917513,0.09149961,-0.027675517
110.299545,1.9999999,0.19965427,2.13947,-0.92127234,0.11917513,-0.7782793,0.46593195,0.11153963,2.3311126,0.0040639793,-0.010629755,-0.014256599,0.106853455,0.107230924,0.00037746876,-0.0459012,-0.04573619,0.00016501173,0.0055174967,0.0060492135,0.00053171674,2.134668,2.149767,0.01509881,0.10152475,0.1227934,0.02126865
110.34955,1.9999999,0.19232982,2.134668,-0.91477567,0.10152475,-0.18049988,-0.2307911,0.09952293,2.3394945,0.00874492,-0.012093051,0.10695411,0.10676081,0.106975794,0.0002149865,-0.045419388,-0.04543786,-1.8473715e-05,0.00543115,0.0050769537,-0.0003541964,2.1357641,2.1443636,0.00859952,0.115721256,0.10155341,-0.014167845
110.39954,1.9999999,0.21430315,2.1357641,-0.9019998,0.115721256,0.5769083,1.1538647,0.11771855,2.3402016,0.014328898,6.565592e-05,-0.005471237,0.10711238,0.10699129,-0.000121086836,-0.04493655,-0.04485008,8.646771e-05,0.0051667085,0.005707122,0.0005404134,2.148731,2.1438875,-0.0048434734,0.09094708,0.112563625,0.021616548
110.44955,1.9999999,0.2582716,2.148731,-0.8954621,0.09094708,-0.022081623,0.03935932,0.089325935,2.3461354,0.019151682,-0.0126401745,-0.1503157,0.10747975,0.10763196,0.00015220791,-0.044260312,-0.044570986,-0.0003106743,0.0047293603,0.0048972717,0.0001679114,2.150459,2.1565473,0.006088257,0.09822733,0.10494379,0.00671646
110.49954,1.9999999,0.30221826,2.150459,-0.87495035,0.09822733,-0.100112624,0.40190023,0.10660199,2.3429725,0.018333564,-0.014965914,-0.22798468,0.10758942,0.107703626,0.0001142025,-0.043715626,-0.043594923,0.00012070313,0.0050858096,0.005464022,0.00037821243,2.1531177,2.157686,0.0045683384,0.10520506,0.12033355,0.015128493
110.549545,1.9999999,0.31686714,2.1531177,-0.87367463,0.10520506,-0.43973976,0.69673264,0.09950512,2.3446233,0.0048424876,-0.035438642,0.086132586,0.107767135,0.10785108,8.394569e-05,-0.043445416,-0.04342247,2.2944063e-05,0.0049320394,0.005789512,0.0008574724,2.1575675,2.1609256,0.0033581257,0.09207651,0.1263754,0.034298897
110.74954,1.9999999,0.31686714,2.1624162,-0.8299058,0.10991472,-0.43267637,0.28110558,0.11412139,2.3354163,0.0066725933,-0.01948726,0.02402341,0.10816671,0.108357444,0.00019073486,-0.041229095,-0.04116768,6.1415136e-05,0.005138185,0.006098957,0.0009607719,2.1642523,2.1718814,0.007629156,0.095612675,0.13404354,0.03843087
110.799545,1.9999999,0.3095427,2.1642523,-0.8192579,0.095612675,-0.32812333,-0.73107296,0.09966073,2.340751,0.008707068,-0.0030151412,-0.083762795,0.108381465,0.10846496,8.3491206e-05,-0.04051253,-0.040663138,-0.00015060976,0.004765537,0.005360459,0.0005949219,2.1710062,2.1743462,0.0033400059,0.095008805,0.11880567,0.023796864
110.84955,1.9999999,0.25094715,2.1710062,-0.8012431,0.095008805,-1.4387505,-0.48027834,0.106253624,2.337324,0.016365288,-0.027863538,0.07902018,0.108719856,0.108763754,4.389882e-05,-0.039596662,-0.03969733,-0.00010066852,0.0045505078,0.005038969,0.00048846146,2.177788,2.179544,0.0017559528,0.0870115,0.10654996,0.019538462
110.89954,1.9999999,0.2216276,2.177788,-0.78262335,0.0870115,-0.6154901,0.749897,0.09636098,2.3360023,0.012189321,0.004886877,0.10756045,0.108927436,0.10911448,0.00018704683,-0.03906774,-0.038718823,0.00034891814,0.0044652517,0.004577392,0.000112140086,2.1793096,2.1867914,0.0074818134,0.091598555,0.096084155,0.0044855997
110.94955,1.9999999,0.2216276,2.1793096,-0.7800863,0.091598555,1.0939724,0.8020229,0.08853425,2.3272562,0.013639316,-0.017107494,-0.18215097,0.10929192,0.10909686,-0.0001950562,-0.0389928,-0.038761117,0.00023168325,0.004528843,0.004914311,0.00038546836,2.1923673,2.1845646,-0.007802725,0.08955515,0.10497388,0.015418731
110.99954,1.9999999,0.2216276,2.1923673,-0.7796258,0.08955515,-1.0445243,-0.8290482,0.102313764,2.3412144,0.021244096,-0.013328221,0.17209303,0.10957444,0.109788336,0.00021389872,-0.03837173,-0.03867146,-0.0002997294,0.0048158686,0.0046297046,-0.00018616393,2.1906102,2.199166,0.008555889,0.103079595,0.09563304,-0.0074465573
111.049545,1.9999999,0.2436227,2.1906102,-0.75524354,0.103079595,-0.9412145,0.20435254,0.10048425,2.3319342,0.020068148,0.000101808415,0.30178994,0.10937396,0.109802246,0.00042828918,-0.037295766,-0.03735144,-5.5674464e-05,0.0046205204,0.005198993,0.0005784724,2.184348,2.20148,0.017131805,0.081741214,0.104880124,0.02313891
111.09955,1.9999999,0.28756937,2.184348,-0.7365871,0.081741214,0.42598376,0.6872276,0.10221613,2.3293614,0.0127863735,0.016850775,-0.14918603,0.10911188,0.10943922,0.0003273338,-0.03667578,-0.03645448,0.00022130087,0.004940848,0.004611288,-0.00032955967,2.1801274,2.1932206,0.013093233,0.1158927,0.102710314,-0.013182387
111.14954,1.9999999,0.28756937,2.1801274,-0.7304442,0.1158927,1.7666501,0.98662883,0.09548178,2.3257318,0.010207187,-0.0148167955,-0.48275617,0.109344,0.10912817,-0.00021582842,-0.036428936,-0.036418118,1.0818243e-05,0.0057613365,0.0063078054,0.0005464689,2.1936328,2.184999,-0.008633852,0.11456076,0.1364195,0.021858744
111.19955,1.9999999,0.28756937,2.1936328,-0.72671324,0.11456076,-0.13833228,0.054158323,0.10820303,2.3426962,0.013617183,-0.031424843,0.014145483,0.10990145,0.10980385,-9.7602606e-05,-0.035814654,-0.036186963,-0.00037230924,0.0065723476,0.0060296827,-0.0005426649,2.2024252,2.1985207,-0.003904581,0.14833315,0.12662655,-0.021706596
111.24954,1.9999999,0.2729205,2.2024252,-0.70587295,0.14833315,-0.45287612,0.07585033,0.110721484,2.3334541,0.019112619,-0.013402247,0.12678564,0.11051254,0.11024548,-0.0002670586,-0.03524316,-0.03510953,0.00013362989,0.006707179,0.0071484344,0.0004412555,2.2180765,2.207394,-0.010682583,0.119954005,0.13760424,0.017650232
111.299545,1.9999999,0.28024492,2.2180765,-0.7038534,0.119954005,-0.70569056,0.26552108,0.12666321,2.3315806,0.018918477,-0.018746277,-0.22244404,0.11053144,0.11100944,0.00047799945,-0.034737214,-0.034987796,-0.00025058165,0.0061271847,0.0060856524,-4.153233e-05,2.203181,2.2223012,0.019120216,0.12513338,0.12347207,-0.0016613081
111.34955,1.9999999,0.28024492,2.203181,-0.6856351,0.12513338,0.58463126,-0.091342576,0.1230922,2.3415577,0.016712643,-0.03564665,-0.16780171,0.11101199,0.110200286,-0.0008117035,-0.034147304,-0.034159653,-1.2349337e-05,0.0071080253,0.0063850926,-0.00072293263,2.2372983,2.2048306,-0.032467604,0.15918763,0.13027033,-0.028917298
111.39954,1.9999999,0.30221826,2.2372983,-0.68025696,0.15918763,0.9829923,0.072125964,0.13074239,2.3301775,0.023309654,-0.035526447,0.28940335,0.11094462,0.11195556,0.0010109395,-0.033391487,-0.033872157,-0.00048067048,0.006459438,0.0077804388,0.001321001,2.2004864,2.2409241,0.0404377,0.09918988,0.15202993,0.052840054
111.44955,1.9999999,0.30221826,2.2004864,-0.65540254,0.09918988,-0.43079507,0.49682978,0.120155506,2.3394377,0.0171475,-0.0067063146,0.26980212,0.110620536,0.11020569,-0.00041484833,-0.032252118,-0.032403246,-0.00015112758,0.0060956315,0.005218415,-0.00087721646,2.224335,2.207741,-0.016593933,0.14463538,0.10954673,-0.03508865
111.49954,1.9999999,0.30221826,2.224335,-0.6346822,0.14463538,-1.0967927,0.17452157,0.13800676,2.3336325,0.020437606,-0.008546236,-0.2578749,0.11125336,0.111342505,8.91462e-05,-0.031329464,-0.03136627,-3.6805868e-05,0.0070944484,0.0073498497,0.00025540125,2.2257993,2.229365,0.0035657883,0.13914256,0.1493586,0.010216042
111.549545,1.9999999,0.28756937,2.2257993,-0.6184964,0.13914256,-1.2052205,-0.03839529,0.1311928,2.3386705,0.024631258,-0.032493804,-0.122612655,0.11129886,0.111374296,7.543713e-05,-0.030665593,-0.030574271,9.132177e-05,0.0070016817,0.0070927516,9.106984e-05,2.2261553,2.2291725,0.0030171871,0.1409247,0.14456752,0.0036428124
111.69955,1.9999999,0.26559603,2.2296786,-0.5909313,0.11767265,0.39151603,0.7760876,0.115912646,2.3316035,0.015638925,-0.008703725,-0.016862065,0.11164188,0.111583255,-5.8621168e-05,-0.02917994,-0.029255036,-7.5096264e-05,0.00571976,0.006048405,0.0003286451,2.2359965,2.2336514,-0.0023450851,0.11111775,0.12426355,0.013145797
111.74954,1.9999999,0.2729205,2.2359965,-0.5762663,0.11111775,-0.86320776,-0.11291327,0.10808869,2.335331,0.018271485,-0.0107968245,-0.068231575,0.11205837,0.11194935,-0.000109024346,-0.028504409,-0.028495064,9.344891e-06,0.0057818294,0.005856439,7.460965e-05,2.2463386,2.2419775,-0.0043611526,0.12015542,0.12313979,0.0029843748
111.799545,1.9999999,0.2729205,2.2463386,-0.56391007,0.12015542,-0.81051016,0.4787957,0.10829613,2.3332677,0.021401215,-0.015526883,-0.2709996,0.11257108,0.11244943,-0.00012165308,-0.028082488,-0.027919019,0.00016346946,0.0059730164,0.0063319528,0.00035893638,2.2565048,2.2516387,-0.004866123,0.11876524,0.13312268,0.01435744
111.84955,1.9999999,0.28024492,2.2565048,-0.5593894,0.11876524,0.15135375,-0.82470757,0.12113787,2.344887,0.027372396,-0.037896786,-0.109396175,0.11253125,0.11286006,0.00032880902,-0.027507128,-0.027790887,-0.0002837591,0.005466917,0.006176803,0.00070988573,2.2447455,2.2578976,0.0131521225,0.09991145,0.12830687,0.028395414
111.89954,1.9999999,0.2729205,2.2447455,-0.5408957,0.09991145,-0.14316551,0.4523868,0.11480482,2.3424785,0.024753448,-0.0264665,0.037310887,0.11267887,0.112279534,-0.00039933622,-0.0267247,-0.02684227,-0.00011757016,0.006251573,0.0051972726,-0.0010543005,2.2624092,2.2464359,-0.01597333,0.15015148,0.10797945,-0.04217203
111.94955,1.9999999,0.2729205,2.2624092,-0.52809227,0.15015148,0.5624874,0.5871695,0.12126331,2.337572,0.026617553,-0.0341657,0.030893927,0.11329328,0.11315367,-0.00013960898,-0.025976006,-0.026240012,-0.00026400574,0.006815263,0.007379723,0.0005644597,2.269322,2.263738,-0.0055840015,0.122459054,0.14503741,0.022578359
111.99954,1.9999999,0.2729205,2.269322,-0.51094794,0.122459054,-0.06040346,-0.21664573,0.105135456,2.346496,0.026523486,-0.023377107,0.16067041,0.11371755,0.1135692,-0.00014834851,-0.025112005,-0.02530892,-0.00019691512,0.006923095,0.0061742263,-0.00074886857,2.27938,2.273446,-0.005934,0.15446474,0.12450998,-0.029954754
112.049545,1.9999999,0.26559603,2.27938,-0.49353227,0.15446474,-0.8938503,0.14378013,0.13200341,2.3366084,0.01310877,-0.018098656,-0.096947804,0.11297571,0.11405174,0.0010760278,-0.024303343,-0.024429968,-0.00012662448,0.0072170803,0.007562785,0.0003457046,2.239648,2.2826893,0.04304123,0.13421847,0.14804664,0.013828173
112.09955,1.9999999,0.2729205,2.239648,-0.47860143,0.13421847,-1.0346669,-0.32228366,0.12343828,2.35157,0.00936898,-0.033071887,-0.0065299678,0.112769485,0.11205139,-0.0007180944,-0.0234879,-0.023634324,-0.0001464244,0.0058781416,0.006754653,0.00087651145,2.271131,2.2424078,-0.02872324,0.10090719,0.13596764,0.03506045
112.14954,1.9999999,0.31686714,2.271131,-0.46091458,0.10090719,1.3469046,0.01277957,0.10890428,2.3397527,0.0078053414,-0.018751653,0.33803874,0.11348588,0.11370116,0.00021527708,-0.022749916,-0.022697922,5.1993877e-05,0.005101934,0.0054238266,0.00032189256,2.268304,2.2769153,0.008611202,0.103170164,0.11604588,0.012875713
112.19955,1.9999999,0.31686714,2.268304,-0.44908202,0.103170164,0.6537307,0.40598825,0.115300395,2.3447316,0.017343374,0.0007319875,0.36361513,0.11365591,0.11362181,-3.4101307e-05,-0.022281213,-0.02196183,0.00031938218,0.0056814393,0.005620333,-6.11064e-05,2.2779322,2.276568,-0.0013642311,0.12408741,0.12164313,-0.0024442747
112.24954,1.9999999,0.31686714,2.2779322,-0.44216654,0.12408741,0.047267985,0.33105618,0.11625931,2.3370655,0.023246037,0.017609857,-0.007319875,0.11380085,0.114105225,0.00030437112,-0.02176926,-0.02163155,0.00013770908,0.006010302,0.006502222,0.0004919199,2.274102,2.286277,0.012175083,0.11632466,0.13600147,0.019676805
112.299545,1.9999999,0.31686714,2.274102,-0.42860386,0.11632466,-1.3947116,-0.03550628,0.117331,2.352476,0.018602546,0.0,-0.22629967,0.11376428,0.11387922,0.00011494011,-0.021111537,-0.020958396,0.0001531411,0.006138765,0.0062461784,0.00010741362,2.2764692,2.2810667,0.0045974255,0.12922592,0.13352247,0.004296541
112.34955,1.9999999,0.31686714,2.2764692,-0.41585764,0.12922592,-0.8241812,-0.4455968,0.13279262,2.3439295,0.0055383136,-0.00502011,-0.2614915,0.113862656,0.11396255,9.9897385e-05,-0.020574907,-0.020376166,0.00019874051,0.006944474,0.006784366,-0.00016010785,2.278037,2.2820327,0.003995657,0.14855303,0.14214873,-0.0064042956
112.39954,1.9999999,0.31686714,2.278037,-0.40713868,0.14855303,-0.027062,-0.32963294,0.1410627,2.3332546,0.0025334426,-0.026149152,-0.34012058,0.11404496,0.113881245,-0.00016371161,-0.019848531,-0.02005352,-0.00020498969,0.007166225,0.0074457424,0.00027951738,2.283761,2.2772126,-0.0065484047,0.13809596,0.14927667,0.011180714
112.44955,1.9999999,0.31686714,2.283761,-0.38680258,0.13809596,-0.241429,1.0372204,0.12691568,2.3337104,0.003017439,-0.03903217,0.03096741,0.11429459,0.114120744,-0.0001738444,-0.018957581,-0.019094521,-0.00013693981,0.006443911,0.0067765773,0.0003326661,2.2880225,2.281069,-0.006953478,0.1196605,0.13296711,0.013306618
112.59955,1.9999999,0.28756937,2.2922082,-0.34076256,0.10704666,-1.6865577,-0.08916346,0.11981625,2.3370962,0.01576388,-0.03137735,0.02535759,0.11469588,0.11462345,-7.2427094e-05,-0.016793143,-0.016670272,0.00012287125,0.005864691,0.0056778947,-0.0001867963,2.2956269,2.2927299,-0.0028970242,0.12754098,0.12006913,-0.0074718446
112.64954,1.9999999,0.28024492,2.2956269,-0.33096313,0.12754098,-0.7795008,0.11391795,0.13160893,2.3243892,0.009207487,-0.017597605,0.010326282,0.11503596,0.11482561,-0.00021035224,-0.016187245,-0.016198862,-1.1617318e-05,0.0060717543,0.0065221163,0.000450362,2.3058114,2.2973974,-0.00841403,0.1153292,0.13334365,0.018014453
112.69955,1.9999999,0.28756937,2.3058114,-0.31652665,0.1153292,1.37261,0.15692104,0.09818039,2.3288178,0.019819343,-0.030344719,0.034166582,0.1152946,0.11529114,-3.4570694e-06,-0.015641324,-0.015575874,6.545056e-05,0.005397002,0.005974184,0.0005771816,2.3059726,2.3058345,-0.00013804436,0.100550875,0.123638146,0.02308727
112.74954,1.9999999,0.2948938,2.3059726,-0.30912632,0.100550875,-0.5953616,-0.236828,0.09418253,2.3447702,0.017319225,-0.014180946,0.14829563,0.1148774,0.11539134,0.0005139336,-0.014992809,-0.015122208,-0.00012939889,0.0051084477,0.0053669116,0.0002584639,2.2891235,2.309681,0.020557404,0.103787035,0.114125594,0.01033856
112.799545,1.9999999,0.31686714,2.2891235,-0.29058605,0.103787035,-1.3514367,0.11276327,0.13627844,2.3386552,0.018767275,-0.015515157,-0.11594478,0.11514635,0.114555456,-0.00059089065,-0.014352688,-0.014111034,0.000241654,0.0054694717,0.0057345727,0.00026510097,2.3167305,2.2930944,-0.023636103,0.11499183,0.12559587,0.010604039
112.84955,1.9999999,0.31686714,2.3167305,-0.28352147,0.11499183,-0.12901205,-0.019391628,0.10766572,2.3509834,0.016598064,-0.025775425,-0.29996827,0.11517045,0.1158598,0.00068935007,-0.013839211,-0.013851193,-1.1981465e-05,0.0054807356,0.006325528,0.00084479246,2.2900872,2.317661,0.027573824,0.1042376,0.13802928,0.033791676
112.89954,1.9999999,0.31686714,2.2900872,-0.27004698,0.1042376,0.06393797,0.59222746,0.15670632,2.3279161,0.024565812,-0.045511983,-0.09423011,0.11492006,0.11450701,-0.0004130453,-0.01312736,-0.013240248,-0.0001128884,0.0051804422,0.005880199,0.00069975667,2.306715,2.2901928,-0.01652217,0.102980085,0.13097036,0.027990274
112.94955,1.9999999,0.31686714,2.306715,-0.2550474,0.102980085,0.6866446,0.3536966,0.122052066,2.3430772,0.026868569,-0.035198435,-0.015529805,0.11504689,0.11537526,0.00032836944,-0.012347738,-0.012528911,-0.00018117297,0.006366374,0.005861494,-0.00050487975,2.2951608,2.3082955,0.013134718,0.15167487,0.13147968,-0.020195186
112.99954,1.9999999,0.38280892,2.2951608,-0.23886214,0.15167487,1.0118146,0.2512784,0.10260482,2.3366518,0.044277936,-0.047064964,0.005737485,0.11493151,0.114759326,-0.00017218292,-0.011421052,-0.01178731,-0.00036625843,0.0085039865,0.007998141,-0.00050584506,2.3020997,2.2952123,-0.006887436,0.18848461,0.1682508,-0.02023381
113.049545,1.9999999,0.38280892,2.3020997,-0.21797992,0.18848461,-0.38007188,0.7067728,0.17637016,2.3288102,0.044794522,-0.03462469,0.069699176,0.11511631,0.11513235,1.603365e-05,-0.01033622,-0.010630048,-0.00029382762,0.008979635,0.009453364,0.0004737284,2.3025527,2.303194,0.000641346,0.17070082,0.18964994,0.018949121
113.09955,1.9999999,0.38280892,2.3025527,-0.1954689,0.17070082,-0.83574533,-0.60791034,0.20201978,2.331543,0.043706637,-0.040095046,-0.16545814,0.11525892,0.11514332,-0.00011559576,-0.009243428,-0.00945781,-0.00021438207,0.008392773,0.008935885,0.00054311194,2.3078039,2.30318,-0.00462389,0.1650101,0.18673456,0.021724463
113.14954,1.9999999,0.37548447,2.3078039,-0.1742682,0.1650101,-0.9598168,0.3064299,0.14430232,2.3293846,0.049630206,-0.0511705,0.12108461,0.11525984,0.11540764,0.00014779717,-0.0081361085,-0.008300302,-0.0001641931,0.009480121,0.008588749,-0.00089137163,2.3025897,2.3085017,0.0059120655,0.21419473,0.17853987,-0.035654858
113.19955,1.9999999,0.35351115,2.3025897,-0.15117614,0.21419473,-0.33527362,-0.44887546,0.20362814,2.3227043,0.03798523,-0.027986586,0.015134472,0.114746936,0.11515132,0.0004043877,-0.0072637843,-0.0072127953,5.098898e-05,0.010380451,0.010546135,0.00016568415,2.2872877,2.3034632,0.016175508,0.20102331,0.20765063,0.0066273212
113.24954,1.9999999,0.33886227,2.2872877,-0.13937522,0.20102331,0.022823688,0.13763572,0.20494622,2.3173091,0.052662842,-0.049657054,0.15428157,0.11486212,0.11435487,-0.0005072504,-0.00630489,-0.006577395,-0.00027250499,0.010034237,0.009931299,-0.00010293815,2.3071969,2.2869074,-0.020289421,0.20034617,0.19622862,-0.0041175485
113.299545,1.9999999,0.3242134,2.3071969,-0.112820365,0.20034617,-0.9101487,-0.19799522,0.18908174,2.3273554,0.05649905,-0.01255843,0.46731973,0.11568898,0.115492225,-0.00019675493,-0.0047355355,-0.0051288884,-0.00039335294,0.010676992,0.009743004,-0.000933988,2.3203623,2.312492,-0.007870436,0.2267335,0.18937397,-0.037359536
113.34955,1.9999999,0.3242134,2.3203623,-0.07660105,0.2267335,-0.9359852,-0.73637515,0.19477434,2.3214202,0.047315527,-0.0029250819,-0.0669083,0.11628985,0.11611726,-0.00017258525,-0.0032079932,-0.0034447785,-0.00023678527,0.01061205,0.010757106,0.00014505628,2.3312316,2.324328,-0.0069036484,0.1977485,0.20355077,0.0058022738
113.39954,1.9999999,0.3242134,2.3312316,-0.051718675,0.1977485,-1.2742243,-1.4439086,0.17720059,2.3225334,0.03459765,-0.01924926,-0.15468228,0.115575224,0.11659407,0.0010188445,-0.0017925337,-0.0022668724,-0.00047433877,0.008538468,0.009586704,0.0010482362,2.2917774,2.332531,0.040753603,0.14379022,0.18571964,0.041929424
113.44955,1.9999999,0.2948938,2.2917774,-0.019982671,0.14379022,2.1900265,1.0431719,0.20238586,2.284861,0.030831993,-0.01839331,-0.118915245,0.1141495,0.114453055,0.00030355155,-0.00084199203,-0.00071994925,0.00012204278,0.00714896,0.00713387,-1.509022e-05,2.2742026,2.2863445,0.012141943,0.14216818,0.14156458,-0.00060360134
113.49954,1.9999999,0.28024492,2.2742026,-0.0136970095,0.14216818,3.2564034,0.75480634,0.13541774,2.3187177,0.040553614,-0.031140786,-0.09804457,0.11416413,0.1135679,-0.00059622526,-0.0004992389,-0.0005351294,-3.5890494e-05,0.007117886,0.007090909,-2.6977155e-05,2.2923625,2.2685137,-0.023848772,0.14254726,0.1414682,-0.0010790676
113.549545,1.9999999,0.26559603,2.2923625,-0.0062725456,0.14254726,-1.3828741,-0.12581804,0.1605762,2.3092897,0.06631347,-0.028197767,0.02453575,0.11513993,0.11451632,-0.0006236136,3.8269627e-05,-0.00015614815,-0.00019441778,0.008013556,0.006908974,-0.0011045816,2.3132348,2.2882903,-0.024944544,0.17799497,0.1338117,-0.04418327
113.59955,1.9999999,0.2436227,2.3132348,0.0078033307,0.17799497,-0.7184077,0.7351607,0.1385532,2.3199475,0.040582243,-0.02868721,-0.11529666,0.115522996,0.115563944,4.094839e-05,0.00092444354,0.00055980496,-0.00036463857,0.007647513,0.008423166,0.0007756534,2.3076851,2.309323,0.0016379356,0.12790555,0.15893167,0.031026125
113.64954,1.9999999,0.2582716,2.3076851,0.02917441,0.12790555,1.6969693,0.5601714,0.13631046,2.3171053,0.042333927,-0.039727435,0.12933873,0.11531338,0.115335464,2.208352e-05,0.0019626205,0.0016213137,-0.0003413068,0.0062235272,0.006328107,0.00010457961,2.30485,2.3057337,0.00088357925,0.12103554,0.12521872,0.0041831806
113.69955,1.9999999,0.2582716,2.30485,0.04933041,0.12103554,1.3016753,1.2854358,0.12319792,2.3255382,0.050129797,-0.015753338,0.04248169,0.11562084,0.11529162,-0.0003292188,0.0027644825,0.0026643903,-0.000100092264,0.0064396113,0.0062170564,-0.0002225549,2.3199832,2.3068147,-0.013168573,0.1365489,0.12764671,-0.008902192
113.84955,1.9999999,0.22895204,2.314296,0.09343092,0.10649499,-1.6432502,-0.46177715,0.13150369,2.3293886,0.039271068,-0.015099762,0.25491595,0.115814984,0.11585384,3.8854778e-05,0.005020435,0.005053084,3.264891e-05,0.0057859025,0.0056040697,-0.00018183282,2.3183033,2.3198571,0.0015537739,0.1249411,0.1176678,-0.0072733015
113.89954,1.9999999,0.20697871,2.3183033,0.107386485,0.1249411,-0.15918599,0.48956895,0.13444015,2.3147738,0.04178179,-0.0071410425,-0.10081457,0.115816265,0.116048634,0.00023236871,0.005782591,0.0057195085,-6.308267e-05,0.006358961,0.0063863406,2.7379487e-05,2.314347,2.323642,0.009294987,0.12941733,0.1305125,0.0010951757
113.94955,1.9999999,0.19965427,2.314347,0.12391716,0.12941733,-1.5554082,-0.49604928,0.09871142,2.3294368,0.03406824,-0.025181219,-0.35356912,0.11652884,0.115747474,-0.00078136474,0.0066409744,0.006449166,-0.00019180821,0.007079018,0.006479693,-0.0005993247,2.3468063,2.3155518,-0.03125453,0.15374339,0.1297704,-0.023972988
113.99954,1.9999999,0.19965427,2.3468063,0.14172181,0.15374339,-0.5863831,-0.8451401,0.11864303,2.3289597,0.015892744,-0.042497955,-0.0015052799,0.116806045,0.11727526,0.0004692152,0.0072290697,0.007201824,-2.7245842e-05,0.006044891,0.0072553544,0.0012104632,2.3254354,2.344204,0.018768549,0.088052265,0.13647078,0.048418514
114.049545,1.9999999,0.19965427,2.3254354,0.14744098,0.088052265,2.0758936,0.10787644,0.07781379,2.3305223,0.0015092996,-0.025331747,0.3109947,0.115630426,0.11622705,0.0005966276,0.007584837,0.007499199,-8.5637905e-05,0.004720617,0.0042839735,-0.0004366436,2.2997816,2.3236465,0.023864985,0.10077242,0.08330667,-0.017465748
114.09955,1.9999999,0.15570761,2.2997816,0.15595248,0.10077242,1.182725,0.08887101,0.10204274,2.3298588,0.028646585,-0.011398482,0.297381,0.11572599,0.115019895,-0.0007060915,0.00816967,0.00803272,-0.00013695005,0.005641276,0.0049403715,-0.0007009045,2.329258,2.3010144,-0.028243542,0.124878615,0.09684242,-0.028036192
114.14954,1.9999999,0.14103693,2.329258,0.17083432,0.124878615,-0.472946,0.30452928,0.09061998,2.3347728,0.043794412,0.0044063544,-0.083519354,0.11623946,0.116491966,0.00025250763,0.008793926,0.008757117,-3.6808662e-05,0.0047796112,0.0059010983,0.001121487,2.3203204,2.3304207,0.010100365,0.06630584,0.11116532,0.044859484
114.19955,1.9999999,0.12638804,2.3203204,0.18092272,0.06630584,-1.1773661,0.88658446,0.074360445,2.3384547,0.040091474,-0.019750418,-0.17941189,0.1166112,0.11599039,-0.0006208047,0.009285307,0.009238087,-4.7219917e-05,0.0032226117,0.0033763752,0.00015376345,2.3441277,2.3192952,-0.024832487,0.06259863,0.06874917,0.0061505362
114.24954,1.9999999,0.11173916,2.3441277,0.19048953,0.06259863,-0.2271931,-0.20667504,0.032089096,2.3507493,0.031140482,-0.013534834,0.06978027,0.117187634,0.11724825,6.0617924e-05,0.009545012,0.009717236,0.0001722239,0.0013740106,0.0031549798,0.0017809692,2.3433778,2.345802,0.00242424,-0.0076382067,0.06360055,0.071238756
114.299545,1.9999999,0.060468063,2.3433778,0.19131097,-0.0076382067,0.7544197,0.20579028,0.0023978425,2.3578904,0.04424465,-0.012772391,0.014781612,0.11749091,0.11720101,-0.0002899021,0.009640801,0.009695336,5.4535456e-05,0.0011245729,0.00010460783,-0.0010199652,2.3562586,2.3446624,-0.011596203,0.052621122,0.011822518,-0.040798604
114.34955,1.9999999,0.08976583,2.3562586,0.19432105,0.052621122,1.314495,0.43114412,0.06651137,2.3657882,0.04359559,-0.012056673,0.09653965,0.11879466,0.11784976,-0.00094489753,0.010111329,0.009882945,-0.00022838451,0.003749656,0.002901179,-0.000848477,2.3955278,2.3577316,-0.03779626,0.097365126,0.06342603,-0.033939093
114.39954,1.9999999,0.067792505,2.3955278,0.2101321,0.097365126,1.3833805,1.0969467,0.08148346,2.3742247,0.037281442,-0.003118426,0.1597131,0.119544,0.11988101,0.0003370121,0.010513532,0.010703365,0.00018983334,0.003919436,0.004724604,0.00080516795,2.3862321,2.3997128,0.013480663,0.059412315,0.09161902,0.032206707
114.44955,1.9999999,0.067792505,2.3862321,0.21040916,0.059412315,0.8876012,0.44766754,0.050843127,2.389334,0.038110457,0.003914638,-0.03531495,0.11896418,0.11945386,0.00048968196,0.010642827,0.010714118,7.129181e-05,0.002045126,0.0030415922,0.0009964663,2.3723352,2.3919225,0.019587278,0.022392722,0.062251367,0.039858647
114.49954,1.9999999,0.060468063,2.3723352,0.2153039,0.022392722,1.0761243,0.27159578,0.01555144,2.3968875,0.043566335,-0.006649921,-0.1919527,0.11905336,0.11874006,-0.0003132969,0.010804321,0.010863248,5.8927573e-05,0.0006503546,0.0015140644,0.0008637098,2.389799,2.377267,-0.012532234,0.003621463,0.038169853,0.03454839
114.549545,1.9999999,0.067792505,2.389799,0.21686895,0.003621463,0.35659406,-0.02765135,-0.0036441705,2.4037125,0.047133386,-0.015280632,-0.2758246,0.11922687,0.11958718,0.00036031008,0.010811131,0.010912075,0.00010094326,0.00020674184,0.0007704366,0.00056369475,2.3792758,2.393688,0.014412165,0.0046482105,0.027196001,0.02254779
114.59955,1.9999999,0.097090274,2.3792758,0.2155763,0.0046482105,-0.62932736,0.008072929,0.002404599,2.401271,0.04202249,-0.03423238,-0.079839915,0.11952223,0.11897266,-0.0005495697,0.010984705,0.010882731,-0.000101974234,0.001221687,0.0007983314,-0.00042335555,2.4016135,2.3796303,-0.021983147,0.044219267,0.027285043,-0.016934223
114.64954,1.9999999,0.1190636,2.4016135,0.22381191,0.044219267,0.09308138,0.74235356,0.056979887,2.4014366,0.040274225,-0.023264624,0.26226082,0.12058248,0.12009623,-0.0004862547,0.01162674,0.01139509,-0.00023164973,0.0029866947,0.0025280453,-0.00045864936,2.421686,2.4022355,-0.019450426,0.075248525,0.056902546,-0.018345978
114.69955,1.9999999,0.1703565,2.421686,0.24125768,0.075248525,0.74449515,0.72660786,0.087520756,2.4222653,0.052697964,-0.008006299,0.23133643,0.1215658,0.12114024,-0.0004255548,0.012175696,0.012363823,0.00018812716,0.0031432218,0.004082575,0.00093935314,2.440946,2.4239237,-0.017022371,0.050480347,0.08805447,0.037574124
114.74954,1.9999999,0.1703565,2.440946,0.24577017,0.050480347,-0.24735288,0.4037492,0.05940699,2.4391685,0.050487075,-0.00013097978,-0.1363359,0.12204648,0.122192316,0.00014583766,0.012420462,0.012610532,0.0001900699,0.0020864708,0.0033423696,0.0012558987,2.4409132,2.4467459,0.005832672,0.03297849,0.08321443,0.050235942
114.799545,1.9999999,0.2216276,2.4409132,0.25104833,0.03297849,-0.93283147,0.08719269,0.06565591,2.4591022,0.04312137,-0.021639887,-0.27476025,0.12168339,0.122180484,0.0004970953,0.012796569,0.012946108,0.00014953967,0.003718219,0.0029337676,-0.0007844514,2.4264224,2.4463062,0.019883871,0.11575027,0.084372215,-0.031378053
114.84955,1.9999999,0.19965427,2.4264224,0.26081443,0.11575027,-0.38158193,-0.104225546,0.110726364,2.4616752,0.03542871,-0.027607005,-0.19314936,0.12103852,0.12140619,0.00036767125,0.0133393435,0.013299099,-4.024431e-05,0.0059770504,0.006280592,0.00030354178,2.4151185,2.429825,0.014706612,0.12333174,0.13547343,0.01214169
114.89954,1.9999999,0.19965427,2.4151185,0.27275932,0.12333174,0.0012797752,-0.93851995,0.12656008,2.4503431,0.04144001,-0.040954825,-0.045486018,0.12029404,0.12070038,0.00040633976,0.013817996,0.01374608,-7.19158e-05,0.0064716563,0.005961445,-0.0005102111,2.3966432,2.4128966,0.016253471,0.13553451,0.11512605,-0.020408459
114.94955,1.9999999,0.21430315,2.3966432,0.2799605,0.13553451,-0.022365771,-0.89762485,0.12115257,2.4189682,0.045673933,-0.032155607,0.23858172,0.11944532,0.11984775,0.00040243566,0.014524281,0.014093746,-0.0004305346,0.00590146,0.006345592,0.0004441319,2.3811696,2.397267,0.016097546,0.10052389,0.11828916,0.017765269
114.99954,1.9999999,0.21430315,2.3811696,0.3010107,0.10052389,-0.06777234,-0.31852016,0.10124321,2.4162078,0.044608712,-0.017096652,-0.021101343,0.11838445,0.11902356,0.0006391108,0.015242091,0.015200475,-4.161615e-05,0.0053724027,0.005021434,-0.0003509689,2.3542085,2.3797727,0.025564194,0.11437221,0.10033345,-0.0140387565
115.049545,1.9999999,0.21430315,2.3542085,0.30867293,0.11437221,0.18730028,-0.19457504,0.1090108,2.3875332,0.03211844,-0.03426574,-0.04185842,0.11715906,0.11761004,0.0004509762,0.015802275,0.015591018,-0.00021125749,0.005552098,0.005782456,0.00023035798,2.332154,2.350193,0.018038988,0.10771171,0.11692603,0.009214319
115.09955,1.9999999,0.23629826,2.332154,0.32341805,0.10771171,0.4962152,0.7319824,0.10591661,2.3833542,0.03401772,-0.021282494,0.13099903,0.11642211,0.11653292,0.000110812485,0.016482374,0.016415797,-6.6576526e-05,0.005707229,0.0054777423,-0.00022948673,2.3247302,2.329163,0.0044329166,0.12057745,0.111397974,-0.009179473
115.14954,1.9999999,0.2729205,2.3247302,0.3358769,0.12057745,-0.6547459,0.26030612,0.110413544,2.3717108,0.037650015,-0.021165838,-0.10627061,0.11600019,0.11616013,0.00015994161,0.017254049,0.017068878,-0.00018517114,0.0054855198,0.0061891535,0.00070363376,2.3152773,2.321675,0.006397724,0.09884334,0.12698868,0.028145336
115.19955,1.9999999,0.19232982,2.3152773,0.35428503,0.09884334,-1.6238736,-0.09086493,0.09396996,2.3697813,0.034849633,-0.031909555,-0.058390316,0.11598824,0.11572199,-0.0002662465,0.017966248,0.018049648,8.339994e-05,0.005210512,0.0051822998,-2.821209e-05,2.3242524,2.3136024,-0.0106499195,0.10957713,0.108448654,-0.0011284724
115.24954,1.9999999,0.18500538,2.3242524,0.36436486,0.10957713,-0.5975893,-0.051789023,0.10260222,2.3578107,0.030504355,-0.02700487,0.12346193,0.11597624,0.11618792,0.0002116859,0.018328387,0.018515585,0.0001871977,0.005320105,0.005434417,0.000114312395,2.3147972,2.3232644,0.008467197,0.10322707,0.10779955,0.004572481
115.299545,1.9999999,0.18500538,2.3147972,0.36877066,0.10322707,0.34519365,-0.46683353,0.09309135,2.353665,0.035983954,-0.019563362,0.1960842,0.11542331,0.115779854,0.00035654753,0.018665334,0.018703505,3.8171187e-05,0.005012347,0.0051041287,9.178184e-05,2.3021352,2.3163967,0.014261484,0.09726679,0.100938074,0.003671281
115.34955,1.9999999,0.19232982,2.3021352,0.3778427,0.09726679,0.66094536,0.97853863,0.10159954,2.3475025,0.041600376,-0.00739645,0.1953234,0.11502359,0.11515012,0.00012652576,0.019192982,0.019227007,3.402494e-05,0.004365816,0.004910656,0.00054484,2.2988083,2.3038695,0.0050611496,0.07736584,0.099159434,0.021793596
115.39954,1.9999999,0.19232982,2.2988083,0.3898766,0.07736584,0.52247417,0.03942828,0.08666466,2.3512106,0.04034021,-3.102299e-05,-0.0050964807,0.11515932,0.114992574,-0.000166744,0.019801382,0.019830821,2.9439107e-05,0.004028328,0.0041710744,0.00014274614,2.3075645,2.3008947,-0.0066697598,0.08376728,0.08947712,0.005709842
115.44955,1.9999999,0.19232982,2.3075645,0.40217867,0.08376728,0.3274568,-0.81756824,0.074133724,2.351469,0.039874636,-0.007906098,-0.12193005,0.1154683,0.11539262,-7.5683e-05,0.020324443,0.020342393,1.7950311e-05,0.004266201,0.004416416,0.00015021488,2.3111675,2.30814,-0.0030274391,0.08688076,0.092889346,0.006008588
115.49954,1.9999999,0.1703565,2.3111675,0.410799,0.08688076,-0.47066307,-0.53787345,0.088002495,2.350083,0.039752036,-0.012224028,-0.09782488,0.11587566,0.11552327,-0.0003523901,0.020727528,0.020748788,2.1260232e-05,0.0025772175,0.004394155,0.0018169375,2.323859,2.309763,-0.014096022,0.016207943,0.08888545,0.07267751
115.549545,1.9999999,0.1190636,2.323859,0.41830212,0.016207943,-0.7541521,1.138155,0.022414954,2.3548071,0.049554273,-0.017688585,0.1302526,0.11609559,0.11617887,8.328259e-05,0.020914702,0.021215934,0.00030123256,0.0006500694,0.0012441401,0.0005940707,2.3199646,2.323296,0.0033314228,0.009794834,0.033557657,0.023762822
115.59955,1.9999999,0.097090274,2.3199646,0.41828594,0.009794834,-0.7285339,0.1329912,-0.0053162314,2.3642256,0.045419503,0.0008012317,0.3117411,0.115973726,0.11609042,0.00011669099,0.020890685,0.021321444,0.00043075904,0.00057759136,0.0010565136,0.00047892227,2.3189845,2.3236518,0.004667282,0.013308819,0.032465708,0.019156888
115.64954,1.9999999,0.07511695,2.3189845,0.41734144,0.013308819,0.52453893,-0.6321141,0.016358167,2.3676434,0.059940893,0.013485526,0.05036109,0.11551464,0.116061404,0.00054676086,0.020829754,0.021212053,0.0003822986,0.0010051669,0.0011508096,0.00014564267,2.3016014,2.3234715,0.021870136,0.026897859,0.032723565,0.005825706
115.69955,1.9999999,0.067792505,2.3016014,0.41584873,0.026897859,-0.26123047,0.017411742,0.027106693,2.3431835,0.043570768,0.0058373404,-0.094490506,0.11521812,0.11518361,-3.451109e-05,0.020878837,0.021122044,0.00024320744,0.0012763791,0.0018370952,0.00056071614,2.3071234,2.3057427,-0.001380682,0.024157306,0.04658595,0.022428645
115.74954,1.9999999,0.060468063,2.3071234,0.41930473,0.024157306,0.31918594,0.1715094,0.033290572,2.3600886,0.04903178,0.004036475,-0.13091367,0.11511391,0.115457706,0.0003437996,0.020995732,0.02123694,0.00024120696,0.0016305952,0.0016797709,4.9175695e-05,2.297433,2.311185,0.013751984,0.0410665,0.043033525,0.001967024
115.799545,1.9999999,0.04579738,2.297433,0.42052454,0.0410665,0.6638242,0.0031620436,0.0073121176,2.3424928,0.05218723,-0.0072540264,-0.33378243,0.11512425,0.114961736,-0.00016251206,0.021131609,0.02122269,9.1081485e-05,0.0016710068,0.0022935045,0.00062249776,2.307537,2.3010364,-0.006500721,0.02577377,0.050673675,0.024899906
115.84955,1.9999999,0.0,2.307537,0.4247398,0.02577377,-0.3827238,1.2940564,-0.027080296,2.3444717,0.04342851,-0.029341767,-0.09988144,0.11555099,0.115472816,-7.817149e-05,0.021215372,0.021340149,0.00012477674,-0.00025830936,0.001428235,0.0016865444,2.3145022,2.3113756,-0.0031266212,-0.036106143,0.03135563,0.067461774
115.89954,1.9999999,-0.023802256,2.3145022,0.4238751,-0.036106143,0.68993324,-0.018614665,-0.055109072,2.3561866,0.05414763,-0.01724217,0.23192248,0.1163083,0.11578661,-0.00052168965,0.021192148,0.021338467,0.00014631823,-0.0023280957,-0.0016550753,0.0006730204,2.3378298,2.3169622,-0.020867586,-0.057017684,-0.03009687,0.026920814
115.94955,1.9999999,-0.1190418,2.3378298,0.42381087,-0.057017684,0.2504341,0.20646732,-0.05070588,2.370814,0.056689013,-0.0061495197,0.23437828,0.116645336,0.11693151,0.0002861768,0.020875962,0.021362865,0.0004869029,-0.0031993694,-0.0025171677,0.0006822017,2.3279836,2.3394306,0.011446953,-0.070957094,-0.04366902,0.027288076
115.99954,1.9999999,-0.2216058,2.3279836,0.41122764,-0.070957094,0.66255975,0.0799203,-0.08424366,2.3521707,0.061272252,0.0061956565,0.023680294,0.11651139,0.116489075,-2.2314489e-05,0.020461394,0.02073584,0.00027444586,-0.0039450526,-0.0029826963,0.00096235634,2.332472,2.3315794,-0.00089263916,-0.086845,-0.04835075,0.03849425
116.049545,1.9999999,-0.24360092,2.332472,0.40722805,-0.086845,-0.033836838,-0.23920307,-0.09241826,2.363677,0.05625448,-0.0037814903,-0.02482376,0.116343245,0.116755925,0.0004126802,0.019965451,0.020588337,0.0006228853,-0.0048273527,-0.0036499128,0.0011774399,2.3212576,2.337765,0.016507387,-0.1062491,-0.059151523,0.04709758
116.09955,1.9999999,-0.39011157,2.3212576,0.39139,-0.1062491,-0.026843585,0.28384733,-0.11015239,2.3508048,0.04922672,0.0037132802,-0.055009786,0.11607327,0.116239764,0.00016649067,0.019191654,0.01986834,0.00067668594,-0.0056002075,-0.004431303,0.0011689044,2.3216734,2.3283331,0.006659746,-0.1177592,-0.07100302,0.04675618
116.14954,1.9999999,-0.40476045,2.3216734,0.37627617,-0.1177592,0.75929624,0.096006975,-0.08930203,2.348226,0.05992067,-0.009282469,0.022429764,0.11615316,0.11627648,0.00012332201,0.01866086,0.019179944,0.0005190838,-0.005042838,-0.0050954386,-5.2600633e-05,2.324453,2.3293858,0.004932642,-0.08395432,-0.08605833,-0.0021040142
116.19955,1.9999999,-0.40476045,2.324453,0.37015823,-0.08395432,1.2004545,-0.13334303,-0.023369884,2.3554122,0.06037178,0.0059562568,-0.15142001,0.11629444,0.116405204,0.00011076033,0.018442178,0.018909639,0.0004674606,-0.0027015624,-0.0033802667,-0.00067870435,2.3273249,2.331755,0.0044300556,-0.024108177,-0.05125635,-0.027148174
116.24954,1.9999999,-0.397436,2.3273249,0.3675289,-0.024108177,-0.24341428,-0.2324419,-0.0024677156,2.3622055,0.055315327,-0.02442447,0.080131866,0.11648259,0.116561286,7.869303e-05,0.01836505,0.018704183,0.00033913366,-0.00068502035,-0.0010134075,-0.00032838713,2.3319788,2.3351264,0.003147602,-0.003292638,-0.016428124,-0.013135486
116.299545,1.9999999,-0.19230802,2.3319788,0.36707312,-0.003292638,-0.9056603,-0.510358,0.034137063,2.352829,0.05010944,0.013969443,0.0704664,0.11643022,0.11671944,0.00028921664,0.018356303,0.018626101,0.00026979856,0.00063365063,-3.3788385e-07,-0.00063398853,2.3252301,2.3367984,0.011568308,0.028638665,0.0032791235,-0.025359541
116.34955,1.9999999,0.0,2.3252301,0.36717904,0.028638665,0.8584038,-0.039960302,0.021431632,2.3441784,0.054023657,-0.01737783,-0.22604616,0.116043776,0.11629697,0.00025319308,0.018439345,0.018603632,0.00016428716,0.001055023,0.0016852899,0.00063026685,2.316521,2.3266487,0.010127783,0.013562257,0.03877293,0.025210671
116.39954,1.9999999,0.0,2.316521,0.37039474,0.013562257,1.3640019,-0.060546197,0.020627776,2.3408716,0.057477236,-0.008635173,0.2324396,0.115470424,0.11587118,0.00040075928,0.018526167,0.018756283,0.00023011677,0.00072588073,0.00074983167,2.3950939e-05,2.3022962,2.3183262,0.016030073,0.015472971,0.016431008,0.00095803663
116.44955,1.9999999,0.0,2.3022962,0.37065193,0.015472971,1.2223705,-0.2801734,0.009575523,2.3351789,0.05063847,0.0058661317,0.102057844,0.11494791,0.11514469,0.00019678473,0.018561473,0.018696446,0.00013497286,0.0004808336,0.00090263266,0.00042179905,2.2956202,2.3034916,0.007871389,0.0037603732,0.020632334,0.01687196
116.49954,1.9999999,0.0,2.2956202,0.37180695,0.0037603732,0.995912,-0.45795718,0.0034869877,2.3296514,0.06417392,0.0015706122,0.29234755,0.11451396,0.114832774,0.00031881034,0.018588508,0.018768124,0.00017961673,0.0006593452,0.0003150571,-0.00034428807,2.2849383,2.2976906,0.012752295,0.022613434,0.008841913,-0.013771521
116.549545,1.9999999,0.0,2.2849383,0.37173334,0.022613434,0.15302405,-0.15528116,0.00888339,2.3187904,0.06340283,0.035100885,0.054192446,0.11435192,0.114357285,5.364418e-06,0.018646471,0.018782267,0.00013579614,0.0009826109,0.0013621071,0.00037949625,2.2891386,2.289353,0.0002143383,0.016691001,0.03187085,0.015179848
116.59955,1.9999999,0.0,2.2891386,0.37412548,0.016691001,-0.40228942,0.23248136,0.017121086,2.3237877,0.05307273,0.0069898567,-0.35100886,0.11365959,0.11456797,0.00090838224,0.018634878,0.018966615,0.0003317371,0.00045742726,0.00125569,0.0007982628,2.257245,2.2935805,0.03633547,0.00160609,0.033536594,0.031930506
116.64954,1.9999999,0.0,2.257245,0.3712696,0.00160609,0.7351561,-0.11765441,0.019289533,2.3132105,0.04468886,0.0,-0.26252425,0.1136372,0.11295495,-0.00068224967,0.018744795,0.018819397,7.460266e-05,0.00036821066,0.00050979294,0.00014158228,2.2882428,2.260953,-0.027289867,0.013122336,0.01878563,0.0056632934
116.69955,1.9999999,0.0,2.2882428,0.3785222,0.013122336,-0.54547864,-0.3658557,0.015505501,2.316127,0.053812083,-0.019262569,-0.04424945,0.11395041,0.11441024,0.00045982748,0.018884122,0.01908238,0.00019825809,0.00070030446,0.00061490166,-8.5402804e-05,2.2697735,2.2881668,0.018393278,0.014889843,0.011473734,-0.003416109
116.74954,1.9999999,0.0,2.2697735,0.3768427,0.014889843,0.0009975394,0.98770183,0.009238393,2.3120818,0.05530248,-0.004424945,0.35544124,0.11338495,0.11350224,0.00011729449,0.018874671,0.019070528,0.00019585714,0.00057002023,0.0006128127,4.2792468e-05,2.2656243,2.2703161,0.004691839,0.007910967,0.009622663,0.0017116964
116.799545,1.9999999,0.0,2.2656243,0.37814417,0.007910967,0.43518287,0.22255741,-0.0021071024,2.3230186,0.056578495,0.016281554,-0.06354546,0.113178365,0.113366224,0.00018785894,0.018898217,0.01911861,0.00022039376,0.0005958408,0.00065047835,5.4637552e-05,2.2615101,2.2690246,0.007514477,0.015922666,0.018108167,0.0021855012
116.84955,1.9999999,0.0,2.2615101,0.37778452,0.015922666,0.22623608,0.4793837,0.0038103743,2.319124,0.064812884,-0.010779491,-0.4344737,0.11358722,0.11323887,-0.0003483519,0.01905223,0.019081162,2.8932467e-05,0.0012033703,0.0013527283,0.00014935806,2.2819788,2.2680447,-0.013934135,0.03221215,0.03818647,0.005974319
116.89954,1.9999999,0.0,2.2819788,0.38430464,0.03221215,-1.1885763,0.23467024,0.027347092,2.3165836,0.06748756,-0.027165815,0.022134202,0.113630556,0.114199094,0.0005685389,0.019188873,0.019341707,0.00015283376,0.0017770075,0.0016334777,-0.00014352973,2.2632434,2.2859848,0.022741318,0.03886815,0.03312696,-0.00574119
116.94955,1.9999999,0.0,2.2632434,0.38325027,0.03886815,-0.3369781,-0.17367245,0.031727117,2.3266249,0.06944235,-0.00856607,0.15494291,0.11361106,0.11322289,-0.0003881678,0.019348126,0.0193034,-4.4725835e-05,0.0017105353,0.001642966,-6.7569315e-05,2.281199,2.2656722,-0.015526772,0.029553259,0.026850484,-0.0027027745
116.99954,1.9999999,0.0,2.281199,0.3906748,0.029553259,0.38538858,-0.3668725,0.020916367,2.3083787,0.06453782,-0.011671524,0.10499762,0.11354332,0.11410059,0.0005572736,0.019476822,0.019690251,0.00021342933,0.00075111474,0.0012478892,0.0004967745,2.2605338,2.2828245,0.022290707,0.0004913307,0.020362312,0.019870982
117.19955,1.9999999,0.0,2.260656,0.39084253,0.026884915,0.53827554,0.16793348,0.009260858,2.3138938,0.05645226,0.008849023,-0.15964398,0.11302617,0.11308046,5.428493e-05,0.019580482,0.019690232,0.00010975078,0.0013345237,0.0014135566,7.9032965e-05,2.2603908,2.2625618,0.0021710396,0.026496032,0.029657345,0.003161313
117.24954,1.9999999,0.0,2.2603908,0.39237672,0.026496032,0.24354425,-0.13595033,0.007966213,2.3137577,0.052311383,-0.004959436,-0.28852004,0.11304992,0.11311147,6.15567e-05,0.019640477,0.019729678,8.920021e-05,0.0009598255,0.0014638177,0.00050399214,2.261606,2.2640681,0.0024621487,0.011896989,0.032056674,0.020159684
117.299545,1.9999999,0.0,2.261606,0.3932424,0.011896989,-0.7492815,-0.027403446,0.016542133,2.3158095,0.054422397,-0.020002982,-0.05756624,0.11324534,0.11310434,-0.00014099479,0.0197159,0.01977747,6.1569735e-05,0.0008096393,0.0006087875,-0.00020085176,2.2682076,2.262568,-0.005639553,0.020488583,0.01245451,-0.008034073
117.34955,1.9999999,0.0,2.2682076,0.39539358,0.020488583,-0.11764953,0.049696885,0.015843008,2.3092697,0.046901513,-0.01071606,0.169901,0.113372564,0.11341818,4.5612454e-05,0.019848675,0.019928707,8.0032274e-05,0.00072340766,0.0008977821,0.00017437444,2.266695,2.2685196,0.0018246174,0.0084477225,0.015422702,0.0069749793
117.39954,1.9999999,0.0,2.266695,0.39855343,0.0084477225,1.1420784,-0.428009,0.015745712,2.3172147,0.046155363,-0.0030128818,-0.03025026,0.11323129,0.11334651,0.00011522323,0.019955277,0.020041944,8.6667016e-05,0.00023884392,0.0005223727,0.00028352882,2.2625563,2.2671654,0.004609108,0.0011060341,0.012447186,0.011341152
117.44955,1.9999999,0.0,2.2625563,0.3996577,0.0011060341,0.2303248,0.74482614,0.0009803312,2.3116066,0.044026006,-0.013741086,0.11002825,0.11320121,0.11309331,-0.00010789931,0.020035973,0.020157551,0.000121578574,0.00072616857,0.00022228881,-0.00050387974,2.265492,2.261176,-0.004315853,0.02794071,0.0077855177,-0.020155191
117.49954,1.9999999,0.0,2.265492,0.4017812,0.02794071,0.02237144,-0.07069733,0.012508108,2.326067,0.052898627,0.007989944,0.22371604,0.113378905,0.11331327,-6.5632164e-05,0.020160796,0.020339115,0.00017831847,0.0015016011,0.0013976236,-0.00010397751,2.269664,2.2670388,-0.002625227,0.03212333,0.02796423,-0.0041591004
117.549545,1.9999999,0.0,2.269664,0.40465063,0.03212333,-0.39588434,-0.105744116,0.023765475,2.3180163,0.060383223,0.008630517,-0.28788137,0.11338801,0.113571696,0.00018368661,0.020262798,0.020401489,0.0001386907,0.0014188859,0.0017524725,0.0003335866,2.2658563,2.2732034,0.007347107,0.024632104,0.03797557,0.013343465
117.59955,1.9999999,0.0,2.2658563,0.40586126,0.024632104,-0.41034234,0.13714787,0.015489259,2.3258698,0.0470179,-0.020798193,-0.08630517,0.1131303,0.11332953,0.00019922853,0.020303417,0.020455074,0.00015165657,0.00084983115,0.0012085199,0.00035868876,2.2593558,2.2673247,0.007968903,0.009361142,0.023708694,0.014347551
117.64954,1.9999999,0.0,2.2593558,0.40627542,0.009361142,0.59439546,0.41866925,0.009446245,2.3196316,0.042893954,0.0,0.04013127,0.11326493,0.113011435,-0.00025349855,0.020387214,0.020491863,0.00010464899,0.0004240502,0.0005625904,0.00013854017,2.2712417,2.2611012,-0.010140419,0.007600866,0.01314247,0.0055416045
117.69955,1.9999999,0.0,2.2712417,0.4092131,0.007600866,1.5566956,0.38235897,0.012652399,2.3275154,0.048519988,-0.016785067,0.07213476,0.11331327,0.11356007,0.00024680048,0.020467462,0.020624688,0.00015722588,0.0005730856,0.0004478801,-0.00012520552,2.2612891,2.271161,0.00987196,0.015322559,0.010314338,-0.0050082207
117.74954,1.9999999,0.0,2.2612891,0.40948543,0.015322559,0.13472189,0.019380692,0.0052780807,2.3226845,0.048617322,0.0072134766,0.23400524,0.113273114,0.113095604,-0.00017751008,0.02057777,0.020704659,0.00012688898,0.0008605166,0.00076829194,-9.222468e-05,2.2696354,2.262535,-0.0071003437,0.019098107,0.015409119,-0.0036889873
117.799545,1.9999999,0.0,2.2696354,0.41362536,0.019098107,0.057642166,0.40539902,0.020717949,2.325726,0.048069462,0.0066154567,0.22432145,0.11330888,0.11353302,0.00022414327,0.02072675,0.020985898,0.00025914796,0.00091332296,0.0010271928,0.00011386984,2.2627194,2.2716856,0.0089662075,0.017434811,0.021989603,0.0045547914
117.84955,1.9999999,0.0,2.2627194,0.41544464,0.017434811,0.5471271,-0.17066433,0.010726076,2.3288434,0.050408885,0.029645622,0.11220878,0.11291093,0.11325598,0.0003450513,0.020774884,0.021061119,0.00028623454,0.00068762666,0.0009643782,0.00027675153,2.2537177,2.2675195,0.013801813,0.010070256,0.021140318,0.011070062
117.89954,1.9999999,0.0,2.2537177,0.4155507,0.010070256,-0.5341327,-0.37381244,0.012438099,2.324876,0.05490261,0.017836334,-0.32361132,0.112513274,0.11286676,0.00035348535,0.020771777,0.021016166,0.00024438836,0.0008264615,0.00077017996,-5.628151e-05,2.2468133,2.260953,0.014139652,0.022988202,0.02073694,-0.0022512618
117.94955,1.9999999,0.0,2.2468133,0.4153204,0.022988202,-1.07147,0.18313046,0.018594557,2.3182466,0.050131485,-0.0027155099,-0.2585638,0.11296726,0.11245879,-0.0005084723,0.0209067,0.021008655,0.00010195561,0.0009342265,0.0013580222,0.00042379572,2.271877,2.2515383,-0.020338774,0.014380859,0.031332687,0.016951827
