timestamp,target_timestamp,dt,odom_start_x,odom_start_y,odom_start_theta,odom_start_theta_abs,odom_actual_x,odom_actual_y,odom_actual_theta,odom_actual_theta_abs,odom_cmd_x,odom_cmd_y,odom_cmd_theta,odom_pred_x,odom_pred_y,odom_pred_theta,cmd_delta_x_body,cmd_delta_y_body,cmd_delta_theta,pred_delta_x_body,pred_delta_y_body,pred_delta_theta,odom_cmd_error_xy,odom_pred_error_xy,odom_cmd_error_theta,odom_pred_error_theta
102.09955,102.19955,0.10000000000000853,-54.15887678456922,9.17355806556835,5.17250759781678,5.308348309359726,-54.04679964616762,9.008556908920212,5.1736849105598335,5.30952562210278,-54.04661619752105,9.00803599273332,5.17250759781678,-54.20021527568158,9.069340257308609,5.17390431241678,0.19999999000001706,0.0,0.0,0.063048325,-0.09270993,0.0013967146,0.0005522744604789194,0.16501809240343682,0.0011773127430538821,0.00021940185694635517
102.19955,102.24954,0.049989999999993984,-54.04679964616762,9.008556908920212,5.1736849105598335,5.30952562210278,-53.95728273840521,8.876918196348413,5.173982903521542,5.309823615064488,-53.99049713005567,8.925291508523104,5.17250759781678,-54.24135380540085,8.964810864831822,5.17428680176678,0.09997999500098796,0.0,0.0,0.06328887,-0.09280782,0.00038248935,0.058678557782722594,0.29735751592514675,0.0014753057047620644,0.0003038982452379102
102.24954,102.299545,0.050004999999998745,-53.95728273840521,8.876918196348413,5.173982903521542,5.309823615064488,-53.89536938493603,8.785954332783838,5.174342504006517,5.310183215549463,-53.934361223502236,8.842522196001955,5.17250759781678,-54.282209434626914,8.860560166602156,5.174376247666779,0.10000999499949749,0.0,0.0,0.063182205,-0.09244133,8.94459e-05,0.06870434210322157,0.39396859581008536,0.00183490618973714,3.374366026243081e-05
102.299545,102.34955,0.050004999999998745,-53.89536938493603,8.785954332783838,5.174342504006517,5.310183215549463,-53.821869043194134,8.678134327091026,5.175245330047439,5.311086041590385,-53.8782253169488,8.759752883480806,5.17250759781678,-54.322965010229126,8.756431118671339,5.174896097436779,0.10000999499949749,0.0,0.0,0.0631297,-0.09229581,0.00051984977,0.09918476868280965,0.5071760599146066,0.0027377322306589846,0.0003492326106595556
102.34955,102.39954,0.049990000000008195,-53.821869043194134,8.678134327091026,5.175245330047439,5.311086041590385,-53.75744543564729,8.583786555756753,5.176095535663674,5.311936247206621,-53.82210624948341,8.677008399270566,5.17250759781678,-54.36378361007533,8.651666364095272,5.175796814136779,0.09997999500101638,0.0,0.0,0.063571475,-0.09273877,0.0009007167,0.11345189709327597,0.6101259297463117,0.0035879378468948175,0.0002987215268950294
102.39954,102.44955,0.05001000000000033,-53.75744543564729,8.583786555756753,5.176095535663674,5.311936247206621,-53.696185736931824,8.494207049308798,5.1765164836623025,5.312357195205249,-53.765964729900624,8.594230810645772,5.17250759781678,-54.404291421174605,8.547288004733275,5.17664328713678,0.10001999499900066,0.0,0.0,0.06334414,-0.09232142,0.000846473,0.12195843837855498,0.7100924220731502,0.004008885845522947,0.0001268034744770219
102.44955,102.49954,0.049989999999993984,-53.696185736931824,8.494207049308798,5.1765164836623025,5.312357195205249,-53.638207938253444,8.409526731170136,5.1771700594738865,5.313010771016833,-53.70984566243525,8.511486326435557,5.17250759781678,-54.444655113898705,8.443087870985167,5.1768577196967795,0.09997999500098796,0.0,0.0,0.06320027,-0.09215542,0.00021443256,0.1246102828527285,0.8071452144514651,0.004662461657106931,0.0003123397771069847
102.49954,102.549545,0.050004999999998745,-53.638207938253444,8.409526731170136,5.1771700594738865,5.313010771016833,-53.58872705325639,8.337338797929387,5.17753614318116,5.3133768547241065,-53.65370975588181,8.428717013914408,5.17250759781678,-54.48511625763985,8.338377986384101,5.177716487396779,0.10000999499949749,0.0,0.0,0.063546084,-0.09253734,0.0008587677,0.11212818556058533,0.8963898067514253,0.005028545364380577,0.00018034421561896607
102.549545,102.59955,0.050004999999998745,-53.58872705325639,8.337338797929387,5.17753614318116,5.3133768547241065,-53.438978593895555,8.119188558852358,5.1785958897249325,5.314436601267879,-53.59757384932838,8.345947701393259,5.17250759781678,-54.52511357923051,8.234482103497937,5.17792434499678,0.10000999499949749,0.0,0.0,0.063057646,-0.09174897,0.0002078576,0.2767167573019146,1.0922370657533609,0.006088291908152854,0.0006715447281528952
102.59955,102.64954,0.049990000000008195,-53.438978593895555,8.119188558852358,5.1785958897249325,5.314436601267879,-53.42286063782106,8.095725855088272,5.1784267810575395,5.314267492600486,-53.54145478186299,8.263203217183019,5.17250759781678,-54.56499591434293,8.130517566481176,5.17779742490678,0.09997999500101638,0.0,0.0,0.06316024,-0.091706105,-0.00012692009,0.20521510133333917,1.142665066000241,0.0059191832407599065,0.0006293561507595413
102.64954,102.69955,0.05001000000000033,-53.42286063782106,8.095725855088272,5.1784267810575395,5.314267492600486,-53.313904695842496,7.937345281627749,5.179901935133036,5.315742646675982,-53.4853132622802,8.180425628558226,5.17250759781678,-54.605003416724465,8.026517928971533,5.17722078050678,0.10001999499900066,0.0,0.0,0.06313002,-0.09182116,-0.0005766444,0.2974373071961046,1.2941745122267536,0.007394337316256383,0.002681154626255733
102.69955,102.74954,0.049989999999993984,-53.313904695842496,7.937345281627749,5.179901935133036,5.315742646675982,-53.25909461221942,7.8579112500909964,5.180874177561911,5.3167148891048575,-53.429194194814826,8.09768114434801,5.17250759781678,-54.645064177209825,7.922101433098725,5.1786483684067806,0.09997999500098796,0.0,0.0,0.063496746,-0.092064284,0.0014275879,0.2939786900289727,1.387455229790949,0.008366579745131553,0.002225809155130598
102.74954,102.799545,0.050004999999998745,-53.25909461221942,7.8579112500909964,5.180874177561911,5.3167148891048575,-53.19078313783005,7.759058085421227,5.181484278676681,5.317324990219627,-53.37305828826139,8.014911831826861,5.17250759781678,-54.6848136108426,7.817732463979177,5.17934865144678,0.10000999499949749,0.0,0.0,0.06350241,-0.09187134,0.00070028304,0.31414227670685346,1.4951821751844379,0.008976680859901442,0.002135627229900905
102.799545,102.84955,0.050004999999998745,-53.19078313783005,7.759058085421227,5.181484278676681,5.317324990219627,-53.174489450002,7.735499517253864,5.181711228562486,5.3175519401054325,-53.316922381707954,7.932142519305713,5.17250759781678,-54.72457654047891,7.7126728881450175,5.17913333096678,0.10000999499949749,0.0,0.0,0.063999295,-0.092318445,-0.00021532048,0.24280776406514823,1.5502551541793488,0.009203630745706626,0.0025778975957058137
102.84955,102.89954,0.049990000000008195,-53.174489450002,7.735499517253864,5.181711228562486,5.3175519401054325,-53.046482256971544,7.55045615727467,5.181433112068458,5.317273823611404,-53.260803314242565,7.849398035095474,5.17250759781678,-54.76394042544682,7.608225214419245,5.180807456866781,0.09997999500101638,0.0,0.0,0.06374121,-0.09162909,0.0016741259,0.36783115950772427,1.7184294644895437,0.008925514251678202,0.0006256552016772332
102.89954,102.94955,0.05001000000000033,-53.046482256971544,7.55045615727467,5.181433112068458,5.317273823611404,-53.02093064581746,7.513498172004322,5.181579900446222,5.317420611989168,-53.20466179465978,7.766620446470681,5.17250759781678,-54.80329870352419,7.503736756432451,5.180119988416781,0.10001999499900066,0.0,0.0,0.06362447,-0.09175423,-0.00068746845,0.31277471267022455,1.7823947874607469,0.009072302629442142,0.0014599120294409573
102.94955,102.99954,0.049989999999993984,-53.02093064581746,7.513498172004322,5.181579900446222,5.317420611989168,-52.94455955055457,7.403258056990012,5.183126296939245,5.318967008482192,-53.1485427271944,7.6838759622604655,5.17250759781678,-54.84247677572592,7.399748085595497,5.181353891516781,0.09997999500098796,0.0,0.0,0.063378334,-0.09127843,0.0012339031,0.346922967112951,1.897920470805165,0.010618699122465713,0.0017724054224643737
102.99954,103.049545,0.050004999999998745,-52.94455955055457,7.403258056990012,5.183126296939245,5.318967008482192,-52.91742041925555,7.364173915891751,5.183529588844318,5.3193703003872645,-53.09240682064097,7.601106649739317,5.17250759781678,-54.88174462761072,7.294670054054575,5.182923578916781,0.10000999499949749,0.0,0.0,0.06411073,-0.09204983,0.0015696874,0.2945460253310172,1.9655534544602078,0.011021991027538647,0.0006060099275373432
103.049545,103.09955,0.050004999999998745,-52.91742041925555,7.364173915891751,5.183529588844318,5.3193703003872645,-52.870581278262414,7.296847554095319,5.1843691239949425,5.320209835537889,-53.03627091408753,7.518337337218169,5.17250759781678,-54.920590581777745,7.1900324017925135,5.183980775916781,0.10000999499949749,0.0,0.0,0.06384473,-0.0915527,0.001057197,0.27660581962002756,2.052790203908058,0.01186152617816294,0.0003883480781619042
103.09955,103.14954,0.049990000000008195,-52.870581278262414,7.296847554095319,5.1843691239949425,5.320209835537889,-52.827108220441524,7.234384396566053,5.184787287694356,5.320627999237303,-52.98015184662214,7.43559285300793,5.17250759781678,-54.959406056502154,7.084851734488992,5.184782775816781,0.09997999500101638,0.0,0.0,0.06421118,-0.09190505,0.0008019999,0.25279872321322255,2.1375345795323866,0.012279689877576772,4.511877575552603e-06
103.14954,103.19955,0.05001000000000033,-52.827108220441524,7.234384396566053,5.184787287694356,5.320627999237303,-52.774321081917975,7.158569300151079,5.184757369219738,5.320598080762684,-52.924010327039355,7.352815264383137,5.17250759781678,-54.99795217342574,6.979996444832459,5.185064341086781,0.10001999499900066,0.0,0.0,0.064024344,-0.09154954,0.00028156527,0.24523124744911792,2.230789881583796,0.012249771402958132,0.0003069718670429822
103.19955,103.24954,0.049989999999993984,-52.774321081917975,7.158569300151079,5.184757369219738,5.320598080762684,-52.685030525580274,7.030443052213158,5.185186732487258,5.321027444030205,-52.86789125957398,7.270070780172921,5.17250759781678,-55.036643647665784,6.874533676819847,5.186034304386781,0.09997999500098796,0.0,0.0,0.064413905,-0.092034094,0.0009699633,0.3014290895780886,2.3567757655959323,0.012679134670478653,0.00084757189952267
103.24954,103.299545,0.050004999999998745,-52.685030525580274,7.030443052213158,5.185186732487258,5.321027444030205,-52.60691337049409,6.9184193961591305,5.185630130510052,5.321470842052999,-52.811755353020544,7.187301467651773,5.17250759781678,-55.075220571938154,6.768903182017657,5.187118289386781,0.10000999499949749,0.0,0.0,0.064527705,-0.09209862,0.001083985,0.3380204227196077,2.4728314821256663,0.013122532693272682,0.0014881588767288179
103.299545,103.34955,0.050004999999998745,-52.60691337049409,6.9184193961591305,5.185630130510052,5.321470842052999,-52.514665989221996,6.786334657872292,5.186805030815567,5.322645742358513,-52.75561944646711,7.104532155130625,5.17250759781678,-55.11343709755121,6.6637727628049275,5.188065074536781,0.10000999499949749,0.0,0.0,0.06422474,-0.09158652,0.00094678515,0.39913433305071466,2.6016596033319135,0.014297432998787052,0.0012600437212144655
103.34955,103.44955,0.10000000000000853,-52.514665989221996,6.786334657872292,5.186805030815567,5.322645742358513,-52.43960251021963,6.679144382117958,5.1877810470299695,5.323621758572916,-52.64335885941893,6.939010082295592,5.17250759781678,-55.151583883858166,6.558138790224219,5.189057357736782,0.19999999000001706,0.0,0.0,0.064590335,-0.09187928,0.0009922832,0.33022239773800993,2.7146795988167587,0.01527344921318985,0.0012763107068121116
103.44955,103.49954,0.049989999999993984,-52.43960251021963,6.679144382117958,5.1877810470299695,5.323621758572916,-52.342410548319236,6.540559794640128,5.188274144482263,5.32411485602521,-52.58723979195356,6.856265598085376,5.17250759781678,-55.18933390072046,6.453043615220172,5.189886613706782,0.09997999500098796,0.0,0.0,0.064286396,-0.09130892,0.00082925597,0.3995140959560295,2.8482681854256113,0.015766546665483716,0.0016124692245185202
103.49954,103.549545,0.050004999999998745,-52.342410548319236,6.540559794640128,5.188274144482263,5.32411485602521,-52.30265517115754,6.48390409087073,5.188664806443391,5.324505517986338,-52.53110388540012,6.773496285564228,5.17250759781678,-55.227094617788644,6.34761881641799,5.189713986356782,0.10000999499949749,0.0,0.0,0.06447404,-0.09156068,-0.00017262735,0.3688528897358477,2.9276133202738204,0.01615720862661174,0.0010491799133909296
103.549545,103.59955,0.050004999999998745,-52.30265517115754,6.48390409087073,5.188664806443391,5.324505517986338,-52.275339005048934,6.445035911657197,5.189305808993511,5.325146520536458,-52.474967978846685,6.69072697304308,5.17250759781678,-55.26477035009087,6.242200865240855,5.1914049453567825,0.10000999499949749,0.0,0.0,0.06453315,-0.091476105,0.001690959,0.31656883110070183,2.996304694581971,0.016798211176731748,0.0020991363632711924
103.59955,103.64954,0.049990000000008195,-52.275339005048934,6.445035911657197,5.189305808993511,5.325146520536458,-52.19689068149522,6.333616196635514,5.189968748898867,5.325809460441813,-52.418848911381296,6.607982488832841,5.17250759781678,-55.30230933145791,6.136390995694722,5.192628976656782,0.09997999500101638,0.0,0.0,0.0647774,-0.091699466,0.0012240313,0.35290553708927463,3.11167523553186,0.017461151082087234,0.002660227757915301
103.64954,103.69955,0.05001000000000033,-52.19689068149522,6.333616196635514,5.189968748898867,5.325809460441813,-52.089018562098985,6.180474977599268,5.190495926116586,5.326336637659533,-52.36270739179851,6.525204900208048,5.17250759781678,-55.339522967874835,6.0309716674866,5.193026789986782,0.10001999499900066,0.0,0.0,0.064534366,-0.091287486,0.00039781333,0.44016394109939366,3.253940708080412,0.01798832829980679,0.002530863870195965
103.69955,103.74954,0.049989999999993984,-52.089018562098985,6.180474977599268,5.190495926116586,5.326336637659533,-52.01055564723609,6.069227051490277,5.191307611064332,5.327148322607278,-52.306588324333134,6.442460415997832,5.17250759781678,-55.37673678090606,5.925380892714167,5.193010606021782,0.09997999500098796,0.0,0.0,0.06463783,-0.09141242,-1.6183965e-05,0.47638061494027384,3.369253202427843,0.018800013247552094,0.001702994957450521
103.74954,103.799545,0.050004999999998745,-52.01055564723609,6.069227051490277,5.191307611064332,5.327148322607278,-51.95824507756281,5.995192624979431,5.192225784850246,5.328066496393192,-52.2504524177797,6.359691103476684,5.17250759781678,-55.4138500962204,5.819526372392881,5.193439018321782,0.10000999499949749,0.0,0.0,0.06491261,-0.09148186,0.0004284123,0.4671662129300896,3.4600671492428217,0.019718187033466172,0.0012132334715362347
103.799545,103.84955,0.050004999999998745,-51.95824507756281,5.995192624979431,5.192225784850246,5.328066496393192,-51.926668305038355,5.950594891744249,5.19286672274282,5.328707434285766,-52.19431651122626,6.2769217909555355,5.17250759781678,-55.450606533306676,5.71417263207886,5.195039373421782,0.10000999499949749,0.0,0.0,0.06467139,-0.09092886,0.0016003551,0.4220483472594789,3.5318601503338383,0.020359124926040195,0.002172650678962107
103.84955,103.89954,0.049990000000008195,-51.926668305038355,5.950594891744249,5.19286672274282,5.328707434285766,-51.90678767614984,5.9225434108925725,5.193160523540385,5.329001235083331,-52.13819744376087,6.1941773067452965,5.17250759781678,-55.48743837116146,5.607828557478097,5.196174139121782,0.09997999500101638,0.0,0.0,0.06528895,-0.091667876,0.0011347657,0.35684093644356596,3.594454734538591,0.020652925723605442,0.003013615581396678
103.89954,103.94955,0.05001000000000033,-51.90678767614984,5.9225434108925725,5.193160523540385,5.329001235083331,-51.81350594406077,5.79102056206057,5.193695212676701,5.329535924219647,-52.082055924178086,6.111399718120504,5.17250759781678,-55.52423876784607,5.501217334060697,5.196811694791782,0.10001999499900066,0.0,0.0,0.06542063,-0.09187145,0.00063755567,0.4180453270384505,3.7220322406552,0.02118761485992149,0.003116482115080643
103.94955,103.99954,0.049989999999993984,-51.81350594406077,5.79102056206057,5.193695212676701,5.329535924219647,-51.65389421281649,5.5662882654277475,5.194489576015624,5.330330287558571,-52.02593685671271,6.028655233910288,5.17250759781678,-55.56069763456264,5.395229369668331,5.197084202391782,0.09997999500098796,0.0,0.0,0.065053396,-0.09127296,0.0002725076,0.5934635139762392,3.9105465247182383,0.021981978198844843,0.002594626376157372
103.99954,104.09955,0.10000999999999749,-51.65389421281649,5.5662882654277475,5.194489576015624,5.330330287558571,-51.560983616475525,5.435778257051062,5.1958906015434225,5.331731313086369,-51.91366504360584,5.8631166088679905,5.17250759781678,-55.596955002940035,5.289420722422863,5.198069731991782,0.20001998999899498,0.0,0.0,0.0649998,-0.091022484,0.0009855296,0.5540778428851705,4.038624216277457,0.023383003726642926,0.002179130448359601
104.09955,104.14954,0.049990000000008195,-51.560983616475525,5.435778257051062,5.1958906015434225,5.331731313086369,-51.52535928000577,5.38584140005802,5.196446295441065,5.332287006984012,-51.85754597614045,5.7803721246577515,5.17250759781678,-55.63290498805669,5.183598728207008,5.199272836891782,0.09997999500101638,0.0,0.0,0.065099895,-0.09084437,0.0012031049,0.5157542959026727,4.112521591681303,0.023938697624285687,0.002826541450716924
104.14954,104.19955,0.05001000000000033,-51.52535928000577,5.38584140005802,5.196446295441065,5.332287006984012,-51.462435895757686,5.297790398315158,5.197190845130733,5.33303155667368,-51.80140445655766,5.697594536032959,5.17250759781678,-55.66838741843861,5.07860913639897,5.200763459691782,0.10001999499900066,0.0,0.0,0.0645871,-0.090057336,0.0014906228,0.5241593591142697,4.211658656244257,0.02468324731395377,0.003572614561048404
104.19955,104.24954,0.049989999999993984,-51.462435895757686,5.297790398315158,5.197190845130733,5.33303155667368,-51.406164862992135,5.219105945400667,5.197331430281134,5.333172141824081,-51.74528538909229,5.614850051822743,5.17250759781678,-55.70405526676475,4.972422548893259,5.200668796341782,0.09997999500098796,0.0,0.0,0.065315686,-0.09100356,-9.466335e-05,0.5211680429480036,4.304963951179283,0.024823832464354822,0.0033373660606477173
104.24954,104.34955,0.10000999999999749,-51.406164862992135,5.219105945400667,5.197331430281134,5.333172141824081,-51.208723342150876,4.943442617182097,5.198696267298172,5.334536978841118,-51.633013575985416,5.4493114267804454,5.17250759781678,-55.739448542913436,4.867141748738657,5.2010778714017825,0.20001998999899498,0.0,0.0,0.06474973,-0.09024524,0.00040907506,0.6602465108213895,4.531367637628862,0.026188669481392424,0.002381604103610435
104.34955,104.39954,0.049990000000008195,-51.208723342150876,4.943442617182097,5.198696267298172,5.334536978841118,-51.121123282623095,4.821421702621194,5.199687086160934,5.335527797703881,-51.57689450852003,5.3665669425702065,5.17250759781678,-55.77484467969263,4.761257777882425,5.200840385631783,0.09997999500101638,0.0,0.0,0.06520045,-0.090626724,-0.00023748577,0.7105707163925757,4.654110284402678,0.027179488344154734,0.0011532994708485234
104.39954,104.549545,0.15000499999999306,-51.121123282623095,4.821421702621194,5.199687086160934,5.335527797703881,-50.96291571673248,4.601790923422016,5.201096013724504,5.33693672526745,-51.40849801491843,5.11827555721405,5.17250759781678,-55.80993640512215,4.655802414357143,5.202078145431783,0.3000099849994861,0.0,0.0,0.065052144,-0.090113714,0.0012377598,0.6821289917603282,4.847321610418531,0.02858841590772432,0.0009821317072793434
104.549545,104.69955,0.15000500000000727,-50.96291571673248,4.601790923422016,5.201096013724504,5.33693672526745,-50.846588566968435,4.440512980743314,5.201803060859965,5.337643772402911,-51.24010152131682,4.869984171857869,5.17250759781678,-55.844705179943624,4.550496519638633,5.201948721021783,0.30000998499951453,0.0,0.0,0.065008484,-0.089844845,-0.00012942441,0.582492874838264,4.9993265602205375,0.02929546304318542,0.00014566016181838393
104.69955,104.74954,0.049989999999993984,-50.846588566968435,4.440512980743314,5.201803060859965,5.337643772402911,-50.740207137634954,4.293326380100236,5.202681183855017,5.338521895397963,-51.18398245385144,4.787239687647653,5.17250759781678,-55.8794643721292,4.445073139827034,5.202749486121784,0.09997999500098796,0.0,0.0,0.06512097,-0.08989744,0.0008007651,0.6639931375063098,5.1414970583857205,0.030173586038237055,6.830226676690643e-05
104.74954,104.799545,0.050004999999998745,-50.740207137634954,4.293326380100236,5.202681183855017,5.338521895397963,-50.68685477417141,4.219583793802695,5.203319299916911,5.339160011459858,-51.127846547298006,4.704470375126505,5.17250759781678,-55.914018169009864,4.3398113176321775,5.203016722821784,0.10000999499949749,0.0,0.0,0.065038435,-0.08968845,0.0002672367,0.6554301951491344,5.22854586035403,0.030811702100131733,0.0003025770951277096
104.799545,104.84955,0.050004999999998745,-50.68685477417141,4.219583793802695,5.203319299916911,5.339160011459858,-50.60855748912938,4.111565768240062,5.203870534593146,5.339711246136092,-51.07171064074457,4.621701062605356,5.17250759781678,-55.94849031734681,4.234390576339925,5.203384864021784,0.10000999499949749,0.0,0.0,0.065191075,-0.089732856,0.0003681412,0.689020217706452,5.341345199793676,0.03136293677636637,0.0004856705713622844
104.84955,104.89954,0.049990000000008195,-50.60855748912938,4.111565768240062,5.203870534593146,5.339711246136092,-50.551647166374366,4.033092620281927,5.204175652105434,5.34001636364838,-51.01559157327918,4.538956578395117,5.17250759781678,-55.982919771966294,4.128613130723357,5.203711264471783,0.09997999500101638,0.0,0.0,0.06547197,-0.08993151,0.00032640045,0.6863983951148228,5.432112506582345,0.03166805428865427,0.0004643876336505315
104.89954,104.94955,0.05001000000000033,-50.551647166374366,4.033092620281927,5.204175652105434,5.34001636364838,-50.509104747464356,3.9744976231541678,5.20449454561352,5.340335257156466,-50.95945005369639,4.456178989770325,5.17250759781678,-56.017462480474855,4.022565916810776,5.204398795471783,0.10001999499900066,0.0,0.0,0.06559458,-0.09020289,0.000687531,0.6594147661301165,5.508567461298048,0.031986947796740495,9.575014173712759e-05
104.94955,105.049545,0.09999499999999273,-50.509104747464356,3.9744976231541678,5.20449454561352,5.340335257156466,-50.37064139513356,3.784032901270983,5.205682710932798,5.341523422475745,-50.84719507967759,4.2906651930389605,5.17250759781678,-56.051815230611716,3.91660444452637,5.205154205371783,0.19998999000048545,0.0,0.0,0.06557474,-0.09004387,0.0007554099,0.6955427329176572,5.682720419218483,0.03317511311601873,0.0005285055610153577
105.049545,105.09955,0.050004999999998745,-50.37064139513356,3.784032901270983,5.205682710932798,5.341523422475745,-50.29989716926183,3.6869032723565915,5.206228457420932,5.342069168963878,-50.791059173124154,4.207895880517812,5.17250759781678,-56.085746600638466,3.8115459851963975,5.205625772171783,0.10000999499949749,0.0,0.0,0.06502408,-0.08922156,0.0004715668,0.7160121589726546,5.787191844791857,0.033720859604152054,0.0006026852491487489
105.09955,105.14954,0.049990000000008195,-50.29989716926183,3.6869032723565915,5.206228457420932,5.342069168963878,-50.21320392384757,3.5680689455868873,5.20715409501593,5.342994806558877,-50.734940105658765,4.125151396307573,5.17250759781678,-56.11976431667335,3.7057123294517442,5.2063493496717825,0.09997999500101638,0.0,0.0,0.065557994,-0.089778155,0.0007235775,0.7632493041673128,5.908163959744171,0.034646497199150694,0.0008047453441477614
105.14954,105.19955,0.05001000000000033,-50.21320392384757,3.5680689455868873,5.20715409501593,5.342994806558877,-50.15612884612746,3.489951391709173,5.207746519848933,5.343587231391879,-50.67879858607598,4.042373807682781,5.17250759781678,-56.15354362942106,3.6000633449902444,5.206686569291783,0.10001999499900066,0.0,0.0,0.06548419,-0.089524135,0.00033721962,0.7604960109875462,5.998425520511527,0.0352389220321534,0.0010599505571500245
105.19955,105.24954,0.049989999999993984,-50.15612884612746,3.489951391709173,5.207746519848933,5.343587231391879,-50.12263218792609,3.4441443462339265,5.207956930207632,5.343797641750578,-50.6226795186106,3.9596293234725652,5.17250759781678,-56.18741428947437,3.493700946518426,5.207304546931783,0.09997999500098796,0.0,0.0,0.06597657,-0.0900404,0.00061797764,0.718172747104365,6.0649845668305,0.03544933239085246,0.0006523832758489334
105.24954,105.299545,0.050004999999998745,-50.12263218792609,3.4441443462339265,5.207956930207632,5.343797641750578,-50.047083234984825,3.3409773780034833,5.208887886854179,5.3447285983971256,-50.56654361205717,3.8768600109514164,5.17250759781678,-56.220973361565605,3.3879886682881764,5.207695226331783,0.10000999499949749,0.0,0.0,0.06557965,-0.08944611,0.0003906794,0.7463305431531988,6.174069108497723,0.03638028903739965,0.001192660522396416
105.299545,105.34955,0.050004999999998745,-50.047083234984825,3.3409773780034833,5.208887886854179,5.3447285983971256,-50.018620223862044,3.302140266381304,5.209053382666928,5.344894094209875,-50.51040770550373,3.7940906984302676,5.17250759781678,-56.25442235703568,3.282080283693906,5.208175468781783,0.10000999499949749,0.0,0.0,0.06576798,-0.08949857,0.00048024245,0.695607759224,6.235834398618863,0.0365457848501487,0.0008779138851453538
105.34955,105.39954,0.049990000000008195,-50.018620223862044,3.302140266381304,5.209053382666928,5.344894094209875,-49.97130755071386,3.2376075417837313,5.209325925265968,5.345166636808914,-50.45428863803834,3.7113462142200286,5.17250759781678,-56.287790279912784,3.1759989711596748,5.207947595571783,0.09997999500101638,0.0,0.0,0.065912426,-0.08956682,-0.00022787321,0.6765345966577354,6.3167831753387444,0.036818327449188004,0.0013783296941847212
105.39954,105.44955,0.05001000000000033,-49.97130755071386,3.2376075417837313,5.209325925265968,5.345166636808914,-49.81178694111285,3.0204530792782656,5.21058387121944,5.346424582762387,-50.398147118455555,3.6285686255952356,5.17250759781678,-56.321244941230844,3.0697813788433685,5.208552890471783,0.10001999499900066,0.0,0.0,0.06599164,-0.089702256,0.0006052949,0.8447619636594413,6.509644900947988,0.03807627340266073,0.002030980747657729
105.44955,105.49954,0.049989999999993984,-49.81178694111285,3.0204530792782656,5.21058387121944,5.346424582762387,-49.67759089523248,2.838277551166513,5.211979273169348,5.347819984712294,-50.34202805099018,3.5458241413850202,5.17250759781678,-56.35437747039902,2.9638816858863057,5.2095853576717825,0.09997999500098796,0.0,0.0,0.06587114,-0.08929447,0.0010324672,0.9706177987659316,6.67796790715431,0.03947167535256835,0.002393915497565402
105.49954,105.69955,0.20001000000000602,-49.67759089523248,2.838277551166513,5.211979273169348,5.347819984712294,-49.502008885020736,2.6006028464637687,5.21294199705996,5.348782708602906,-50.11749565083513,3.214763443507691,5.17250759781678,-56.38735735827381,2.85760086719962,5.209800811701783,0.400019979999012,0.0,0.0,0.06617649,-0.08946484,0.00021545403,0.8694924944207465,6.890143074043571,0.04043439924318015,0.00314118535817709
105.69955,105.74954,0.049989999999993984,-49.502008885020736,2.6006028464637687,5.21294199705996,5.348782708602906,-49.45720545931991,2.5399969899757693,5.213405790250192,5.3492465017931385,-50.06137658336976,3.1320189592974756,5.17250759781678,-56.42019062724894,2.751418660156473,5.209832581721782,0.09997999500098796,0.0,0.0,0.066164486,-0.08930255,3.177002e-05,0.8458798728514642,6.9661941956438245,0.04089819243341264,0.0035732085284099213
105.74954,105.799545,0.050004999999998745,-49.45720545931991,2.5399969899757693,5.213405790250192,5.3492465017931385,-49.35845077721627,2.4067107038458566,5.214420873742797,5.350261585285743,-50.00524067681632,3.049249646776327,5.17250759781678,-56.45293082771788,2.6451911681639007,5.211312655021782,0.10000999499949749,0.0,0.0,0.06625323,-0.08925643,0.0014800733,0.9116981229589379,7.098487171139119,0.041913275926017235,0.003108218721014744
105.799545,105.84955,0.050004999999998745,-49.35845077721627,2.4067107038458566,5.214420873742797,5.350261585285743,-49.27584866894438,2.2953296565638794,5.215212459904797,5.351053171447743,-49.949104770262885,2.966480334255178,5.17250759781678,-56.48528123121445,2.538912566955941,5.212601836221782,0.10000999499949749,0.0,0.0,0.06639335,-0.08907083,0.0012891812,0.950640315854575,7.213546319540418,0.04270486208801749,0.002610623683015234
105.84955,105.89954,0.049990000000008195,-49.27584866894438,2.2953296565638794,5.215212459904797,5.351053171447743,-49.21578605206899,2.2144743133068623,5.215635683135757,5.351476394678703,-49.892985702797496,2.883735850044939,5.17250759781678,-56.51769356755808,2.4318779385708242,5.213370672281782,0.09997999500101638,0.0,0.0,0.06684986,-0.08965527,0.00076883606,0.9521083822253744,7.305143236175036,0.04312808531897705,0.0022650108539750136
105.89954,105.94955,0.05001000000000033,-49.21578605206899,2.2144743133068623,5.215635683135757,5.351476394678703,-49.14215993197091,2.115494465216667,5.216260180357946,5.352100891900892,-49.83684418321471,2.800958261420146,5.17250759781678,-56.549952231946826,2.325039830330032,5.2137310069517815,0.10001999499900066,0.0,0.0,0.06671429,-0.08946623,0.00036033467,0.9759338219530272,7.4107554284042445,0.043752582541165985,0.002529173406164098
105.94955,105.99954,0.049989999999993984,-49.14215993197091,2.115494465216667,5.216260180357946,5.352100891900892,-49.088060128148605,2.042814091548408,5.2166909442319405,5.352531655774887,-49.780725115749334,2.7182137772099306,5.17250759781678,-56.58226732123737,2.2176643687801496,5.214009933781782,0.09997999500098796,0.0,0.0,0.06708039,-0.089855306,0.00027892683,0.9674448410320878,7.4962466656581785,0.04418334641516086,0.002681010450158894
105.99954,106.049545,0.050004999999998745,-49.088060128148605,2.042814091548408,5.2166909442319405,5.352531655774887,-49.03847263620375,1.9762842761526649,5.21713647311272,5.352977184655666,-49.7245892091959,2.635444464688782,5.17250759781678,-56.61433107627044,2.1107485309858283,5.214328422641781,0.10000999499949749,0.0,0.0,0.06683555,-0.08939849,0.00031848886,0.9514452721441518,7.577051652176955,0.04462887529594006,0.0028080504709384613
106.049545,106.09955,0.050004999999998745,-49.03847263620375,1.9762842761526649,5.21713647311272,5.352977184655666,-48.98314260545991,1.9021026524859757,5.217665974758985,5.353506686301931,-49.66845330264246,2.552675152167633,5.17250759781678,-56.64635124441252,2.003706702228709,5.214611876461781,0.10000999499949749,0.0,0.0,0.06693425,-0.08945977,0.00028345382,0.9449313885224018,7.663882177267736,0.04515837694220526,0.003054098297203822
106.09955,106.14954,0.049990000000008195,-48.98314260545991,1.9021026524859757,5.217665974758985,5.353506686301931,-48.90766924863507,1.801078429579288,5.218271680161886,5.354112391704832,-49.61233423517707,2.469930667957394,5.17250759781678,-56.67839828165411,1.8961433292446639,5.214963850821781,0.09997999500101638,0.0,0.0,0.067311816,-0.089810975,0.00035197436,0.9715534262415262,7.771310509801643,0.04576408234510598,0.00330782934010454
106.14954,106.19955,0.05001000000000033,-48.90766924863507,1.801078429579288,5.218271680161886,5.354112391704832,-48.807139818808956,1.6666954619150154,5.219332172235104,5.35517288377805,-49.556192715594285,2.387153079332601,5.17250759781678,-56.71021347153589,1.789036270518851,5.215205159481781,0.10001999499900066,0.0,0.0,0.067051925,-0.08937655,0.00024130866,1.0392975611813575,7.9040205233714085,0.04682457441832444,0.004127012753323278
106.19955,106.24954,0.049989999999993984,-48.807139818808956,1.6666954619150154,5.219332172235104,5.35517288377805,-48.75598408035954,1.5984053273342766,5.220272715149029,5.356113426691976,-49.50007364812891,2.3044085951223856,5.17250759781678,-56.74203240438758,1.6814985968069158,5.2157390269317805,0.09997999500098796,0.0,0.0,0.067373864,-0.08965243,0.00053386745,1.0257240852152683,7.98648059693021,0.04776511733224975,0.004533688217248866
106.24954,106.299545,0.050004999999998745,-48.75598408035954,1.5984053273342766,5.220272715149029,5.356113426691976,-48.72691003613188,1.5597087414621598,5.22097662820683,5.356817339749776,-49.443937741575475,2.2216392826012368,5.173698919687054,-56.77384406069614,1.573206749995241,5.217802301131781,0.10000999499949749,0.0,0.00119132187027497,0.067935616,-0.090132445,0.0020632742,0.975848744256185,8.046945345404323,0.04727770851977553,0.003174327075049277
106.299545,106.34955,0.050004999999998745,-48.72691003613188,1.5597087414621598,5.22097662820683,5.356817339749776,-48.53970841691801,1.3106006304609572,5.221300233406894,5.35714094494984,-49.38770326998855,2.1389369047325295,5.1756227590517545,-56.805373797348864,1.4648771693689815,5.218184817661781,0.10000999499949749,0.0,0.0019238393646999515,0.067948386,-0.09006908,0.00038251653,1.1854266127045714,8.267105021209696,0.04567747435513958,0.0031154157451132036
106.34955,106.39954,0.049990000000008195,-48.53970841691801,1.3106006304609572,5.221300233406894,5.35714094494984,-48.473120579024005,1.2221337210582917,5.2219597382595,5.357800449802446,-49.331326712826375,2.0563676416684613,5.178645557521125,-56.83695565019212,1.355750047898812,5.2207531873617805,0.09997999500101638,0.0,0.0030227984693704957,0.06852166,-0.09061415,0.0025683697,1.1968558820478867,8.364902295932694,0.04331418073837501,0.0012065508977192607
106.39954,106.44955,0.05001000000000033,-48.473120579024005,1.2221337210582917,5.2219597382595,5.357800449802446,-48.43794812752751,1.1754635564036349,5.222632482270463,5.358473193813409,-49.2746781684804,1.9739362045641502,5.183501042123865,-56.868245885921866,1.2468086345464096,5.22069072076178,0.10001999499900066,0.0,0.0048554846027400326,0.06831535,-0.09044514,-6.24666e-05,1.156579323390093,8.430599647436951,0.03913144014659764,0.0019417615086823048
106.44955,106.49954,0.049989999999993984,-48.43794812752751,1.1754635564036349,5.222632482270463,5.358473193813409,-48.38241990128472,1.1020054747768064,5.225573603444134,5.36141431498708,-49.21765286358246,1.8918136497957148,5.188354584921124,-56.89961181580607,1.1374528647340814,5.22222133486178,0.09997999500098796,0.0,0.004853542797259416,0.06860687,-0.090750225,0.0015306141,1.149526447992978,8.517265677800747,0.03721901852300924,0.0033522685823532683
106.49954,106.549545,0.050004999999998745,-48.38241990128472,1.1020054747768064,5.225573603444134,5.36141431498708,-48.3147815943929,1.013381900899084,5.230105826768313,5.36594653831126,-49.160212416171795,1.8099442776162353,5.193209584072494,-56.930883924293084,1.0263192469747986,5.2265492288617805,0.10000999499949749,0.0,0.004854999151369878,0.0699443,-0.09184999,0.004327894,1.1615786217105664,8.616112042808805,0.03689624269581948,0.0035565979065328435
106.549545,106.59955,0.050004999999998745,-48.3147815943929,1.013381900899084,5.230105826768313,5.36594653831126,-48.23391532226266,0.9081848387612759,5.233251840475438,5.369092552018384,-49.1023751715537,1.7283547425349122,5.199163359390494,-56.96138061363196,0.9137130041373341,5.23060889516178,0.10000999499949749,0.0,0.005953775317999851,0.071187735,-0.092425756,0.0040596663,1.1945296902491274,8.727467042198912,0.034088481084944,0.0026429453136573855
106.59955,106.64954,0.049990000000008195,-48.23391532226266,0.9081848387612759,5.233251840475438,5.369092552018384,-48.16853543931022,0.8236334681784339,5.23617015802073,5.372010869563677,-49.04407068397864,1.6471353721297417,5.2073133315699955,-56.991463692242434,0.7994354361347877,5.23383196416178,0.09997999500101638,0.0,0.008149972179501336,0.072389975,-0.0934026,0.003223069,1.2019639555610722,8.822961436000062,0.02885682645073473,0.002338193858950177
106.64954,106.69955,0.05001000000000033,-48.16853543931022,0.8236334681784339,5.23617015802073,5.372010869563677,-48.08935988613263,0.7221508958629368,5.242255524636603,5.378096236179549,-48.98508261395324,1.5663615707193916,5.219496902796996,-57.02098551845649,0.6838960101493331,5.23810768316178,0.10001999499900066,0.0,0.012183571227000081,0.07343042,-0.09396207,0.004275719,1.2308577775990162,8.931707556355931,0.022758621839606974,0.004147841474822833
106.69955,106.74954,0.049989999999993984,-48.08935988613263,0.7221508958629368,5.242255524636603,5.378096236179549,-48.0308117458324,0.6480449261375885,5.247558565585771,5.383399277128717,-48.925138815250655,1.4863444450680556,5.234238643858994,-57.04896648241155,0.5695015271647323,5.24495370266178,0.09997999500098796,0.0,0.014741741061998225,0.07307122,-0.09235599,0.0068460195,1.2257923929170442,9.018496766003032,0.013319921726776762,0.0026048629239907584
106.74954,106.799545,0.050004999999998745,-48.0308117458324,0.6480449261375885,5.247558565585771,5.383399277128717,-47.97078796421515,0.5728622182132668,5.251927823410803,5.387768534953749,-48.864003642150394,1.4071959156451999,5.250450934925993,-57.07546801281584,0.4556562452174549,5.25216513466178,0.10000999499949749,0.0,0.016212291066999594,0.07292308,-0.091352634,0.007211432,1.2222712325747345,9.105434422777059,0.0014768884848095354,0.0002373112509772568
106.799545,106.84955,0.050004999999998745,-47.97078796421515,0.5728622182132668,5.251927823410803,5.387768534953749,-47.88989926276638,0.47299640989523617,5.258688191967336,5.394528903510282,-48.80159338042332,1.3290488854331861,5.265929617639493,-57.100649703227475,0.3414747584038909,5.25684760766178,0.10000999499949749,0.0,0.015478682713499612,0.073350154,-0.09105649,0.004682473,1.2506046557745272,9.211689401041772,0.007241425672157575,0.0018405843055555593
106.84955,106.89954,0.049990000000008195,-47.88989926276638,0.47299640989523617,5.258688191967336,5.394528903510282,-47.807016701541436,0.3715046699597071,5.265657123869883,5.40149783541283,-48.73800011198481,1.2519003558962554,5.280671358701496,-57.12437903100952,0.22753099872389865,5.26230277006178,0.09997999500101638,0.0,0.014741741062002416,0.07365175,-0.09012037,0.0054551624,1.2813378455100992,9.31847461747898,0.015014234831612683,0.0033543538081035607
106.89954,106.94955,0.05001000000000033,-47.807016701541436,0.3715046699597071,5.265657123869883,5.40149783541283,-47.757664912204675,0.3117389724581372,5.269481009002636,5.405321720545582,-48.673250596351096,1.1756671634877043,5.294686407150696,-57.146662915113225,0.11317735896939718,5.26864782006178,0.10001999499900066,0.0,0.014015048449200094,0.074391596,-0.08966168,0.00634505,1.2588363929714976,9.39109739130481,0.02520539814806,0.0008331889408559334
106.94955,106.99954,0.049989999999993984,-47.757664912204675,0.3117389724581372,5.269481009002636,5.405321720545582,-47.726842088418294,0.2747652477700715,5.272361229154226,5.408201940697173,-48.60746538215517,1.1003790170528678,5.307963552690394,-57.16782863723276,-0.001726807425558495,5.27526845806178,0.09997999500098796,0.0,0.013277145539698401,0.07495861,-0.08962233,0.006620638,1.2071186691876354,9.445034402874452,0.035602323536167546,0.002907228907553794
106.99954,107.049545,0.050004999999998745,-47.726842088418294,0.2747652477700715,5.272361229154226,5.408201940697173,-47.65088979720038,0.18466340727131403,5.279347340156467,5.415188051699413,-48.54066634625228,1.0259485938225492,5.321244682170543,-57.187965538687216,-0.11701905244826322,5.2814872290617805,0.10000999499949749,0.0,0.013281129480149666,0.07532253,-0.08957853,0.006218771,1.2245256519784542,9.541846048085201,0.041897342014076244,0.0021398889053134695
107.049545,107.09955,0.050004999999998745,-47.65088979720038,0.18466340727131403,5.279347340156467,5.415188051699413,-47.56232868322593,0.0812205346299315,5.287370945766702,5.423211657309649,-48.47288471052248,0.9524118753916057,5.338555748104043,-57.20620896692256,-0.23064178577970154,5.288218238661781,0.10000999499949749,0.0,0.017311065933499566,0.07471937,-0.08752122,0.0067310096,1.2601930927695961,9.648921444035281,0.051184802337340685,0.0008472928950782332
107.09955,107.14954,0.049990000000008195,-47.56232868322593,0.0812205346299315,5.287370945766702,5.423211657309649,-47.479172229861554,-0.014439421127168117,5.293922756069802,5.429763467612748,-48.403861006553996,0.8800811924771289,5.355861621237046,-57.22278231124334,-0.3449675789346998,5.29501149136178,0.09997999500101638,0.0,0.017305873133002837,0.075751714,-0.08721663,0.0067932527,1.2865521605842385,9.749214649452973,0.06193886516724412,0.0010887352919786153
107.14954,107.19955,0.05001000000000033,-47.479172229861554,-0.014439421127168117,5.293922756069802,5.429763467612748,-47.38196048177706,-0.12459689092664128,5.301535736610407,5.437376448153353,-48.333567843609735,0.8089273405582657,5.372808123359746,-57.23802843253726,-0.4600129055738892,5.301212229361781,0.10001999499900066,0.0,0.016946502122700113,0.07657278,-0.087203674,0.006200738,1.3330506599014296,9.861773641332695,0.07127238674933878,0.00032350724862606484
107.19955,107.24954,0.049989999999993984,-47.38196048177706,-0.12459689092664128,5.301535736610407,5.437376448153353,-47.274744886288985,-0.2448275343636528,5.310124843671361,5.445965555214308,-48.26210761257926,0.7390028471280807,5.389747848237043,-57.2515337011247,-0.5746974342497947,5.307406900361781,0.09997999500098796,0.0,0.016939724877297963,0.07691443,-0.08613422,0.006194671,1.3938462514974626,9.98224069068072,0.07962300456568183,0.0027179433095803063
107.24954,107.299545,0.050004999999998745,-47.274744886288985,-0.2448275343636528,5.310124843671361,5.445965555214308,-47.22337758503264,-0.3015634711916242,5.314099804838848,5.449940516381794,-48.18945139449511,0.6702782294608449,5.407058914170543,-57.26321595646701,-0.6883900194187021,5.313842699361781,0.10000999499949749,0.0,0.017311065933499566,0.07685766,-0.084589474,0.006435799,1.3703192680745666,10.04728765901222,0.09295910933169527,0.00025710547706658815
107.299545,107.34955,0.050004999999998745,-47.22337758503264,-0.3015634711916242,5.314099804838848,5.449940516381794,-47.11642212219536,-0.41826301328442383,5.321567672238118,5.457408383781065,-48.11561642572405,0.6028216027561525,5.424369980104043,-57.27396671490459,-0.8037511598632738,5.319179916761781,0.10000999499949749,0.0,0.017311065933499566,0.07817312,-0.08551453,0.0053372174,1.4286367800525486,10.164856775381997,0.10280230786592437,0.0023877554763371833
107.34955,107.39954,0.049990000000008195,-47.11642212219536,-0.41826301328442383,5.321567672238118,5.457408383781065,-47.07031911512521,-0.46807841014369167,5.325108912892146,5.460949624435092,-48.040647327288966,0.5366730299806624,5.4416758532370455,-57.28322957278741,-0.918888983541649,5.325761312761781,0.09997999500101638,0.0,0.017305873133002837,0.078557245,-0.0846834,0.006581396,1.396804315483338,10.222855285550773,0.11656694034489945,0.0006523998696348343
107.39954,107.44955,0.05001000000000033,-47.07031911512521,-0.46807841014369167,5.325108912892146,5.460949624435092,-46.98993195486559,-0.5539380275328725,5.331206646922976,5.467047358465923,-47.96451430615598,0.4718057617110292,5.458622355359745,-57.29115581577548,-1.0339159515495602,5.332844459161781,0.10001999499900066,0.0,0.016946502122700113,0.07882736,-0.084144376,0.0070831464,1.414906739194902,10.312399906914136,0.12741570843676886,0.00163781223880477
107.44955,107.49954,0.049989999999993984,-46.98993195486559,-0.5539380275328725,5.331206646922976,5.467047358465923,-46.91354327475641,-0.6347559443394797,5.336933631147456,5.4727743426904025,-47.8873238785146,0.40826335633526517,5.4748297832257435,-57.29751648295538,-1.1496094614709202,5.339414528761782,0.09997999500098796,0.0,0.016207427865998048,0.07978856,-0.084019236,0.0065700696,1.426933048827346,10.396728991980925,0.13789615207828732,0.0024808976143253503
107.49954,107.549545,0.050004999999998745,-46.91354327475641,-0.6347559443394797,5.336933631147456,5.4727743426904025,-46.81867702853469,-0.7336054575138569,5.344305037490285,5.480145749033231,-47.809090307280364,0.3459616113216865,5.490674724561443,-57.302471564302834,-1.2648490040336962,5.346029746061782,0.10000999499949749,0.0,0.0158449413356996,0.07987793,-0.083211906,0.0066152173,1.4650541009907894,10.497245713706098,0.14636968707115816,0.001724708571496869
107.549545,107.59955,0.050004999999998745,-46.81867702853469,-0.7336054575138569,5.344305037490285,5.480145749033231,-46.73884706232983,-0.8156474120257631,5.35037090391577,5.486211615458716,-47.72987943039695,0.2849072414276366,5.506519665897143,-57.305840683838596,-1.3804246523774453,5.352769526361782,0.10000999499949749,0.0,0.0158449413356996,0.08067059,-0.08283319,0.0067397803,1.4810015866955206,10.582075766513212,0.15614876198137306,0.0023986224460124106
107.59955,107.64954,0.049990000000008195,-46.73884706232983,-0.8156474120257631,5.35037090391577,5.486211615458716,-46.693247583304455,-0.8622446855458463,5.354031607558377,5.489872319101323,-47.64973518238661,0.22513351048117794,5.522359854225745,-57.307739972676366,-1.4967812511785743,5.359391395361782,0.09997999500101638,0.0,0.015840188328602595,0.08169749,-0.08287331,0.006621869,1.4481919307857385,10.63344183870675,0.16832824666736812,0.0053597878034050694
107.64954,107.69955,0.05001000000000033,-46.693247583304455,-0.8622446855458463,5.354031607558377,5.489872319101323,-46.569784716726325,-0.9861302957555278,5.364855313863492,5.500696025406438,-47.568621762284366,0.1666133218372797,5.5382063798971455,-57.30861452731875,-1.6130770392614444,5.366658834661782,0.10001999499900066,0.0,0.015846525671400106,0.08182656,-0.082643144,0.0072674393,1.5252846591636817,10.757115222961092,0.17335106603365347,0.001803520798289604
107.69955,107.74954,0.049989999999993984,-46.569784716726325,-0.9861302957555278,5.364855313863492,5.500696025406438,-46.48638622284592,-1.0683545342762653,5.37311493902492,5.5089556505678665,-47.4866240290543,0.10940867914520788,5.554413807763144,-57.30751424210532,-1.727812696804973,5.374355060861782,0.09997999500098796,0.0,0.016207427865998048,0.08152882,-0.080737434,0.0076962262,1.54518667346616,10.841203654453068,0.18129886873822354,0.0012401218368616185
107.74954,107.799545,0.050004999999998745,-46.48638622284592,-1.0683545342762653,5.37311493902492,5.5089556505678665,-46.406522000053755,-1.1458249340267876,5.379966888754184,5.51580760029713,-47.40368508647508,0.05352369991428462,5.571724873696644,-57.30447054228805,-1.8436350192840407,5.382188988861782,0.10000999499949749,0.0,0.017311065933499566,0.08305498,-0.08078332,0.007833928,1.5597343897784701,10.920266541814506,0.19175798494246,0.0022221001075983793
107.799545,107.84955,0.050004999999998745,-46.406522000053755,-1.1458249340267876,5.379966888754184,5.51580760029713,-46.280286640671946,-1.2660312355840837,5.391773749102732,5.527614460645679,-47.319791190624365,-0.0009172161212621863,5.589768456874543,-57.299647003810925,-1.9589868588907855,5.389882939861782,0.10000999499949749,0.0,0.018043583177899548,0.08337746,-0.07985933,0.007693951,1.6374013532464045,11.041127220922274,0.1979947077718105,0.0018908092409501975
107.84955,107.89954,0.049990000000008195,-46.280286640671946,-1.2660312355840837,5.391773749102732,5.527614460645679,-46.227549745930276,-1.3154742963604544,5.396044573318669,5.531885284861615,-47.2349541514157,-0.05381973192827389,5.608905074785346,-57.29267671664855,-2.073785801280328,5.397379831861782,0.09997999500101638,0.0,0.019136617910803136,0.08394047,-0.07862175,0.007496892,1.614507936228248,11.091080705531397,0.21286050146667712,0.001335258543113227
107.89954,107.94955,0.05001000000000033,-46.227549745930276,-1.3154742963604544,5.396044573318669,5.531885284861615,-46.172707216661244,-1.36636247799888,5.401115454974661,5.536956166517608,-47.149085991987214,-0.10510967827221829,5.628049348874546,-57.284354397476726,-2.188037384462971,5.405162894661782,0.10001999499900066,0.0,0.019144274089200126,0.08396491,-0.077926755,0.0077830628,1.595015403601289,11.141986031351745,0.2269338938998846,0.004047439687120402
107.94955,107.99954,0.049989999999993984,-46.172707216661244,-1.36636247799888,5.401115454974661,5.536956166517608,-46.08501931572869,-1.4468029248653203,5.408457146561481,5.544297858104427,-47.06228644550787,-0.1547265920353516,5.647185966785344,-57.27426106928728,-2.3039885950445713,5.412910367361782,0.09997999500098796,0.0,0.019136617910797696,0.085809864,-0.07863349,0.0077474727,1.6200346579027833,11.2220273699871,0.2387288202238631,0.004453220800301416
107.99954,108.049545,0.050004999999998745,-46.08501931572869,-1.4468029248653203,5.408457146561481,5.544297858104427,-45.98590658188066,-1.5361853266877343,5.417475000518879,5.553315712061825,-46.97452702481816,-0.2026878595332528,5.665962067707693,-57.262482106211856,-2.418400489913124,5.421817680361782,0.10000999499949749,0.0,0.01877610092234953,0.08541758,-0.07702378,0.008907313,1.659995745507002,11.311032629701415,0.24848706718881441,0.004342679842903152
108.049545,108.09955,0.050004999999998745,-45.98590658188066,-1.5361853266877343,5.417475000518879,5.553315712061825,-45.9282653474007,-1.5872578539716997,5.422951143377627,5.558791854920574,-46.88588260042567,-0.24899299017687923,5.684738168630043,-57.24868324196165,-2.5327574746309054,5.430406049361782,0.10000999499949749,0.0,0.01877610092234953,0.08620288,-0.07640021,0.008588369,1.6455952263417777,11.359834102669033,0.26178702525241526,0.007454905984154436
108.09955,108.14954,0.049990000000008195,-45.9282653474007,-1.5872578539716997,5.422951143377627,5.558791854920574,-45.806616261788854,-1.6937065923894323,5.4334130618012075,5.569253773344154,-46.79641126906069,-0.29361227148195324,5.703874786540846,-57.23327572011494,-2.6472209982723856,5.439339786361782,0.09997999500101638,0.0,0.019136617910803136,0.0868262,-0.07616102,0.008933737,1.714630649398765,11.466374147862929,0.27046172473963814,0.005926724560574748
108.14954,108.19955,0.05001000000000033,-45.806616261788854,-1.6937065923894323,5.4334130618012075,5.569253773344154,-45.75517842088145,-1.7380183850079032,5.438012768921933,5.573853480464879,-46.70606637909731,-0.3365284718858097,5.723019060630046,-57.21568116472998,-2.7614024058599114,5.447491034361782,0.10001999499900066,0.0,0.019144274089200126,0.08762028,-0.07529707,0.008151248,1.6936238914419273,11.506104379671466,0.28500629170811287,0.00947826543984931
108.19955,108.24954,0.049989999999993984,-45.75517842088145,-1.7380183850079032,5.438012768921933,5.573853480464879,-45.65895288959864,-1.819714540554184,5.4466609895967535,5.5825017011397,-46.614952947820505,-0.3776908581306014,5.741789529285343,-57.19672262934025,-2.8751295169303686,5.455924783361782,0.09997999500098796,0.0,0.01877046865529774,0.087754354,-0.07478272,0.008433749,1.730135373891501,11.585941107206457,0.2951285396885899,0.009263793765028616
108.24954,108.299545,0.050004999999998745,-45.65895288959864,-1.819714540554184,5.4466609895967535,5.5825017011397,-45.5585913230735,-1.9036194184762785,5.455757392948738,5.591598104491684,-46.52305540867647,-0.4171476876924157,5.760931889329943,-57.17574383338987,-2.9889916551879017,5.464286235361782,0.10000999499949749,0.0,0.01914236004459952,0.08876293,-0.074335985,0.008361452,1.7719450270359813,11.667744655252548,0.30517449638120553,0.008528842413044302
108.299545,108.34955,0.050004999999998745,-45.5585913230735,-1.9036194184762785,5.455757392948738,5.591598104491684,-45.481099917808294,-1.96725355536398,5.462081671071199,5.597922382614145,-46.430419455312254,-0.4548382600428323,5.780074249374543,-57.15289740557267,-3.1024796795035994,5.471808122661782,0.10000999499949749,0.0,0.01914236004459952,0.08935077,-0.073606595,0.0075218873,1.7856672729845524,11.72687490119648,0.31799257830334415,0.009726451590583274
108.34955,108.39954,0.049990000000008195,-45.481099917808294,-1.96725355536398,5.462081671071199,5.597922382614145,-45.39348671863509,-2.038166474950419,5.470406433626092,5.606247145169038,-46.337107030606184,-0.4907379925749378,5.799210867285346,-57.12852880984668,-3.215347131802503,5.4805788856617825,0.09997999500101638,0.0,0.019136617910803136,0.08959439,-0.07284048,0.008770763,1.8124442615515965,11.793937730095678,0.32880443365925416,0.010172452035690505
108.39954,108.44955,0.05001000000000033,-45.39348671863509,-2.038166474950419,5.470406433626092,5.606247145169038,-45.293533481226845,-2.1176582352951066,5.47907022629944,5.614910937842386,-46.243087133383895,-0.5248592224166481,5.817988845630047,-57.102201302311244,-3.3279793347612054,5.489246834661783,0.10001999499900066,0.0,0.018777978344700127,0.09034596,-0.07222713,0.008667949,1.8543626489312666,11.87053128012925,0.33891861933060685,0.010176608362343131
108.44955,108.49954,0.049989999999993984,-45.293533481226845,-2.1176582352951066,5.47907022629944,5.614910937842386,-45.13360878730221,-2.2418365810681724,5.493749902723181,5.629590614266127,-46.14848097194229,-0.5571960994718438,5.836393166029644,-57.073990845090265,-3.4398012756768317,5.4970695926617825,0.09997999500098796,0.0,0.018404320399597787,0.090710655,-0.07121484,0.007822758,1.9667178504781118,12.000326791195137,0.34264326330646355,0.0033196899386016554
108.49954,108.549545,0.050004999999998745,-45.13360878730221,-2.2418365810681724,5.493749902723181,5.629590614266127,-45.118428128136074,-2.2534397876596124,5.495145568851849,5.630986280394795,-46.05326716656641,-0.587795615246488,5.854803008829844,-57.04341391771906,-3.5501135778289816,5.505605570661783,0.10000999499949749,0.0,0.018409842800199538,0.09112036,-0.06928804,0.008535978,1.910050925202559,11.99527611186455,0.3596574399779948,0.010460001809933672
108.549545,108.69955,0.15000500000000727,-45.118428128136074,-2.2534397876596124,5.495145568851849,5.630986280394795,-44.73940587831827,-2.533004766249812,5.52700261424567,5.662843325788616,-45.766003403111206,-0.6743145224573595,5.9089301500077465,-57.011527770351314,-3.660938025845301,5.514076609661783,0.30000998499951453,0.0,0.05412714117790262,0.09188093,-0.06968988,0.008471039,2.1233539272293314,12.323847174118086,0.3819275357620766,0.012926004583887263
108.69955,108.74954,0.049989999999993984,-44.73940587831827,-2.533004766249812,5.52700261424567,5.662843325788616,-44.63913886054878,-2.603952638839239,5.5352972978994215,5.671138009442368,-45.66885147782477,-0.6979260199434504,5.925137577873745,-56.975142540156234,-3.7709496817983506,5.521948553661782,0.09997999500098796,0.0,0.016207427865998048,0.094433,-0.06714803,0.007871944,2.1663899801551585,12.391080214475407,0.38984027997432324,0.01334874423763921
108.74954,108.799545,0.050004999999998745,-44.63913886054878,-2.603952638839239,5.5352972978994215,5.671138009442368,-44.59406088778623,-2.6353771497361347,5.539167446812043,5.67500815835499,-45.57130038493744,-0.7199665139553213,5.941349868940744,-56.93705575778043,-3.88049164680893,5.530399612161783,0.10000999499949749,0.0,0.016212291066999594,0.09500603,-0.0665124,0.0084510585,2.150301127389978,12.405637124772108,0.4021824221287007,0.008767834650260653
108.799545,108.84955,0.050004999999998745,-44.59406088778623,-2.6353771497361347,5.539167446812043,5.67500815835499,-44.50573907747584,-2.6962529763467558,5.5465088560454445,5.682349567588391,-45.47340480060382,-0.74042265405503,5.957562160007743,-56.897381260709466,-3.9901785321735326,5.538808523661783,0.10000999499949749,0.0,0.016212291066999594,0.095819406,-0.066512555,0.0084089115,2.182120345286334,12.459014380813464,0.4110533039622988,0.0077003323836617454
108.84955,108.89954,0.049990000000008195,-44.50573907747584,-2.6962529763467558,5.5465088560454445,5.682349567588391,-44.41344525706689,-2.7588849069595636,5.554448018333516,5.690288729876462,-45.37521991633482,-0.7592834043446286,5.973769587873746,-56.856079495537166,-4.098360131843531,5.546173301961783,0.09997999500101638,0.0,0.016207427866002655,0.095731355,-0.06515061,0.0073647783,2.218877343268404,12.514525187574266,0.41932156954023014,0.008274716371732715
108.89954,108.94955,0.05001000000000033,-44.41344525706689,-2.7588849069595636,5.554448018333516,5.690288729876462,-44.34033970645264,-2.8078168398794556,5.560673841681393,5.696514553224339,-45.2767028576107,-0.7765573309378719,5.989249818300746,-56.81267972462141,-4.207069386940007,5.5548039379617835,0.10001999499900066,0.0,0.015480230427000103,0.09727756,-0.06510237,0.008630636,2.236692009086691,12.550584576794408,0.42857597661935376,0.005869903719609049
108.94955,108.99954,0.049989999999993984,-44.34033970645264,-2.8078168398794556,5.560673841681393,5.696514553224339,-44.225099422441225,-2.883659820569857,5.56952877618773,5.705369487730676,-45.17796971031838,-0.7922978844907121,6.003991559362745,-56.76804430796728,-4.3146100079073815,5.562411531961784,0.09997999500098796,0.0,0.014741741061998225,0.09708442,-0.06428002,0.007607594,2.2982072433094016,12.624305321085416,0.4344627831750145,0.007117244225946173
108.99954,109.049545,0.050004999999998745,-44.225099422441225,-2.883659820569857,5.56952877618773,5.705369487730676,-44.13602806563192,-2.9411392950723556,5.576988291635536,5.7128290031784825,-45.07898556408788,-0.8065855678165171,6.017638948965244,-56.72153235951631,-4.42198379613061,5.569793342261784,0.10000999499949749,0.0,0.013647389602499657,0.09806504,-0.06384152,0.0073818103,2.3335570398934147,12.672324915645783,0.44065065732970776,0.007194949373752202
109.049545,109.09955,0.050004999999998745,-44.13602806563192,-2.9411392950723556,5.576988291635536,5.7128290031784825,-44.033571340030385,-3.006255847118805,5.584967895461258,5.720808607004204,-44.979815652146364,-0.819521087338813,6.030920078445393,-56.673680977210324,-4.52796812081983,5.577384064261784,0.10000999499949749,0.0,0.013281129480149666,0.097954676,-0.06266828,0.007590722,2.3826848738013804,12.731377768484506,0.4459521829841355,0.007583831199474034
109.09955,109.14954,0.049990000000008195,-44.033571340030385,-3.006255847118805,5.584967895461258,5.720808607004204,-43.96085868208817,-3.051775528223313,5.590458371967802,5.726299083510749,-44.8805124899362,-0.8311349314683558,6.044563374240395,-56.624067377936235,-4.6329563892582515,5.583939635061784,0.09997999500101638,0.0,0.013643295795002237,0.09842234,-0.061620522,0.0065555708,2.4035406770524173,12.761543299691663,0.454105002272593,0.006518736906018674
109.14954,109.19955,0.05001000000000033,-43.96085868208817,-3.051775528223313,5.590458371967802,5.726299083510749,-43.853875381438215,-3.117643410098129,5.598199671771926,5.7340403833148725,-44.78102033460467,-0.8413970183461206,6.059677309422995,-56.57307668489322,-4.737491759173313,5.591775743061784,0.10001999499900066,0.0,0.015113935182600102,0.098938644,-0.061146047,0.007836108,2.4578233053142906,12.821933959891275,0.4614776376510692,0.0064239287101424125
109.19955,109.24954,0.049989999999993984,-43.853875381438215,-3.117643410098129,5.598199671771926,5.7340403833148725,-43.72560947263558,-3.195192956596541,5.607770175688856,5.743610887231802,-44.68142429437928,-0.850150770217233,6.075151348995994,-56.520733081741064,-4.840888435428031,5.598986154061784,0.09997999500098796,0.0,0.015474039572998139,0.09900532,-0.06023846,0.007210411,2.532351640148656,12.900523314243298,0.467381173307138,0.008784021627072036
109.24954,109.299545,0.050004999999998745,-43.72560947263558,-3.195192956596541,5.607770175688856,5.743610887231802,-43.5684507441906,-3.288111310466208,5.619327760636559,5.755168472179506,-44.58167480549606,-0.8573645464360308,6.090630031709494,-56.466589770129985,-4.943542998896132,5.605786115061783,0.10000999499949749,0.0,0.015478682713499612,0.09971739,-0.059379287,0.006799961,2.633467833342854,13.003939572587939,0.47130227107293443,0.013541645574775885
109.299545,109.34955,0.050004999999998745,-43.5684507441906,-3.288111310466208,5.619327760636559,5.755168472179506,-43.47405002115116,-3.3426313736183086,5.626774952242026,5.762615663784972,-44.48182561055069,-0.8630335294631637,6.103911161189643,-56.41055053386706,-5.045232309802017,5.614747238061783,0.10000999499949749,0.0,0.013281129480149666,0.10043838,-0.058251556,0.008961123,2.6765681585434034,13.048060984812741,0.4771362089476172,0.012027714180242732
109.34955,109.39954,0.049990000000008195,-43.47405002115116,-3.3426313736183086,5.626774952242026,5.762615663784972,-43.436264673303036,-3.364213955042212,5.629441531818544,5.76528224336149,-44.381939905017525,-0.8673746388310647,6.1171883067293455,-56.35319691214162,-5.145246626286311,5.6212797366617835,0.09997999500101638,0.0,0.013277145539702176,0.10019417,-0.057038844,0.0065324986,2.669926630987451,13.039141683361924,0.48774677491080176,0.008161795156760299
109.39954,109.44955,0.05001000000000033,-43.436264673303036,-3.364213955042212,5.629441531818544,5.76528224336149,-43.381800405377234,-3.3948817088145997,5.633192655630484,5.769033367173431,-44.28196538575183,-0.8703904135564525,6.130470764189646,-56.29514357160669,-5.2444348322692145,5.627959388661783,0.10001999499900066,0.0,0.013282457460300087,0.10000972,-0.056626376,0.006679652,2.6801778470330953,13.045124701791304,0.4972781085591613,0.005233266968700967
109.44955,109.49954,0.049989999999993984,-43.381800405377234,-3.3948817088145997,5.633192655630484,5.769033367173431,-43.28156611238803,-3.4511409491501333,5.640054071517162,5.775894783060108,-44.18199962387454,-0.872077379083634,6.144480207740444,-56.2360057672757,-5.343121157393024,5.634797072661783,0.09997999500098796,0.0,0.014009443550798315,0.10032159,-0.056319173,0.006837684,2.73173011241083,13.091871366634681,0.504426136223282,0.005256998855379003
109.49954,109.549545,0.050004999999998745,-43.28156611238803,-3.4511409491501333,5.640054071517162,5.775894783060108,-43.22641792660984,-3.4815607244667888,5.643703160234207,5.779543871777153,-44.08199003915166,-0.8723638461110786,6.158860114087294,-56.1752696412681,-5.4412378253829745,5.641530122261783,0.10000999499949749,0.0,0.014379906346849639,0.10104773,-0.055723548,0.0067330496,2.745890017786666,13.09630081618712,0.5151569538530874,0.0021730379724234083
109.549545,109.59955,0.050004999999998745,-43.22641792660984,-3.4815607244667888,5.643703160234207,5.779543871777153,-43.12698334529496,-3.535650263431572,5.650273789329479,5.786114500872426,-43.981986675099854,-0.8712122046214581,6.173606278556294,-56.113758907525224,-5.538019327994461,5.648340725261783,0.10000999499949749,0.0,0.01474616446899963,0.10070095,-0.05485935,0.006810603,2.7982603279918874,13.140236732055463,0.5233324892268145,0.0019330640676962219
109.59955,109.64954,0.049990000000008195,-43.12698334529496,-3.535650263431572,5.650273789329479,5.786114500872426,-42.954966904232094,-3.6275884816054322,5.661509323848902,5.797350035391848,-43.8820411550184,-0.868586863491173,6.187981871362596,-56.050754751308304,-5.6343574375199115,5.655057332861783,0.09997999500101638,0.0,0.014375592806302356,0.10142412,-0.054439902,0.0067166076,2.910593856110483,13.24865204381378,0.526472547513694,0.006451990987119238
109.64954,109.69955,0.05001000000000033,-42.954966904232094,-3.6275884816054322,5.661509323848902,5.797350035391848,-42.83448318459983,-3.6907497472976427,5.668891031899162,5.804731743442108,-43.78210373457358,-0.86452344197284,6.202363215556296,-55.98594876028027,-5.72981452679843,5.661187120161783,0.10001999499900066,0.0,0.014381344193700095,0.10222765,-0.053491868,0.0061297873,2.9808622637824844,13.308599924984906,0.5334721836571346,0.0077039117373791655
109.69955,109.74954,0.049989999999993984,-42.83448318459983,-3.6907497472976427,5.668891031899162,5.804731743442108,-42.742928710365526,-3.7378653833876,5.673999184910055,5.809839896453001,-43.682275023553665,-0.8590254553869093,6.216006511351295,-55.91968178602359,-5.824985604576922,5.668283698561782,0.09997999500098796,0.0,0.013643295794998359,0.10305591,-0.053182002,0.0070965784,3.0282157827921,13.341022915599897,0.5420073264412402,0.005715486348272236
109.74954,109.799545,0.050004999999998745,-42.742928710365526,-3.7378653833876,5.673999184910055,5.809839896453001,-42.653754502696316,-3.7831392476292347,5.678852018529225,5.814692730072172,-43.58250068244462,-0.8521639718698731,6.229287640831444,-55.85266107560378,-5.918708064425233,5.673998716261782,0.10000999499949749,0.0,0.013281129480149666,0.10267706,-0.052279025,0.0057150177,3.0746033131950097,13.37055679063558,0.5504356223022189,0.004853302267442849
109.799545,109.84955,0.050004999999998745,-42.653754502696316,-3.7831392476292347,5.678852018529225,5.814692730072172,-42.53778189425137,-3.841381571718122,5.68520166043872,5.821042371981666,-43.48282626629648,-0.8439780164994299,6.2425687703115935,-55.78426179855535,-6.0122039674155205,5.6793253705617825,0.10000999499949749,0.0,0.013281129480149666,0.10350032,-0.05203488,0.0053266543,3.1428549024687396,13.423177706072083,0.5573671098728736,0.005876289876937335
109.84955,109.89954,0.049990000000008195,-42.53778189425137,-3.841381571718122,5.68520166043872,5.821042371981666,-42.41050360361971,-3.9041745407255757,5.692327374459193,5.828168086002139,-43.38329922034821,-0.8344718855716868,6.256212066106595,-55.715095905645114,-6.104581270917843,5.685443798561782,0.09997999500101638,0.0,0.013643295795002237,0.103401236,-0.051241305,0.006118428,3.220156161273087,13.485324100717383,0.5638846916474023,0.006883575897410843
109.89954,109.94955,0.05001000000000033,-42.41050360361971,-3.9041745407255757,5.692327374459193,5.828168086002139,-42.35891729022772,-3.9293064118180965,5.6948335670242,5.830674278567146,-43.28387136495764,-0.823604458459815,6.269860820311595,-55.643691396633834,-6.197329746066307,5.690597869561782,0.10001999499900066,0.0,0.01364875420500009,0.105255224,-0.05120763,0.005154071,3.2405130247312575,13.476986046699487,0.575027253287395,0.004235697462418031
109.94955,109.99954,0.049989999999993984,-42.35891729022772,-3.9293064118180965,5.6948335670242,5.830674278567146,-42.217765060265236,-3.9970988459889867,5.703394686599856,5.839235398142803,-43.184640792961005,-0.8113859077430567,6.283504116106593,-55.57221644200778,-6.288496043757888,5.695032321961782,0.09997999500098796,0.0,0.013643295794998359,0.104355335,-0.05029838,0.0044344524,3.329206453103126,13.549607847656274,0.580109429506737,0.008362364638074382
109.99954,110.049545,0.050004999999998745,-42.217765060265236,-3.9970988459889867,5.703394686599856,5.839235398142803,-42.105482049985895,-4.049918531968638,5.710101246589054,5.845941958132,-43.085556429980016,-0.7978106319649523,6.296052728342343,-55.49909055641182,-6.37929943833872,5.702249586961782,0.10000999499949749,0.0,0.012548612235749686,0.10545757,-0.0497127,0.007217265,3.3965793945655447,13.594659401042987,0.5859514817532894,0.007851659627271523
110.049545,110.09955,0.050004999999998745,-42.105482049985895,-4.049918531968638,5.710101246589054,5.845941958132,-42.029897723654784,-4.085086321631588,5.71453890858779,5.850379620130736,-42.986650214589474,-0.7829930863882029,6.307868822833643,-55.42524423619367,-6.4684024841960435,5.708441317461783,0.10000999499949749,0.0,0.011816094491299703,0.105014205,-0.048627652,0.0061917305,3.4379056216175945,13.605715862156194,0.593329914245853,0.0060975911260072735
110.09955,110.14954,0.049990000000008195,-42.029897723654784,-4.085086321631588,5.71453890858779,5.850379620130736,-41.93916113842295,-4.12668591049597,5.719155509111335,5.854996220654281,-42.88795559951771,-0.7670127122924746,6.319681372851045,-55.350448072607506,-6.556798500198861,5.714776983461783,0.09997999500101638,0.0,0.011812550017401937,0.10527047,-0.048233286,0.006335666,3.4910764712522404,13.629675873976673,0.6005258637397102,0.004378525649552323
110.14954,110.19955,0.05001000000000033,-41.93916113842295,-4.12668591049597,5.719155509111335,5.854996220654281,-41.77917448316616,-4.19875784016754,5.727720446771145,5.863561158314091,-42.78941722721936,-0.7498607857420377,6.331498648833645,-55.275141359409204,-6.643912898523088,5.7196944336617825,0.10001999499900066,0.0,0.01181727598260008,0.104889035,-0.047521677,0.0049174502,3.5938115273254168,13.71568099600057,0.6037782020625002,0.008026013109362573
110.19955,110.24954,0.049989999999993984,-41.77917448316616,-4.19875784016754,5.727720446771145,5.863561158314091,-41.61963467253856,-4.269168112390181,5.734899018455426,5.870739729998372,-42.69112774317538,-0.7315529533535531,6.341845514546544,-55.198126095286156,-6.730683447482231,5.725529107161782,0.09997999500098796,0.0,0.010346865712898756,0.10606616,-0.04701541,0.0058346735,3.6963249875881408,13.799800254442937,0.6069464960911182,0.009369911293643618
110.24954,110.299545,0.050004999999998745,-41.61963467253856,-4.269168112390181,5.734899018455426,5.870739729998372,-41.498902733455836,-4.321555572891656,5.740733546397551,5.876574257940497,-42.59300351138123,-0.7122233327000973,6.352561743562294,-55.120139562489975,-6.816061806808165,5.729723758461782,0.10000999499949749,0.0,0.01071622901574973,0.106106184,-0.045965653,0.0041946513,3.771516370419617,13.847767116170186,0.6118281971647432,0.011009787935768678
110.299545,110.34955,0.050004999999998745,-41.498902733455836,-4.321555572891656,5.740733546397551,5.876574257940497,-41.464252352278464,-4.336418565816864,5.742486347852676,5.878327059395622,-42.49509205038419,-0.6918433203049807,6.362545455333644,-55.04067444130803,-6.901358727345474,5.735772971961782,0.10000999499949749,0.0,0.009983711771349749,0.107230924,-0.04573619,0.0060492135,3.7875531947932695,13.816589838730549,0.6200591074809676,0.006713375890893936
110.34955,110.39954,0.049990000000008195,-41.464252352278464,-4.336418565816864,5.742486347852676,5.878327059395622,-41.35460967914451,-4.383037055543449,5.747736340041467,5.883577051584413,-42.39741824177835,-0.6704932263278384,6.372160023035445,-54.960809275857805,-6.985797906468192,5.740849925661782,0.09997999500101638,0.0,0.009614567701801576,0.106975794,-0.04543786,0.0050769537,3.8562198306306863,13.852906969755754,0.624423682993978,0.0068864143796849575
110.39954,110.44955,0.05001000000000033,-41.35460967914451,-4.383037055543449,5.747736340041467,5.883577051584413,-41.25915572012547,-4.423026356035276,5.752491063833592,5.888331775376538,-42.29991522296949,-0.6481961251090815,6.3828773235669445,-54.88026981090241,-7.069296771110592,5.746557047661781,0.10001999499900066,0.0,0.01071730053150007,0.10699129,-0.04485008,0.005707122,3.9156766484318433,13.875788128379051,0.6303862597333527,0.005934016171810441
110.44955,110.49954,0.049989999999993984,-41.25915572012547,-4.423026356035276,5.752491063833592,5.888331775376538,-41.07331669872006,-4.499499600546763,5.760932507548471,5.8967732190914175,-42.202695659495966,-0.6248646896964309,6.395788320850943,-54.79855633574017,-7.152327606246483,5.751454319361781,0.09997999500098796,0.0,0.012910997283998445,0.10763196,-0.044570986,0.0048972717,4.035875683098206,13.979259619931689,0.6348558133024715,0.009478188186689884
110.49954,110.549545,0.050004999999998745,-41.07331669872006,-4.499499600546763,5.760932507548471,5.8967732190914175,-41.05301886016045,-4.507741592442386,5.76187202983123,5.897712741374177,-42.105756343705124,-0.6002726553397002,6.410900744942242,-54.71599469568792,-7.2340843427078,5.756918341361781,0.10000999499949749,0.0,0.015112424091299622,0.107703626,-0.043594923,0.005464022,4.046797462646527,13.93233122898434,0.6490287151110117,0.004953688469448991
110.549545,110.74954,0.19999500000000126,-41.05301886016045,-4.507741592442386,5.76187202983123,5.897712741374177,-40.67712674773936,-4.656005061893861,5.780892973376321,5.916733684919267,-41.71957815664564,-0.49606904724357653,6.474272588606542,-54.63278557946183,-7.315285385403946,5.762707853361781,0.3999899800005025,0.0,0.06337184366430039,0.10785108,-0.04342247,0.005789512,4.288562997778532,14.206765475168561,0.6933796152302216,0.018185120014539535
110.74954,110.799545,0.050004999999998745,-40.67712674773936,-4.656005061893861,5.780892973376321,5.916733684919267,-40.57909528975941,-4.693111516105644,5.785473234311057,5.921313945854004,-41.62486535700596,-0.4639523119765327,6.490117529942242,-54.54779233173868,-7.394103285580656,5.768806810361781,0.10000999499949749,0.0,0.0158449413356996,0.108357444,-0.04116768,0.006098957,4.356537915296828,14.227433134243581,0.7046442956311845,0.01666642394927642
110.799545,110.84955,0.050004999999998745,-40.57909528975941,-4.693111516105644,5.785473234311057,5.921313945854004,-40.40074481752631,-4.759802315330608,5.793787059258864,5.92962777080181,-41.53067331301057,-0.43033895231449737,6.505596212655742,-54.46203359661779,-7.471972263294988,5.774167269361781,0.10000999499949749,0.0,0.015478682713499612,0.10846496,-0.040663138,0.005360459,4.474482251233777,14.320464655717187,0.711809153396878,0.019619789897082462
110.84955,110.89954,0.049990000000008195,-40.40074481752631,-4.759802315330608,5.793787059258864,5.92962777080181,-40.21059063608523,-4.828955813516085,5.802350234005271,5.938190945548217,-41.437040917598864,-0.39528222785442346,6.518141060684243,-54.37522834271241,-7.548590016379531,5.779206238361781,0.09997999500101638,0.0,0.012544848028502057,0.108763754,-0.03969733,0.005038969,4.6001784484103245,14.423362006043849,0.7157908266789725,0.023143995643489568
110.89954,110.94955,0.05001000000000033,-40.21059063608523,-4.828955813516085,5.802350234005271,5.938190945548217,-40.17858079352278,-4.840427140920429,5.803603917778102,5.9394446293210486,-41.34381837789225,-0.3590391941755487,6.529224656960244,-54.28735874675544,-7.623982662615981,5.783783630361781,0.10001999499900066,0.0,0.011083596276000075,0.10911448,-0.038718823,0.004577392,4.63040133868086,14.380743954190471,0.7256207391821414,0.019820287416321136
110.94955,110.99954,0.049989999999993984,-40.17858079352278,-4.840427140920429,5.803603917778102,5.9394446293210486,-40.127952101643416,-4.858448303673605,5.805682711441014,5.94152342298396,-41.2510403776924,-0.32178007342217974,6.540303820684242,-54.199176479089935,-7.699005570599587,5.788697941361781,0.09997999500098796,0.0,0.011079163723998668,0.10909686,-0.038761117,0.004914311,4.673615934923544,14.355073008073877,0.7346211092432284,0.01698477007923227
110.99954,111.049545,0.050004999999998745,-40.127952101643416,-4.858448303673605,5.805682711441014,5.94152342298396,-39.91614843688312,-4.932536276603146,5.815341700065853,5.9511824116088,-41.158653149642156,-0.2834838700464897,6.5513863088222415,-54.10994764230227,-7.773752980091158,5.7933276459617815,0.10000999499949749,0.0,0.011082488137999722,0.109788336,-0.03867146,0.0046297046,4.812224666423904,14.475373854928117,0.7360446087563881,0.022014054104071867
111.049545,111.09955,0.050004999999998745,-39.91614843688312,-4.932536276603146,5.815341700065853,5.9511824116088,-39.761205861037844,-4.985264115334303,5.82210815325983,5.957948864802776,-41.06669600363658,-0.24416615904612615,6.563568661935741,-54.01990304790787,-7.84685314641837,5.798526638961781,0.10000999499949749,0.0,0.012182353113499694,0.109802246,-0.03735144,0.005198993,4.9175516615021335,14.543009910251582,0.7414605086759112,0.023581514298048667
111.09955,111.14954,0.049990000000008195,-39.761205861037844,-4.985264115334303,5.82210815325983,5.957948864802776,-39.7240001908483,-4.997745886104788,5.824051561753388,5.959892273296334,-40.975252090267325,-0.2037432681534711,6.577944254742043,-53.92951421908616,-7.918517165357574,5.8031379269617815,0.09997999500101638,0.0,0.014375592806302356,0.10943922,-0.03645448,0.004611288,4.954603154312542,14.502673328465015,0.7538926929886554,0.020913634791606128
111.14954,111.19955,0.05001000000000033,-39.7240001908483,-4.997745886104788,5.824051561753388,5.959892273296334,-39.648294768269196,-5.022920913742329,5.827433102131919,5.963273813674865,-40.884362359910746,-0.1619933422216931,6.592325598935743,-53.83907642354268,-7.989624421973527,5.809445732361781,0.10001999499900066,0.0,0.014381344193700095,0.10912817,-0.036418118,0.0063078054,5.015623585026696,14.497572682811343,0.7648924968038244,0.017987369770137818
111.19955,111.24954,0.049989999999993984,-39.648294768269196,-5.022920913742329,5.827433102131919,5.963273813674865,-39.45388176823261,-5.086249141728617,5.837189155607802,5.973029867150748,-40.79411853254851,-0.11895787982830322,6.606701191742042,-53.747477797748004,-8.060165711432349,5.815475415061782,0.09997999500098796,0.0,0.014375592806298269,0.10980385,-0.036186963,0.0060296827,5.144921482877572,14.599694079621552,0.7695120361342402,0.021713740546020155
111.24954,111.299545,0.050004999999998745,-39.45388176823261,-5.086249141728617,5.837189155607802,5.973029867150748,-39.40551558720347,-5.1016466020256885,5.84006895191238,5.975909663455326,-40.70447577865335,-0.07461629918563442,6.620348581344541,-53.65468692631274,-8.129278656207802,5.822623849461782,0.10000999499949749,0.0,0.013647389602499657,0.11024548,-0.03510953,0.0071484344,5.192141296675551,14.56727289875508,0.7802796294321617,0.017445102450597716
111.299545,111.34955,0.050004999999998745,-39.40551558720347,-5.1016466020256885,5.84006895191238,5.975909663455326,-39.30146451762121,-5.134225483219533,5.845654452715548,5.981495164258495,-40.615446500707684,-0.029055496204632908,6.634362228569141,-53.56064150667439,-8.19785489613897,5.828709501861782,0.10000999499949749,0.0,0.014013647224599649,0.11100944,-0.034987796,0.0060856524,5.271556624773519,14.584579307777405,0.7887077758535925,0.016944950853766017
111.34955,111.39954,0.049990000000008195,-39.30146451762121,-5.134225483219533,5.845654452715548,5.981495164258495,-39.186588075870176,-5.169599622094038,5.852173320569385,5.988014032112331,-40.52709092860352,0.017734377470648224,6.648371672119943,-53.466689491378204,-8.264817600305895,5.835094594461783,0.09997999500101638,0.0,0.014009443550802298,0.110200286,-0.034159653,0.0063850926,5.357740374563329,14.611696368657553,0.796198351550558,0.017078726107602193
111.39954,111.44955,0.05001000000000033,-39.186588075870176,-5.169599622094038,5.852173320569385,5.988014032112331,-39.085225915392186,-5.200047185399793,5.857866653284293,5.993707364827239,-40.4393644219554,0.06577664459989092,6.663485607302543,-53.370553114814825,-8.331444678404896,5.842875033261783,0.10001999499900066,0.0,0.015113935182600102,0.11195556,-0.033872157,0.0077804388,5.437149225793771,14.62450763115678,0.8056189540182501,0.014991620022509977
111.44955,111.49954,0.049989999999993984,-39.085225915392186,-5.200047185399793,5.857866653284293,5.993707364827239,-38.88689619960391,-5.2577548650767465,5.869395162781775,6.005235874324721,-40.352408804117445,0.11511952581710677,6.678593498119941,-53.27513029136381,-8.395395825574822,5.848093448261783,0.09997999500098796,0.0,0.015107890817398183,0.11020569,-0.032403246,0.005218415,5.569156705849732,14.726373317157115,0.8091983353381664,0.021301714519991855
111.49954,111.549545,0.050004999999998745,-38.88689619960391,-5.2577548650767465,5.869395162781775,6.005235874324721,-38.76560488111549,-5.29184753192818,5.87630483964095,6.012145551183896,-40.26618268308351,0.16578564024519157,6.69370592221124,-53.17798304752748,-8.458192396567142,5.8554432979617825,0.10000999499949749,0.0,0.015112424091299622,0.111342505,-0.03136627,0.0073498497,5.66016727506938,14.756096510035931,0.8174010825702904,0.020861541679167317
111.549545,111.69955,0.15000500000000727,-38.76560488111549,-5.29184753192818,5.87630483964095,6.012145551183896,-38.56659045182694,-5.345714126312341,5.8882719223362106,6.024112633879157,-40.0098479229996,0.32166534345293685,6.736842765558093,-53.08011852383113,-8.519523912595714,5.862536049561783,0.30000998499951453,0.0,0.04313684334685209,0.111374296,-0.030574271,0.0070927516,5.8482631765689765,14.856499104983039,0.8485708432218821,0.025735872774427904
111.69955,111.74954,0.049989999999993984,-38.56659045182694,-5.345714126312341,5.8882719223362106,6.024112633879157,-38.43094424825275,-5.380994574939626,5.895101763057241,6.030942474600187,-39.926742574234844,0.3772486179794168,6.750119911097791,-52.98125024466207,-8.578952384744218,5.868584454561782,0.09997999500098796,0.0,0.013277145539698401,0.111583255,-0.029255036,0.006048405,5.949350998286227,14.897595065729073,0.8550181480405499,0.026517308495458636
111.74954,111.799545,0.050004999999998745,-38.43094424825275,-5.380994574939626,5.895101763057241,6.030942474600187,-38.30290615566494,-5.413584791209553,5.901389628491044,6.03723034003399,-39.844357802958875,0.43394737071354056,6.76376730070029,-52.881463249078934,-8.637151879160209,5.874440893561783,0.10000999499949749,0.0,0.013647389602499657,0.11194935,-0.028495064,0.005856439,6.047289108821419,14.930696959500922,0.862377672209246,0.02694873492926142
111.799545,111.84955,0.050004999999998745,-38.30290615566494,-5.413584791209553,5.901389628491044,6.03723034003399,-38.23706822051478,-5.430030975030824,5.904342316080782,6.040183027623728,-39.76275446964572,0.491765145592742,6.777414690302789,-52.78070029096476,-8.694346041461339,5.880772846361783,0.10000999499949749,0.0,0.013647389602499657,0.11244943,-0.027919019,0.0063319528,6.115176843315291,14.905468347339726,0.8730723742220077,0.02356946971899898
111.84955,111.89954,0.049990000000008195,-38.23706822051478,-5.430030975030824,5.904342316080782,6.040183027623728,-38.10031112467244,-5.463153749749372,5.91091400551651,6.046754717059456,-39.681972012366835,0.5506734981107703,6.7914241338535914,-52.67914732481974,-8.750885599388498,5.8869496493617826,0.09997999500101638,0.0,0.014009443550802298,0.11286006,-0.027790887,0.006176803,6.218341364927413,14.944953852918278,0.8805101283370815,0.023964356154727362
111.89954,111.94955,0.05001000000000033,-38.10031112467244,-5.463153749749372,5.91091400551651,6.046754717059456,-37.97114681828953,-5.493918655733861,5.918025853854802,6.053866565397748,-39.60199074245644,0.610731768674615,6.805072888058591,-52.577563786946705,-8.80573070899006,5.892146921961783,0.10001999499900066,0.0,0.01364875420500009,0.112279534,-0.02684227,0.0051972726,6.318734739583763,14.977166478956198,0.887047034203789,0.025878931893019264
111.94955,111.99954,0.049989999999993984,-37.97114681828953,-5.493918655733861,5.918025853854802,6.053866565397748,-37.83131168113269,-5.525780213649851,5.925891736244137,6.061732447787083,-39.52286827266682,0.6718516032194558,6.8187161838535895,-52.47469871960466,-8.85968503397839,5.8995266449617825,0.09997999500098796,0.0,0.013643295794998359,0.11315367,-0.026240012,0.007379723,6.424329057561833,15.018112574804427,0.8928244476094527,0.026365091282354314
111.99954,112.049545,0.050004999999998745,-37.83131168113269,-5.525780213649851,5.925891736244137,6.061732447787083,-37.68075141365813,-5.559080996547488,5.93411305358128,6.069953765124226,-39.44456352771,0.7340638690281143,6.832363573456089,-52.37080706660788,-8.91207805887486,5.905700871261782,0.10000999499949749,0.0,0.013647389602499657,0.1135692,-0.02530892,0.0061742263,6.535648818043753,15.067857325669664,0.898250519874809,0.028412182319497603
112.049545,112.09955,0.050004999999998745,-37.68075141365813,-5.559080996547488,5.93411305358128,6.069953765124226,-37.63783569999355,-5.568313875694958,5.936816367606003,6.072657079148949,-39.367115083492195,0.7973389635601704,6.845644702936238,-52.26591505698067,-8.963090695053292,5.913263656261782,0.10000999499949749,0.0,0.013281129480149666,0.11405174,-0.024429968,0.007562785,6.5963583329069015,15.016831068090406,0.9088283353302353,0.023552711344220434
112.09955,112.14954,0.049990000000008195,-37.63783569999355,-5.568313875694958,5.936816367606003,6.072657079148949,-37.42655811570711,-5.612192252595342,5.947120330594862,6.082961042137808,-39.29053678778036,0.8616177627576821,6.85928799873124,-52.16240150051361,-9.012070679734906,5.920018309261782,0.09997999500101638,0.0,0.013643295795002237,0.11205139,-0.023634324,0.006754653,6.736811753702866,15.122971056669867,0.9121676681363784,0.027102021333079485
112.14954,112.19955,0.05001000000000033,-37.42655811570711,-5.612192252595342,5.947120330594862,6.082961042137808,-37.329610191964264,-5.631569316148113,5.951889804105801,6.087730515648747,-39.2148122828008,0.9269614598156235,6.8751345244026405,-52.05674109958723,-9.059809857823128,5.925442135861783,0.10001999499900066,0.0,0.015846525671400106,0.11370116,-0.022697922,0.0054238266,6.824097952298013,15.1208868120176,0.9232447202968395,0.026447668244018452
112.19955,112.24954,0.049989999999993984,-37.329610191964264,-5.631569316148113,5.951889804105801,6.087730515648747,-37.261315809417894,-5.644928285655004,5.95562078820423,6.091461499747176,-39.14016257839426,0.993470263987804,6.890974712731238,-51.950738726013626,-9.106239745625997,5.931062468861783,0.09997999500098796,0.0,0.015840188328598095,0.11362181,-0.02196183,0.005620333,6.899159404245757,15.091713708043045,0.9353539245270088,0.024558319342446566
112.24954,112.299545,0.050004999999998745,-37.261315809417894,-5.644928285655004,5.95562078820423,6.091461499747176,-37.162880525834545,-5.663706653431477,5.961058124136968,6.096898835679914,-39.066553626479255,1.0611734492730889,6.906819654066938,-51.84393404612321,-9.151854290249492,5.937564690861783,0.10000999499949749,0.0,0.0158449413356996,0.114105225,-0.02163155,0.006502222,6.989133255981747,15.089748387624601,0.9457615299299702,0.023493433275184827
112.299545,112.34955,0.050004999999998745,-37.162880525834545,-5.663706653431477,5.961058124136968,6.096898835679914,-37.05500853349683,-5.683698606394087,5.966660288348666,6.102500999891612,-38.99402662269408,1.130034416603967,6.922664595402638,-51.73691589974286,-9.196067947144341,5.943810869261783,0.10000999499949749,0.0,0.0158449413356996,0.11387922,-0.020958396,0.0062461784,7.084260643068432,15.096196285716207,0.9560043070539717,0.022849419086883316
112.34955,112.39954,0.049990000000008195,-37.05500853349683,-5.683698606394087,5.966660288348666,6.102500999891612,-36.99036561151318,-5.695310344451725,5.97048841452089,6.106329126063836,-38.922621201356,1.200014879619975,6.93850478373124,-51.629424379521005,-9.239058923217884,5.950595235261782,0.09997999500101638,0.0,0.015840188328602595,0.11396255,-0.020376166,0.006784366,7.160944184267762,15.061878886868465,0.9680163692103498,0.01989317925910772
112.39954,112.44955,0.05001000000000033,-36.99036561151318,-5.695310344451725,5.97048841452089,6.106329126063836,-36.839634282865,-5.721409985300481,5.979561483904928,6.115402195447874,-38.852305074585146,1.2711460381621036,6.95435130940264,-51.52166033357077,-9.28098733873262,5.958040977661782,0.10001999499900066,0.0,0.015846525671400106,0.113881245,-0.02005352,0.0074457424,7.2764471727008555,15.107365087554808,0.9747898254977123,0.02152050624314583
112.44955,112.59955,0.14999999999999147,-36.839634282865,-5.721409985300481,5.979561483904928,6.115402195447874,-36.46616383478191,-5.780582850032355,5.999768201536015,6.135608913078961,-38.64480608305791,1.487812047298674,7.001881380402637,-51.41317140937022,-9.321215416851519,5.964817554961782,0.2999999849999829,0.0,0.047530070999997294,0.114120744,-0.019094521,0.0067765773,7.587888140287839,15.360635221501123,1.0021131788666224,0.034950646574232636
112.59955,112.64954,0.049990000000008195,-36.46616383478191,-5.780582850032355,5.999768201536015,6.135608913078961,-36.386472896617576,-5.792230054885016,6.0041543214462845,6.139995032989231,-38.57916242089265,1.56322364466895,7.0162569732089395,-51.30347797639144,-9.358414664421668,5.970495449661782,0.09997999500101638,0.0,0.014375592806302356,0.11462345,-0.016670272,0.0056778947,7.675323216396022,15.337363307273366,1.012102651762655,0.03365887178450233
112.64954,112.69955,0.05001000000000033,-36.386472896617576,-5.792230054885016,6.0041543214462845,6.139995032989231,-36.24689973495595,-5.811730974753543,6.010923795780598,6.146764507323544,-38.51458376427422,1.6396016291210065,7.030272021658139,-51.193293157848,-9.394561996335867,5.977017565961782,0.10001999499900066,0.0,0.014015048449200094,0.11482561,-0.016198862,0.0065221163,7.788757823323884,15.369819598195782,1.0193482258775415,0.033906229818815525
112.69955,112.74954,0.049989999999993984,-36.24689973495595,-5.811730974753543,6.010923795780598,6.146764507323544,-36.179056003431846,-5.820974103870759,6.014084948149225,6.149925659692172,-38.451107251667075,1.7168462518958818,7.044647614464438,-51.08231053452433,-9.429454862849823,5.982991749961783,0.09997999500098796,0.0,0.014375592806298269,0.11529114,-0.015575874,0.005974184,7.872798269384094,15.33388825466166,1.0305626663152125,0.031093198187442717
112.74954,112.799545,0.050004999999998745,-36.179056003431846,-5.820974103870759,6.014084948149225,6.149925659692172,-36.02612933355848,-5.840841979176277,6.021077878779242,6.156918590322189,-38.388728985289426,1.7950188237067057,7.059393778933438,-50.97094836073598,-9.46325292153557,5.988358661561783,0.10000999499949749,0.0,0.01474616446899963,0.11539134,-0.015122208,0.0053669116,7.993012405555488,15.377564072063269,1.0383159001541955,0.032719217217459295
112.799545,112.84955,0.050004999999998745,-36.02612933355848,-5.840841979176277,6.021077878779242,6.156918590322189,-35.946195797846656,-5.850778965043615,6.025569981079727,6.161410692622673,-38.327510204670176,1.8741027032226458,7.075238720269137,-50.86007165651025,-9.495322069325258,5.994093234261783,0.10000999499949749,0.0,0.0158449413356996,0.114555456,-0.014111034,0.0057345727,8.083591719827355,15.352732250859964,1.0496687391894106,0.03147674681794399
112.84955,112.89954,0.049990000000008195,-35.946195797846656,-5.850778965043615,6.025569981079727,6.161410692622673,-35.84954592845129,-5.862339018304743,6.029965837012706,6.165806548555652,-38.267570121370795,1.9541226120857929,7.09107890859774,-50.74768415118293,-9.526697178087849,6.000418762261782,0.09997999500101638,0.0,0.015840188328602595,0.1158598,-0.013851193,0.006325528,8.181926021231888,15.342165532505065,1.0611130715850337,0.029547074750923663
112.89954,112.94955,0.05001000000000033,-35.84954592845129,-5.862339018304743,6.029965837012706,6.165806548555652,-35.71897394324482,-5.8770220667200785,6.037224514347754,6.1730652258907,-38.20888156443641,2.0351142948968026,7.10692543426914,-50.63634920526367,-9.556558345569997,6.006298961261782,0.10001999499900066,0.0,0.015846525671400106,0.11450701,-0.013240248,0.005880199,8.29466947906232,15.36447434620738,1.0697009199213863,0.030925553085971558
112.94955,112.99954,0.049989999999993984,-35.71897394324482,-5.8770220667200785,6.037224514347754,6.1730652258907,-35.59845718858007,-5.890021336353346,6.0436459059868195,6.179486617529766,-38.15150671365757,2.116993021673072,7.122765622597738,-50.52388096901467,-9.585182113070996,6.012160455261783,0.09997999500098796,0.0,0.015840188328598095,0.11537526,-0.012528911,0.005861494,8.404185909839194,15.376036166429735,1.0791197166109185,0.031485450725036834
112.99954,113.049545,0.050004999999998745,-35.59845718858007,-5.890021336353346,6.0436459059868195,6.179486617529766,-35.47841106292975,-5.901686440417057,6.052931731716534,6.18877244325948,-38.095419156365594,2.1997951050817606,7.141907982642338,-50.411757254642744,-9.61232831458156,6.0201585962617825,0.10000999499949749,0.0,0.01914236004459952,0.114759326,-0.01178731,0.007998141,8.513679262995911,15.38745240772013,1.0889762509258043,0.032773135454751134
113.049545,113.09955,0.050004999999998745,-35.47841106292975,-5.901686440417057,6.052931731716534,6.18877244325948,-35.349180554124935,-5.913038486927764,6.062664957312944,6.198505668855891,-38.04092680533477,2.2836556010195572,7.161050342686938,-50.29890320769551,-9.637476277215479,6.029611960261782,0.10000999499949749,0.0,0.01914236004459952,0.11513235,-0.010630048,0.009453364,8.627357176580368,15.406675315343167,1.0983853853739936,0.03305299705116216
113.09955,113.14954,0.049990000000008195,-35.349180554124935,-5.913038486927764,6.062664957312944,6.198505668855891,-35.22583825548079,-5.923028000741002,6.071960918284772,6.207801629827718,-37.98806548915189,2.3685183175198983,7.180186960597741,-50.18566788794624,-9.660393447021086,6.038547845261782,0.09997999500101638,0.0,0.019136617910803136,0.11514332,-0.00945781,0.008935885,8.739544589868526,15.419610990924502,1.1082260423129693,0.03341307302298979
113.14954,113.19955,0.05001000000000033,-35.22583825548079,-5.923028000741002,6.071960918284772,6.207801629827718,-35.11188431692643,-5.931070062714582,6.08179864684315,6.217639358386096,-37.93681724291169,2.4544113711208944,7.198964938942441,-50.07184386460443,-9.681175893795839,6.047136594261782,0.10001999499900066,0.0,0.018777978344700127,0.11540764,-0.008300302,0.008588749,8.848533489427222,15.422829941760751,1.1171662920992915,0.034662052581367675
113.19955,113.24954,0.049989999999993984,-35.11188431692643,-5.931070062714582,6.08179864684315,6.217639358386096,-35.06025719834791,-5.934335771289028,6.086490312650285,6.222331024193231,-37.887210681499404,2.5412168344584467,7.21663696133094,-49.95799178597806,-9.699872286662789,6.057682729261782,0.09997999500098796,0.0,0.017672022388497872,0.11515132,-0.0072127953,0.010546135,8.934576541095563,15.366253970701015,1.1301466486806548,0.028807583388502422
113.24954,113.299545,0.050004999999998745,-35.06025719834791,-5.934335771289028,6.086490312650285,6.222331024193231,-34.9187189880904,-5.941694596939353,6.098467953501846,6.234308665044792,-37.83913139186128,2.628911651909039,7.2335817691422895,-49.84468522347425,-9.71666279920033,6.067614028261782,0.10000999499949749,0.0,0.016944807811349577,0.11435487,-0.006577395,0.009931299,9.054507169410046,15.395936249150303,1.1351138156404437,0.030853925240063695
113.299545,113.34955,0.050004999999998745,-34.9187189880904,-5.941694596939353,6.098467953501846,6.234308665044792,-34.730309821294064,-5.949448041862228,6.114339248210594,6.25017995975354,-37.79254490519582,2.7174085352438104,7.249794060209289,-49.729968390034685,-9.730973901787822,6.077357032261782,0.10000999499949749,0.0,0.016212291066999594,0.115492225,-0.0051288884,0.009743004,9.191935956979083,15.468991402417933,1.1354548119986951,0.03698221594881179
113.34955,113.39954,0.049990000000008195,-34.730309821294064,-5.949448041862228,6.114339248210594,6.25017995975354,-34.60081194711307,-5.952801129767453,6.125151736042796,6.260992447585743,-37.74741275748871,2.80662225976951,7.2660014880752914,-49.61437629505925,-9.74253037824092,6.088114138261782,0.09997999500101638,0.0,0.016207427866002655,0.11611726,-0.0034447785,0.010757106,9.307448349414775,15.484481334764036,1.1408497520324952,0.037037597781014675
113.39954,113.44955,0.05001000000000033,-34.60081194711307,-5.952801129767453,6.125151736042796,6.260992447585743,-34.42378186696682,-5.955593917620417,6.138627891334297,6.274468602877243,-37.703714923388794,2.896591691770477,7.282215400209291,-49.49812087507211,-9.751695158284928,6.097700842261782,0.10001999499900066,0.0,0.016213912134000107,0.11659407,-0.0022668724,0.009586704,9.440294005893929,15.544969641676998,1.1435875088749947,0.040927049072514876
113.44955,113.49954,0.049989999999993984,-34.42378186696682,-5.955593917620417,6.138627891334297,6.274468602877243,-34.38626347271761,-5.955849904913006,6.141321894080018,6.277162605622964,-37.661498415577064,2.9872215205719255,7.29695714127129,-49.38384455231935,-9.758093766247804,6.104834712261781,0.09997999500098796,0.0,0.014741741061998225,0.114453055,-0.00071994925,0.00713387,9.5239535095596,15.4720553456962,1.155635247191272,0.03648718181823618
113.49954,113.549545,0.050004999999998745,-34.38626347271761,-5.955849904913006,6.141321894080018,6.277162605622964,-34.326520773904974,-5.9560876152624065,6.144600281131698,6.280440992674644,-37.620610222752106,3.0784912022154396,7.310970788495889,-49.27040199202391,-9.763454716490164,6.111925621261782,0.10000999499949749,0.0,0.014013647224599649,0.1135679,-0.0005351294,0.007090909,9.616373521563387,15.421272000219679,1.1663705073641912,0.032674659869916134
113.549545,113.59955,0.050004999999998745,-34.326520773904974,-5.9560876152624065,6.144600281131698,6.280440992674644,-34.23805506545142,-5.956023158426921,6.150715953696849,6.286556665239796,-37.581005023978705,3.1703248960860377,7.324251917976039,-49.15596302454215,-9.767665969307846,6.118834595261782,0.10000999499949749,0.0,0.013281129480149666,0.11451632,-0.00015614815,0.006908974,9.719338621394465,15.397162037000289,1.1735359642791892,0.031881358435067675
113.59955,113.64954,0.049990000000008195,-34.23805506545142,-5.956023158426921,6.150715953696849,6.286556665239796,-34.091248913974084,-5.954648618932472,6.159982837409759,6.295823548952705,-37.54263445090115,3.262648774482165,7.33643061674904,-49.04043008583287,-9.770400673610823,6.127257761261782,0.09997999500101638,0.0,0.012178698773001996,0.115563944,0.00055980496,0.008423166,9.842288014641593,15.428479557358825,1.1764477793392816,0.03272507614797693
113.64954,113.69955,0.05001000000000033,-34.091248913974084,-5.954648618932472,6.159982837409759,6.295823548952705,-33.932704333134815,-5.951836454284175,6.168749447901871,6.3045901594448175,-37.50537617994513,3.355470219444891,7.349346779465041,-48.92508532401004,-9.771096255558108,6.133585868261782,0.10001999499900066,0.0,0.012916162716000086,0.115335464,0.0016213137,0.006328107,9.969450418344667,15.47120658530497,1.1805973315631695,0.03516357964008954
113.69955,113.84955,0.14999999999999147,-33.932704333134815,-5.951836454284175,6.168749447901871,6.3045901594448175,-33.590095108463515,-5.941039325915916,6.187698098897856,6.323538810440803,-37.3972289106007,3.6352990227038373,7.388087519465039,-48.80976795887522,-9.770018333363392,6.139802924661781,0.2999999849999829,0.0,0.038740739999997796,0.11529162,0.0026643903,0.0062170564,10.305363843873774,15.69393264650491,1.2003894205671823,0.04789517423607492
113.84955,113.89954,0.049990000000008195,-33.590095108463515,-5.941039325915916,6.187698098897856,6.323538810440803,-33.48326616430441,-5.936408314124609,6.193632661709558,6.329473373252505,-37.364826039151794,3.729882601205968,7.39953283194464,-48.69387930522183,-9.765839116324306,6.145406994361782,0.09997999500101638,0.0,0.011445312479601876,0.11585384,0.005053084,0.0056040697,10.416510314007647,15.685257166890361,1.2059001702350818,0.04822566734777656
113.89954,113.94955,0.05001000000000033,-33.48326616430441,-5.936408314124609,6.193632661709558,6.329473373252505,-33.35324975462161,-5.929630364059481,6.200843544073712,6.3366842556166585,-37.33349527516703,3.8248688245635236,7.40988383723174,-48.57781980694235,-9.760344474401162,6.1517933349617815,0.10001999499900066,0.0,0.01035100528710007,0.116048634,0.0057195085,0.0063863406,10.535302977355173,15.699105193392155,1.2090402931580275,0.0490502091119307
113.94955,113.99954,0.049989999999993984,-33.35324975462161,-5.929630364059481,6.200843544073712,6.3366842556166585,-33.21943070422464,-5.922204628989938,6.207654082924096,6.343494794467042,-37.303161510884074,3.9201361439591262,7.419864554189038,-48.46210216889965,-9.753380443578838,6.158273027961782,0.09997999500098796,0.0,0.009980716957298798,0.115747474,0.006449166,0.006479693,10.655915220764234,15.71677261724902,1.2122104712649424,0.04938105496231415
113.99954,114.049545,0.050004999999998745,-33.21943070422464,-5.922204628989938,6.207654082924096,6.343494794467042,-33.14794967916949,-5.917746404054716,6.210668408414152,6.346509119957099,-37.273771261604026,4.015730141401728,7.429848265960388,-48.34491261503881,-9.744897440402358,6.1655283823617815,0.10000999499949749,0.0,0.009983711771349749,0.11727526,0.007201824,0.0072553544,10.75622424502278,15.671463477582511,1.2191798575462354,0.045140026052370885
114.049545,114.09955,0.050004999999998745,-33.14794967916949,-5.917746404054716,6.210668408414152,6.346509119957099,-33.02559084846998,-5.909703247443462,6.215054481848389,6.350895193391335,-37.24533684410403,4.111612793645164,7.439831977731737,-48.22884113607275,-9.735286149751452,6.169812355861781,0.10000999499949749,0.0,0.009983711771349749,0.11622705,0.007499199,0.0042839735,10.873501343313928,15.677177802459374,1.2247774958833482,0.04524212598660782
114.09955,114.14954,0.049990000000008195,-33.02559084846998,-5.909703247443462,6.215054481848389,6.350895193391335,-32.90939933602761,-5.9014719603083385,6.220561136208365,6.356401847751311,-37.217869334448196,4.207745698072887,7.447615801155639,-48.11403073293052,-9.72467143511901,6.174752727361781,0.09997999500101638,0.0,0.007783823423901276,0.115019895,0.00803272,0.0049403715,10.98904888476783,15.67793577419803,1.227054664947274,0.045808408846583326
114.14954,114.19955,0.05001000000000033,-32.90939933602761,-5.9014719603083385,6.220561136208365,6.356401847751311,-32.77962903533527,-5.891571821485716,6.225154291279954,6.3609950028229,-37.191140241385476,4.304128035581606,7.454669058024939,-47.9978225050722,-9.712725179692068,6.180653825661781,0.10001999499900066,0.0,0.007053256869300047,0.116491966,0.008757117,0.0059010983,11.109173087881436,15.690590348016721,1.2295147667449848,0.04450046561817267
114.19955,114.24954,0.049989999999993984,-32.77962903533527,-5.891571821485716,6.225154291279954,6.3609950028229,-32.66435855297557,-5.882403187007286,6.228427801853904,6.36426851339685,-37.1651020342991,4.400657881598912,7.460987196144538,-47.88220411173701,-9.699629380886346,6.184030200861781,0.09997999500098796,0.0,0.00631813811959924,0.11599039,0.009238087,0.0033763752,11.224884713232502,15.689296965305733,1.232559394290634,0.044397600992122754
114.24954,114.299545,0.050004999999998745,-32.66435855297557,-5.882403187007286,6.228427801853904,6.36426851339685,-32.522153911600824,-5.870776657406424,6.228803229514582,6.364643941057528,-37.13966660189429,4.497379326367792,7.466574712840338,-47.76539115393583,-9.685618324777629,6.187185180661781,0.10000999499949749,0.0,0.00558751669579986,0.11724825,0.009717236,0.0031549798,11.349893477424988,15.713347783754434,1.2377714833257567,0.041618048852800626
114.299545,114.34955,0.050004999999998745,-32.522153911600824,-5.870776657406424,6.228803229514582,6.364643941057528,-32.365768817320834,-5.858008305286036,6.229628936447408,6.365469647990354,-37.114771996415314,4.594241381465985,7.469598418330653,-47.648669312267515,-9.671262560683378,6.187289788491781,0.10000999499949749,0.0,0.0030237054903149243,0.11720101,0.009695336,0.00010460783,11.48052937408625,15.751442967383891,1.2399694818832456,0.042339147955626544
114.34955,114.39954,0.049990000000008195,-32.365768817320834,-5.858008305286036,6.229628936447408,6.365469647990354,-32.23350970520277,-5.846723177799124,6.2348393949071195,6.370680106450066,-37.090177766365855,4.69114918945212,7.474085812172354,-47.53130823255797,-9.656681219752592,6.190190967491781,0.09997999500101638,0.0,0.004487393841700736,0.11784976,0.009882945,0.002901179,11.603188298256601,15.765101333800452,1.2392464172652344,0.044648427415338254
114.39954,114.44955,0.05001000000000033,-32.23350970520277,-5.846723177799124,6.2348393949071195,6.370680106450066,-32.2172435814098,-5.8452899139462,6.235293587705229,6.371134299248175,-37.06600898039939,4.7882052000053426,7.477476115347404,-47.41199570525041,-9.64085278305069,6.194915571491781,0.10001999499900066,0.0,0.0033903031750500225,0.11988101,0.010703365,0.004724604,11.686819252169087,15.661634320794354,1.242182527642175,0.04037801621344794
114.44955,114.49954,0.049989999999993984,-32.2172435814098,-5.8452899139462,6.235293587705229,6.371134299248175,-32.06987902465756,-5.832042888844001,6.237852747948902,6.373693459491848,-37.04217891593564,4.885303744938061,7.480865062672353,-47.29318647050683,-9.624470392106021,6.197957163691781,0.09997999500098796,0.0,0.003388947324949592,0.11945386,0.010714118,0.0030415922,11.814621664591874,15.688581706398704,1.243012314723451,0.039895584257121364
114.49954,114.549545,0.050004999999998745,-32.06987902465756,-5.832042888844001,6.237852747948902,6.373693459491848,-32.002227117660354,-5.825905302532133,6.237844398827197,6.373685110370143,-37.01867099786944,4.982511650419008,7.483888768162668,-47.17514804438634,-9.607613881052123,6.199471228091781,0.10000999499949749,0.0,0.0030237054903149243,0.11874006,0.010863248,0.0015140644,11.915812445323603,15.637098491137383,1.246044369335471,0.03837317073541602
114.549545,114.59955,0.050004999999998745,-32.002227117660354,-5.825905302532133,6.237844398827197,6.373685110370143,-31.86159294208491,-5.813171507561144,6.2377032492467706,6.373543960789717,-36.99545711489682,5.079790192436932,7.487278732375193,-47.05629185005974,-9.590485773411293,6.200241664691781,0.10000999499949749,0.0,0.003389964212524915,0.11958718,0.010912075,0.0007704366,12.04214166759828,15.657170177493972,1.2495754831284227,0.03746158455498971
114.59955,114.64954,0.049990000000008195,-31.86159294208491,-5.813171507561144,6.2377032492467706,6.373543960789717,-31.733868406975567,-5.801363656866961,6.240256539121222,6.376097250664168,-36.97257999996125,5.177117665498898,7.492132275172454,-46.93806099609619,-9.573327893806194,6.201039996091781,0.09997999500101638,0.0,0.004853542797260796,0.11897266,0.010882731,0.0007983314,12.164339328546314,15.665094525467092,1.2518757360512325,0.039216543029440665
114.64954,114.69955,0.05001000000000033,-31.733868406975567,-5.801363656866961,6.240256539121222,6.376097250664168,-31.568886295110747,-5.785583873834044,6.246637927022625,6.382478638565571,-36.95016657210463,5.274594009558963,7.4980866458084545,-46.818749424932086,-9.555503710159392,6.203568041391781,0.10001999499900066,0.0,0.00595437063600004,0.12009623,0.01139509,0.0025280453,12.299825699247089,15.708934433964757,1.2514487187858299,0.04306988563084335
114.69955,114.74954,0.049989999999993984,-31.568886295110747,-5.785583873834044,6.246637927022625,6.382478638565571,-31.524624578860873,-5.781150909618544,6.247692558063329,6.383533269606275,-36.92834267972991,5.372163047281051,7.506602767243454,-46.698495371804036,-9.536352089530608,6.207650616391781,0.09997999500098796,0.0,0.008516121434998974,0.12114024,0.012363823,0.004082575,12.393408793985252,15.631631096675308,1.258910209180125,0.0400419416715474
114.74954,114.799545,0.050004999999998745,-31.524624578860873,-5.781150909618544,6.247692558063329,6.383533269606275,-31.40312605648702,-5.768742747549368,6.2498343993647545,6.385675110907701,-36.90734417954181,5.4699437309033785,7.5151214440259535,-46.57728521409266,-9.516400015093318,6.210992985991782,0.10000999499949749,0.0,0.008518676782499787,0.122192316,0.012610532,0.0033423696,12.51417160291169,15.63010048385237,1.265287044661199,0.038841413372972866
114.799545,114.84955,0.050004999999998745,-31.40312605648702,-5.768742747549368,6.2498343993647545,6.385675110907701,-31.261572850556313,-5.753869227907787,6.2544229310027974,6.390263642545744,-36.88717939322216,5.5678997439525135,7.526203932163953,-46.45617557300485,-9.495708779789398,6.213926753591782,0.10000999499949749,0.0,0.011082488137999722,0.122180484,0.012946108,0.0029337676,12.642385124060391,15.6485563271845,1.2717810011611554,0.040496177411015744
114.84955,114.89954,0.049990000000008195,-31.261572850556313,-5.753869227907787,6.2544229310027974,6.390263642545744,-31.15808081174326,-5.742406483080881,6.259810639223473,6.395651350766419,-36.86810714217516,5.666043763843709,7.536184649121255,-46.33592322018128,-9.474361633728993,6.220207345591782,0.09997999500101638,0.0,0.009980716957301636,0.12140619,0.013299099,0.006280592,12.75763056883132,15.62991968699227,1.2763740098977818,0.03960329363169102
114.89954,114.94955,0.05001000000000033,-31.15808081174326,-5.742406483080881,6.259810639223473,6.395651350766419,-31.083870581381856,-5.733807028488874,6.2636348594235365,6.399475570966483,-36.850008134323936,5.764412586721699,7.546169359163955,-46.21654378762869,-9.451865244442436,6.226168790591782,0.10001999499900066,0.0,0.009984710042700067,0.12070038,0.01374608,0.005961445,12.863024395493545,15.58273901675442,1.2825344997404189,0.03746606883175474
114.94955,114.99954,0.049989999999993984,-31.083870581381856,-5.733807028488874,6.2636348594235365,6.399475570966483,-30.891457434365357,-5.710336638437557,6.273091426928372,6.408932138471318,-36.83289904151056,5.86291780660116,7.556882373632454,-46.09817794525616,-9.428378137004161,6.2325143825917815,0.09997999500098796,0.0,0.01071301446849871,0.11984775,0.014093746,0.006345592,13.009263884660214,15.654653662135438,1.283790946704082,0.04057704433659026
114.99954,115.049545,0.050004999999998745,-30.891457434365357,-5.710336638437557,6.273091426928372,6.408932138471318,-30.7770853028298,-5.695557121196156,6.277715568755794,6.4135562802987405,-36.81684138132565,5.961630271108867,7.567598602648204,-45.98087887303748,-9.403107800007277,6.237535816591781,0.10000999499949749,0.0,0.01071622901574973,0.11902356,0.015200475,0.005021434,13.128924989771356,15.649321741258989,1.2898830338924094,0.04017975216401304
115.049545,115.09955,0.050004999999998745,-30.7770853028298,-5.695557121196156,6.277715568755794,6.4135562802987405,-30.628071829642874,-5.675369563655389,6.285159808009607,6.421000519552553,-36.801842448273355,6.060509141991843,7.5783148316639535,-45.8651511230512,-9.376987133205105,6.2433182725917815,0.10000999499949749,0.0,0.01071622901574973,0.11761004,0.015591018,0.005782456,13.260704832139547,15.680260138939401,1.2931550236543465,0.041841535417825426
115.09955,115.14954,0.049990000000008195,-30.628071829642874,-5.675369563655389,6.285159808009607,6.421000519552553,-30.510235972098897,-5.658703102564749,6.290830825957129,6.426671537500075,-36.78790814590506,6.159513357144088,7.590127381681356,-45.750727547376684,-9.349479949330167,6.248796014891782,0.09997999500101638,0.0,0.011812550017401937,0.11653292,0.016415797,0.0054777423,13.382055455359353,15.681020923037277,1.2992965557242266,0.042034811065347455
115.14954,115.19955,0.05001000000000033,-30.510235972098897,-5.658703102564749,6.290830825957129,6.426671537500075,-30.3255835248706,-5.631105615068298,6.299186116940759,6.435026828483705,-36.77513917417467,6.258714933545619,7.603776135886355,-45.63689338047866,-9.32073443064588,6.254985168391782,0.10001999499900066,0.0,0.01364875420500009,0.11616013,0.017068878,0.0061891535,13.526440801323597,15.749589527704556,1.3045900189455963,0.04420094854897716
115.19955,115.24954,0.049989999999993984,-30.3255835248706,-5.631105615068298,6.299186116940759,6.435026828483705,-30.243728950238502,-5.618356594742581,6.302845612249052,6.438686323791998,-36.76372989230276,6.358041806483233,7.613390703588154,-45.52378027420352,-9.290356906861456,6.260167468191782,0.09997999500098796,0.0,0.009614567701798844,0.11572199,0.018049648,0.0051822998,13.63614795128753,15.715074125030595,1.310545091339102,0.04267814405726966
115.24954,115.299545,0.050004999999998745,-30.243728950238502,-5.618356594742581,6.302845612249052,6.438686323791998,-30.18970972495476,-5.609731830886384,6.305330269638774,6.44117098118172,-36.75327297123207,6.457503617755303,7.622641897615053,-45.410415600716995,-9.258878176786798,6.265601885191782,0.10000999499949749,0.0,0.009251194026899768,0.11618792,0.018515585,0.005434417,13.736758491756229,15.652033618998567,1.317311627976279,0.03972838444699178
115.299545,115.34955,0.050004999999998745,-30.18970972495476,-5.609731830886384,6.305330269638774,6.44117098118172,-30.074089464961443,-5.590949204565556,6.310027293475556,6.445868005018502,-36.74373662502327,6.557057910484373,7.6318930916419525,-45.29765105603804,-9.226645380524355,6.2707060138917825,0.10000999499949749,0.0,0.009251194026899768,0.115779854,0.018703505,0.0051041287,13.858508942416007,15.651680874627623,1.3218657981663968,0.03932127958377318
115.34955,115.39954,0.049990000000008195,-30.074089464961443,-5.590949204565556,6.310027293475556,6.445868005018502,-29.944909476006647,-5.56931608503718,6.315341721780402,6.451182433323348,-36.73512425406295,6.65666627593048,7.641507659343754,-45.18574186455249,-9.193395406159816,6.275616669891782,0.09997999500101638,0.0,0.009614567701801576,0.11515012,0.019227007,0.004910656,13.985051355745055,15.665788292375737,1.3261659375633519,0.03972505188861941
115.39954,115.44955,0.05001000000000033,-29.944909476006647,-5.56931608503718,6.315341721780402,6.451182433323348,-29.832337687675835,-5.549950743177449,6.319893065241494,6.455733776784441,-36.727466895450505,6.756392723068039,7.6511260736419535,-45.07423079283243,-9.15901758743141,6.279787744291783,0.10001999499900066,0.0,0.009618414298200064,0.114992574,0.019830821,0.0041710744,14.106342414003368,15.663354331538102,1.331233008400459,0.040105320949711754
115.44955,115.49954,0.049989999999993984,-29.832337687675835,-5.549950743177449,6.319893065241494,6.455733776784441,-29.737680892863615,-5.533316055836197,6.323252672147964,6.45909338369091,-36.72077176512428,6.856148297500311,7.660740641343752,-44.96253509697562,-9.12361502777121,6.284204160291782,0.09997999500098796,0.0,0.009614567701798844,0.11539262,0.020342393,0.004416416,14.22189808333776,15.642456080946644,1.337487969195788,0.039048511856181634
115.49954,115.549545,0.050004999999998745,-29.737680892863615,-5.533316055836197,6.323252672147964,6.45909338369091,-29.59012871419116,-5.506851702330881,6.3254406248215105,6.461281336364457,-36.71503431512887,6.95599358165209,7.669259318126252,-44.850922859577004,-9.087299100441244,6.288598315291782,0.10000999499949749,0.0,0.008518676782499787,0.11552327,0.020748788,0.004394155,14.355723332342754,15.67518553378167,1.3438186933047414,0.03684230952972811
115.549545,115.59955,0.050004999999998745,-29.59012871419116,-5.506851702330881,6.3254406248215105,6.461281336364457,-29.512023868918693,-5.492776092513907,6.325726654331008,6.461567365873954,-36.710147612726296,7.055884117937707,7.675213093444252,-44.73888797350999,-9.04993829218018,6.289842455391782,0.10000999499949749,0.0,0.005953775317999851,0.11617887,0.021215934,0.0012441401,14.466577290725624,15.636840901359376,1.3494864391132442,0.03588419893922534
115.59955,115.64954,0.049990000000008195,-29.512023868918693,-5.492776092513907,6.325726654331008,6.461567365873954,-29.40151377471644,-5.472889998304817,6.325407865951393,6.461248577494339,-36.705857006669184,7.155772005592147,7.680066636241513,-44.62700219383928,-9.012346246512251,6.290898968991782,0.09997999500101638,0.0,0.004853542797260796,0.11609042,0.021321444,0.0010565136,14.588918193575722,15.631482595512761,1.3546587702901203,0.03450889695961035
115.64954,115.69955,0.05001000000000033,-29.40151377471644,-5.472889998304817,6.325407865951393,6.461248577494339,-29.279818203690226,-5.450967578052124,6.326093204273474,6.46193391581642,-36.7020497367794,7.255719512292346,7.683823234911013,-44.5151692609717,-8.974748429858078,6.292049778591783,0.10001999499900066,0.0,0.003756598669500025,0.116061404,0.021212053,0.0011508096,14.715618157002787,15.637549466913354,1.3577300306375388,0.034043425681691275
115.69955,115.74954,0.049989999999993984,-29.279818203690226,-5.450967578052124,6.326093204273474,6.46193391581642,-29.182961877212463,-5.433406293851981,6.327126824497419,6.462967536040365,-36.69861932797936,7.355640639667202,7.687212182235962,-44.40423531041815,-8.937237586493088,6.293886873791783,0.09997999500098796,0.0,0.003388947324949592,0.11518361,0.021122044,0.0018370952,14.833908061769304,15.6193469343537,1.3600853577385434,0.03323995070563601
115.74954,115.799545,0.050004999999998745,-29.182961877212463,-5.433406293851981,6.327126824497419,6.462967536040365,-29.10249579078141,-5.418720234112792,6.3283817906914175,6.464222502234364,-36.69552663795326,7.455602804350656,7.690235887726277,-44.293116076730406,-8.899369322735764,6.295566644691783,0.10000999499949749,0.0,0.0030237054903149243,0.115457706,0.02123694,0.0016797709,14.946648826570254,15.584282554869732,1.3618540970348594,0.032815145999634865
115.799545,115.84955,0.050004999999998745,-29.10249579078141,-5.418720234112792,6.3283817906914175,6.464222502234364,-28.99005132757096,-5.398062218259428,6.329373406605815,6.4652141181487615,-36.69273621775066,7.555573863437236,7.692525985713177,-44.18254903714261,-8.861401796193194,6.2978601491917825,0.10000999499949749,0.0,0.0022900979868999425,0.114961736,0.02122269,0.0022935045,15.070767805736917,15.58225618090725,1.3631525791073615,0.03151325741403266
115.84955,115.89954,0.049990000000008195,-28.99005132757096,-5.398062218259428,6.329373406605815,6.4652141181487615,-28.846701567945033,-5.371713328743068,6.3284816339620225,6.464322345504969,-36.690175516550376,7.65552106054534,7.692525985713177,-44.07158167801929,-8.822988017369571,6.299288384191782,0.09997999500101638,0.0,0.0,0.115472816,0.021340149,0.001428235,15.206213184613361,15.611158552217987,1.3640443517511542,0.029193249770240293
115.89954,115.94955,0.05001000000000033,-28.846701567945033,-5.371713328743068,6.3284816339620225,6.464322345504969,-28.76305870468735,-5.356453529236752,6.3266823224653645,6.462523034008311,-36.687613790864724,7.755508244529646,7.691335634890617,-43.96035886267631,-8.78436995713368,6.297633308891782,0.10001999499900066,0.0,-0.001190350822560008,0.11578661,0.021338467,-0.0016550753,15.320643422212104,15.579105979762025,1.3646533124252525,0.029049013573582805
115.94955,115.99954,0.049989999999993984,-28.76305870468735,-5.356453529236752,6.3266823224653645,6.462523034008311,-28.57380584258284,-5.322762392849937,6.3221805672715226,6.458021278814469,-36.684934119278424,7.855452322696324,7.6853847353086175,-43.84794394229257,-8.745740490310986,6.295116141191782,0.09997999500098796,0.0,-0.005950899581999284,0.11693151,0.021362865,-0.0025171677,15.474357660660772,15.652989291017303,1.363204168037095,0.027064426079740578
115.99954,116.049545,0.050004999999998745,-28.57380584258284,-5.322762392849937,6.3221805672715226,6.458021278814469,-28.509976409266418,-5.311496249783444,6.32019300304115,6.4560337145840965,-36.68165875896741,7.955408668741148,7.674303337279618,-43.735777434879616,-8.708079445853318,6.292133444891782,0.10000999499949749,0.0,-0.011081398028999722,0.116489075,0.02073584,-0.0029826963,15.581628879600062,15.600057508848746,1.3541103342384675,0.028059558149368335
116.049545,116.09955,0.050004999999998745,-28.509976409266418,-5.311496249783444,6.32019300304115,6.4560337145840965,-28.37506949305027,-5.288573230295746,6.31438462907303,6.450225340615976,-36.67727596637053,8.05532258283149,7.662122073275018,-43.623213755083825,-8.670860584588338,6.288483532091782,0.10000999499949749,0.0,-0.012181264004599695,0.116755925,0.020588337,-0.0036499128,15.715794214650288,15.618763433216934,1.3477374442019885,0.025901096981248095
116.09955,116.14954,0.049990000000008195,-28.37506949305027,-5.288573230295746,6.31438462907303,6.450225340615976,-28.232847188608822,-5.264923672396696,6.30801687137482,6.443857582917766,-36.67167813095606,8.15514574466819,7.642620395890715,-43.51092472571694,-8.634838264383019,6.284052229091782,0.09997999500101638,0.0,-0.0195016773843032,0.116239764,0.01986834,-0.004431303,15.852827218901915,15.6453180724193,1.3346035245158951,0.02396464228303774
116.14954,116.19955,0.05001000000000033,-28.232847188608822,-5.264923672396696,6.30801687137482,6.443857582917766,-28.162569567626697,-5.253656039222541,6.305266223011739,6.441106934554686,-36.66413174632374,8.254880650687001,7.622378325786214,-43.39834698396368,-8.599990852502534,6.278956790491782,0.10001999499900066,0.0,-0.020242070104500135,0.11627648,0.019179944,-0.0050954386,15.961112836543832,15.598938110100109,1.317112102774475,0.0263094325199571
116.19955,116.24954,0.049989999999993984,-28.162569567626697,-5.253656039222541,6.305266223011739,6.441106934554686,-28.105962534254466,-5.244691838246162,6.303969775762051,6.439810487304998,-36.65457202922831,8.354402563899383,7.6021443508907165,-43.28543005802086,-8.565968598006178,6.275576523791782,0.09997999500098796,0.0,-0.020233974895497563,0.116405204,0.018909639,-0.0033802667,16.062817089664666,15.53856858336702,1.298174575128665,0.028393251970268985
116.24954,116.299545,0.050004999999998745,-28.105962534254466,-5.244691838246162,6.303969775762051,6.439810487304998,-27.981441708062047,-5.22507563223952,6.303471948642398,6.439312660185344,-36.64299721041885,8.453740485507032,7.582270563710717,-43.17221769873717,-8.532512035703801,6.274563116291782,0.10000999499949749,0.0,-0.019873787179999502,0.116561286,0.018704183,-0.0010134075,16.19050814840381,15.546665583392231,1.278798615068319,0.028908832350615477
116.299545,116.34955,0.050004999999998745,-27.981441708062047,-5.22507563223952,6.303471948642398,6.439312660185344,-27.885757754120824,-5.209983322870604,6.303962182361123,6.439802893904069,-36.6294505866156,8.552828769796006,7.572654201170617,-43.05880470985961,-8.499227605916976,6.274562778407932,0.10000999499949749,0.0,-0.009616362540099758,0.11671944,0.018626101,-3.3788385e-07,16.30543348234173,15.525478474900773,1.2686920188094941,0.029399403953190628
116.34955,116.39954,0.049990000000008195,-27.885757754120824,-5.209983322870604,6.303962182361123,6.439802893904069,-27.74461993358854,-5.187521260773453,6.305895243935488,6.441735955478435,-36.614956084206966,8.651752522253794,7.572654201170617,-42.94580791485734,-8.46601910287954,6.2762480683079325,0.09997999500101638,0.0,0.0,0.11629697,0.018603632,0.0016852899,16.438015764274997,15.550712657063832,1.2667589572351288,0.02964717562755581
116.39954,116.44955,0.05001000000000033,-27.74461993358854,-5.187521260773453,6.305895243935488,6.441735955478435,-27.641222303518088,-5.170909111105008,6.306969205361219,6.4428099169041655,-36.600455782837585,8.750715852128032,7.572654201170617,-42.833309126456065,-8.432523564149536,6.276997899977933,0.10001999499900066,0.0,0.0,0.11587118,0.018756283,0.00074983167,16.555346754262583,15.538263444670857,1.2656849958093979,0.029971305383286406
116.44955,116.49954,0.049989999999993984,-27.641222303518088,-5.170909111105008,6.306969205361219,6.4428099169041655,-27.430778688069033,-5.136906127767805,6.307914501827842,6.443755213370788,-36.58596128042896,8.849639604585791,7.572654201170617,-42.72154814175465,-8.399096942621208,6.277900532637933,0.09997999500098796,0.0,0.0,0.11514469,0.018696446,0.00090263266,16.716483775682875,15.634881496138023,1.2647396993427753,0.030013969189909062
116.49954,116.549545,0.050004999999998745,-27.430778688069033,-5.136906127767805,6.307914501827842,6.443755213370788,-27.318186771957606,-5.118628433682753,6.308620504415998,6.4444612159589445,-36.57146242879977,8.948593040105909,7.572654201170617,-42.61013596745724,-8.365538994511457,6.278215589737933,0.10000999499949749,0.0,0.0,0.114832774,0.018768124,0.0003150571,16.83775015772976,15.632854454249962,1.2640336967546189,0.03040491467806561
116.549545,116.59955,0.050004999999998745,-27.318186771957606,-5.118628433682753,6.308620504415998,6.4444612159589445,-27.19610571465082,-5.098711968124189,6.309346997458386,6.445187709001332,-36.55696357717058,9.047546475626026,7.572654201170617,-42.499207639895126,-8.331993975052493,6.279577696837933,0.10000999499949749,0.0,0.0,0.114357285,0.018782267,0.0013621071,16.962968132955748,15.64094118238229,1.2633072037122313,0.02976930062045291
116.59955,116.64954,0.049990000000008195,-27.19610571465082,-5.098711968124189,6.309346997458386,6.445187709001332,-27.083105058203977,-5.080183026573005,6.310364068744719,6.446204780287665,-36.54246907476195,9.146470228083814,7.572654201170617,-42.38814056735537,-8.298087373454447,6.280833386837933,0.09997999500101638,0.0,0.0,0.11456797,0.018966615,0.00125569,17.08441484002274,15.639661771344787,1.262290132425898,0.029530681906786427
116.64954,116.69955,0.05001000000000033,-27.083105058203977,-5.080183026573005,6.310364068744719,6.446204780287665,-26.97243125300286,-5.0619059657474885,6.3112820199828406,6.447122731525787,-36.527968773392566,9.245433557958052,7.572654201170617,-42.27869523482563,-8.264401922286302,6.281343179777933,0.10001999499900066,0.0,0.0,0.11295495,0.018819397,0.00050979294,17.204890628834644,15.637701155633222,1.2613721811877765,0.02993884020490789
116.69955,116.74954,0.049989999999993984,-26.97243125300286,-5.0619059657474885,6.3112820199828406,6.447122731525787,-26.892208979182808,-5.0486134469735315,6.311870412024047,6.447711123566993,-36.51347427098394,9.34435731041581,7.572654201170617,-42.16785997888859,-8.23020563177558,6.281958081437932,0.09997999500098796,0.0,0.0,0.11441024,0.01908238,0.00061490166,17.312606766119362,15.603462509815115,1.2607837891465703,0.029912330586114422
116.74954,116.799545,0.050004999999998745,-26.892208979182808,-5.0486134469735315,6.311870412024047,6.447711123566993,-26.635890863721233,-5.005865123594859,6.312725189841424,6.44856590138437,-36.49897541935475,9.443310745935928,7.572654201170617,-42.057943966211354,-8.196074799961025,6.282570894137932,0.10000999499949749,0.0,0.0,0.11350224,0.019070528,0.0006128127,17.494545443086174,15.74856055883221,1.2599290113291932,0.030154295703491485
116.799545,116.84955,0.050004999999998745,-26.635890863721233,-5.005865123594859,6.312725189841424,6.44856590138437,-26.606422192843336,-5.000944190039416,6.312865933110867,6.4487066446538135,-36.48447656772556,9.542264181456046,7.572654201170617,-41.94819014642125,-8.161847310514226,6.283221372487932,0.10000999499949749,0.0,0.0,0.113366224,0.01911861,0.00065047835,17.58069588980668,15.664008186874058,1.2597882680597499,0.029644560622934968
116.84955,116.89954,0.049990000000008195,-26.606422192843336,-5.000944190039416,6.312865933110867,6.4487066446538135,-26.450873610174952,-4.974844896328788,6.314187570863672,6.450028282406619,-36.46998206531693,9.641187933913834,7.572654201170617,-41.83857972159038,-8.12760278992271,6.284574100787932,0.09997999500101638,0.0,0.0,0.11323887,0.019081162,0.0013527283,17.720354114143078,15.707367115685253,1.2584666303069447,0.029613470075740445
116.89954,116.94955,0.05001000000000033,-26.450873610174952,-4.974844896328788,6.314187570863672,6.450028282406619,-26.37467239351272,-4.961962272891448,6.315091547309204,6.45093225885215,-36.455481763947546,9.740151263788071,7.572654201170617,-41.728100166169085,-8.092820574150734,6.286207578487932,0.10001999499900066,0.0,0.0,0.114199094,0.019341707,0.0016334777,17.826240770517536,15.669397501906062,1.257562653861413,0.028883968821271644
116.94955,116.99954,0.049989999999993984,-26.37467239351272,-4.961962272891448,6.315091547309204,6.45093225885215,-26.257029042026,-4.94191441570279,6.3169543032068995,6.452795014749846,-36.44098726153892,9.83907501624583,7.572654201170617,-41.6186390788236,-8.058031000588315,6.287850544487933,0.09997999500098796,0.0,0.0,0.11322289,0.0193034,0.001642966,17.949670013795842,15.674477518987333,1.2556998979637175,0.029103758718966866
116.99954,117.19955,0.20001000000000602,-26.257029042026,-4.94191441570279,6.3169543032068995,6.452795014749846,-25.83492357658988,-4.869217108345877,6.318541234273206,6.454381945816152,-36.38299475450252,10.234868969618091,7.572654201170617,-41.50842042297188,-8.022555677826826,6.289098433687933,0.400019979999012,0.0,0.0,0.11410059,0.019690251,0.0012478892,18.422682264666467,15.987559148516784,1.2541129668974111,0.029442800585273154
117.19955,117.24954,0.049989999999993984,-25.83492357658988,-4.869217108345877,6.318541234273206,6.454381945816152,-25.724903446782662,-4.850177386954403,6.319219897300828,6.455060608843774,-36.368500252093895,10.33379272207585,7.572654201170617,-41.39925601734245,-7.987086984397286,6.290511990287933,0.09997999500098796,0.0,0.0,0.11308046,0.019690232,0.0014135566,18.542898943421864,15.985165946237268,1.2534343038697893,0.02870790701289483
117.24954,117.299545,0.050004999999998745,-25.724903446782662,-4.850177386954403,6.319219897300828,6.455060608843774,-25.697216993708018,-4.845367032003102,6.319500869089726,6.455341580632672,-36.3540014004647,10.432746157595968,7.572654201170617,-41.290116793135525,-7.951420549489162,6.291975807987933,0.10000999499949749,0.0,0.0,0.11311147,0.019729678,0.0014638177,18.627608448920476,15.899248177460276,1.253153332080891,0.027525061101792758
117.299545,117.34955,0.050004999999998745,-25.697216993708018,-4.845367032003102,6.319500869089726,6.455341580632672,-25.63410681474387,-4.834330383066613,6.3199294383694,6.455770149912346,-36.33950254883551,10.531699593116086,7.572654201170617,-41.18104383869652,-7.9155481275416335,6.292584595487933,0.10000999499949749,0.0,0.0,0.11310434,0.01977747,0.0006087875,18.727529870552942,15.849326598174994,1.2527247628012175,0.027344842881466214
117.34955,117.39954,0.049990000000008195,-25.63410681474387,-4.834330383066613,6.3199294383694,6.455770149912346,-25.388525510445845,-4.79127549037036,6.3213966422195424,6.457237353762489,-36.32500804642688,10.630623345573873,7.572654201170617,-41.071704096026416,-7.879414243304803,6.293482377587933,0.09997999500101638,0.0,0.0,0.11341818,0.019928707,0.0008977821,18.90612636067781,15.984326432621065,1.2512575589510746,0.027914264631609065
117.39954,117.44955,0.05001000000000033,-25.388525510445845,-4.79127549037036,6.3213966422195424,6.457237353762489,-25.24562181317549,-4.76608081031562,6.322180390113883,6.458021101656829,-36.3105077450575,10.729586675448111,7.572654201170617,-40.962484233196406,-7.843080616842887,6.294004750287933,0.10001999499900066,0.0,0.0,0.11334651,0.020041944,0.0005223727,19.04067781133108,16.01523312784533,1.2504738110567342,0.028175639825949617
117.44955,117.49954,0.049989999999993984,-25.24562181317549,-4.76608081031562,6.322180390113883,6.458021101656829,-25.16001383122977,-4.750932900252009,6.32286789898517,6.458708610528117,-36.296013242648876,10.82851042790587,7.572654201170617,-40.853550740998884,-7.80661257731886,6.294227039097933,0.09997999500098796,0.0,0.0,0.11309331,0.020157551,0.00022228881,19.150183740800237,15.988254408381326,1.2497863021854467,0.02864085988723719
117.49954,117.549545,0.050004999999998745,-25.16001383122977,-4.750932900252009,6.32286789898517,6.458708610528117,-25.03894663297593,-4.729404296897657,6.323777246480212,6.459617958023158,-36.281514391019684,10.927463863425988,7.572654201170617,-40.744434339199216,-7.769908522837519,6.295624662697933,0.10000999499949749,0.0,0.0,0.11331327,0.020339115,0.0013976236,19.27518742798527,15.997093799759035,1.248876954690405,0.028152583782278917
117.549545,117.59955,0.050004999999998745,-25.03894663297593,-4.729404296897657,6.323777246480212,6.459617958023158,-24.96749569590125,-4.716619705130736,6.324586517962001,6.460427229504948,-36.26701553939049,11.026417298946106,7.572654201170617,-40.63512296717463,-7.732952131890399,6.297377135197933,0.10000999499949749,0.0,0.0,0.113571696,0.020401489,0.0017524725,19.3783993870789,15.955337840994506,1.2480676832086157,0.02720938276406848
117.59955,117.64954,0.049990000000008195,-24.96749569590125,-4.716619705130736,6.324586517962001,6.460427229504948,-24.887316032858138,-4.702221705940389,6.325262236746831,6.461102948289778,-36.25252103698186,11.125341051403893,7.572654201170617,-40.52612398295758,-7.695787446206044,6.2985856550979324,0.09997999500101638,0.0,0.0,0.11332953,0.020455074,0.0012085199,19.485369578825818,15.92274316634498,1.2473919644237856,0.026676581648898967
117.64954,117.69955,0.05001000000000033,-24.887316032858138,-4.702221705940389,6.325262236746831,6.461102948289778,-24.800230508461688,-4.686535027802057,6.325603080638478,6.4614437921814245,-36.23802073561248,11.224304381278131,7.572654201170617,-40.417489999308714,-7.658502617031862,6.299148245497933,0.10001999499900066,0.0,0.0,0.113011435,0.020491863,0.0005625904,19.595352918022307,15.897527649162429,1.2470511205321388,0.026454835140545363
117.69955,117.74954,0.049989999999993984,-24.800230508461688,-4.686535027802057,6.325603080638478,6.4614437921814245,-24.64831590664199,-4.659103225204973,6.326488180783128,6.462328892326075,-36.223526233203856,11.32322813373589,7.572654201170617,-40.30835476924245,-7.620942414531268,6.299596125597933,0.09997999500098796,0.0,0.0,0.11356007,0.020624688,0.0004478801,19.733737856045646,15.937669483383877,1.2461660203874887,0.02689205518519522
117.74954,117.799545,0.050004999999998745,-24.64831590664199,-4.659103225204973,6.326488180783128,6.462328892326075,-24.45325778417903,-4.623661688544301,6.327609185684364,6.46344989722731,-36.209027381574664,11.422181569256008,7.572654201170617,-40.19970759441793,-7.583324733168905,6.300364417537933,0.10000999499949749,0.0,0.0,0.113095604,0.020704659,0.00076829194,19.89138518758679,16.022181092600636,1.2450450154862533,0.02724476814643051
117.799545,117.84955,0.050004999999998745,-24.45325778417903,-4.623661688544301,6.327609185684364,6.46344989722731,-24.323830408364348,-4.599973137022056,6.328926350245473,6.464767061788419,-36.19452852994547,11.521135004776125,7.572654201170617,-40.090699915488294,-7.545278964947466,6.301391610337933,0.10000999499949749,0.0,0.0,0.11353302,0.020985898,0.0010271928,20.02007996021148,16.039607241908584,1.2437278509251444,0.02753473990753985
117.84955,117.89954,0.049990000000008195,-24.323830408364348,-4.599973137022056,6.328926350245473,6.464767061788419,-24.17205930389241,-4.572029342101221,6.329681244548019,6.465521956090965,-36.18003402753684,11.620058757233913,7.572654201170617,-39.98201667554325,-7.507089423259441,6.302355988537933,0.09997999500101638,0.0,0.0,0.11325598,0.021061119,0.0009643782,20.158749315875575,16.080091099661878,1.242972956622598,0.027325256010086285
117.89954,117.94955,0.05001000000000033,-24.17205930389241,-4.572029342101221,6.329681244548019,6.465521956090965,-24.131468793363833,-4.564529077533413,6.330129802027717,6.465970513570663,-36.16553372616746,11.71902208710815,7.572654201170617,-39.87374792810185,-7.468899593805675,6.303126168267933,0.10001999499900066,0.0,0.0,0.11286676,0.021016166,0.00077017973,20.247784010563567,16.00795803504618,1.2425243991429005,0.027003633759783874
117.94955,117.999555,0.050004999999998745,-24.131468793363833,-4.564529077533413,6.330129802027717,6.465970513570663,-24.072228621983797,-4.553561376509164,6.330553090795111,6.466393802338057,-36.15103487453827,11.817975522628268,7.572654201170617,-39.7659105000474,-7.430697108355137,6.3044841902679325,0.10000999499949749,0.0,0.0,0.11245878,0.021008655,0.001358022,20.345141457521684,15.955236159622542,1.242101110375506,0.026068900527178585
