mode,step,pred_x,pred_y,pred_theta,actual_x,actual_y,actual_theta,position_error,heading_error,rollout_length
teacher_forced,0,0.0,0.0,0.0,0.0,0.0,0.0,0.0,0.0,20
teacher_forced,1,0.06304832547903061,-0.09270992875099182,0.0013967143604531884,0.06288720667362213,-0.09267666190862656,0.0010861068731173873,0.00016451733117580746,0.0003106074873358011,20
teacher_forced,2,0.12646675719583864,-0.18542926371388477,0.0017792037106119096,0.12608124654466527,-0.18537070037029257,0.001412300072843209,0.0003899334909709779,0.0003669036377687007,20
teacher_forced,3,0.18981333402071232,-0.27775803131505683,0.0018686497933231294,0.1892161030627187,-0.2778477598099086,0.0017301545885857195,0.0006039337877403109,0.00013849520473740995,20
teacher_forced,4,0.25311539296826013,-0.3699357135201501,0.0023884993279352784,0.25257089583119985,-0.37045763862541226,0.0024125832424033433,0.0007542432948126022,2.4083914468064904e-05,20
teacher_forced,5,0.31690819335827475,-0.4625223786527014,0.0032892158487811685,0.31609831151906953,-0.4630103099684229,0.0032560806430410594,0.0009455080974460989,3.3135205740109086e-05,20
teacher_forced,6,0.3805556585558177,-0.5546349452844532,0.004135688825044781,0.3795356817245657,-0.5551394805721312,0.0037233172333799303,0.0011379405049488278,0.0004123715916648507,20
teacher_forced,7,0.4441365157413114,-0.6465282005499684,0.004350121191237122,0.44312989508783085,-0.6472978394586297,0.0041662151052150875,0.0012671342429825794,0.0001839060860220343,20
teacher_forced,8,0.5080845457402643,-0.7387882361914644,0.005208888731431216,0.5066963026120457,-0.7392287141017266,0.004612559539964423,0.0014564476552472458,0.0005963291914667934,20
teacher_forced,9,0.5716192444442483,-0.8302075004934403,0.0054167463385965675,0.5701238004681729,-0.8307316385876699,0.004645191929739667,0.0015846366862479018,0.0007715544088569004,20
teacher_forced,10,0.6352753047769311,-0.9215701383632072,0.005289826061925851,0.6336289688745731,-0.9222531720724381,0.004249454254022567,0.0017824020173177696,0.0010403718079032842,20
teacher_forced,11,0.6988901582950815,-1.0130560648531917,0.004713181449915282,0.697290058325306,-1.013948808538839,0.004553540795313893,0.001832296701284722,0.00015964065460138954,20
teacher_forced,12,0.7628201132263905,-1.104820055503685,0.006140769386547618,0.7611479447700602,-1.1056289399704455,0.005666658351401566,0.0018575363864303774,0.000474111035146052,20
teacher_forced,13,0.8268854816748741,-1.196299715676022,0.0068410526582738385,0.8253281224437071,-1.1973983577639662,0.005993190465233056,0.0019058809543891506,0.0008478621930407826,20
teacher_forced,14,0.891514829752332,-1.2881781817430777,0.006625731999520212,0.889577261609694,-1.2891210762482468,0.006798341531975893,0.0021548132993936386,0.0001726095324556809,20
teacher_forced,15,0.9558617430883223,-1.3793829293364028,0.008299858251120895,0.9536962830671517,-1.3805062767098302,0.007222152355097933,0.0024394930671502568,0.0010777058960229624,20
teacher_forced,16,1.0202455613986654,-1.470605928833583,0.007612389978021383,1.0176897662614188,-1.4716431424054823,0.007094927652360639,0.0027582423347677775,0.0005174623256607447,20
teacher_forced,17,1.084316899380926,-1.5613992545371507,0.008846293087117374,1.0818804468628378,-1.5629204535132908,0.008241609724791488,0.0028723417620311383,0.0006046833623258863,20
teacher_forced,18,1.1492394135633632,-1.6528783475131905,0.010415980475954711,1.1463970924070046,-1.6542496609796362,0.00967339606359019,0.0031558343079349364,0.000742584412364522,20
teacher_forced,19,1.214034277055302,-1.7437610848156977,0.011473177233710885,1.2110832885552507,-1.745420546196121,0.010756465195299825,0.003385579005214884,0.0007167120384110603,20
teacher_forced,20,1.2792956530109614,-1.8349233958440412,0.01227517711231485,1.2759478567326803,-1.8365122578132227,0.011192601927177748,0.003705701320665764,0.0010825751851371024,20
limited_closed_loop,0,0.0,0.0,0.0,0.0,0.0,0.0,0.0,0.0,20
limited_closed_loop,1,0.06304832547903061,-0.09270992875099182,0.0013967143604531884,0.06288720667362213,-0.09267666190862656,0.0010861068731173873,0.00016451733117580746,0.0003106074873358011,20
limited_closed_loop,2,0.12654628133720625,-0.18542147108521423,0.0025750903878360987,0.12608124654466527,-0.18537070037029257,0.001412300072843209,0.00046779805874681504,0.0011627903149928898,20
limited_closed_loop,3,0.19050733565398126,-0.2777127345537287,0.003342921903822571,0.1892161030627187,-0.2778477598099086,0.0017301545885857195,0.00129827324725772,0.0016127673152368516,20
limited_closed_loop,4,0.25490931360324415,-0.3697983960967758,0.00389148952672258,0.25257089583119985,-0.37045763862541226,0.0024125832424033433,0.002429567531100058,0.0014789062843192369,20
limited_closed_loop,5,0.31969816672738655,-0.46228797702832797,0.004470905929338187,0.31609831151906953,-0.4630103099684229,0.0032560806430410594,0.003671610327525695,0.0012148252862971276,20
limited_closed_loop,6,0.38483818093020594,-0.5543206830427732,0.0051948600448668,0.3795356817245657,-0.5551394805721312,0.0037233172333799303,0.005365345023379049,0.00147154281148687,20
limited_closed_loop,7,0.450320239061568,-0.6461334771008742,0.006013263307977468,0.44312989508783085,-0.6472978394586297,0.0041662151052150875,0.007284008934701818,0.0018470482027623802,20
limited_closed_loop,8,0.5161480696169578,-0.7382692800658253,0.006883273192215711,0.5066963026120457,-0.7392287141017266,0.004612559539964423,0.009500337530024475,0.0022707136522512883,20
limited_closed_loop,9,0.5823210173046554,-0.8295560613117807,0.0077493611024692655,0.5701238004681729,-0.8307316385876699,0.004645191929739667,0.012253737408960495,0.0031041691727295984,20
limited_closed_loop,10,0.6488454358627477,-0.9207396194864457,0.008381651481613517,0.6336289688745731,-0.9222531720724381,0.004249454254022567,0.015291556789050979,0.00413219722759095,20
limited_closed_loop,11,0.7156580342445865,-1.0119791322984444,0.00874623074196279,0.697290058325306,-1.013948808538839,0.004553540795313893,0.018473282433375083,0.004192689946648898,20
limited_closed_loop,12,0.7826319645666627,-1.1034753321110302,0.009155370615189895,0.7611479447700602,-1.1056289399704455,0.005666658351401566,0.021591691305521778,0.0034887122637883294,20
limited_closed_loop,13,0.8497310622094515,-1.1947459823654414,0.009579839505022392,0.8253281224437071,-1.1973983577639662,0.005993190465233056,0.024546660963667696,0.003586649039789336,20
limited_closed_loop,14,0.9170535291231373,-1.2864228938481148,0.00988902332028374,0.889577261609694,-1.2891210762482468,0.006798341531975893,0.02760843104442344,0.0030906817883078475,20
limited_closed_loop,15,0.9847101271274962,-1.377376288344417,0.010162985825445503,0.9536962830671517,-1.3805062767098302,0.007222152355097933,0.031171386728328043,0.0029408334703475703,20
limited_closed_loop,16,1.0527379529540004,-1.4684327558786388,0.010598632274195552,1.0176897662614188,-1.4716431424054823,0.007094927652360639,0.03519491400884212,0.0035037046218349133,20
limited_closed_loop,17,1.1211570133170154,-1.5589883096230739,0.011661938158795238,1.0818804468628378,-1.5629204535132908,0.008241609724791488,0.03947290751899084,0.00342032843400375,20
limited_closed_loop,18,1.190095295285863,-1.6502354909181514,0.013171772588975728,1.1463970924070046,-1.6542496609796362,0.00967339606359019,0.04388218882558605,0.003498376525385538,20
limited_closed_loop,19,1.2596056215162958,-1.7408745052087216,0.014402442728169262,1.2110832885552507,-1.745420546196121,0.010756465195299825,0.048734826198947735,0.0036459775328694377,20
limited_closed_loop,20,1.3296974300811406,-1.8317720437379346,0.015271595038939267,1.2759478567326803,-1.8365122578132227,0.011192601927177748,0.05395818996798424,0.00407899311176152,20
teacher_forced,0,0.0,0.0,0.0,0.0,0.0,0.0,0.0,0.0,50
teacher_forced,1,0.06304832547903061,-0.09270992875099182,0.0013967143604531884,0.06288720667362213,-0.09267666190862656,0.0010861068731173873,0.00016451733117580746,0.0003106074873358011,50
teacher_forced,2,0.12646675719583864,-0.18542926371388477,0.0017792037106119096,0.12608124654466527,-0.18537070037029257,0.001412300072843209,0.0003899334909709779,0.0003669036377687007,50
teacher_forced,3,0.18981333402071232,-0.27775803131505683,0.0018686497933231294,0.1892161030627187,-0.2778477598099086,0.0017301545885857195,0.0006039337877403109,0.00013849520473740995,50
teacher_forced,4,0.25311539296826013,-0.3699357135201501,0.0023884993279352784,0.25257089583119985,-0.37045763862541226,0.0024125832424033433,0.0007542432948126022,2.4083914468064904e-05,50
teacher_forced,5,0.31690819335827475,-0.4625223786527014,0.0032892158487811685,0.31609831151906953,-0.4630103099684229,0.0032560806430410594,0.0009455080974460989,3.3135205740109086e-05,50
teacher_forced,6,0.3805556585558177,-0.5546349452844532,0.004135688825044781,0.3795356817245657,-0.5551394805721312,0.0037233172333799303,0.0011379405049488278,0.0004123715916648507,50
teacher_forced,7,0.4441365157413114,-0.6465282005499684,0.004350121191237122,0.44312989508783085,-0.6472978394586297,0.0041662151052150875,0.0012671342429825794,0.0001839060860220343,50
teacher_forced,8,0.5080845457402643,-0.7387882361914644,0.005208888731431216,0.5066963026120457,-0.7392287141017266,0.004612559539964423,0.0014564476552472458,0.0005963291914667934,50
teacher_forced,9,0.5716192444442483,-0.8302075004934403,0.0054167463385965675,0.5701238004681729,-0.8307316385876699,0.004645191929739667,0.0015846366862479018,0.0007715544088569004,50
teacher_forced,10,0.6352753047769311,-0.9215701383632072,0.005289826061925851,0.6336289688745731,-0.9222531720724381,0.004249454254022567,0.0017824020173177696,0.0010403718079032842,50
teacher_forced,11,0.6988901582950815,-1.0130560648531917,0.004713181449915282,0.697290058325306,-1.013948808538839,0.004553540795313893,0.001832296701284722,0.00015964065460138954,50
teacher_forced,12,0.7628201132263905,-1.104820055503685,0.006140769386547618,0.7611479447700602,-1.1056289399704455,0.005666658351401566,0.0018575363864303774,0.000474111035146052,50
teacher_forced,13,0.8268854816748741,-1.196299715676022,0.0068410526582738385,0.8253281224437071,-1.1973983577639662,0.005993190465233056,0.0019058809543891506,0.0008478621930407826,50
teacher_forced,14,0.891514829752332,-1.2881781817430777,0.006625731999520212,0.889577261609694,-1.2891210762482468,0.006798341531975893,0.0021548132993936386,0.0001726095324556809,50
teacher_forced,15,0.9558617430883223,-1.3793829293364028,0.008299858251120895,0.9536962830671517,-1.3805062767098302,0.007222152355097933,0.0024394930671502568,0.0010777058960229624,50
teacher_forced,16,1.0202455613986654,-1.470605928833583,0.007612389978021383,1.0176897662614188,-1.4716431424054823,0.007094927652360639,0.0027582423347677775,0.0005174623256607447,50
teacher_forced,17,1.084316899380926,-1.5613992545371507,0.008846293087117374,1.0818804468628378,-1.5629204535132908,0.008241609724791488,0.0028723417620311383,0.0006046833623258863,50
teacher_forced,18,1.1492394135633632,-1.6528783475131905,0.010415980475954711,1.1463970924070046,-1.6542496609796362,0.00967339606359019,0.0031558343079349364,0.000742584412364522,50
teacher_forced,19,1.214034277055302,-1.7437610848156977,0.011473177233710885,1.2110832885552507,-1.745420546196121,0.010756465195299825,0.003385579005214884,0.0007167120384110603,50
teacher_forced,20,1.2792956530109614,-1.8349233958440412,0.01227517711231485,1.2759478567326803,-1.8365122578132227,0.011192601927177748,0.003705701320665764,0.0010825751851371024,50
teacher_forced,21,1.3444389321375705,-1.9256801462391115,0.012556742382002994,1.3409280738100409,-1.9276449429010873,0.011547572790732374,0.004023251436201238,0.00100916959127062,50
teacher_forced,22,1.4100033773546163,-2.0168981846724208,0.013526705937692896,1.4061804717134505,-2.0190520202353217,0.012437966823199531,0.004387894161585298,0.0010887391144933645,50
teacher_forced,23,1.4757709323891879,-2.1081155619137326,0.014610691141569987,1.4714424203535181,-2.1102166631805614,0.013432441683107754,0.004811511506419538,0.0011782494584622327,50
teacher_forced,24,1.5413269145503716,-2.1987539747644105,0.015557476290268824,1.5368364564752326,-2.201218183899568,0.014252917779231211,0.005122161690768336,0.0013045585110376123,50
teacher_forced,25,1.6073387850723277,-2.2896173123375263,0.016549759515328333,1.6025958300298333,-2.292419789362802,0.015289743834728142,0.005509038029667394,0.0012600156806001905,50
teacher_forced,26,1.67312744904668,-2.3798498538650827,0.017379015480400994,1.668155478760248,-2.382949431952155,0.015566746729746228,0.005858999304234656,0.0018122687506547663,50
teacher_forced,27,1.7391829058374686,-2.4702762649482337,0.017206388132763095,1.7338464185976246,-2.473523340032158,0.016096210540126776,0.0062467265556978655,0.0011101775926363189,50
teacher_forced,28,1.8052804006298477,-2.560628501571295,0.018897347108577378,1.799699615345506,-2.564121478544815,0.017353728264424717,0.0065837719073085395,0.001543618844152661,50
teacher_forced,29,1.8717790047788607,-2.6510875466897117,0.020121378780459054,1.865687673383281,-2.654541882096291,0.018095311850629514,0.007002624598814621,0.0020260669298295397,50
teacher_forced,30,1.9381370134849547,-2.7410581209862976,0.020519191908533685,1.9317257174923668,-2.744777012376549,0.018279324965988053,0.0074118060873892885,0.002239866942545632,50
teacher_forced,31,2.0046368161570607,-2.8311250722193058,0.020503007943261764,1.9979875079866578,-2.8351559546413125,0.018447804057359463,0.007775687252264567,0.0020552038859023014,50
teacher_forced,32,2.071411304456988,-2.921256891118688,0.020931420052875183,2.064235443928039,-2.9253207882536323,0.019475001867249375,0.008246710511127466,0.0014564181856258074,50
teacher_forced,33,2.137971658866309,-3.0108122675999325,0.022531775544848642,2.130710838278827,-3.015452857983758,0.020787730023585027,0.008617110578033512,0.0017440455212636152,50
teacher_forced,34,2.205309305312041,-3.100985923640942,0.023666541228521965,2.1976968360790767,-3.105939846743078,0.02163814045707113,0.009082457923090391,0.0020284007714508334,50
teacher_forced,35,2.2728856889885356,-3.191283508415461,0.024304096898049465,2.2646791409211664,-3.19618317224834,0.022157632829475915,0.009557935805249086,0.0021464640685735503,50
teacher_forced,36,2.3401379611188333,-3.280948602003724,0.024576604298999882,2.3314902311938366,-3.2859734038207344,0.022813092826254433,0.010001593180884418,0.0017635114727454493,50
teacher_forced,37,2.4073549266916836,-3.3703462847034826,0.025562133805578924,2.3982608264638623,-3.375511117249673,0.022953281393711222,0.010458401129419688,0.0026088524118677014,50
teacher_forced,38,2.4747554770429665,-3.4594970658513984,0.026765239008454955,2.4649330223424717,-3.464579586122127,0.024370051902224077,0.011059503996366156,0.0023951871062308783,50
teacher_forced,39,2.5417295637080852,-3.5477936632106553,0.02825586176732031,2.5318703674190903,-3.5536174983856625,0.025286070402216865,0.011450799431069558,0.002969791365103447,50
teacher_forced,40,2.6095902196413845,-3.6369155913920275,0.028161198415546096,2.5989931181465664,-3.6426503981909066,0.02548904929062701,0.012049338949168379,0.0026721491249190876,50
teacher_forced,41,2.6768553571581752,-3.725301859496011,0.028570273474542773,2.6660731730608367,-3.731546815368008,0.026063640860229498,0.012460135141806983,0.0025066326143132756,50
teacher_forced,42,2.744618074785628,-3.814029057347055,0.028332787891486078,2.733334006309024,-3.820262158056592,0.02640736457760795,0.012891149903709508,0.0019254233138781274,50
teacher_forced,43,2.8121969417353143,-3.9022637428302263,0.02957054760736355,2.8007414422282277,-3.9089112038508333,0.02714592229676782,0.013244516109596132,0.0024246253105957294,50
teacher_forced,44,2.8798333794663598,-3.99014725366086,0.02944112319346459,2.8680782156290845,-3.997187487615441,0.026794894100021338,0.013702144758263902,0.002646229093443253,50
teacher_forced,45,2.9475724306693203,-4.078088777098108,0.030241888138334616,2.9353647299893586,-4.08524293091353,0.027177424602996325,0.014149553798839785,0.003064463535338291,50
teacher_forced,46,3.015293061592331,-4.165769631773367,0.0305091250102123,3.002745441159702,-4.173213287250721,0.027372386462957365,0.014589406615310397,0.003136738547254936,50
teacher_forced,47,3.083191045226827,-4.253472114472104,0.030877266201059683,3.0703638399717064,-4.261349638675978,0.027702942676114617,0.015052992467931773,0.0031743235249450663,50
teacher_forced,48,3.1514082045460303,-4.341339483451294,0.031203666445435374,3.1382328997656685,-4.349673957801911,0.028181106066767825,0.015590128888386961,0.0030225603786675492,50
teacher_forced,49,3.2197850539068167,-4.429452004334672,0.03189119729177037,3.2062103442432344,-4.437994948678211,0.028873838466097368,0.016039159594797077,0.003017358825673,50
teacher_forced,50,3.288197573410852,-4.517359188724265,0.03264660682725662,3.2740864792718014,-4.525975380752637,0.02985884806184913,0.01653365485520186,0.0027877587654074887,50
limited_closed_loop,0,0.0,0.0,0.0,0.0,0.0,0.0,0.0,0.0,50
limited_closed_loop,1,0.06304832547903061,-0.09270992875099182,0.0013967143604531884,0.06288720667362213,-0.09267666190862656,0.0010861068731173873,0.00016451733117580746,0.0003106074873358011,50
limited_closed_loop,2,0.12654628133720625,-0.18542147108521423,0.0025750903878360987,0.12608124654466527,-0.18537070037029257,0.001412300072843209,0.00046779805874681504,0.0011627903149928898,50
limited_closed_loop,3,0.19050733565398126,-0.2777127345537287,0.003342921903822571,0.1892161030627187,-0.2778477598099086,0.0017301545885857195,0.00129827324725772,0.0016127673152368516,50
limited_closed_loop,4,0.25490931360324415,-0.3697983960967758,0.00389148952672258,0.25257089583119985,-0.37045763862541226,0.0024125832424033433,0.002429567531100058,0.0014789062843192369,50
limited_closed_loop,5,0.31969816672738655,-0.46228797702832797,0.004470905929338187,0.31609831151906953,-0.4630103099684229,0.0032560806430410594,0.003671610327525695,0.0012148252862971276,50
limited_closed_loop,6,0.38483818093020594,-0.5543206830427732,0.0051948600448668,0.3795356817245657,-0.5551394805721312,0.0037233172333799303,0.005365345023379049,0.00147154281148687,50
limited_closed_loop,7,0.450320239061568,-0.6461334771008742,0.006013263307977468,0.44312989508783085,-0.6472978394586297,0.0041662151052150875,0.007284008934701818,0.0018470482027623802,50
limited_closed_loop,8,0.5161480696169578,-0.7382692800658253,0.006883273192215711,0.5066963026120457,-0.7392287141017266,0.004612559539964423,0.009500337530024475,0.0022707136522512883,50
limited_closed_loop,9,0.5823210173046554,-0.8295560613117807,0.0077493611024692655,0.5701238004681729,-0.8307316385876699,0.004645191929739667,0.012253737408960495,0.0031041691727295984,50
limited_closed_loop,10,0.6488454358627477,-0.9207396194864457,0.008381651481613517,0.6336289688745731,-0.9222531720724381,0.004249454254022567,0.015291556789050979,0.00413219722759095,50
limited_closed_loop,11,0.7156580342445865,-1.0119791322984444,0.00874623074196279,0.697290058325306,-1.013948808538839,0.004553540795313893,0.018473282433375083,0.004192689946648898,50
limited_closed_loop,12,0.7826319645666627,-1.1034753321110302,0.009155370615189895,0.7611479447700602,-1.1056289399704455,0.005666658351401566,0.021591691305521778,0.0034887122637883294,50
limited_closed_loop,13,0.8497310622094515,-1.1947459823654414,0.009579839505022392,0.8253281224437071,-1.1973983577639662,0.005993190465233056,0.024546660963667696,0.003586649039789336,50
limited_closed_loop,14,0.9170535291231373,-1.2864228938481148,0.00988902332028374,0.889577261609694,-1.2891210762482468,0.006798341531975893,0.02760843104442344,0.0030906817883078475,50
limited_closed_loop,15,0.9847101271274962,-1.377376288344417,0.010162985825445503,0.9536962830671517,-1.3805062767098302,0.007222152355097933,0.031171386728328043,0.0029408334703475703,50
limited_closed_loop,16,1.0527379529540004,-1.4684327558786388,0.010598632274195552,1.0176897662614188,-1.4716431424054823,0.007094927652360639,0.03519491400884212,0.0035037046218349133,50
limited_closed_loop,17,1.1211570133170154,-1.5589883096230739,0.011661938158795238,1.0818804468628378,-1.5629204535132908,0.008241609724791488,0.03947290751899084,0.00342032843400375,50
limited_closed_loop,18,1.190095295285863,-1.6502354909181514,0.013171772588975728,1.1463970924070046,-1.6542496609796362,0.00967339606359019,0.04388218882558605,0.003498376525385538,50
limited_closed_loop,19,1.2596056215162958,-1.7408745052087216,0.014402442728169262,1.2110832885552507,-1.745420546196121,0.010756465195299825,0.048734826198947735,0.0036459775328694377,50
limited_closed_loop,20,1.3296974300811406,-1.8317720437379346,0.015271595038939267,1.2759478567326803,-1.8365122578132227,0.011192601927177748,0.05395818996798424,0.00407899311176152,50
limited_closed_loop,21,1.4003625832436037,-1.922250084043216,0.0161962469574064,1.3409280738100409,-1.9276449429010873,0.011547572790732374,0.05967885231557849,0.004648674166674027,50
limited_closed_loop,22,1.4716805222940132,-2.013137840028834,0.017411419306881726,1.4061804717134505,-2.0190520202353217,0.012437966823199531,0.06576651240237001,0.004973452483682195,50
limited_closed_loop,23,1.5436950157986915,-2.103987444926099,0.01868377171922475,1.4714424203535181,-2.1102166631805614,0.013432441683107754,0.07252062264367022,0.005251330036116997,50
limited_closed_loop,24,1.616346539050692,-2.1942291889179804,0.01982056419365108,1.5368364564752326,-2.201218183899568,0.014252917779231211,0.07981666042881659,0.005567646414419869,50
limited_closed_loop,25,1.6896106780437157,-2.284669429284411,0.021083597443066537,1.6025958300298333,-2.292419789362802,0.015289743834728142,0.08735932609758253,0.005793853608338395,50
limited_closed_loop,26,1.7634857180714678,-2.374425179461465,0.02228558494243771,1.668155478760248,-2.382949431952155,0.015566746729746228,0.09571059193035787,0.00671883821269148,50
limited_closed_loop,27,1.8379568706921894,-2.4643507389583377,0.02322515327250585,1.7338464185976246,-2.473523340032158,0.016096210540126776,0.10451374476973892,0.007128942732379073,50
limited_closed_loop,28,1.9130164266919576,-2.554102378280676,0.024326476675923914,1.799699615345506,-2.564121478544815,0.017353728264424717,0.11375887703309207,0.006972748411499197,50
limited_closed_loop,29,1.988734043868097,-2.643979754008514,0.025754019676242024,1.865687673383281,-2.654541882096291,0.018095311850629514,0.12349885764341785,0.00765870782561251,50
limited_closed_loop,30,2.0651055553734885,-2.7333165529108467,0.02711704740067944,1.9317257174923668,-2.744777012376549,0.018279324965988053,0.1338712937278165,0.008837722434691386,50
limited_closed_loop,31,2.142070195985052,-2.822662443418962,0.02806291787419468,1.9979875079866578,-2.8351559546413125,0.018447804057359463,0.14462333422897436,0.009615113816835219,50
limited_closed_loop,32,2.2195655055878167,-2.9119898062734215,0.02867879963014275,2.064235443928039,-2.9253207882536323,0.019475001867249375,0.15590106842413592,0.009203797762893373,50
limited_closed_loop,33,2.297556982855841,-3.0007152389107152,0.02925323718227446,2.130710838278827,-3.015452857983758,0.020787730023585027,0.16749577121872647,0.008465507158689434,50
limited_closed_loop,34,2.376147514195146,-3.0901150125285706,0.0302008445141837,2.1976968360790767,-3.105939846743078,0.02163814045707113,0.17915096957036436,0.008562704057112569,50
limited_closed_loop,35,2.4553743570859274,-3.179619625571111,0.03135479870252311,2.2646791409211664,-3.19618317224834,0.022157632829475915,0.19141320891373634,0.009197165873047197,50
limited_closed_loop,36,2.5351736667543188,-3.268407646479177,0.03226812946377322,2.3314902311938366,-3.2859734038207344,0.022813092826254433,0.20443947210043265,0.009455036637518788,50
limited_closed_loop,37,2.6155240775221706,-3.356879818420179,0.03300401213346049,2.3982608264638623,-3.375511117249673,0.022953281393711222,0.2180606465103216,0.01005073073974927,50
limited_closed_loop,38,2.6964203842190364,-3.445092207624895,0.03388128674123436,2.4649330223424717,-3.464579586122127,0.024370051902224077,0.23230617001979523,0.009511234839010285,50
limited_closed_loop,39,2.777831972713852,-3.5324542779947645,0.03481603303225711,2.5318703674190903,-3.5536174983856625,0.025286070402216865,0.24687039752973602,0.009529962630040245,50
limited_closed_loop,40,2.8597743140097727,-3.620638175299565,0.03539429180091247,2.5989931181465664,-3.6426503981909066,0.02548904929062701,0.26170855941765075,0.009905242510285461,50
limited_closed_loop,41,2.942141731720824,-3.7079992326252835,0.03581307179410942,2.6660731730608367,-3.731546815368008,0.026063640860229498,0.27707099764072785,0.009749430933879921,50
limited_closed_loop,42,3.024966543481403,-3.795699463647502,0.03645688688266091,2.733334006309024,-3.820262158056592,0.02640736457760795,0.29266510330791623,0.01004952230505296,50
limited_closed_loop,43,3.108270390899433,-3.8828053541156167,0.03727925071143545,2.8007414422282277,-3.9089112038508333,0.02714592229676782,0.3086350104269029,0.01013332841466763,50
limited_closed_loop,44,3.1920997480968123,-3.969549208530251,0.03818769889767282,2.8680782156290845,-3.997187487615441,0.026794894100021338,0.32519813648532125,0.011392804797651479,50
limited_closed_loop,45,3.2764728924166944,-4.056259678552853,0.03916129012941383,2.9353647299893586,-4.08524293091353,0.027177424602996325,0.3423372714034456,0.011983865526417503,50
limited_closed_loop,46,3.3613439061405472,-4.142663402725647,0.04013015844975598,3.002745441159702,-4.173213287250721,0.027372386462957365,0.35989742223460525,0.012757771986798616,50
limited_closed_loop,47,3.446680867111094,-4.22900835739634,0.0409819244814571,3.0703638399717064,-4.261349638675978,0.027702942676114617,0.377704200916319,0.013278981805342482,50
limited_closed_loop,48,3.5324860028248057,-4.315464790891172,0.04159943512058817,3.1382328997656685,-4.349673957801911,0.028181106066767825,0.3957344771086864,0.013418329053820344,50
limited_closed_loop,49,3.6186881197738785,-4.402126139045481,0.04216772332438268,3.2062103442432344,-4.437994948678211,0.028873838466097368,0.41403440293190313,0.01329388485828531,50
limited_closed_loop,50,3.7051997733269437,-4.488569887133271,0.042793772503500804,3.2740864792718014,-4.525975380752637,0.02985884806184913,0.432732993038414,0.012934924441651674,50
teacher_forced,0,0.0,0.0,0.0,0.0,0.0,0.0,0.0,0.0,100
teacher_forced,1,0.06304832547903061,-0.09270992875099182,0.0013967143604531884,0.06288720667362213,-0.09267666190862656,0.0010861068731173873,0.00016451733117580746,0.0003106074873358011,100
teacher_forced,2,0.12646675719583864,-0.18542926371388477,0.0017792037106119096,0.12608124654466527,-0.18537070037029257,0.001412300072843209,0.0003899334909709779,0.0003669036377687007,100
teacher_forced,3,0.18981333402071232,-0.27775803131505683,0.0018686497933231294,0.1892161030627187,-0.2778477598099086,0.0017301545885857195,0.0006039337877403109,0.00013849520473740995,100
teacher_forced,4,0.25311539296826013,-0.3699357135201501,0.0023884993279352784,0.25257089583119985,-0.37045763862541226,0.0024125832424033433,0.0007542432948126022,2.4083914468064904e-05,100
teacher_forced,5,0.31690819335827475,-0.4625223786527014,0.0032892158487811685,0.31609831151906953,-0.4630103099684229,0.0032560806430410594,0.0009455080974460989,3.3135205740109086e-05,100
teacher_forced,6,0.3805556585558177,-0.5546349452844532,0.004135688825044781,0.3795356817245657,-0.5551394805721312,0.0037233172333799303,0.0011379405049488278,0.0004123715916648507,100
teacher_forced,7,0.4441365157413114,-0.6465282005499684,0.004350121191237122,0.44312989508783085,-0.6472978394586297,0.0041662151052150875,0.0012671342429825794,0.0001839060860220343,100
teacher_forced,8,0.5080845457402643,-0.7387882361914644,0.005208888731431216,0.5066963026120457,-0.7392287141017266,0.004612559539964423,0.0014564476552472458,0.0005963291914667934,100
teacher_forced,9,0.5716192444442483,-0.8302075004934403,0.0054167463385965675,0.5701238004681729,-0.8307316385876699,0.004645191929739667,0.0015846366862479018,0.0007715544088569004,100
teacher_forced,10,0.6352753047769311,-0.9215701383632072,0.005289826061925851,0.6336289688745731,-0.9222531720724381,0.004249454254022567,0.0017824020173177696,0.0010403718079032842,100
teacher_forced,11,0.6988901582950815,-1.0130560648531917,0.004713181449915282,0.697290058325306,-1.013948808538839,0.004553540795313893,0.001832296701284722,0.00015964065460138954,100
teacher_forced,12,0.7628201132263905,-1.104820055503685,0.006140769386547618,0.7611479447700602,-1.1056289399704455,0.005666658351401566,0.0018575363864303774,0.000474111035146052,100
teacher_forced,13,0.8268854816748741,-1.196299715676022,0.0068410526582738385,0.8253281224437071,-1.1973983577639662,0.005993190465233056,0.0019058809543891506,0.0008478621930407826,100
teacher_forced,14,0.891514829752332,-1.2881781817430777,0.006625731999520212,0.889577261609694,-1.2891210762482468,0.006798341531975893,0.0021548132993936386,0.0001726095324556809,100
teacher_forced,15,0.9558617430883223,-1.3793829293364028,0.008299858251120895,0.9536962830671517,-1.3805062767098302,0.007222152355097933,0.0024394930671502568,0.0010777058960229624,100
teacher_forced,16,1.0202455613986654,-1.470605928833583,0.007612389978021383,1.0176897662614188,-1.4716431424054823,0.007094927652360639,0.0027582423347677775,0.0005174623256607447,100
teacher_forced,17,1.084316899380926,-1.5613992545371507,0.008846293087117374,1.0818804468628378,-1.5629204535132908,0.008241609724791488,0.0028723417620311383,0.0006046833623258863,100
teacher_forced,18,1.1492394135633632,-1.6528783475131905,0.010415980475954711,1.1463970924070046,-1.6542496609796362,0.00967339606359019,0.0031558343079349364,0.000742584412364522,100
teacher_forced,19,1.214034277055302,-1.7437610848156977,0.011473177233710885,1.2110832885552507,-1.745420546196121,0.010756465195299825,0.003385579005214884,0.0007167120384110603,100
teacher_forced,20,1.2792956530109614,-1.8349233958440412,0.01227517711231485,1.2759478567326803,-1.8365122578132227,0.011192601927177748,0.003705701320665764,0.0010825751851371024,100
teacher_forced,21,1.3444389321375705,-1.9256801462391115,0.012556742382002994,1.3409280738100409,-1.9276449429010873,0.011547572790732374,0.004023251436201238,0.00100916959127062,100
teacher_forced,22,1.4100033773546163,-2.0168981846724208,0.013526705937692896,1.4061804717134505,-2.0190520202353217,0.012437966823199531,0.004387894161585298,0.0010887391144933645,100
teacher_forced,23,1.4757709323891879,-2.1081155619137326,0.014610691141569987,1.4714424203535181,-2.1102166631805614,0.013432441683107754,0.004811511506419538,0.0011782494584622327,100
teacher_forced,24,1.5413269145503716,-2.1987539747644105,0.015557476290268824,1.5368364564752326,-2.201218183899568,0.014252917779231211,0.005122161690768336,0.0013045585110376123,100
teacher_forced,25,1.6073387850723277,-2.2896173123375263,0.016549759515328333,1.6025958300298333,-2.292419789362802,0.015289743834728142,0.005509038029667394,0.0012600156806001905,100
teacher_forced,26,1.67312744904668,-2.3798498538650827,0.017379015480400994,1.668155478760248,-2.382949431952155,0.015566746729746228,0.005858999304234656,0.0018122687506547663,100
teacher_forced,27,1.7391829058374686,-2.4702762649482337,0.017206388132763095,1.7338464185976246,-2.473523340032158,0.016096210540126776,0.0062467265556978655,0.0011101775926363189,100
teacher_forced,28,1.8052804006298477,-2.560628501571295,0.018897347108577378,1.799699615345506,-2.564121478544815,0.017353728264424717,0.0065837719073085395,0.001543618844152661,100
teacher_forced,29,1.8717790047788607,-2.6510875466897117,0.020121378780459054,1.865687673383281,-2.654541882096291,0.018095311850629514,0.007002624598814621,0.0020260669298295397,100
teacher_forced,30,1.9381370134849547,-2.7410581209862976,0.020519191908533685,1.9317257174923668,-2.744777012376549,0.018279324965988053,0.0074118060873892885,0.002239866942545632,100
teacher_forced,31,2.0046368161570607,-2.8311250722193058,0.020503007943261764,1.9979875079866578,-2.8351559546413125,0.018447804057359463,0.007775687252264567,0.0020552038859023014,100
teacher_forced,32,2.071411304456988,-2.921256891118688,0.020931420052875183,2.064235443928039,-2.9253207882536323,0.019475001867249375,0.008246710511127466,0.0014564181856258074,100
teacher_forced,33,2.137971658866309,-3.0108122675999325,0.022531775544848642,2.130710838278827,-3.015452857983758,0.020787730023585027,0.008617110578033512,0.0017440455212636152,100
teacher_forced,34,2.205309305312041,-3.100985923640942,0.023666541228521965,2.1976968360790767,-3.105939846743078,0.02163814045707113,0.009082457923090391,0.0020284007714508334,100
teacher_forced,35,2.2728856889885356,-3.191283508415461,0.024304096898049465,2.2646791409211664,-3.19618317224834,0.022157632829475915,0.009557935805249086,0.0021464640685735503,100
teacher_forced,36,2.3401379611188333,-3.280948602003724,0.024576604298999882,2.3314902311938366,-3.2859734038207344,0.022813092826254433,0.010001593180884418,0.0017635114727454493,100
teacher_forced,37,2.4073549266916836,-3.3703462847034826,0.025562133805578924,2.3982608264638623,-3.375511117249673,0.022953281393711222,0.010458401129419688,0.0026088524118677014,100
teacher_forced,38,2.4747554770429665,-3.4594970658513984,0.026765239008454955,2.4649330223424717,-3.464579586122127,0.024370051902224077,0.011059503996366156,0.0023951871062308783,100
teacher_forced,39,2.5417295637080852,-3.5477936632106553,0.02825586176732031,2.5318703674190903,-3.5536174983856625,0.025286070402216865,0.011450799431069558,0.002969791365103447,100
teacher_forced,40,2.6095902196413845,-3.6369155913920275,0.028161198415546096,2.5989931181465664,-3.6426503981909066,0.02548904929062701,0.012049338949168379,0.0026721491249190876,100
teacher_forced,41,2.6768553571581752,-3.725301859496011,0.028570273474542773,2.6660731730608367,-3.731546815368008,0.026063640860229498,0.012460135141806983,0.0025066326143132756,100
teacher_forced,42,2.744618074785628,-3.814029057347055,0.028332787891486078,2.733334006309024,-3.820262158056592,0.02640736457760795,0.012891149903709508,0.0019254233138781274,100
teacher_forced,43,2.8121969417353143,-3.9022637428302263,0.02957054760736355,2.8007414422282277,-3.9089112038508333,0.02714592229676782,0.013244516109596132,0.0024246253105957294,100
teacher_forced,44,2.8798333794663598,-3.99014725366086,0.02944112319346459,2.8680782156290845,-3.997187487615441,0.026794894100021338,0.013702144758263902,0.002646229093443253,100
teacher_forced,45,2.9475724306693203,-4.078088777098108,0.030241888138334616,2.9353647299893586,-4.08524293091353,0.027177424602996325,0.014149553798839785,0.003064463535338291,100
teacher_forced,46,3.015293061592331,-4.165769631773367,0.0305091250102123,3.002745441159702,-4.173213287250721,0.027372386462957365,0.014589406615310397,0.003136738547254936,100
teacher_forced,47,3.083191045226827,-4.253472114472104,0.030877266201059683,3.0703638399717064,-4.261349638675978,0.027702942676114617,0.015052992467931773,0.0031743235249450663,100
teacher_forced,48,3.1514082045460303,-4.341339483451294,0.031203666445435374,3.1382328997656685,-4.349673957801911,0.028181106066767825,0.015590128888386961,0.0030225603786675492,100
teacher_forced,49,3.2197850539068167,-4.429452004334672,0.03189119729177037,3.2062103442432344,-4.437994948678211,0.028873838466097368,0.016039159594797077,0.003017358825673,100
teacher_forced,50,3.288197573410852,-4.517359188724265,0.03264660682725662,3.2740864792718014,-4.525975380752637,0.02985884806184913,0.01653365485520186,0.0027877587654074887,100
teacher_forced,51,3.356099266811538,-4.604410767758869,0.033118173631009995,3.3419219570403884,-4.613512966703989,0.030496968694933457,0.016847733912419408,0.0026212049360765377,100
teacher_forced,52,3.4245940566365443,-4.69196892824923,0.033841750910141855,3.410032295078046,-4.701156288756167,0.031092806875676615,0.017217795816276218,0.0027489440344652394,100
teacher_forced,53,3.4930698255847945,-4.779226127129374,0.03417897053259367,3.478390376079833,-4.788872473598974,0.03155612047339673,0.01756525655890825,0.002622850059196935,100
teacher_forced,54,3.5620847489693386,-4.866959368051208,0.03479694834641123,3.5468095362966117,-4.876511144458439,0.03196303099321085,0.018015786264572866,0.002833917353200377,100
teacher_forced,55,3.630736526622133,-4.954069822811026,0.03518762774729112,3.6151479624734124,-4.963870048229175,0.03226276982968557,0.018413249318502217,0.00292485791760555,100
teacher_forced,56,3.6996123885875702,-5.041199251693172,0.03566787002455385,3.6836870273760045,-5.051332504307452,0.032327675082342466,0.01887590893874151,0.003340194942211383,100
teacher_forced,57,3.76867687209951,-5.128358646407229,0.035439997000139556,3.7523495311953936,-5.138901278637085,0.03243016604028526,0.019435255473835043,0.0030098309598542983,100
teacher_forced,58,3.8378054562451496,-5.215666321623593,0.03604529188851302,3.821000265745352,-5.22629901082034,0.03308205389112118,0.019886390001433205,0.0029632379973918432,100
teacher_forced,59,3.9068517590913157,-5.30252895982787,0.03707775912153011,3.8897862034909694,-5.313512768341076,0.03361758928440395,0.02029475886536447,0.003460169837126159,100
teacher_forced,60,3.9762991608075704,-5.389479200037608,0.0372932129594119,3.9589115757077447,-5.40089105528466,0.033997119066043524,0.020798042114183325,0.003296093893368379,100
teacher_forced,61,4.045747248998832,-5.476252739891603,0.037324982609789004,4.02792768042882,-5.4878932783958945,0.03471099533999222,0.02128471659880039,0.0026139872697967803,100
teacher_forced,62,4.115285054981075,-5.562974674794024,0.038805055928605725,4.097070138199753,-5.574795088537226,0.0362283265676524,0.02171417450447882,0.0025767293609533226,100
teacher_forced,63,4.185083956688932,-5.649402695888019,0.04009423722345673,4.1666327367538685,-5.66179159010481,0.03724872735256213,0.02222458586806399,0.0028455098708946025,100
teacher_forced,64,4.255473786032627,-5.736306339644416,0.040863073054424603,4.2364789965266,-5.7488521905100365,0.03765943039252306,0.022764015513978896,0.00320364266190154,100
teacher_forced,65,4.325787228855968,-5.822972492023087,0.04122340789945156,4.306514994432111,-5.835982103696886,0.03789512414005003,0.02325229054504421,0.003328283759401529,100
teacher_forced,66,4.396513726074693,-5.909986960727208,0.04150233473228582,4.376640475677294,-5.923087361020273,0.0381365407629346,0.023802658868207757,0.0033657939693512162,100
teacher_forced,67,4.467000907516094,-5.996535433000876,0.041820823769739945,4.446694176258282,-6.0099823591391015,0.03833500362452469,0.024355351710535964,0.003485820145215257,100
teacher_forced,68,4.537616823741094,-6.083118552512418,0.04210427720863663,4.517000544222913,-6.097068307606113,0.03849651087875827,0.02489230098536153,0.003607766329878359,100
teacher_forced,69,4.608649293298837,-6.170016654001462,0.042456251774638076,4.587390554886443,-6.184128335060418,0.03859224493135116,0.025516141973196446,0.0038640068432869157,100
teacher_forced,70,4.679434248757957,-6.256466742198909,0.04269756043686357,4.65783970905288,-6.271095578774571,0.03888239970183349,0.02608307889478533,0.0038151607350300765,100
teacher_forced,71,4.750573485310563,-6.343161633658507,0.04323142806424585,4.728749943672567,-6.358401275197512,0.04030960102318204,0.026617919600574736,0.002921827041063807,100
teacher_forced,72,4.822340967305904,-6.430273826136589,0.04529470244779077,4.800059401352589,-6.445796601128441,0.04162479252772755,0.027155565263489195,0.003669909920063219,100
teacher_forced,73,4.8942979207492385,-6.517173876864254,0.045677218806304154,4.87176371252679,-6.533348348766229,0.0431695386323554,0.027738134067028776,0.0025076801739487564,100
teacher_forced,74,4.96688567775589,-6.604564720962697,0.04824558830478054,4.943818899290054,-6.6209641023805625,0.044387402853317326,0.028302225701887247,0.003858185451463214,100
teacher_forced,75,5.0394834223448175,-6.691609982415362,0.048183121887632296,5.016108124327145,-6.708526935687498,0.04496760174151859,0.028854598687672588,0.003215520146113704,100
teacher_forced,76,5.112381604248607,-6.77895047006098,0.04971373621992825,5.08926505864159,-6.79670896100229,0.04794335548285744,0.02915027755123167,0.0017703807370708091,100
teacher_forced,77,5.1868038152449945,-6.867211221681996,0.05404162994273065,5.163892219015517,-6.885444121499526,0.052124936100881314,0.029281049802537373,0.0019166938418493373,100
teacher_forced,78,5.26288003096629,-6.9556568171667355,0.05810129624478577,5.240109570803092,-6.974608528191224,0.05549121737931273,0.02962534737010683,0.0026100788654730422,100
teacher_forced,79,5.340571614392513,-7.044698225465083,0.06132436525695084,5.317785107445193,-7.064312088184924,0.05890978939351044,0.030065403866454468,0.0024145758634404046,100
teacher_forced,80,5.419622556130681,-7.1339834216842535,0.06560008442647813,5.396032859942277,-7.153248662463218,0.064142612474825,0.030456908387632643,0.0014574719516531331,100
teacher_forced,81,5.498590821480828,-7.221350719954423,0.07244610395900963,5.474418154144437,-7.240400222500111,0.07077491769086919,0.030776637135886208,0.0016711862681404455,100
teacher_forced,82,5.577934972964545,-7.3071853566601845,0.0796575358199334,5.5535265678873404,-7.326350860329033,0.07633583314236603,0.03103363931757842,0.003321702677567373,100
teacher_forced,83,5.6582982017779635,-7.392116391129964,0.08434000919260143,5.63345495935924,-7.411278039203298,0.0810979923371633,0.031374439449363745,0.0032420168554381235,100
teacher_forced,84,5.739279904042164,-7.475711997161083,0.08979517156876682,5.714233744120455,-7.495131166681034,0.08682553117614589,0.031692495510268516,0.0029696403926209314,100
teacher_forced,85,5.821412156012608,-7.558341408595644,0.09614022151254176,5.796095919054412,-7.578238420303691,0.09329777324091992,0.03219942435252016,0.0028424482716218336,100
teacher_forced,86,5.904627655072189,-7.640354433481253,0.10276085958503245,5.878962085665966,-7.660728583160436,0.09976717570316396,0.032769306188801015,0.002993683881868492,100
teacher_forced,87,5.988741815551096,-7.721733823047808,0.1089796305695927,5.962164534756227,-7.741690750832114,0.10617904757600627,0.03323598683712131,0.0028005829935864313,100
teacher_forced,88,6.072537080752934,-7.800609048903548,0.11571064014606236,6.045961788053704,-7.820985196525856,0.11278816984486184,0.03348781231994473,0.0029224703012005193,100
teacher_forced,89,6.157851629930227,-7.878496728185146,0.1225038928041613,6.13120738920916,-7.899432767304982,0.11906814222675166,0.03388559129821232,0.0034357505774096353,100
teacher_forced,90,6.244506649517898,-7.955689859249687,0.12870463058970927,6.217469347749697,-7.9767201703032455,0.12494433784377179,0.034253316188570304,0.003760292745937477,100
teacher_forced,91,6.331840210825327,-8.031239723678775,0.1348993017400062,6.304130664680339,-8.052210601983413,0.1309388514746388,0.03475049185880885,0.003960450265367399,100
teacher_forced,92,6.419376096389229,-8.10472406419977,0.14133510161809681,6.391829701634433,-8.126721009601555,0.13630415705483756,0.0352515172864398,0.005030944563259254,100
teacher_forced,93,6.508815747397671,-8.178374053794949,0.14667231897510646,6.480781397960721,-8.200617478369056,0.141512477039214,0.03578679484302872,0.005159841935892473,100
teacher_forced,94,6.598905739692384,-8.250667296253738,0.15325371483959316,6.570308151233294,-8.273384263428982,0.14789265088256798,0.036522358402991686,0.005361063957025181,100
teacher_forced,95,6.689654230480549,-8.321792115841784,0.1603368626037991,6.660806181324134,-8.345271333592333,0.1545361412827333,0.0371952094537535,0.005800721321065794,100
teacher_forced,96,6.781833120149351,-8.391995380577187,0.1669069321887946,6.752237767853755,-8.416048652652863,0.16094740919288597,0.038137183627621606,0.005959522995908628,100
teacher_forced,97,6.874425260918378,-8.460780554675805,0.17352214949823974,6.844504444898966,-8.485576627626267,0.16745399424326024,0.038860011130108,0.0060681552549795015,100
teacher_forced,98,6.968185771734725,-8.528441830432781,0.18026192980505584,6.938099570573249,-8.5541826758558,0.17399206265326939,0.039595083323824026,0.006269867151786457,100
teacher_forced,99,7.063417623181696,-8.595325003095729,0.1868837986203289,7.032713052458173,-8.621892187419792,0.1808693806779047,0.04060278249362448,0.006014417942424188,100
teacher_forced,100,7.159174339029003,-8.66132597110537,0.1941512378925836,7.127560106578025,-8.687769058183436,0.1883459563505312,0.04121524654399929,0.0058052815420523984,100
limited_closed_loop,0,0.0,0.0,0.0,0.0,0.0,0.0,0.0,0.0,100
limited_closed_loop,1,0.06304832547903061,-0.09270992875099182,0.0013967143604531884,0.06288720667362213,-0.09267666190862656,0.0010861068731173873,0.00016451733117580746,0.0003106074873358011,100
limited_closed_loop,2,0.12654628133720625,-0.18542147108521423,0.0025750903878360987,0.12608124654466527,-0.18537070037029257,0.001412300072843209,0.00046779805874681504,0.0011627903149928898,100
limited_closed_loop,3,0.19050733565398126,-0.2777127345537287,0.003342921903822571,0.1892161030627187,-0.2778477598099086,0.0017301545885857195,0.00129827324725772,0.0016127673152368516,100
limited_closed_loop,4,0.25490931360324415,-0.3697983960967758,0.00389148952672258,0.25257089583119985,-0.37045763862541226,0.0024125832424033433,0.002429567531100058,0.0014789062843192369,100
limited_closed_loop,5,0.31969816672738655,-0.46228797702832797,0.004470905929338187,0.31609831151906953,-0.4630103099684229,0.0032560806430410594,0.003671610327525695,0.0012148252862971276,100
limited_closed_loop,6,0.38483818093020594,-0.5543206830427732,0.0051948600448668,0.3795356817245657,-0.5551394805721312,0.0037233172333799303,0.005365345023379049,0.00147154281148687,100
limited_closed_loop,7,0.450320239061568,-0.6461334771008742,0.006013263307977468,0.44312989508783085,-0.6472978394586297,0.0041662151052150875,0.007284008934701818,0.0018470482027623802,100
limited_closed_loop,8,0.5161480696169578,-0.7382692800658253,0.006883273192215711,0.5066963026120457,-0.7392287141017266,0.004612559539964423,0.009500337530024475,0.0022707136522512883,100
limited_closed_loop,9,0.5823210173046554,-0.8295560613117807,0.0077493611024692655,0.5701238004681729,-0.8307316385876699,0.004645191929739667,0.012253737408960495,0.0031041691727295984,100
limited_closed_loop,10,0.6488454358627477,-0.9207396194864457,0.008381651481613517,0.6336289688745731,-0.9222531720724381,0.004249454254022567,0.015291556789050979,0.00413219722759095,100
limited_closed_loop,11,0.7156580342445865,-1.0119791322984444,0.00874623074196279,0.697290058325306,-1.013948808538839,0.004553540795313893,0.018473282433375083,0.004192689946648898,100
limited_closed_loop,12,0.7826319645666627,-1.1034753321110302,0.009155370615189895,0.7611479447700602,-1.1056289399704455,0.005666658351401566,0.021591691305521778,0.0034887122637883294,100
limited_closed_loop,13,0.8497310622094515,-1.1947459823654414,0.009579839505022392,0.8253281224437071,-1.1973983577639662,0.005993190465233056,0.024546660963667696,0.003586649039789336,100
limited_closed_loop,14,0.9170535291231373,-1.2864228938481148,0.00988902332028374,0.889577261609694,-1.2891210762482468,0.006798341531975893,0.02760843104442344,0.0030906817883078475,100
limited_closed_loop,15,0.9847101271274962,-1.377376288344417,0.010162985825445503,0.9536962830671517,-1.3805062767098302,0.007222152355097933,0.031171386728328043,0.0029408334703475703,100
limited_closed_loop,16,1.0527379529540004,-1.4684327558786388,0.010598632274195552,1.0176897662614188,-1.4716431424054823,0.007094927652360639,0.03519491400884212,0.0035037046218349133,100
limited_closed_loop,17,1.1211570133170154,-1.5589883096230739,0.011661938158795238,1.0818804468628378,-1.5629204535132908,0.008241609724791488,0.03947290751899084,0.00342032843400375,100
limited_closed_loop,18,1.190095295285863,-1.6502354909181514,0.013171772588975728,1.1463970924070046,-1.6542496609796362,0.00967339606359019,0.04388218882558605,0.003498376525385538,100
limited_closed_loop,19,1.2596056215162958,-1.7408745052087216,0.014402442728169262,1.2110832885552507,-1.745420546196121,0.010756465195299825,0.048734826198947735,0.0036459775328694377,100
limited_closed_loop,20,1.3296974300811406,-1.8317720437379346,0.015271595038939267,1.2759478567326803,-1.8365122578132227,0.011192601927177748,0.05395818996798424,0.00407899311176152,100
limited_closed_loop,21,1.4003625832436037,-1.922250084043216,0.0161962469574064,1.3409280738100409,-1.9276449429010873,0.011547572790732374,0.05967885231557849,0.004648674166674027,100
limited_closed_loop,22,1.4716805222940132,-2.013137840028834,0.017411419306881726,1.4061804717134505,-2.0190520202353217,0.012437966823199531,0.06576651240237001,0.004973452483682195,100
limited_closed_loop,23,1.5436950157986915,-2.103987444926099,0.01868377171922475,1.4714424203535181,-2.1102166631805614,0.013432441683107754,0.07252062264367022,0.005251330036116997,100
limited_closed_loop,24,1.616346539050692,-2.1942291889179804,0.01982056419365108,1.5368364564752326,-2.201218183899568,0.014252917779231211,0.07981666042881659,0.005567646414419869,100
limited_closed_loop,25,1.6896106780437157,-2.284669429284411,0.021083597443066537,1.6025958300298333,-2.292419789362802,0.015289743834728142,0.08735932609758253,0.005793853608338395,100
limited_closed_loop,26,1.7634857180714678,-2.374425179461465,0.02228558494243771,1.668155478760248,-2.382949431952155,0.015566746729746228,0.09571059193035787,0.00671883821269148,100
limited_closed_loop,27,1.8379568706921894,-2.4643507389583377,0.02322515327250585,1.7338464185976246,-2.473523340032158,0.016096210540126776,0.10451374476973892,0.007128942732379073,100
limited_closed_loop,28,1.9130164266919576,-2.554102378280676,0.024326476675923914,1.799699615345506,-2.564121478544815,0.017353728264424717,0.11375887703309207,0.006972748411499197,100
limited_closed_loop,29,1.988734043868097,-2.643979754008514,0.025754019676242024,1.865687673383281,-2.654541882096291,0.018095311850629514,0.12349885764341785,0.00765870782561251,100
limited_closed_loop,30,2.0651055553734885,-2.7333165529108467,0.02711704740067944,1.9317257174923668,-2.744777012376549,0.018279324965988053,0.1338712937278165,0.008837722434691386,100
limited_closed_loop,31,2.142070195985052,-2.822662443418962,0.02806291787419468,1.9979875079866578,-2.8351559546413125,0.018447804057359463,0.14462333422897436,0.009615113816835219,100
limited_closed_loop,32,2.2195655055878167,-2.9119898062734215,0.02867879963014275,2.064235443928039,-2.9253207882536323,0.019475001867249375,0.15590106842413592,0.009203797762893373,100
limited_closed_loop,33,2.297556982855841,-3.0007152389107152,0.02925323718227446,2.130710838278827,-3.015452857983758,0.020787730023585027,0.16749577121872647,0.008465507158689434,100
limited_closed_loop,34,2.376147514195146,-3.0901150125285706,0.0302008445141837,2.1976968360790767,-3.105939846743078,0.02163814045707113,0.17915096957036436,0.008562704057112569,100
limited_closed_loop,35,2.4553743570859274,-3.179619625571111,0.03135479870252311,2.2646791409211664,-3.19618317224834,0.022157632829475915,0.19141320891373634,0.009197165873047197,100
limited_closed_loop,36,2.5351736667543188,-3.268407646479177,0.03226812946377322,2.3314902311938366,-3.2859734038207344,0.022813092826254433,0.20443947210043265,0.009455036637518788,100
limited_closed_loop,37,2.6155240775221706,-3.356879818420179,0.03300401213346049,2.3982608264638623,-3.375511117249673,0.022953281393711222,0.2180606465103216,0.01005073073974927,100
limited_closed_loop,38,2.6964203842190364,-3.445092207624895,0.03388128674123436,2.4649330223424717,-3.464579586122127,0.024370051902224077,0.23230617001979523,0.009511234839010285,100
limited_closed_loop,39,2.777831972713852,-3.5324542779947645,0.03481603303225711,2.5318703674190903,-3.5536174983856625,0.025286070402216865,0.24687039752973602,0.009529962630040245,100
limited_closed_loop,40,2.8597743140097727,-3.620638175299565,0.03539429180091247,2.5989931181465664,-3.6426503981909066,0.02548904929062701,0.26170855941765075,0.009905242510285461,100
limited_closed_loop,41,2.942141731720824,-3.7079992326252835,0.03581307179410942,2.6660731730608367,-3.731546815368008,0.026063640860229498,0.27707099764072785,0.009749430933879921,100
limited_closed_loop,42,3.024966543481403,-3.795699463647502,0.03645688688266091,2.733334006309024,-3.820262158056592,0.02640736457760795,0.29266510330791623,0.01004952230505296,100
limited_closed_loop,43,3.108270390899433,-3.8828053541156167,0.03727925071143545,2.8007414422282277,-3.9089112038508333,0.02714592229676782,0.3086350104269029,0.01013332841466763,100
limited_closed_loop,44,3.1920997480968123,-3.969549208530251,0.03818769889767282,2.8680782156290845,-3.997187487615441,0.026794894100021338,0.32519813648532125,0.011392804797651479,100
limited_closed_loop,45,3.2764728924166944,-4.056259678552853,0.03916129012941383,2.9353647299893586,-4.08524293091353,0.027177424602996325,0.3423372714034456,0.011983865526417503,100
limited_closed_loop,46,3.3613439061405472,-4.142663402725647,0.04013015844975598,3.002745441159702,-4.173213287250721,0.027372386462957365,0.35989742223460525,0.012757771986798616,100
limited_closed_loop,47,3.446680867111094,-4.22900835739634,0.0409819244814571,3.0703638399717064,-4.261349638675978,0.027702942676114617,0.377704200916319,0.013278981805342482,100
limited_closed_loop,48,3.5324860028248057,-4.315464790891172,0.04159943512058817,3.1382328997656685,-4.349673957801911,0.028181106066767825,0.3957344771086864,0.013418329053820344,100
limited_closed_loop,49,3.6186881197738785,-4.402126139045481,0.04216772332438268,3.2062103442432344,-4.437994948678211,0.028873838466097368,0.41403440293190313,0.01329388485828531,100
limited_closed_loop,50,3.7051997733269437,-4.488569887133271,0.042793772503500804,3.2740864792718014,-4.525975380752637,0.02985884806184913,0.432732993038414,0.012934924441651674,100
limited_closed_loop,51,3.791962468788904,-4.574143834907986,0.043436120584374294,3.3419219570403884,-4.613512966703989,0.030496968694933457,0.4517592176737923,0.012939151889440836,100
limited_closed_loop,52,3.8790215444226424,-4.660213776830346,0.04402239804039709,3.410032295078046,-4.701156288756167,0.031092806875676615,0.47077298699437264,0.012929591164720478,100
limited_closed_loop,53,3.9663704328681875,-4.74593336754211,0.04450382755021565,3.478390376079833,-4.788872473598974,0.03155612047339673,0.48986559651819617,0.012947707076818915,100
limited_closed_loop,54,4.054081582965493,-4.832122640751735,0.04506308081909083,3.5468095362966117,-4.876511144458439,0.03196303099321085,0.5092104364532953,0.013100049825879978,100
limited_closed_loop,55,4.14217081825386,-4.917657860128158,0.04582601468428038,3.6151479624734124,-4.963870048229175,0.03226276982968557,0.529045042358458,0.013563244854594814,100
limited_closed_loop,56,4.230713035580301,-5.003139556281878,0.046737866854527965,3.6836870273760045,-5.051332504307452,0.032327675082342466,0.5491448022983764,0.014410191772185499,100
limited_closed_loop,57,4.319757400215179,-5.088589757102243,0.04751053379732184,3.7523495311953936,-5.138901278637085,0.03243016604028526,0.5696340395593693,0.015080367757036583,100
limited_closed_loop,58,4.409277509479308,-5.1741162763733906,0.048196486808592454,3.821000265745352,-5.22629901082034,0.03308205389112118,0.590587125892176,0.015114432917471277,100
limited_closed_loop,59,4.499172866859925,-5.2591576746469455,0.04910954859224148,3.8897862034909694,-5.313512768341076,0.03361758928440395,0.6118060000543035,0.015491959307837533,100
limited_closed_loop,60,4.589524450610795,-5.344247435902372,0.05006957790465094,3.9589115757077447,-5.40089105528466,0.033997119066043524,0.6331517176871714,0.016072458838607417,100
limited_closed_loop,61,4.680377805153907,-5.429066328014628,0.05092007733765058,4.02792768042882,-5.4878932783958945,0.03471099533999222,0.6550967679243592,0.01620908199765836,100
limited_closed_loop,62,4.771740274093519,-5.513746629847736,0.05168420702102594,4.097070138199753,-5.574795088537226,0.0362283265676524,0.6774265322345105,0.015455880453373538,100
limited_closed_loop,63,4.863636857035576,-5.5981461325385515,0.05239682286628522,4.1666327367538685,-5.66179159010481,0.03724872735256213,0.6999039133756119,0.015148095513723092,100
limited_closed_loop,64,4.956145515482952,-5.683042680946534,0.053398234565975145,4.2364789965266,-5.7488521905100365,0.03765943039252306,0.7226692120574543,0.01573880417345208,100
limited_closed_loop,65,5.049236068687273,-5.767611476268888,0.05468967687920667,4.306514994432111,-5.835982103696886,0.03789512414005003,0.7458613388811896,0.016794552739156643,100
limited_closed_loop,66,5.142933902986828,-5.852423450850947,0.05580696547986008,4.376640475677294,-5.923087361020273,0.0381365407629346,0.7695446737767796,0.01767042471692548,100
limited_closed_loop,67,5.237165887818116,-5.936645284746153,0.05660067344433628,4.446694176258282,-6.0099823591391015,0.03833500362452469,0.7938663950923044,0.018265669819811592,100
limited_closed_loop,68,5.331935313746693,-6.020831393192146,0.05724840328912251,4.517000544222913,-6.097068307606113,0.03849651087875827,0.8184929722961211,0.018751892410364235,100
limited_closed_loop,69,5.427250389654986,-6.105299830368101,0.05795225701876916,4.587390554886443,-6.184128335060418,0.03859224493135116,0.8435511100161461,0.019360012087418,100
limited_closed_loop,70,5.523047947964289,-6.189234574450201,0.058796472469111905,4.65783970905288,-6.271095578774571,0.03888239970183349,0.8690722183507983,0.019914072767278412,100
limited_closed_loop,71,5.619344996859402,-6.273334912028944,0.05956909936503507,4.728749943672567,-6.358401275197512,0.04030960102318204,0.8946484420729673,0.019259498341853032,100
limited_closed_loop,72,5.716152581928075,-6.357853603118697,0.0601991476432886,4.800059401352589,-6.445796601128441,0.04162479252772755,0.9203046704194499,0.018574355115561048,100
limited_closed_loop,73,5.81345082169623,-6.442163366745592,0.06096754429745488,4.87176371252679,-6.533348348766229,0.0431695386323554,0.9460915983782966,0.01779800566509948,100
limited_closed_loop,74,5.911342155746005,-6.526920825772217,0.06207981632906012,4.943818899290054,-6.6209641023805625,0.044387402853317326,0.972083015826509,0.017692413475742796,100
limited_closed_loop,75,6.009777644304824,-6.611347517334606,0.06360617975587957,5.016108124327145,-6.708526935687498,0.04496760174151859,0.998410213431372,0.018638578014360974,100
limited_closed_loop,76,6.108698076535043,-6.695929053255625,0.06531198296579532,5.08926505864159,-6.79670896100229,0.04794335548285744,1.0244023954368606,0.01736862748293788,100
limited_closed_loop,77,6.2081929083890826,-6.781386723582434,0.06724121942534111,5.163892219015517,-6.885444121499526,0.052124936100881314,1.049472187286247,0.0151162833244598,100
limited_closed_loop,78,6.30844554843876,-6.8671946405162565,0.07012539645074867,5.240109570803092,-6.974608528191224,0.05549121737931273,1.07372226594041,0.014634179071435938,100
limited_closed_loop,79,6.409668384329031,-6.953634015268623,0.07419248958467506,5.317785107445193,-7.064312088184924,0.05890978939351044,1.0974783488356632,0.015282700191164622,100
limited_closed_loop,80,6.511997248102209,-7.040182460530103,0.07896052449359559,5.396032859942277,-7.153248662463218,0.064142612474825,1.1216775301577324,0.014817912018770585,100
limited_closed_loop,81,6.615391727371083,-7.124569304651002,0.0846025334612932,5.474418154144437,-7.240400222500111,0.07077491769086919,1.1468380427642555,0.013827615770424018,100
limited_closed_loop,82,6.719896909783836,-7.207290504313394,0.0915379632206168,5.5535265678873404,-7.326350860329033,0.07633583314236603,1.172431295569305,0.015202130078250775,100
limited_closed_loop,83,6.825625728630616,-7.288984445302309,0.09900909577845596,5.63345495935924,-7.411278039203298,0.0810979923371633,1.19842682972901,0.017911103441292653,100
limited_closed_loop,84,6.932580989842796,-7.368948608805435,0.1061561769747641,5.714233744120455,-7.495131166681034,0.08682553117614589,1.2248640941227897,0.019330645798618207,100
limited_closed_loop,85,7.040756278222241,-7.447594659170729,0.11291116251959465,5.796095919054412,-7.578238420303691,0.09329777324091992,1.2514979832212094,0.01961338927867473,100
limited_closed_loop,86,7.150130430073295,-7.5253577119256745,0.11937293558730744,5.878962085665966,-7.660728583160436,0.09976717570316396,1.2783560664392872,0.01960575988414348,100
limited_closed_loop,87,7.260622525121769,-7.602269189432016,0.12566748037352227,5.962164534756227,-7.741690750832114,0.10617904757600627,1.3059217145477604,0.019488432797515998,100
limited_closed_loop,88,7.37190269798685,-7.676364954200935,0.1321091019490268,6.045961788053704,-7.820985196525856,0.11278816984486184,1.3338044501067081,0.019320932104164967,100
limited_closed_loop,89,7.484222063677286,-7.7493572825197035,0.13889996483339928,6.13120738920916,-7.899432767304982,0.11906814222675166,1.3613123669678553,0.01983182260664762,100
limited_closed_loop,90,7.597614711541331,-7.821495936960467,0.145978956570616,6.217469347749697,-7.9767201703032455,0.12494433784377179,1.3888469274230313,0.0210346187268442,100
limited_closed_loop,91,7.711953108076333,-7.89170641903293,0.15327645614161156,6.304130664680339,-8.052210601983413,0.1309388514746388,1.4169423505824326,0.022337604666972766,100
limited_closed_loop,92,7.827216718128776,-7.959438738355859,0.1606786987686064,6.391829701634433,-8.126721009601555,0.13630415705483756,1.4451018114284027,0.02437454171376885,100
limited_closed_loop,93,7.943681096862944,-8.027176018237398,0.16823611650033854,6.480781397960721,-8.200617478369056,0.141512477039214,1.4731454338051004,0.02672363946112455,100
limited_closed_loop,94,8.060999283083918,-8.09314957457222,0.1761155823187437,6.570308151233294,-8.273384263428982,0.14789265088256798,1.5015473997331512,0.028222931436175713,100
limited_closed_loop,95,8.179373949793053,-8.157556394427212,0.1840635068656411,6.660806181324134,-8.345271333592333,0.1545361412827333,1.530125800651187,0.029527365582907805,100
limited_closed_loop,96,8.299036552597576,-8.220758701801415,0.19178613516851328,6.752237767853755,-8.416048652652863,0.16094740919288597,1.559078139603183,0.030838725975627312,100
limited_closed_loop,97,8.419786603144162,-8.282069387984624,0.19928429237916134,6.844504444898966,-8.485576627626267,0.16745399424326024,1.58837309051501,0.0318302981359011,100
limited_closed_loop,98,8.541564362535603,-8.341958327242253,0.20665424744947813,6.938099570573249,-8.5541826758558,0.17399206265326939,1.6174481485374785,0.03266218479620875,100
limited_closed_loop,99,8.664417126344222,-8.400852735588705,0.21394751276238821,7.032713052458173,-8.621892187419792,0.1808693806779047,1.6466076108175007,0.033078132084483514,100
limited_closed_loop,100,8.78821539681676,-8.458471897716517,0.22118091126321815,7.127560106578025,-8.687769058183436,0.1883459563505312,1.6764108031136307,0.03283495491268695,100
teacher_forced,0,0.0,0.0,0.0,0.0,0.0,0.0,0.0,0.0,200
teacher_forced,1,0.06304832547903061,-0.09270992875099182,0.0013967143604531884,0.06288720667362213,-0.09267666190862656,0.0010861068731173873,0.00016451733117580746,0.0003106074873358011,200
teacher_forced,2,0.12646675719583864,-0.18542926371388477,0.0017792037106119096,0.12608124654466527,-0.18537070037029257,0.001412300072843209,0.0003899334909709779,0.0003669036377687007,200
teacher_forced,3,0.18981333402071232,-0.27775803131505683,0.0018686497933231294,0.1892161030627187,-0.2778477598099086,0.0017301545885857195,0.0006039337877403109,0.00013849520473740995,200
teacher_forced,4,0.25311539296826013,-0.3699357135201501,0.0023884993279352784,0.25257089583119985,-0.37045763862541226,0.0024125832424033433,0.0007542432948126022,2.4083914468064904e-05,200
teacher_forced,5,0.31690819335827475,-0.4625223786527014,0.0032892158487811685,0.31609831151906953,-0.4630103099684229,0.0032560806430410594,0.0009455080974460989,3.3135205740109086e-05,200
teacher_forced,6,0.3805556585558177,-0.5546349452844532,0.004135688825044781,0.3795356817245657,-0.5551394805721312,0.0037233172333799303,0.0011379405049488278,0.0004123715916648507,200
teacher_forced,7,0.4441365157413114,-0.6465282005499684,0.004350121191237122,0.44312989508783085,-0.6472978394586297,0.0041662151052150875,0.0012671342429825794,0.0001839060860220343,200
teacher_forced,8,0.5080845457402643,-0.7387882361914644,0.005208888731431216,0.5066963026120457,-0.7392287141017266,0.004612559539964423,0.0014564476552472458,0.0005963291914667934,200
teacher_forced,9,0.5716192444442483,-0.8302075004934403,0.0054167463385965675,0.5701238004681729,-0.8307316385876699,0.004645191929739667,0.0015846366862479018,0.0007715544088569004,200
teacher_forced,10,0.6352753047769311,-0.9215701383632072,0.005289826061925851,0.6336289688745731,-0.9222531720724381,0.004249454254022567,0.0017824020173177696,0.0010403718079032842,200
teacher_forced,11,0.6988901582950815,-1.0130560648531917,0.004713181449915282,0.697290058325306,-1.013948808538839,0.004553540795313893,0.001832296701284722,0.00015964065460138954,200
teacher_forced,12,0.7628201132263905,-1.104820055503685,0.006140769386547618,0.7611479447700602,-1.1056289399704455,0.005666658351401566,0.0018575363864303774,0.000474111035146052,200
teacher_forced,13,0.8268854816748741,-1.196299715676022,0.0068410526582738385,0.8253281224437071,-1.1973983577639662,0.005993190465233056,0.0019058809543891506,0.0008478621930407826,200
teacher_forced,14,0.891514829752332,-1.2881781817430777,0.006625731999520212,0.889577261609694,-1.2891210762482468,0.006798341531975893,0.0021548132993936386,0.0001726095324556809,200
teacher_forced,15,0.9558617430883223,-1.3793829293364028,0.008299858251120895,0.9536962830671517,-1.3805062767098302,0.007222152355097933,0.0024394930671502568,0.0010777058960229624,200
teacher_forced,16,1.0202455613986654,-1.470605928833583,0.007612389978021383,1.0176897662614188,-1.4716431424054823,0.007094927652360639,0.0027582423347677775,0.0005174623256607447,200
teacher_forced,17,1.084316899380926,-1.5613992545371507,0.008846293087117374,1.0818804468628378,-1.5629204535132908,0.008241609724791488,0.0028723417620311383,0.0006046833623258863,200
teacher_forced,18,1.1492394135633632,-1.6528783475131905,0.010415980475954711,1.1463970924070046,-1.6542496609796362,0.00967339606359019,0.0031558343079349364,0.000742584412364522,200
teacher_forced,19,1.214034277055302,-1.7437610848156977,0.011473177233710885,1.2110832885552507,-1.745420546196121,0.010756465195299825,0.003385579005214884,0.0007167120384110603,200
teacher_forced,20,1.2792956530109614,-1.8349233958440412,0.01227517711231485,1.2759478567326803,-1.8365122578132227,0.011192601927177748,0.003705701320665764,0.0010825751851371024,200
teacher_forced,21,1.3444389321375705,-1.9256801462391115,0.012556742382002994,1.3409280738100409,-1.9276449429010873,0.011547572790732374,0.004023251436201238,0.00100916959127062,200
teacher_forced,22,1.4100033773546163,-2.0168981846724208,0.013526705937692896,1.4061804717134505,-2.0190520202353217,0.012437966823199531,0.004387894161585298,0.0010887391144933645,200
teacher_forced,23,1.4757709323891879,-2.1081155619137326,0.014610691141569987,1.4714424203535181,-2.1102166631805614,0.013432441683107754,0.004811511506419538,0.0011782494584622327,200
teacher_forced,24,1.5413269145503716,-2.1987539747644105,0.015557476290268824,1.5368364564752326,-2.201218183899568,0.014252917779231211,0.005122161690768336,0.0013045585110376123,200
teacher_forced,25,1.6073387850723277,-2.2896173123375263,0.016549759515328333,1.6025958300298333,-2.292419789362802,0.015289743834728142,0.005509038029667394,0.0012600156806001905,200
teacher_forced,26,1.67312744904668,-2.3798498538650827,0.017379015480400994,1.668155478760248,-2.382949431952155,0.015566746729746228,0.005858999304234656,0.0018122687506547663,200
teacher_forced,27,1.7391829058374686,-2.4702762649482337,0.017206388132763095,1.7338464185976246,-2.473523340032158,0.016096210540126776,0.0062467265556978655,0.0011101775926363189,200
teacher_forced,28,1.8052804006298477,-2.560628501571295,0.018897347108577378,1.799699615345506,-2.564121478544815,0.017353728264424717,0.0065837719073085395,0.001543618844152661,200
teacher_forced,29,1.8717790047788607,-2.6510875466897117,0.020121378780459054,1.865687673383281,-2.654541882096291,0.018095311850629514,0.007002624598814621,0.0020260669298295397,200
teacher_forced,30,1.9381370134849547,-2.7410581209862976,0.020519191908533685,1.9317257174923668,-2.744777012376549,0.018279324965988053,0.0074118060873892885,0.002239866942545632,200
teacher_forced,31,2.0046368161570607,-2.8311250722193058,0.020503007943261764,1.9979875079866578,-2.8351559546413125,0.018447804057359463,0.007775687252264567,0.0020552038859023014,200
teacher_forced,32,2.071411304456988,-2.921256891118688,0.020931420052875183,2.064235443928039,-2.9253207882536323,0.019475001867249375,0.008246710511127466,0.0014564181856258074,200
teacher_forced,33,2.137971658866309,-3.0108122675999325,0.022531775544848642,2.130710838278827,-3.015452857983758,0.020787730023585027,0.008617110578033512,0.0017440455212636152,200
teacher_forced,34,2.205309305312041,-3.100985923640942,0.023666541228521965,2.1976968360790767,-3.105939846743078,0.02163814045707113,0.009082457923090391,0.0020284007714508334,200
teacher_forced,35,2.2728856889885356,-3.191283508415461,0.024304096898049465,2.2646791409211664,-3.19618317224834,0.022157632829475915,0.009557935805249086,0.0021464640685735503,200
teacher_forced,36,2.3401379611188333,-3.280948602003724,0.024576604298999882,2.3314902311938366,-3.2859734038207344,0.022813092826254433,0.010001593180884418,0.0017635114727454493,200
teacher_forced,37,2.4073549266916836,-3.3703462847034826,0.025562133805578924,2.3982608264638623,-3.375511117249673,0.022953281393711222,0.010458401129419688,0.0026088524118677014,200
teacher_forced,38,2.4747554770429665,-3.4594970658513984,0.026765239008454955,2.4649330223424717,-3.464579586122127,0.024370051902224077,0.011059503996366156,0.0023951871062308783,200
teacher_forced,39,2.5417295637080852,-3.5477936632106553,0.02825586176732031,2.5318703674190903,-3.5536174983856625,0.025286070402216865,0.011450799431069558,0.002969791365103447,200
teacher_forced,40,2.6095902196413845,-3.6369155913920275,0.028161198415546096,2.5989931181465664,-3.6426503981909066,0.02548904929062701,0.012049338949168379,0.0026721491249190876,200
teacher_forced,41,2.6768553571581752,-3.725301859496011,0.028570273474542773,2.6660731730608367,-3.731546815368008,0.026063640860229498,0.012460135141806983,0.0025066326143132756,200
teacher_forced,42,2.744618074785628,-3.814029057347055,0.028332787891486078,2.733334006309024,-3.820262158056592,0.02640736457760795,0.012891149903709508,0.0019254233138781274,200
teacher_forced,43,2.8121969417353143,-3.9022637428302263,0.02957054760736355,2.8007414422282277,-3.9089112038508333,0.02714592229676782,0.013244516109596132,0.0024246253105957294,200
teacher_forced,44,2.8798333794663598,-3.99014725366086,0.02944112319346459,2.8680782156290845,-3.997187487615441,0.026794894100021338,0.013702144758263902,0.002646229093443253,200
teacher_forced,45,2.9475724306693203,-4.078088777098108,0.030241888138334616,2.9353647299893586,-4.08524293091353,0.027177424602996325,0.014149553798839785,0.003064463535338291,200
teacher_forced,46,3.015293061592331,-4.165769631773367,0.0305091250102123,3.002745441159702,-4.173213287250721,0.027372386462957365,0.014589406615310397,0.003136738547254936,200
teacher_forced,47,3.083191045226827,-4.253472114472104,0.030877266201059683,3.0703638399717064,-4.261349638675978,0.027702942676114617,0.015052992467931773,0.0031743235249450663,200
teacher_forced,48,3.1514082045460303,-4.341339483451294,0.031203666445435374,3.1382328997656685,-4.349673957801911,0.028181106066767825,0.015590128888386961,0.0030225603786675492,200
teacher_forced,49,3.2197850539068167,-4.429452004334672,0.03189119729177037,3.2062103442432344,-4.437994948678211,0.028873838466097368,0.016039159594797077,0.003017358825673,200
teacher_forced,50,3.288197573410852,-4.517359188724265,0.03264660682725662,3.2740864792718014,-4.525975380752637,0.02985884806184913,0.01653365485520186,0.0027877587654074887,200
teacher_forced,51,3.356099266811538,-4.604410767758869,0.033118173631009995,3.3419219570403884,-4.613512966703989,0.030496968694933457,0.016847733912419408,0.0026212049360765377,200
teacher_forced,52,3.4245940566365443,-4.69196892824923,0.033841750910141855,3.410032295078046,-4.701156288756167,0.031092806875676615,0.017217795816276218,0.0027489440344652394,200
teacher_forced,53,3.4930698255847945,-4.779226127129374,0.03417897053259367,3.478390376079833,-4.788872473598974,0.03155612047339673,0.01756525655890825,0.002622850059196935,200
teacher_forced,54,3.5620847489693386,-4.866959368051208,0.03479694834641123,3.5468095362966117,-4.876511144458439,0.03196303099321085,0.018015786264572866,0.002833917353200377,200
teacher_forced,55,3.630736526622133,-4.954069822811026,0.03518762774729112,3.6151479624734124,-4.963870048229175,0.03226276982968557,0.018413249318502217,0.00292485791760555,200
teacher_forced,56,3.6996123885875702,-5.041199251693172,0.03566787002455385,3.6836870273760045,-5.051332504307452,0.032327675082342466,0.01887590893874151,0.003340194942211383,200
teacher_forced,57,3.76867687209951,-5.128358646407229,0.035439997000139556,3.7523495311953936,-5.138901278637085,0.03243016604028526,0.019435255473835043,0.0030098309598542983,200
teacher_forced,58,3.8378054562451496,-5.215666321623593,0.03604529188851302,3.821000265745352,-5.22629901082034,0.03308205389112118,0.019886390001433205,0.0029632379973918432,200
teacher_forced,59,3.9068517590913157,-5.30252895982787,0.03707775912153011,3.8897862034909694,-5.313512768341076,0.03361758928440395,0.02029475886536447,0.003460169837126159,200
teacher_forced,60,3.9762991608075704,-5.389479200037608,0.0372932129594119,3.9589115757077447,-5.40089105528466,0.033997119066043524,0.020798042114183325,0.003296093893368379,200
teacher_forced,61,4.045747248998832,-5.476252739891603,0.037324982609789004,4.02792768042882,-5.4878932783958945,0.03471099533999222,0.02128471659880039,0.0026139872697967803,200
teacher_forced,62,4.115285054981075,-5.562974674794024,0.038805055928605725,4.097070138199753,-5.574795088537226,0.0362283265676524,0.02171417450447882,0.0025767293609533226,200
teacher_forced,63,4.185083956688932,-5.649402695888019,0.04009423722345673,4.1666327367538685,-5.66179159010481,0.03724872735256213,0.02222458586806399,0.0028455098708946025,200
teacher_forced,64,4.255473786032627,-5.736306339644416,0.040863073054424603,4.2364789965266,-5.7488521905100365,0.03765943039252306,0.022764015513978896,0.00320364266190154,200
teacher_forced,65,4.325787228855968,-5.822972492023087,0.04122340789945156,4.306514994432111,-5.835982103696886,0.03789512414005003,0.02325229054504421,0.003328283759401529,200
teacher_forced,66,4.396513726074693,-5.909986960727208,0.04150233473228582,4.376640475677294,-5.923087361020273,0.0381365407629346,0.023802658868207757,0.0033657939693512162,200
teacher_forced,67,4.467000907516094,-5.996535433000876,0.041820823769739945,4.446694176258282,-6.0099823591391015,0.03833500362452469,0.024355351710535964,0.003485820145215257,200
teacher_forced,68,4.537616823741094,-6.083118552512418,0.04210427720863663,4.517000544222913,-6.097068307606113,0.03849651087875827,0.02489230098536153,0.003607766329878359,200
teacher_forced,69,4.608649293298837,-6.170016654001462,0.042456251774638076,4.587390554886443,-6.184128335060418,0.03859224493135116,0.025516141973196446,0.0038640068432869157,200
teacher_forced,70,4.679434248757957,-6.256466742198909,0.04269756043686357,4.65783970905288,-6.271095578774571,0.03888239970183349,0.02608307889478533,0.0038151607350300765,200
teacher_forced,71,4.750573485310563,-6.343161633658507,0.04323142806424585,4.728749943672567,-6.358401275197512,0.04030960102318204,0.026617919600574736,0.002921827041063807,200
teacher_forced,72,4.822340967305904,-6.430273826136589,0.04529470244779077,4.800059401352589,-6.445796601128441,0.04162479252772755,0.027155565263489195,0.003669909920063219,200
teacher_forced,73,4.8942979207492385,-6.517173876864254,0.045677218806304154,4.87176371252679,-6.533348348766229,0.0431695386323554,0.027738134067028776,0.0025076801739487564,200
teacher_forced,74,4.96688567775589,-6.604564720962697,0.04824558830478054,4.943818899290054,-6.6209641023805625,0.044387402853317326,0.028302225701887247,0.003858185451463214,200
teacher_forced,75,5.0394834223448175,-6.691609982415362,0.048183121887632296,5.016108124327145,-6.708526935687498,0.04496760174151859,0.028854598687672588,0.003215520146113704,200
teacher_forced,76,5.112381604248607,-6.77895047006098,0.04971373621992825,5.08926505864159,-6.79670896100229,0.04794335548285744,0.02915027755123167,0.0017703807370708091,200
teacher_forced,77,5.1868038152449945,-6.867211221681996,0.05404162994273065,5.163892219015517,-6.885444121499526,0.052124936100881314,0.029281049802537373,0.0019166938418493373,200
teacher_forced,78,5.26288003096629,-6.9556568171667355,0.05810129624478577,5.240109570803092,-6.974608528191224,0.05549121737931273,0.02962534737010683,0.0026100788654730422,200
teacher_forced,79,5.340571614392513,-7.044698225465083,0.06132436525695084,5.317785107445193,-7.064312088184924,0.05890978939351044,0.030065403866454468,0.0024145758634404046,200
teacher_forced,80,5.419622556130681,-7.1339834216842535,0.06560008442647813,5.396032859942277,-7.153248662463218,0.064142612474825,0.030456908387632643,0.0014574719516531331,200
teacher_forced,81,5.498590821480828,-7.221350719954423,0.07244610395900963,5.474418154144437,-7.240400222500111,0.07077491769086919,0.030776637135886208,0.0016711862681404455,200
teacher_forced,82,5.577934972964545,-7.3071853566601845,0.0796575358199334,5.5535265678873404,-7.326350860329033,0.07633583314236603,0.03103363931757842,0.003321702677567373,200
teacher_forced,83,5.6582982017779635,-7.392116391129964,0.08434000919260143,5.63345495935924,-7.411278039203298,0.0810979923371633,0.031374439449363745,0.0032420168554381235,200
teacher_forced,84,5.739279904042164,-7.475711997161083,0.08979517156876682,5.714233744120455,-7.495131166681034,0.08682553117614589,0.031692495510268516,0.0029696403926209314,200
teacher_forced,85,5.821412156012608,-7.558341408595644,0.09614022151254176,5.796095919054412,-7.578238420303691,0.09329777324091992,0.03219942435252016,0.0028424482716218336,200
teacher_forced,86,5.904627655072189,-7.640354433481253,0.10276085958503245,5.878962085665966,-7.660728583160436,0.09976717570316396,0.032769306188801015,0.002993683881868492,200
teacher_forced,87,5.988741815551096,-7.721733823047808,0.1089796305695927,5.962164534756227,-7.741690750832114,0.10617904757600627,0.03323598683712131,0.0028005829935864313,200
teacher_forced,88,6.072537080752934,-7.800609048903548,0.11571064014606236,6.045961788053704,-7.820985196525856,0.11278816984486184,0.03348781231994473,0.0029224703012005193,200
teacher_forced,89,6.157851629930227,-7.878496728185146,0.1225038928041613,6.13120738920916,-7.899432767304982,0.11906814222675166,0.03388559129821232,0.0034357505774096353,200
teacher_forced,90,6.244506649517898,-7.955689859249687,0.12870463058970927,6.217469347749697,-7.9767201703032455,0.12494433784377179,0.034253316188570304,0.003760292745937477,200
teacher_forced,91,6.331840210825327,-8.031239723678775,0.1348993017400062,6.304130664680339,-8.052210601983413,0.1309388514746388,0.03475049185880885,0.003960450265367399,200
teacher_forced,92,6.419376096389229,-8.10472406419977,0.14133510161809681,6.391829701634433,-8.126721009601555,0.13630415705483756,0.0352515172864398,0.005030944563259254,200
teacher_forced,93,6.508815747397671,-8.178374053794949,0.14667231897510646,6.480781397960721,-8.200617478369056,0.141512477039214,0.03578679484302872,0.005159841935892473,200
teacher_forced,94,6.598905739692384,-8.250667296253738,0.15325371483959316,6.570308151233294,-8.273384263428982,0.14789265088256798,0.036522358402991686,0.005361063957025181,200
teacher_forced,95,6.689654230480549,-8.321792115841784,0.1603368626037991,6.660806181324134,-8.345271333592333,0.1545361412827333,0.0371952094537535,0.005800721321065794,200
teacher_forced,96,6.781833120149351,-8.391995380577187,0.1669069321887946,6.752237767853755,-8.416048652652863,0.16094740919288597,0.038137183627621606,0.005959522995908628,200
teacher_forced,97,6.874425260918378,-8.460780554675805,0.17352214949823974,6.844504444898966,-8.485576627626267,0.16745399424326024,0.038860011130108,0.0060681552549795015,200
teacher_forced,98,6.968185771734725,-8.528441830432781,0.18026192980505584,6.938099570573249,-8.5541826758558,0.17399206265326939,0.039595083323824026,0.006269867151786457,200
teacher_forced,99,7.063417623181696,-8.595325003095729,0.1868837986203289,7.032713052458173,-8.621892187419792,0.1808693806779047,0.04060278249362448,0.006014417942424188,200
teacher_forced,100,7.159174339029003,-8.66132597110537,0.1941512378925836,7.127560106578025,-8.687769058183436,0.1883459563505312,0.04121524654399929,0.0058052815420523984,200
teacher_forced,101,7.254748356676404,-8.724816828392226,0.201847464131788,7.223321026824909,-8.75188500436705,0.1961320994560083,0.041477261387400245,0.0057153646757797105,200
teacher_forced,102,7.3523125563249385,-8.787309245448034,0.20968139293290733,7.320366139223006,-8.814729914118612,0.2038549326498469,0.042100672631113965,0.005826460283060442,200
teacher_forced,103,7.450486404094782,-8.848064565628295,0.21737534301973938,7.41810891002755,-8.875687344561891,0.21117098928880296,0.042559605708793226,0.006204353730936418,200
teacher_forced,104,7.54940764557027,-8.906732872668327,0.2248722359599924,7.516386660552782,-8.934901117587964,0.2182633166339656,0.04340317354039704,0.0066089193260268075,200
teacher_forced,105,7.648634783892623,-8.96397498743967,0.23265529871605395,7.615970718686216,-8.993311961287532,0.22536743359160027,0.04390443246824321,0.007287865124453674,200
teacher_forced,106,7.750262626896319,-9.020705399187037,0.24040277144558786,7.716549571986086,-9.050526854385074,0.23304748834561906,0.045009879598916634,0.007355283099968801,200
teacher_forced,107,7.851562672510141,-9.075176743143526,0.24931008490420936,7.817493471309409,-9.105846799104551,0.24129217603694997,0.04584062393890785,0.008017908867259393,200
teacher_forced,108,7.953951049416538,-9.127945575962737,0.25789845390863775,7.919476135677223,-9.159699359479946,0.2497556481648644,0.04687027250817946,0.008142805743773351,200
teacher_forced,109,8.05733053817946,-9.179442865405441,0.26683219085134624,8.022491303601024,-9.211950778176766,0.2580965479974111,0.047650148570170754,0.008735642853935133,200
teacher_forced,110,8.161704136735663,-9.228971792740488,0.274983438948766,8.12627656687151,-9.262537823814,0.26617631894987426,0.04880359770045034,0.008807119998891721,200
teacher_forced,111,8.266467359807772,-9.277116877444927,0.28341718791671155,8.230913693328166,-9.31164747475217,0.27432736308765016,0.04956233802534024,0.0090898248290614,200
teacher_forced,112,8.37247631210533,-9.323665762444863,0.2917786401758349,8.336560673725465,-9.359054903306623,0.28193409528103075,0.05042146736427608,0.00984454489480413,200
teacher_forced,113,8.479223947343856,-9.368458986239323,0.29930052748568414,8.44275261105871,-9.40476788155038,0.2897923101809283,0.05146352348152556,0.009508217304755817,200
teacher_forced,114,8.58631238768311,-9.411644120935543,0.3080712904284155,8.549562717698938,-9.448835638136726,0.2983508368160983,0.05228524835621831,0.009720453612317215,200
teacher_forced,115,8.694305674858931,-9.453075989799665,0.31673923908419965,8.657058277959013,-9.491056777684618,0.3063663306784292,0.05319688735425989,0.010372908405770431,200
teacher_forced,116,8.802685289857466,-9.492494708284458,0.3245619957397139,8.764820156682923,-9.530954925258222,0.3142713445377012,0.05397181301378447,0.010290651202012668,200
teacher_forced,117,8.91114382038913,-9.529107544121066,0.33309797412402986,8.873218465898322,-9.56913155647324,0.32251381940659485,0.0551384990548379,0.010584154717435013,200
teacher_forced,118,9.020761077252136,-9.564924324381318,0.34156901324786304,8.982823115347603,-9.606173253957095,0.3304378797438403,0.05604251194064388,0.011131133504022728,200
teacher_forced,119,9.13223100800747,-9.596561396678963,0.349440956773833,9.094018433217869,-9.638841826065493,0.33865488852825365,0.05698978488431186,0.010786068245579372,200
teacher_forced,120,9.244267297942605,-9.626526608507824,0.3578920153031504,9.206043216898493,-9.67002071757464,0.3472203320961853,0.05790352230376801,0.010671683206965099,200
teacher_forced,121,9.3573147185818,-9.655259155396617,0.36630092682935356,9.318376166783214,-9.699579188801234,0.35507962267365656,0.0589955606563545,0.011221304155696998,200
teacher_forced,122,9.470029739993661,-9.68180003807114,0.3736657060744619,9.431309430342019,-9.727425927274448,0.3630668574151059,0.05984132472724512,0.010598848659356008,200
teacher_forced,123,9.58435906963397,-9.706900761797588,0.38229634222261666,9.544981361725291,-9.753648316866764,0.37129578712847433,0.06112231822409002,0.011000555094142328,200
teacher_forced,124,9.698414795671853,-9.730322894614497,0.38990393635504006,9.659098553460758,-9.778083827821073,0.37889726107459865,0.0618617300304837,0.011006675280441414,200
teacher_forced,125,9.813385756223603,-9.752098348577945,0.3972857466960704,9.773515379105024,-9.800706525201198,0.3864993161660095,0.06286813029043418,0.010786430530060898,200
teacher_forced,126,9.92795860802433,-9.771985360993297,0.4048764685230708,9.887782503028673,-9.82148478477029,0.3936062764514645,0.06375195971008592,0.011270192071606289,200
teacher_forced,127,10.042696252853537,-9.7898548557793,0.4114320392782247,10.002346277316684,-9.840681515130994,0.4008438263226708,0.06489583828472906,0.0105882129555539,200
teacher_forced,128,10.157832039807927,-9.806330440296113,0.4192681473741686,10.117096992415334,-9.858279752485219,0.40832988751571975,0.06601571875695889,0.010938259858448873,200
teacher_forced,129,10.272784823090067,-9.821047188901398,0.4264785585055506,10.231999244417569,-9.874007637425708,0.4150844004143437,0.06684513845857896,0.011394158091206918,200
teacher_forced,130,10.388133612502424,-9.83385792983487,0.4332785194801545,10.34719551675246,-9.887748764142156,0.422967119342502,0.06767680330784287,0.010311400137652527,200
teacher_forced,131,10.50374773417614,-9.844557789987432,0.44223964289449214,10.462221867244073,-9.899445342856218,0.4309108715642651,0.0688261656957834,0.011328771330227028,200
teacher_forced,132,10.61871338186728,-9.853229666971012,0.4487721415298438,10.576901429717763,-9.909601033898971,0.43754862268906436,0.07018525736848223,0.011223518840779434,200
teacher_forced,133,10.733388082577148,-9.860858752971376,0.4554517933229363,10.691567433436651,-9.91861732024711,0.4442138916019758,0.07130931768203953,0.011237901720960508,200
teacher_forced,134,10.848256137961801,-9.86730861717648,0.462289477518425,10.806510934497611,-9.926271904091182,0.45080144863095484,0.07224493903417809,0.011488028887470136,200
teacher_forced,135,10.963549882573366,-9.872115942562509,0.46902252715699433,10.921321130680392,-9.932554753038154,0.4574474657092651,0.07373002982604404,0.01157506144772924,200
teacher_forced,136,11.078173419152648,-9.875532760102919,0.47583313035465835,11.036039214967605,-9.93747903369967,0.46408898123991094,0.07491750112510737,0.011744149114747415,200
teacher_forced,137,11.19326826110408,-9.877464730949322,0.48254973889015673,11.151158084871643,-9.940628397386938,0.4702374536682328,0.07591387027526211,0.012312285221923958,200
teacher_forced,138,11.308645336831608,-9.877410964868421,0.48867952619366406,11.26673575485087,-9.942002673087648,0.4766254217502137,0.07699676507800819,0.012054104443450342,200
teacher_forced,139,11.424605759557593,-9.875987535439185,0.4957761050263798,11.38226060890269,-9.941919818561841,0.4829233574819227,0.07835928625091285,0.012852747544457088,200
teacher_forced,140,11.539790367956524,-9.873127191309617,0.501491122699008,11.497714309698067,-9.94053270690466,0.48832518720519147,0.07946004160081148,0.013165935493816505,200
teacher_forced,141,11.655561268812011,-9.86899876492711,0.5068177769953763,11.613250775767236,-9.937874182741169,0.49397386025157175,0.08083316770208375,0.012843916743804584,200
teacher_forced,142,11.77083670712814,-9.863608005598484,0.5129362049574411,11.729368660889834,-9.933759737074329,0.4994884810548683,0.08149149825522438,0.013447723902572761,200
teacher_forced,143,11.887675873463552,-9.856572886072193,0.5180902758675074,11.845651768037614,-9.928439871220865,0.5039045617122611,0.08325196088507328,0.014185714155246387,200
teacher_forced,144,12.003245154865397,-9.848591383729117,0.5225247287253296,11.961616080930968,-9.921976008225629,0.5095112181406876,0.08436991708619979,0.013013510584642063,200
teacher_forced,145,12.119440761891981,-9.839039854528885,0.5297419939251995,12.077423514463938,-9.91398356490851,0.5161970231820305,0.08591861734743242,0.01354497074316896,200
teacher_forced,146,12.234633526339376,-9.827937671625598,0.5359337244244671,12.192750898752623,-9.904600672971473,0.5223955523360928,0.08735771442138482,0.013538172088374267,200
teacher_forced,147,12.34977429498866,-9.815652534307684,0.5422693903619802,12.30767643389825,-9.894010189483037,0.5278843354572018,0.08895027843108137,0.014385054904778372,200
teacher_forced,148,12.464140958851841,-9.802225484014153,0.5471868406111753,12.42256550315124,-9.882019087578442,0.5330286009375413,0.08997520595412656,0.014158239673633943,200
teacher_forced,149,12.579182063841252,-9.787191415728211,0.5530215141425288,12.537513227751528,-9.868509834603222,0.5377593354460259,0.09137273745162677,0.015262178696502815,200
teacher_forced,150,12.693616154619534,-9.77057207493941,0.5572161658728874,12.652563213451119,-9.853674093522859,0.5426458746333083,0.09268920903331224,0.014570291239579092,200
teacher_forced,151,12.808812781546592,-9.752683327331741,0.5632653793381905,12.767770216925621,-9.837801866981104,0.5481633713607152,0.0944968671581592,0.015102007977475296,200
teacher_forced,152,12.92352407928246,-9.73398204735826,0.5683423330137884,12.882557735541555,-9.820931291545408,0.5535945214469393,0.09611666028433474,0.014747811566849123,200
teacher_forced,153,13.037835650283307,-9.714194908121716,0.5740494553992903,12.997297143505781,-9.802841980219123,0.5587612299386819,0.09747653011466112,0.015288225460608373,200
teacher_forced,154,13.152418848334142,-9.693173439658441,0.5789467271479225,13.111894560795085,-9.783391940211676,0.5634905902807077,0.09890195004458788,0.01545613686721481,200
teacher_forced,155,13.266423667304354,-9.670734864864903,0.5844107491957402,13.226200488584514,-9.762881091579349,0.5685763999026676,0.10054268349332166,0.01583434929307259,200
teacher_forced,156,13.3803320200148,-9.647448520799733,0.5902002610328054,13.340404885826304,-9.741465789344055,0.5735084393199941,0.10214412772666506,0.01669182171281136,200
teacher_forced,157,13.49326949437048,-9.621347941716921,0.5962992178338027,13.453635380414415,-9.717408972251736,0.5786466241952439,0.10391623827147,0.017652593638558756,200
teacher_forced,158,13.605851299548254,-9.594081209622363,0.6016596763456619,13.566528682237777,-9.692053315632169,0.5834121612970193,0.1055689432936734,0.018247515048642526,200
teacher_forced,159,13.717984998024201,-9.565246052773084,0.6066986455643928,13.679077758077218,-9.665209170023388,0.5879626690548321,0.10726788023770316,0.018735976509560714,200
teacher_forced,160,13.829702203653914,-9.534842374582764,0.6112760368796444,13.791382861984887,-9.637297910429453,0.5924279207501968,0.10938696801529761,0.01884811612944759,200
teacher_forced,161,13.941288912669528,-9.503972390640355,0.6161903481061017,13.903822740243363,-9.608619771004495,0.5969567636166175,0.11115209531693089,0.0192335844894842,200
teacher_forced,162,14.053235056795986,-9.472081618858939,0.6208200532073533,14.016016123576549,-9.578760237852913,0.6017726321842929,0.11298485181852722,0.01904742102306045,200
teacher_forced,163,14.164275810870503,-9.438591112424103,0.626019045996145,14.127290035896367,-9.547587283811575,0.6063931525823136,0.11510044712148043,0.019625893413831363,200
teacher_forced,164,14.274321213238608,-9.404009604938,0.6306303341934836,14.237850042839414,-9.515540431641853,0.6113340004485508,0.11734253949668785,0.01929633374493278,200
teacher_forced,165,14.38393332070567,-9.369075057419284,0.6369381396161771,14.348298758326704,-9.482612350304375,0.6170953369837662,0.11899806263807597,0.019842802632410894,200
teacher_forced,166,14.49372860434985,-9.332862117294127,0.642967822315768,14.45865510388405,-9.448224921197182,0.6236676845837792,0.1205766435065234,0.019300137731988798,200
teacher_forced,167,14.603010989103536,-9.29486072693311,0.6501162571894383,14.568945346922295,-9.412292148827287,0.6303748634782096,0.12227267407441793,0.01974139371122874,200
teacher_forced,168,14.71255337246166,-9.255519804405342,0.6562019095817959,14.678709143728302,-9.375200605054108,0.6365020482007822,0.12437413663011071,0.01969986138101376,200
teacher_forced,169,14.820707947448327,-9.215350502570177,0.6625870022053277,14.788279426621981,-9.336677193467896,0.6436100734536012,0.1255857272430885,0.01897692875172652,200
teacher_forced,170,14.929810844179569,-9.17318501254743,0.6703674409600353,14.897065672467939,-9.296811756098656,0.6500695112299582,0.12788986664902213,0.020297929730077158,200
teacher_forced,171,15.03629859019456,-9.130108059921525,0.6755858564811206,15.004644563223465,-9.255533622131763,0.6561651427437027,0.12935821999100386,0.019420713737417827,200
teacher_forced,172,15.142798721076916,-9.08495589105713,0.6829357061596966,15.11190835443306,-9.212483370321669,0.6632595911760291,0.13121536769357267,0.019676114983667503,200
teacher_forced,173,15.248488969283606,-9.038387754163267,0.6900284577222919,15.218491147337739,-9.168122093225923,0.6702612728950044,0.13315730567085013,0.019767184827287565,200
teacher_forced,174,15.353167649351752,-8.989920714496412,0.6960768627996003,15.324106661378377,-9.121638325539228,0.6759810328621825,0.13488539609911573,0.020095829937417875,200
teacher_forced,175,15.457344890216762,-8.940003508614108,0.7019333018051839,15.42935682346143,-9.073763663267485,0.6817628622193297,0.13665690927866123,0.020170439585854183,200
teacher_forced,176,15.561237920458604,-8.888714287909703,0.7082652554909146,15.534460647629798,-9.02463056838014,0.6877358785968681,0.13852890542073362,0.020529376894046436,200
teacher_forced,177,15.665032628506857,-8.836403816515254,0.7144420582862949,15.638873116855589,-8.974451278881762,0.693202795660909,0.14050417045648614,0.02123926262538589,200
teacher_forced,178,15.767442152666199,-8.783116945202606,0.7196393309222913,15.742623274810835,-8.923005752559455,0.6994543687578698,0.14207341454938371,0.02018496216442145,200
teacher_forced,179,15.86983378277542,-8.728269464220258,0.7270190537037706,15.846037926862206,-8.869944179571833,0.7062696318280359,0.14365920690506526,0.020749421875734697,200
teacher_forced,180,15.97150948775302,-8.671696010640668,0.7331932799952483,15.948850591022161,-8.815246375877285,0.71319272668552,0.1453276744485575,0.020000553309728275,200
teacher_forced,181,16.07260426915933,-8.613519837007653,0.7407560649389779,16.050192011918767,-8.759711884301927,0.7204098070178588,0.14790004721672192,0.020346257921119104,200
teacher_forced,182,16.171243078479495,-8.55534354890311,0.7475107180016494,16.150437072797835,-8.702970666224262,0.7262879486333986,0.1490860678969648,0.021222769368250738,200
teacher_forced,183,16.27006001265645,-8.494694044859061,0.752934544632808,16.25039238606747,-8.644613669914698,0.7313898827087542,0.15120419806495491,0.0215446619240538,200
teacher_forced,184,16.367985316279466,-8.433026611811703,0.7585548770675814,16.34986216131494,-8.585285075566784,0.7370713220116158,0.15333325970227485,0.021483555055965553,200
teacher_forced,185,16.465686170740454,-8.370237526151477,0.7650570988716936,16.448756487822056,-8.524915819460741,0.743081623888429,0.15560201986087488,0.021975474983264576,200
teacher_forced,186,16.562347454408915,-8.306485451361771,0.7713032772826409,16.54681427067179,-8.463493679391478,0.7492203886758944,0.15777472378692234,0.022082888606746565,200
teacher_forced,187,16.658262544701483,-8.241655310259507,0.7780876441920554,16.644199704615424,-8.401010813808586,0.75616486250874,0.15997481046298112,0.021922781683315407,200
teacher_forced,188,16.753451216299258,-8.17600320810877,0.7855333865682042,16.7407831091353,-8.33719966788153,0.7633310875062307,0.1616934741490459,0.022202299061973463,200
teacher_forced,189,16.847639546780233,-8.108796784383628,0.7923099638956046,16.836471178551623,-8.271881705281269,0.7697749987382849,0.1634668892255537,0.022534965157319675,200
teacher_forced,190,16.93999727798071,-8.038893403802291,0.7979878585847473,16.930518120880475,-8.20411499919407,0.7756396897275408,0.16549329292492712,0.022348168857206474,200
teacher_forced,191,17.031760248383254,-7.967992908198246,0.8045099739047146,17.023984593265382,-8.135127194404028,0.7817114439931174,0.16731506339247584,0.022798529911597143,200
teacher_forced,192,17.122932824496846,-7.895728003505393,0.8104841581607616,17.116829428551636,-8.065003504241735,0.7871084462058207,0.16938549699311134,0.023375711954940925,200
teacher_forced,193,17.213412363955918,-7.822534461494237,0.8158510698067403,17.208540605983707,-7.994217475087195,0.792216893951263,0.1717521213321681,0.023634175855477224,200
teacher_forced,194,17.302188546801784,-7.7487722550685225,0.8215856424594676,17.299622142361567,-7.922322868471638,0.7976863656331261,0.17356958790164945,0.02389927682634152,200
teacher_forced,195,17.391238351831447,-7.673370127710641,0.8279111704850948,17.38995840855662,-7.849555326896611,0.8031671011958679,0.1761898483652973,0.0247440692892269,200
teacher_forced,196,17.478444400058233,-7.597989327056906,0.8337913693922019,17.479208401157994,-7.775979610980941,0.808347543435957,0.1779919236062102,0.025443825956244837,200
teacher_forced,197,17.565262480562122,-7.520976051062128,0.8396528636167204,17.567599864069763,-7.701312332346812,0.8147139174070617,0.1803514283537851,0.024938946209658752,200
teacher_forced,198,17.65066433222679,-7.443418541337743,0.8476510050768411,17.654760828199013,-7.625532001823692,0.823217903929617,0.18215952835198546,0.02443310114722408,200
teacher_forced,199,17.734822355986882,-7.364134985522359,0.8571043687934434,17.740604307951948,-7.5481401419483305,0.8321975392427703,0.18409597649017928,0.024906829550673137,200
teacher_forced,200,17.817348164331957,-7.283283729612973,0.8660402542973316,17.825037369425253,-7.4691394009120184,0.8405903118800779,0.18601466186563284,0.025449942417253624,200
limited_closed_loop,0,0.0,0.0,0.0,0.0,0.0,0.0,0.0,0.0,200
limited_closed_loop,1,0.06304832547903061,-0.09270992875099182,0.0013967143604531884,0.06288720667362213,-0.09267666190862656,0.0010861068731173873,0.00016451733117580746,0.0003106074873358011,200
limited_closed_loop,2,0.12654628133720625,-0.18542147108521423,0.0025750903878360987,0.12608124654466527,-0.18537070037029257,0.001412300072843209,0.00046779805874681504,0.0011627903149928898,200
limited_closed_loop,3,0.19050733565398126,-0.2777127345537287,0.003342921903822571,0.1892161030627187,-0.2778477598099086,0.0017301545885857195,0.00129827324725772,0.0016127673152368516,200
limited_closed_loop,4,0.25490931360324415,-0.3697983960967758,0.00389148952672258,0.25257089583119985,-0.37045763862541226,0.0024125832424033433,0.002429567531100058,0.0014789062843192369,200
limited_closed_loop,5,0.31969816672738655,-0.46228797702832797,0.004470905929338187,0.31609831151906953,-0.4630103099684229,0.0032560806430410594,0.003671610327525695,0.0012148252862971276,200
limited_closed_loop,6,0.38483818093020594,-0.5543206830427732,0.0051948600448668,0.3795356817245657,-0.5551394805721312,0.0037233172333799303,0.005365345023379049,0.00147154281148687,200
limited_closed_loop,7,0.450320239061568,-0.6461334771008742,0.006013263307977468,0.44312989508783085,-0.6472978394586297,0.0041662151052150875,0.007284008934701818,0.0018470482027623802,200
limited_closed_loop,8,0.5161480696169578,-0.7382692800658253,0.006883273192215711,0.5066963026120457,-0.7392287141017266,0.004612559539964423,0.009500337530024475,0.0022707136522512883,200
limited_closed_loop,9,0.5823210173046554,-0.8295560613117807,0.0077493611024692655,0.5701238004681729,-0.8307316385876699,0.004645191929739667,0.012253737408960495,0.0031041691727295984,200
limited_closed_loop,10,0.6488454358627477,-0.9207396194864457,0.008381651481613517,0.6336289688745731,-0.9222531720724381,0.004249454254022567,0.015291556789050979,0.00413219722759095,200
limited_closed_loop,11,0.7156580342445865,-1.0119791322984444,0.00874623074196279,0.697290058325306,-1.013948808538839,0.004553540795313893,0.018473282433375083,0.004192689946648898,200
limited_closed_loop,12,0.7826319645666627,-1.1034753321110302,0.009155370615189895,0.7611479447700602,-1.1056289399704455,0.005666658351401566,0.021591691305521778,0.0034887122637883294,200
limited_closed_loop,13,0.8497310622094515,-1.1947459823654414,0.009579839505022392,0.8253281224437071,-1.1973983577639662,0.005993190465233056,0.024546660963667696,0.003586649039789336,200
limited_closed_loop,14,0.9170535291231373,-1.2864228938481148,0.00988902332028374,0.889577261609694,-1.2891210762482468,0.006798341531975893,0.02760843104442344,0.0030906817883078475,200
limited_closed_loop,15,0.9847101271274962,-1.377376288344417,0.010162985825445503,0.9536962830671517,-1.3805062767098302,0.007222152355097933,0.031171386728328043,0.0029408334703475703,200
limited_closed_loop,16,1.0527379529540004,-1.4684327558786388,0.010598632274195552,1.0176897662614188,-1.4716431424054823,0.007094927652360639,0.03519491400884212,0.0035037046218349133,200
limited_closed_loop,17,1.1211570133170154,-1.5589883096230739,0.011661938158795238,1.0818804468628378,-1.5629204535132908,0.008241609724791488,0.03947290751899084,0.00342032843400375,200
limited_closed_loop,18,1.190095295285863,-1.6502354909181514,0.013171772588975728,1.1463970924070046,-1.6542496609796362,0.00967339606359019,0.04388218882558605,0.003498376525385538,200
limited_closed_loop,19,1.2596056215162958,-1.7408745052087216,0.014402442728169262,1.2110832885552507,-1.745420546196121,0.010756465195299825,0.048734826198947735,0.0036459775328694377,200
limited_closed_loop,20,1.3296974300811406,-1.8317720437379346,0.015271595038939267,1.2759478567326803,-1.8365122578132227,0.011192601927177748,0.05395818996798424,0.00407899311176152,200
limited_closed_loop,21,1.4003625832436037,-1.922250084043216,0.0161962469574064,1.3409280738100409,-1.9276449429010873,0.011547572790732374,0.05967885231557849,0.004648674166674027,200
limited_closed_loop,22,1.4716805222940132,-2.013137840028834,0.017411419306881726,1.4061804717134505,-2.0190520202353217,0.012437966823199531,0.06576651240237001,0.004973452483682195,200
limited_closed_loop,23,1.5436950157986915,-2.103987444926099,0.01868377171922475,1.4714424203535181,-2.1102166631805614,0.013432441683107754,0.07252062264367022,0.005251330036116997,200
limited_closed_loop,24,1.616346539050692,-2.1942291889179804,0.01982056419365108,1.5368364564752326,-2.201218183899568,0.014252917779231211,0.07981666042881659,0.005567646414419869,200
limited_closed_loop,25,1.6896106780437157,-2.284669429284411,0.021083597443066537,1.6025958300298333,-2.292419789362802,0.015289743834728142,0.08735932609758253,0.005793853608338395,200
limited_closed_loop,26,1.7634857180714678,-2.374425179461465,0.02228558494243771,1.668155478760248,-2.382949431952155,0.015566746729746228,0.09571059193035787,0.00671883821269148,200
limited_closed_loop,27,1.8379568706921894,-2.4643507389583377,0.02322515327250585,1.7338464185976246,-2.473523340032158,0.016096210540126776,0.10451374476973892,0.007128942732379073,200
limited_closed_loop,28,1.9130164266919576,-2.554102378280676,0.024326476675923914,1.799699615345506,-2.564121478544815,0.017353728264424717,0.11375887703309207,0.006972748411499197,200
limited_closed_loop,29,1.988734043868097,-2.643979754008514,0.025754019676242024,1.865687673383281,-2.654541882096291,0.018095311850629514,0.12349885764341785,0.00765870782561251,200
limited_closed_loop,30,2.0651055553734885,-2.7333165529108467,0.02711704740067944,1.9317257174923668,-2.744777012376549,0.018279324965988053,0.1338712937278165,0.008837722434691386,200
limited_closed_loop,31,2.142070195985052,-2.822662443418962,0.02806291787419468,1.9979875079866578,-2.8351559546413125,0.018447804057359463,0.14462333422897436,0.009615113816835219,200
limited_closed_loop,32,2.2195655055878167,-2.9119898062734215,0.02867879963014275,2.064235443928039,-2.9253207882536323,0.019475001867249375,0.15590106842413592,0.009203797762893373,200
limited_closed_loop,33,2.297556982855841,-3.0007152389107152,0.02925323718227446,2.130710838278827,-3.015452857983758,0.020787730023585027,0.16749577121872647,0.008465507158689434,200
limited_closed_loop,34,2.376147514195146,-3.0901150125285706,0.0302008445141837,2.1976968360790767,-3.105939846743078,0.02163814045707113,0.17915096957036436,0.008562704057112569,200
limited_closed_loop,35,2.4553743570859274,-3.179619625571111,0.03135479870252311,2.2646791409211664,-3.19618317224834,0.022157632829475915,0.19141320891373634,0.009197165873047197,200
limited_closed_loop,36,2.5351736667543188,-3.268407646479177,0.03226812946377322,2.3314902311938366,-3.2859734038207344,0.022813092826254433,0.20443947210043265,0.009455036637518788,200
limited_closed_loop,37,2.6155240775221706,-3.356879818420179,0.03300401213346049,2.3982608264638623,-3.375511117249673,0.022953281393711222,0.2180606465103216,0.01005073073974927,200
limited_closed_loop,38,2.6964203842190364,-3.445092207624895,0.03388128674123436,2.4649330223424717,-3.464579586122127,0.024370051902224077,0.23230617001979523,0.009511234839010285,200
limited_closed_loop,39,2.777831972713852,-3.5324542779947645,0.03481603303225711,2.5318703674190903,-3.5536174983856625,0.025286070402216865,0.24687039752973602,0.009529962630040245,200
limited_closed_loop,40,2.8597743140097727,-3.620638175299565,0.03539429180091247,2.5989931181465664,-3.6426503981909066,0.02548904929062701,0.26170855941765075,0.009905242510285461,200
limited_closed_loop,41,2.942141731720824,-3.7079992326252835,0.03581307179410942,2.6660731730608367,-3.731546815368008,0.026063640860229498,0.27707099764072785,0.009749430933879921,200
limited_closed_loop,42,3.024966543481403,-3.795699463647502,0.03645688688266091,2.733334006309024,-3.820262158056592,0.02640736457760795,0.29266510330791623,0.01004952230505296,200
limited_closed_loop,43,3.108270390899433,-3.8828053541156167,0.03727925071143545,2.8007414422282277,-3.9089112038508333,0.02714592229676782,0.3086350104269029,0.01013332841466763,200
limited_closed_loop,44,3.1920997480968123,-3.969549208530251,0.03818769889767282,2.8680782156290845,-3.997187487615441,0.026794894100021338,0.32519813648532125,0.011392804797651479,200
limited_closed_loop,45,3.2764728924166944,-4.056259678552853,0.03916129012941383,2.9353647299893586,-4.08524293091353,0.027177424602996325,0.3423372714034456,0.011983865526417503,200
limited_closed_loop,46,3.3613439061405472,-4.142663402725647,0.04013015844975598,3.002745441159702,-4.173213287250721,0.027372386462957365,0.35989742223460525,0.012757771986798616,200
limited_closed_loop,47,3.446680867111094,-4.22900835739634,0.0409819244814571,3.0703638399717064,-4.261349638675978,0.027702942676114617,0.377704200916319,0.013278981805342482,200
limited_closed_loop,48,3.5324860028248057,-4.315464790891172,0.04159943512058817,3.1382328997656685,-4.349673957801911,0.028181106066767825,0.3957344771086864,0.013418329053820344,200
limited_closed_loop,49,3.6186881197738785,-4.402126139045481,0.04216772332438268,3.2062103442432344,-4.437994948678211,0.028873838466097368,0.41403440293190313,0.01329388485828531,200
limited_closed_loop,50,3.7051997733269437,-4.488569887133271,0.042793772503500804,3.2740864792718014,-4.525975380752637,0.02985884806184913,0.432732993038414,0.012934924441651674,200
limited_closed_loop,51,3.791962468788904,-4.574143834907986,0.043436120584374294,3.3419219570403884,-4.613512966703989,0.030496968694933457,0.4517592176737923,0.012939151889440836,200
limited_closed_loop,52,3.8790215444226424,-4.660213776830346,0.04402239804039709,3.410032295078046,-4.701156288756167,0.031092806875676615,0.47077298699437264,0.012929591164720478,200
limited_closed_loop,53,3.9663704328681875,-4.74593336754211,0.04450382755021565,3.478390376079833,-4.788872473598974,0.03155612047339673,0.48986559651819617,0.012947707076818915,200
limited_closed_loop,54,4.054081582965493,-4.832122640751735,0.04506308081909083,3.5468095362966117,-4.876511144458439,0.03196303099321085,0.5092104364532953,0.013100049825879978,200
limited_closed_loop,55,4.14217081825386,-4.917657860128158,0.04582601468428038,3.6151479624734124,-4.963870048229175,0.03226276982968557,0.529045042358458,0.013563244854594814,200
limited_closed_loop,56,4.230713035580301,-5.003139556281878,0.046737866854527965,3.6836870273760045,-5.051332504307452,0.032327675082342466,0.5491448022983764,0.014410191772185499,200
limited_closed_loop,57,4.319757400215179,-5.088589757102243,0.04751053379732184,3.7523495311953936,-5.138901278637085,0.03243016604028526,0.5696340395593693,0.015080367757036583,200
limited_closed_loop,58,4.409277509479308,-5.1741162763733906,0.048196486808592454,3.821000265745352,-5.22629901082034,0.03308205389112118,0.590587125892176,0.015114432917471277,200
limited_closed_loop,59,4.499172866859925,-5.2591576746469455,0.04910954859224148,3.8897862034909694,-5.313512768341076,0.03361758928440395,0.6118060000543035,0.015491959307837533,200
limited_closed_loop,60,4.589524450610795,-5.344247435902372,0.05006957790465094,3.9589115757077447,-5.40089105528466,0.033997119066043524,0.6331517176871714,0.016072458838607417,200
limited_closed_loop,61,4.680377805153907,-5.429066328014628,0.05092007733765058,4.02792768042882,-5.4878932783958945,0.03471099533999222,0.6550967679243592,0.01620908199765836,200
limited_closed_loop,62,4.771740274093519,-5.513746629847736,0.05168420702102594,4.097070138199753,-5.574795088537226,0.0362283265676524,0.6774265322345105,0.015455880453373538,200
limited_closed_loop,63,4.863636857035576,-5.5981461325385515,0.05239682286628522,4.1666327367538685,-5.66179159010481,0.03724872735256213,0.6999039133756119,0.015148095513723092,200
limited_closed_loop,64,4.956145515482952,-5.683042680946534,0.053398234565975145,4.2364789965266,-5.7488521905100365,0.03765943039252306,0.7226692120574543,0.01573880417345208,200
limited_closed_loop,65,5.049236068687273,-5.767611476268888,0.05468967687920667,4.306514994432111,-5.835982103696886,0.03789512414005003,0.7458613388811896,0.016794552739156643,200
limited_closed_loop,66,5.142933902986828,-5.852423450850947,0.05580696547986008,4.376640475677294,-5.923087361020273,0.0381365407629346,0.7695446737767796,0.01767042471692548,200
limited_closed_loop,67,5.237165887818116,-5.936645284746153,0.05660067344433628,4.446694176258282,-6.0099823591391015,0.03833500362452469,0.7938663950923044,0.018265669819811592,200
limited_closed_loop,68,5.331935313746693,-6.020831393192146,0.05724840328912251,4.517000544222913,-6.097068307606113,0.03849651087875827,0.8184929722961211,0.018751892410364235,200
limited_closed_loop,69,5.427250389654986,-6.105299830368101,0.05795225701876916,4.587390554886443,-6.184128335060418,0.03859224493135116,0.8435511100161461,0.019360012087418,200
limited_closed_loop,70,5.523047947964289,-6.189234574450201,0.058796472469111905,4.65783970905288,-6.271095578774571,0.03888239970183349,0.8690722183507983,0.019914072767278412,200
limited_closed_loop,71,5.619344996859402,-6.273334912028944,0.05956909936503507,4.728749943672567,-6.358401275197512,0.04030960102318204,0.8946484420729673,0.019259498341853032,200
limited_closed_loop,72,5.716152581928075,-6.357853603118697,0.0601991476432886,4.800059401352589,-6.445796601128441,0.04162479252772755,0.9203046704194499,0.018574355115561048,200
limited_closed_loop,73,5.81345082169623,-6.442163366745592,0.06096754429745488,4.87176371252679,-6.533348348766229,0.0431695386323554,0.9460915983782966,0.01779800566509948,200
limited_closed_loop,74,5.911342155746005,-6.526920825772217,0.06207981632906012,4.943818899290054,-6.6209641023805625,0.044387402853317326,0.972083015826509,0.017692413475742796,200
limited_closed_loop,75,6.009777644304824,-6.611347517334606,0.06360617975587957,5.016108124327145,-6.708526935687498,0.04496760174151859,0.998410213431372,0.018638578014360974,200
limited_closed_loop,76,6.108698076535043,-6.695929053255625,0.06531198296579532,5.08926505864159,-6.79670896100229,0.04794335548285744,1.0244023954368606,0.01736862748293788,200
limited_closed_loop,77,6.2081929083890826,-6.781386723582434,0.06724121942534111,5.163892219015517,-6.885444121499526,0.052124936100881314,1.049472187286247,0.0151162833244598,200
limited_closed_loop,78,6.30844554843876,-6.8671946405162565,0.07012539645074867,5.240109570803092,-6.974608528191224,0.05549121737931273,1.07372226594041,0.014634179071435938,200
limited_closed_loop,79,6.409668384329031,-6.953634015268623,0.07419248958467506,5.317785107445193,-7.064312088184924,0.05890978939351044,1.0974783488356632,0.015282700191164622,200
limited_closed_loop,80,6.511997248102209,-7.040182460530103,0.07896052449359559,5.396032859942277,-7.153248662463218,0.064142612474825,1.1216775301577324,0.014817912018770585,200
limited_closed_loop,81,6.615391727371083,-7.124569304651002,0.0846025334612932,5.474418154144437,-7.240400222500111,0.07077491769086919,1.1468380427642555,0.013827615770424018,200
limited_closed_loop,82,6.719896909783836,-7.207290504313394,0.0915379632206168,5.5535265678873404,-7.326350860329033,0.07633583314236603,1.172431295569305,0.015202130078250775,200
limited_closed_loop,83,6.825625728630616,-7.288984445302309,0.09900909577845596,5.63345495935924,-7.411278039203298,0.0810979923371633,1.19842682972901,0.017911103441292653,200
limited_closed_loop,84,6.932580989842796,-7.368948608805435,0.1061561769747641,5.714233744120455,-7.495131166681034,0.08682553117614589,1.2248640941227897,0.019330645798618207,200
limited_closed_loop,85,7.040756278222241,-7.447594659170729,0.11291116251959465,5.796095919054412,-7.578238420303691,0.09329777324091992,1.2514979832212094,0.01961338927867473,200
limited_closed_loop,86,7.150130430073295,-7.5253577119256745,0.11937293558730744,5.878962085665966,-7.660728583160436,0.09976717570316396,1.2783560664392872,0.01960575988414348,200
limited_closed_loop,87,7.260622525121769,-7.602269189432016,0.12566748037352227,5.962164534756227,-7.741690750832114,0.10617904757600627,1.3059217145477604,0.019488432797515998,200
limited_closed_loop,88,7.37190269798685,-7.676364954200935,0.1321091019490268,6.045961788053704,-7.820985196525856,0.11278816984486184,1.3338044501067081,0.019320932104164967,200
limited_closed_loop,89,7.484222063677286,-7.7493572825197035,0.13889996483339928,6.13120738920916,-7.899432767304982,0.11906814222675166,1.3613123669678553,0.01983182260664762,200
limited_closed_loop,90,7.597614711541331,-7.821495936960467,0.145978956570616,6.217469347749697,-7.9767201703032455,0.12494433784377179,1.3888469274230313,0.0210346187268442,200
limited_closed_loop,91,7.711953108076333,-7.89170641903293,0.15327645614161156,6.304130664680339,-8.052210601983413,0.1309388514746388,1.4169423505824326,0.022337604666972766,200
limited_closed_loop,92,7.827216718128776,-7.959438738355859,0.1606786987686064,6.391829701634433,-8.126721009601555,0.13630415705483756,1.4451018114284027,0.02437454171376885,200
limited_closed_loop,93,7.943681096862944,-8.027176018237398,0.16823611650033854,6.480781397960721,-8.200617478369056,0.141512477039214,1.4731454338051004,0.02672363946112455,200
limited_closed_loop,94,8.060999283083918,-8.09314957457222,0.1761155823187437,6.570308151233294,-8.273384263428982,0.14789265088256798,1.5015473997331512,0.028222931436175713,200
limited_closed_loop,95,8.179373949793053,-8.157556394427212,0.1840635068656411,6.660806181324134,-8.345271333592333,0.1545361412827333,1.530125800651187,0.029527365582907805,200
limited_closed_loop,96,8.299036552597576,-8.220758701801415,0.19178613516851328,6.752237767853755,-8.416048652652863,0.16094740919288597,1.559078139603183,0.030838725975627312,200
limited_closed_loop,97,8.419786603144162,-8.282069387984624,0.19928429237916134,6.844504444898966,-8.485576627626267,0.16745399424326024,1.58837309051501,0.0318302981359011,200
limited_closed_loop,98,8.541564362535603,-8.341958327242253,0.20665424744947813,6.938099570573249,-8.5541826758558,0.17399206265326939,1.6174481485374785,0.03266218479620875,200
limited_closed_loop,99,8.664417126344222,-8.400852735588705,0.21394751276238821,7.032713052458173,-8.621892187419792,0.1808693806779047,1.6466076108175007,0.033078132084483514,200
limited_closed_loop,100,8.78821539681676,-8.458471897716517,0.22118091126321815,7.127560106578025,-8.687769058183436,0.1883459563505312,1.6764108031136307,0.03283495491268695,200
limited_closed_loop,101,8.912457574585499,-8.513225235099608,0.22845879578380845,7.223321026824909,-8.75188500436705,0.1961320994560083,1.7059134686282753,0.032326696327800164,200
limited_closed_loop,102,9.037573369396831,-8.566986497959745,0.23589915185584687,7.320366139223006,-8.814729914118612,0.2038549326498469,1.7349863030039534,0.03204421920599998,200
limited_closed_loop,103,9.163446800703476,-8.618774372763815,0.2436250104510691,7.41810891002755,-8.875687344561891,0.21117098928880296,1.7641452966542204,0.032454021162266145,200
limited_closed_loop,104,9.289986565859373,-8.668264088693025,0.25186146804480813,7.516386660552782,-8.934901117587964,0.2182633166339656,1.7935305766229543,0.03359815141084255,200
limited_closed_loop,105,9.417261022308896,-8.71589646539582,0.2608024702349212,7.615970718686216,-8.993311961287532,0.22536743359160027,1.822527397677722,0.03543503664332093,200
limited_closed_loop,106,9.545713750994343,-8.762941328273367,0.27027569254278205,7.716549571986086,-9.050526854385074,0.23304748834561906,1.851633610786945,0.037228204197162995,200
limited_closed_loop,107,9.674829310555717,-8.807066911784313,0.2800943535694387,7.817493471309409,-9.105846799104551,0.24129217603694997,1.8812139274457547,0.03880217753248871,200
limited_closed_loop,108,9.804864936229192,-8.849167045680227,0.29004913111566566,7.919476135677223,-9.159699359479946,0.2497556481648644,1.910790738715415,0.04029348295080126,200
limited_closed_loop,109,9.935895659016614,-8.889548421597048,0.2998682754987385,8.022491303601024,-9.211950778176766,0.2580965479974111,1.940376125098303,0.041771727501327405,200
limited_closed_loop,110,10.06765736516884,-8.927644839367284,0.3094048277416732,8.12627656687151,-9.262537823814,0.26617631894987426,1.970053987846324,0.04322850879179896,200
limited_closed_loop,111,10.200070166893367,-8.963818578837696,0.31869033825933,8.230913693328166,-9.31164747475217,0.27432736308765016,1.9996405072454453,0.044362975171679864,200
limited_closed_loop,112,10.333066548833905,-8.998210206628253,0.32792567563592456,8.336560673725465,-9.359054903306623,0.28193409528103075,2.0288530268265914,0.04599158035489381,200
limited_closed_loop,113,10.466473026822763,-9.030569367414223,0.33720477213501,8.44275261105871,-9.40476788155038,0.2897923101809283,2.0580254733996712,0.047412461954081664,200
limited_closed_loop,114,10.600231948119408,-9.060825301363138,0.3464655253046658,8.549562717698938,-9.448835638136726,0.2983508368160983,2.087054458809457,0.04811468848856748,200
limited_closed_loop,115,10.734422434483909,-9.089119835637842,0.3556612153479364,8.657058277959013,-9.491056777684618,0.3063663306784292,2.1158910993234747,0.049294884669507155,200
limited_closed_loop,116,10.868861927970544,-9.115095310812222,0.3648516834655311,8.764820156682923,-9.530954925258222,0.3142713445377012,2.1447449718440477,0.05058033892782987,200
limited_closed_loop,117,11.003225874477112,-9.137904917643512,0.374057575216284,8.873218465898322,-9.56913155647324,0.32251381940659485,2.1732206456402245,0.051543755809689173,200
limited_closed_loop,118,11.138328571208564,-9.159719226163048,0.3833285403379705,8.982823115347603,-9.606173253957095,0.3304378797438403,2.201255316672716,0.05289066059413017,200
limited_closed_loop,119,11.273019732263721,-9.177785242559144,0.3923949460440781,9.094018433217869,-9.638841826065493,0.33865488852825365,2.227244897724105,0.053740057515824446,200
limited_closed_loop,120,11.40784886588071,-9.193936405284404,0.4009510056057479,9.206043216898493,-9.67002071757464,0.3472203320961853,2.2526882581260264,0.05373067350956262,200
limited_closed_loop,121,11.54296790619714,-9.208837747518254,0.4091411522531416,9.318376166783214,-9.699579188801234,0.35507962267365656,2.2780771649049054,0.05406152957948507,200
limited_closed_loop,122,11.678036737903806,-9.221241913983292,0.4172404120618012,9.431309430342019,-9.727425927274448,0.3630668574151059,2.30304273730545,0.054173554646695266,200
limited_closed_loop,123,11.813704223223374,-9.232231103704192,0.4253005088248756,9.544981361725291,-9.753648316866764,0.37129578712847433,2.3278701279208573,0.05400472169640125,200
limited_closed_loop,124,11.94954357184638,-9.241195949780158,0.43320906077860855,9.659098553460758,-9.778083827821073,0.37889726107459865,2.352527784285403,0.0543117997040099,200
limited_closed_loop,125,12.085458210449533,-9.248607050097508,0.44083129390492104,9.773515379105024,-9.800706525201198,0.3864993161660095,2.3769504592681416,0.05433197773891152,200
limited_closed_loop,126,12.221064036542499,-9.253841623848361,0.4481793940940406,9.887782503028673,-9.82148478477029,0.3936062764514645,2.4013374341766447,0.05457311764257611,200
limited_closed_loop,127,12.356601858228807,-9.256995166431647,0.4553474053682294,10.002346277316684,-9.840681515130994,0.4008438263226708,2.42553274434996,0.05450357904555858,200
limited_closed_loop,128,12.492372557334441,-9.258501907978795,0.46244493787526153,10.117096992415334,-9.858279752485219,0.40832988751571975,2.449830090447612,0.05411505035954178,200
limited_closed_loop,129,12.628103363611407,-9.258076142683391,0.4698217502736952,10.231999244417569,-9.874007637425708,0.4150844004143437,2.474002133433434,0.054737349859351525,200
limited_closed_loop,130,12.763731514683734,-9.255752810537695,0.4775730917172041,10.34719551675246,-9.887748764142156,0.422967119342502,2.4978120655225657,0.054605972374702105,200
limited_closed_loop,131,12.899147979989339,-9.25113950174857,0.4853126244561281,10.462221867244073,-9.899445342856218,0.4309108715642651,2.5216877964161313,0.054401752891863,200
limited_closed_loop,132,13.034393327905219,-9.244246098304405,0.4927128293493297,10.576901429717763,-9.909601033898971,0.43754862268906436,2.545970074446484,0.055164206660265336,200
limited_closed_loop,133,13.169663820452131,-9.235839249428128,0.49978650370030664,10.691567433436651,-9.91861732024711,0.4442138916019758,2.570437238551151,0.055572612098330865,200
limited_closed_loop,134,13.304948166609302,-9.226078989739644,0.5068323361629155,10.806510934497611,-9.926271904091182,0.45080144863095484,2.5946981944168432,0.056030887531960616,200
limited_closed_loop,135,13.440208386513147,-9.214664209159377,0.5140437666268554,10.921321130680392,-9.932554753038154,0.4574474657092651,2.6191906842739106,0.05659630091759027,200
limited_closed_loop,136,13.575460434439242,-9.201262216327244,0.5212461357878055,11.036039214967605,-9.93747903369967,0.46408898123991094,2.643988527222612,0.057157154547894606,200
limited_closed_loop,137,13.710949678340501,-9.186198757530548,0.528415485372534,11.151158084871643,-9.940628397386938,0.4702374536682328,2.668650798341304,0.05817803170430125,200
limited_closed_loop,138,13.846315136357578,-9.169083830469106,0.535643935756525,11.26673575485087,-9.942002673087648,0.4766254217502137,2.6928856869108495,0.05901851400631131,200
limited_closed_loop,139,13.98174245544044,-9.150520583486692,0.5428497619868722,11.38226060890269,-9.941919818561841,0.4829233574819227,2.7172814759897137,0.05992640450494946,200
limited_closed_loop,140,14.116829896198793,-9.130071709832754,0.5497701369167771,11.497714309698067,-9.94053270690466,0.48832518720519147,2.7416443028273805,0.06144494971158565,200
limited_closed_loop,141,14.251955245667203,-9.108317827181152,0.5562720159941819,11.613250775767236,-9.937874182741169,0.49397386025157175,2.7660305541551926,0.062298155742610106,200
limited_closed_loop,142,14.386782726845093,-9.084791835454324,0.5625022883468773,11.729368660889834,-9.933759737074329,0.4994884810548683,2.7897304557820517,0.063013807292009,200
limited_closed_loop,143,14.521675165215695,-9.06023438993302,0.568636379292002,11.845651768037614,-9.928439871220865,0.5039045617122611,2.813340004333422,0.06473181757974089,200
limited_closed_loop,144,14.656254937447724,-9.033926207454087,0.5748033179843333,11.961616080930968,-9.921976008225629,0.5095112181406876,2.837201264574,0.0652920998436457,200
limited_closed_loop,145,14.79069887299292,-9.005984729823293,0.5809997083561029,12.077423514463938,-9.91398356490851,0.5161970231820305,2.8611754674812735,0.0648026851740724,200
limited_closed_loop,146,14.924774977086033,-8.97604805426908,0.587367622734746,12.192750898752623,-9.904600672971473,0.5223955523360928,2.8855095789639287,0.06497207039865316,200
limited_closed_loop,147,15.05879691627241,-8.944690959161639,0.5938907098898198,12.30767643389825,-9.894010189483037,0.5278843354572018,2.9103042640927845,0.06600637443261803,200
limited_closed_loop,148,15.192560573426222,-8.911696529493215,0.6003090274462011,12.42256550315124,-9.882019087578442,0.5330286009375413,2.935029566474035,0.06728042650865973,200
limited_closed_loop,149,15.326106230900816,-8.877221673574018,0.6065635016129818,12.537513227751528,-9.868509834603222,0.5377593354460259,2.9595444168672014,0.06880416616695584,200
limited_closed_loop,150,15.45920871882368,-8.84086970394787,0.6125341575534549,12.652563213451119,-9.853674093522859,0.5426458746333083,2.9837948529297997,0.0698882829201466,200
limited_closed_loop,151,15.592319575646739,-8.803207404554692,0.6182542029710021,12.767770216925621,-9.837801866981104,0.5481633713607152,3.008066618533452,0.07009083161028684,200
limited_closed_loop,152,15.725434785782342,-8.764252852411142,0.6238415982516017,12.882557735541555,-9.820931291545408,0.5535945214469393,3.032906072814816,0.07024707680466236,200
limited_closed_loop,153,15.858344908290123,-8.723778544766745,0.6292893682548311,12.997297143505781,-9.802841980219123,0.5587612299386819,3.057772426147467,0.07052813831614912,200
limited_closed_loop,154,15.991221154248047,-8.682106217889343,0.6349077518971171,13.111894560795085,-9.783391940211676,0.5634905902807077,3.08275069928732,0.07141716161640943,200
limited_closed_loop,155,16.123604796550016,-8.638671249503476,0.6410879484319594,13.226200488584514,-9.762881091579349,0.5685763999026676,3.1078609191592386,0.07251154852929176,200
limited_closed_loop,156,16.255933504136138,-8.59405693389607,0.647838606586447,13.340404885826304,-9.741465789344055,0.5735084393199941,3.1331859513511326,0.07433016726645292,200
limited_closed_loop,157,16.386944075625177,-8.546516539749353,0.6549873068870511,13.453635380414415,-9.717408972251736,0.5786466241952439,3.158368089677074,0.07634068269180716,200
limited_closed_loop,158,16.517650488061893,-8.497417505637653,0.6622570679464843,13.566528682237777,-9.692053315632169,0.5834121612970193,3.1837516598082587,0.07884490664946497,200
limited_closed_loop,159,16.647751333539176,-8.446410883915066,0.6692226245941129,13.679077758077218,-9.665209170023388,0.5879626690548321,3.2091263701927772,0.08125995553928078,200
limited_closed_loop,160,16.7772224565044,-8.39349679101469,0.675643219234189,13.791382861984887,-9.637297910429453,0.5924279207501968,3.2345446833917553,0.08321529848399223,200
limited_closed_loop,161,16.906547272869325,-8.339531326236338,0.6816111491934862,13.903822740243363,-9.608619771004495,0.5969567636166175,3.259898786692289,0.08465438557686866,200
limited_closed_loop,162,17.035708892712385,-8.284592030386237,0.6872934620769229,14.016016123576549,-9.578760237852913,0.6017726321842929,3.285333433487196,0.08552082989262999,200
limited_closed_loop,163,17.164028133369637,-8.227585031656357,0.6927756584191229,14.127290035896367,-9.547587283811575,0.6063931525823136,3.3112209558319154,0.08638250583680929,200
limited_closed_loop,164,17.291808770973123,-8.168864452147009,0.6983854501449969,14.237850042839414,-9.515540431641853,0.6113340004485508,3.337693830610061,0.08705144969644607,200
limited_closed_loop,165,17.419461954984328,-8.109170161780325,0.7046053484955337,14.348298758326704,-9.482612350304375,0.6170953369837662,3.3642810265674905,0.08751001151176752,200
limited_closed_loop,166,17.54677410164458,-8.048362143586214,0.7113447176234331,14.45865510388405,-9.448224921197182,0.6236676845837792,3.3905891435663795,0.0876770330396539,200
limited_closed_loop,167,17.673146501080584,-7.985695708874351,0.7179886322410312,14.568945346922295,-9.412292148827287,0.6303748634782096,3.4163199803244497,0.08761376876282156,200
limited_closed_loop,168,17.799213345351077,-7.921937745495144,0.7244727682264056,14.678709143728302,-9.375200605054108,0.6365020482007822,3.4423130902517998,0.08797072002562345,200
limited_closed_loop,169,17.92443753530227,-7.856639319224739,0.7310868511849549,14.788279426621981,-9.336677193467896,0.6436100734536012,3.4678523313191025,0.08747677773135365,200
limited_closed_loop,170,18.049127054942428,-7.7901734205878155,0.7377700527140405,14.897065672467939,-9.296811756098656,0.6500695112299582,3.493629922146572,0.08770054148408235,200
limited_closed_loop,171,18.1726515295444,-7.721621396700868,0.7444466618762817,15.004644563223465,-9.255533622131763,0.6561651427437027,3.519823128224532,0.08828151913257898,200
limited_closed_loop,172,18.295244546238756,-7.651223425872211,0.7513300581777003,15.11190835443306,-9.212483370321669,0.6632595911760291,3.5455834391820917,0.0880704670016712,200
limited_closed_loop,173,18.41697835794203,-7.579242522969644,0.7585740840004291,15.218491147337739,-9.168122093225923,0.6702612728950044,3.5713945070766107,0.08831281110542477,200
limited_closed_loop,174,18.53743661310406,-7.505331464008623,0.7658584942982998,15.324106661378377,-9.121638325539228,0.6759810328621825,3.5969344238237504,0.0898774614361173,200
limited_closed_loop,175,18.656988199028294,-7.429894791240957,0.7728930526354816,15.42935682346143,-9.073763663267485,0.6817628622193297,3.62214151641835,0.09113019041615189,200
limited_closed_loop,176,18.775740625877248,-7.353057804204754,0.7798071034194436,15.534460647629798,-9.02463056838014,0.6877358785968681,3.6469235532597506,0.09207122482257546,200
limited_closed_loop,177,18.893946574044882,-7.275228857613417,0.786690666427603,15.638873116855589,-8.974451278881762,0.693202795660909,3.671901421421784,0.09348787076669396,200
limited_closed_loop,178,19.01099853716372,-7.195900414642186,0.7933549029694404,15.742623274810835,-8.923005752559455,0.6994543687578698,3.69664303170087,0.09390053421157063,200
limited_closed_loop,179,19.127081871945762,-7.115263420220516,0.7997837291040923,15.846037926862206,-8.869944179571833,0.7062696318280359,3.7207732982280963,0.09351409727605642,200
limited_closed_loop,180,19.24207864230309,-7.0331342412958575,0.8061991516442504,15.948850591022161,-8.815246375877285,0.71319272668552,3.7444992533002255,0.09300642495873035,200
limited_closed_loop,181,19.35601025789091,-6.949487407884648,0.8127443549165037,16.050192011918767,-8.759711884301927,0.7204098070178588,3.768998133512745,0.09233454789864481,200
limited_closed_loop,182,19.46893260961487,-6.864440598456233,0.8194885995180812,16.150437072797835,-8.702970666224262,0.7262879486333986,3.793758747991456,0.09320065088468255,200
limited_closed_loop,183,19.58078852914031,-6.777884720455863,0.8264158005767968,16.25039238606747,-8.644613669914698,0.7313898827087542,3.81788101445581,0.0950259178680426,200
limited_closed_loop,184,19.691758576174408,-6.689817495598509,0.8334653983765747,16.34986216131494,-8.585285075566784,0.7370713220116158,3.8420136639998224,0.09639407636495889,200
limited_closed_loop,185,19.802126687165362,-6.6004287492641085,0.8406145196349826,16.448756487822056,-8.524915819460741,0.743081623888429,3.8663603268704514,0.09753289574655355,200
limited_closed_loop,186,19.911584303396882,-6.509579167534683,0.8478712431096938,16.54681427067179,-8.463493679391478,0.7492203886758944,3.890945809539039,0.0986508544337994,200
limited_closed_loop,187,20.020067587627743,-6.4173794017524655,0.8552174694777932,16.644199704615424,-8.401010813808586,0.75616486250874,3.915517531878747,0.09905260696905316,200
limited_closed_loop,188,20.127649562693126,-6.3241046052352585,0.8625829197408166,16.7407831091353,-8.33719966788153,0.7633310875062307,3.9399766630636477,0.09925183223458589,200
limited_closed_loop,189,20.233749995005326,-6.229476194097448,0.8697452718333807,16.836471178551623,-8.271881705281269,0.7697749987382849,3.9639530306045647,0.09997027309509576,200
limited_closed_loop,190,20.337322614283284,-6.132625005422593,0.8766481784114148,16.930518120880475,-8.20411499919407,0.7756396897275408,3.9871528250826964,0.10100848868387402,200
limited_closed_loop,191,20.439853994583522,-6.03471689132244,0.883459990931442,17.023984593265382,-8.135127194404028,0.7817114439931174,4.009973467262949,0.10174854693832458,200
limited_closed_loop,192,20.541258312754238,-5.93569613611053,0.890260992659023,17.116829428551636,-8.065003504241735,0.7871084462058207,4.032451245946926,0.10315254645320238,200
limited_closed_loop,193,20.641714167501316,-5.835677857271491,0.8970299210341182,17.208540605983707,-7.994217475087195,0.792216893951263,4.055363607025081,0.10481302708285511,200
limited_closed_loop,194,20.74075626957697,-5.734246387066684,0.9038587627874222,17.299622142361567,-7.922322868471638,0.7976863656331261,4.077877238216471,0.10617239715429605,200
limited_closed_loop,195,20.83889222989972,-5.631973359906742,0.9109477043093648,17.38995840855662,-7.849555326896611,0.8031671011958679,4.100343191041815,0.10778060311349691,200
limited_closed_loop,196,20.935762312212717,-5.528727703126992,0.9183189446048345,17.479208401157994,-7.775979610980941,0.808347543435957,4.12285169238246,0.10997140116887749,200
limited_closed_loop,197,21.031240365530465,-5.424442662206258,0.9258820252434816,17.567599864069763,-7.701312332346812,0.8147139174070617,4.144989869488815,0.11116810783641995,200
limited_closed_loop,198,21.12523335828352,-5.319023447095205,0.933702224487206,17.654760828199013,-7.625532001823692,0.823217903929617,4.167032672670908,0.11048432055758894,200
limited_closed_loop,199,21.217449227247013,-5.21216505799612,0.9419929847063031,17.740604307951948,-7.5481401419483305,0.8321975392427703,4.1887026852801865,0.10979544546353281,200
limited_closed_loop,200,21.307864312124018,-5.103799583127222,0.9510296476946678,17.825037369425253,-7.4691394009120184,0.8405903118800779,4.210096907006612,0.11043933581458987,200
