delta_x_body,delta_y_body,delta_theta,delta_x_body_check,delta_y_body_check,delta_theta_check,diff_delta_x_body,diff_delta_y_body,diff_delta_theta
0.0080001970465588,5.235708732144939e-06,0.0006953911787263,0.008000197046565878,5.235708731183035e-06,0.0006953911787262734,7.077671781985373e-15,-9.619041674291395e-16,-2.656295322589486e-17
0.0104518439956586,1.0404139850647004e-05,0.0005596485581831,0.010451843995651583,1.0404139851614763e-05,0.0005596485581832178,-7.016956460326185e-15,9.677588591605613e-16,1.1774435593192578e-16
0.031978118683518,1.834741700863004e-05,0.0005876390643084,0.031978118683518054,1.8347417008630906e-05,0.0005876390643083929,5.551115123125783e-17,8.673617379884035e-19,-7.15573433840433e-18
0.0592334589380164,6.278317037786835e-06,0.0012914741191978,0.05923345893801646,6.278317037792039e-06,0.0012914741191979162,5.551115123125783e-17,5.204170427930421e-18,1.1622647289044608e-16
0.0678468648822647,6.986036376386423e-05,0.0043018329280244,0.06784686488226474,6.986036376386423e-05,0.004301832928024496,4.163336342344337e-17,0.0,9.627715291671279e-17
0.0674792894363992,0.0001957885013623,0.0048797837695211,0.06747928943639954,0.00019578850136410877,0.004879783769521195,3.3306690738754696e-16,1.808774484357567e-15,9.540979117872439e-17
0.0472530166436164,5.85820129818896e-05,0.0021180097030004,0.047253016643616204,5.858201298013319e-05,0.002118009703000495,-1.942890293094024e-16,-1.7564075194265172e-15,9.497611030973019e-17
0.0877784471768701,0.0002408299111652,0.0041169147523173,0.08777844717687038,0.00024082991116703735,0.004116914752317291,2.7755575615628914e-16,1.83734321160256e-15,-8.673617379884035e-18
0.0852218891183826,0.0001628047698509,0.0043145998361081,0.08522188911838235,0.00016280476984916262,0.004314599836108102,-2.498001805406602e-16,-1.7373797712993966e-15,1.734723475976807e-18
0.0861533932321756,0.0001847396030405,0.0036056278878698,0.08615339323217569,0.0001847396030405686,0.0036056278878699166,8.326672684688674e-17,6.860289246402029e-17,1.1666015375944028e-16
0.0679963726854725,9.61029612895556e-05,0.0022186670299277,0.0679963726854725,9.610296128955559e-05,0.002218667029927679,0.0,-1.3552527156068805e-20,-2.1250362580715887e-17
0.0908465944494253,0.0001193714936194,0.0014255508127934,0.09084659444942537,0.00011937149361948216,0.0014255508127934136,6.938893903907228e-17,8.21554196200891e-17,1.3660947373317356e-17
0.1124744668457349,3.807064587663112e-05,-7.934249142688143e-05,0.11247446684573496,3.8070645876638054e-05,-7.934249142679817e-05,6.938893903907228e-17,6.932117640329194e-18,8.326672684688674e-17
0.0978168873789744,-4.380613911381462e-05,-0.0009112952355114,0.09781688737897447,-4.380613911381462e-05,-0.0009112952355115056,6.938893903907228e-17,0.0,-1.0560129160008813e-16
0.0662099737932682,-2.1965554111555777e-05,-0.0002741607513214,0.06620997379326828,-2.1965554111552307e-05,-0.00027416075132150053,6.938893903907228e-17,3.469446951953614e-18,-1.0050554138940626e-16
0.0806699579702122,2.1351083257025588e-05,0.0003635324901787,0.08066995797021226,2.1351083257032527e-05,0.00036353249017881395,5.551115123125783e-17,6.938893903907228e-18,1.1394964832822652e-16
0.105234511879657,3.524193602790979e-05,0.0006459587459264,0.10523451187965709,3.5241936027913257e-05,0.0006459587459264893,8.326672684688674e-17,3.469446951953614e-18,8.922983879555701e-17
0.0827821538787241,1.1263367183064407e-05,0.0002025149831482,0.0827821538787239,1.1263367181312336e-05,0.00020251498314818872,-2.0816681711721685e-16,-1.7520707107365752e-15,-1.1275702593849246e-17
0.0776135268124781,-1.1173808509446631e-06,4.3517743385235175e-05,0.0776135268124784,-1.1173808491856535e-06,4.351774338531844e-05,3.0531133177191805e-16,1.7590096046404824e-15,8.326672684688674e-17
0.1227724589501586,7.734637946445883e-05,0.0009744275608419,0.1227724589501586,7.734637946445883e-05,0.0009744275608419839,0.0,0.0,8.391724815037804e-17
0.2057859712992434,0.0001480569135823,0.0010205161600661,0.20578597129924373,0.00014805691358407702,0.0010205161600660984,3.3306690738754696e-16,1.777034465758054e-15,-1.734723475976807e-18
0.0826396992498063,1.2025186311262134e-05,0.0002109014391667,0.08263969924980609,1.2025186309515268e-05,0.0002109014391667996,-2.0816681711721685e-16,-1.7468665403086447e-15,9.961107459710572e-17
0.1449324618831608,0.0001124070532119,0.0015707574609185,0.1449324618831611,0.00011240705321367145,0.0015707574609185038,3.0531133177191805e-16,1.7714508245697536e-15,3.686287386450715e-18
0.0241923537873205,1.4033476400596157e-06,0.0004782951485121,0.024192353787319994,1.403347636559811e-06,0.00047829514851210897,-5.065392549852277e-16,-3.4998046127832083e-15,8.944667923005412e-18
0.0409982193453715,1.017933984388212e-05,0.0002355143553139,0.040998219345371824,1.0179339845635058e-05,0.00023551435531399267,3.2612801348363973e-16,1.7529380724745636e-15,9.267218069319849e-17
0.1513686457385556,-3.531882890766072e-05,-0.0002453918906584,0.15136864573855566,-3.531882890766072e-05,-0.00024539189065850286,5.551115123125783e-17,0.0,-1.0289078616887437e-16
0.0902706832155006,3.501306911732685e-05,0.000762554994394,0.09027068321550066,3.5013069117328585e-05,0.0007625549943941212,6.938893903907228e-17,1.734723475976807e-18,1.212138028838794e-16
0.2413614946470659,0.0003389021337069,0.0020157175176137,0.24136149464706594,0.0003389021337069781,0.0020157175176136743,2.7755575615628914e-17,7.806255641895632e-17,-2.5587171270657905e-17
0.0640381059525842,1.2985496577327948e-08,0.0002248776181268,0.06403810595259098,1.2985493610950805e-08,0.00022487761812692297,6.772360450213455e-15,-2.96637714392034e-15,1.2297563141416834e-16
0.2197965684034961,0.0001896187370201,0.0015674230593556,0.21979656840348952,0.0001896187370231464,0.0015674230593556993,-6.5780714209040525e-15,3.0464183693040825e-15,9.93129189996722e-17
0.1191842067366439,5.693957863263377e-05,0.0006354849670665,0.11918420673664397,5.693957863263377e-05,0.0006354849670665852,6.938893903907228e-17,0.0,8.521829075736065e-17
0.0617537451700599,2.6383124332587243e-05,0.0006606064111402,0.06175374517005994,2.6383124332588978e-05,0.0006606064111402965,3.469446951953614e-17,1.734723475976807e-18,9.64939933512099e-17
0.0284148360660729,7.98448455354827e-06,0.0005026283571286,0.02841483606607298,7.984484553549137e-06,0.0005026283571287204,7.979727989493313e-17,8.673617379884035e-19,1.2045486136313954e-16
0.0928875243082153,3.0160540770925864e-05,0.0003356803528231,0.09288752430822238,3.0160540769676863e-05,0.0003356803528231922,7.077671781985373e-15,-1.2490009027033011e-15,9.221139476989215e-17
0.1620504691380387,0.0001252176121086,0.0016980141516609,0.16205046913803173,0.0001252176121098736,0.001698014151660987,-6.966649479522857e-15,1.27358518696441e-15,8.695301423333746e-17
0.1408614627958251,7.576516584925988e-05,0.0009845039910938,0.14086146279582476,7.576516584751128e-05,0.000984503991093899,-3.3306690738754696e-16,-1.7486012637846216e-15,9.90960785651751e-17
0.0773860020907523,7.671312694551569e-06,0.0002272741830013,0.07738600209075266,7.67131269630017e-06,0.00022727418300130808,3.608224830031759e-16,1.7486012637846216e-15,8.077306185017008e-18
0.0928224119790208,2.7407992717626974e-05,0.0009463513198688,0.09282241197902086,2.7407992717630447e-05,0.00094635131986881,5.551115123125783e-17,3.4728350837426314e-18,1.0083080204115191e-17
0.087301257339076,1.30026722601935e-05,0.0001679691292416,0.08730125733907604,1.3002672260198703e-05,0.00016796912924169072,4.163336342344337e-17,5.202476362035913e-18,9.072061678272458e-17
0.179594274632583,0.0001620924558966,0.001617281618342,0.17959427463258307,0.00016209245589666327,0.001617281618341987,5.551115123125783e-17,6.326319676452918e-17,-1.3010426069826053e-17
0.1500561198440828,0.0001249529207204,0.0015693997972643,0.15005611984408251,0.00012495292071875233,0.0015693997972643092,-2.7755575615628914e-16,-1.647662041526221e-15,9.324138683375338e-18
0.0418967466686862,5.41131858803473e-06,0.0002388095290059,0.04189674666868659,5.411318589785934e-06,0.00023880952900590113,3.885780586188048e-16,1.7512033489985868e-15,1.1384122811097797e-18
0.1747156326437299,7.838455730459909e-05,0.0010024235412011,0.17471563264373022,7.838455730636157e-05,0.0010024235412011973,3.0531133177191805e-16,1.762479051592436e-15,9.73613550891983e-17
0.0390988967461249,2.928373775820323e-07,0.0003093274278144,0.0390988967461246,2.928373758377678e-07,0.00030932742781439315,-2.983724378680108e-16,-1.7442645080342387e-15,-6.830473686658678e-18
0.0665439500257625,4.896967076901092e-05,0.0008606998834094,0.06654395002576252,4.896967076901612e-05,0.0008606998834095048,2.7755575615628914e-17,5.204170427930421e-18,1.0473392986209973e-16
0.1371302108113302,0.0001130777838449,0.0005712832206559,0.13713021081133028,0.00011307778384491915,0.0005712832206559992,8.326672684688674e-17,1.9149720871525222e-17,9.920449878242366e-17
0.1771722354191904,0.0001263328249298,0.0012424869955365,0.17717223541919042,0.00012633282492989506,0.0012424869955365014,2.7755575615628914e-17,9.50574254726666e-17,1.5178830414797062e-18
0.1057543396004882,3.443531322109075e-05,0.0013381020607821,0.10575433960049518,3.443531321976542e-05,0.0013381020607821092,6.980527267330672e-15,-1.3253287356462806e-15,9.324138683375338e-18
0.0933193841707144,6.072546660017275e-05,0.0011614130676183,0.09331938417070751,6.0725466601518896e-05,0.001161413067618411,-6.897260540483785e-15,1.3461454173580023e-15,1.1080546202801855e-16
0.0901919093384029,1.8554024946937364e-05,0.0002011572400806,0.09019190933840293,1.8554024946940834e-05,0.0002011572400805739,2.7755575615628914e-17,3.469446951953614e-18,-2.610216730258852e-17
0.1175825521131439,3.4888397401761084e-06,2.342461346466207e-05,0.11758255211314393,3.4888397401830473e-06,2.342461346471758e-05,2.7755575615628914e-17,6.938893903907228e-18,5.551115123125783e-17
0.1714979122721504,9.693209841103027e-05,0.0014268822002287,0.17149791227215047,9.693209841103723e-05,0.0014268822002287962,8.326672684688674e-17,6.952446431063297e-18,9.627715291671279e-17
0.1271900238148192,4.380803243460643e-05,0.0005699713071847,0.1271900238148196,4.380803243635503e-05,0.0005699713071846968,4.163336342344337e-16,1.7486012637846216e-15,-3.2526065174565133e-18
0.0648603062046751,1.7009364185558568e-05,0.0005136090852513,0.0648603062046748,1.7009364183820375e-05,0.0005136090852513042,-3.0531133177191805e-16,-1.7381929229287607e-15,4.228388472693467e-18
0.2387726992898051,0.0004505953204824,0.00339765817584,0.23877269928980513,0.00045059532048248585,0.0033976581758400903,2.7755575615628914e-17,8.586881206085195e-17,9.020562075079397e-17
0.0133033366884125,2.953433188863236e-07,2.452555343546159e-05,0.013303336688412513,2.9534331888675727e-07,2.45255534355171e-05,1.3877787807814457e-17,4.336808689942018e-19,5.551115123125783e-17
0.0832209870401177,6.932725914395727e-06,0.0001078060008716,0.08322098704011775,6.9327259143957265e-06,0.00010780600087167969,5.551115123125783e-17,-8.470329472543003e-22,7.968885967768458e-17
0.0955196731621033,-2.425196889332959e-05,-0.0003916589804846,0.09551967316210332,-2.425196889332959e-05,-0.0003916589804846826,1.3877787807814457e-17,0.0,-8.261620554339544e-17
0.1338309118341229,0.0001423921879108,0.001413054115484,0.13383091183412293,0.00014239218791084474,0.0014130541154839804,2.7755575615628914e-17,4.472333961502706e-17,-1.951563910473908e-17
0.1209954231636522,4.264656478028886e-05,0.0012875878674925,0.12099542316365229,4.26465647802958e-05,0.0012875878674925012,9.71445146547012e-17,6.938893903907228e-18,1.3010426069826053e-18
0.2282785800042505,0.0002283641224209,0.0019425134504683,0.22827858000425058,0.00022836412242099868,0.0019425134504684194,8.326672684688674e-17,9.868950275049304e-17,1.194790794079026e-16
0.0095154518171749,6.135348036920025e-07,7.6566881976603e-05,0.009515451817174942,6.135348036920025e-07,7.6566881976603e-05,4.163336342344337e-17,0.0,0.0
0.0314271813946928,1.4285628483651572e-05,0.0003538540663949,0.03142718139469281,1.4285628483651572e-05,0.0003538540663949874,1.3877787807814457e-17,0.0,8.738669510233166e-17
0.1684067255372857,0.0002220427111797,0.0016639012497388,0.16840672553728575,0.00022204271117971103,0.0016639012497388084,5.551115123125783e-17,1.1031757105040008e-17,8.456776945386935e-18
0.1067110500503896,4.373164587713474e-07,0.0009200841481297,0.10671105005038967,4.373164587782863e-07,0.0009200841481298017,6.938893903907228e-17,6.938893903907228e-18,1.0169816377914032e-16
0.0504774717041918,8.417657422019748e-06,0.0003064779812672,0.05047747170419187,8.417657422019748e-06,0.0003064779812672058,6.938893903907228e-17,0.0,5.800481622797449e-18
0.1577673457562604,9.111179651891815e-05,0.0007409923598422,0.15776734575626047,9.111179651892509e-05,0.0007409923598422907,8.326672684688674e-17,6.938893903907228e-18,9.074772183703672e-17
0.1520741159410092,2.5763440154518563e-05,0.0007542722166108,0.15207411594100922,2.5763440154518563e-05,0.0007542722166107851,2.7755575615628914e-17,0.0,-1.485356976305141e-17
0.0925054613015249,9.158622690426388e-05,0.0011618328203291,0.09250546130152498,9.158622690427082e-05,0.0011618328203292227,8.326672684688674e-17,6.938893903907228e-18,1.227316859253591e-16
0.1300426985576659,0.0001733121786653,0.0019340277319641,0.13004269855766595,0.00017331217866533785,0.0019340277319640775,5.551115123125783e-17,3.7838655819744105e-17,-2.2551405187698492e-17
0.1399198157906665,9.951274145928583e-05,0.0008018488694584,0.13991981579066656,9.951274145929626e-05,0.0008018488694584991,5.551115123125783e-17,1.0421893383016911e-17,9.90960785651751e-17
0.1003348957299563,1.961275235593321e-05,7.164058780087523e-05,0.10033489572995634,1.961275235593321e-05,7.164058780090299e-05,4.163336342344337e-17,0.0,2.7755575615628914e-17
0.0617746726936026,-1.0069175295279733e-05,-0.0002056946448912,0.061774672693602616,-1.0069175295279731e-05,-0.00020569464489120226,1.3877787807814457e-17,1.6940658945086007e-21,-2.2497195079074217e-18
0.21055303178307,0.0002490826519085,0.0021048432366644,0.21055303178307008,0.0002490826519085665,0.0021048432366644054,8.326672684688674e-17,6.646159317336142e-17,5.637851296924623e-18
0.1876858649659505,0.0001256046597628,0.0012840842484877,0.18768586496595052,0.00012560465976284296,0.0012840842484876935,2.7755575615628914e-17,4.2961511084738113e-17,-6.5052130349130266e-18
0.0815086840598384,6.576588856468946e-05,0.0012476986254343,0.0815086840598384,6.57658885646964e-05,0.001247698625434418,0.0,6.938893903907228e-18,1.1796119636642288e-16
0.0304399976289935,4.952522021402575e-06,0.0001922827432774,0.03043999762899358,4.952522021402575e-06,0.00019228274327748318,7.979727989493313e-17,0.0,8.318541168395033e-17
0.1029480530055857,6.727422394833121e-05,0.0005474003333457,0.1029480530055857,6.727422394833121e-05,0.0005474003333457156,0.0,0.0,1.5612511283791264e-17
0.090584228383285,3.210631433311212e-05,0.0004749389382406,0.09058422838328506,3.210631433311559e-05,0.0004749389382406044,5.551115123125783e-17,3.469446951953614e-18,4.391018798566293e-18
0.0571970181373146,4.236680682424832e-06,0.0003473352060406,0.05719701813731466,4.236680682426566e-06,0.0003473352060406887,6.245004513516506e-17,1.7338764430295528e-18,8.868773770931426e-17
0.015824450217457,4.892134447104755e-07,2.671189824388076e-05,0.015824450217457098,4.892134447104755e-07,2.6711898243797494e-05,9.71445146547012e-17,0.0,-8.326672684688674e-17
0.0881043807464357,4.971520859621895e-05,0.000741303066724,0.08810438074643571,4.9715208596229354e-05,0.0007413030667240972,1.3877787807814457e-17,1.0401564592282808e-17,9.71445146547012e-17
0.3218221359129615,0.0004574717337014,0.0020301225161419,0.3218221359129615,0.00045747173370151717,0.0020301225161420133,0.0,1.1714804473705875e-16,1.1319070680748666e-16
0.0992445818510844,3.678455455397717e-05,0.0009912345602594,0.09924458185108447,3.6784554553980636e-05,0.0009912345602594852,6.938893903907228e-17,3.469446951953614e-18,8.521829075736065e-17
0.1521177942357865,0.0002261211416756,0.0022964349412895,0.15211779423578653,0.00022612114167560454,0.0022964349412895046,2.7755575615628914e-17,4.553649124439119e-18,4.7704895589362195e-18
0.0850308567796649,1.8056837177569257e-05,0.0010204555298267,0.0850308567796649,1.8056837177576196e-05,0.001020455529826797,0.0,6.938893903907228e-18,9.69276742202041e-17
0.0896556211483843,3.268801140724961e-05,0.0004343746079134,0.08965562114838435,3.268801140724961e-05,0.00043437460791340143,5.551115123125783e-17,0.0,1.4094628242311558e-18
0.164533887704361,7.367520573439701e-06,-2.063176135727596e-05,0.164533887704361,7.367520573439701e-06,-2.0631761357303713e-05,0.0,0.0,-2.7752187483839896e-17
0.216355790538127,0.000184028137132,0.0021154040091698,0.21635579053813395,0.0001840281371304764,0.002115404009169819,6.938893903907228e-15,-1.5236022079395672e-15,1.9081958235744878e-17
0.0231954738443936,1.941824944879864e-06,0.0001056797382011,0.023195473844386746,1.9418249464714724e-06,0.00010567973820119203,-6.855627177060342e-15,1.5916083656922469e-15,9.203521191686326e-17
0.1111034171155453,5.250854125101595e-05,0.0006438211461449,0.1111034171155453,5.250854125101942e-05,0.0006438211461448906,0.0,3.469446951953614e-18,-9.432558900623889e-18
0.0682509782385248,2.047140402691196e-05,0.0004766774953366,0.06825097823852487,2.047140402691716e-05,0.000476677495336697,6.938893903907228e-17,5.200782296141404e-18,9.703609443745265e-17
0.0632897269867465,1.5250150560093543e-05,0.0005315528859058,0.06328972698674658,1.5250150560100484e-05,0.0005315528859058116,8.326672684688674e-17,6.940587969801737e-18,1.1600963245594897e-17
0.3385690631714586,0.0005217451199017,0.0025113138833136,0.3385690631714586,0.0005217451199017592,0.002511313883313687,0.0,5.919743861770854e-17,8.716985466783456e-17
0.1056498578999532,5.286590125268276e-05,0.0010622812080133,0.10564985789995321,5.2865901252696634e-05,0.0010622812080134103,1.3877787807814457e-17,1.3871011544236422e-17,1.1037178115902435e-16
0.0664520813240387,2.8634461963427185e-05,0.0006104003450987,0.0664520813240387,2.8634461963430655e-05,0.0006104003450987938,0.0,3.469446951953614e-18,9.378348791999613e-17
0.0416420388000967,2.0280888085274715e-05,0.0002293582549035,0.04164203880010366,2.0280888083644075e-05,0.00022935825490361106,6.95971058561895e-15,-1.6306400674181987e-15,1.110494075168278e-16
0.1152525300776628,6.769496407567702e-05,0.0008380414014547,0.11525253007765592,6.769496407731113e-05,0.0008380414014546866,-6.8833827526759706e-15,1.6341095143701523e-15,-1.3335686721571705e-17
0.1003645251043954,7.237572070388151e-05,0.0010811454425998,0.10036452510439547,7.237572070388845e-05,0.0010811454425999067,6.938893903907228e-17,6.938893903907228e-18,1.0668549377257364e-16
0.0911687137107289,2.308825386302185e-05,0.0005782788616363,0.09116871371072892,2.308825386302185e-05,0.0005782788616363055,1.3877787807814457e-17,0.0,5.5294310796760726e-18
0.0893521599671428,4.447951709882214e-05,0.000823236763574,0.08935215996714285,4.447951709882214e-05,0.0008232367635739868,5.551115123125783e-17,0.0,-1.3227266504323154e-17
0.1101631124491976,7.678575732219736e-05,0.0008412069074183,0.11016311244919762,7.678575732220777e-05,0.0008412069074184014,1.3877787807814457e-17,1.0408340855860843e-17,1.0148132334464322e-16
0.1488205236111661,5.721045477454639e-05,0.0006425693907965,0.148820523611173,5.7210454772894936e-05,0.000642569390796599,6.9111383282915995e-15,-1.6514567491299204e-15,9.898765834792655e-17
0.136756333954268,-1.5563948243545872e-05,-0.000123906225397,0.1367563339542611,-1.5563948241880537e-05,-0.00012390622539709684,-6.9111383282915995e-15,1.6653345369377348e-15,-9.684635905726768e-17
0.1716699338900336,0.0003654376913667,0.0041034934745748,0.17166993389003368,0.00036543769136671705,0.00410349347457481,8.326672684688674e-17,1.7076184216646695e-17,9.540979117872439e-18
0.1102825686171182,0.0001019616623977,0.0011052253511779,0.11028256861711822,0.00010196166239777316,0.0011052253511779908,1.3877787807814457e-17,7.315654158845941e-17,9.085614205428527e-17
0.0656596861885205,-8.354675315241575e-06,-0.0001078621866674,0.06565968618852054,-8.35467531523637e-06,-0.00010786218666739011,4.163336342344337e-17,5.204170427930421e-18,9.879792296774159e-18
0.0584254731395975,-4.995246413374774e-06,-5.823876081503809e-05,0.05842547313959759,-4.995246413373039e-06,-5.823876081501034e-05,9.020562075079397e-17,1.734723475976807e-18,2.7755575615628914e-17
0.188930985876969,0.0001697015504995,0.0013711180232508,0.18893098587696908,0.00016970155049952917,0.0013711180232507947,8.326672684688674e-17,2.916503843986007e-17,-5.421010862427522e-18
0.0667933563095479,6.833258109690925e-05,0.0009628000435537,0.06679335630954795,6.833258109691272e-05,0.0009628000435538131,5.551115123125783e-17,3.469446951953614e-18,1.1308228659023811e-16
0.1487497577414207,0.000177992367476,0.002011847108737,0.14874975774142074,0.00017799236747603753,0.002011847108737086,2.7755575615628914e-17,3.754050022231059e-17,8.586881206085195e-17
0.1217851357003271,9.73383089715174e-05,0.0014571201298714,0.12178513570032716,9.73383089715174e-05,0.0014571201298714254,5.551115123125783e-17,0.0,2.5370330836160804e-17
0.1134948790707883,-8.186429020295288e-06,-0.0002549446573832,0.11349487907078831,-8.186429020295288e-06,-0.0002549446573833214,1.3877787807814457e-17,0.0,-1.2137643320975222e-16
0.1431259813654411,7.87175841135343e-05,0.0010308371935584,0.14312598136544116,7.871758411354124e-05,0.0010308371935585092,5.551115123125783e-17,6.938893903907228e-18,1.0928757898653885e-16
0.051368314989908,1.391155315193758e-05,0.0005968574312542,0.05136831498990802,1.391155315193758e-05,0.0005968574312542052,2.0816681711721685e-17,0.0,5.204170427930421e-18
0.2325507048927622,0.0003600726777896,0.0025184415742618,0.2325507048927622,0.000360072677789626,0.0025184415742618704,0.0,2.596664203102783e-17,7.025630077706069e-17
0.1750286208551427,0.0001830178201827,0.0016130308826747,0.17502862085514276,0.0001830178201827487,0.0016130308826747264,5.551115123125783e-17,4.8707782598911287e-17,2.6454533008646308e-17
0.0100161138979897,8.39718010044524e-07,8.727135237313055e-05,0.010016113897996606,8.397180082668661e-07,8.727135237318606e-05,6.905934157863669e-15,-1.777657882007233e-15,5.551115123125783e-17
0.0645119361675078,1.890074254960392e-05,0.0004801614721193,0.064511936167501,1.8900742551383742e-05,0.0004801614721193226,-6.800116025829084e-15,1.779822898220415e-15,2.2605615296322767e-17
0.251725594005467,0.0002684373748777,0.0020782518952677,0.251725594005467,0.00026843737487777797,0.0020782518952677798,0.0,7.795413620170777e-17,7.979727989493313e-17
0.0107268372214259,1.3992254919688654e-06,0.0001425708595318,0.010726837221425947,1.3992254919688654e-06,0.00014257085953189863,4.683753385137379e-17,0.0,9.863529264186877e-17
0.0121935740894629,2.6289108447452927e-06,0.000151419624995,0.012193574089462906,2.62891084474616e-06,0.0001514196249950972,6.938893903907228e-18,8.673617379884035e-19,9.719872476332547e-17
0.0370048852939531,2.286124180399772e-05,0.0005492584412034,0.037004885293953176,2.2861241803999455e-05,0.0005492584412035151,7.632783294297951e-17,1.734723475976807e-18,1.1503385050071202e-16
0.2721856752931196,0.0003776605813281,0.0021221482227694,0.27218567529311966,0.00037766058132811253,0.0021221482227694044,5.551115123125783e-17,1.2522535092207576e-17,4.336808689942018e-18
0.1178126535325925,-3.971143807616692e-05,0.0009383230557881,0.11781265353259256,-3.971143807616692e-05,0.0009383230557881705,5.551115123125783e-17,0.0,7.058156142880634e-17
0.0415417832895197,1.2405193062840075e-05,0.0004685909971579,0.041541783289519754,1.240519306284181e-05,0.00046859099715790276,5.551115123125783e-17,1.734723475976807e-18,2.7647155398380363e-18
0.2938553117371955,0.000341530704753,0.002578662437272,0.29385531173719553,0.00034153070475310965,0.0025786624372720057,5.551115123125783e-17,1.0966704974690877e-16,5.637851296924623e-18
0.0430197010642625,1.484796309765557e-05,0.0004507885665054,0.04301970106426252,1.484796309765904e-05,0.00045078856650548893,2.0816681711721685e-17,3.469446951953614e-18,8.890457814381136e-17
0.1202956669464156,0.0001251049421635,0.0016147532572831,0.12029566694642252,0.00012510494216170717,0.001614753257283108,6.925016116099414e-15,-1.79283671242203e-15,8.023096076392733e-18
0.0912278813567303,2.6548236803120014e-05,0.000437250184721,0.09122788135672348,2.654823680498311e-05,0.0004372501847211274,-6.813993813636898e-15,1.86309640133088e-15,1.2744796537567105e-16
0.1152890693212691,3.5320796976854446e-05,0.0007693301972603,0.11528906932127596,3.532079697499135e-05,0.0007693301972603872,6.855627177060342e-15,-1.863093013199091e-15,8.716985466783456e-17
0.1111226068636838,3.665047754057571e-05,0.0004263983716074,0.11112260686367695,3.665047754244227e-05,0.000426398371607406,-6.855627177060342e-15,1.8665624601510444e-15,6.0173220572945496e-18
0.1471601945612791,0.0001304483447507,0.0013383030250101,0.14716019456127916,0.00013044834475080258,0.0013383030250102013,5.551115123125783e-17,1.0259263057144086e-16,1.0126448291014611e-16
0.062208298048228,-1.2776372390773533e-05,0.0005875202257864,0.062208298048221145,-1.2776372388893092e-05,0.0005875202257863976,-6.855627177060342e-15,1.880440247958859e-15,-2.3852447794681098e-18
0.1011276295381184,7.547147334401039e-05,0.0011217792068314,0.10112762953812528,7.547147334213689e-05,0.0011217792068314858,6.8833827526759706e-15,-1.8735013540549517e-15,8.586881206085195e-17
0.0955329810989053,9.387749865040484e-05,0.0011995062752526,0.09553298109890536,9.387749865041178e-05,0.0011995062752526153,5.551115123125783e-17,6.938893903907228e-18,1.5395670849294163e-17
0.0678947780227125,1.7628265892587897e-05,0.0002485423511502,0.06789477802271252,1.7628265892594835e-05,0.00024854235115029377,1.3877787807814457e-17,6.938893903907228e-18,9.378348791999613e-17
0.1766182986662742,3.524427843660388e-05,0.0003337991338164,0.17661829866628104,3.52442784347165e-05,0.0003337991338164814,6.827871601444713e-15,-1.887379141862766e-15,8.142358315366138e-17
0.1637671787128139,0.0001021881473203,0.0012392941435702,0.16376717871280713,0.00010218814732229631,0.0012392941435702132,-6.772360450213455e-15,1.996314355143247e-15,1.3227266504323154e-17
0.1464072357241676,0.0001973452140074,0.0021590173953628,0.14640723572416856,0.00019734521401090083,0.0021590173953628944,9.43689570931383e-16,3.5008346048470695e-15,9.454242944073599e-17
0.0767452044183939,2.1800727839214884e-05,0.0010272603690696,0.07674520441839298,2.1800727835800948e-05,0.0010272603690696935,-9.159339953157541e-16,-3.4139358007223564e-15,9.345822726825048e-17
0.0821763645578072,4.492073149798409e-05,0.0005307387136359,0.08217636455780722,4.492073149798756e-05,0.0005307387136359032,1.3877787807814457e-17,3.469446951953614e-18,3.144186300207963e-18
0.156699972719011,6.10424120730188e-05,0.0007372799435212,0.15669997271901107,6.104241207302574e-05,0.0007372799435212962,5.551115123125783e-17,6.938893903907228e-18,9.616873269946424e-17
0.1166003843950207,6.563518585429168e-06,0.0001677807825425,0.11660038439502174,6.5635185888500425e-06,0.00016778078254253703,1.0408340855860843e-15,3.4208746946262636e-15,3.7025504190379976e-17
0.0972991921391619,9.261402474653596e-05,0.0013475376969296,0.09729919213915997,9.261402473970115e-05,0.0013475376969295794,-1.9290125052862095e-15,-6.83481049534862e-15,-2.0599841277224584e-17
0.1191071345921702,7.098739699941403e-05,0.0012140525672862,0.11910713459217118,7.09873970028349e-05,0.0012140525672862945,9.71445146547012e-16,3.4208746946262636e-15,9.454242944073599e-17
0.0753660381614987,4.1426560507856064e-05,0.0009886576582362,0.07536603816149774,4.142656050444907e-05,0.0009886576582363027,-9.575673587391975e-16,-3.406996906818449e-15,1.0278236595162582e-16
0.1340421362422994,8.38416377753684e-05,0.0008857769369153,0.13404213624230044,8.384163777878234e-05,0.0008857769369153279,1.0269562977782698e-15,3.4139358007223564e-15,2.7863995832877464e-17
0.1406574213989918,0.0001168464207593,0.0011950526893232,0.14065742139899182,0.00011684642075938251,0.0011950526893231839,2.7755575615628914e-17,8.250778532614689e-17,-1.6046192152785466e-17
0.0956219605124252,3.160837723564097e-05,0.0007931831881072,0.09562196051242526,3.160837723564444e-05,0.0007931831881072826,5.551115123125783e-17,3.469446951953614e-18,8.261620554339544e-17
0.0634950102617204,1.594478947930522e-05,0.0003400013835653,0.06349501026171943,1.5944789475894755e-05,0.00034000138356532483,-9.71445146547012e-16,-3.4104663537704027e-15,2.482822974991805e-17
0.1159791281063855,0.0001037734708259,0.001040203749304,0.11597912810638752,0.00010377347083280822,0.0010402037493040805,2.0261570199409107e-15,6.908224534953045e-15,8.044780119842443e-17
0.2292229331034431,0.0002152184807156,0.0012974928546157,0.2292229331034421,0.00021521848071225785,0.0012974928546158337,-9.992007221626409e-16,-3.342134511849504e-15,1.3379054808471125e-16
0.0988710818557233,-6.048195705670584e-05,-0.0008669209549759,0.09887108185573011,-6.048195705871118e-05,-0.0008669209549760359,6.813993813636898e-15,-2.005340338229189e-15,-1.3595895242968226e-16
0.1722606365557163,1.165696400728944e-05,0.000605027472147,0.17226063655570953,1.165696400928784e-05,0.0006050274721471349,-6.772360450213455e-15,1.9983997502593873e-15,1.3487475025719675e-16
0.1674847506511051,-0.0001570793371747,-0.0019017653137132,0.16748475065110513,-0.0001570793371747023,-0.0019017653137133328,2.7755575615628914e-17,-2.303929616531697e-18,-1.3270634591222574e-16
0.0595691292108293,-1.2965928664798038e-05,-0.000241753966191,0.05956912921082939,-1.2965928664794568e-05,-0.00024175396619097178,9.020562075079397e-17,3.469446951953614e-18,2.821636153893525e-17
0.0922736499796029,1.1769351740083256e-05,0.0001214747794079,0.09227364997960395,1.1769351743493722e-05,0.00012147477940788187,1.0547118733938987e-15,3.4104663537704027e-15,-1.8133281334820062e-17
0.1791358302773227,2.0753327686653944e-05,-7.516642966148845e-05,0.17913583027732172,2.0753327683246947e-05,-7.516642966148845e-05,-9.71445146547012e-16,-3.406996906818449e-15,0.0
0.1166171883177263,-1.0608570569760334e-05,0.0003831595888343,0.11661718831772538,-1.0608570573160392e-05,0.00038315958883439194,-9.159339953157541e-16,-3.400058012914542e-15,9.194034422677078e-17
0.0249550979132508,1.8013499256106826e-05,0.0008178235273745,0.02495509791325182,1.8013499259517292e-05,0.0008178235273745837,1.0200174038743626e-15,3.4104663537704027e-15,8.370040771588094e-17
0.1550007982886064,0.0005140925240386,0.0056555723930193,0.15500079828860644,0.0005140925240386882,0.005655572393019337,2.7755575615628914e-17,8.814563662307151e-17,3.729655473350135e-17
0.088920980521035,4.97940967932077e-05,0.0006131879164606,0.08892098052103506,4.9794096793207704e-05,0.0006131879164605891,5.551115123125783e-17,6.776263578034403e-21,-1.0842021724855044e-17
0.1217417034103697,-5.893271299268338e-05,-0.0008760747930908,0.12174170341036973,-5.893271299267644e-05,-0.0008760747930908197,2.7755575615628914e-17,6.938893903907228e-18,-1.973247953923618e-17
0.1100022944144152,-0.0001406731404141,-0.0016592533531649,0.11000229441440845,-0.0001406731404120752,-0.001659253353164969,-6.744604874597826e-15,2.024801767225304e-15,-6.895525817007808e-17
0.1743167221898532,1.809171354526934e-05,9.502660186716529e-05,0.17431672218986008,1.809171354325012e-05,9.502660186716527e-05,6.8833827526759706e-15,-2.0192181260370035e-15,-1.3552527156068805e-20
0.1467134372933104,1.642494432377989e-05,0.0005948171554149,0.14671343729331043,1.642494432377989e-05,0.0005948171554149284,2.7755575615628914e-17,0.0,2.8406096919120216e-17
0.1315841995105308,0.000282832425149,0.0044290163477983,0.13158419951053088,0.0002828324251490655,0.0044290163477983535,8.326672684688674e-17,6.548581121812447e-17,5.377642775528102e-17
0.0488046719055066,0.0001024215159212,0.002062023352129,0.04880467190550765,0.00010242151592467809,0.0020620233521290166,1.0477729794899915e-15,3.478093464279186e-15,1.6479873021779667e-17
0.1179948893381104,0.0002429354244342,0.0029801183911273,0.1179948893381084,0.00024293542442742344,0.002980118391127329,-2.0122792321330962e-15,-6.776561733631836e-15,2.862293735361732e-17
0.0656167819106884,7.929336553136324e-06,0.0001248514595489,0.0656167819106895,7.929336556532912e-06,0.00012485145954888033,1.096345236817342e-15,3.3965885659625883e-15,-1.9678269430611905e-17
0.0711649343550649,-2.0955065425459773e-05,-0.0003917863400672,0.07116493435506493,-2.0955065425456304e-05,-0.0003917863400672017,4.163336342344337e-17,3.469446951953614e-18,-1.6805133673525319e-18
0.166490344233969,3.707447215412635e-05,0.0009083941600864,0.16649034423396797,3.707447215074017e-05,0.0009083941600864787,-1.0269562977782698e-15,-3.3861802251067274e-15,7.871307772244762e-17
0.1465583651405781,0.0001540238046297,0.0023931594847607,0.14655836514057916,0.00015402380463311327,0.0023931594847607096,1.0547118733938987e-15,3.413258174364553e-15,9.540979117872439e-18
0.1188227536153731,0.0001040384529781,0.0021362297121614,0.11882275361537416,0.00010403845298150027,0.0021362297121614304,1.0547118733938987e-15,3.400274853349039e-15,3.0357660829594124e-17
0.1801424590486267,7.445351381105136e-05,0.0005661218485447,0.1801424590486189,7.445351380978155e-05,0.0005661218485447095,-7.799316747991725e-15,-1.2698175844150228e-15,9.432558900623889e-18
0.1925363758923748,-2.471913046124541e-05,0.000414348502586,0.19253637589238165,-2.471913046337565e-05,0.00041434850258598166,6.855627177060342e-15,-2.130240428499519e-15,-1.8323016715005025e-17
0.0534180686249403,4.42256662678709e-05,0.0012285306380542,0.05341806862494033,4.422566626787264e-05,0.0012285306380542815,2.7755575615628914e-17,1.734723475976807e-18,8.153200337090993e-17
0.0118157967352881,3.698107766325273e-06,0.00035187524464,0.011815796735288112,3.698107766325273e-06,0.00035187524464008746,1.214306433183765e-17,0.0,8.744090521095593e-17
0.0233705351540213,1.562909278550722e-05,0.0006963071364994,0.02337053515402136,1.562909278550722e-05,0.00069630713649943,5.898059818321144e-17,0.0,3.003240017784847e-17
0.1365722262293634,0.0003193918051881,0.0010001475047687,0.1365722262293634,0.0003193918051881753,0.0010001475047687891,0.0,7.529784087911828e-17,8.912141857830846e-17
0.2319482910420783,0.0003627653693868,0.0012130332986089,0.23194829104207945,0.0003627653693902555,0.0012130332986090009,1.1657341758564144e-15,3.4555149540371755e-15,1.0083080204115191e-16
0.100111398708169,1.2634962146835377e-05,0.0008945674420149,0.10011139870817469,1.2634962141284262e-05,0.0008945674420149929,5.689893001203927e-15,-5.551115123125783e-15,9.291612618200773e-17
0.068111491017162,7.338912406048767e-05,0.0015779718417436,0.06811149101715419,7.338912405927336e-05,0.001577971841743686,-7.813194535799539e-15,-1.214306433183765e-15,8.608565249534905e-17
0.1530988823911881,0.0002825493452051,0.0024292159778497,0.15309888239118927,0.0002825493452085215,0.00242921597784973,1.1657341758564144e-15,3.4214710058211306e-15,3.0357660829594124e-17
0.144092574567429,8.004771244865538e-05,0.0007182177038669,0.14409257456742908,8.004771244865538e-05,0.0007182177038669857,8.326672684688674e-17,0.0,8.565197162635485e-17
0.0986025784222057,1.4539072400798075e-05,0.0002561643862851,0.09860257842220577,1.4539072400798075e-05,0.0002561643862851182,6.938893903907228e-17,0.0,1.81603863891322e-17
0.1482211119175793,9.35485299406666e-05,0.0013387353174191,0.14822111191758042,9.35485299440389e-05,0.0013387353174190708,1.1102230246251565e-15,3.372288884771757e-15,-2.927345865710862e-17
0.09504943591102,4.966414694505122e-05,0.0009396140285638,0.09504943591101779,4.966414693830315e-05,0.0009396140285639065,-2.2065682614424986e-15,-6.7480675452862016e-15,1.0646865333807654e-16
0.06330913891432,1.5027649552811634e-05,0.0004154833664054,0.06330913891432009,1.5027649552811634e-05,0.0004154833664054003,9.71445146547012e-17,0.0,2.710505431213761e-19
0.0369765153419022,8.237646034948976e-06,0.0004027880687902,0.03697651534190337,8.237646038324747e-06,0.00040278806879023854,1.1657341758564144e-15,3.3757718842508666e-15,3.854338723185968e-17
0.2280920423385702,0.0002938766947103,0.001473309601445,0.22809204233857028,0.0002938766947103988,0.0014733096014450942,8.326672684688674e-17,9.877081791342945e-17,9.410874857174178e-17
0.1328443939566279,4.807939132533967e-05,0.0011448839257301,0.13284439395662903,4.8079391328711973e-05,0.0011448839257300891,1.1379786002407855e-15,3.372302437298913e-15,-1.0842021724855044e-17
0.1218298088622859,0.0001013883400915,0.0016648967952715,0.12182980886227808,0.00010138834009040809,0.0016648967952715976,-7.813194535799539e-15,-1.0919135604373076e-15,9.75781955236954e-17
0.1349077521391447,0.0001084226552076,0.0014413377287723,0.13490775213915146,0.0001084226552054493,0.0014413377287723073,6.772360450213455e-15,-2.150691191978027e-15,7.15573433840433e-18
0.1061841501276183,0.0001284608358493,0.0022534317916864,0.1061841501276183,0.0001284608358493311,0.0022534317916864666,0.0,3.108949729602184e-17,6.635317295611287e-17
0.1233903208774157,0.0003707156537301,0.0045864909170875,0.12339032087742366,0.00037071565373127807,0.004586490917087516,7.965850201685498e-15,1.1780940806227491e-15,1.5612511283791264e-17
0.150637165378082,0.0004470689027307,0.0050234445886618,0.1506371653780742,0.0004470689027296845,0.005023444588661885,-7.799316747991725e-15,-1.0154637547499235e-15,8.500145032286355e-17
0.1073850003167068,0.0001306816183797,0.0027289442058005,0.10738500031670796,0.00013068161838306752,0.0027289442058004987,1.1657341758564144e-15,3.3675319477399768e-15,-1.3010426069826053e-18
0.1061924081506672,0.0003455930228406,0.0050445969272633,0.10619240815066602,0.0003455930228373552,0.005044596927263334,-1.1796119636642288e-15,-3.2448002618146177e-15,3.382710778154774e-17
0.1731081275094224,0.0008190716590173,0.0084448244441432,0.17310812750942248,0.0008190716590173661,0.008444824444143295,8.326672684688674e-17,6.602791230436722e-17,9.540979117872439e-17
0.1171369672971767,0.0003108288531566,0.0045586006197212,0.11713696729717556,0.0003108288531533665,0.004558600619721298,-1.1379786002407855e-15,-3.2335245592207684e-15,9.80118763926896e-17
0.1148873187350444,0.0002734587102544,0.0044373252578512,0.11488731873504027,0.00027345871026355356,0.004437325257851288,-4.135580766728708e-15,9.153539471534744e-15,8.760353553682876e-17
0.1160370076232983,0.0003497711295897,0.0052533773983127,0.11603700762331037,0.0003497711295814346,0.00525337739831272,1.2073675392798577e-14,-8.265415261943243e-15,1.9949319973733282e-17
0.0820888125672718,0.000114523949216,0.0036354643348388,0.0820888125672652,0.00011452394921862563,0.0036354643348389115,-6.591949208711867e-15,2.625625953635302e-15,1.1145598333150986e-16
0.1077941387386829,0.0003536856331727,0.0053680206941271,0.10779413873868425,0.00035368563317606655,0.0053680206941270625,1.3461454173580023e-15,3.36655616578474e-15,-3.729655473350135e-17
0.0912404935112137,0.0002098025683761,0.0048939587807905,0.09124049351121902,0.0002098025683702695,0.004893958780790519,5.315192730392937e-15,-5.830486917920985e-15,1.9081958235744878e-17
0.1953169278536904,0.00090157539451,0.0087718428445838,0.19531692785368387,0.0009015753945127297,0.008771842844583877,-6.522560269672795e-15,2.7296958096667545e-15,7.632783294297951e-17
0.0942219188638419,0.0002693188411628,0.004972605514916,0.09422191886384192,0.00026931884116285915,0.0049726055149160175,1.3877787807814457e-17,5.914322850908427e-17,1.734723475976807e-17
0.0776369306248166,0.0001757822329233,0.0035856905897997,0.07763693062481661,0.00017578223292338824,0.003585690589799795,1.3877787807814457e-17,8.822695178600792e-17,9.497611030973019e-17
0.1360216994625533,0.0006474732673547,0.0077287238413115,0.1360216994625547,0.0006474732673580064,0.007728723841311513,1.4155343563970746e-15,3.3063829452117943e-15,1.3010426069826053e-17
0.109732571148436,0.0003027800779784,0.005402836725015,0.10973257114843603,0.0003027800779784942,0.00540283672501507,2.7755575615628914e-17,9.421716878899034e-17,7.025630077706069e-17
0.0961141029294668,0.0002797783782656,0.005318008688924,0.0961141029294668,0.0002797783782656979,0.005318008688924125,0.0,9.790345617544105e-17,1.249000902703301e-16
0.1399368753161879,0.0005402130748075,0.0062299777665843,0.13993687531618795,0.0005402130748075745,0.006229977766584294,5.551115123125783e-17,7.448468924975415e-17,-6.071532165918825e-18
0.2196239749603023,0.0011882210142965,0.0096120557972482,0.2196239749603073,0.0011882210142904193,0.009612055797248276,4.9960036108132044e-15,-6.080639464167703e-15,7.632783294297951e-17
0.0804459158468779,0.0002378821294076,0.0031317888913734,0.08044591584687154,0.00023788212941057776,0.0031317888913734993,-6.356026815979021e-15,2.977761266731438e-15,9.93129189996722e-17
0.0288390439776943,2.4739933085222987e-05,0.0010040289885299,0.028839043977694306,2.4739933085222987e-05,0.0010040289885299147,6.938893903907228e-18,0.0,1.474514954580286e-17
0.1557073419661174,0.0006668462061957,0.0073224927354437,0.15570734196611893,0.0006668462061989316,0.007322492735443831,1.5265566588595902e-15,3.231681415527543e-15,1.3097162243624894e-16
0.1222153360738492,0.0002972938721262,0.0040940102906669,0.12221533607384774,0.00029729387212300284,0.004094010290666972,-1.457167719820518e-15,-3.1971495763338798e-15,7.19910242530375e-17
0.1200839300445348,0.0002837639695819,0.0041556706494499,0.12008393004453481,0.00028376396958196964,0.004155670649449994,1.3877787807814457e-17,6.965998958219366e-17,9.367506770274758e-17
0.1087401201393504,0.0002797776912115,0.0044385717871966,0.10874012013935043,0.0002797776912115968,0.004438571787196699,2.7755575615628914e-17,9.676504389433127e-17,9.8879238130678e-17
0.1769013714438157,0.0006671464875848,0.0063156761856279,0.1769013714438157,0.0006671464875848826,0.006315676185627894,0.0,8.261620554339544e-17,-6.071532165918825e-18
0.0334883743226078,2.6640335262886547e-05,0.0010394518613341,0.033488374322609454,2.6640335266066295e-05,0.0010394518613341952,1.6514567491299204e-15,3.1797481314654874e-15,9.519295074422729e-17
0.1360503780534031,0.0004168310112402,0.004925144132908,0.1360503780534016,0.00041683101123705935,0.00492514413290801,-1.4988010832439613e-15,-3.140662643147385e-15,1.0408340855860843e-17
0.0918432839982996,0.0001446340218698,0.0039703618146319,0.09184328399829966,0.00014463402186983693,0.003970361814631895,6.938893903907228e-17,3.6917083973131426e-17,-4.336808689942018e-18
0.1339609930465929,0.0004134765531207,0.0051816805781556,0.1339609930465993,0.00041347655311749915,0.005181680578155712,6.411537967210279e-15,-3.2008358637203305e-15,1.1188966420050406e-16
0.2095055969529984,0.0008691649159226,0.0076850660117396,0.20950559695299373,0.0008691649159290743,0.0076850660117396274,-4.6629367034256575e-15,6.47431327299719e-15,2.7755575615628914e-17
0.033279074639863,3.909480542440072e-05,0.001396382463529,0.03327907463986136,3.9094805421259135e-05,0.0013963824635289668,-1.6445178552260131e-15,-3.1415842149939976e-15,-3.3176586478056436e-17
0.1061088450461661,0.0003100451092857,0.0036786836415985,0.10610884504616776,0.00031004510928890616,0.0036786836415985125,1.6514567491299204e-15,3.2061484543655094e-15,1.2576745200831851e-17
0.1327717994943902,0.000385695899647,0.0051441680794805,0.13277179949438858,0.00038569589964389944,0.005144168079480593,-1.609823385706477e-15,-3.1005471627654213e-15,9.367506770274758e-17
0.1431742279967919,0.0003514726721811,0.0050368303572327,0.14317422799679194,0.00035147267218112177,0.005036830357232791,5.551115123125783e-17,2.179246366695864e-17,9.107298248878237e-17
0.0700090880708628,0.0001247591557171,0.0033183558792657,0.07000908807086281,0.0001247591557171565,0.0033183558792657664,1.3877787807814457e-17,5.651403824080692e-17,6.635317295611287e-17
0.1401502438066703,0.0005905591318062,0.0065017220120272,0.14015024380667654,0.0005905591318028369,0.006501722012027256,6.2450045135165055e-15,-3.3630867188327862e-15,5.551115123125783e-17
0.0986904883413093,0.0001992347392568,0.0041511174767666,0.09869048834130936,0.00019923473925680113,0.004151117476766664,6.938893903907228e-17,1.1384122811097797e-18,6.331740687315346e-17
0.2403837233613326,0.0013372346791115,0.0109151333545507,0.24038372336132652,0.001337234679115007,0.010915133354550743,-6.078471059822732e-15,3.5069603471216126e-15,4.336808689942018e-17
0.0390434181039775,6.929188959587523e-05,0.0019264508095991,0.03904341810397932,6.929188959894916e-05,0.0019264508095991895,1.824929096727601e-15,3.073929999430902e-15,8.955509944730267e-17
0.0383044688381718,4.2552016912059815e-05,0.001554053264218,0.03830446883817004,4.2552016908989354e-05,0.0015540532642180915,-1.7555401576885288e-15,-3.0704605524789486e-15,9.150666335777657e-17
0.2476353757182153,0.0013020075922403,0.0100074701025579,0.2476353757182153,0.001302007592240348,0.01000747010255798,0.0,4.7921736023859296e-17,7.979727989493313e-17
0.0477748693920382,8.191350876671916e-05,0.002124128436124,0.04777486939203829,8.191350876671916e-05,0.002124128436124084,9.020562075079397e-17,0.0,8.413408858487514e-17
0.0650080175420805,0.0001529696815077,0.0026625411802116,0.06500801754208053,0.00015296968150774887,0.002662541180211697,2.7755575615628914e-17,4.887041292478411e-17,9.71445146547012e-17
0.1940000711171546,0.0007318338862761,0.0068847604545428,0.19400007111715467,0.0007318338862761231,0.006884760454542893,8.326672684688674e-17,2.3093506273941244e-17,9.280770596475918e-17
0.1630163899946359,0.0006070318724056,0.0066186612762028,0.1630163899946378,0.0006070318724087226,0.0066186612762028085,1.887379141862766e-15,3.1226106769755013e-15,8.673617379884035e-18
0.1404356367937873,0.0003680165914899,0.0042099035020085,0.14043563679378362,0.0003680165914839162,0.004209903502008561,-3.6637359812630166e-15,-5.9838202101647475e-15,6.071532165918825e-17
0.1096533490161682,0.0002699211935401,0.0044949243344046,0.1096533490161743,0.0002699211935364154,0.004494924334404682,6.0923488476305465e-15,-3.6846068730833625e-15,8.153200337090993e-17
0.0675942110688014,0.0001130462655271,0.0025915766604106,0.06759421106879739,0.00011304626553391289,0.002591576660410655,-4.010680676458378e-15,6.812896058937257e-15,5.5077470362263625e-17
0.0151114104391988,1.109423022030518e-05,0.0006677299239159,0.015111410439198832,1.109423022030518e-05,0.0006677299239159495,3.2959746043559335e-17,0.0,4.954803928258755e-17
0.1137343502263239,0.0003711131142133,0.0041909091208351,0.11373435022632199,0.00037111311421035575,0.004190909120835196,-1.915134717478395e-15,-2.944259419601636e-15,9.540979117872439e-17
0.1682912360265812,0.0006991181700325,0.0060917418163736,0.16829123602657722,0.0006991181700393978,0.006091741816373619,-3.969047313034935e-15,6.897802641570028e-15,1.9081958235744878e-17
0.1755063123330704,0.0004851183030484,0.0070204090754999,0.1755063123330744,0.00048511830304158454,0.007020409075499945,3.9968028886505635e-15,-6.815457486569754e-15,4.5102810375396984e-17
0.1181032969635782,0.0002109862317847,0.004009098170133,0.11810329696358218,0.00021098623179067327,0.004009098170133063,3.982925100842749e-15,5.973276344037326e-15,6.331740687315346e-17
0.1277516357161475,0.0003939424846401,0.0053271779262086,0.12775163571614354,0.00039394248463427844,0.005327177926208626,-3.969047313034935e-15,-5.821569355052292e-15,2.6020852139652106e-17
0.0890879267039084,0.0001475333019913,0.0040143472191891,0.08908792670391047,0.0001475333019942543,0.0040143472191891405,2.067790383364354e-15,2.9542882896971268e-15,4.0766001685454967e-17
0.0881400807084301,0.0001925967353397,0.0039149554032106,0.08814008070843019,0.00019259673533972288,0.003914955403210629,8.326672684688674e-17,2.2876665839444144e-17,2.949029909160572e-17
0.1386676777011748,0.0005453314689117,0.0051432056509438,0.13866767770117688,0.000545331468914681,0.005143205650943838,2.0816681711721685e-15,2.9810138732488944e-15,3.8163916471489756e-17
0.1200067057935352,0.0002031443385309,0.0051921613951417,0.12000670579353326,0.00020314433852806207,0.005192161395141781,-1.942890293094024e-15,-2.83792629153512e-15,8.153200337090993e-17
0.0736045530613189,0.0001816226748248,0.0038992270925776,0.0736045530613248,0.00018162267482076805,0.0038992270925776173,5.898059818321144e-15,-4.031958144093406e-15,1.734723475976807e-17
0.0834289638335632,0.000201397747274,0.0037135576295821,0.08342896383355744,0.00020139774727817583,0.0037135576295821426,-5.7592819402429996e-15,4.1758317723822325e-15,4.2500725161431774e-17
0.1533658482859382,0.0008017023719957,0.0067461685991365,0.15336584828593822,0.0008017023719957411,0.0067461685991365705,2.7755575615628914e-17,4.109126233720062e-17,7.025630077706069e-17
0.1196509275055228,0.0002166955053087,0.0053827305707153,0.11965092750552281,0.00021669550530872134,0.005382730570715366,1.3877787807814457e-17,2.13316777436523e-17,6.591949208711867e-17
0.0884900453085876,0.0002734501099353,0.0041463543992775,0.08849004530858763,0.0002734501099353262,0.004146354399277574,2.7755575615628914e-17,2.6183482465524932e-17,7.45931094670027e-17
0.1457269806392004,0.0006173947079947,0.006947586727438,0.14572698063920614,0.0006173947079905207,0.006947586727438004,5.745404152435185e-15,-4.1793825344971225e-15,4.336808689942018e-18
0.1420364545170492,0.0003829017852905,0.0063493767806012,0.1420364545170436,0.0003829017852948341,0.0063493767806012125,-5.578870698741412e-15,4.334098184510804e-15,1.214306433183765e-17
0.0530667462867853,0.0001048160564538,0.0025113642655528,0.053066746286785316,0.00010481605645385958,0.0025113642655528734,1.3877787807814457e-17,5.957690937807847e-17,7.32920668600201e-17
0.1772877468550194,0.0008047194497623,0.0076812276025197,0.1772877468550194,0.0008047194497623616,0.007681227602519769,0.0,6.16911036144252e-17,6.938893903907228e-17
0.1348262910954008,0.000367025609283,0.004595203559929,0.134826291095403,0.0003670256092858648,0.00459520355992904,2.192690473634684e-15,2.8647874003584484e-15,3.9898639947466563e-17
0.0768941024440034,6.096803108637111e-05,0.0030130194697183,0.07689410244399902,6.096803108077836e-05,0.0030130194697183255,-4.371503159461554e-15,-5.592748486549226e-15,2.5587171270657905e-17
0.1216868837709461,0.0005589793307323,0.006746669145396,0.12168688377094833,0.0005589793307351487,0.0067466691453960115,2.2343238370581275e-15,2.848741208205663e-15,1.1275702593849246e-17
0.1504037105936831,0.0005126512555753,0.0065858246989031,0.15040371059368318,0.0005126512555753693,0.00658582469890312,8.326672684688674e-17,6.928051882182373e-17,1.9949319973733282e-17
0.048518947514587,5.547140190680436e-05,0.0023905034475742,0.04851894751458702,5.547140190680436e-05,0.0023905034475742992,2.0816681711721685e-17,0.0,9.93129189996722e-17
0.1286167058817617,0.0007281188054581,0.0071052094666095,0.12861670588175628,0.000728118805462627,0.00710520946660953,-5.412337245047638e-15,4.526977750995975e-15,3.0357660829594124e-17
0.1241215633499579,0.0003198246653918,0.0068325226943353,0.12412156334996338,0.00031982466538729715,0.006832522694335319,5.4817261840867104e-15,-4.502854252658173e-15,1.9081958235744878e-17
0.0573541976033777,0.0001504322520456,0.0034487588366753,0.05735419760337776,0.0001504322520456021,0.003448758836675392,6.245004513516506e-17,2.087089182034596e-18,9.194034422677078e-17
0.1545499881877854,0.0007296006492348,0.0077944527624116,0.15454998818778543,0.0007296006492348711,0.007794452762411641,2.7755575615628914e-17,7.112366251504909e-17,4.0766001685454967e-17
0.162829270915149,0.0008755548344533,0.0097181186866968,0.162829270915149,0.000875554834453382,0.009718118686696808,0.0,8.196568423990414e-17,8.673617379884035e-18
0.077744610553406,0.0001913240506867,0.0040165964671919,0.07774461055340601,0.00019132405068673225,0.004016596467191991,1.3877787807814457e-17,3.2255014631443757e-17,9.107298248878237e-17
0.091911560103065,0.0003355918734569,0.0060038443216592,0.091911560103065,0.0003355918734569002,0.006003844321659235,0.0,2.168404344971009e-19,3.5561831257524545e-17
0.1408094776695405,0.0008311652876014,0.009451076615054,0.1408094776695405,0.0008311652876014514,0.009451076615054066,0.0,5.139118297581291e-17,6.591949208711867e-17
0.2286552979246909,0.0014999746031081,0.0134829885636675,0.22865529792469097,0.001499974603108148,0.013482988563667586,8.326672684688674e-17,4.7921736023859296e-17,8.673617379884035e-17
0.0741506875361502,0.0002212003141751,0.0046783342991654,0.07415068753615028,0.00022120031417514896,0.004678334299165421,8.326672684688674e-17,4.8951728087720525e-17,2.0816681711721685e-17
0.1006154795820939,0.0003128902813455,0.0048794816835865,0.10061547958209145,0.0003128902813430076,0.0048794816835865396,-2.4424906541753444e-15,-2.4923639541096776e-15,3.9898639947466563e-17
0.1561985585552783,0.0008327882494974,0.0099346450194536,0.1561985585552808,0.0008327882495000466,0.009934645019453625,2.4980018054066022e-15,2.646645923254365e-15,2.42861286636753e-17
0.0335378509898131,6.01326229321443e-05,0.0021993936719383,0.03353785098982068,6.013262292973304e-05,0.0021993936719383322,7.577272143066693e-15,-2.411265631607762e-15,3.209238430557093e-17
0.139125209474433,0.0009386980075567,0.0098674467185918,0.13912520947442295,0.0009386980075566792,0.009867446718591855,-1.0047518372857667e-14,-2.0816681711721685e-17,5.377642775528102e-17
0.1257337374165919,0.0004756219016556,0.0085877765693509,0.1257337374165945,0.0004756219016581187,0.008587776569350947,2.581268532253489e-15,2.5187100669010754e-15,4.683753385137379e-17
0.0681042322373287,0.0001549896915719,0.0046254148300332,0.06810423223732878,0.000154989691571919,0.004625414830033203,8.326672684688674e-17,1.9000643072808465e-17,3.469446951953614e-18
0.1592955313567282,0.0011749335168542,0.0111351666612601,0.15929553135672322,0.0011749335168593361,0.011135166661260132,-4.9682480351975755e-15,5.1360825314983316e-15,3.122502256758253e-17
0.0808706643669139,0.0001179782504001,0.0053475604766508,0.0808706643669238,0.00011797825038988019,0.005347560476650859,9.908740494779522e-15,-1.021981165059277e-14,5.898059818321144e-17
0.1576642814526018,0.0010132482539587,0.0118264291089204,0.15766428145259692,0.0010132482539639137,0.0118264291089204,-4.884981308350689e-15,5.213711407048294e-15,0.0
0.0540636122242369,0.0001984428057622,0.0047994349352922,0.05406361222423432,0.00019844280575986167,0.004799434935292224,-2.5743296383495817e-15,-2.3383259304537996e-15,2.42861286636753e-17
0.1419127371573706,0.0009761904867388,0.0112545656275926,0.1419127371573733,0.0009761904867412741,0.011254565627592639,2.6922908347160046e-15,2.4740409373946726e-15,3.8163916471489756e-17
0.1096732433757932,0.0006389513605336,0.0098675038040952,0.10967324337579322,0.0006389513605336641,0.00986750380409529,1.3877787807814457e-17,6.418476861114186e-17,9.020562075079397e-17
0.1034320021249741,0.0006734142021583,0.0094019955263594,0.10343200212497414,0.0006734142021583081,0.009401995526359452,4.163336342344337e-17,8.131516293641283e-18,5.204170427930421e-17
0.19690773723589,0.0020610252783188,0.0181635473314268,0.19690773723589006,0.002061025278318876,0.018163547331426888,5.551115123125783e-17,7.589415207398531e-17,8.673617379884035e-17
0.0816195479664605,0.0005225711362932,0.0082440450619896,0.08161954796646051,0.000522571136293247,0.008244045061989613,1.3877787807814457e-17,4.694595406862234e-17,1.3877787807814457e-17
0.1679351229886963,0.0017358996778545,0.0165264260745314,0.16793512298869634,0.0017358996778545632,0.016526426074531364,2.7755575615628914e-17,6.331740687315346e-17,-3.469446951953614e-17
0.1115038141909181,0.0003853197095558,0.0107528574696813,0.11150381419091818,0.0003853197095558675,0.010752857469681576,8.326672684688674e-17,6.749158523722265e-17,2.7582103268031233e-16
0.1647949863969444,0.0014624134628303,0.0162433255900152,0.16479498639694723,0.0014624134628324903,0.01624332559001518,2.831068712794149e-15,2.190305228855216e-15,-2.0816681711721685e-17
0.1299681545749199,0.0007556580958144,0.010730399889807,0.12996815457491712,0.0007556580958123574,0.010730399889807063,-2.7755575615628914e-15,-2.0426368929626904e-15,6.245004513516506e-17
0.0501649239013077,0.0001171096569696,0.0041760442313425,0.05016492390130779,0.0001171096569696703,0.004176044231342546,9.020562075079397e-17,7.029695835852889e-17,4.597017211338539e-17
0.1080153078732095,0.0007313231867746,0.0106321199949435,0.10801530787320959,0.0007313231867746364,0.010632119994943623,9.71445146547012e-17,3.642919299551295e-17,1.231653667943533e-16
0.1115266963103795,0.000653034873007,0.0099068369787221,0.11152669631037665,0.0006530348730049637,0.009906836978721967,-2.8449465006019636e-15,-2.036240100145026e-15,-1.3357370765021415e-16
0.125221656117152,0.0006973263583382,0.0110509232965063,0.12522165611715785,0.0006973263583422984,0.011050923296506476,5.856426454897701e-15,4.098392632212455e-15,1.7694179454963432e-16
0.1143457944893674,0.0007416790201044,0.010697022530168,0.11434579448936455,0.0007416790201024495,0.01069702253016791,-2.8449465006019636e-15,-1.9504797083014225e-15,-9.020562075079397e-17
0.1648787058046475,0.0011905421173618,0.0133020927587599,0.16487870580464759,0.0011905421173618591,0.013302092758760042,8.326672684688674e-17,5.919743861770854e-17,1.4224732503009818e-16
0.150066756333421,0.0012208314245327,0.0136080808915426,0.15006675633342106,0.0012208314245327895,0.01360808089154264,5.551115123125783e-17,8.955509944730267e-17,3.9898639947466563e-17
0.0684395223523739,0.0001945442458895,0.0038640959510183,0.06843952235237392,0.00019454424588950456,0.0038640959510183315,2.7755575615628914e-17,4.553649124439119e-18,3.165870343657673e-17
0.0894564016391711,0.0003700958931006,0.006108866845468,0.08945640163917412,0.0003700958931025372,0.006108866845468075,3.0253577421035516e-15,1.937198231688475e-15,7.45931094670027e-17
0.1862784090101798,0.0013532161868756,0.0140418033455946,0.18627840901017684,0.0013532161868738402,0.014041803345594461,-2.9698465908722937e-15,-1.7598769663784708e-15,-1.3877787807814457e-16
0.1105223704832391,0.0004717466004547,0.0073007836035858,0.1105223704832391,0.00047174660045481986,0.007300783603586103,0.0,1.1985855016827252e-16,3.0270924655795284e-16
0.0455573687266188,0.0001876003612606,0.0029298912924475,0.04555736872661577,0.00018760036125887655,0.002929891292447584,-3.0322966360074588e-15,-1.7234477733829578e-15,8.413408858487514e-17
0.1226205404248067,0.000612763378265,0.0081322394428864,0.12262054042480985,0.000612763378266809,0.008132239442886435,3.1502578323738817e-15,1.808991324792064e-15,3.469446951953614e-17
0.0935361877176098,0.0002738818048472,0.0062118356920628,0.0935361877176129,0.0002738818048489827,0.00621183569206285,3.1086244689504383e-15,1.7826994221092907e-15,5.0306980803327406e-17
0.0773084933000469,0.000180238056939,0.0039338907885204,0.07730849330004386,0.00018023805693732908,0.0039338907885202445,-3.039235529911366e-15,-1.6709181781260352e-15,-1.5525775109992423e-16
0.088075334941576,0.0002813730232071,0.0051480306162987,0.08807533494157607,0.0002813730232071182,0.005148030616298982,6.938893903907228e-17,1.8214596497756474e-17,2.8189256484623115e-16
0.1850468808373684,0.0013648938802709,0.010635057131517,0.18504688083736842,0.0013648938802709176,0.010635057131517023,2.7755575615628914e-17,1.7564075194265172e-17,2.2551405187698492e-17
0.1082571673373837,0.0001795379411207,0.0054646035464236,0.10825716733738378,0.0001795379411207304,0.005464603546423641,6.938893903907228e-17,3.04118709382184e-17,4.0766001685454967e-17
0.112877929522398,0.0001720474431216,0.0021482260406655,0.11287792952239802,0.0001720474431216798,0.0021482260406655573,1.3877787807814457e-17,7.979727989493313e-17,5.724587470723463e-17
0.0888366205953907,4.804764946166745e-05,0.0010016878595804,0.08883662059539077,4.804764946166745e-05,0.0010016878595804357,6.938893903907228e-17,0.0,3.5778671692021646e-17
0.1563319962965256,0.00017217394004,0.0017063041204241,0.15633199629652877,0.00017217394004168107,0.0017063041204241625,3.164135620181696e-15,1.6810825734930868e-15,6.245004513516506e-17
0.1798769477061103,0.0001422609270582,0.0015761095174755,0.17987694770611037,0.00014226092705822702,0.0015761095174755546,8.326672684688674e-17,2.7023739149201198e-17,5.4643789493269423e-17
0.2012224824498963,0.0003197135586452,0.0027398409379604,0.20122248244989321,0.00031971355864358897,0.002739840937960425,-3.0808688933348094e-15,-1.611016008096211e-15,2.5153490401663703e-17
0.0494414856725206,5.908778688515359e-06,9.545688226886284e-05,0.0494414856725206,5.908778688515359e-06,9.545688226886284e-05,0.0,0.0,0.0
0.0643427878665504,1.2216703146786244e-05,0.0003902012898726,0.0643427878665536,1.2216703148403008e-05,0.00039020128987266034,3.2057689836051395e-15,1.6167639736762787e-15,6.033585089881832e-17
0.1513042682165282,0.0001112167795397,0.001310195794868,0.15130426821652507,0.00011121677953816744,0.0013101957948680187,-3.1363800445660672e-15,-1.5325604283897287e-15,1.8648277366750676e-17
0.0886324749035553,3.138061511000906e-05,0.0008347589519246,0.08863247490355533,3.138061511000906e-05,0.0008347589519246412,2.7755575615628914e-17,0.0,4.119968255444917e-17
0.1134434798564767,0.0001370960193554,0.0019485136672114,0.11344347985647671,0.00013709601935549265,0.0019485136672114933,1.3877787807814457e-17,9.264507563888635e-17,9.324138683375338e-17
0.1287174551937681,0.0002076973740281,0.0022712244005083,0.12871745519376812,0.0002076973740281554,0.0022712244005083093,2.7755575615628914e-17,5.5402731014009277e-17,9.107298248878237e-18
0.1042971574319524,2.8246762430413075e-05,0.0019787747175286,0.1042971574319524,2.8246762430413075e-05,0.0019787747175286086,0.0,0.0,8.673617379884035e-18
0.253055891461984,0.0011064816851044,0.007464540256115,0.25305589146198404,0.001106481685104424,0.007464540256115093,5.551115123125783e-17,2.4069288229178198e-17,9.280770596475918e-17
0.0457015743086861,4.1290917398451726e-05,0.0014741937068702,0.045701574308689354,4.129091740001645e-05,0.001474193706870297,3.25434124093249e-15,1.56472057533108e-15,9.71445146547012e-17
0.1630645858878467,0.0005201763823937,0.0066342535313645,0.16306458588784034,0.0005201763823906164,0.00663425353136482,-6.356026815979021e-15,-3.0836878189832717e-15,3.200564813177209e-16
0.0532965887819839,0.0001102761254589,0.003222485422323,0.053296588781987106,0.00011027612546043661,0.0032224854223226185,3.2057689836051395e-15,1.5366126340093933e-15,-3.8163916471489756e-16
0.2210088483904353,0.001336731700141,0.0104769928229269,0.22100884839043533,0.0013367317001410778,0.010476992822927356,2.7755575615628914e-17,7.784571598445922e-17,4.562322741819003e-16
0.0538524852052525,0.0001311666665699,0.0033752149249066,0.053852485205252584,0.00013116666656989504,0.0033752149249062224,8.326672684688674e-17,-4.960224939121183e-18,-3.7773603689394974e-16
0.0780244466626165,0.0002148289120129,0.0042623393113423,0.07802444666261657,0.00021482891201297927,0.004262339311342567,6.938893903907228e-17,7.925517880869037e-17,2.671474153004283e-16
0.1054557336830702,0.0003059197556151,0.0053555853070033,0.10545573368307021,0.0003059197556151,0.005355585307003308,1.3877787807814457e-17,0.0,7.806255641895632e-18
0.1283882968307743,0.0005313023779969,0.0058718144559366,0.1283882968307743,0.0005313023779969159,0.0058718144559366525,0.0,1.5829351718288365e-17,5.2909066017292616e-17
0.0816866627940295,8.803926188495972e-05,0.003582885654275,0.08168666279402959,8.803926188495972e-05,0.003582885654275003,8.326672684688674e-17,0.0,3.0357660829594124e-18
0.1508613950024026,0.0008638296737333,0.0081650012762199,0.1508613950023994,0.0008638296737318932,0.008165001276219996,-3.191891195797325e-15,-1.4068607390171906e-15,9.71445146547012e-17
0.1493800971573399,0.0006467977859754,0.0080747267580671,0.14938009715734318,0.000646797785976802,0.008074726758067197,3.2751579226442118e-15,1.4020902494582543e-15,9.71445146547012e-17
0.1108333259805728,0.0003478018585542,0.0062597516157649,0.11083332598057288,0.0003478018585542225,0.006259751615764975,8.326672684688674e-17,2.2497195079074217e-17,7.45931094670027e-17
0.0285649170584973,-2.5207379323030632e-05,0.0016597175313675,0.028564917058494052,-2.5207379324380247e-05,0.0016597175313675105,-3.247402347028583e-15,-1.349614864309956e-15,1.0625181290357943e-17
0.1013414413954787,0.0008371781589597,0.0060679465414479,0.10134144139547879,0.0008371781589597768,0.006067946541447933,9.71445146547012e-17,7.686993402922226e-17,3.2959746043559335e-17
0.1635360819102595,0.0005074963603231,0.0097271932018305,0.1635360819102628,0.0005074963603245025,0.009727193201830575,3.3029134982598407e-15,1.4025239303272485e-15,7.45931094670027e-17
0.1120378200655681,0.0007981648621182,0.0071479573669512,0.11203782006556813,0.0007981648621182974,0.007147957366951285,2.7755575615628914e-17,9.73613550891983e-17,8.500145032286355e-17
0.1509889219533558,0.0006071301178042,0.009742878618445,0.15098892195335584,0.0006071301178042429,0.009742878618445028,2.7755575615628914e-17,4.2934406030425976e-17,2.7755575615628914e-17
0.0965147745929003,0.0002564417276814,0.0054483357061805,0.09651477459290037,0.0002564417276814876,0.005448335706180529,6.938893903907228e-17,8.760353553682876e-17,2.949029909160572e-17
0.2206601923454841,0.0017717521489205,0.0140214807325513,0.2206601923454841,0.001771752148920544,0.014021480732551383,0.0,4.401860820291148e-17,8.326672684688674e-17
0.1110005698597659,0.000250672598575,0.0059244290634348,0.11100056985976592,0.0002506725985750788,0.005924429063435044,1.3877787807814457e-17,7.87672878310719e-17,2.437286483747414e-16
0.0922900542994573,0.0002120739276517,0.00439418943378,0.0922900542994573,0.00021207392765170557,0.004394189433780005,0.0,5.583641188300348e-18,4.336808689942018e-18
0.0867071747622609,0.0003124061264875,0.0063889616488601,0.08670717476226099,0.0003124061264875404,0.0063889616488599366,8.326672684688674e-17,4.038653092508504e-17,-1.6306400674181987e-16
0.1391193539404163,0.001051627426829,0.008759746075577,0.13911935394041638,0.0010516274268290021,0.008759746075577057,8.326672684688674e-17,2.168404344971009e-18,5.724587470723463e-17
0.1141342064506763,0.0002741779887792,0.0062432635891969,0.11413420645067633,0.0002741779887792742,0.006243263589196912,2.7755575615628914e-17,7.41594285980085e-17,1.214306433183765e-17
0.1026255871749217,0.0003257697145238,0.0050301823914387,0.10262558717492172,0.00032576971452383946,0.005030182391438709,1.3877787807814457e-17,3.946495907847236e-17,8.673617379884035e-18
0.1370110013031277,0.0006084216547553,0.0079006690386325,0.13701100130312777,0.0006084216547553103,0.007900669038632513,5.551115123125783e-17,1.0299920638612292e-17,1.214306433183765e-17
0.0925055373653363,0.0001909265227289,0.0059210837388505,0.09250553736533638,0.00019092652272897914,0.0059210837388505855,8.326672684688674e-17,7.914675859144182e-17,8.586881206085195e-17
0.1376284674929503,0.0005900970556446,0.0072035428730909,0.13762846749295035,0.0005900970556446047,0.007203542873090996,5.551115123125783e-17,4.7704895589362195e-18,9.540979117872439e-17
0.096095049781415,0.0002668014726526,0.005363548723543,0.09609504978141505,0.0002668014726526259,0.005363548723543277,4.163336342344337e-17,2.5912431922403556e-17,2.7668839441830073e-16
0.1768366382451883,0.0010489709124883,0.0095043969749502,0.17683663824518833,0.0010489709124882965,0.00950439697494998,2.7755575615628914e-17,-3.469446951953614e-18,-2.203098814490545e-16
0.0719874568830627,6.551339230917788e-05,0.0018436036812385,0.07198745688306271,6.551339230917788e-05,0.0018436036812388146,1.3877787807814457e-17,0.0,3.146354704552934e-16
0.1202444722669762,0.0004545116508926,0.0064898432783473,0.12024447226697627,0.0004545116508925806,0.006489843278347118,6.938893903907228e-17,-1.940721888749053e-17,-1.8214596497756474e-16
0.0886915250115275,0.000225927464203,0.0044566872411127,0.08869152501152754,0.0002259274642030934,0.0044566872411127,4.163336342344337e-17,9.340401715962621e-17,0.0
0.2108411133775635,0.0012343913056255,0.0103791321970734,0.21084111337756353,0.001234391305625554,0.010379132197073426,2.7755575615628914e-17,5.399326818977812e-17,2.6020852139652106e-17
0.0834552042040289,0.0002670670141917,0.0050476962178582,0.08345520420402891,0.00026706701419179635,0.005047696217858277,1.3877787807814457e-17,9.633136302533707e-17,7.719519468096792e-17
0.0416058390833142,5.523441686481126e-05,0.0021049365106109,0.04160583908331428,5.523441686481126e-05,0.002104936510610722,7.632783294297951e-17,0.0,-1.7780915628762273e-16
0.1440698438741356,0.0008440575707727,0.0074172474890663,0.1440698438741426,0.0008440575707743744,0.007417247489066581,6.994405055138486e-15,1.674441835186613e-15,2.8102520310824275e-16
0.1589001059525781,0.0006468987122558,0.0078922232697487,0.15890010595257123,0.0006468987122542347,0.0078922232697487,-6.8833827526759706e-15,-1.5653710966345713e-15,0.0
0.1392663389159844,0.00036174230364,0.005496328756041,0.13926633891598444,0.00036174230364008006,0.005496328756041002,5.551115123125783e-17,8.00683304380545e-17,2.6020852139652106e-18
0.1036192636778101,0.0002011498196323,0.0037816772964749,0.10361926367781012,0.00020114981963230416,0.003781677296474939,1.3877787807814457e-17,4.174178364069192e-18,3.903127820947816e-17
0.1099728804821484,0.0003447172778248,0.0051132199382333,0.10997288048214841,0.0003447172778248339,0.0051132199382333265,1.3877787807814457e-17,3.393552799879629e-17,2.688821387764051e-17
0.0680109570469809,6.655816120634296e-05,0.0022168089136964,0.06801095704698092,6.655816120634296e-05,0.0022168089136964664,1.3877787807814457e-17,0.0,6.635317295611287e-17
0.154613143842776,2.478108287660638e-05,9.87958706155645e-05,0.15461314384277602,2.478108287660638e-05,9.87958706155645e-05,2.7755575615628914e-17,0.0,0.0
0.1704909793010549,0.0003435928072112,0.0041527811234041,0.17049097930105497,0.0003435928072112668,0.0041527811234041145,8.326672684688674e-17,6.678685382510707e-17,1.474514954580286e-17
0.0839669199917429,0.0001620165691154,0.0030942791072041,0.08396691999174297,0.00016201656911546056,0.0030942791072041675,6.938893903907228e-17,6.055269133331542e-17,6.765421556309548e-17
0.1630775195644046,0.0003022549756231,0.0032750788117372,0.16307751956440467,0.0003022549756231292,0.0032750788117372753,5.551115123125783e-17,2.9219248548484344e-17,7.546047120499111e-17
0.0666600603263729,6.020372956020391e-05,0.0016597870669212,0.06666006032637292,6.020372956020391e-05,0.001659787066921048,2.7755575615628914e-17,0.0,-1.5200514458246772e-16
0.0735690455531974,0.0001246173432608,0.0030327056109662,0.07356904555319743,0.00012461734326090108,0.0030327056109664685,2.7755575615628914e-17,1.0107474752996115e-16,2.684484579074109e-16
0.188391557936291,0.0011167489724998,0.009979358101086,0.18839155793629106,0.0011167489724998245,0.009979358101086078,5.551115123125783e-17,2.45029690981724e-17,7.806255641895632e-17
0.1025878764615641,0.0002186964364629,0.004842372809946,0.10258787646156416,0.00021869643646291875,0.004842372809946038,5.551115123125783e-17,1.8756697583999227e-17,3.8163916471489756e-17
0.1189519950339227,0.0005811812412052,0.0070070983004217,0.11895199503392273,0.0005811812412052954,0.00700709830042201,2.7755575615628914e-17,9.540979117872439e-17,3.0964814046186007e-16
0.127711666820652,0.0004490474321526,0.0066523126724225,0.12771166682065202,0.0004490474321526411,0.006652312672422278,2.7755575615628914e-17,4.109126233720062e-17,-2.220446049250313e-16
0.0714188439143327,0.0001354191999621,0.0038310310253459,0.07141884391433277,0.00013541919996219558,0.003831031025345988,6.938893903907228e-17,9.557242150459722e-17,8.803721640582296e-17
0.2127845002269913,0.0015552378717449,0.012561614013173,0.2127845002269913,0.0015552378717449446,0.012561614013173017,0.0,4.466912950640278e-17,1.734723475976807e-17
0.1487781087873333,0.0002693094575328,0.0030868554492395,0.14877810878733339,0.00026930945753282295,0.0030868554492395894,8.326672684688674e-17,2.293087594806842e-17,8.933825901280557e-17
0.0760327491027241,0.0001224692647668,0.0022839356101276,0.07603274910272412,0.00012246926476680228,0.00228393561012763,1.3877787807814457e-17,2.2768245622195593e-18,2.992397996059992e-17
0.0737658951070675,0.0001322559275533,0.0032693490636312,0.07376589510706752,0.00013225592755337738,0.0032693490636312994,1.3877787807814457e-17,7.738493006115288e-17,9.93129189996722e-17
0.0908884647413473,0.0002847593702045,0.0044468398660353,0.09088846474134739,0.0002847593702045518,0.004446839866035335,8.326672684688674e-17,5.1770653736182837e-17,3.469446951953614e-17
0.1329532348039462,0.0005902894774951,0.0055292455594011,0.13295323480394625,0.0005902894774951449,0.0055292455594011525,5.551115123125783e-17,4.4885969940899884e-17,5.2909066017292616e-17
0.1564264169484858,0.0003411944841011,0.0062152868466944,0.15642641694848583,0.00034119448410115105,0.006215286846694479,2.7755575615628914e-17,5.106592232406726e-17,7.892991815694472e-17
0.1160173224064633,0.0003091239103705,0.0046268138151992,0.1160173224064633,0.0003091239103705113,0.004626813815199027,0.0,1.1329912702473521e-17,-1.734723475976807e-16
0.027708616225087,-9.33854187791126e-06,0.0009278183628487,0.02770861622508703,-9.338541877905188e-06,0.0009278183628489423,3.122502256758253e-17,6.071532165918825e-18,2.422107653332617e-16
0.1324135277277219,0.0007173841287543,0.0071349981595256,0.13241352772772194,0.0007173841287543611,0.007134998159525674,2.7755575615628914e-17,6.10405823109339e-17,7.37257477290143e-17
0.0986842066257348,0.0001273760568595,0.0054556135038266,0.09868420662573488,0.00012737605685954334,0.005455613503826617,8.326672684688674e-17,4.334098184510804e-17,1.734723475976807e-17
0.1160888786518929,0.0005842310500971,0.0063994534338989,0.11608887865189298,0.0005842310500971913,0.006399453433898916,8.326672684688674e-17,9.128982292327947e-17,1.6479873021779667e-17
0.1714214426323753,0.0007533085825502,0.007931599395291,0.17142144263237538,0.0007533085825502626,0.007931599395291089,8.326672684688674e-17,6.266688556966216e-17,8.847089727481716e-17
0.1089508715332278,0.0004134191381118,0.0053845292704093,0.10895087153322783,0.0004134191381118292,0.005384529270409333,2.7755575615628914e-17,2.9219248548484344e-17,3.2959746043559335e-17
0.13035222724923,0.0005240266134007,0.0059978452538858,0.13035222724923,0.000524026613400794,0.005997845253886025,0.0,9.400032835449323e-17,2.246466901389965e-16
0.1141219734719788,0.0001893453708321,0.0048046357527362,0.11412197347197173,0.00018934537083156906,0.00480463575273582,-7.077671781985373e-15,-5.309338038661515e-16,-3.7990444123892075e-16
0.0906920641327883,0.0002071300365121,0.0039179878804742,0.0906920641327954,0.00020713003651267638,0.003917987880474483,7.105427357601002e-15,5.763889799476063e-16,2.8275992658421956e-16
0.1907142773814066,0.0010806593775184,0.0105643455822816,0.19071427738141375,0.0010806593775188802,0.010564345582281698,7.16093850883226e-15,4.800847219765814e-16,9.71445146547012e-17
0.0610794977811435,0.0001099067691024,0.0028145677997521,0.06107949778113648,0.00010990676910209527,0.002814567799752199,-7.022160630754115e-15,-3.047285731042071e-16,9.8879238130678e-17
0.1042772592510416,0.0003924911310457,0.0049442341638217,0.1042772592510487,0.0003924911310460846,0.004944234163821726,7.105427357601002e-15,3.846207206892327e-16,2.6020852139652106e-17
0.1176400805270815,0.0002203848249505,0.0063161677859968,0.11764008052708155,0.0002203848249505251,0.006316167785996862,5.551115123125783e-17,2.5099280293039428e-17,6.245004513516506e-17
0.0483127567007894,0.0002451914732638,0.0026802332845883,0.0483127567007823,0.00024519147326360546,0.002680233284588329,-7.098488463697095e-15,-1.9456007985252377e-16,2.905661822261152e-17
0.2505704091994638,0.0017916821744897,0.0138717161231842,0.2505704091994638,0.0017916821744897874,0.013871716123184497,0.0,8.738669510233166e-17,2.96637714392034e-16
0.0836060750653906,0.0001121557164777,0.0047860585362027,0.08360607506539065,0.00011215571647774482,0.004786058536202509,5.551115123125783e-17,4.481820730511954e-17,-1.9081958235744878e-16
0.0240683762126608,2.39679980335002e-05,0.0014843339127317,0.02406837621266082,2.39679980335002e-05,0.0014843339127317279,1.734723475976807e-17,0.0,2.7972416050126014e-17
0.115682794382914,0.0005303530734925,0.0066706069114015,0.11568279438291407,0.0005303530734925893,0.006670606911401755,6.938893903907228e-17,8.933825901280557e-17,2.5500435096859064e-16
0.192878532975385,0.0012029953534935,0.0108060085842867,0.19287853297539218,0.0012029953534935518,0.010806008584286486,7.188694084447889e-15,5.182486384480711e-17,-2.1337098754514727e-16
0.1451064951333094,0.0006582197144411,0.0077855146434029,0.1451064951333023,0.0006582197144411812,0.007785514643402935,-7.105427357601002e-15,8.120674271916428e-17,3.5561831257524545e-17
0.1882168170261598,0.0011273673488937,0.010915217886368,0.18821681702615986,0.0011273673488937232,0.010915217886368067,5.551115123125783e-17,2.3201926491189795e-17,6.765421556309548e-17
0.1445601699902335,0.0006240345862776,0.0078008965280691,0.1445601699902335,0.0006240345862776196,0.007800896528069146,0.0,1.962405932198763e-17,4.597017211338539e-17
0.0271209617319137,3.0814311694342964e-05,0.0015271258701263,0.027120961731913702,3.0814311694342964e-05,0.001527125870126378,3.469446951953614e-18,0.0,7.784571598445922e-17
0.1272663529206799,0.0004525736699974,0.0063829354230571,0.12726635292067998,0.0004525736699974494,0.006382935423057123,8.326672684688674e-17,4.938540895671473e-17,2.3418766925686896e-17
0.1906548498653703,0.0013409381477729,0.0135462459420261,0.19065484986537037,0.001340938147772911,0.013546245942026136,8.326672684688674e-17,1.0842021724855044e-17,3.642919299551295e-17
0.047121573970085,0.0001123577035047,0.0033362407590373,0.04712157397009214,0.00011235770350440013,0.0033362407590371568,7.140121827120538e-15,-2.9987676838233446e-16,-1.4311468676808659e-16
0.1272785263152784,0.0006338577412573,0.0093768387542523,0.1272785263152713,0.000633857741257752,0.009376838754252548,-7.077671781985373e-15,4.520038857092068e-16,2.480654570646834e-16
0.0747881909249061,0.0003607415141853,0.0068618345461295,0.07478819092490616,0.000360741514185357,0.006861834546129542,5.551115123125783e-17,5.697482416411326e-17,4.163336342344337e-17
0.1083234108965262,0.0006359676185279,0.0097511186568255,0.10832341089652626,0.0006359676185279496,0.009751118656825541,6.938893903907228e-17,4.96564594998361e-17,4.163336342344337e-17
0.1163266736038777,0.0007852517421916,0.0104836696742303,0.11632667360387779,0.000785251742191611,0.010483669674230311,8.326672684688674e-17,1.0950441942103595e-17,1.214306433183765e-17
0.1026199913520191,0.0004982455099744,0.0090375203278552,0.10261999135201913,0.0004982455099744737,0.00903752032785543,2.7755575615628914e-17,7.37257477290143e-17,2.3071822230491534e-16
0.0990077623856539,0.0005960431197214,0.0105603660772541,0.09900776238565398,0.0005960431197213935,0.010560366077253969,8.326672684688674e-17,-6.5052130349130266e-18,-1.3183898417423734e-16
0.1510198470843179,0.0011142561664002,0.0132317825942942,0.15101984708432498,0.0011142561663994924,0.01323178259429425,7.077671781985373e-15,-7.075503377640402e-16,5.0306980803327406e-17
0.1065066882889576,0.0006852784290418,0.0108446179003969,0.10650668828895062,0.0006852784290427051,0.010844617900396925,-6.980527267330672e-15,9.050919735908991e-16,2.42861286636753e-17
0.1057853316579106,0.000808623544886,0.0108329043875021,0.10578533165791067,0.0008086235448860821,0.010832904387502174,6.938893903907228e-17,8.207410445715269e-17,7.28583859910259e-17
0.1549230321547413,0.0012070418504694,0.0149510142071369,0.15492303215474137,0.001207041850469423,0.014951014207136959,8.326672684688674e-17,2.2985086056692694e-17,5.898059818321144e-17
0.065131510053401,0.0002482717369531,0.0057244341221851,0.06513151005340101,0.0002482717369531283,0.005724434122185151,1.3877787807814457e-17,2.8297676701871666e-17,5.117434254131581e-17
0.1709306223628208,0.0015153978409863,0.0166560386333656,0.17093062236282083,0.0015153978409863898,0.016656038633365622,2.7755575615628914e-17,8.977193988179977e-17,2.0816681711721685e-17
0.0849502238115798,0.0004265623536306,0.0075980646653872,0.0849502238115798,0.00042656235363066827,0.007598064665387261,0.0,6.82505267579625e-17,6.071532165918825e-17
0.0890165150366075,0.0005000262978364,0.007602936974274,0.08901651503660753,0.000500026297836409,0.007602936974274055,2.7755575615628914e-17,8.998878031629687e-18,5.4643789493269423e-17
0.1729412855969349,0.0014016829650533,0.0164526719992543,0.17294128559693492,0.0014016829650533927,0.016452671999254376,2.7755575615628914e-17,9.259086553026208e-17,7.632783294297951e-17
0.0794298866857373,0.000314118492989,0.0064078440377717,0.0794298866857373,0.0003141184929890163,0.006407844037771726,0.0,1.6317242695906842e-17,2.6020852139652106e-17
0.1558929398264452,0.0011276223860664,0.0127312698436807,0.15589293982644523,0.0011276223860664167,0.012731269843681003,2.7755575615628914e-17,1.6696713456276768e-17,3.0357660829594124e-16
0.169890700700828,0.0012962862932212,0.013782317128091,0.16989070070082807,0.0012962862932211702,0.01378231712809086,5.551115123125783e-17,-2.970713952610282e-17,-1.4051260155412137e-16
0.0683188720396873,0.0002241090393679,0.0050228657966584,0.06831887203968738,0.00022410903936790141,0.005022865796658449,8.326672684688674e-17,1.4094628242311558e-18,4.85722573273506e-17
0.0530330179669418,0.0001146868180314,0.0035573034251628,0.053033017966941806,0.00011468681803143352,0.0035573034251628055,6.938893903907228e-18,3.3515399656958156e-17,5.637851296924623e-18
0.2291338736823731,0.0020183253534466,0.0164941585770275,0.2291338736823731,0.002018325353446697,0.016494158577027962,0.0,9.6710833785707e-17,4.614364446098307e-16
0.0428718490053131,0.0001022627081611,0.0028189081630816,0.042871849005313115,0.00010226270816108933,0.0028189081630807244,1.3877787807814457e-17,-1.066583887182615e-17,-8.756016744992934e-16
0.1321761767467177,0.000584448182819,0.0077655143159867,0.13217617674671775,0.0005844481828190945,0.007765514315987154,5.551115123125783e-17,9.454242944073599e-17,4.544975507059235e-16
0.0930766715139909,0.0004096350823875,0.0058802543920744,0.09307667151399095,0.00040963508238753277,0.005880254392074402,4.163336342344337e-17,3.2742905609062234e-17,1.734723475976807e-18
0.1507078603070216,0.0007008397535422,0.0093713379575006,0.1507078603070216,0.0007008397535422928,0.00937133795750067,0.0,9.280770596475918e-17,6.938893903907228e-17
0.0461845538805087,8.727038936987529e-05,0.002789086692045,0.046184553880508725,8.727038936987529e-05,0.0027890866920450286,2.7755575615628914e-17,0.0,2.862293735361732e-17
0.2024695069554372,0.0012303755348404,0.0106209342580494,0.20246950695543728,0.0012303755348404832,0.01062093425804922,8.326672684688674e-17,8.326672684688674e-17,-1.8041124150158794e-16
0.0419882799092557,2.992348048112478e-05,0.002064017277064,0.04198827990925578,2.992348048113519e-05,0.0020640172770640675,7.632783294297951e-17,1.0408340855860843e-17,6.765421556309548e-17
0.1731942110531366,0.0003734836275263,0.0025966900105611,0.17319421105314345,0.0003734836275241654,0.0025966900105613977,6.855627177060342e-15,-2.134577237189461e-15,2.975050761300224e-16
0.124953954596879,-3.97593060928389e-05,-0.00064763502847,0.12495395459687225,-3.975930609063927e-05,-0.0006476350284698729,-6.744604874597826e-15,2.1996293675385914e-15,1.2717691483254967e-16
0.1210177275372732,6.247457740236884e-05,0.0014029784780158,0.12101772753727325,6.247457740234108e-05,0.0014029784780156263,4.163336342344337e-17,-2.7755575615628914e-17,-1.736891880321778e-16
0.1164571195637689,0.0002472013589492,0.0039378998561991,0.11645711956376895,0.00024720135894926165,0.003937899856199634,4.163336342344337e-17,6.163689350580093e-17,5.334274688628682e-16
0.123689392172754,0.0003014341192643,0.0043366160272422,0.12368939217275404,0.0003014341192642614,0.004336616027241558,4.163336342344337e-17,-3.859759734048396e-17,-6.42715047849407e-16
0.1925941559690266,0.0005655680825113,0.0049793498992136,0.19259415596902663,0.0005655680825113751,0.004979349899213892,2.7755575615628914e-17,7.513521055324546e-17,2.914335439641036e-16
0.0224240260652664,1.0577411951608572e-05,0.0007148410139177,0.02242402606526648,1.0577411951608572e-05,0.0007148410139177219,7.979727989493313e-17,0.0,2.190088388420719e-17
0.1034259947412163,0.0003491351915181,0.0052053297668304,0.10342599474121637,0.00034913519151812816,0.005205329766830635,6.938893903907228e-17,2.8189256484623115e-17,2.3505503099485736e-16
0.1724163321846265,0.0008650392251109,0.0091694288792512,0.17241633218462654,0.0008650392251109557,0.009169428879250985,5.551115123125783e-17,5.561957144850638e-17,-2.1510571102112408e-16
0.099382715953019,0.0003300622376726,0.0055345065044911,0.09938271595301905,0.0003300622376726653,0.005534506504491166,5.551115123125783e-17,6.526897078362737e-17,6.591949208711867e-17
0.1355110176703424,0.0006366009462199,0.0085468114012998,0.1355110176703424,0.0006366009462199507,0.00854681140129987,0.0,5.063224145507306e-17,6.938893903907228e-17
0.1061274462018659,0.0003562990797266,0.0060116319752723,0.10612744620186595,0.000356299079726681,0.006011631975272547,5.551115123125783e-17,8.098990228466718e-17,2.463307335887066e-16
0.0629335865900622,0.0001021429716669,0.0038681481129387,0.06293358659006226,0.00010214297166691311,0.003868148112938563,6.938893903907228e-17,1.3105293759918535e-17,-1.3704315460216776e-16
0.231832041316091,0.001833718743298,0.0144972409140258,0.231832041316091,0.001833718743298074,0.014497240914025822,0.0,7.39425881635114e-17,2.2551405187698492e-17
0.0198064822776843,1.894696517360829e-05,0.0010863667444789,0.019806482277684327,1.894696517360829e-05,0.0010863667444787062,2.7755575615628914e-17,0.0,-1.938553484404082e-16
0.1915108958380005,0.0012675141454663,0.0123773904151001,0.19151089583800052,0.0012675141454664002,0.012377390415100331,2.7755575615628914e-17,1.0018028073766061e-16,2.3071822230491534e-16
0.1455826863435597,0.0007178797179744,0.008718104237354,0.14558268634355975,0.0007178797179744623,0.008718104237354085,5.551115123125783e-17,6.223320470066795e-17,8.500145032286355e-17
0.0260036622613917,2.841674418727763e-05,0.0016037893328708,0.026003662261391766,2.841674418727763e-05,0.0016037893328708641,6.591949208711867e-17,0.0,6.418476861114186e-17
0.0951316606498451,0.0004543682884118,0.0055530958141787,0.09513166064984512,0.00045436828841186744,0.005553095814178732,1.3877787807814457e-17,6.743737512859838e-17,3.209238430557093e-17
0.1729794612452927,0.000746775427042,0.0093689879388669,0.17297946124529273,0.0007467754270420873,0.009368987938867201,2.7755575615628914e-17,8.727827488508311e-17,3.0184188481996443e-16
0.1585436477513074,0.000698294760853,0.0083562564926145,0.15854364775130741,0.0006982947608530354,0.008356256492614289,2.7755575615628914e-17,3.5453411040275995e-17,-2.1163626406917047e-16
0.0279717486155767,3.2909221983727643e-05,0.0016030115569005,0.02797174861557674,3.2909221983727643e-05,0.0016030115569010128,4.163336342344337e-17,0.0,5.128276275856436e-16
0.0781558047336961,0.0002463041178949,0.0045075793855779,0.07815580473369618,0.00024630411789486675,0.004507579385577554,8.326672684688674e-17,-3.323079658668071e-17,-3.46077333457373e-16
0.1547740502633353,0.000891595407893,0.0083564035383987,0.15477405026333538,0.0008915954078930616,0.008356403538398727,8.326672684688674e-17,6.158268339717665e-17,2.6020852139652106e-17
0.1481674320330432,0.0004984371748777,0.007142253340922,0.14816743203304322,0.0004984371748777069,0.007142253340922,2.7755575615628914e-17,6.938893903907228e-18,0.0
0.1267342257088837,0.0002907471926978,0.0042582941187006,0.12673422570887738,0.00029074719270093946,0.004258294118700601,-6.328271240363392e-15,3.139470020757651e-15,8.673617379884035e-19
0.113848731583342,0.0003062045144804,0.0049597502777021,0.11384873158334845,0.00030620451447735397,0.004959750277702124,6.453171330633722e-15,-3.0460117934894004e-15,2.42861286636753e-17
0.1314796534442511,0.0004797904807549,0.0070450709973881,0.13147965344425117,0.00047979048075493663,0.007045070997387715,5.551115123125783e-17,3.664603343001005e-17,-3.8510861166685117e-16
0.1709069538052844,0.0007947821141857,0.0080094148255982,0.17090695380528442,0.000794782114185863,0.008009414825598693,2.7755575615628914e-17,1.6295558652457132e-16,4.926614671774132e-16
0.1467821620807778,0.0004247656793371,0.0053215113381841,0.14678216208077788,0.00042476567933719817,0.005321511338184592,8.326672684688674e-17,9.817450671856243e-17,4.926614671774132e-16
0.0539802719578123,0.000128930399183,0.0026082075775777,0.0539802719578123,0.00012893039918304705,0.002608207577577293,0.0,4.705437428587089e-17,-4.0722633598555547e-16
0.0787651276002572,0.0001939679343381,0.0038906749717413,0.0787651276002635,0.0001939679343348072,0.003890674971741337,6.300515664747763e-15,-3.2928033130014134e-15,3.686287386450715e-17
0.1172660575325189,0.0003607448084917,0.0057512329948115,0.11726605753251267,0.0003607448084950657,0.005751232994811506,-6.231126725708691e-15,3.3656888040467514e-15,6.071532165918825e-18
0.1037610339667902,0.0003593572350111,0.0058286195675196,0.10376103396679029,0.00035935723501116096,0.005828619567519677,8.326672684688674e-17,6.093216209368535e-17,7.719519468096792e-17
0.1536566877337709,0.0008840017908116,0.0091833618342938,0.15365668773377097,0.0008840017908116615,0.009183361834294246,8.326672684688674e-17,6.14742631799281e-17,4.458239333260394e-16
0.0923320229047803,0.0001466074929643,0.0061254337943683,0.09233202290478032,0.00014660749296427356,0.006125433794367918,1.3877787807814457e-17,-2.6454533008646308e-17,-3.8163916471489756e-16
0.0974182862566353,0.0003043786836052,0.0047750081319741,0.09741828625663532,0.0003043786836052151,0.004775008131974179,1.3877787807814457e-17,1.5070410197548512e-17,7.892991815694472e-17
0.156839800922631,0.0006573086767527,0.008139714093903,0.156839800922631,0.0006573086767527048,0.008139714093903017,0.0,4.7704895589362195e-18,1.734723475976807e-17
0.0807376860362666,0.0002152800487794,0.004146864295321,0.08073768603626669,0.00021528004877949258,0.004146864295321073,8.326672684688674e-17,9.259086553026208e-17,7.28583859910259e-17
0.1556193534798423,0.0006719131375845,0.0081821262115351,0.15561935347984235,0.0006719131375845233,0.00818212621153469,5.551115123125783e-17,2.3310346708438345e-17,-4.0939474033052647e-16
0.1442876479285025,0.0004464336003159,0.0054664695232431,0.1442876479285025,0.0004464336003160291,0.005466469523243589,0.0,1.290742686343993e-16,4.891920202254596e-16
0.0309544913324769,2.1398028711202416e-05,0.0008948933613472,0.030954491332476984,2.1398028711202416e-05,0.0008948933613472931,8.326672684688674e-17,0.0,9.313296661650483e-17
0.0841418167730028,5.75732823696884e-05,0.0008449340645317,0.08414181677300284,5.7573282369688394e-05,0.0008449340645322323,4.163336342344337e-17,-6.776263578034403e-21,5.323432666903827e-16
0.0935419486415424,2.737372379217617e-05,0.0004285441492135,0.0935419486415485,2.737372378843611e-05,0.0004285441492126729,6.0923488476305465e-15,-3.740060426074207e-15,-8.270836272805671e-16
0.2048213909396325,0.0001046376417579,0.0012304816656101,0.2048213909396265,0.00010463764176174561,0.0012304816656110162,-5.995204332975845e-15,3.84561089569746e-15,9.161508357502512e-16
0.2180577291441905,0.0003584867589696,0.0031394119015177,0.2180577291441845,0.00035848675897330595,0.0031394119015173416,-5.995204332975845e-15,3.705965655881327e-15,-3.5822039778921066e-16
0.1050931999670174,4.7005877647797456e-05,0.0009086214319893,0.1050931999670235,4.700587764407821e-05,0.0009086214319893315,6.106226635438361e-15,-3.7192471324942744e-15,3.155028321932818e-17
0.0668417214465184,2.119978232558925e-05,0.0004496748799263,0.0668417214465184,2.119978232558925e-05,0.0004496748799263095,0.0,0.0,9.486769009248164e-18
0.0503721367446347,2.1454739610217437e-06,8.963664824301887e-05,0.050372136744634775,2.1454739610217433e-06,8.963664824301887e-05,7.632783294297951e-17,-4.235164736271502e-22,0.0
0.1055971324526685,0.0001166181975945,0.0013521098102828,0.1055971324526685,0.00011661819759450909,0.0013521098102828866,0.0,9.093745721722168e-18,8.651933336434325e-17
0.0740987966841186,3.234716806953947e-05,0.0006817212385152,0.07409879668411867,3.234716806953947e-05,0.0006817212385152871,6.938893903907228e-17,0.0,8.7061434450586e-17
0.2182374139181984,0.0002587670049395,0.0021023993290687,0.21823741391819845,0.0002587670049395696,0.0021023993290687493,5.551115123125783e-17,6.960577947356938e-17,4.9439619065339e-17
0.0700486770534396,4.49503348586705e-06,0.0001657065412428,0.07004867705343967,4.4950334858670504e-06,0.00016570654124281603,6.938893903907228e-17,8.470329472543003e-22,1.6019087098473328e-17
0.1260983076655016,2.6417081077291515e-05,0.0003156884895436,0.12609830766550167,2.6417081077291515e-05,0.00031568848954321993,8.326672684688674e-17,0.0,-3.800670715647936e-16
0.0921677135292263,5.5744028906304366e-05,0.0012065109271417,0.0921677135292263,5.5744028906346e-05,0.0012065109271421903,0.0,4.163336342344337e-17,4.902762223979451e-16
0.1252226257455334,0.0001285631880817,0.0013888962114525,0.1252226257455334,0.00012856318808170814,0.0013888962114525505,0.0,8.131516293641283e-18,5.0523821237824507e-17
0.1678003127489912,8.324128136229236e-05,0.0012585833940796,0.1678003127489912,8.324128136229236e-05,0.001258583394079693,0.0,0.0,9.302454639925628e-17
0.076906886752331,4.160768206207949e-05,0.0008995477702535,0.076906886752337,4.160768205829779e-05,0.0008995477702535837,6.00908212078366e-15,-3.7816971776294395e-15,8.370040771588094e-17
0.1664978143827772,0.0002159323259099,0.0017808213978827,0.16649781438277117,0.0002159323259137702,0.0017808213978827148,-6.022959908591474e-15,3.870195179958569e-15,1.474514954580286e-17
0.1263151620140012,2.502396653836225e-05,0.0005249098019306,0.12631516201400128,2.5023966538362252e-05,0.0005249098019306508,8.326672684688674e-17,3.3881317890172014e-21,5.084908188957016e-17
0.0153408847049502,1.028158062109548e-06,8.118954003766277e-05,0.015340884704956217,1.0281580583096361e-06,8.118954003766277e-05,6.017755738163544e-15,-3.799911774127196e-15,0.0
0.0438364844965497,-3.9117081939224485e-07,-0.0001259223275678,0.04383648449654377,-3.9117081559320033e-07,-0.00012592232756780675,-5.925815393936773e-15,3.799044518268326e-15,-6.749158523722265e-18
0.16635582392883,0.0002442577548105,0.002318097804113,0.16635582392883003,0.00024425775481053125,0.002318097804113073,2.7755575615628914e-17,3.122502256758253e-17,7.28583859910259e-17
0.1652356471448235,0.0001343456044052,0.0015545585600191,0.1652356471448235,0.000134345604405256,0.0015545585600191814,0.0,5.59990422088763e-17,8.131516293641283e-17
0.2548586918354633,0.0002406964685663,0.0015729041973129,0.2548586918354633,0.00024069646856637872,0.0015729041973129299,0.0,7.871307772244762e-17,2.992397996059992e-17
0.112190106037978,6.573575216755473e-05,0.0011138222615962,0.112190106037978,6.573575216755473e-05,0.0011138222615958426,0.0,0.0,-3.5735303605122226e-16
0.0462625391702551,1.6336147813173635e-05,0.0004547280532078,0.04626253917025515,1.633614781319445e-05,0.000454728053208342,4.85722573273506e-17,2.0816681711721685e-17,5.419926660255037e-16
0.0190805800902473,5.090067610949087e-06,0.0002402178558451,0.019080580090247386,5.090067610949087e-06,0.00024021785584515953,8.673617379884035e-17,0.0,5.952269926945419e-17
0.041478920261522,8.826790449230348e-06,0.0002260404957117,0.041478920261522,8.826790449230348e-06,0.00022604049571173235,0.0,0.0,3.233632979438017e-17
0.3469143809950416,0.0005742173201258,0.0025292987328251,0.3469143809950416,0.0005742173201258582,0.002529298732825147,0.0,5.822165666247159e-17,4.7271214720367993e-17
0.1155791360121579,4.253800148423803e-05,0.0006353832035639,0.11557913601215791,4.253800148423803e-05,0.0006353832035643769,1.3877787807814457e-17,0.0,4.769405356763734e-16
0.1197125093766337,8.767101666377897e-05,0.0013714857651891,0.11971250937663373,8.767101666371652e-05,0.0013714857651891954,2.7755575615628914e-17,-6.245004513516506e-17,9.540979117872439e-17
0.115286275147841,9.427327941007728e-05,0.0013903469582805,0.115286275147847,9.427327940614988e-05,0.0013903469582801087,6.00908212078366e-15,-3.927400397084335e-15,-3.913969842672671e-16
0.0341024578898439,2.848808509026829e-06,0.0001097960302534,0.034102457889837984,2.8488085129056706e-06,0.00010979603025340623,-5.918876500032866e-15,3.878841692284141e-15,6.2341624917916505e-18
0.0441807727484894,1.0837690821434431e-05,0.0002718572432987,0.044180772748489465,1.0837690821434431e-05,0.000271857243298701,6.245004513516506e-17,0.0,9.75781955236954e-19
0.0734756289084434,3.555476520081952e-05,0.0006802438280439,0.0734756289084434,3.5554765200819516e-05,0.0006802438280439915,0.0,-6.776263578034403e-21,9.150666335777657e-17
0.1387966503900702,0.0001334918609031,0.0012208681950625,0.13879665039006434,0.00013349186090703957,0.0012208681950629519,-5.856426454897701e-15,3.939584118997641e-15,4.518954654919582e-16
0.1759257854693774,0.0001603382880364,0.0005850431804672,0.17592578546938734,0.00016033828803847794,0.0005850431804668155,9.936496070395151e-15,2.0779276736770935e-15,-3.845665105806084e-16
0.128447980910947,4.848661255666548e-05,0.0006757633367149,0.1284479809109372,4.84866125546185e-05,0.0006757633367149296,-9.797718192317006e-15,-2.0469804779162104e-15,2.959871930885427e-17
0.0961759928545044,6.463110443988285e-05,0.0013995470412333,0.0961759928545104,6.463110443598319e-05,0.0013995470412337951,5.995204332975845e-15,-3.899658373995862e-15,4.950467119568813e-16
0.1135229946935002,4.221592855956774e-05,0.0009191194298963,0.11352299469350022,4.221592855951223e-05,0.000919119429896309,1.3877787807814457e-17,-5.551115123125783e-17,8.998878031629687e-18
0.111969868875038,8.411079282369394e-05,0.0011832558958273,0.11196986887503209,8.41107928275589e-05,0.0011832558958269068,-5.9119376061289586e-15,3.864963904476326e-15,-3.931317077432439e-16
0.0656048989941891,4.330005079644997e-05,0.0008871386670192,0.06560489899419511,4.330005079252949e-05,0.0008871386670192827,6.00908212078366e-15,-3.920475055707584e-15,8.272462576064399e-17
0.1348766667327429,2.682416552850231e-05,-0.0002030517163351,0.1348766667327429,2.682416552850231e-05,-0.0002030517163351675,0.0,0.0,-6.749158523722265e-17
0.1433289195548636,2.8419936125373413e-05,0.0004065921745448,0.14332891955486368,2.8419936125373413e-05,0.00040659217454486196,8.326672684688674e-17,0.0,6.196215415754658e-17
0.1076297653350212,8.694967913162877e-05,0.0014270641944187,0.10762976533502122,8.694967913162877e-05,0.0014270641944182927,2.7755575615628914e-17,0.0,-4.0722633598555547e-16
0.1239092326952295,0.0001414775623712,0.0014059980784586,0.12390923269522952,0.00014147756237128245,0.001405998078459092,2.7755575615628914e-17,8.245357521752261e-17,4.920109458739219e-16
0.1442755421570071,0.0001168199888102,0.0010501175859944,0.1442755421570071,0.00011681998881023226,0.0010501175859949363,0.0,3.2255014631443757e-17,5.362463945113305e-16
0.0769766035521826,1.9382233572874663e-05,0.0005659756668565,0.07697660355218267,1.9382233572846908e-05,0.0005659756668561222,6.938893903907228e-17,-2.7755575615628914e-17,-3.7773603689394974e-16
0.1710569177113312,0.000147693030005,0.0014229171794633,0.1710569177113312,0.00014769303000508605,0.0014229171794637452,0.0,8.605854744103691e-17,4.451734120225481e-16
0.0845912329323929,9.436139192901816e-06,0.0002765038633838,0.08459123293238704,9.436139196815352e-06,0.0002765038633834038,-5.856426454897701e-15,3.913536161803677e-15,-3.961674738262033e-16
0.0674601207819256,1.0513590790628411e-05,0.0004697127897532,0.0674601207819315,1.0513590786666305e-05,0.0004697127897532738,5.898059818321144e-15,-3.962106725065133e-15,7.377995783763858e-17
0.06182681835929,3.3642446051931896e-05,0.0005219093805255,0.06182681835929004,3.3642446051931896e-05,0.0005219093805255426,4.163336342344337e-17,0.0,4.2609145378680324e-17
0.1268228722798398,0.0001269890800165,0.0021724789254546,0.1268228722798398,0.00012698908001657766,0.0021724789254546906,0.0,7.765598060427426e-17,9.063930161978817e-17
0.1095122855965283,5.117943410733877e-05,0.000494371084442,0.10951228559652837,5.117943410733877e-05,0.0004943710844420579,6.938893903907228e-17,0.0,5.789639601072594e-17
0.0826005611267101,1.7068073940161577e-05,0.0003201798125731,0.08260056112671599,1.706807393617865e-05,0.0003201798125731514,5.88418203051333e-15,-3.982925100842749e-15,5.1445393084437185e-17
0.0806480232924905,6.002019277129289e-05,0.0008766873841263,0.08064802329248466,6.0020192775275816e-05,0.0008766873841263845,-5.842548667089886e-15,3.982925100842749e-15,8.44593492366208e-17
0.1255028795341858,9.800761181122386e-05,0.0010418278210289,0.12550287953419567,9.800761181311124e-05,0.0010418278210289067,9.880984919163893e-15,1.887379141862766e-15,6.7220534694101275e-18
0.1914029311448546,0.0001232658229971,0.0014476317224714,0.19140293114484475,0.00012326582299528044,0.0014476317224714208,-9.853229343548264e-15,-1.819562295973798e-15,2.0816681711721685e-17
0.1486504688157522,0.0001075536741842,0.0015040036493796,0.14865046881575222,0.00010755367418423256,0.0015040036493796372,2.7755575615628914e-17,3.256672275603334e-17,3.707971429900425e-17
0.1201586528496262,5.206588542568808e-05,0.0005937838414085,0.12015865284962629,5.2065885425688074e-05,0.0005937838414085128,9.71445146547012e-17,-6.776263578034403e-21,1.2793585635328952e-17
0.1016668870581739,3.3738799278849874e-05,0.0005456720443453,0.10166688705818376,3.373879928068174e-05,0.0005456720443453023,9.867107131356079e-15,1.8318679906315083e-15,2.2768245622195593e-18
0.0975728919231511,3.788384734434991e-05,0.0007692636818399,0.09757289192314131,3.788384734251804e-05,0.0007692636818399379,-9.797718192317006e-15,-1.8318679906315083e-15,3.7838655819744105e-17
0.035810718476507,7.18619932570802e-06,0.0003863397292778,0.03581071847651103,7.186199331560977e-06,0.0003863397292778181,4.0314973581701e-15,5.852957007945747e-15,1.8106176280507924e-17
0.209272107864714,0.000343210424966,0.0013368103152999,0.20927210786470996,0.00034321042496021636,0.0013368103152999744,-4.052314039881821e-15,-5.783622279015299e-15,7.43762690325056e-17
0.1207448898023074,9.297969387376398e-05,0.0011319548081938,0.12074488980230749,9.297969387376398e-05,0.0011319548081938358,9.71445146547012e-17,0.0,3.5778671692021646e-17
0.1180937105588102,8.245509203370915e-05,0.0010502938496674,0.11809371055881024,8.245509203370915e-05,0.001050293849667483,4.163336342344337e-17,0.0,8.304988641238964e-17
0.1419983778123286,3.61111517505619e-05,0.0010841786528126,0.1419983778123286,3.61111517505619e-05,0.0010841786528126285,0.0,0.0,2.8406096919120216e-17
0.091802072684195,3.50038890435736e-05,0.0007344635055139,0.09180207268419509,3.50038890435736e-05,0.0007344635055139825,8.326672684688674e-17,0.0,8.250778532614689e-17
0.1210279552131611,0.0001222200433802,0.0015873214259167,0.12102795521316112,0.00012222004338025005,0.0015873214259167767,1.3877787807814457e-17,5.006303531451817e-17,7.676151381197371e-17
0.1241640855528506,8.941138834897555e-05,0.0014877478881585,0.12416408555285242,8.941138833907375e-05,0.0014877478881585304,1.817990202823694e-15,-9.901801600875615e-15,3.0357660829594124e-17
0.2167916947547827,0.0001844682737071,0.0010869478471424,0.21679169475478094,0.00018446827371704222,0.001086947847142472,-1.7486012637846216e-15,9.942215236855012e-15,7.19910242530375e-17
0.1093252055243827,1.4504445629247298e-05,0.0004498543683166,0.10932520552437694,1.4504445633327367e-05,0.00044985436831668224,-5.7592819402429996e-15,4.08006961549745e-15,8.223673478302551e-17
0.0716065989715694,4.438094570651668e-05,0.0008103104743972,0.07160659897157523,4.4380945702429675e-05,0.00081031047439728,5.828670879282072e-15,-4.0870017331377795e-15,8.001412032943023e-17
0.091738075560952,6.234460415192183e-05,0.0012683995729019,0.09173807556095209,6.234460415192183e-05,0.0012683995729023678,9.71445146547012e-17,0.0,4.677248172102466e-16
0.0979704188322088,0.0001041836183809,0.0015868101704379,0.09797041883220887,0.00010418361838086115,0.0015868101704374915,6.938893903907228e-17,-3.8841542829293196e-17,-4.0852737859253807e-16
0.0933033393361956,9.254658640232838e-06,0.0001978032614493,0.0933033393362014,9.254658636125013e-06,0.00019780326144935856,5.800915303666443e-15,-4.107825191113079e-15,5.854691731421724e-17
0.116211020889115,2.6729293089375328e-05,0.0003958754660295,0.11621102088910926,2.6729293093483153e-05,0.00039587546603003787,-5.745404152435185e-15,4.107825191113079e-15,5.3787269777005875e-16
0.1067217290955937,5.061646942385728e-05,0.0003311807192516,0.10672172909559785,5.061646942960962e-05,0.00033118071925120063,4.1494585545365226e-15,5.752343046339092e-15,-3.9936587023503556e-16
0.1367986473375935,0.0001147240277525,0.001113563205791,0.13679864733758945,0.00011472402774678758,0.001113563205791479,-4.052314039881821e-15,-5.712417301337314e-15,4.790005198040959e-16
0.099019880991948,4.61656507842606e-05,0.0009531374252222,0.099019880991948,4.616565078421897e-05,0.0009531374252218505,0.0,-4.1626587159865336e-17,-3.494383601920781e-16
0.1055234055209381,0.0001033425607842,0.0013996391843531,0.10552340552093817,0.000103342560784217,0.001399639184353152,6.938893903907228e-17,1.6994869053710282e-17,5.182486384480711e-17
0.1224608627156582,8.900661028298645e-05,0.0013050592278713,0.12246086271565826,8.900661028298645e-05,0.0013050592278713857,5.551115123125783e-17,0.0,8.565197162635485e-17
0.101906128241087,3.107255788981772e-05,0.000675886531698,0.10190612824108708,3.107255788981772e-05,0.0006758865316980334,8.326672684688674e-17,0.0,3.3393426912553537e-17
0.1018859045894768,3.957591177027736e-05,0.0004469534083915,0.10188590458947683,3.957591177027736e-05,0.00044695340839195907,2.7755575615628914e-17,0.0,4.590511998303626e-16
0.1224108582612371,4.903548614620251e-05,0.0005368856540908,0.12241085826123718,4.903548614613312e-05,0.0005368856540903799,8.326672684688674e-17,-6.938893903907228e-17,-4.2012834183813297e-16
0.1164781504418457,8.299131875448562e-05,0.0008958607489981,0.11647815044184574,8.299131875448562e-05,0.0008958607489981674,4.163336342344337e-17,0.0,6.732895491134983e-17
0.094359156677367,3.913457146251242e-05,0.0007687983101956,0.094359156677367,3.9134571462512424e-05,0.0007687983101951623,0.0,6.776263578034403e-21,-4.3769241703239814e-16
0.155957252147159,0.0001487052127412,0.0017240572931416,0.1559572521471648,0.00014870521273713244,0.0017240572931420672,5.800915303666443e-15,-4.067547080405243e-15,4.672911363412524e-16
0.1213333655016611,6.599988160015113e-06,0.001355803369651,0.12133336550165119,6.5999881584330455e-06,0.0013558033696510208,-9.908740494779522e-15,-1.582067810090848e-15,2.0816681711721685e-17
0.0540086594412555,1.3781952085949178e-05,0.0004770270708305,0.05400865944125977,1.3781952091698052e-05,0.00047702707083052687,4.274358644806853e-15,5.748873599387139e-15,2.688821387764051e-17
0.1401537243476669,0.000100801724789,0.001437750626084,0.14015372434766696,0.00010080172478905969,0.0014377506260840889,5.551115123125783e-17,5.968532959532702e-17,8.890457814381136e-17
0.1070436297593306,-3.836286561923613e-05,-0.0006144475369382,0.10704362975933063,-3.836286561923613e-05,-0.0006144475369382896,2.7755575615628914e-17,0.0,-8.955509944730267e-17
0.1146968966475745,-5.166373305575539e-05,-0.0003636776050419,0.11469689664757457,-5.166373305575539e-05,-0.00036367760504196767,6.938893903907228e-17,0.0,-6.765421556309548e-17
0.2517617881093802,0.0008366175670254,0.0047532090993431,0.25176178810938027,0.0008366175670254383,0.004753209099343181,5.551115123125783e-17,3.8272336688738307e-17,8.066464163292153e-17
0.0444380952306592,8.837783642735159e-06,0.0002325255699431,0.044438095230659225,8.837783642735159e-06,0.00023252556994313167,2.7755575615628914e-17,0.0,3.165870343657673e-17
0.0236315992149505,5.495846107443983e-06,0.0002209372394856,0.023631599214950512,5.495846107443983e-06,0.00022093723948568567,1.0408340855860843e-17,0.0,8.567907668066699e-17
0.1070700855557712,2.247286286259642e-05,0.000226358270253,0.10707008555576705,2.2472862856878772e-05,0.00022635827025307975,-4.1494585545365226e-15,-5.717648576819556e-15,7.974306978630885e-17
0.1967660167103121,6.548221613887628e-05,0.0004813855433685,0.19676601671031638,6.548221614459393e-05,0.0004813855433685177,4.274358644806853e-15,5.717648576819556e-15,1.7672495411513722e-17
0.1371915551525561,-2.100062872456565e-05,-0.0006182859572803,0.13719155515255613,-2.100062872456565e-05,-0.0006182859572803068,2.7755575615628914e-17,0.0,-6.7220534694101275e-18
0.1232744475025595,-0.0001164928454111,-0.0021908081903694,0.1232744475025595,-0.00011649284541111193,-0.002190808190369431,0.0,-1.1939776424496618e-17,-3.0791341698588326e-17
0.0903086964020764,-9.735042973350178e-05,-0.002008921577743,0.0903086964020764,-9.735042973350178e-05,-0.002008921577743017,0.0,0.0,-1.691355389077387e-17
0.0913815258560394,-0.000140839554116,-0.0030767338488724,0.09138152585603943,-0.00014083955411604843,-0.003076733848871971,2.7755575615628914e-17,-4.843673205578991e-17,4.2891037943526555e-16
0.1144458529560064,-0.0001911389097409,-0.0031613787718325,0.11444585295600648,-0.00019113890974098435,-0.003161378771832979,8.326672684688674e-17,-8.435092901937224e-17,-4.787836793695988e-16
0.1166902610062048,-0.0003916126534042,-0.0055458847974438,0.11669026100620489,-0.00039161265340426077,-0.00554588479744389,8.326672684688674e-17,-6.076953176781252e-17,-8.933825901280557e-17
0.1468956056918809,-0.0003358282114142,-0.0031091276620265,0.1468956056918809,-0.0003358282114142713,-0.003109127662026534,0.0,-7.134050294954619e-17,-3.382710778154774e-17
0.1859503301257754,0.00019034957079,0.0028520089534489,0.18595033012576967,0.00019034957079418213,0.002852008953448948,-5.717648576819556e-15,4.182120144982648e-15,4.7704895589362195e-17
0.0770640853745492,0.0001469824499976,0.0024262877696883,0.07706408537455092,0.0001469824499877731,0.00242628776968834,1.7208456881689926e-15,-9.826910335811179e-15,3.9898639947466563e-17
0.1157316477390165,0.0001652265240187,0.0018210521877044,0.1157316477390207,0.00016522652402457816,0.0018210521877044528,4.2049697057677804e-15,5.878164708456035e-15,5.2692225582795515e-17
0.0819203914826831,-2.1801024280961034e-05,-0.0002293014458323,0.08192039148268312,-2.1801024280961034e-05,-0.00022930144583233059,2.7755575615628914e-17,0.0,-3.0574501264091225e-17
0.1189860216610209,-9.113273286769086e-05,-0.001896024420017,0.11898602166102093,-9.113273286769086e-05,-0.0018960244200170173,2.7755575615628914e-17,0.0,-1.734723475976807e-17
0.1555445153553983,-0.0001121313453781,-0.0008929702914795,0.15554451535539834,-0.00011213134537814418,-0.0008929702914795001,5.551115123125783e-17,-4.4181238528784306e-17,-1.0842021724855044e-19
0.0918853270766366,-0.0001149997202359,-0.0022101894800825,0.09188532707663662,-0.00011499972023594485,-0.0022101894800825583,1.3877787807814457e-17,-4.484531235943168e-17,-5.854691731421724e-17
0.0980084064046405,-0.0002610807631722,-0.0032164407784569,0.09800840640464054,-0.00026108076317223755,-0.0032164407784569526,4.163336342344337e-17,-3.756760527662273e-17,-5.2475385148298415e-17
0.2059032348523693,-0.0008484908886945,-0.0090586713183546,0.20590323485236933,-0.0008484908886945974,-0.009058671318354694,2.7755575615628914e-17,-9.746977530644685e-17,-9.367506770274758e-17
0.0777231528863257,-0.000214701313779,-0.0040910321063925,0.07772315288632398,-0.00021470131376918888,-0.0040910321063925,-1.7208456881689926e-15,9.811108089147202e-15,0.0
0.1538998983090589,-0.0008730286870591,-0.0094062051414827,0.1538998983090608,-0.000873028687068983,-0.009406205141482715,1.915134717478395e-15,-9.882936483074367e-15,-1.5612511283791264e-17
0.1277779301579111,-0.0003121017593715,-0.0060524682042935,0.12777793015791117,-0.00031210175937153306,-0.006052468204293504,5.551115123125783e-17,-3.3068166260807885e-17,-4.336808689942018e-18
0.0723199991010899,-6.766423405649147e-05,-0.0015576393932308,0.07231999910108997,-6.766423405649147e-05,-0.0015576393932308363,6.938893903907228e-17,0.0,-3.642919299551295e-17
0.1315596016911144,-3.0121551979331307e-05,0.0002424366262832,0.13155960169111047,-3.0121551985257122e-05,0.0002424366262832045,-3.913536161803677e-15,-5.925815393936773e-15,4.4994390158148434e-18
0.1140367468488026,4.431772465392919e-05,0.0011152828197267,0.11403674684880659,4.431772465985501e-05,0.0011152828197267262,3.982925100842749e-15,5.925815393936773e-15,2.6237692574149207e-17
0.1347767981310472,0.000215385891368,0.002807447222854,0.1347767981310472,0.00021538589136804037,0.002807447222854087,0.0,4.03594258707729e-17,8.716985466783456e-17
0.0935681437234627,6.853137760889222e-05,0.0017648620987751,0.0935681437234627,6.853137760889222e-05,0.001764862098775133,0.0,0.0,3.2959746043559335e-17
0.1108758706342923,6.558343097284869e-05,0.0005934394359812,0.11087587063429233,6.558343097284869e-05,0.0005934394359812245,2.7755575615628914e-17,0.0,2.45029690981724e-17
0.0977735324115875,1.5821966000972854e-05,2.4059783726659845e-05,0.09777353241159148,1.5821966006870913e-05,2.4059783726659845e-05,3.982925100842749e-15,5.898059818321144e-15,0.0
0.1285685579685608,-0.0003934052153793,-0.0035416630982028,0.12856855796855687,-0.00039340521538522993,-0.0035416630982028074,-3.913536161803677e-15,-5.929935362192218e-15,-7.37257477290143e-18
0.1732621678007027,-0.0002057991286625,-0.005665356754402,0.17326216780070275,-0.00020579912866257322,-0.005665356754402051,5.551115123125783e-17,-7.321075169708369e-17,-5.117434254131581e-17
0.1052101680293731,-0.0004206226715254,-0.0054923251681175,0.10521016802937318,-0.000420622671525428,-0.0054923251681175955,8.326672684688674e-17,-2.7972416050126014e-17,-9.540979117872439e-17
0.1398797868095608,-0.0005446510867486,-0.0080242969417967,0.13987978680956087,-0.0005446510867486848,-0.008024296941796294,5.551115123125783e-17,-8.478460988836645e-17,4.0592529337857286e-16
0.1015502604998569,-0.000337554599382,-0.006336787845758,0.10155026049985694,-0.0003375545993821241,-0.006336787845758529,4.163336342344337e-17,-1.2414114874959026e-16,-5.290906601729262e-16
0.0961063202656904,-0.0002633465485997,-0.0049917951831983,0.09610632026569049,-0.0002633465485997674,-0.0049917951831983665,9.71445146547012e-17,-6.743737512859838e-17,-6.678685382510707e-17
0.1501319510789656,-0.0002756064028862,-0.0027822229655738,0.15013195107897165,-0.00027560640288996907,-0.002782222965573844,6.050715484207103e-15,-3.769066222319983e-15,-4.380176776841438e-17
0.0918583019468397,3.9016612301504e-05,0.0007072684049216,0.09185830194683367,3.901661230524406e-05,0.0007072684049216349,-6.022959908591474e-15,3.740057037942418e-15,3.491130995403324e-17
0.1140431327019883,0.0001748547597393,0.0022549915012919,0.11404313270198463,0.00017485475973332693,0.0022549915012919364,-3.677613769070831e-15,-5.973086608657141e-15,3.642919299551295e-17
0.1588951565934009,0.0001906931101973,0.0031662049237697,0.1588951565934047,0.0001906931102034215,0.003166204923769733,3.802513859341161e-15,6.1215138860704066e-15,3.2959746043559335e-17
0.096714629308574,2.5606820650593557e-05,0.0006238975591603,0.09671462930857401,2.5606820650593554e-05,0.000623897559160369,1.3877787807814457e-17,-3.3881317890172014e-21,6.906367838732663e-17
0.0960000988727925,-1.4883009980343198e-05,-0.0002340569176069,0.09600009887279257,-1.4883009980343198e-05,-0.00023405691760691738,6.938893903907228e-17,0.0,-1.737433981408021e-17
0.1521462521649249,2.490381125679064e-05,0.0008708439386886,0.15214625216492492,2.4903811256790642e-05,0.0008708439386886369,2.7755575615628914e-17,3.3881317890172014e-21,3.686287386450715e-17
0.0929316708927688,9.356657066304784e-05,0.002060829199268,0.09293167089276888,9.356657066304785e-05,0.0020608291992680883,8.326672684688674e-17,1.3552527156068805e-20,8.847089727481716e-17
0.1257635948633339,0.000182039472539,0.0016716837018617,0.1257635948633339,0.0001820394725390237,0.0016716837018617703,0.0,2.3689817468808272e-17,7.025630077706069e-17
0.1556345137156688,4.375802941236629e-05,3.4381004446526475e-05,0.15563451371566886,4.3758029412366284e-05,3.4381004446526475e-05,5.551115123125783e-17,-6.776263578034403e-21,0.0
0.1215775470891217,-0.0001362119679153,-0.0030957908921855,0.12157754708912177,-0.00013621196791532147,-0.0030957908921855903,6.938893903907228e-17,-2.1467203015212988e-17,-9.020562075079397e-17
0.0616749358118708,-6.187159500120609e-05,-0.0019259240686251,0.061674935811870876,-6.187159500120609e-05,-0.0019259240686251289,7.632783294297951e-17,0.0,-2.883977778811442e-17
0.1507775481842422,-0.0004268330222316,-0.0049881799297768,0.1507775481842482,-0.00042683302223539554,-0.004988179929776404,6.022959908591474e-15,-3.79552075532863e-15,3.963843142607004e-16
0.12978314888995,-0.0003398594613703,-0.0048571533483916,0.12978314888994025,-0.0003398594613726602,-0.004857153348392096,-9.742207041085749e-15,-2.3601997092836946e-15,-4.961309141293668e-16
0.080075076210892,-0.0001057655288279,-0.0027487869397333,0.08007507621090182,-0.00010576552882556045,-0.0027487869397333498,9.825473767932635e-15,2.3395456578978457e-15,-4.9873299934333204e-17
0.1269818214348917,-0.0001676871670038,-0.0020727420485169,0.1269818214348955,-0.00016768716699780417,-0.002072742048516929,3.802513859341161e-15,5.9958277492250245e-15,-2.905661822261152e-17
0.070407015422325,-6.573482844416528e-06,-0.0002051974696075,0.07040701542231524,-6.573482846800038e-06,-0.00020519746960756535,-9.756084828893563e-15,-2.383510055992133e-15,-6.535028594656378e-17
0.1950282189673481,0.0002399480335546,0.0025252844302303,0.19502821896734818,0.000239948033554635,0.002525284430230368,8.326672684688674e-17,3.5019730171281793e-17,6.765421556309548e-17
0.120441110346653,0.0001731361285659,0.0029990769550134,0.12044111034665307,0.00017313612856596772,0.0029990769550134466,6.938893903907228e-17,6.770842567171975e-17,4.683753385137379e-17
0.2122724737242941,0.0002194623736758,0.0009312602371651,0.21227247372429414,0.0002194623736758855,0.0009312602371651657,5.551115123125783e-17,8.548934130048202e-17,6.570265165262157e-17
0.0179473386702148,3.883862518268277e-06,0.0002412550660126,0.01794733867021487,3.883862518268277e-06,0.00024125506601313518,6.938893903907228e-17,0.0,5.351892973931571e-16
0.0910870892227578,6.301509508768732e-05,0.0008358133641355,0.09108708922276391,6.301509508393338e-05,0.0008358133641355181,6.1201044232461754e-15,-3.7539416020138106e-15,1.8106176280507924e-17
0.143280945523853,0.0002085429132872,0.0024343197941432,0.143280945523847,0.000208542913290935,0.0024343197941427697,-6.022959908591474e-15,3.734995169049626e-15,-4.3021142204224816e-16
0.1655627163368406,0.0001472297058817,0.0019397201902178,0.16556271633684064,0.00014722970588176842,0.0019397201902178196,2.7755575615628914e-17,6.841315708383533e-17,1.951563910473908e-17
0.1207097919267357,-5.843452224574969e-05,-0.0017592438930775,0.12070979192673575,-5.843452224574969e-05,-0.0017592438930775778,5.551115123125783e-17,0.0,-7.784571598445922e-17
0.0745096552367655,-0.0001007112047673,-0.0025455801949103,0.07450965523676556,-0.00010071120476735224,-0.0025455801949103574,5.551115123125783e-17,-5.2231439659489176e-17,-5.724587470723463e-17
0.1057577062962727,-0.0002118381279627,-0.0033435105008723,0.10575770629627275,-0.00021183812796277818,-0.0033435105008723376,5.551115123125783e-17,-7.817097663620487e-17,-3.7730235602495554e-17
0.2199362012366991,-0.0009184600917382,-0.0077103763795807,0.2199362012366991,-0.0009184600917382102,-0.007710376379580275,0.0,-1.0191500421363742e-17,4.2500725161431774e-16
0.031706457410475,-2.7886143906512975e-05,-0.0011855141958569,0.031706457410475036,-2.788614390652859e-05,-0.00118551419585744,3.469446951953614e-17,-1.561589941558028e-17,-5.399326818977812e-16
0.1140610220736985,-0.0001180378085478,-0.0011776146526263,0.11406102207369855,-0.00011803780854788976,-0.0011776146526263354,4.163336342344337e-17,-8.97583873546437e-17,-3.5344990823027445e-17
0.1157242949231394,0.0001231148555273,0.0020209664995571,0.11572429492313947,0.00012311485552739254,0.0020209664995571863,6.938893903907228e-17,9.25366554216378e-17,8.630249292984615e-17
0.1071337705702008,0.0001106691697096,0.0018531042432039,0.10713377057020085,0.00011066916970963597,0.0018531042432039513,4.163336342344337e-17,3.596840707220661e-17,5.139118297581291e-17
0.0680650157844736,3.255799909038237e-05,0.0008825012228501,0.06806501578447362,3.255799909038237e-05,0.0008825012228506068,1.3877787807814457e-17,0.0,5.068645156369733e-16
0.1588570477237889,0.0002427465595391,0.0020030405701807,0.15885704772378892,0.000242746559539056,0.0020030405701803033,2.7755575615628914e-17,-4.401860820291148e-17,-3.968179951296946e-16
0.0821951386673955,3.162654296857276e-05,0.0005339567507545,0.08219513866739558,3.162654296857276e-05,0.0005339567507545162,8.326672684688674e-17,0.0,1.6154612370034016e-17
0.2052047995103745,0.000169388825779,0.0014898485057219,0.20520479951037457,0.0001693888257790349,0.0014898485057219801,5.551115123125783e-17,3.491130995403324e-17,8.023096076392733e-17
0.1113262718577484,7.38936047811195e-05,0.0010299514551159,0.11132627185775447,7.389360477742107e-05,0.0010299514551159739,6.0645932720149176e-15,-3.698430450782553e-15,7.39425881635114e-17
0.0583089817681394,7.043188354267232e-05,0.0010711745967544,0.05830898176813336,7.043188354638116e-05,0.0010711745967544317,-6.043776590303196e-15,3.7088387916384136e-15,3.165870343657673e-17
0.1462077177933378,0.0001934549222957,0.0021253272161216,0.14620771779333783,0.00019345492229574934,0.0021253272161216863,2.7755575615628914e-17,4.933119884809045e-17,8.630249292984615e-17
0.0940205518160156,2.3497534847372048e-05,0.0003248460860785,0.09402055181601562,2.3497534847372048e-05,0.00032484608607852294,2.7755575615628914e-17,0.0,2.293087594806842e-17
0.1125684379122999,5.007602351392304e-06,0.0001320582273889,0.11256843791229998,5.007602351392304e-06,0.00013205822738893147,8.326672684688674e-17,0.0,3.1468968056391766e-17
0.2342673835894836,0.0002550992795119,0.0025771293837979,0.23426738358948365,0.0002550992795119361,0.002577129383797949,5.551115123125783e-17,3.61039323437673e-17,4.90059381963448e-17
0.0434412292053915,1.8628189197514997e-05,0.0004352209367093,0.04344122920539152,1.8628189197514994e-05,0.00043522093670977924,2.0816681711721685e-17,-3.3881317890172014e-21,4.79217360238593e-16
0.2263891642248604,0.0001646509335168,0.000425757556338,0.2263891642248605,0.00016465093351676618,0.0004257575563375582,8.326672684688674e-17,-3.382710778154774e-17,-4.4181238528784306e-16
0.0241742814918521,-1.484307165064945e-05,-0.0006886280966837,0.024174281491852148,-1.484307165064945e-05,-0.0006886280966837965,4.85722573273506e-17,0.0,-9.64939933512099e-17
0.0605523169325908,-8.639448160845456e-05,-0.0017120119751834,0.06055231693258713,-8.63944816144914e-05,-0.0017120119751834473,-3.670674875166924e-15,-6.036837696399289e-15,-4.7271214720367993e-17
0.1704429410268229,-0.0005862595820735,-0.0057710895710916,0.17044294102682672,-0.0005862595820675109,-0.0057710895710916255,3.83026943495679e-15,5.989024380592678e-15,-2.5153490401663703e-17
0.0990130900940593,-0.0005189612708467,-0.0046702780655243,0.09901309009405931,-0.0005189612708467323,-0.004670278065524336,1.3877787807814457e-17,-3.230922474006803e-17,-3.5561831257524545e-17
0.1704070187516579,-0.0006503224089743,-0.0084010689016844,0.17040701875165798,-0.0006503224089743631,-0.00840106890168446,8.326672684688674e-17,-6.310056643865636e-17,-6.071532165918825e-17
0.121904025073172,-0.0003654960623384,-0.0064920991523695,0.12190402507316839,-0.00036549606234458076,-0.00649209915236959,-3.608224830031759e-15,-6.1807655347967394e-15,-9.020562075079397e-17
0.0923588121233776,-0.0001150126092303,-0.0025081604300556,0.0923588121233812,-0.00011501260922418266,-0.0025081604300556393,3.608224830031759e-15,6.117339707706337e-15,-3.946495907847236e-17
0.0934617927906537,-9.904860145817929e-05,-0.0013485586217507,0.09346179279065378,-9.904860145817929e-05,-0.0013485586217507617,8.326672684688674e-17,0.0,-6.158268339717665e-17
0.115453026962233,7.388541756555428e-05,0.0007972499883783,0.11545302696223309,7.388541756555428e-05,0.000797249988378379,8.326672684688674e-17,0.0,7.903833837419327e-17
0.141441581347188,5.3444645481390274e-05,0.003239775952966,0.14144158134718804,5.3444645481390274e-05,0.0032397759529660952,2.7755575615628914e-17,0.0,9.540979117872439e-17
0.0845348445423892,7.436124949506545e-05,0.0013272399860659,0.08453484454238562,7.436124948892453e-05,0.0013272399860659867,-3.58046925441613e-15,-6.140921104957897e-15,8.673617379884035e-17
0.1077318445097214,4.221316638523126e-05,0.0007812298226195,0.10773184450972507,4.221316639136524e-05,0.0007812298226199665,3.677613769070831e-15,6.13398221105399e-15,4.665321948205126e-16
0.040407206175241,1.1879401273642148e-05,0.0002000387280709,0.04040720617524102,1.1879401273624801e-05,0.00020003872807050627,1.3877787807814457e-17,-1.734723475976807e-17,-3.9372801893811094e-16
0.2322524538878241,4.60953407990794e-05,0.0010525196747179,0.2322524538878241,4.60953407990794e-05,0.0010525196747179777,0.0,0.0,7.762887554996212e-17
0.0932995361590828,-5.833746873851187e-06,0.0012225928576787,0.09329953615908285,-5.833746873851187e-06,0.0012225928576787837,4.163336342344337e-17,0.0,8.370040771588094e-17
0.0879204892551306,0.0001168044965446,0.0014312750723188,0.08792048925513068,0.00011680449654462993,0.0014312750723188827,8.326672684688674e-17,2.993753248775599e-17,8.283304597789254e-17
0.0624546088551604,1.5324355786300314e-05,0.0008946208066311,0.06245460885516049,1.5324355786300314e-05,0.0008946208066307193,9.020562075079397e-17,0.0,-3.806633827596606e-16
0.0835940588531622,6.105441081281221e-05,0.0008676116169343,0.0835940588531586,6.105441080674068e-05,0.0008676116169348269,-3.608224830031759e-15,-6.071532165918825e-15,5.269222558279552e-16
0.354795532712125,0.0003123233253987,0.0018242598483078,0.3547955327121287,0.00031232332540487295,0.0018242598483082517,3.7192471324942744e-15,6.172959279154844e-15,4.516786250574611e-16
0.0723360102497023,4.739669569070459e-05,0.0007006451436155,0.07233601024970238,4.739669569067684e-05,0.0007006451436151195,6.938893903907228e-17,-2.7755575615628914e-17,-3.804465423251635e-16
0.0769014730927876,2.587180291238611e-05,0.0006039329825031,0.07690147309278406,2.5871802906286823e-05,0.0006039329825031636,-3.5388358909926865e-15,-6.099287741534454e-15,6.364266752489911e-17
0.0639915621056339,1.867282547989707e-05,0.0007098109320748,0.06399156210563756,1.867282548599289e-05,0.0007098109320748947,3.649858193455202e-15,6.0958182945825e-15,9.465084965798454e-17
0.252445902743207,0.0004244677251684,0.0031036694901627,0.252445902743207,0.00042446772516846476,0.0031036694901627193,0.0,6.478107980600889e-17,1.951563910473908e-17
0.0723188062878583,-1.743269757516208e-05,-0.0002605125116401,0.07231880628785839,-1.743269757516208e-05,-0.0002605125116401652,8.326672684688674e-17,0.0,-6.521476067500309e-17
0.0592226344476585,3.818439969162021e-05,0.000781362213043,0.059222634447658504,3.818439969162021e-05,0.0007813622130430353,6.938893903907228e-18,0.0,3.5344990823027445e-17
0.1144967467868544,6.470546110767111e-05,0.0008223363167045,0.1144967467868544,6.470546110767111e-05,0.0008223363167045861,0.0,0.0,8.608565249534905e-17
0.1479970083688209,0.0001726593491809,0.0014580860577964,0.1479970083688209,0.00017265934918092585,0.0014580860577964039,0.0,2.585822181377928e-17,3.903127820947816e-18
0.1317278951266308,7.133169865600891e-05,0.0016178450469528,0.13172789512663083,7.133169865600891e-05,0.0016178450469528372,2.7755575615628914e-17,0.0,3.707971429900425e-17
0.0646994305768787,3.995671251400337e-05,0.0007162962044238,0.06469943057687871,3.995671251400337e-05,0.0007162962044238164,1.3877787807814457e-17,0.0,1.6371452804531117e-17
0.1164084650342733,6.275241601709503e-05,0.0010202313443854,0.11640846503427332,6.275241601709503e-05,0.0010202313443854472,2.7755575615628914e-17,0.0,4.705437428587089e-17
0.1248332186051726,6.643400040926006e-05,0.0009819297029474,0.12483321860517263,6.643400040926006e-05,0.000981929702947415,2.7755575615628914e-17,0.0,1.496198998029996e-17
0.1196213960178199,6.105592030521134e-06,0.0009213431725458,0.11962139601781996,6.105592030521134e-06,0.0009213431725463295,5.551115123125783e-17,0.0,5.294159208246718e-16
0.0468785738466379,2.7109119625286227e-05,0.000588141102773,0.04687857384663797,2.710911962526541e-05,0.0005881411027726102,6.938893903907228e-17,-2.0816681711721685e-17,-3.8977068100853884e-16
0.2141959440900668,0.0001662917144414,0.0013671837068582,0.2141959440900668,0.00016629171444140778,0.0013671837068582882,0.0,7.779150587583494e-18,8.825405684032006e-17
0.1177162338433842,5.292212921998579e-05,0.0014361921169854,0.11771623384338423,5.292212921998579e-05,0.0014361921169854241,2.7755575615628914e-17,0.0,2.4069288229178198e-17
0.107470697255017,0.0001284654401945,0.001458312064583,0.10747069725501707,0.00012846544019457645,0.0014583120645830228,6.938893903907228e-17,7.64633582145402e-17,2.2768245622195593e-17
0.123549742597559,9.06577861415972e-05,0.0012210801866614,0.12354974259755902,9.06577861415972e-05,0.0012210801866614496,1.3877787807814457e-17,0.0,4.96564594998361e-17
0.1355910963429955,5.295695127883332e-05,0.0006661506790726,0.13559109634299552,5.295695127883332e-05,0.0006661506790726079,2.7755575615628914e-17,0.0,7.914675859144182e-18
0.0780143139338784,5.0934287832760106e-05,0.0009954236499836,0.0780143139338784,5.0934287832760106e-05,0.0009954236499836178,0.0,0.0,1.7780915628762273e-17
0.1597592783094039,0.0001666881861982,0.0015075355546745,0.15975927830940392,0.00016668818619824943,0.0015075355546745328,2.7755575615628914e-17,4.9439619065339e-17,3.2742905609062234e-17
0.0426196934278123,4.51043970401202e-06,0.0004625228619139,0.04261969342781234,4.51043970401202e-06,0.00046252286191394987,4.163336342344337e-17,0.0,4.9873299934333204e-17
0.1191603759348216,0.0001464120756755,0.0012637657554228,0.11916037593482162,0.00014641207567551995,0.0012637657554228632,2.7755575615628914e-17,1.9949319973733282e-17,6.310056643865636e-17
0.1425362904155146,8.941328066736087e-05,0.0015024718050034,0.14253629041551463,8.941328066736087e-05,0.0015024718050034025,2.7755575615628914e-17,0.0,2.6020852139652106e-18
0.1384696592967237,7.787807304880656e-05,0.0014541913979821,0.1384696592967199,7.787807304279748e-05,0.0014541913979821963,-3.802513859341161e-15,-6.00908212078366e-15,9.627715291671279e-17
0.0995035985094591,3.423487677317594e-05,0.0005931845224749,0.09950359850946297,3.423487677917808e-05,0.000593184522474921,3.8719027983802334e-15,6.0021432268797525e-15,2.1033522146218786e-17
0.1101333996243307,8.41615485080785e-05,0.0012028791887992,0.11013339962432692,8.41615485020833e-05,0.001202879188799244,-3.788636071533347e-15,-5.995204332975845e-15,4.401860820291148e-17
0.1184577198535996,9.384680131245549e-05,0.000962235518608,0.11845771985360347,9.384680131844375e-05,0.0009622355186080789,3.8719027983802334e-15,5.988265439071938e-15,7.892991815694472e-17
0.1701327211569826,2.984667411619346e-05,0.0014080883877416,0.17013272115698264,2.984667411619346e-05,0.0014080883877416461,2.7755575615628914e-17,0.0,4.618701254788249e-17
0.0937530606079231,8.860770718779193e-05,0.0012318464241687,0.09375306060792317,8.860770718779193e-05,0.0012318464241687366,6.938893903907228e-17,0.0,3.664603343001005e-17
0.1002828798077702,4.315959574229672e-05,0.0007240198523246,0.10028287980777027,4.315959574229672e-05,0.00072401985232462,6.938893903907228e-17,0.0,1.9949319973733282e-17
0.0537852604477585,3.751515959243834e-06,0.0003635245157602,0.05378526044775853,3.751515959243834e-06,0.0003635245157602718,3.469446951953614e-17,0.0,7.177418381854039e-17
0.0500631645766785,2.779202003513545e-05,0.0005761361895695,0.050063164576678566,2.779202003513545e-05,0.0005761361895695316,6.938893903907228e-17,0.0,3.165870343657673e-17
0.1250964546135747,0.0001394985383562,0.0012252782790653,0.12509645461357477,0.00013949853835626413,0.0012252782790653782,8.326672684688674e-17,6.413055850251759e-17,7.827939685345342e-17
0.2964042290507308,0.0004281446314123,0.0030450043073089,0.2964042290507308,0.00042814463141235826,0.0030450043073089184,0.0,5.827586677109586e-17,1.8214596497756474e-17
0.0803176399787734,2.584583162015125e-05,0.0006423728580373,0.08031763997877343,2.584583162015125e-05,0.0006423728580373655,2.7755575615628914e-17,0.0,6.559423143537302e-17
0.0435042405167361,2.733118485040431e-05,0.0003715034974631,0.04350424051673618,2.733118485040431e-05,0.0003715034974636211,8.326672684688674e-17,0.0,5.211217742051577e-16
0.1131471432100724,5.501975417794569e-05,0.0011258029863401,0.11314714321007249,5.501975417789018e-05,0.0011258029863401298,9.71445146547012e-17,-5.551115123125783e-17,2.970713952610282e-17
0.1275607610395041,0.0001085903704922,0.0013102460669758,0.12756076103950412,0.00010859037049223974,0.0013102460669753846,2.7755575615628914e-17,3.973600962159374e-17,-4.154662724964453e-16
0.0853927584234975,1.9456998583224083e-05,0.0004030135376837,0.08539275842349757,1.9456998583224083e-05,0.0004030135376842381,6.938893903907228e-17,0.0,5.3808953820455585e-16
0.0797625316898013,4.69986757706542e-05,0.0007454141623459,0.07976253168980135,4.699867577062644e-05,0.0007454141623455257,5.551115123125783e-17,-2.7755575615628914e-17,-3.7426658994199613e-16
0.3015214398730413,0.0005876657202252,0.0028293316088041,0.30152143987304136,0.0005876657202252,0.00282933160880372,5.551115123125783e-17,0.0,-3.7990444123892075e-16
0.0551640856924262,1.2361641462239892e-05,0.0003631699945954,0.055164085692426215,1.2361641462267647e-05,0.00036316999459584665,1.3877787807814457e-17,2.7755575615628914e-17,4.466370849554036e-16
0.1141857745099952,7.873044472143237e-05,0.0011277452278966,0.11418577450999527,7.873044472143237e-05,0.0011277452278961597,6.938893903907228e-17,0.0,-4.401860820291148e-16
0.094259812323331,8.732338310434018e-05,0.0009596341612874,0.09425981232333101,8.732338310438875e-05,0.0009596341612878589,1.3877787807814457e-17,4.85722573273506e-17,4.58942779613114e-16
0.0995908554344858,8.202261451115134e-05,0.0010356465699818,0.09959085543448584,8.202261451115134e-05,0.0010356465699818962,4.163336342344337e-17,0.0,9.627715291671279e-17
0.0429660280723123,-1.0926423815518782e-06,7.366756212734415e-05,0.0429660280723123,-1.0926423815518782e-06,7.366756212734415e-05,0.0,0.0,0.0
0.177266275248426,0.0002809828446786,0.0013913855410208,0.177266275248426,0.0002809828446786594,0.0013913855410208065,0.0,5.941427905220564e-17,6.5052130349130266e-18
0.1971107370303364,0.0001249674149662,0.0016209215697213,0.1971107370303364,0.00012496741496623165,0.0016209215697213786,0.0,3.165870343657673e-17,7.849623728795052e-17
0.1177298277401823,7.918265298602345e-05,0.00085665210162,0.11772982774018234,7.918265298602345e-05,0.0008566521016200035,4.163336342344337e-17,0.0,3.469446951953614e-18
0.0828594184533375,-0.0001094377323859,-0.0020970137145401,0.08285941845333757,-0.00010943773238599602,-0.0020970137145401857,6.938893903907228e-17,-9.601965490074749e-17,-8.586881206085195e-17
0.1093227181900281,-0.0002150570634414,-0.0034583071295823,0.10932271819002817,-0.0002150570634414095,-0.003458307129582394,6.938893903907228e-17,-9.513874063560301e-18,-9.410874857174178e-17
0.1084602592002915,-0.0002311641390859,-0.0032109724841582,0.10846025920029155,-0.00023116413908598477,-0.0032109724841582477,5.551115123125783e-17,-8.475750483405431e-17,-4.7704895589362195e-17
0.1130886576146964,-0.0002213399775428,-0.0039404230800879,0.11308865761469641,-0.00022133997754288093,-0.003940423080087463,1.3877787807814457e-17,-8.09356921760429e-17,4.371503159461554e-16
0.1247259493338401,-0.0003576608564188,-0.0051202561054206,0.1247259493338401,-0.0003576608564188691,-0.005120256105421106,0.0,-6.906367838732663e-17,-5.056718932472393e-16
0.1450650934787644,-0.0005748891158783,-0.0074508577614791,0.14506509347876442,-0.000574889115878302,-0.007450857761478691,2.7755575615628914e-17,-2.0599841277224584e-18,4.0939474033052647e-16
0.1109076129376433,-0.0004565972893124,-0.006672159899018,0.11090761293764337,-0.0004565972893124798,-0.006672159899018482,6.938893903907228e-17,-7.979727989493313e-17,-4.81385764583564e-16
0.1070122366390331,-0.0003835783931699,-0.0068532386767272,0.10701223663902938,-0.000383578393176022,-0.006853238676727269,-3.7192471324942744e-15,-6.122001777048025e-15,-6.938893903907228e-17
0.173921658897877,-0.0010937711875104,-0.010820980224818,0.17392165889788075,-0.0010937711875043804,-0.010820980224818033,3.747002708109903e-15,6.019490461639521e-15,-3.2959746043559335e-17
0.0611836711319955,-0.0001102849440222,-0.0023032557908129,0.06118367113199551,-0.00011028494402220285,-0.002303255790812919,6.938893903907228e-18,-2.846030702774449e-18,-1.9081958235744878e-17
0.0609966881118041,-5.657849047412469e-05,-0.0014329668686476,0.06099668811180413,-5.657849047412469e-05,-0.0014329668686476893,2.7755575615628914e-17,0.0,-8.933825901280557e-17
0.1118948246790057,-9.363237249798012e-05,-0.0012750133311185,0.11189482467900577,-9.363237249798012e-05,-0.0012750133311190126,6.938893903907228e-17,0.0,-5.126107871511465e-16
0.1788361972021746,7.352646496344706e-06,0.0008609386993643,0.17883619720217464,7.3526464964279725e-06,0.0008609386993647661,2.7755575615628914e-17,8.326672684688674e-17,4.660985139515184e-16
0.114774277357731,6.806660289172817e-05,0.0017037546954847,0.11477427735773106,6.806660289172817e-05,0.0017037546954847826,5.551115123125783e-17,0.0,8.261620554339544e-17
0.172591349048732,0.0003151317494154,0.0027390760470686,0.17259134904873208,0.000315131749415401,0.0027390760470686892,8.326672684688674e-17,1.0299920638612292e-18,8.933825901280557e-17
0.1029489860323406,4.140263302029879e-05,0.0005772896650024,0.10294898603234062,4.1402633020298785e-05,0.0005772896650020343,2.7755575615628914e-17,-6.776263578034403e-21,-3.6570139277936065e-16
0.092340867391722,3.954079051615711e-05,0.0007004353566575,0.09234086739171832,3.954079051011333e-05,0.0007004353566579802,-3.677613769070831e-15,-6.043776590303196e-15,4.801931421938299e-16
0.0869838931596512,8.204724305226757e-05,0.0009754782867803,0.08698389315965495,8.204724305835298e-05,0.0009754782867803513,3.747002708109903e-15,6.085409953726639e-15,5.128276275856436e-17
0.1545050470161685,0.000121501302636,0.0013381399177383,0.15450504701616852,0.00012150130263605119,0.0013381399177383457,2.7755575615628914e-17,5.118789506847188e-17,4.575333167888829e-17
0.1882023222786173,0.0001681311628475,0.0017723268028206,0.18820232227861736,0.00016813116284751517,0.0017723268028206896,5.551115123125783e-17,1.5178830414797062e-17,8.955509944730267e-17
0.0756497807585457,5.438814985425644e-05,0.0009419064951914,0.07564978075854571,5.438814985425644e-05,0.0009419064951914358,1.3877787807814457e-17,0.0,3.5778671692021646e-17
0.0569035803699153,1.0761025414161853e-05,0.0005539515029933,0.05690358036991534,1.0761025414161851e-05,0.0005539515029933106,3.469446951953614e-17,-1.6940658945086007e-21,1.0625181290357943e-17
0.1615922520780964,0.0001514594521164,0.0015350028874347,0.16159225207809644,0.00015145945211647582,0.0015350028874347998,2.7755575615628914e-17,7.58128369110489e-17,9.974659986866641e-17
0.101661423029156,3.0199052611125377e-05,0.0005934174048767,0.10166142302915605,3.0199052611125377e-05,0.0005934174048767282,5.551115123125783e-17,0.0,2.8189256484623115e-17
0.080126913388041,5.163785059099368e-05,0.0008286996190842,0.08012691338804104,5.1637850590993684e-05,0.0008286996190842721,4.163336342344337e-17,6.776263578034403e-21,7.209944447028604e-17
0.1489166415171657,0.0001215135165339,0.0014246573472611,0.14891664151716572,0.0001215135165339859,0.0014246573472611601,2.7755575615628914e-17,8.589591711516409e-17,6.006480035569695e-17
0.1605647792411147,-0.000171167400587,-0.0029517497182403,0.16056477924111473,-0.00017116740058707725,-0.002951749718240304,2.7755575615628914e-17,-7.724940478959219e-17,-3.903127820947816e-18
0.1177851266131375,-0.0003195773104572,-0.0049478846531321,0.11778512661313754,-0.00031957731045720306,-0.004947884653131673,4.163336342344337e-17,-3.0357660829594124e-18,4.2674197509029455e-16
0.1963372399243571,-0.0003217970983594,-0.0015195642259917,0.19633723992435714,-0.000321797098359472,-0.0015195642259921982,5.551115123125783e-17,-7.19910242530375e-17,-4.982993184743378e-16
0.0636767978025404,3.500278306869595e-05,0.0007530218199214,0.0636767978025404,3.500278306869595e-05,0.0007530218199214289,0.0,0.0,2.894819800536297e-17
0.0609458241688475,3.649484110733112e-05,0.0007548055561112,0.06094582416884754,3.6494841107331116e-05,0.0007548055561112932,4.163336342344337e-17,-6.776263578034403e-21,9.313296661650483e-17
0.1579678440611045,0.0001302780094193,0.0010700485579642,0.1579678440611045,0.00013027800941939338,0.0010700485579642205,0.0,9.337691210531407e-17,2.0599841277224584e-17
0.1161535503781473,3.601051311569875e-05,0.000790679234611,0.11615355037814731,3.601051311569875e-05,0.0007906792346110691,1.3877787807814457e-17,0.0,6.917209860457518e-17
0.1131990060131369,5.454370011450521e-05,0.0008904970301975,0.11319900601314059,5.4543700120569805e-05,0.0008904970301970572,3.6914915568786455e-15,6.0645932720149176e-15,-4.4278816724308e-16
0.1084112309088505,4.453639828832373e-05,0.0010840413631378,0.1084112309088468,4.453639828230077e-05,0.0010840413631387769,-3.70536934468646e-15,-6.022959908591474e-15,9.768661574094395e-16
0.0669045698418934,6.040246994229101e-05,0.0010599687116563,0.06690456984189341,6.0402469942259784e-05,0.0010599687116563672,1.3877787807814457e-17,-3.122502256758253e-17,6.722053469410127e-17
0.1475756822837475,0.0001730873715149,0.0016241894928628,0.1475756822837475,0.0001730873715149045,0.0016241894928623601,0.0,4.4994390158148434e-18,-4.397524011601206e-16
0.1145476347193372,3.316867519207595e-05,0.0007068049232703,0.11454763471933721,3.316867519207595e-05,0.0007068049232703544,1.3877787807814457e-17,0.0,5.442694905877232e-17
0.1543248332571754,6.808227924545718e-05,0.0008139839704597,0.15432483325717544,6.808227924545718e-05,0.0008139839704597307,5.551115123125783e-17,0.0,3.0682921481339775e-17
0.0835923771248622,2.371550799514649e-05,0.0005513826010554,0.08359237712486228,2.371550799514649e-05,0.0005513826010554723,8.326672684688674e-17,0.0,7.231628490478315e-17
0.1512220204440072,0.0001608227691616,0.002074567764323,0.15122202044400726,0.00016082276916166982,0.002074567764323021,5.551115123125783e-17,6.982261990806649e-17,2.0816681711721685e-17
0.0657628539559076,4.2843460727533256e-05,0.0009834867793254,0.06576285395590768,4.2843460727533256e-05,0.000983486779325471,8.326672684688674e-17,0.0,7.090682208055199e-17
0.1074779274672481,0.000115429566575,0.0010724307913307,0.10747792746724814,0.00011542956657507875,0.0010724307913307918,4.163336342344337e-17,7.874018277675976e-17,9.172350379227368e-17
0.1660169431010568,9.823953327439684e-05,0.0009993230582954,0.16601694310105686,9.823953327439683e-05,0.0009993230582954205,5.551115123125783e-17,-1.3552527156068805e-20,2.0383000842727483e-17
0.0567432079582773,2.132712837351128e-05,0.0006061037414388,0.0567432079582773,2.1327128373511278e-05,0.0006061037414388792,0.0,-3.3881317890172014e-21,7.925517880869037e-17
0.0710562046228577,4.189991374869973e-05,0.0006373121337208,0.07105620462285775,4.1899913748699724e-05,0.0006373121337208687,5.551115123125783e-17,-6.776263578034403e-21,6.873841773558098e-17
0.1361209629970967,0.0001930226249479,0.0012484753020989,0.1361209629970967,0.00019302262494790695,0.001248475302098484,0.0,6.938893903907228e-18,-4.158999533654395e-16
0.2517147220574262,0.000273545381834,0.0024280882827629,0.25171472205742623,0.0002735453818341338,0.0024280882827634187,5.551115123125783e-17,1.3379054808471125e-16,5.186823193170653e-16
0.1077099077973379,4.649984844190547e-05,0.0003557815313799,0.10770990779733797,4.649984844190547e-05,0.0003557815313799395,6.938893903907228e-17,0.0,3.9519169187096637e-17
0.0923303223327911,-4.33088387038344e-06,-4.3573411145025887e-05,0.09233032233279113,-4.33088387038344e-06,-4.35734111445818e-05,2.7755575615628914e-17,0.0,4.440892098500626e-16
0.1543873863337204,9.404842814768331e-05,0.001779976236615,0.1543873863337204,9.404842814760006e-05,0.0017799762366146332,0.0,-8.325317431973067e-17,-3.666771747345976e-16
0.0462060024290794,3.046358052584061e-05,0.0007034250519404,0.046206002429079476,3.046358052584061e-05,0.0007034250519404317,7.632783294297951e-17,0.0,3.165870343657673e-17
0.1192911932556533,8.691200929795972e-05,0.0010507911173216,0.11929119325565332,8.691200929795972e-05,0.0010507911173216478,2.7755575615628914e-17,0.0,4.7704895589362195e-17
0.2379335700055777,0.0001036473565355,0.0013425921818579,0.2379335700055777,0.00010364735653554946,0.001342592181857949,0.0,4.946672411965114e-17,4.90059381963448e-17
0.0769265060230437,4.101344484745695e-05,0.0009025407053901,0.07692650602304373,4.101344484745695e-05,0.0009025407053901979,2.7755575615628914e-17,0.0,9.790345617544105e-17
0.0523026417870926,4.548207532540163e-05,0.0008173529200523,0.052302641787092666,4.548207532540163e-05,0.000817352920052361,6.245004513516506e-17,0.0,6.10405823109339e-17
0.1716492407460182,0.0001537790596734,0.0011048878857424,0.17164924074601823,0.0001537790596734534,0.0011048878857424782,2.7755575615628914e-17,5.3396956994911093e-17,7.827939685345342e-17
0.050115372590528,7.687823655459086e-06,0.0003918785127456,0.050115372590524225,7.687823649484699e-06,0.0003918785127456914,-3.774758283725532e-15,-5.974387651264124e-15,9.139824314052802e-17
0.0175627497692068,1.7997264552000597e-06,0.0002212461065447,0.017562749769210732,1.799726461170978e-06,0.00022124610654472576,3.930883396563445e-15,5.97091820431217e-15,2.574980159653073e-17
0.1629242713208343,0.0001429173253329,0.0012844174020898,0.16292427132083434,0.0001429173253329058,0.0012844174020902877,2.7755575615628914e-17,5.800481622797449e-18,4.876741371839799e-16
0.1801160923769339,0.0001937888372098,0.0017020761645123,0.1801160923769339,0.0001937888372097324,0.001702076164511901,0.0,-6.76000054544712e-17,-3.9898639947466563e-16
0.0493947772410223,-5.4131394141010425e-06,0.0004621394989485,0.04939477724102231,-5.4131394141010425e-06,0.0004621394989485772,6.938893903907228e-18,0.0,7.719519468096792e-17
0.1623458273740406,0.0002406521617085,0.0017736273916679,0.16234582737404069,0.00024065216170857107,0.0017736273916679757,8.326672684688674e-17,7.106945240642482e-17,7.567731163948821e-17
0.169487583138197,0.0001089236748139,0.0011175774933689,0.169487583138197,0.00010892367481390997,0.0011175774933689375,0.0,9.961107459710572e-18,3.7513395167998453e-17
0.0281960255963121,2.851230310445957e-06,0.0001775323976689,0.028196025596312103,2.851230310445957e-06,0.00017753239766893358,3.469446951953614e-18,0.0,3.35831622927385e-17
0.0940497920610916,8.851390460958702e-05,0.0008075249797054,0.09404979206109165,8.851390460958702e-05,0.0008075249797054873,5.551115123125783e-17,0.0,8.727827488508311e-17
0.2094750038238095,0.0001206808751088,0.0010536350712837,0.2094750038238095,0.00012068087510888614,0.0010536350712837539,0.0,8.613986260397333e-17,5.399326818977812e-17
0.1577065772045996,0.0001705540877557,0.0019331142960221,0.15770657720459968,0.00017055408775577818,0.0019331142960221648,8.326672684688674e-17,7.817097663620487e-17,6.483528991463317e-17
0.0473039657574423,2.218133954916615e-05,0.000770669640167,0.04730396575744239,2.218133954916615e-05,0.0007706696401670321,9.020562075079397e-17,0.0,3.209238430557093e-17
0.1515258937723062,0.0001669153581913,0.0017700693223665,0.15152589377230624,0.0001669153581913413,0.0017700693223665631,2.7755575615628914e-17,4.128099771738558e-17,6.310056643865636e-17
0.0414348915191548,5.2575139598762255e-06,0.0001505249008615,0.04143489151915482,5.2575139598762255e-06,0.00015052490086153725,2.0816681711721685e-17,0.0,3.724234462487708e-17
0.1639650721163664,6.771729998815423e-05,0.0009521421609433,0.16396507211636643,6.771729998815423e-05,0.0009521421609433034,2.7755575615628914e-17,0.0,3.3610267347050637e-18
0.0523004335743513,1.5173043581544893e-05,0.0002867069932892,0.05230043357435131,1.5173043581544893e-05,0.0002867069932892541,6.938893903907228e-18,0.0,5.410168840702667e-17
0.2365764952198438,0.0001665937069136,0.0015209212193316,0.23657649521984386,0.0001665937069136869,0.0015209212193316723,5.551115123125783e-17,8.689880412471318e-17,7.24247051220317e-17
0.1362040377581573,0.000161753290393,0.0019405933084688,0.13620403775815734,0.00016175329039301578,0.001940593308468852,5.551115123125783e-17,1.577514160966409e-17,5.204170427930421e-17
0.1460690425635886,0.0001258577941312,0.001311172949022,0.14606904256358866,0.00012585779413128162,0.0013111729490220547,5.551115123125783e-17,8.161331853384635e-17,5.4643789493269423e-17
0.0234714477462466,4.178135805436856e-06,0.0002489138245747,0.023471447746246626,4.178135805436856e-06,0.00024891382457470357,2.7755575615628914e-17,0.0,3.577867169202165e-18
0.1335224816416962,6.650789356210662e-05,0.0009800993919122,0.13352248164169622,6.650789356210662e-05,0.000980099391912237,2.7755575615628914e-17,0.0,3.686287386450715e-17
0.1433533868228862,0.0001253288252844,0.0013253850967083,0.14335338682288626,0.0001253288252844459,0.0013253850967083203,5.551115123125783e-17,4.5888856950448975e-17,2.0383000842727483e-17
0.0490655809213853,6.482876978679275e-06,0.0002717338899231,0.04906558092138535,6.482876978679275e-06,0.0002717338899231869,4.85722573273506e-17,0.0,8.689880412471318e-17
0.076203776495973,6.796720572572329e-05,0.0007973039395672,0.07620377649597301,6.796720572572329e-05,0.0007973039395672288,1.3877787807814457e-17,0.0,2.873135757086587e-17
0.2186999622427433,0.0002677171536041,0.0019496181208054,0.2186999622427433,0.00026771715360413006,0.0019496181208058516,0.0,3.008661028647275e-17,4.516786250574611e-16
0.1631464475758116,6.510018324948352e-05,0.0009049954766613,0.16314644757581165,6.510018324940026e-05,0.000904995476660897,5.551115123125783e-17,-8.326672684688674e-17,-4.02997947512862e-16
0.0277442257861351,8.716339668377385e-06,0.0004187321468998,0.02774422578613516,8.716339668377385e-06,0.00041873214689980287,6.245004513516506e-17,0.0,2.8731357570865868e-18
0.0990301252639615,6.452698095254367e-05,0.0008078960530668,0.09903012526396154,6.452698095254367e-05,0.0008078960530673029,4.163336342344337e-17,0.0,5.029613878160255e-16
0.1002986313774909,2.9322410893067863e-05,0.0010002791284144,0.10029863137749095,2.932241089302623e-05,0.00100027912841405,5.551115123125783e-17,-4.163336342344337e-17,-3.4998046127832083e-16
0.0463044907687936,1.2192853394751846e-05,0.0003452077696115,0.04630449076879367,1.2192853394751846e-05,0.0003452077696115552,6.938893903907228e-17,0.0,5.5185890579512176e-17
0.3136192937696633,0.0004220516196311,0.0025407770472054,0.31361929376966335,0.0004220516196311863,0.002540777047205456,5.551115123125783e-17,8.630249292984615e-17,5.594483210025203e-17
0.0403556876816477,1.3802062999123538e-05,0.0003965862995403,0.04035568768164771,1.3802062999123538e-05,0.00039658629954031355,1.3877787807814457e-17,0.0,1.3552527156068805e-17
0.1026415802426797,6.016081945774132e-05,0.0009667617450608,0.10264158024267972,6.016081945774132e-05,0.000966761745060829,1.3877787807814457e-17,0.0,2.905661822261152e-17
0.0869112147133609,5.309958525667735e-05,0.0009398183189013,0.08691121471336095,5.309958525667735e-05,0.0009398183189013309,5.551115123125783e-17,0.0,3.0899761915836876e-17
0.1811117610524136,6.337533172039167e-05,-7.008890524007327e-05,0.1811117610524136,6.337533172039167e-05,-7.008890524007327e-05,0.0,0.0,0.0
0.1089944618105614,-0.000174231819641,-0.0033850679304325,0.10899446181056142,-0.00017423181964101864,-0.0033850679304325837,2.7755575615628914e-17,-1.8648277366750676e-17,-8.370040771588094e-17
0.1137314170133088,-0.0002751342492353,-0.0032672901430652,0.1137314170133088,-0.0002751342492353509,-0.003267290143064816,0.0,-5.0903291998194433e-17,3.8380756905986857e-16
0.0826185905704007,-0.0001125447635538,-0.0023143130854661,0.08261859057039678,-0.0001125447635598048,-0.0023143130854665905,-3.927413949611491e-15,-6.004799522202342e-15,-4.904930628324422e-16
0.1784822156506748,-0.0006917996634691,-0.0067570272813606,0.1784822156506788,-0.0006917996634632634,-0.006757027281360628,3.9968028886505635e-15,5.836585555141216e-15,-2.7755575615628914e-17
0.0780847832850512,-0.0001050394493587,-0.0020733643194947,0.07808478328505122,-0.00010503944935877363,-0.002073364319494786,2.7755575615628914e-17,-7.363088003892182e-17,-8.586881206085195e-17
0.0721871785221121,-5.146241822062692e-05,-0.0011870483748985,0.07218717852211212,-5.1462418220626915e-05,-0.0011870483748985805,2.7755575615628914e-17,6.776263578034403e-21,-8.044780119842443e-17
0.035733871107456,-1.1665815410101532e-06,-5.514500616232709e-05,0.03573387110745208,-1.1665815469255603e-06,-5.514500616232709e-05,-3.920475055707584e-15,-5.915407053080912e-15,0.0
0.0940932668265816,3.654540292277048e-05,0.0007376116259179,0.09409326682658561,3.654540292868935e-05,0.0007376116259179,4.010680676458378e-15,5.918869723769288e-15,0.0
0.1979872808675623,0.000496387322466,0.0028331539837562,0.19798728086755835,0.0004963873224601706,0.002833153983756276,-3.941291737419306e-15,-5.829429820802812e-15,7.589415207398531e-17
0.1662679856690938,9.337677771066588e-05,0.0021423533550168,0.16626798566909776,9.337677771656394e-05,0.0021423533550168905,3.969047313034935e-15,5.898059818321144e-15,9.063930161978817e-17
0.1160788163673822,5.69401172986414e-05,0.0007968637603008,0.11607881636738229,5.69401172986414e-05,0.0007968637603008588,9.71445146547012e-17,0.0,5.876375774871434e-17
0.0804807611763522,3.263072634503844e-05,0.0006436282204682,0.08048076117635222,3.263072634503844e-05,0.000643628220468262,2.7755575615628914e-17,0.0,6.19079440489223e-17
0.0968632271442244,8.129352555946018e-05,0.0010011842305943,0.09686322714422446,8.129352555946018e-05,0.0010011842305943652,5.551115123125783e-17,0.0,6.526897078362737e-17
0.1245331089091457,8.034778259006364e-05,0.0011128209443014,0.12453310890914973,8.034778259594783e-05,0.0011128209443014292,4.0245584642661925e-15,5.88418203051333e-15,2.927345865710862e-17
0.2515289394116095,0.0003473833826826,0.0024269210034555,0.25152893941160553,0.0003473833826767442,0.00242692100345554,-3.941291737419306e-15,-5.855830143702834e-15,3.9898639947466563e-17
0.0351788270911018,6.174235654656662e-06,0.0001649529430918,0.03517882709109787,6.174235648786358e-06,0.00016495294309137876,-3.9343528435153985e-15,-5.870304242705515e-15,-4.212396490649306e-16
0.1386395599641061,7.031299241135047e-05,0.0010933232582757,0.13863955996411015,7.031299241727629e-05,0.0010933232582761576,4.052314039881821e-15,5.925815393936773e-15,4.575333167888829e-16
0.0780190148522682,2.248814279248723e-05,0.0007535277129,0.07801901485226825,2.248814279248723e-05,0.0007535277129000484,5.551115123125783e-17,0.0,4.83554168928535e-17
0.1573050200020879,0.000187805330209,0.0017854543603852,0.1573050200020879,0.0001878053302090954,0.0017854543603847972,0.0,9.540979117872439e-17,-4.0288952729561345e-16
0.1476739896602393,8.320038773307337e-05,0.0009857200515885,0.14767398966023937,8.320038773312888e-05,0.000985720051589034,5.551115123125783e-17,5.551115123125783e-17,5.340779901663595e-16
0.1368820500600377,0.0001455744387516,0.0017501320272836,0.13688205006003773,0.0001455744387516833,0.0017501320272832466,2.7755575615628914e-17,8.329383190119888e-17,-3.5344990823027445e-16
0.0779516052556419,3.778790090550738e-05,0.0007405787191232,0.07795160525564192,3.778790090554207e-05,0.0007405787191236968,1.3877787807814457e-17,3.469446951953614e-17,4.967814354328581e-16
0.114001837142544,3.63076135320578e-05,0.0006910654708751,0.11400183714254408,3.63076135320578e-05,0.0006910654708751629,8.326672684688674e-17,0.0,6.288372600415926e-17
0.0745758443597084,2.026619169019639e-05,0.0005174201559885,0.0745758443597084,2.026619169019639e-05,0.0005174201559885461,0.0,0.0,4.607859233063394e-17
0.1429206753155403,0.0001272226261686,0.0016639048736259,0.14292067531553632,0.0001272226261627707,0.0016639048736259987,-3.9968028886505635e-15,-5.829321400585563e-15,9.86623976961809e-17
0.1850877422743265,0.0001740406579085,0.0016188413762665,0.1850877422743306,0.00017404065791437606,0.0016188413762665554,4.107825191113079e-15,5.876050514219688e-15,5.551115123125783e-17
0.1243802867081242,0.000133613446269,0.0025107091667813,0.12438028670812021,0.0001336134462631977,0.002510709166781311,-3.9968028886505635e-15,-5.802297661436362e-15,1.0842021724855044e-17
0.0519437665034204,8.119215243483635e-05,0.0022787235515004,0.05194376650342452,8.119215244065114e-05,0.0022787235515004944,4.121702978920894e-15,5.814793091474257e-15,9.454242944073599e-17
0.1215593262239303,0.0003438070188633,0.0046773012284053,0.12155932622393036,0.00034380701886333603,0.004677301228405373,5.551115123125783e-17,3.604972223514302e-17,7.28583859910259e-17
0.1227970572766881,0.0001923611608658,0.0026102958720675,0.12279705727668813,0.000192361160865899,0.002610295872067958,2.7755575615628914e-17,9.898765834792655e-17,4.579669976578771e-16
0.1426998877161613,0.0003664261963961,0.004936957129682,0.14269988771616132,0.000366426196396083,0.004936957129681563,2.7755575615628914e-17,-1.702197410802242e-17,-4.371503159461554e-16
0.0496419579166322,6.617684958333883e-05,0.0021511773171263,0.049641957916632215,6.617684958333883e-05,0.0021511773171263293,1.3877787807814457e-17,0.0,2.949029909160572e-17
0.0764626334856722,0.0002412516817479,0.0044191106568769,0.07646263348567223,0.00024125168174799622,0.004419110656876946,2.7755575615628914e-17,9.622294280808852e-17,4.597017211338539e-17
0.2190139518457008,0.0017847749554154,0.0133470209313468,0.21901395184570083,0.001784774955415458,0.013347020931346876,2.7755575615628914e-17,5.789639601072594e-17,7.632783294297951e-17
0.2028692597510854,0.0013564868417275,0.0142976799719747,0.20286925975108544,0.0013564868417275389,0.01429767997197473,2.7755575615628914e-17,3.881443777498106e-17,3.122502256758253e-17
0.1382377219692467,0.0007592677200734,0.0097435476976426,0.13823772196924675,0.0007592677200734949,0.009743547697642185,5.551115123125783e-17,9.486769009248164e-17,-4.145989107584569e-16
0.0831089339400394,0.0002847228810511,0.0062130955971628,0.0831089339400394,0.0002847228810511568,0.006213095597163321,0.0,5.675798372961616e-17,5.204170427930421e-16
0.0949154465342592,0.0003893094451949,0.0073121829219879,0.09491544653425925,0.0003893094451949061,0.007312182921987986,4.163336342344337e-17,6.1257422745431e-18,8.673617379884035e-17
0.0606115489229228,0.0002229140422386,0.0057648266931433,0.06061154892292282,0.00022291404223863387,0.005764826693143377,2.0816681711721685e-17,3.3881317890172014e-17,7.632783294297951e-17
0.1210531746924789,0.0007090056666432,0.009945126388152,0.12105317469247898,0.0007090056666432948,0.009945126388152037,8.326672684688674e-17,9.475926987523309e-17,3.642919299551295e-17
0.0714335262417185,0.0006242317290701,0.0064432795523088,0.07143352624171852,0.0006242317290701543,0.006443279552308834,1.3877787807814457e-17,5.431852884152377e-17,3.382710778154774e-17
0.1563511528873049,0.001191005634487,0.0146081326372122,0.1563511528873003,0.0011910056344816566,0.014608132637212279,-4.579669976578771e-15,-5.34338198687756e-15,7.806255641895632e-17
0.1208341723475776,0.0006720235838013,0.0108731465808311,0.12083417234758234,0.0006720235838066496,0.010873146580831161,4.746203430272544e-15,5.3495619392607274e-15,6.071532165918825e-17
0.1166328055031823,0.0007334851021476,0.0107476787026774,0.11663280550317759,0.0007334851021423144,0.010747678702677455,-4.704570066849101e-15,-5.285594011084083e-15,5.377642775528102e-17
0.1158571224182734,0.0009261723343375,0.0115451675736069,0.11585712241827348,0.0009261723343375466,0.011545167573606907,8.326672684688674e-17,4.662069341687669e-17,6.938893903907228e-18
0.132565453779823,0.0008063176627306,0.0135868562980445,0.13256545377982787,0.0008063176627358254,0.01358685629804457,4.85722573273506e-15,5.225420790511137e-15,6.938893903907228e-17
0.0631473865185489,0.0001780139539737,0.0064972952095652,0.0631473865185489,0.00017801395397371717,0.0064972952095652126,0.0,1.7157499379583108e-17,1.214306433183765e-17
0.0935047180229481,0.0011581552973037,0.0100134177000863,0.09350471802294819,0.0011581552973037312,0.010013417700086347,8.326672684688674e-17,3.122502256758253e-17,4.683753385137379e-17
0.1910322645445568,0.0019023868528993,0.0200405289633485,0.19103226454455685,0.0019023868528993265,0.020040528963348514,5.551115123125783e-17,2.6454533008646308e-17,1.3877787807814457e-17
0.1150149043614729,0.0005782010016302,0.0114298568538497,0.1150149043614729,0.000578201001630238,0.011429856853849785,0.0,3.8055496254241206e-17,8.500145032286355e-17
0.0930332790043175,0.0005487633710927,0.0089643609017606,0.09303327900431757,0.0005487633710927059,0.008964360901761115,6.938893903907228e-17,5.854691731421724e-18,5.152128723651117e-16
0.0613941620741534,0.0002062450361371,0.0060612044316377,0.06139416207415349,0.0002062450361371565,0.006061204431637268,9.020562075079397e-17,5.651403824080692e-17,-4.3194614551822497e-16
0.0836042984146858,0.0003202371156714,0.0086902509500594,0.0836042984146858,0.00032023711567148727,0.008690250950059486,0.0,8.727827488508311e-17,8.673617379884035e-17
0.1158917005531762,0.0009276923002589,0.0117571384449557,0.11589170055317623,0.0009276923002589504,0.01175713844495574,2.7755575615628914e-17,5.0415401020575956e-17,3.9898639947466563e-17
0.2105754602827831,0.002465668417323,0.0199536087433642,0.21057546028278318,0.0024656684173230414,0.01995360874336427,8.326672684688674e-17,4.163336342344337e-17,6.938893903907228e-17
0.1262402953723808,0.0008058698109296,0.0111335086012824,0.12624029537238624,0.0008058698109342233,0.011133508601282482,5.440092820663267e-15,4.623254903912688e-15,8.326672684688674e-17
0.0728425008566757,0.0002540559497846,0.0055544775200866,0.07284250085667024,0.00025405594978016727,0.0055544775200866425,-5.4539706084710815e-15,-4.4327063720983606e-15,4.2500725161431774e-17
0.1025768916205419,0.0004733617896829,0.0069722717925806,0.10257689162054193,0.0004733617896829634,0.006972271792580642,2.7755575615628914e-17,6.337161698177773e-17,4.2500725161431774e-17
0.2220199974322083,0.0018729826168163,0.0138885643743953,0.22201999743220838,0.001872982616816385,0.01388856437439534,8.326672684688674e-17,8.500145032286355e-17,3.9898639947466563e-17
0.0742390252365036,0.0001705877832967,0.004068212741652,0.07423902523650364,0.00017058778329671204,0.004068212741652033,4.163336342344337e-17,1.2034644114589099e-17,3.2959746043559335e-17
0.1798391718197494,0.0010225152847799,0.008541526947317,0.17983917181974943,0.001022515284779979,0.00854152694731658,2.7755575615628914e-17,7.892991815694472e-17,-4.198030811863873e-16
0.1543646623253198,0.000298701414679,0.0032850873384489,0.15436466232531984,0.0002987014146791228,0.003285087338449344,2.7755575615628914e-17,1.2278589603398338e-16,4.440892098500626e-16
0.1079741016345723,9.489904064122896e-05,0.0014754959848075,0.1079741016345723,9.489904064122895e-05,0.0014754959848075622,0.0,-1.3552527156068805e-20,6.223320470066795e-17
0.0746352842639836,-3.2668954608738865e-06,-0.0001114912942719,0.07463528426398361,-3.2668954608738865e-06,-0.00011149129427190374,1.3877787807814457e-17,0.0,-3.74049749507499e-18
0.0892581628737673,5.407950575889165e-05,0.0010500110827806,0.08925816287376734,5.4079505758891644e-05,0.0010500110827806886,4.163336342344337e-17,-6.776263578034403e-21,8.847089727481716e-17
0.0731902315165228,6.23104715144554e-05,0.0012510446677569,0.07319023151652285,6.23104715144554e-05,0.0012510446677569398,4.163336342344337e-17,0.0,3.968179951296946e-17
0.2487378409822718,0.0002943450400719,0.0016114404064482,0.2487378409822718,0.00029434504007194717,0.001611440406448228,0.0,4.716279450311944e-17,2.7972416050126014e-17
0.0933862353570945,5.488061541200629e-05,0.0006938810408123,0.09338623535709456,5.4880615412006284e-05,0.0006938810408123608,5.551115123125783e-17,-6.776263578034403e-21,6.08237418764368e-17
0.0622189767295408,2.9332637622132143e-05,0.0006639413693592,0.062218976729540874,2.9332637622132146e-05,0.0006639413693592111,7.632783294297951e-17,3.3881317890172014e-21,1.1058862159352145e-17
0.0637231815100864,5.7216771853378645e-05,0.0008506649007076,0.06372318151008649,5.7216771853378645e-05,0.0008506649007071765,9.71445146547012e-17,0.0,-4.2348936857283803e-16
0.1331548539500239,0.0001210431824137,0.0014290928585509,0.13315485395002397,0.000121043182413752,0.0014290928585514173,5.551115123125783e-17,5.2001046697836006e-17,5.173812767100827e-16
0.1312625872930602,0.0001262484742095,0.0015970505541753,0.13126258729306028,0.00012624847420952823,0.001597050554175361,8.326672684688674e-17,2.821636153893525e-17,6.093216209368535e-17
0.1289309733240696,0.0001601830531417,0.0026498928018532,0.12893097332406966,0.00016018305314175613,0.0026498928018532375,5.551115123125783e-17,5.613456748043699e-17,3.729655473350135e-17
0.1256085347045557,0.0002839928078605,0.0039830762327639,0.12560853470455574,0.0002839928078605461,0.003983076232764393,2.7755575615628914e-17,4.607859233063394e-17,4.935288289154016e-16
0.0865913363678267,0.0001043897221518,0.0030353294808111,0.0865913363678267,0.00010438972215182085,0.0030353294808107556,0.0,2.0857339293189892e-17,-3.443426099813962e-16
0.0848548389601697,0.0001879498589724,0.0021458455559049,0.08485483896016971,0.00018794985897244154,0.0021458455559049128,1.3877787807814457e-17,4.155204826050696e-17,1.2576745200831851e-17
0.1695713092553847,0.0004041156397436,0.0053424904939527,0.16957130925538472,0.00040411563974362963,0.005342490493952745,2.7755575615628914e-17,2.9652929417478546e-17,4.5102810375396984e-17
0.1092452623802649,0.0002224770918888,0.0047135454736348,0.10924526238026491,0.0002224770918888841,0.004713545473634895,1.3877787807814457e-17,8.407987847625087e-17,9.454242944073599e-17
0.1378640069618413,0.0001556759102024,0.0016906157051943,0.13786400696184137,0.00015567591020249072,0.0016906157051943538,5.551115123125783e-17,9.072061678272458e-17,5.377642775528102e-17
0.1252563258337902,0.0002122638460504,0.0044445864703579,0.12525632583379026,0.00021226384605044224,0.004444586470357947,5.551115123125783e-17,4.22296746183104e-17,4.7704895589362195e-17
0.0545000397591635,0.0001076950731911,0.0031040209177208,0.05450003975916357,0.00010769507319113511,0.0031040209177208844,6.938893903907228e-17,3.5114597861374275e-17,8.456776945386935e-17
0.1040289641259356,0.0003569274762062,0.005657257960304,0.10402896412592981,0.0003569274762022512,0.00565725796030403,-5.7870375158586285e-15,-3.94882694251808e-15,2.949029909160572e-17
0.2002245261922906,0.0009273777938521,0.0075973792484971,0.2002245261922965,0.00092737779385621,0.007597379248497127,5.9119376061289586e-15,4.10999359545805e-15,2.688821387764051e-17
0.1100447681718573,0.0002127063894113,0.0039984333575673,0.11004476817185738,0.00021270638941135733,0.0039984333575673325,8.326672684688674e-17,5.732718987017105e-17,3.2959746043559335e-17
0.0486393584169278,8.108202829772496e-05,0.0022101649864758,0.048639358416927805,8.108202829772496e-05,0.00221016498647586,6.938893903907228e-18,0.0,5.984795992119984e-17
0.1648186328534568,0.0007855365835315,0.0079073385847636,0.1648186328534568,0.000785536583531532,0.007907338584763668,0.0,3.198396408832238e-17,6.765421556309548e-17
0.1944685247411792,0.0008847496545897,0.0090402591801521,0.19446852474117923,0.0008847496545897338,0.009040259180152166,2.7755575615628914e-17,3.371868756429919e-17,6.591949208711867e-17
0.108725717333383,0.0003628419197742,0.0053834409660025,0.10872571733337708,0.00036284191977041524,0.005383440966002517,-5.925815393936773e-15,-3.784732943712399e-15,1.734723475976807e-17
0.0216878024644846,1.5980508631868034e-05,0.0009263735011155,0.021687802464490667,1.598050863565667e-05,0.0009263735011155738,6.068062718966871e-15,3.788636071533347e-15,7.383416794626285e-17
0.1076858052756624,0.000373446575098,0.0049177226120065,0.1076858052756685,0.00037344657510181983,0.00491772261200607,6.0923488476305465e-15,3.819806883992305e-15,-4.3021142204224816e-16
0.1626133993138376,0.0008727141894726,0.0078553747479626,0.16261339931383761,0.0008727141894726842,0.007855374747963051,2.7755575615628914e-17,8.42425088021237e-17,4.510281037539698e-16
0.1468863159651842,0.0004516447650563,0.007211507399337,0.1468863159651782,0.00045164476505260565,0.007211507399337069,-5.995204332975845e-15,-3.694364692635732e-15,6.938893903907228e-17
0.0836168935495147,0.0002185669467691,0.0041090898052291,0.0836168935495147,0.00021856694676913868,0.004109089805229171,0.0,3.867891250342037e-17,7.112366251504909e-17
0.1243076533980797,0.0003619656633449,0.004107305244406,0.12430765339807977,0.0003619656633449611,0.0041073052444060565,6.938893903907228e-17,6.109479241955817e-17,5.637851296924623e-17
0.1269435185112416,0.0001650289817251,0.0016529946890462,0.1269435185112416,0.00016502898172518488,0.0016529946890462277,0.0,8.486592505130286e-17,2.7755575615628914e-17
0.088709519086995,1.3644678799440424e-05,1.954391205849504e-05,0.08870951908699504,1.3644678799440424e-05,1.954391205849504e-05,4.163336342344337e-17,0.0,0.0
0.0874983884510207,1.1778921763662409e-05,0.0002027251135494,0.0874983884510207,1.1778921763662409e-05,0.00020272511354946232,0.0,0.0,6.231451986360437e-17
0.0526346760308892,2.3905887211905785e-05,0.0006085474945867,0.05263467603088923,2.3905887211905785e-05,0.0006085474945867198,2.7755575615628914e-17,0.0,1.973247953923618e-17
0.2473833351241781,0.0005634392520659,0.0035928846669248,0.24738333512417207,0.000563439252062356,0.003592884666924867,-6.022959908591474e-15,-3.544040061420617e-15,6.722053469410127e-17
0.1021122066068341,2.885841126103877e-05,0.0007775162172345,0.10211220660683412,2.8858411261038774e-05,0.0007775162172345418,2.7755575615628914e-17,3.3881317890172014e-21,4.174178364069192e-17
0.0762008373402787,3.92397015393578e-05,0.0006477265588737,0.07620083734028492,3.923970154292439e-05,0.0006477265588737957,6.217248937900877e-15,3.566584690344737e-15,9.573505183047004e-17
0.1615265754937166,9.531042034276184e-05,0.0015772250822609,0.16152657549371663,9.531042034276183e-05,0.0015772250822609912,2.7755575615628914e-17,-1.3552527156068805e-20,9.128982292327947e-17
0.0956946591530079,7.147604174422006e-05,0.0011230899106324,0.09569465915300182,7.147604174066735e-05,0.0011230899106324799,-6.078471059822732e-15,-3.552713678800501e-15,7.979727989493313e-17
0.1636854840745017,0.0001969185112169,0.0022784256029479,0.16368548407450795,0.00019691851122050075,0.0022784256029479977,6.2450045135165055e-15,3.600743835041609e-15,9.75781955236954e-17
0.0476697236633005,1.7322103492107416e-05,0.000411514126045,0.047669723663300564,1.7322103492107416e-05,0.0004115141260450095,6.245004513516506e-17,0.0,9.486769009248164e-18
0.2816013574915231,0.0003200230515744,0.0014358497564637,0.28160135749152315,0.0003200230515744418,0.001435849756463714,5.551115123125783e-17,4.1795993749316196e-17,1.4094628242311558e-17
0.0291143844390062,7.304039200725643e-06,0.000263301911036,0.029114384439006276,7.304039200725643e-06,0.0002633019110360735,7.632783294297951e-17,0.0,7.345469718589293e-17
0.0782404057987981,9.294047902543012e-06,0.000212895937822,0.0782404057987981,9.294047902543012e-06,0.00021289593782203298,0.0,0.0,3.298685109787147e-17
0.1246412553490602,6.917655822621938e-05,0.0014085198827364,0.12464125534906029,6.917655822621938e-05,0.001408519882736936,8.326672684688674e-17,0.0,5.360295540768334e-16
0.2389407890823158,0.0004966296087352,0.0029298219028039,0.2389407890823158,0.0004966296087351579,0.0029298219028039973,0.0,-4.206704429243757e-17,9.71445146547012e-17
0.0229859251991447,-2.5341458198702843e-06,-0.0002143410128669,0.022985925199144726,-2.5341458198806927e-06,-0.00021434101286743612,2.42861286636753e-17,-1.0408340855860843e-17,-5.361108692397698e-16
0.1487068815646437,-2.37039858626692e-05,0.0018770134873906,0.1487068815646437,-2.3703985862669197e-05,0.0018770134873906663,0.0,3.3881317890172014e-21,6.635317295611287e-17
0.1468656334612877,0.0004190402491046,0.0042154824118032,0.14686563346128778,0.0004190402491046005,0.004215482411803251,8.326672684688674e-17,5.421010862427522e-19,5.117434254131581e-17
0.1394797372376739,7.246119921450189e-07,-0.0008181398437807,0.13947973723767398,7.246119921450189e-07,-0.0008181398437812071,8.326672684688674e-17,0.0,-5.070813560714704e-16
0.0510316103894407,-6.74566542685634e-05,-0.0015751304579532,0.05103161038944075,-6.745665426853911e-05,-0.001575130457953211,4.85722573273506e-17,2.42861286636753e-17,-1.1058862159352145e-17
0.1068146705764612,-1.9543095795653e-05,0.0003236292939199,0.10681467057646123,-1.9543095795604426e-05,0.00032362929392038,2.7755575615628914e-17,4.8575645459139616e-17,4.799763017593328e-16
0.2119627469468922,0.0007349741261973,0.0066507728144071,0.21196274694689227,0.0007349741261973436,0.006650772814407624,5.551115123125783e-17,4.358492733391728e-17,5.238864897449957e-16
0.0316467814607251,1.350972914977537e-05,0.0005427475055861,0.03164678146072519,1.3509729149759758e-05,0.0005427475055852504,9.020562075079397e-17,-1.5612511283791264e-17,-8.495808223596413e-16
0.1429240308349506,2.661214961981878e-05,6.860405960162907e-05,0.14292403083495062,2.661214961988123e-05,6.860405960207316e-05,2.7755575615628914e-17,6.245004513516506e-17,4.440892098500626e-16
0.1173601167162819,-0.0001064955552681,-0.00130242990932,0.1173601167162819,-0.0001064955552681976,-0.0013024299093200575,0.0,-9.759174805085147e-17,-5.746271514173174e-17
0.093786951415169,0.0001227697017866,0.0017152737406718,0.09378695141516907,0.00012276970178661667,0.0017152737406718188,6.938893903907228e-17,1.666960840196463e-17,1.8865117801247777e-17
0.0896576195346515,6.097040078414245e-05,0.0016809098109566,0.08965761953465157,6.097040078414245e-05,0.001680909810957143,6.938893903907228e-17,0.0,5.429684479807406e-16
0.1634613402878921,0.0005793183817467,0.0065375314351099,0.16346134028789217,0.0005793183817467268,0.006537531435109045,5.551115123125783e-17,2.677979366039196e-17,-8.543513119185775e-16
0.1874941847256309,0.0005903615633532,0.0048408608977075,0.1874941847256309,0.0005903615633533477,0.004840860897707966,0.0,1.476683358925257e-16,4.657732532997727e-16
0.1224783008453992,0.0001856161397697,0.0034329641299892,0.12247830084539922,0.00018561613976970232,0.00343296412998928,2.7755575615628914e-17,2.303929616531697e-18,7.979727989493313e-17
0.0644788555138567,0.0001483109818574,0.0035457913571299,0.06447885551385042,0.00014831098185415573,0.003545791357129957,-6.2727600891321345e-15,-3.244285265782687e-15,5.724587470723463e-17
0.0623734197353228,0.0001113220736669,0.0030284944516751,0.06237341973532912,0.00011132207367023708,0.00302849445167519,6.321332346459485e-15,3.33707941922029e-15,8.977193988179977e-17
0.2047031933552924,0.0011156532581686,0.0102007324038142,0.2047031933552924,0.0011156532581686057,0.01020073240381425,0.0,5.637851296924623e-18,5.0306980803327406e-17
0.0258306216738517,2.7898340114866985e-05,0.0012569802373905,0.0258306216738517,2.7898340114866985e-05,0.0012569802373900707,0.0,0.0,-4.2934406030425976e-16
0.0817268620956749,0.0002093409587499,0.0036514029562124,0.08172686209566854,0.0002093409587626549,0.0036514029562129124,-6.356026815979021e-15,1.2754906722825532e-14,5.126107871511465e-16
0.1659864677140027,0.0008537307842318,0.0093849758647737,0.1659864677140091,0.0008537307842191311,0.009384975864773715,6.411537967210279e-15,-1.266890238549312e-14,1.3877787807814457e-17
0.1356349238728858,0.0006864269706981,0.0067922724298776,0.1356349238728858,0.0006864269706981854,0.006792272429877677,0.0,8.543513119185775e-17,7.719519468096792e-17
0.1495617923732869,0.0004689179764888,0.0085505741071085,0.14956179237328082,0.0004689179765016288,0.008550574107108577,-6.078471059822732e-15,1.2828822205934731e-14,7.806255641895632e-17
0.0382601142691032,6.355819638163666e-05,0.0023324924774388,0.03826011426910927,6.355819636877716e-05,0.00233249247743883,6.0645932720149176e-15,-1.2859505127416071e-14,2.992397996059992e-17
0.140698996357199,0.0006278530527931,0.0069510890607276,0.140698996357199,0.0006278530527931078,0.006951089060727611,0.0,7.806255641895632e-18,1.1275702593849246e-17
0.166237743493377,0.0007710766647166,0.0091336814894664,0.166237743493377,0.0007710766647166592,0.009133681489466472,0.0,5.919743861770854e-17,7.112366251504909e-17
0.039108455649641,3.3081109196673314e-05,0.0013083803384117,0.039108455649646844,3.308110918370452e-05,0.001308380338411741,5.842548667089886e-15,-1.296879270640261e-14,4.098284211995207e-17
0.1619541827630793,0.0008078311307911,0.0078345428407331,0.1619541827630735,0.0008078311308040778,0.00783454284073315,-5.800915303666443e-15,1.297779158443424e-14,5.0306980803327406e-17
0.1934321653680135,0.0008637287569201,0.0090687850887074,0.19343216536800784,0.0008637287569331908,0.009068785088707454,-5.662137425588298e-15,1.3090873871024478e-14,5.377642775528102e-17
0.1112921029342283,0.0003740448208006,0.0055944516679167,0.11129210293423394,0.00037404482078762236,0.005594451667916278,5.648259637780484e-15,-1.2977628954108367e-14,-4.215378046623641e-16
0.0558890386574106,9.59006635351152e-05,0.0025757448411711,0.05588903865741067,9.590066353513949e-05,0.0025757448411716233,6.938893903907228e-17,2.42861286636753e-17,5.234528088760015e-16
0.122089909462437,0.0004165609329414,0.0059720806706327,0.1220899094624403,0.000416560932942768,0.005972080670632707,3.3029134982598407e-15,1.3680463012422095e-15,6.938893903907228e-18
0.0967940963800267,0.0002890212792932,0.0049396670909547,0.09679409638001807,0.0002890212793050656,0.004939667090954725,-8.631984016460592e-15,1.1865616995898609e-14,2.42861286636753e-17
0.0771434133899366,0.0001551133567859,0.0034675828685859,0.07714341338994729,0.00015511335675962024,0.00346758286858595,1.0685896612017132e-14,-2.6279759618441645e-14,4.9873299934333204e-17
0.1769283545531176,0.0010303077455489,0.0085228738653055,0.1769283545531123,0.001030307745562141,0.008522873865305591,-5.3013149425851225e-15,1.3240927451696471e-14,9.194034422677078e-17
0.1210406801778124,0.0001749927823349,0.0053804648197339,0.12104068017781248,0.0001749927823349942,0.005380464819733977,8.326672684688674e-17,9.421716878899034e-17,7.632783294297951e-17
0.0951435597123609,0.0001869005867603,0.0040116082511731,0.09514355971236096,0.000186900586760394,0.004011608251173193,6.938893903907228e-17,9.400032835449323e-17,9.280770596475918e-17
0.1871759329969121,0.0008880164285032,0.0087415055098629,0.18717593299691213,0.0008880164285032036,0.008741505509862968,2.7755575615628914e-17,3.577867169202165e-18,6.765421556309548e-17
0.0229691039424349,4.5708396573955305e-05,0.0011830548424907,0.02296910394242998,4.570839658728579e-05,0.001183054842490705,-4.919675777870225e-15,1.3330482551143774e-14,4.9873299934333204e-18
0.0708336328717032,0.0001854650179441,0.003756200505566,0.0708336328717082,0.00018546501793078457,0.003756200505566465,4.9960036108132044e-15,-1.3315439246000538e-14,4.649058915617843e-16
0.175140466317568,0.0009038772455353,0.0081043871591961,0.17514046631756805,0.00090387724553527,0.008104387159195703,5.551115123125783e-17,-2.992397996059992e-17,-3.972516759986888e-16
0.0961709617904569,0.000266143834399,0.0041452772162999,0.09617096179045696,0.00026614383439905673,0.004145277216299981,6.938893903907228e-17,5.670377362099188e-17,8.066464163292153e-17
0.2644100873920782,0.001849453153787,0.0133839756952465,0.2644100873920782,0.0018494531537870118,0.01338397569524652,0.0,1.1709383462843448e-17,1.9081958235744878e-17
0.0992390487058558,0.0003223730793012,0.0049821935064748,0.09923904870585588,0.0003223730793012296,0.004982193506474886,8.326672684688674e-17,2.959871930885427e-17,8.586881206085195e-17
0.0774584356361455,0.0001517530288938,0.0033126331558128,0.0774584356361534,0.00015175302888150582,0.003312633155812872,7.896461262646426e-15,-1.2294175009627817e-14,7.19910242530375e-17
0.0484736576204982,0.0001712873719893,0.0024102417879117,0.04847365762049383,0.00017128737200288596,0.0024102417879117155,-4.364564265557647e-15,1.3585974793089983e-14,1.5612511283791264e-17
0.1205367497923381,0.0003466482702037,0.0059474314054126,0.12053674979233912,0.00034664827018913297,0.005947431405412651,1.0269562977782698e-15,-1.4567015128863492e-14,5.117434254131581e-17
0.1037016252677825,0.0004018990475973,0.0045808044416411,0.10370162526777914,0.00040189904759627484,0.0045808044416411065,-3.3584246494910985e-15,-1.0251673641936687e-15,6.071532165918825e-18
0.1453800361782526,0.0004524917720545,0.0062252842374559,0.14538003617824422,0.0004524917720816826,0.006225284237455941,-8.382183835919932e-15,2.718262897757895e-14,4.163336342344337e-17
0.0779341475283365,0.0001648490139743,0.0036680519496603,0.0779341475283482,0.0001648490139482088,0.003668051949660356,1.1698975121987587e-14,-2.6091189755592104e-14,5.594483210025203e-17
0.2483810293720053,0.0014939065095949,0.0104535348561167,0.24838102937200124,0.0014939065096085946,0.010453534856116775,-4.052314039881821e-15,1.3694557640664407e-14,7.45931094670027e-17
0.050678145257156,6.444216730900308e-05,0.0019968056861627,0.05067814525715263,6.444216730801602e-05,0.0019968056861627836,-3.3653635433950058e-15,-9.870576578308032e-16,8.370040771588094e-17
0.1558568453189349,0.0006425234213298,0.0069569894593453,0.15585684531893448,0.0006425234213444653,0.0069569894593453085,-4.163336342344337e-16,1.466524384569068e-14,8.673617379884035e-18
0.0549019602579303,5.340403765758013e-05,0.0023475207166483,0.05490196025793799,5.3404037630209664e-05,0.0023475207166483436,7.688294445529209e-15,-2.7370467003962062e-14,4.380176776841438e-17
0.071744608423068,0.0001544164664761,0.0028713527581833,0.0717446084230608,0.00015441646648892832,0.0028713527581833986,-7.202571872255703e-15,1.28283072099028e-14,9.84455572616838e-17
0.154550911216721,0.0005605068003852,0.0062502340550851,0.15455091121672823,0.0005605068003725067,0.00625023405508518,7.244205235679146e-15,-1.2693296934374043e-14,7.979727989493313e-17
0.0196348114192557,6.168860173854859e-06,0.0009296646058061,0.019634811419252128,6.168860187583461e-06,0.0009296646058065683,-3.573530360512223e-15,1.3728601588880451e-14,4.682669182964894e-16
0.015745598987108,1.546017758764697e-05,0.0007243598376396,0.015745598987108013,1.54601775876396e-05,0.0007243598376396321,1.3877787807814457e-17,-7.37257477290143e-18,3.209238430557093e-17
0.308716190292588,0.0026835016445996,0.0141131517259776,0.3087161902925843,0.002683501644613326,0.014113151725977158,-3.7192471324942744e-15,1.3725999503666486e-14,-4.423544863740858e-16
0.0918565689177381,0.0003315099042827,0.0039837663459394,0.09185656891774503,0.0003315099042551471,0.0039837663459394435,6.938893903907228e-15,-2.755288401948275e-14,4.336808689942018e-17
0.1966742706827119,0.000842872695955,0.0087370382474087,0.19667427068271198,0.000842872695955045,0.00873703824740879,8.326672684688674e-17,4.4994390158148434e-17,9.020562075079397e-17
0.1024615497258097,0.0002387320655328,0.003947232570105,0.1024615497258067,0.0002387320655612979,0.003947232570105097,-2.9976021664879227e-15,2.8497901738075426e-14,9.71445146547012e-17
0.0616355303321429,0.0001207195196001,0.0026672592096388,0.06163553033214269,0.0001207195195855413,0.0026672592096388392,-2.0816681711721685e-16,-1.4558707429716822e-14,3.903127820947816e-17
0.1051390761624935,0.0003564886036378,0.0057604940827036,0.10513907616249704,0.0003564886036386411,0.005760494082703627,3.5388358909926865e-15,8.411240454142543e-16,2.688821387764051e-17
0.0540656393286169,7.79370083455258e-05,0.0024181001901957,0.054065639328613524,7.793700834474865e-05,0.0024181001901957266,-3.3792413312028202e-15,-7.771561172376096e-16,2.6454533008646308e-17
0.3288942819793482,0.0031929780543951,0.017741590489515,0.3288942819793448,0.003192978054394391,0.017741590489515513,-3.4416913763379853e-15,-7.090682208055199e-16,5.134781488891349e-16
0.116523175681683,0.0005037463721169,0.007836257510823,0.1165231756816865,0.0005037463721176069,0.007836257510822175,3.5110803153770576e-15,7.068998164605489e-16,-8.239936510889834e-16
0.0448607560359779,9.754228742093857e-05,0.0029286561274526,0.04486075603597521,9.754228743490655e-05,0.0029286561274535217,-2.6922908347160046e-15,1.3967979876038095e-14,9.215718466126788e-16
0.1114526454266776,0.0004280753538686,0.0069756719368889,0.11145264542668303,0.00042807535384072753,0.006975671936888084,5.4262150328554526e-15,-2.787245260982285e-14,-8.161873954470877e-16
0.1823037088427521,0.0016600738983239,0.0150450787997749,0.18230370884275215,0.0016600738983240833,0.015045078799775347,5.551115123125783e-17,1.8323016715005025e-16,4.458239333260394e-16
0.0178366794555014,2.4754241807466076e-05,0.0013623824208135,0.017836679455499126,2.4754241821478302e-05,0.001362382420813546,-2.275957200481571e-15,1.401222548907087e-14,4.597017211338539e-17
0.0856119824969588,0.0005099743845519,0.006623040851684,0.08561198249695885,0.0005099743845519387,0.006623040851684081,5.551115123125783e-17,3.870601755773251e-17,8.066464163292153e-17
0.2110856566326175,0.0017805298004226,0.016122540080687,0.21108565663261758,0.0017805298004226755,0.01612254008068703,8.326672684688674e-17,7.546047120499111e-17,3.122502256758253e-17
0.0335262498861973,0.0001084632143778,0.0027815081782454,0.03352624988619939,0.00010846321436378762,0.0027815081782454065,2.095545958979983e-15,-1.4012377955001376e-14,6.5052130349130266e-18
0.0879277082837971,0.0003887496531793,0.0066301481540786,0.08792770828379166,0.0003887496531929293,0.006630148154078697,-5.440092820663267e-15,1.3629288669880779e-14,9.627715291671279e-17
0.1900215891977911,0.0015839139788617,0.0148201995017904,0.19002158919779277,0.0015839139788763439,0.014820199501790476,1.6653345369377348e-15,1.4643885062892714e-14,7.632783294297951e-17
0.1113652777372666,0.0005732205302796,0.0097557698654942,0.1113652777372648,0.0005732205302651523,0.009755769865494202,-1.790234627208065e-15,-1.4447752889890086e-14,1.734723475976807e-18
0.1075694042684153,0.0004886673465824,0.0083735240152464,0.10756940426841534,0.0004886673465824051,0.008373524015246492,4.163336342344337e-17,5.095750210681871e-18,9.194034422677078e-17
0.1129760967213305,0.0007105245719928,0.0095057380035976,0.11297609672133407,0.0007105245719932259,0.009505738003597664,3.58046925441613e-15,4.2587461335230614e-16,6.418476861114186e-17
0.2089214252342338,0.0019105938379215,0.0172714571784506,0.20892142523423515,0.001910593837907374,0.01727145717845069,1.3600232051658168e-15,-1.412585326487914e-14,9.020562075079397e-17
0.1008034848194664,0.0005390172358395,0.0087586307103211,0.10080348481946436,0.0005390172358678974,0.008758630710321569,-2.040034807748725e-15,2.8397423301740332e-14,4.683753385137379e-16
0.0461143501089144,0.0001369146216362,0.0041730913597306,0.046114350108918886,0.00013691462162230368,0.004173091359730208,4.489464355827977e-15,-1.3896327664963959e-14,-3.920475055707584e-16
0.0354219488740667,5.814248670277808e-05,0.0033827044486232,0.03542194887406318,5.814248670256081e-05,0.0033827044486232083,-3.524958103184872e-15,-2.172741153660951e-16,8.239936510889834e-18
0.0471685551292133,0.000146739919677,0.0045254388675446,0.04716855512921335,0.00014673991967709393,0.00452543886754464,4.85722573273506e-17,9.391901319155682e-17,3.9898639947466563e-17
0.0883091539450394,0.0006430825542523,0.0072809132907263,0.08830915394503945,0.0006430825542523737,0.007280913290726332,5.551115123125783e-17,7.37257477290143e-17,3.209238430557093e-17
0.3669808716720716,0.0060557363562353,0.0315425724824129,0.366980871672071,0.006055736356249555,0.03154257248241299,-6.106226635438361e-16,1.4255090163839412e-14,9.020562075079397e-17
0.0393883732585496,0.0001014131154424,0.003602904675179,0.039388373258549665,0.00010141311544247997,0.003602904675178653,6.245004513516506e-17,7.997346274796202e-17,-3.469446951953614e-16
0.0413721937586476,0.0001488467727791,0.0034456756752963,0.04137219375864775,0.00014884677276499366,0.0034456756752967443,1.5265566588595902e-16,-1.4106337625774401e-14,4.445228907190568e-16
0.0971485446043295,0.0004771012126831,0.0086117014900981,0.09714854460432955,0.00047710121268318786,0.008611701490098156,4.163336342344337e-17,8.787458607995013e-17,5.551115123125783e-17
0.0882946538972069,0.0005010791367675,0.007917426884191,0.08829465389720689,0.0005010791367533478,0.007917426884191059,-1.3877787807814457e-17,-1.4152199377670538e-14,5.898059818321144e-17
0.0870643155892929,0.000720603713524,0.0084903808487513,0.08706431558929317,0.0007206037135524413,0.008490380848751311,2.7755575615628914e-16,2.8441333489725995e-14,1.0408340855860843e-17
0.1685666658126844,0.0018502951918147,0.0160008603249877,0.16856666581268442,0.001850295191814753,0.01600086032498771,2.7755575615628914e-17,5.2909066017292616e-17,1.0408340855860843e-17
0.2110498346470216,0.0020449869868101,0.0195040140531852,0.21104983464702115,0.002044986986795951,0.019504014053185692,-4.440892098500626e-16,-1.4149272031804827e-14,4.926614671774132e-16
0.1053400025830263,0.000603011997844,0.0097201987373387,0.10534000258302635,0.0006030119978440197,0.009720198737338315,5.551115123125783e-17,1.973247953923618e-17,-3.8510861166685117e-16
0.1075273629232146,0.0006457196659677,0.0098185392366398,0.10752736292321467,0.0006457196659677448,0.00981853923663989,6.938893903907228e-17,4.4777549723651333e-17,9.020562075079397e-17
0.1029157950929974,0.000700293536618,0.0104591373273335,0.1029157950929974,0.000700293536618002,0.010459137327333501,0.0,2.0599841277224584e-18,1.734723475976807e-18
0.1410292850102452,0.0011455829925485,0.0133163152629172,0.14102928501024528,0.0011455829925485928,0.013316315262917211,8.326672684688674e-17,9.280770596475918e-17,1.0408340855860843e-17
0.1272309371333721,0.0008100179904406,0.0119795094610735,0.1272309371333721,0.0008100179904406354,0.011979509461073512,0.0,3.5453411040275995e-17,1.214306433183765e-17
0.133149094515586,0.0008371006510111,0.0124965604523197,0.13314909451558604,0.0008371006510111915,0.012496560452319727,5.551115123125783e-17,9.150666335777657e-17,2.7755575615628914e-17
0.0847086281502327,0.0004407128778097,0.0069506969454029,0.08470862815023272,0.0004407128778097305,0.006950696945402957,2.7755575615628914e-17,3.052029115546695e-17,5.637851296924623e-17
0.0834405345917726,0.0003318609798626,0.0068774553174386,0.08344053459177614,0.0003318609798621912,0.006877455317438663,3.5388358909926865e-15,-4.0879842913565945e-16,6.331740687315346e-17
0.1329993463939598,0.000901898181539,0.0118095541661387,0.13299934639395095,0.0009018981815258759,0.011809554166138714,-8.854028621385623e-15,-1.3124158877719783e-14,1.3877787807814457e-17
0.0808530625628285,0.0006061501445089,0.0071169217321838,0.08085306256283416,0.0006061501445224892,0.007116921732183812,5.662137425588298e-15,1.3589173189498815e-14,1.214306433183765e-17
0.192554216544064,0.001845241278833,0.0170243112189045,0.19255421654406268,0.0018452412788475953,0.017024311218904575,-1.304512053934559e-15,1.4595312805565364e-14,7.632783294297951e-17
0.1008256772360235,0.0005585968298062,0.0091069307820306,0.10082567723602111,0.0005585968297921982,0.00910693078203062,-2.3869795029440866e-15,-1.400171211612955e-14,2.0816681711721685e-17
0.1431392416699637,0.0008293790264889,0.0122825394619106,0.14313924166996822,0.000829379026473686,0.012282539461910602,4.524158825347513e-15,-1.521406698540284e-14,1.734723475976807e-18
0.0682666543455588,0.0002505215343176,0.0060456619582156,0.06826665434556073,0.0002505215343461976,0.0060456619582156534,1.9290125052862095e-15,2.8597567022781156e-14,5.377642775528102e-17
0.160688004117837,0.0012997645620726,0.0136018016893202,0.16068800411783074,0.0012997645620593766,0.01360180168932068,-6.2727600891321345e-15,-1.3223363376502206e-14,4.805184028455756e-16
0.199947706265046,0.001715384056304,0.016461384019311,0.1999477062650495,0.0017153840563032194,0.016461384019310632,3.524958103184872e-15,-7.806255641895632e-16,-3.677613769070831e-16
0.1337697114573725,0.0007267181344563,0.0104740584349047,0.1337697114573723,0.0007267181344710084,0.010474058434904787,-1.942890293094024e-16,1.4708395092155602e-14,8.673617379884035e-17
0.0891338136293975,0.0003843974865529,0.0067724782779294,0.08913381362939768,0.0003843974865382835,0.006772478277929483,1.8041124150158794e-16,-1.4616508958037455e-14,8.326672684688674e-17
0.1187085216128103,0.0005579951597722,0.0079223274131776,0.11870852161281031,0.0005579951597722323,0.007922327413177666,1.3877787807814457e-17,3.230922474006803e-17,6.591949208711867e-17
0.1162602396378193,0.000605364173718,0.0078269692857477,0.1162602396378193,0.0006053641737180995,0.007826969285747776,0.0,9.952975943416931e-17,7.632783294297951e-17
0.0221200632733603,4.905839735827936e-05,0.0015512630191309,0.022120063273360312,4.9058397358279354e-05,0.0015512630191305554,1.3877787807814457e-17,-6.776263578034403e-21,-3.445594504158933e-16
0.0904589708997991,0.0003839580937375,0.0066258329906006,0.0904589708997991,0.000383958093737629,0.006625832990601044,0.0,1.2896584841715075e-16,4.440892098500626e-16
0.0945743515377233,0.0003817665972637,0.0072281346058158,0.09457435153772302,0.0003817665972491134,0.007228134605815839,-2.7755575615628914e-16,-1.4586584978076855e-14,3.903127820947816e-17
0.0640777696151575,0.0001689666706985,0.0043911651990922,0.06407776961515803,0.00016896667071318594,0.004391165199092217,5.273559366969494e-16,1.4685952107185152e-14,1.734723475976807e-17
0.1741626241627146,0.0013004667421997,0.0108369562670365,0.17416262416271067,0.0013004667421861044,0.010836956267036069,-3.941291737419306e-15,-1.3595678402533729e-14,-4.3194614551822497e-16
0.1099576876726906,0.0003440225884809,0.0062485123452122,0.1099576876726947,0.0003440225884945615,0.006248512345212731,4.107825191113079e-15,1.3661489474403599e-14,5.30825383648903e-16
0.0381437409356157,8.892922741766257e-05,0.0017986324233101,0.0381437409356157,8.892922741766257e-05,0.0017986324233101314,0.0,0.0,3.144186300207963e-17
0.1377484026107557,0.0007231516348067,0.0062325016635131,0.13774840261075158,0.0007231516347931538,0.00623250166351319,-4.107825191113079e-15,-1.354623878346839e-14,9.020562075079397e-17
0.2103810579916601,0.0010987418924141,0.0084327154800987,0.21038105799166446,0.0010987418924276876,0.008432715480098718,4.3576253716537394e-15,1.3587655306457336e-14,1.734723475976807e-17
0.145708777522227,0.0004653504085449,0.0050105857260112,0.145708777522227,0.0004653504085449789,0.0050105857260112074,0.0,7.887570804832045e-17,7.806255641895632e-18
0.1564420177131546,0.0002732736204061,0.0027015044522382,0.15644201771315913,0.00027327362041963676,0.002701504452238268,4.524158825347513e-15,1.3536752014459141e-14,6.808789643208968e-17
0.0772573830978542,-2.1112628171213177e-06,-0.00013322701446,0.07725738309784973,-2.1112628306035885e-06,-0.0001332270144600578,-4.468647674116255e-15,-1.3482270855291745e-14,-5.781508084778952e-17
0.0872705966832602,1.8604685307569563e-05,0.0005796395205903,0.08727059668325236,1.8604685295214862e-05,0.0005796395205903693,-7.840950111415168e-15,-1.235470059590682e-14,6.928051882182373e-17
0.1231064182994673,0.0002475563032253,0.0034589070388055,0.12310641829947074,0.0002475563032242195,0.003458907038805581,3.4416913763379853e-15,-1.0805158850990537e-15,8.109832250191573e-17
0.2722339888103383,0.0011925214281309,0.0073579156565286,0.27223398881033956,0.0011925214281455904,0.007357915656528657,1.27675647831893e-15,1.4690288915875094e-14,5.724587470723463e-17
0.020040821489254,8.625343977158341e-06,0.0005596525392403,0.020040821489262096,8.625343989422836e-06,0.0005596525392403962,8.097689185859736e-15,1.2264494975156026e-14,9.616873269946424e-17
0.214577043543529,0.0006737673553885,0.00556971148408,0.21457704354352097,0.0006737673553762757,0.005569711484080031,-8.021361352916756e-15,-1.2224271074556814e-14,3.122502256758253e-17
0.0513823479528842,4.932641073479224e-05,0.0013701136296697,0.051382347952884266,4.932641073479224e-05,0.001370113629669767,6.938893903907228e-17,0.0,6.700369425960417e-17
0.0636358663967929,6.981461926202498e-05,0.0019719526940327,0.0636358663967996,6.981461925964841e-05,0.0019719526940327192,6.702971511174383e-15,-2.3765711620882257e-15,1.9081958235744878e-17
0.1543494659828768,0.0005703976615079,0.0067453748949719,0.1543494659828735,0.0005703976615090978,0.006745374894971956,-3.3029134982598407e-15,1.1977181399447367e-15,5.637851296924623e-17
0.2062083906920268,0.0010575460882539,0.009079839872224,0.20620839069202532,0.0010575460882393528,0.00907983987222405,-1.4710455076283324e-15,-1.4547174229107007e-14,4.85722573273506e-17
0.0777895009636736,0.0001865787363967,0.003535549668213,0.07778950096367533,0.00018657873641127892,0.0035355496682130116,1.734723475976807e-15,1.457891424770652e-14,1.1709383462843448e-17
0.0592060505777987,0.0001437029632988,0.0026582809340607,0.05920605057779878,0.00014370296329882862,0.0026582809340611746,7.632783294297951e-17,2.862293735361732e-17,4.744468706796567e-16
0.0998559090814584,0.0002153194006733,0.0034106320088285,0.09985590908145342,0.00021531940066006616,0.003410632008828074,-4.98212582300539e-15,-1.3233825927466691e-14,-4.2587461335230614e-16
0.0895516680369192,0.0001729056161865,0.0030425752229295,0.08955166803692438,0.00017290561619977274,0.0030425752229295,5.176414852314792e-15,1.3272748785458921e-14,0.0
0.1544104691723149,0.0004694246097215,0.0057916915135343,0.15441046917231496,0.0004694246097215818,0.005791691513534314,5.551115123125783e-17,8.180305391403131e-17,1.3877787807814457e-17
0.0549200450878276,9.72458850618807e-05,0.0023757986132446,0.05492004508782433,9.724588506318868e-05,0.002375798613244662,-3.2682190287403046e-15,1.3079815008865125e-15,6.158268339717665e-17
0.1437994272926851,0.0007011149255349,0.0056737331597433,0.1437994272926851,0.0007011149255349153,0.005673733159743399,0.0,1.5287250632045613e-17,9.8879238130678e-17
0.153802723738392,0.00037457458566,0.0048956793447407,0.15380272373840065,0.00037457458567183993,0.004895679344740778,8.659739592076221e-15,1.1839921404410703e-14,7.719519468096792e-17
0.1190514578002526,0.0001491925982409,0.0019557600689843,0.11905145780024724,0.00014919259822776532,0.001955760068984347,-5.35682609381638e-15,-1.3134675638792892e-14,4.683753385137379e-17
0.1196142460087374,0.0001038787568756,0.0015306268079906,0.11961424600874285,0.00010387875688878251,0.0015306268079906538,5.4539706084710815e-15,1.3182502507126659e-14,5.377642775528102e-17
0.1245633129588716,0.0002119222913534,0.0028302567513311,0.12456331295886287,0.00021192229134166934,0.002830256751331195,-8.729128531115293e-15,-1.1730660930478476e-14,9.497611030973019e-17
0.1279828446870003,0.0002790506326477,0.0036934724093913,0.12798284468700363,0.0002790506326463757,0.0036934724093913296,3.3306690738754696e-15,-1.3242987435824194e-15,2.949029909160572e-17
0.1216464153186543,0.0001939163764329,0.0033588033466664,0.12164641531865758,0.00019391637643152715,0.0033588033466664946,3.2751579226442118e-15,-1.3728438958554579e-15,9.454242944073599e-17
0.1260466747886697,0.0002177321018665,0.0030855726887097,0.1260466747886609,0.00021773210185489777,0.003085572688709348,-8.798517470154366e-15,-1.1602237183147568e-14,-3.5171518475429764e-16
0.0874139986382725,0.0001738733702221,0.0032630526630987,0.08741399863827817,0.000173873370235271,0.0032630526630987866,5.676015213396113e-15,1.3170996411571156e-14,8.673617379884035e-17
0.0936285465221169,0.0002842877468245,0.0041932615434712,0.09362854652212023,0.00028428774682313224,0.00419326154347166,3.3306690738754696e-15,-1.3677752506990881e-15,4.605690828718423e-16
0.1759716926588054,0.0007031382186377,0.0069296589922571,0.1759716926588022,0.000703138218639196,0.0069296589922571705,-3.219646771412954e-15,1.495982157595499e-15,7.025630077706069e-17
0.1468467269694421,0.0004695548724075,0.0060529876698658,0.14684672696944218,0.00046955487240751825,0.006052987669866283,8.326672684688674e-17,1.826880660638075e-17,4.831204880595408e-16
0.0786211477278784,0.0001482049743659,0.0037593435397353,0.07862114772787841,0.0001482049743659307,0.0037593435397349495,1.3877787807814457e-17,3.0682921481339775e-17,-3.5041414214731503e-16
0.0962806442215251,0.0002761897877868,0.0039645998562143,0.0962806442215251,0.0002761897877868527,0.003964599856214335,0.0,5.2692225582795515e-17,3.469446951953614e-17
0.1757938664559791,0.0006345990959252,0.0063509693054273,0.17579386645598516,0.0006345990959381043,0.006350969305427334,6.050715484207103e-15,1.2904282677139722e-14,3.382710778154774e-17
0.1366981336117552,0.0002782413630502,0.0040886094818159,0.13669813361174923,0.000278241363037425,0.004088609481815997,-5.9674487573602164e-15,-1.2774991568070826e-14,9.71445146547012e-17
0.0883255101926662,0.0001969736246164,0.0040292617168575,0.0883255101926662,0.00019697362461646578,0.0040292617168575795,0.0,6.578396681555798e-17,7.979727989493313e-17
0.1240916298444491,0.0002956064268716,0.003836074937122,0.12409162984444913,0.00029560642687161826,0.0038360749371220138,2.7755575615628914e-17,1.826880660638075e-17,1.3877787807814457e-17
0.0904222543154738,0.0001379757494535,0.0024770910141116,0.09042225431547386,0.00013797574945353247,0.002477091014111643,6.938893903907228e-17,3.247185506594086e-17,4.2934406030425976e-17
0.2002155646176121,0.0007612543679286,0.0074246661056696,0.2002155646176121,0.0007612543679286765,0.007424666105669608,0.0,7.654467337747661e-17,8.673617379884035e-18
0.137692532778259,0.0003542858182351,0.0042287290742648,0.137692532778259,0.0003542858182351005,0.0042287290742639705,0.0,5.421010862427522e-19,-8.291978215169138e-16
0.0800019005701846,-2.017573146768925e-05,-0.0004649463255503,0.08000190057018461,-2.0175731467619862e-05,-0.0004649463255494979,1.3877787807814457e-17,6.938893903907228e-17,8.020927672047762e-16
0.0854739815220743,-1.523166880983834e-05,-0.0001487402442164,0.0854739815220743,-1.5231668809838339e-05,-0.00014874024421596133,0.0,1.6940658945086007e-21,4.386681989876351e-16
0.095022609514005,2.593322923247904e-05,0.0006144250346937,0.09502260951400505,2.5933229232444344e-05,0.0006144250346933333,5.551115123125783e-17,-3.469785765132516e-17,-3.666771747345976e-16
0.1274678954725431,8.816948929651902e-05,0.0009468268945838,0.1274678954725431,8.816948929651902e-05,0.0009468268945838076,0.0,0.0,7.589415207398531e-18
0.1304703341309327,0.0001732475543135,0.0023979748387086,0.13047033413093273,0.00017324755431358946,0.0023979748387086275,2.7755575615628914e-17,8.944667923005412e-17,2.7321894746634712e-17
0.1101060828992466,5.538265494158673e-05,5.001583931507625e-05,0.11010608289924667,5.538265494158673e-05,5.001583931507625e-05,6.938893903907228e-17,0.0,0.0
0.0958174550107981,4.655304561021478e-06,0.0001708781650928,0.09581745501079818,4.655304561021478e-06,0.00017087816509286924,8.326672684688674e-17,0.0,6.922630871319946e-17
0.1099315205667306,0.0001102441943454,0.0017247945353564,0.10993152056673064,0.00011024419434541716,0.0017247945353560112,4.163336342344337e-17,1.7157499379583108e-17,-3.887948990533019e-16
0.0294326070972183,-2.067358879096273e-06,-0.0001531695483594,0.029432607097218396,-2.06735887908413e-06,-0.0001531695483589779,9.71445146547012e-17,1.2142640815364023e-17,4.22107010802919e-16
0.2947186044921397,0.0002608414903707,0.0017954046036359,0.29471860449213977,0.000260841490370714,0.0017954046036363636,5.551115123125783e-17,1.4040418133687282e-17,4.636048489548017e-16
0.0548273548782695,2.0256004042401576e-05,0.000643636745381,0.05482735487826959,2.025600404237729e-05,0.0006436367453810377,9.020562075079397e-17,-2.42861286636753e-17,3.7621815385247004e-17
0.1475308625500913,0.0002591720452275,0.0021884653936012,0.1475308625500913,0.0002591720452274973,0.002188465393600847,0.0,-2.710505431213761e-18,-3.5301622736128024e-16
0.1081913719601983,2.351624252384249e-05,0.0009255090370858,0.10819137196019835,2.351624252384249e-05,0.000925509037085881,4.163336342344337e-17,0.0,8.098990228466718e-17
0.0667136150393785,-4.588005181268423e-06,-0.0001261269766543,0.06671361503938017,-4.5880051820872125e-06,-0.00012612697665392858,1.6653345369377348e-15,-8.187894806610529e-16,3.714205592392217e-16
0.2449100567895324,4.4609373055434776e-05,0.0011383439493553,0.24491005678953082,4.4609373056128665e-05,0.0011383439493548586,-1.582067810090848e-15,6.938893903907228e-16,-4.414871246360974e-16
0.0194514544391392,1.3475206992586903e-05,0.0006714364853439,0.01945145443913927,1.3475206992586905e-05,0.000671436485343957,6.938893903907228e-17,1.6940658945086007e-21,5.692061405548898e-17
0.1531690493837434,0.0006041101201506,0.0071656211237915,0.15316904938374348,0.0006041101201506999,0.007165621123792043,8.326672684688674e-17,9.985502008591496e-17,5.429684479807406e-16
0.0504191374163005,5.386090383111691e-05,0.0017206201856407,0.050419137416300545,5.3860903831096096e-05,0.0017206201856403425,4.85722573273506e-17,-2.0816681711721685e-17,-3.5756987648571936e-16
0.1103045692542278,0.0001807317005262,0.0023291510162581,0.11030456925422784,0.00018073170052629317,0.0023291510162573026,4.163336342344337e-17,9.316007167081697e-17,-7.975391180803371e-16
0.1555361279167628,0.0004001990448674,0.0045109191966492,0.15553612791676283,0.0004001990448675441,0.004510919196650587,2.7755575615628914e-17,1.4409046872332354e-16,1.3869114190434573e-15
0.1648088663178038,0.0005396391669343,0.0062190628070721,0.16480886631780386,0.0005396391669342387,0.00621906280707174,5.551115123125783e-17,-6.1257422745431e-17,-3.5995512126518747e-16
0.1193603076359121,0.0002599846787738,0.0039666381905116,0.1193603076359121,0.00025998467877384746,0.003966638190512128,0.0,4.743384504624082e-17,5.282232984349378e-16
0.0917253989534374,0.0001371336512437,0.0030300389513922,0.0917253989534374,0.00013713365124372323,0.0030300389513922,0.0,2.3229031545501932e-17,0.0
0.1035284138832835,0.0001869628268729,0.0029690452101407,0.10352841388328356,0.0001869628268728607,0.0029690452101407416,5.551115123125783e-17,-3.9302328752599536e-17,4.163336342344337e-17
0.1130558553206936,8.098231657376748e-05,0.0007606812560339,0.11305585532069361,8.098231657371197e-05,0.0007606812560325693,1.3877787807814457e-17,-5.551115123125783e-17,-1.3306413262914596e-15
0.2235307622453893,5.463909840200398e-05,0.0005739829740827,0.2235307622453893,5.463909840219827e-05,0.00057398297408362,0.0,1.942890293094024e-16,9.199455433539505e-16
0.1242769652103735,5.3390136955940026e-05,0.0009521639507648,0.12427696521037507,5.3390136955065726e-05,0.0009521639507648061,1.5681900222830336e-15,-8.743006318923108e-16,6.071532165918825e-18
0.0246220354994349,7.879370000572414e-06,0.0003984311994953,0.024622035499433394,7.87937000144498e-06,0.00039843119949489747,-1.5057399771478686e-15,8.72565908416334e-16,-4.025100565352435e-16
0.1289480669807142,0.0001194424593755,0.0013575682643418,0.1289480669807142,0.00011944245937565295,0.0013575682643423015,0.0,1.5295382148339254e-16,5.015519249917944e-16
0.0631269910009895,1.342753134883634e-05,0.000509405809796,0.06312699100099108,1.342753134796204e-05,0.0005094058097960819,1.582067810090848e-15,-8.742989378264163e-16,8.185726402265558e-17
0.0714915632248469,2.2597796054339703e-05,0.0005995818180251,0.07149156322484693,2.2597796054339703e-05,0.0005995818180246637,2.7755575615628914e-17,0.0,-4.36282954208167e-16
0.0886064371624142,4.969415053238113e-05,0.0006928051040375,0.08860643716241273,4.9694150533304005e-05,0.000692805104038019,-1.4710455076283324e-15,9.228728892196614e-16,5.19007579968811e-16
0.0738105243638318,3.341317412545314e-05,0.0006563963814563,0.07381052436383334,3.34131741245719e-05,0.0006563963814563145,1.5404344466674047e-15,-8.81239525796218e-16,1.452830911130576e-17
0.0966590323035412,7.993131322299452e-05,0.0007475541353487,0.09665903230353964,7.993131322387576e-05,0.0007475541353487714,-1.5543122344752192e-15,8.81239525796218e-16,7.134050294954619e-17
0.1740042285815811,0.0001970455342839,0.0015070231862104,0.17400422858158116,0.00019704553428399885,0.0015070231862104322,5.551115123125783e-17,9.885213307636587e-17,3.209238430557093e-17
0.1649124740433758,0.0001112486101714,0.0009120018930661,0.16491247404337583,0.0001112486101714355,0.0009120018930666163,2.7755575615628914e-17,3.550762114890027e-17,5.162970745375972e-16
0.168145571182223,7.185669854523069e-05,0.0009399130298661,0.1681455711822215,7.185669854604948e-05,0.0009399130298657354,-1.4988010832439613e-15,8.187894806610529e-16,-3.645087703896266e-16
0.1723418990562538,0.0001230813698593,0.0020639114846638,0.17234189905625383,0.00012308136985932083,0.002063911484663894,2.7755575615628914e-17,2.0843786766033823e-17,9.410874857174178e-17
0.0236929733329593,5.412899484772901e-06,0.0002946022557575,0.023692973332960856,5.412899483882988e-06,0.00029460225575750343,1.5543122344752192e-15,-8.89913143176102e-16,3.415236843329339e-18
0.1598444033703644,0.0001080762363988,0.0009917629910241,0.15984440337036449,0.00010807623639880193,0.0009917629910241033,8.326672684688674e-17,1.9244588561617704e-18,3.2526065174565133e-18
0.0833742079195411,-2.139294827957494e-05,-0.000337664866624,0.08337420791954114,-2.139294827957494e-05,-0.0003376648666240101,4.163336342344337e-17,0.0,-1.0083080204115191e-17
0.0571850120358833,1.3870380202962024e-05,0.000161332211229,0.057185012035883394,1.3870380202962024e-05,0.0001613322112286042,9.71445146547012e-17,0.0,-3.9581510812014553e-16
0.1137423911297978,6.867389431015197e-05,0.0007801777831892,0.11374239112979789,6.86738943101936e-05,0.0007801777831897283,9.71445146547012e-17,4.163336342344337e-17,5.283317186521863e-16
0.1207075717149201,5.217367758562908e-05,0.0007898909233761,0.12070757171492016,5.2173677585629075e-05,0.0007898909233761131,6.938893903907228e-17,-6.776263578034403e-21,1.3118846287074604e-17
0.2400947032415223,0.0003583533897642,0.002751533557181,0.24009470324152232,0.0003583533897642682,0.0027515335571806077,2.7755575615628914e-17,6.82505267579625e-17,-3.924811864397526e-16
0.161929759407181,8.735709787242862e-05,0.0009822410354369,0.16192975940718102,8.735709787251189e-05,0.0009822410354378697,2.7755575615628914e-17,8.326672684688674e-17,9.697104230710352e-16
0.0578368712265556,-2.6601430847122964e-06,-0.0001197817818052,0.057836871226555675,-2.6601430847365826e-06,-0.00011978178180660493,7.632783294297951e-17,-2.42861286636753e-17,-1.4049227276338727e-15
0.1468602996534442,1.9222360343712497e-05,0.0004235084566901,0.14686029965344424,1.9222360343851275e-05,0.0004235084566910352,5.551115123125783e-17,1.3877787807814457e-16,9.352327939859961e-16
0.0406467674954615,1.4878535229672502e-05,0.0003738113807831,0.040646767495461526,1.4878535229672502e-05,0.0003738113807836285,2.7755575615628914e-17,0.0,5.285485590866834e-16
0.0758425671558245,2.5938896422557367e-05,0.0003683197482544,0.07584256715582456,2.5938896422522673e-05,0.00036831974825357605,5.551115123125783e-17,-3.469446951953614e-17,-8.239394409803591e-16
0.126185782314404,6.341920673767071e-05,0.0005928049755832,0.12618578231440558,6.341920673681722e-05,0.0005928049755836717,1.582067810090848e-15,-8.534839501805891e-16,4.71736365248443e-16
0.1234696947047801,8.607304842389585e-05,0.0015285245043146,0.12346969470477857,8.60730484247979e-05,0.0015285245043146212,-1.5265566588595902e-15,9.020562075079397e-16,2.1250362580715887e-17
0.0905138943551758,7.237776113544481e-05,0.0010271435653983,0.09051389435517587,7.237776113544481e-05,0.0010271435653974592,6.938893903907228e-17,0.0,-8.406903645452601e-16
0.14005626115949,7.511305312279254e-05,0.0006645505778397,0.14005626115949,7.511305312291744e-05,0.0006645505778406502,0.0,1.249000902703301e-16,9.50194783966296e-16
0.0724769608670753,-5.372824805914556e-06,-0.0001181160780978,0.07247696086707539,-5.372824805914556e-06,-0.00011811607809830704,9.71445146547012e-17,0.0,-5.070406984900022e-16
0.0805296599397434,1.1981269729871569e-05,0.0002394911555279,0.0805296599397434,1.1981269729913202e-05,0.00023949115552790445,0.0,4.163336342344337e-17,4.445228907190568e-18
0.1491985910173198,5.1691183611826674e-05,0.0005657930943332,0.14919859101731983,5.169118361189606e-05,0.0005657930943336886,2.7755575615628914e-17,6.938893903907228e-17,4.886499191392168e-16
0.1048494816513006,2.338248853164804e-05,0.0006715037220161,0.1048494816513006,2.3382488531648038e-05,0.0006715037220161868,0.0,-3.3881317890172014e-21,8.68445940160889e-17
0.1528233527577009,0.0001813104457827,0.0020150865041359,0.15282335275770098,0.00018131044578277578,0.0020150865041359545,8.326672684688674e-17,7.578573185673676e-17,5.4643789493269423e-17
0.1214002424352955,0.0001012997478594,0.0011385549812414,0.12140024243529554,0.00010129974785941243,0.0011385549812414908,4.163336342344337e-17,1.2427667402115095e-17,9.085614205428527e-17
0.1867849228207693,3.889765615260055e-05,0.0003274851279915,0.1867849228207693,3.8897656152600546e-05,0.0003274851279919666,0.0,-6.776263578034403e-21,4.665864049291368e-16
0.0498684404941378,1.0150966706857362e-05,0.0001733763128912,0.04986844049413785,1.0150966706836545e-05,0.00017337631289082722,4.85722573273506e-17,-2.0816681711721685e-17,-3.7277581195482856e-16
0.0574885526139985,9.386118580430314e-06,0.0002019475699914,0.05748855261399852,9.386118580430314e-06,0.00020194756999147856,1.3877787807814457e-17,0.0,7.85504473965748e-17
0.1058129613695404,5.0320509199223984e-05,0.0005413694568785,0.10581296136954198,5.032050919830805e-05,0.0005413694568785488,1.582067810090848e-15,-9.159339953157541e-16,4.87890977618477e-17
0.2046569201728235,9.799783692981956e-05,0.0012047173470399,0.20465692017282353,9.799783692981956e-05,0.0012047173470399741,2.7755575615628914e-17,0.0,7.41594285980085e-17
0.0861433151330101,3.570524647481671e-05,0.0009163403960994,0.0861433151330071,3.570524647664858e-05,0.0009163403960994465,-2.9976021664879227e-15,1.8318679906315083e-15,4.651227319962814e-17
0.1160758226304325,0.0001110019181455,0.0014406273759899,0.11607582263043403,0.00011100191814458066,0.0014406273759894894,1.5265566588595902e-15,-9.193356796319274e-16,-4.10478942503012e-16
0.1419324318147961,2.3110935968156943e-05,0.0002803522010044,0.14193243181479615,2.311093596822633e-05,0.00028035220100486313,5.551115123125783e-17,6.938893903907228e-17,4.631169579771832e-16
0.1608782289421122,9.143866827843183e-05,0.0009430257263951,0.1608782289421138,9.14386682775159e-05,0.0009430257263951525,1.582067810090848e-15,-9.159339953157541e-16,5.2475385148298415e-17
0.148254913183278,-2.0745544850320208e-06,0.000105136710657,0.1482549131832765,-2.074554484102209e-06,0.00010513671065703889,-1.4988010832439613e-15,9.298117831235686e-16,3.889575293791747e-17
0.0255904900830402,1.6532023008313662e-06,8.609609926724104e-05,0.02559049008304028,1.6532023008313662e-06,8.609609926724104e-05,7.979727989493313e-17,0.0,0.0
0.0840920109546512,6.56811279949529e-05,0.0011706378989435,0.0840920109546528,6.568112799403003e-05,0.0011706378989435606,1.5959455978986625e-15,-9.228728892196614e-16,6.071532165918825e-17
0.0554106204041618,2.1611477610046503e-05,0.0006110240798942,0.05541062040416035,2.1611477610969376e-05,0.0006110240798942179,-1.4502288259166107e-15,9.228728892196614e-16,1.7889335846010823e-17
0.1633608164253577,9.150813562043558e-05,0.0008950032497749,0.16336081642535777,9.150813562043558e-05,0.0008950032497749838,5.551115123125783e-17,0.0,8.380882793312949e-17
0.0817544780775182,1.8911193598300516e-05,0.0003906794811694,0.0817544780775182,1.8911193598300513e-05,0.0003906794811694425,0.0,-3.3881317890172014e-21,4.2500725161431774e-17
0.0384318100147954,9.129433662127123e-06,0.0003418943691948,0.03843181001479542,9.129433662127123e-06,0.0003418943691948506,2.0816681711721685e-17,0.0,5.063224145507306e-17
0.3216304297265339,0.0003940828977212,0.0022882193974034,0.32163042972653233,0.0003940828977221922,0.0022882193974034237,-1.5543122344752192e-15,9.922076181501094e-16,2.3852447794681098e-17
0.0453044181473233,5.886423089077747e-06,0.0001231616310723,0.04530441814732481,5.886423088144466e-06,0.0001231616310723993,1.5126788710517758e-15,-9.332812300755222e-16,9.93129189996722e-17
0.0979678682033285,4.487503484838784e-05,0.0006267878913868,0.09796786820333009,4.487503484745803e-05,0.0006267878913868152,1.582067810090848e-15,-9.298117831235686e-16,1.5178830414797062e-17
0.1446059604330619,8.664042758173285e-05,0.0012797192502369,0.14460596043305887,8.664042758359247e-05,0.0012797192502369548,-3.0253577421035516e-15,1.8596235662471372e-15,5.4860629927766524e-17
0.0709007025136321,4.4431696240201934e-05,0.0012146095991298,0.07090070251363215,4.4431696240201934e-05,0.001214609599130334,4.163336342344337e-17,0.0,5.340779901663595e-16
0.1241190834375429,4.10341489545038e-05,0.0001869383160939,0.12411908343754441,4.10341489535046e-05,0.00018693831609351008,1.5126788710517758e-15,-9.992007221626409e-16,-3.8990620628009953e-16
0.1039867747449211,-7.218563084918778e-05,-0.0010488855965524,0.10398677474492116,-7.218563084918778e-05,-0.0010488855965524735,5.551115123125783e-17,0.0,-7.35089072945172e-17
0.193570583699266,0.0002786912809744,0.0025614214879974,0.193570583699266,0.0002786912809744496,0.0025614214879978725,0.0,4.960224939121183e-17,4.727121472036799e-16
0.0812363317708001,4.6393785511890384e-05,0.0008043978325815,0.08123633177080014,4.639378551186263e-05,0.0008043978325811274,4.163336342344337e-17,-2.7755575615628914e-17,-3.7264028668326787e-16
0.1042832626219888,3.693114574006978e-05,0.0005820367061644,0.10428326262198886,3.693114574006978e-05,0.0005820367061648568,6.938893903907228e-17,0.0,4.56774375268143e-16
0.0603847340387519,1.5605221453027923e-05,0.0002169845324155,0.06038473403875193,1.5605221453003637e-05,0.00021698453241514315,2.7755575615628914e-17,-2.42861286636753e-17,-3.5683804001929165e-16
0.2126440437563773,0.000124130102532,0.0012869844720468,0.21264404375637733,0.00012413010253205237,0.0012869844720468926,2.7755575615628914e-17,5.2366964931049864e-17,9.259086553026208e-17
0.023520314719106,3.139763598352177e-06,0.0001565226600366,0.023520314719106036,3.139763598352177e-06,0.00015652266003707282,3.469446951953614e-17,0.0,4.728205674209285e-16
0.0398595852184968,1.6032917975403185e-06,5.747084353613374e-05,0.03985958521849687,1.6032917975264405e-06,5.747084353568965e-05,6.938893903907228e-17,-1.387799956605127e-17,-4.440892098500626e-16
0.2020884205160935,0.0001591890876341,0.0015472439545369,0.20208842051609352,0.0001591890876341262,0.001547243954536981,2.7755575615628914e-17,2.621058751983707e-17,8.088148206741863e-17
0.1400065208890309,6.533324138444097e-05,0.0009808875609453,0.14000652088903096,6.533324138444097e-05,0.000980887560945387,5.551115123125783e-17,0.0,8.716985466783456e-17
0.1207808528130904,4.731582813216617e-05,0.0007056456720624,0.1207808528130904,4.731582813216617e-05,0.0007056456720624382,0.0,0.0,3.8272336688738307e-17
0.1700955698988665,5.7344813129467376e-05,0.0009156213387089,0.1700955698988673,5.734481312899553e-05,0.0009156213387089274,7.771561172376096e-16,-4.718447854656915e-16,2.7321894746634712e-17
0.0502892857934325,1.1915721792082196e-05,0.0003450277687129,0.050289285793431844,1.191572179255751e-05,0.0003450277687129244,-6.591949208711867e-16,4.753142324176451e-16,2.439454888092385e-17
0.0891234883876693,6.529272675231262e-05,0.0009372143103916,0.08912348838766931,6.529272675231262e-05,0.0009372143103916208,1.3877787807814457e-17,0.0,2.0816681711721685e-17
0.1709233897058633,3.133650443781777e-05,0.0003035475847883,0.1709233897058633,3.133650443781777e-05,0.000303547584788344,0.0,0.0,4.3964398094287205e-17
0.0717780891126729,4.447496704608478e-05,0.0008658123934877,0.0717780891126729,4.447496704608478e-05,0.0008658123934877082,0.0,0.0,8.239936510889834e-18
0.0926683529760533,-8.456466418296782e-07,-3.2395138688912084e-05,0.09266835297605336,-8.456466418296782e-07,-3.239513868935617e-05,5.551115123125783e-17,0.0,-4.440892098500626e-16
0.1842178504985627,0.0001096696446968,0.0012431396629732,0.18421785049856276,0.00010966964469692753,0.0012431396629737357,5.551115123125783e-17,1.2752928053860746e-16,5.355958732078392e-16
0.0623986458086075,1.1454038387523346e-05,0.0002843767528037,0.06239864580860755,1.1454038387523346e-05,0.0002843767528037944,4.85722573273506e-17,0.0,9.437979911486316e-17
0.0637261108213683,2.1040394229954185e-06,0.0001240869432606,0.06372611082136836,2.1040394229954185e-06,0.000124086943260604,6.938893903907228e-17,0.0,3.984442983884229e-18
0.2135423843877038,0.00027921813288,0.0024830116741245,0.21354238438770382,0.00027921813288003805,0.002483011674125013,2.7755575615628914e-17,3.8055496254241206e-17,5.130444680201407e-16
0.1182201815652718,6.861042584158095e-05,0.0009141623867807,0.11822018156527186,6.861042584152544e-05,0.000914162386779882,6.938893903907228e-17,-5.551115123125783e-17,-8.179221189230645e-16
0.0366839666889257,5.627528758708061e-06,0.0001053955641281,0.03668396668892578,5.627528758725409e-06,0.0001053955641290294,8.326672684688674e-17,1.734723475976807e-17,9.293916547817305e-16
0.0792631099024538,2.30703690562023e-05,0.000389453386774,0.0792631099024538,2.3070369056153728e-05,0.0003894533867736527,0.0,-4.85722573273506e-17,-3.4726995584710707e-16
0.115980805312237,1.624200392649766e-05,0.000268866140459,0.11598080531223702,1.624200392649766e-05,0.00026886614045906754,1.3877787807814457e-17,0.0,6.754579534584693e-17
0.2530934537082379,7.052480365508929e-05,0.0012250309748842,0.25309345370823794,7.052480365508929e-05,0.0012250309748842447,5.551115123125783e-17,0.0,4.466912950640278e-17
0.1123941822486535,5.766037093118265e-05,0.0010494772162905,0.11239418224865358,5.766037093118265e-05,0.001049477216291006,8.326672684688674e-17,0.0,5.058887336817364e-16
0.0122972964238747,2.0216647006838714e-06,0.0002231723662315,0.012297296423874718,2.0216647006778e-06,0.00022317236623115022,1.734723475976807e-17,-6.071532165918825e-18,-3.4979072589813587e-16
0.0532397884899102,4.397568651301823e-05,0.0007830668795372,0.053239788489910296,4.3975686513018225e-05,0.0007830668795372198,9.71445146547012e-17,-6.776263578034403e-21,1.973247953923618e-17
0.2814868328710845,0.0002726387767465,0.001209040288137,0.28148683287108456,0.00027263877674651993,0.0012090402881370643,5.551115123125783e-17,1.9949319973733282e-17,6.440160904563896e-17
0.04792741369884,1.0583854496631212e-05,0.0002200058955059,0.04792741369884004,1.0583854496631212e-05,0.00022000589550597027,4.163336342344337e-17,0.0,7.028340583137282e-17
0.0305442800026863,2.0725608729081985e-05,0.000580125554082,0.030544280002686316,2.0725608729081982e-05,0.0005801255540816008,1.734723475976807e-17,-3.3881317890172014e-21,-3.9920323990916273e-16
0.0685314690686881,4.7570810867640645e-05,0.0009319118289123,0.06853146906868815,4.75708108676684e-05,0.0009319118289123907,5.551115123125783e-17,2.7755575615628914e-17,9.063930161978817e-17
0.079991126411102,2.638002632980585e-05,0.0004353999588899,0.07999112641110205,2.6380026329840545e-05,0.0004353999588904145,5.551115123125783e-17,3.469446951953614e-17,5.145081409529961e-16
0.1825895005917968,7.300894943942926e-05,0.0017186998374651,0.18258950059179688,7.300894943942926e-05,0.0017186998374651985,8.326672684688674e-17,0.0,9.84455572616838e-17
0.0933622995191616,-3.276489380401454e-05,0.0009410656224178,0.09336229951916086,-3.2764893803528816e-05,0.0009410656224182468,-7.355227538141662e-16,4.85722573273506e-16,4.467997152812764e-16
0.0745087394846758,-5.404709455765488e-06,-3.402587031420268e-05,0.07450873948467655,-5.404709456292844e-06,-3.4025870315090856e-05,7.494005416219807e-16,-5.273567837298966e-16,-8.881784197001252e-16
0.0603200859285279,-2.007859950832122e-05,-0.0003619966272894,0.06032008592852796,-2.0078599508289996e-05,-0.0003619966272889741,5.551115123125783e-17,3.122502256758253e-17,4.259288234609304e-16
0.1859224556450514,0.0001240792836126,0.0008595395532244,0.18592245564505147,0.00012407928361268805,0.0008595395532249306,8.326672684688674e-17,8.80643214601351e-17,5.306085432144059e-16
0.1933053291974922,8.398499362148593e-05,0.0017004913527629,0.19330532919749224,8.398499362136103e-05,0.0017004913527629562,5.551115123125783e-17,-1.249000902703301e-16,5.616167253474913e-17
0.1455512021399044,0.0001770480960998,0.0020577919161901,0.14555120213990447,0.00017704809609975225,0.0020577919161897107,5.551115123125783e-17,-4.775910569798647e-17,-3.894454203567932e-16
0.0803233495772794,3.879556804350925e-07,-9.76284269214034e-05,0.08032334957727946,3.8795568043509254e-07,-9.762842692140339e-05,6.938893903907228e-17,5.293955920339377e-23,1.3552527156068805e-20
0.0489698437102583,-1.3376129046619584e-05,-0.0005141483707036,0.048969843710258344,-1.3376129046619584e-05,-0.0005141483707031824,4.163336342344337e-17,0.0,4.1752625662416776e-16
0.1192467429525657,8.037859884367504e-06,0.0002738275914695,0.11924674295256574,8.037859884318932e-06,0.0002738275914691002,4.163336342344337e-17,-4.85722573273506e-17,-3.9979955110402976e-16
0.1460230135610752,5.461610110936432e-05,0.0008720630742393,0.14602301356107525,5.461610110936432e-05,0.0008720630742393709,5.551115123125783e-17,0.0,7.090682208055199e-17
0.133279807511247,5.38326108582704e-05,0.001198071731248,0.13327980751124707,5.38326108582704e-05,0.0011980717312480849,8.326672684688674e-17,0.0,8.478460988836645e-17
0.0925545490902143,1.2615026386393611e-05,0.000307188091658,0.09255454909021434,1.2615026386393613e-05,0.0003071880916585279,4.163336342344337e-17,1.6940658945086007e-21,5.278980377831921e-16
0.0486223531780811,1.4454135121001743e-05,0.0002334749248955,0.048622353178081126,1.4454135120977457e-05,0.00023347492489511623,2.7755575615628914e-17,-2.42861286636753e-17,-3.8378046400555643e-16
0.1124779068518816,6.345668665191234e-05,0.0008344291590631,0.11247790685188169,6.345668665191234e-05,0.0008344291590622888,9.71445146547012e-17,0.0,-8.112000654536544e-16
0.1244913867121601,8.394282533055047e-05,0.0007875276453774,0.12449138671216009,8.39428253306615e-05,0.0007875276453783719,-1.3877787807814457e-17,1.1102230246251565e-16,9.719872476332547e-16
0.1444365458827075,3.3494892717061964e-05,0.0005891779382021,0.14443654588270755,3.3494892717061964e-05,0.0005891779382021234,5.551115123125783e-17,0.0,2.3418766925686896e-17
0.0925420540129517,1.7519038190902392e-05,0.00047547839283,0.09254205401295178,1.7519038190902392e-05,0.0004754783928300199,8.326672684688674e-17,0.0,1.9895109865109006e-17
0.1188620410075931,-4.521543968800945e-06,-0.0001420979202251,0.11886204100759312,-4.521543968800945e-06,-0.00014209792022512602,2.7755575615628914e-17,0.0,-2.6020852139652106e-17
0.1652856048024921,0.0001715496413498,0.0014557491531719,0.16528560480249138,0.0001715496413503409,0.0014557491531719258,-7.216449660063518e-16,5.409084638530182e-16,2.5804011705155006e-17
0.1050822239899628,8.489157477389181e-05,0.0014569188796662,0.10508222398996361,8.489157477339915e-05,0.001456918879666258,8.187894806610529e-16,-4.926614671774132e-16,5.789639601072594e-17
0.1187434508849752,9.644086745250192e-05,0.0006572195368041,0.1187434508849752,9.644086745250191e-05,0.0006572195368037548,0.0,-1.3552527156068805e-20,-3.452099717193846e-16
0.0984017916141574,2.65494769250349e-05,-0.0002606854232194,0.09840179161415741,2.654947692508347e-05,-0.0002606854232189981,1.3877787807814457e-17,4.85722573273506e-17,4.018595352317522e-16
0.0832713700670459,-0.0001004004757837,-0.00192099726691,0.08327137006704594,-0.00010040047578370459,-0.001920997266909641,4.163336342344337e-17,-4.594306705907325e-18,3.5908775952719907e-16
0.1975502569693448,-0.0003640141529356,-0.003011910312237,0.19755025696934447,-0.00036401415293549344,-0.0030119103122370205,-3.3306690738754696e-16,1.0657707355532509e-16,-2.0383000842727483e-17
0.0700658940466481,-2.072810078881243e-05,-0.0004137109939263,0.07006589404664854,-2.0728100789089987e-05,-0.0004137109939272854,4.3021142204224816e-16,-2.7755575615628914e-16,-9.853771444634507e-16
0.1116985553691428,-8.85248285004206e-05,-0.0014648360426718,0.1116985553691428,-8.852482850036508e-05,-0.001464836042671891,0.0,5.551115123125783e-17,-9.085614205428527e-17
0.1278730713575823,-0.000142127099094,-0.0019521160367115,0.12787307135758233,-0.0001421270990940235,-0.0019521160367110824,2.7755575615628914e-17,-2.350008208862331e-17,4.176346768414163e-16
0.0719867223164447,-4.221502292683227e-05,-0.0010954944245264,0.07198672231644476,-4.221502292683227e-05,-0.0010954944245273879,5.551115123125783e-17,0.0,-9.879250195687916e-16
0.2099601528058807,-0.0004229003144666,-0.0032207244136168,0.20996015280588076,-0.00042290031446644283,-0.003220724413615983,5.551115123125783e-17,1.5715510490177387e-16,8.170547571850761e-16
0.0736707278655636,-4.244091447443837e-05,-0.0010340974886826,0.07367072786556361,-4.2440914474438374e-05,-0.0010340974886826615,1.3877787807814457e-17,-6.776263578034403e-21,-6.158268339717665e-17
0.0727356561447451,-7.647133838463438e-05,-0.0014149381483257,0.07273565614474517,-7.647133838463438e-05,-0.0014149381483257173,6.938893903907228e-17,0.0,-1.734723475976807e-17
0.1875693914555132,-0.0002759049844551,-0.0024648331804266,0.18756939145551327,-0.000275904984455122,-0.002464833180425785,5.551115123125783e-17,-2.200930410145574e-17,8.148863528401051e-16
0.1747317300526311,-0.0002963464389759,-0.0025503031231468,0.17473173005263076,-0.00029634643897580304,-0.0025503031231473017,-3.3306690738754696e-16,9.698188432882837e-17,-5.017687654262915e-16
0.0115001899987467,-1.0973197371291245e-05,-0.000121178618357,0.011500189998747162,-1.0973197371537576e-05,-0.00012117861835703181,4.614364446098307e-16,-2.463307335887066e-16,-3.1807781235293486e-17
0.1559495871667863,-0.0002656065594275,-0.002634938988888,0.15594958716678628,-0.00026560655942764466,-0.0026349389888880026,-2.7755575615628914e-17,-1.4468677991819057e-16,-2.6020852139652106e-18
0.1563941553387892,-0.000158047645279,-0.0025544090587601,0.1563941553387892,-0.00015804764527913018,-0.002554409058759699,0.0,-1.3018557586119694e-16,4.0115480381963664e-16
0.0855353249150578,-0.0001214199602737,-0.0024132614008425,0.08553532491505787,-0.00012141996027384416,-0.002413261400843414,6.938893903907228e-17,-1.4415823135910388e-16,-9.137655909707831e-16
0.056886690615288,-0.0001343240733315,-0.0017070113276429,0.056886690615288005,-0.00013432407333152999,-0.0017070113276429488,6.938893903907228e-18,-2.99781900692242e-17,-4.87890977618477e-17
0.210456908515338,-0.0008381578994304,-0.0083039807637974,0.21045690851533805,-0.0008381578994304112,-0.008303980763797014,5.551115123125783e-17,-1.1167282376600696e-17,3.8510861166685117e-16
0.0815304516960002,-0.000154430372484,-0.0031848323152132,0.08153045169600025,-0.0001544303724840962,-0.003184832315213715,4.163336342344337e-17,-9.619583775377638e-17,-5.147791914961175e-16
0.1174335011692804,-0.000484359523952,-0.0051896904848356,0.11743350116928078,-0.00048435952395224635,-0.005189690484835641,3.7470027081099033e-16,-2.463307335887066e-16,-4.0766001685454967e-17
0.0785543235441098,-4.826469892241225e-05,-0.002813046823241,0.07855432354410945,-4.826469892218327e-05,-0.0028130468232410166,-3.469446951953614e-16,2.2898349882893854e-16,-1.6479873021779667e-17
0.0892440688703954,-5.719203988556465e-06,-0.0001298046937172,0.08924406887039547,-5.719203988556465e-06,-0.00012980469371770553,6.938893903907228e-17,0.0,-5.055363679756786e-16
0.1282018915972879,1.6622180390071795e-05,0.0003102412223334,0.12820189159728798,1.6622180390127306e-05,0.00031024122233391793,8.326672684688674e-17,5.551115123125783e-17,5.179233777963255e-16
0.165219504671306,0.0001304898610417,0.0013601748167761,0.165219504671306,0.0001304898610417632,0.001360174816776194,0.0,6.318188160159277e-17,9.410874857174178e-17
0.1018115891149255,4.44172185430497e-05,0.0009640898724603,0.10181158911492555,4.44172185430497e-05,0.0009640898724603275,5.551115123125783e-17,0.0,2.7538735181131813e-17
0.1141280293822383,0.0001029204885855,0.0016253835930264,0.11412802938223834,0.00010292048858557418,0.0016253835930264415,4.163336342344337e-17,7.417298112516457e-17,4.163336342344337e-17
0.1174006930462384,2.810702640827084e-05,0.0002902930845318,0.11740069304623822,2.8107026408381863e-05,0.0002902930845318785,-1.8041124150158794e-16,1.1102230246251565e-16,7.849623728795052e-17
0.1394461793010545,8.05234416945827e-06,0.0002412028567726,0.13944617930105477,8.052344169340309e-06,0.00024120285677220465,2.7755575615628914e-16,-1.1796119636642288e-16,-3.953543221968392e-16
0.0760273961441074,3.401605659573287e-05,0.0008457215420767,0.07602739614410742,3.401605659578144e-05,0.0008457215420771824,1.3877787807814457e-17,4.85722573273506e-17,4.824699667560495e-16
0.0982947828606218,5.927487004037113e-05,0.0010801810500704,0.09829478286062197,5.927487004031562e-05,0.0010801810500709053,1.8041124150158794e-16,-5.551115123125783e-17,5.052382123782451e-16
0.1653964674357373,0.0001346105777891,0.0010458779011059,0.16539646743573727,0.00013461057778915708,0.00104587790110644,-2.7755575615628914e-17,5.708324438136181e-17,5.401495223322783e-16
0.1100815479779234,-4.991063943915464e-06,1.885892615005602e-05,0.11008154797792344,-4.991063944005669e-06,1.8858926149611932e-05,4.163336342344337e-17,-9.020562075079397e-17,-4.440892098500626e-16
0.136832740381507,0.0001611731144019,0.0019352766107001,0.13683274038150706,0.00016117311440189824,0.0019352766106996988,5.551115123125783e-17,-1.7618285302889447e-18,-4.0115480381963664e-16
0.0795848922706236,4.15202610724863e-06,0.000418280603712,0.07958489227062364,4.15202610724863e-06,0.00041828060371207343,4.163336342344337e-17,0.0,7.345469718589293e-17
0.1536317245869801,0.0001071672712011,0.0009504438668144,0.15363172458698024,0.0001071672712010946,0.0009504438668144211,1.3877787807814457e-16,-5.407458335271453e-18,2.1033522146218786e-17
0.0730156158952245,8.857239748992496e-06,0.0001130079070112,0.07301561589522451,8.857239748992496e-06,0.0001130079070112977,1.3877787807814457e-17,0.0,9.770016826810002e-17
0.2281799876412062,0.0001071325425836,0.0009364392498598,0.2281799876412062,0.00010713254258368221,0.0009364392498598662,0.0,8.220962972871337e-17,6.613633252161577e-17
0.0179453594898294,4.269607624906441e-06,0.0003278823748003,0.017945359489829477,4.269607624892563e-06,0.00032788237480074756,7.632783294297951e-17,-1.3877787807814457e-17,4.475586568020162e-16
0.146892283547394,0.0001200976592215,0.0009246519361676,0.146892283547394,0.00012009765922151028,0.0009246519361671979,0.0,1.0272815584300155e-17,-4.021305857748736e-16
0.0816649559991511,6.998191644007334e-06,0.0004486295691346,0.08166495599915108,6.998191644021212e-06,0.0004486295691346065,-2.7755575615628914e-17,1.3877787807814457e-17,6.5052130349130266e-18
0.1004702318045517,7.282152522954805e-05,0.0009798733119712,0.10047023180455172,7.282152522958274e-05,0.0009798733119712466,2.7755575615628914e-17,3.469446951953614e-17,4.662069341687669e-17
0.1223450281196006,9.297477785123048e-05,0.0013137169095882,0.12234502811960069,9.297477785120273e-05,0.0013137169095887025,8.326672684688674e-17,-2.7755575615628914e-17,5.024192867297828e-16
0.1381057989744397,1.92176847202824e-05,0.0004199558350745,0.13810579897443964,1.9217684720254646e-05,0.00041995583507414835,-5.551115123125783e-17,-2.7752187483839896e-17,-3.5166097464567336e-16
0.0752642461884794,2.0204058113725e-05,0.0004068424197978,0.07526424618847943,2.0204058113725e-05,0.000406842419797826,2.7755575615628914e-17,0.0,2.596664203102783e-17
0.2472459237800687,0.0001851180289506,0.0015163599967067,0.24724592378006877,0.00018511802895065932,0.001516359996707184,5.551115123125783e-17,5.930585883495709e-17,4.839878497975292e-16
0.1336009393435347,3.965161350807239e-05,0.0005445540836972,0.1336009393435347,3.9651613508003e-05,0.0005445540836968021,0.0,-6.938893903907228e-17,-3.9790219730218013e-16
0.0291635727648442,2.8973594982835416e-06,9.69296930155572e-05,0.029163572764844256,2.8973594982835416e-06,9.692969301511312e-05,5.551115123125783e-17,0.0,-4.440892098500626e-16
0.0534917053022946,2.889083281748528e-05,0.0004190962726995,0.05349170530229462,2.8890832817506096e-05,0.0004190962726999814,2.0816681711721685e-17,2.0816681711721685e-17,4.81385764583564e-16
0.1033407821767321,4.7117461076495726e-05,0.0007042762445452,0.10334078217673226,4.7117461076433276e-05,0.0007042762445452766,1.6653345369377348e-16,-6.245004513516506e-17,7.654467337747661e-17
0.2658159448445947,0.000128110169445,0.0011502734702273,0.2658159448445947,0.00012811016944505593,0.0011502734702277806,0.0,5.594483210025203e-17,4.805184028455756e-16
0.0506780510426823,1.8163760794699668e-05,0.0005584661243234,0.05067805104268236,1.816376079467885e-05,0.000558466124322976,6.245004513516506e-17,-2.0816681711721685e-17,-4.2392304944183223e-16
0.1237701916677972,0.0001129838026475,0.0014304300028089,0.1237701916677972,0.0001129838026475774,0.0014304300028089578,0.0,7.739848258830895e-17,5.789639601072594e-17
0.1716948262646542,4.3155976748823766e-05,0.0002401481087113,0.17169482626465443,4.315597674871274e-05,0.0002401481087113133,2.220446049250313e-16,-1.1102230246251565e-16,1.3308581667259567e-17
0.0297028948984017,-1.888584509179142e-07,-1.3103401328429244e-05,0.029702894898401583,-1.8885845079821828e-07,-1.3103401328429243e-05,-1.1796119636642288e-16,1.196959198423997e-16,1.6940658945086007e-21
0.0299955679155372,3.358952583059488e-06,0.0001678023567128,0.02999556791553727,3.358952583059488e-06,0.00016780235671287613,6.938893903907228e-17,0.0,7.613809756279455e-17
0.0982363803193479,0.0001008086800241,0.0009945286796333,0.09823638031934781,0.00010080868002431548,0.0009945286796333441,-8.326672684688674e-17,2.1547162925433794e-16,4.401860820291148e-17
0.1368284831152476,0.000102450733408,0.001237703591975,0.13682848311524767,0.00010245073340804656,0.001237703591975059,8.326672684688674e-17,4.6552930781096347e-17,5.898059818321144e-17
0.1214532657491944,5.878588849139027e-05,0.0007857157096848,0.12145326574919468,5.878588849127231e-05,0.0007857157096848866,2.7755575615628914e-16,-1.1796119636642288e-16,8.66277535815918e-17
0.1426178174399608,9.885306525815596e-05,0.0008789045724486,0.1426178174399608,9.885306525815596e-05,0.0008789045724486577,0.0,0.0,5.767955557622884e-17
0.0724277600571376,1.3572283696847154e-06,0.0001230438918575,0.07242776005713766,1.3572283696847154e-06,0.00012304389185757714,6.938893903907228e-17,0.0,7.714098457234364e-17
0.1016956467205835,2.0142030276809608e-05,0.0004256461306235,0.10169564672058355,2.0142030276809608e-05,0.00042564613062401335,5.551115123125783e-17,0.0,5.1336972867188635e-16
0.1575171874747661,-1.0033237693093944e-05,0.0011364487349014,0.15751718747476617,-1.003323769317721e-05,0.001136448734900597,8.326672684688674e-17,-8.326672684688674e-17,-8.029601289427646e-16
0.0509588555798793,1.959969014007218e-05,0.0005816553645803,0.05095885557987899,1.9599690140332388e-05,0.0005816553645807687,-3.122502256758253e-16,2.6020852139652106e-16,4.687005991654836e-16
0.1436760811359465,6.43872468915202e-05,0.0006288973747361,0.14367608113594685,6.43872468912704e-05,0.0006288973747361482,3.608224830031759e-16,-2.498001805406602e-16,4.8138576458356397e-17
0.0856587452581413,1.003828059163714e-05,0.0005450063047232,0.08565874525814132,1.0038280591637139e-05,0.0005450063047232057,2.7755575615628914e-17,-1.6940658945086007e-21,5.637851296924623e-18
0.107806766404497,6.592829997228988e-05,0.0005460140501765,0.10780676640449705,6.592829997228988e-05,0.0005460140501765132,4.163336342344337e-17,0.0,1.3118846287074604e-17
0.142204324458355,3.708014163419926e-05,0.0004797454938207,0.14220432445835507,3.708014163419926e-05,0.00047974549382079346,5.551115123125783e-17,0.0,9.345822726825048e-17
0.1269928573970626,1.4737572683880262e-05,0.0003690380539538,0.12699285739706265,1.4737572683880262e-05,0.0003690380539538296,5.551115123125783e-17,0.0,2.959871930885427e-17
0.122331974676115,7.944523493604722e-05,0.0011685369278149,0.12233197467611504,7.944523493604722e-05,0.0011685369278149338,4.163336342344337e-17,0.0,3.382710778154774e-17
0.0973929637283446,6.096500550432232e-05,0.0007666509966526,0.09739296372834497,6.096500550407946e-05,0.0007666509966530732,3.608224830031759e-16,-2.42861286636753e-16,4.732542482899227e-16
0.1032923793034845,1.0883059414996954e-05,-0.0002195005476686,0.1032923793034842,1.0883059415198182e-05,-0.00021950054766906035,-3.0531133177191805e-16,2.0122792321330962e-16,-4.603522424373452e-16
0.0619467007585534,-1.2001290011429131e-06,-0.0001155360093161,0.06194670075855349,-1.2001290011429133e-06,-0.00011553600931613062,9.020562075079397e-17,-2.117582368135751e-22,-3.061515884555943e-17
0.2008212088071634,0.0001866561982982,0.0011500532541708,0.20082120880716342,0.0001866561982982462,0.0011500532541708353,2.7755575615628914e-17,4.6214117602194626e-17,3.5344990823027445e-17
0.1160589126803344,3.604848055007576e-05,0.0008119431717075,0.11605891268033448,3.6048480550075757e-05,0.0008119431717070746,8.326672684688674e-17,-6.776263578034403e-21,-4.253325122660634e-16
0.116782203288267,5.103831002056109e-05,0.0007697263548727,0.11678220328826705,5.103831002060272e-05,0.000769726354873157,5.551115123125783e-17,4.1626587159865336e-17,4.569912157026401e-16
0.1100980175565495,3.624499564193473e-05,0.0007953084903515,0.11009801755654958,3.624499564193473e-05,0.0007953084903515872,8.326672684688674e-17,0.0,8.727827488508311e-17
0.0929907540166694,5.728458942217546e-05,0.0010546415653638,0.09299075401666906,5.728458942242526e-05,0.00105464156536339,-3.3306690738754696e-16,2.498001805406602e-16,-4.100452616340178e-16
0.0526057710666022,7.320054877187759e-06,0.0001272605952156,0.052605771066602275,7.320054877205107e-06,0.00012726059521606103,7.632783294297951e-17,1.734723475976807e-17,4.610298687951486e-16
0.1151487126559885,-2.657777280763718e-06,1.0304821412177034e-05,0.11514871265598926,-2.6577772812563794e-06,1.0304821412177034e-05,7.632783294297951e-16,-4.926614671774132e-16,0.0
0.1753021889461717,-1.2760118080157312e-05,9.869837494047572e-05,0.17530218894617142,-1.2760118079907512e-05,9.869837494047573e-05,-2.7755575615628914e-16,2.498001805406602e-16,1.3552527156068805e-20
0.0906751154604119,5.6707386638557566e-05,0.0009861404202471,0.09067511546041153,5.670738663880043e-05,0.000986140420247139,-3.7470027081099033e-16,2.42861286636753e-16,3.903127820947816e-17
0.0668140315733394,5.437012162042704e-05,0.0009576752170747,0.06681403157333979,5.4370121620180706e-05,0.0009576752170752378,3.885780586188048e-16,-2.4633750985228464e-16,5.3787269777005875e-16
0.2191941385428898,0.0002807899081658,0.0021918234439053,0.21919413854288983,0.0002807899081657128,0.0021918234439048945,2.7755575615628914e-17,-8.716985466783456e-17,-4.0549161250957866e-16
0.0764794462227258,9.260901116532603e-06,9.738711171491944e-05,0.07647944622272584,9.260901116532605e-06,9.738711171491943e-05,4.163336342344337e-17,1.6940658945086007e-21,-1.3552527156068805e-20
0.096702690854945,-1.7383684290099566e-05,-0.0001375202968425,0.09670269085494501,-1.7383684290099566e-05,-0.00013752029684299671,1.3877787807814457e-17,0.0,-4.967272253242339e-16
0.1101755354889614,1.4049340327636216e-05,0.0002987498472708,0.11017553548896147,1.404934032767785e-05,0.0002987498472712957,6.938893903907228e-17,4.163505748933788e-17,4.956972332603726e-16
0.0638968135963728,2.0306693746342808e-05,0.0004888432127496,0.06389681359637286,2.0306693746342808e-05,0.0004888432127496678,6.938893903907228e-17,0.0,6.776263578034403e-17
0.111536971791433,4.403655706659848e-05,0.0004552926292595,0.11153697179143306,4.403655706659848e-05,0.000455292629260029,5.551115123125783e-17,0.0,5.289822399556776e-16
0.153153599915042,7.791932285428071e-05,0.0010085596376812,0.15315359991504204,7.791932285421133e-05,0.0010085596376807615,5.551115123125783e-17,-6.938893903907228e-17,-4.38451358553138e-16
0.12563866868946,9.894122979802604e-05,0.0012371791448471,0.12563866868946,9.894122979802605e-05,0.0012371791448471114,0.0,1.3552527156068805e-20,1.1492543028346347e-17
0.132321939418469,1.422601096474213e-05,0.0004591262868069,0.13232193941846906,1.422601096474213e-05,0.00045912628680699896,5.551115123125783e-17,0.0,9.898765834792655e-17
0.1221046653949246,2.575378843583387e-05,0.0005081439428309,0.1221046653949246,2.575378843583387e-05,0.000508143942831385,0.0,0.0,4.849636317527661e-16
0.2298890928746961,0.000201911422162,0.0015037671706688,0.2298890928746961,0.00020191142216192948,0.0015037671706688016,0.0,-7.052735132018206e-17,1.5178830414797062e-18
0.0394368576148442,6.553294245450342e-06,0.0001825772294372,0.03943685761484424,6.5532942454329945e-06,0.00018257722943681998,3.469446951953614e-17,-1.734723475976807e-17,-3.800128614561693e-16
0.0675629801996725,2.96282877369769e-06,9.629138322697628e-05,0.06756298019967252,2.96282877369769e-06,9.629138322697628e-05,2.7755575615628914e-17,0.0,0.0
0.0696120568155553,1.660992446564369e-05,0.0005750574376537,0.0696120568155553,1.660992446564369e-05,0.0005750574376528483,0.0,0.0,-8.516408064873637e-16
0.0809726358978129,4.612897791794052e-05,0.0007065082208965,0.0809726358978129,4.6128977918009906e-05,0.0007065082208974616,0.0,6.938893903907228e-17,9.615789067773939e-16
0.145057106836538,-0.0001001146635986,-0.00120844715354,0.145057106836538,-0.00010011466359860499,-0.001208447153540071,0.0,-4.9873299934333204e-18,-7.090682208055199e-17
0.1341283296143008,-0.0001020573495691,-0.0016657228337435,0.13412832961430088,-0.00010205734956914014,-0.0016657228337431107,8.326672684688674e-17,-4.01425854362758e-17,3.892285799222961e-16
0.1587660703534446,-9.601456629740324e-05,-0.0013100450232248,0.15876607035344462,-9.601456629750038e-05,-0.0013100450232244043,2.7755575615628914e-17,-9.71445146547012e-17,3.957337929572091e-16
0.1220436466740616,-0.0002052894485799,-0.002668707451892,0.12204364667406165,-0.00020528944858007325,-0.002668707451893848,4.163336342344337e-17,-1.732555071631836e-16,-1.8479141827842938e-15
0.0961755753830458,-0.0001111819145727,-0.0030474936881752,0.0961755753830466,-0.00011118191457316906,-0.003047493688174363,7.91033905045424e-16,-4.690665173986974e-16,8.370040771588094e-16
0.0907885875838178,-0.0003097542229962,-0.0038360484522002,0.09078858758381712,-0.0003097542229957631,-0.0038360484522002025,-6.800116025829084e-16,4.36879265403034e-16,-2.6020852139652106e-18
0.1479692098492215,-0.0005418882391819,-0.0063537093504741,0.1479692098492215,-0.0005418882391819285,-0.00635370935047419,0.0,-2.8514517136368767e-17,-9.020562075079397e-17
0.1513972082595671,-0.0007227438309482,-0.0070391084319378,0.1513972082595671,-0.0007227438309482803,-0.0070391084319378905,0.0,-8.033938098117588e-17,-9.020562075079397e-17
0.1442503459567793,-0.000406408766067,-0.0073187095470661,0.14425034595677935,-0.000406408766067054,-0.007318709547066149,5.551115123125783e-17,-5.399326818977812e-17,-4.85722573273506e-17
0.1199877025642609,-0.0004398973621937,-0.0072411024104321,0.11998770256426099,-0.0004398973621937141,-0.007241102410431743,8.326672684688674e-17,-1.4094628242311558e-17,3.5648567431323386e-16
0.0944877764732274,-0.000289020338814,-0.0065340203160628,0.09448777647322747,-0.000289020338814068,-0.006534020316063316,6.938893903907228e-17,-6.80336863234654e-17,-5.160802341031001e-16
0.1445958857276063,-0.0009486840522345,-0.0101466967927117,0.14459588572760632,-0.000948684052234583,-0.01014669679271174,2.7755575615628914e-17,-8.294146619514109e-17,-3.9898639947466563e-17
0.1018083908167035,-0.0001999668354851,-0.0059133660174195,0.10180839081670359,-0.0001999668354851214,-0.0059133660174204294,9.71445146547012e-17,-2.1385887852276575e-17,-9.298117831235686e-16
0.1123533848133163,-0.000271854586275,-0.0041357930117924,0.11235338481331632,-0.0002718545862749125,-0.0041357930117915664,1.3877787807814457e-17,8.749511531958021e-17,8.335346302068558e-16
0.0672854462851313,-7.082244824424891e-05,-0.0016631114512848,0.06728544628513215,-7.082244824469647e-05,-0.0016631114512848377,8.465450562766819e-16,-4.475586568020162e-16,-3.7730235602495554e-17
0.2489545581595602,-0.0001312363243709,0.0007563802835215,0.24895455815955944,-0.0001312363243705511,0.0007563802835219846,-7.494005416219807e-16,3.4889625910583533e-16,4.846383711010205e-16
0.0627965038219108,6.391028543248703e-05,0.0014497640644273,0.06279650382191079,6.391028543246274e-05,0.0014497640644268728,-1.3877787807814457e-17,-2.42861286636753e-17,-4.2717565595928875e-16
0.0550936972392448,3.489022817988047e-05,0.0007740640293407,0.05509369723924487,3.489022817988047e-05,0.0007740640293412149,6.938893903907228e-17,0.0,5.148876117133661e-16
0.1046434577469322,3.838515686743066e-05,0.0005654204086886,0.10464345774693222,3.8385156867382086e-05,0.0005654204086886772,1.3877787807814457e-17,-4.85722573273506e-17,7.719519468096792e-17
0.1226932699720674,2.000664980440076e-05,0.0002743962430415,0.12269326997206671,2.0006649804789334e-05,0.00027439624304115284,-6.938893903907228e-16,3.8857467048701577e-16,-3.471615356298585e-16
0.1431081916002369,0.0001067011105114,0.0013483996405079,0.1431081916002377,0.00010670111051098996,0.0013483996405079246,7.771561172376096e-16,-4.100452616340178e-16,2.45029690981724e-17
0.1078631962100577,0.0001391366545664,0.0027539187278553,0.10786319621005774,0.00013913665456646157,0.0027539187278549093,4.163336342344337e-17,6.158268339717665e-17,-3.907464629637758e-16
0.1322669295612033,0.0003489421756144,0.0047779536660166,0.13226692956120334,0.00034894217561448615,0.004777953666017076,2.7755575615628914e-17,8.613986260397333e-17,4.761815941556335e-16
0.1512695051954737,0.0003419810441454,0.0038239961824664,0.15126950519547372,0.0003419810441454285,0.003823996182466871,2.7755575615628914e-17,2.8514517136368767e-17,4.709774237277031e-16
0.1076932687838253,0.0001288675178298,0.0022247077684731,0.10769326878382539,0.00012886751782978378,0.0022247077684731664,8.326672684688674e-17,-1.620882247865829e-17,6.635317295611287e-17
0.0743019281847124,0.0001005974886681,0.0026298916421714,0.07430192818471243,0.00010059748866812768,0.0026298916421709784,2.7755575615628914e-17,2.76742604526925e-17,-4.215378046623641e-16
0.1215321093545009,7.384593362583236e-05,0.0004027987482055,0.12153210935450093,7.384593362583236e-05,0.0004027987482055906,2.7755575615628914e-17,0.0,9.05850915111639e-17
0.1086035510633162,-3.1178720723681885e-05,-0.0003418274366357,0.10860355106331625,-3.1178720723681885e-05,-0.00034182743663579984,4.163336342344337e-17,0.0,-9.985502008591496e-17
0.1627046997280256,0.0001524255205714,0.0020699363688647,0.16270469972802568,0.00015242552057140313,0.0020699363688656547,8.326672684688674e-17,3.1170812458958252e-18,9.545315926562381e-16
0.1917094095654564,0.0001870879670909,0.001693314450736,0.19170940956545648,0.00018708796709074327,0.0016933144507356168,8.326672684688674e-17,-1.5672142403277967e-16,-3.8315704775637727e-16
0.091654271206979,-1.842247192918034e-05,-0.0004041026886505,0.091654271206979,-1.8422471929221973e-05,-0.00040410268865098686,0.0,-4.163336342344337e-17,-4.868609855546158e-16
0.0573708182308965,-6.13498452699604e-06,-0.0001191664023854,0.057370818230896584,-6.13498452699604e-06,-0.00011916640238540666,8.326672684688674e-17,0.0,-6.6542908336297835e-18
0.0609505288823314,1.4147873654505457e-05,0.0002865764073982,0.060950528882331434,1.4147873654505455e-05,0.0002865764073982646,3.469446951953614e-17,-1.6940658945086007e-21,6.461844948013606e-17
0.1379504443734628,0.0001599065931312,0.0020145557064497,0.13795044437346288,0.0001599065931312954,0.0020145557064497055,8.326672684688674e-17,9.540979117872439e-17,5.637851296924623e-18
0.1515864540871784,0.0001811342896239,0.0013829166247956,0.15158645408717847,0.00018113428962396316,0.001382916624795616,5.551115123125783e-17,6.315477654728063e-17,1.6046192152785466e-17
0.1175548937927182,4.242029382242607e-05,0.0004075785075055,0.11755489379271822,4.242029382242607e-05,0.0004075785075059457,1.3877787807814457e-17,0.0,4.457155131087909e-16
0.1019572301061465,8.812886413800403e-06,0.0001147119573756,0.10195723010614499,8.812886414688581e-06,0.0001147119573756683,-1.5126788710517758e-15,8.881784197001252e-16,6.830473686658678e-17
0.1482710302397886,4.322283353749845e-05,0.0005917280186396,0.1482710302397901,4.322283353651313e-05,0.0005917280186391594,1.4988010832439613e-15,-9.853229343548264e-16,-4.40619762898109e-16
0.1113898794164816,2.051454122307256e-05,0.0005807897775196,0.11138987941648164,2.0514541223072558e-05,0.0005807897775200743,4.163336342344337e-17,-3.3881317890172014e-21,4.743384504624082e-16
0.0736717731885547,3.141075506000318e-05,0.0005842440212422,0.0736717731885547,3.141075505996849e-05,0.0005842440212417976,0.0,-3.469446951953614e-17,-4.023474262093707e-16
0.1392721820310084,0.0001108433482393,0.0015868212459659,0.13927218203100844,0.00011084334823933256,0.0015868212459659858,2.7755575615628914e-17,3.256672275603334e-17,8.586881206085195e-17
0.0654494170089233,2.896023011446716e-05,0.0008784272065343,0.06544941700892336,2.896023011446716e-05,0.0008784272065343046,5.551115123125783e-17,0.0,4.662069341687669e-18
0.0905352155857819,2.9545755445350985e-06,0.0001285916800006,0.0905352155857819,2.9545755445350985e-06,0.0001285916800006781,0.0,0.0,7.81167665275806e-17
0.1121893129614359,6.292265446607159e-06,0.0002578881199091,0.11218931296143597,6.292265446607159e-06,0.0002578881199091221,6.938893903907228e-17,0.0,2.2063514210080015e-17
0.1184537805528119,5.7005592948466965e-05,0.000569210007463,0.11845378055281194,5.7005592948466965e-05,0.0005692100074630169,4.163336342344337e-17,0.0,1.691355389077387e-17
0.1790060771648689,0.0001361285342378,0.0012012355317199,0.17900607716486897,0.00013612853423784765,0.001201235531719913,5.551115123125783e-17,4.765068548073792e-17,1.3010426069826053e-17
0.1310322875948221,7.689529104010911e-05,0.0010822788797271,0.1310322875948221,7.689529104010911e-05,0.0010822788797271166,0.0,0.0,1.6479873021779667e-17
0.0794694533269179,1.620788746622276e-05,0.0006694337329231,0.07946945332691649,1.620788746716645e-05,0.0006694337329231637,-1.4155343563970746e-15,9.43689570931383e-16,6.364266752489911e-17
0.0580375111317021,3.81310447280965e-05,0.0006308402480734,0.05803751113170365,3.813104472715281e-05,0.000630840248073472,1.547373340571312e-15,-9.43689570931383e-16,7.209944447028604e-17
0.1708531811313076,9.103154319589636e-05,0.0010846164749205,0.1708531811313076,9.103154319589635e-05,0.00108461647492053,0.0,-1.3552527156068805e-20,3.0140820395097023e-17
0.0546853156075422,-1.4606602398731933e-05,-3.9276618975403466e-05,0.054685315607542265,-1.4606602398731933e-05,-3.9276618974959376e-05,6.245004513516506e-17,0.0,4.440892098500626e-16
0.1849192797441288,0.0002339940351517,0.0014405889633466,0.18491927974412886,0.00023399403515168837,0.001440588963346201,5.551115123125783e-17,-1.1628068299907035e-17,-3.9898639947466563e-16
0.1334585924026658,3.234580760701211e-06,0.0009443977389418,0.13345859240266583,3.234580760701211e-06,0.0009443977389418379,2.7755575615628914e-17,0.0,3.7838655819744105e-17
0.0632979007486648,2.480171574230361e-05,0.0003807546869309,0.06329790074866483,2.480171574230361e-05,0.00038075468693055114,2.7755575615628914e-17,0.0,-3.4884204899721105e-16
0.154646703519519,5.355924164782144e-05,0.0011081504206749,0.15464670351951756,5.355924164883452e-05,0.0011081504206753579,-1.4432899320127035e-15,1.0130785099704553e-15,4.5775015722338e-16
0.0751141599304892,1.0664966024878653e-05,8.090119069148471e-05,0.0751141599304922,1.0664966022970457e-05,8.090119069148471e-05,2.9976021664879227e-15,-1.908195823574488e-15,0.0
0.1470720600796652,8.247690854980283e-05,0.0009554856950106,0.14707206007966228,8.247690855171796e-05,0.0009554856950106938,-2.914335439641036e-15,1.915134717478395e-15,9.378348791999613e-17
0.2362797397457353,7.902600875654697e-05,0.000356276631567,0.23627973974573685,7.90260087555894e-05,0.00035627663156612144,1.5543122344752192e-15,-9.575673587391975e-16,-8.785832304736285e-16
0.0189754276086113,-9.99670997710311e-07,-5.263070776662104e-05,0.018975427608611303,-9.99670997692964e-07,-5.2630707765288776e-05,3.469446951953614e-18,1.7347023001531257e-17,1.3322676295501878e-15
0.0694145009286697,1.8674498908723136e-05,0.0003819547222141,0.0694145009286682,1.867449890964601e-05,0.0003819547222136954,-1.4988010832439613e-15,9.228728892196614e-16,-4.04570040662966e-16
0.1569747472952375,0.0001783852887669,0.0021712320092648,0.15697474729524058,0.00017838528876504278,0.00217123200926439,3.0808688933348094e-15,-1.857211216413357e-15,-4.098284211995207e-16
0.0871431857252352,5.976023995749036e-05,0.001275161266276,0.08714318572523372,5.976023995848956e-05,0.001275161266276914,-1.4849232954361469e-15,9.992007221626409e-16,9.139824314052802e-16
0.1874324511609974,2.5153148347167864e-05,2.906720929551909e-05,0.18743245116099594,2.515314834806992e-05,2.9067209295075003e-05,-1.4710455076283324e-15,9.020562075079397e-16,-4.440858217182736e-16
0.1098791213874746,1.9914017520397675e-05,0.0002370267024009,0.10987912138747616,1.991401751943317e-05,0.00023702670240099977,1.5543122344752192e-15,-9.645062526431047e-16,9.977370492297855e-17
0.1462112186377803,0.0002149297183167,0.0019253131482797,0.1462112186377803,0.00021492971831671426,0.001925313148279706,0.0,1.4257258568184383e-17,5.854691731421724e-18
0.0592673705801621,4.240705534282879e-05,0.00087678020965,0.05926737058016217,4.240705534282879e-05,0.0008767802096500965,6.938893903907228e-17,0.0,9.64939933512099e-17
0.0738818164441983,4.009254541439966e-05,0.0007427596307958,0.07388181644419688,4.009254541536417e-05,0.0007427596307958417,-1.429412144204889e-15,9.645062526431047e-16,4.174178364069192e-17
0.106759659502374,6.977336172121068e-05,0.0009194152509701,0.10675965950237705,6.977336171927473e-05,0.0009194152509701681,3.0531133177191805e-15,-1.9359513991901167e-15,6.808789643208968e-17
0.1223027131139093,6.53007133209621e-05,0.0010661412124703,0.12230271311390781,6.530071332193355e-05,0.001066141212469951,-1.4988010832439613e-15,9.71445146547012e-16,-3.4911309954033243e-16
0.0775054448241581,3.111227538019068e-05,0.0004937506548379,0.0775054448241596,3.111227537924699e-05,0.0004937506548383652,1.4988010832439613e-15,-9.43689570931383e-16,4.6523115221353e-16
0.1203660108448205,3.3503247737924624e-05,0.0004527090523844,0.12036601084481904,3.350324773889607e-05,0.0004527090523844812,-1.457167719820518e-15,9.71445146547012e-16,8.120674271916428e-17
0.1056742550981632,5.6667205833582646e-05,0.0009117557465554,0.1056742550981632,5.6667205833582646e-05,0.0009117557465554427,0.0,0.0,4.2717565595928875e-17
0.0493997770103412,6.631903278129375e-06,0.0004830198128296,0.0493997770103398,6.63190327910082e-06,0.0004830198128296104,-1.4016565685892601e-15,9.71445146547012e-16,1.0354130747236567e-17
0.0053621435786411,3.542724252665261e-07,5.700642061201577e-05,0.005362143578642593,3.5427242429204517e-07,5.7006420612015773e-05,1.4927295510780425e-15,-9.744809126299714e-16,6.776263578034403e-21
0.2921389485919473,6.8775814353772e-05,0.0010496815109313,0.29213894859194733,6.8775814353772e-05,0.0010496815109308777,5.551115123125783e-17,0.0,-4.2240516640035253e-16
0.1542459625055528,0.0001113265453703,0.0011080260864213,0.1542459625055513,0.00011132654537140962,0.0011080260864217983,-1.4988010832439613e-15,1.1096267134302895e-15,4.982993184743378e-16
0.1784419585704866,5.2538209624558574e-05,0.000665174128811,0.1784419585704881,5.253820962357325e-05,0.0006651741288110635,1.5265566588595902e-15,-9.853229343548264e-16,6.353424730765056e-17
0.1513734633360816,5.723791320962068e-05,0.000480252683594,0.15137346333608168,5.723791320962068e-05,0.00048025268359452866,8.326672684688674e-17,0.0,5.28656979303932e-16
0.0591721385023001,1.2333238786018524e-05,0.0002721417385251,0.059172138502301595,1.2333238785005446e-05,0.0002721417385247449,1.4918621893400541e-15,-1.0130785099704553e-15,-3.55130421597627e-16
0.0559311566306332,2.9428004958847315e-05,0.0004401564151512,0.05593115663063174,2.94280049598257e-05,0.0004401564151512716,-1.4641066137244252e-15,9.783840404509192e-16,7.155734338404329e-17
0.1213451183009717,6.684457233930435e-05,0.0010230742384038,0.1213451183009703,6.684457234028274e-05,0.001023074238403865,-1.3877787807814457e-15,9.783840404509192e-16,6.483528991463317e-17
0.0729097125098465,1.1472251614977336e-05,0.000305479688182,0.0729097125098465,1.1472251614977336e-05,0.0003054796881820643,0.0,0.0,6.429318882839041e-17
0.0768605513024705,1.4541710369804506e-05,0.0001385431522975,0.07686055130247207,1.4541710368826122e-05,0.00013854315229799852,1.5681900222830336e-15,-9.783840404509192e-16,4.985161589088349e-16
0.1338801743026724,3.23687668852754e-05,0.000445229805404,0.13388017430267243,3.236876688521295e-05,0.00044522980540318,2.7755575615628914e-17,-6.245004513516506e-17,-8.19982103050787e-16
0.1740769039814395,0.0001119474416056,0.0010390330338267,0.1740769039814395,0.00011194744160571146,0.0010390330338272413,0.0,1.1145598333150986e-16,5.412337245047638e-16
0.0968863601259011,-2.0881787285154108e-06,0.0002021417966182,0.09688636012590111,-2.0881787285154108e-06,0.00020214179661826037,1.3877787807814457e-17,0.0,6.036295595313046e-17
0.1367199161861125,8.908234757115663e-05,0.0008518144877336,0.13671991618611257,8.908234757115663e-05,0.0008518144877331935,5.551115123125783e-17,0.0,-4.0657581468206416e-16
0.1119098504341703,2.914238477542963e-05,0.0007447347173972,0.11190985043417033,2.9142384775478203e-05,0.0007447347173972219,2.7755575615628914e-17,4.85722573273506e-17,2.190088388420719e-17
0.0716536499329599,4.61708662021082e-05,0.0006767632117967,0.0716536499329599,4.617086620213595e-05,0.0006767632117976596,0.0,2.774879935205088e-17,9.5962734286692e-16
0.149159114749306,9.477685587960805e-05,0.0012239448633479,0.14915911474930604,9.477685587955254e-05,0.001223944863347537,5.551115123125783e-17,-5.551115123125783e-17,-3.629908873481469e-16
0.0518436148293398,-6.431180251457308e-06,-0.0001858368638116,0.051843614829339836,-6.431180251457308e-06,-0.00018583686381123954,3.469446951953614e-17,0.0,3.604701172971181e-16
0.097445452060154,-6.614192602207719e-05,-0.000730055602216,0.09744545206015409,-6.614192602211882e-05,-0.000730055602216062,9.71445146547012e-17,-4.163336342344337e-17,-6.201636426617085e-17
0.0954223902812946,-2.1242742096722056e-05,0.0002247228900436,0.0954223902812946,-2.124274209676369e-05,0.00022472289004316082,0.0,-4.163336342344337e-17,-4.391831950195657e-16
0.2995536354383019,0.0006186115966937,0.0029000371487959,0.29955363543830194,0.0006186115966937411,0.002900037148795942,5.551115123125783e-17,4.109126233720062e-17,4.206704429243757e-17
0.0274926775581166,-9.19993708471678e-07,-0.0001285425976353,0.02749267755811667,-9.19993708471678e-07,-0.00012854259763539488,6.938893903907228e-17,0.0,-9.489479514679378e-17
0.1241908062219521,3.334698495730676e-05,0.0001561966205949,0.12419080622195217,3.334698495730676e-05,0.00015619662059540573,6.938893903907228e-17,0.0,5.057261033558635e-16
0.0855016531316928,1.6129241425223706e-05,0.0004209164432729,0.08550165313169282,1.612924142518901e-05,0.0004209164432729118,1.3877787807814457e-17,-3.469446951953614e-17,1.1763593571467723e-17
0.0524379042905132,1.24659323410721e-05,0.0003475977708826,0.05243790429051323,1.2465932341044345e-05,0.00034759777088133603,3.469446951953614e-17,-2.7755575615628914e-17,-1.263962892683601e-15
0.2054386916396151,9.567772279688024e-05,0.0014065513903163,0.2054386916396151,9.567772279706066e-05,0.0014065513903176452,0.0,1.80424794028744e-16,1.345278055620014e-15
0.1374017588963186,5.07543800091631e-05,0.0007373050560608,0.13740175889631712,5.0754380010092914e-05,0.0007373050560608441,-1.4710455076283324e-15,9.298117831235686e-16,4.401860820291148e-17
0.0620932123106509,1.799163280929994e-05,0.0002781618349723,0.062093212310653886,1.7991632807270314e-05,0.0002781618349718684,2.9837243786801082e-15,-2.0296264668928643e-15,-4.3156667475785504e-16
0.129134886575936,2.7874501364572035e-05,0.0003862652382209,0.12913488657593603,2.7874501364572035e-05,0.0003862652382209397,2.7755575615628914e-17,0.0,3.973600962159374e-17
0.1037576682504037,-1.7065096224767873e-05,-0.0001745500546221,0.10375766825040224,-1.7065096223768672e-05,-0.0001745500546217471,-1.457167719820518e-15,9.992007221626409e-16,3.5288070208971956e-16
0.0977882033659489,7.745727240431044e-06,0.0006084334114322,0.09778820336594896,7.745727240382472e-06,0.0006084334114317969,5.551115123125783e-17,-4.85722573273506e-17,-4.0310636773011055e-16
0.0978646677346857,8.334995209962476e-05,0.0013135483321478,0.09786466773468572,8.334995209962476e-05,0.001313548332147807,1.3877787807814457e-17,0.0,6.938893903907228e-18
0.0955747732240499,4.7562109497883975e-05,0.0008493099514059,0.09557477322404992,4.7562109497883975e-05,0.0008493099514059743,1.3877787807814457e-17,0.0,7.426784881525705e-17
0.0856338694219216,1.986818138535046e-05,0.0003187375061552,0.08563386942192162,1.986818138535046e-05,0.0003187375061552977,2.7755575615628914e-17,0.0,9.774082584956822e-17
0.0730677901348037,1.9308025849547328e-05,0.0005602919092551,0.07306779013480373,1.9308025849547328e-05,0.0005602919092551062,2.7755575615628914e-17,0.0,6.179952383167375e-18
0.2938160215090655,3.455366911334079e-05,0.0001247203012124,0.2938160215090655,3.455366911334079e-05,0.00012472030121291056,0.0,0.0,5.10550803023424e-16
0.1327304455678495,6.008381067381524e-05,0.000789229475393,0.13273044556784955,6.008381067374585e-05,0.0007892294753930607,5.551115123125783e-17,-6.938893903907228e-17,6.06069014419397e-17
0.0664820919316905,3.017289642112328e-05,0.0007302446898282,0.06648209193169052,3.0172896421095524e-05,0.0007302446898278525,2.7755575615628914e-17,-2.7755575615628914e-17,-3.4748679628160417e-16
0.1332850918117367,0.0001465036280453,0.001528169500772,0.13328509181173678,0.00014650362804530942,0.0015281695007720586,8.326672684688674e-17,9.432558900623889e-18,5.854691731421724e-17
0.0750639232540521,2.34240470598987e-05,0.0003140184017418,0.07506392325405213,2.34240470598987e-05,0.0003140184017422776,2.7755575615628914e-17,0.0,4.775910569798647e-16
0.0627073953653557,7.695223905184595e-06,0.000243513393042,0.06270739536535577,7.695223905160309e-06,0.00024351339304162778,6.938893903907228e-17,-2.42861286636753e-17,-3.722337108685858e-16
0.0663128048411553,8.700503078769989e-06,0.0002831148653004,0.06631280484115537,8.700503078769989e-06,0.00028311486530041563,6.938893903907228e-17,0.0,1.5612511283791264e-17
0.1158265556605932,4.55565478051298e-05,0.0006970668688919,0.11582655566059327,4.55565478051298e-05,0.0006970668688919268,6.938893903907228e-17,0.0,2.677979366039196e-17
0.125289692287648,7.504880316167722e-05,0.0008578579403684,0.12528969228764805,7.504880316167722e-05,0.0008578579403684117,5.551115123125783e-17,0.0,1.1709383462843448e-17
0.2187235146185246,2.076531600818388e-05,0.0008165396816961,0.21872351461852463,2.0765316008183876e-05,0.000816539681696149,2.7755575615628914e-17,-3.3881317890172014e-21,4.90059381963448e-17
0.0882734244813467,6.586047258047567e-06,8.749546633257665e-05,0.08827342448134674,6.586047258047567e-06,8.749546633257665e-05,4.163336342344337e-17,0.0,0.0
0.0489636055306652,6.250028365250432e-06,0.0002184779031071,0.04896360553066527,6.250028365250432e-06,0.00021847790310713933,6.938893903907228e-17,0.0,3.9329433806911673e-17
0.1063637969733264,0.0001267998343991,0.0017730229022769,0.10636379697332649,0.00012679983439917164,0.0017730229022769883,8.326672684688674e-17,7.16386585469797e-17,8.825405684032006e-17
0.122750199865759,0.0001263512405431,0.0015298615868006,0.12275019986575902,0.00012635124054310998,0.0015298615868006848,2.7755575615628914e-17,9.974659986866641e-18,8.478460988836645e-17
0.0651426821288569,1.5764312276483894e-05,0.0001698293741374,0.06514268212885699,1.5764312276483894e-05,0.00016982937413789756,8.326672684688674e-17,0.0,4.975674820079101e-16
0.0813467550189414,-7.506669299379987e-05,-0.0005245976135941,0.08134675501894144,-7.506669299384844e-05,-0.0005245976135945796,4.163336342344337e-17,-4.85722573273506e-17,-4.795426208903386e-16
0.1853724574697864,-1.5967102482389306e-05,0.0005773795566752,0.1853724574697864,-1.5967102482389306e-05,0.0005773795566752504,0.0,0.0,5.0415401020575956e-17
0.1323009481849732,3.836301253299507e-05,0.0017066934412683,0.1323009481849732,3.836301253299507e-05,0.001706693441268392,0.0,0.0,9.215718466126788e-17
0.1124853663047973,8.368504169709023e-05,0.0011936455529202,0.1124853663047973,8.368504169709023e-05,0.0011936455529202306,0.0,0.0,3.0574501264091225e-17
0.1102672987971031,9.583518999330132e-05,0.0010590658366815,0.11026729879710316,9.583518999330132e-05,0.001059065836681583,5.551115123125783e-17,0.0,8.304988641238964e-17
0.0609109788063556,-3.862393778145817e-06,-8.348435596738923e-05,0.060910978806355695,-3.862393778145817e-06,-8.348435596694515e-05,9.71445146547012e-17,0.0,4.440892098500626e-16
0.1416184110992677,1.141946126100024e-05,0.000167403180014,0.14161841109926776,1.1419461260930852e-05,0.0001674031800145137,5.551115123125783e-17,-6.938724497317778e-17,5.13694989323632e-16
0.1356209186171399,-2.5376097744084225e-06,0.0003084651223512,0.13562091861713998,-2.537609774519445e-06,0.0003084651223503876,8.326672684688674e-17,-1.1102230246251565e-16,-8.123926878433885e-16
0.0897497955687047,2.932228548629956e-05,0.0007235380985166,0.08974979556870477,2.932228548629956e-05,0.0007235380985166628,6.938893903907228e-17,0.0,6.288372600415926e-17
0.0888462334250336,5.796786049159369e-05,0.0012653578657051,0.08884623342503362,5.796786049159369e-05,0.0012653578657055853,1.3877787807814457e-17,0.0,4.852888924045118e-16
0.1471035170892884,0.000199441479586,0.0016869976117486,0.14710351708929134,0.0001994414795839089,0.0016869976117477314,2.942091015256665e-15,-2.0911007300727924e-15,-8.686627805953862e-16
0.1107928814541677,4.67363743344093e-05,0.0004732985412734,0.1107928814541648,4.673637433651873e-05,0.00047329854127386994,-2.9004576518332215e-15,2.1094237467877974e-15,4.699474316638419e-16
0.079041709776305,-2.811783975806975e-05,-0.0006548610400662,0.07904170977630508,-2.811783975806975e-05,-0.0006548610400658461,8.326672684688674e-17,0.0,3.5388358909926865e-16
0.1435606043492067,3.689614647528483e-05,0.0005060924412494,0.1435606043492067,3.689614647520156e-05,0.0005060924412489953,0.0,-8.326672684688674e-17,-4.0462425077159025e-16
0.1281994019835667,5.776197162266766e-05,0.0009913960082617,0.12819940198356675,5.776197162266766e-05,0.0009913960082625906,5.551115123125783e-17,0.0,8.905636644795933e-16
0.1863577126844568,0.0002466288230701,0.0022104584094906,0.18635771268445683,0.00024662882306995815,0.002210458409489746,2.7755575615628914e-17,-1.4186785426972826e-16,-8.539176310495833e-16
0.0308349809890215,7.002080043295653e-06,0.0003090497674245,0.03083498098902158,7.002080043295653e-06,0.0003090497674245185,7.979727989493313e-17,0.0,1.848564704087785e-17
0.1075636541987076,6.440619337675507e-05,0.0010349325579621,0.10756365419870473,6.44061933788298e-05,0.0010349325579621649,-2.8727020762175925e-15,2.0747292772682613e-15,6.483528991463317e-17
0.071618457160244,1.4296977465827476e-05,0.0003870035158595,0.07161845716024692,1.4296977463752747e-05,0.00038700351585951864,2.9282132274488504e-15,-2.0747292772682613e-15,1.8648277366750676e-17
0.054294133263048,1.1927634150366018e-05,0.0003121609453926,0.054294133263048064,1.1927634150366018e-05,0.0003121609453926588,6.245004513516506e-17,0.0,5.881796785733862e-17
0.3485029384338319,0.0001269776536869,0.0012674966987358,0.34850293843383195,0.00012697765368699376,0.001267496698735826,5.551115123125783e-17,9.3756382865684e-17,2.6020852139652106e-17
0.105870041012333,0.0001167550170963,0.0015419066432031,0.10587004101233018,0.00011675501709843689,0.0015419066432031947,-2.8171909249863347e-15,2.136881166805993e-15,9.475926987523309e-17
0.0308962335122377,5.117280136024416e-06,0.0002108839365972,0.030896233512240658,5.117280133939278e-06,0.00021088393659685067,2.959438250016433e-15,-2.085137618124122e-15,-3.4932993997482953e-16
0.0480202456465387,2.815697609336032e-05,0.0005954564554295,0.0480202456465387,2.8156976093384606e-05,0.0005954564554300212,0.0,2.42861286636753e-17,5.212844045310305e-16
0.0954874408787531,5.723400842698456e-05,0.0007971496779495,0.09548744087875315,5.723400842698456e-05,0.0007971496779490828,4.163336342344337e-17,0.0,-4.172009959724221e-16
0.195163265160925,5.603709850079963e-05,-3.0652956015675414e-05,0.19516326516092503,5.60370985008829e-05,-3.0652956014787236e-05,2.7755575615628914e-17,8.326672684688674e-17,8.881784197001252e-16
0.1026854130567113,5.581624115762185e-05,0.000838699225877,0.10268541305671133,5.5816241157580215e-05,0.000838699225876649,2.7755575615628914e-17,-4.163336342344337e-17,-3.509562432335578e-16
0.1133118150582393,3.802072995683775e-05,0.0009078867644887,0.11331181505823934,3.802072995683775e-05,0.000907886764488719,4.163336342344337e-17,0.0,1.8973538018496328e-17
0.0105067682845639,8.644692488816649e-07,9.690224813097004e-05,0.010506768284563964,8.644692488816649e-07,9.690224813141413e-05,6.418476861114186e-17,0.0,4.440892098500626e-16
0.1574980771728018,1.385896912536877e-06,0.0001839075898746,0.15749807717280181,1.385896912467488e-06,0.0001839075898741882,2.7755575615628914e-17,-6.938893903907228e-17,-4.118070901643067e-16
0.1517953545868897,0.0001945441885675,0.0024558857619272,0.1517953545868897,0.0001945441885675414,0.0024558857619272345,0.0,4.141652298894627e-17,3.469446951953614e-17
0.0765447215500788,5.849102979548632e-05,0.0012275022186716,0.07654472155007888,5.8491029795486316e-05,0.0012275022186716278,8.326672684688674e-17,-6.776263578034403e-21,2.7755575615628914e-17
0.1414345705674063,-1.229190298965288e-05,-4.652164265683823e-05,0.14143457056740638,-1.2291902989652881e-05,-4.6521642656838225e-05,8.326672684688674e-17,-1.6940658945086007e-21,6.776263578034403e-21
0.2235768615898155,-8.449425412544731e-05,0.0002756366956835,0.22357686158981555,-8.449425412544731e-05,0.00027563669568353433,5.551115123125783e-17,0.0,3.4314998759166215e-17
0.0737935674944452,3.598809294892008e-05,0.0007929924458429,0.07379356749444807,3.598809294681066e-05,0.0007929924458434101,2.8727020762175925e-15,-2.1094237467877974e-15,5.101171221544298e-16
0.0565550792686692,5.475737067842448e-05,0.0010553424139745,0.05655507926866926,5.475737067839673e-05,0.0010553424139736478,6.245004513516506e-17,-2.7755575615628914e-17,-8.521829075736065e-16
0.1044849940930922,9.360392772390924e-05,0.0013149814193167,0.10448499409308942,9.36039277260603e-05,0.001314981419317185,-2.7755575615628914e-15,2.1510571102112408e-15,4.848552115355176e-16
0.0806786227769903,3.173721881789826e-05,0.0006766910194584,0.08067862277698751,3.173721882001462e-05,0.0006766910194584419,-2.789435349370706e-15,2.1163626406917047e-15,4.185020385794047e-17
0.0734609647154273,2.6615666499418825e-05,0.0004395900984972,0.07346096471543018,2.661566649729552e-05,0.0004395900984968115,2.8727020762175925e-15,-2.123304922727401e-15,-3.8846963840155624e-16
0.1205754299635854,6.161116527556021e-05,0.000735576515022,0.12057542996358545,6.161116527560878e-05,0.0007355765150225402,4.163336342344337e-17,4.85722573273506e-17,5.401495223322783e-16
0.2110576694761429,0.0001712247266324,0.0013353341698434,0.21105766947614296,0.0001712247266324879,0.0013353341698434384,5.551115123125783e-17,8.790169113426227e-17,3.838075690598686e-17
0.0192883683347593,1.5998595287430167e-06,8.850498436618892e-05,0.019288368334759387,1.5998595287430167e-06,8.850498436530074e-05,8.673617379884035e-17,0.0,-8.881784197001252e-16
0.1928776001536268,7.120580371938745e-05,0.0006524316594642,0.6440525633017238,0.0013417694663979685,0.004426664843921291,0.451174963148097,0.001270563662678581,0.0037742331844570908
0.0422466977738068,-4.391367510250821e-07,3.012386794498667e-05,0.04224669777380973,-4.391367531622614e-07,3.012386794543076e-05,2.9282132274488504e-15,-2.1371793224034263e-15,4.440892098500626e-16
0.1505325391179025,0.000116066737653,0.0011734552450466,0.15053253911789966,0.0001160667376551433,0.0011734552450453073,-2.831068712794149e-15,2.1433050646779694e-15,-1.2928026704717155e-15
0.0916236276234913,1.9358233729033225e-05,0.0003600306756985,0.09162362762349133,1.9358233729116492e-05,0.000360030675699452,2.7755575615628914e-17,8.326672684688674e-17,9.520379276595214e-16
0.0419282110350137,2.029497933566521e-05,0.0004842317133646,0.04192821103501376,2.029497933566521e-05,0.00048423171336464677,6.245004513516506e-17,0.0,4.6783323742749516e-17
0.115207061651171,0.0001319573060572,0.0013095265035962,0.11520706165116822,0.00013195730605937428,0.001309526503596281,-2.789435349370706e-15,2.1742861417567427e-15,8.109832250191573e-17
0.1549807441612051,9.080340287481724e-05,0.0015028685594762,0.15498074416120794,9.080340287268007e-05,0.0015028685594762337,2.831068712794149e-15,-2.1371657698762703e-15,3.361026734705064e-17
0.0588453692773322,3.093259242852031e-05,0.0005613095662435,0.05884536927732946,3.093259243067137e-05,0.0005613095662435619,-2.7408630920433552e-15,2.1510571102112408e-15,6.19079440489223e-17
0.1379861512803543,5.2625670022760085e-05,0.0002690744310043,0.13798615128035996,5.262567001845797e-05,0.0002690744310043236,5.662137425588298e-15,-4.3021142204224816e-15,2.358139725155972e-17
0.0470762806564815,9.092547891602354e-06,0.0001498480045545,0.047076280656478675,9.09254789375688e-06,0.0001498480045549755,-2.824129818890242e-15,2.1545265571631944e-15,4.75476862743518e-16
0.0554473420886539,1.0844730883176334e-05,0.000147836902355,0.05544734208865389,1.0844730883148579e-05,0.00014783690235509184,-6.938893903907228e-18,-2.7755575615628914e-17,9.183192400952223e-17
0.0768858120282481,2.878883983997021e-05,0.0005167416959475,0.0768858120282481,2.878883983993552e-05,0.000516741695947065,0.0,-3.4691081387747125e-17,-4.349819116011844e-16
0.1235666160074148,0.0001131723845041,0.0011427848302769,0.12356661600741489,0.00011317238450413852,0.001142784830276966,9.71445146547012e-17,3.8529834704703614e-17,6.613633252161577e-17
0.2250398510790823,0.0002746623294137,0.0020228944477422,0.2250398510790823,0.00027466232941379676,0.002022894447742285,0.0,9.676504389433127e-17,8.500145032286355e-17
0.0994884236196271,5.5532847762267135e-05,0.0007691362746915,0.09948842361962715,5.5532847762267135e-05,0.0007691362746915509,4.163336342344337e-17,0.0,5.084908188957016e-17
0.1107919467883043,1.744908813162971e-05,0.0002514470249574,0.1107919467883043,1.744908813162971e-05,0.00025144702495794036,0.0,0.0,5.403663627667754e-16
0.056695816642908,1.0856366048944688e-05,0.0001802227992508,0.056695816642908015,1.0856366048920402e-05,0.00018022279924956308,1.3877787807814457e-17,-2.42861286636753e-17,-1.2369120484800877e-15
0.0682460424777094,1.7437073382982338e-05,0.0003121275586255,0.06824604247770939,1.743707338303785e-05,0.0003121275586264183,-1.3877787807814457e-17,5.551115123125783e-17,9.18265029986598e-16
0.2008147544052924,0.0001936177054722,0.0014089093512024,0.2008147544052924,0.00019361770547228485,0.0014089093512024142,0.0,8.483881999699072e-17,1.431146867680866e-17
0.1672381184483047,0.0001142962753692,0.0012380873213926,0.16723811844830472,0.00011429627536928277,0.0012380873213926336,2.7755575615628914e-17,8.277883586926826e-17,3.361026734705064e-17
0.0809189461877003,2.989624384078932e-05,0.0006074256502945,0.08091894618770035,2.9896243840789316e-05,0.0006074256502945907,4.163336342344337e-17,-3.3881317890172014e-21,9.074772183703672e-17
0.0626670393763154,4.006544236125759e-05,0.0007535708374297,0.06266703937631544,4.0065442361257586e-05,0.0007535708374297734,4.163336342344337e-17,-6.776263578034403e-21,7.340048707726865e-17
0.2760937039586523,0.0001547180174924,0.0011112145385174,0.27609370395865235,0.00015471801749245007,0.0011112145385174799,5.551115123125783e-17,5.006303531451817e-17,7.979727989493313e-17
0.0712299656774403,2.5879655823769776e-05,0.0005133622532391,0.07122996567744039,2.5879655823769776e-05,0.0005133622532391691,8.326672684688674e-17,0.0,6.906367838732663e-17
0.0819434774591006,5.943826580340206e-05,0.000916516967218,0.08194347745910063,5.943826580340206e-05,0.0009165169672180618,2.7755575615628914e-17,0.0,6.179952383167375e-17
0.1619893060537179,8.041380851314672e-05,0.0006177005240903,0.1619893060537179,8.041380851314672e-05,0.0006177005240908251,0.0,0.0,5.250791121347298e-16
0.1058733303496682,-1.4725423915978864e-05,-0.0001292225235562,0.10587333034966823,-1.4725423916020497e-05,-0.0001292225235567379,2.7755575615628914e-17,-4.163336342344337e-17,-5.378998028243709e-16
0.0799408549462938,8.059302748011921e-07,0.0004916469038076,0.07994085494629383,8.059302748011921e-07,0.0004916469038080962,2.7755575615628914e-17,0.0,4.961309141293668e-16
0.0867656727722552,0.0001546499418915,0.0034759883149049,0.08676567277225528,0.00015464994189150205,0.003475988314904477,6.938893903907228e-17,2.0599841277224584e-18,-4.2327252813834093e-16
0.1740024827337193,0.0007725276430054,0.006358686134086,0.17400248273371938,0.0007725276430054634,0.006358686134086522,8.326672684688674e-17,6.342582709040201e-17,5.221517662690189e-16
0.1050243859162039,0.0001161028340425,0.0022447863605545,0.10502438591620115,0.00011610283404468041,0.0022447863605536966,-2.7478019859472624e-15,2.180411884031286e-15,-8.031769693772617e-16
0.1105027829712229,0.0003255456921484,0.0045419545174012,0.11050278297122572,0.00032554569214628126,0.004541954517401692,2.8171909249863347e-15,-2.1187478854711728e-15,4.917941054394248e-16
0.1223664102828854,0.0003629897695545,0.0070941347670374,0.12236641028288546,0.0003629897695545947,0.007094134767037463,5.551115123125783e-17,9.470505976660881e-17,6.331740687315346e-17
0.0844396066153343,0.0002543196843217,0.0057196314699212,0.08443960661533434,0.00025431968432171326,0.005719631469920827,4.163336342344337e-17,1.328147661294743e-17,-3.7296554733501353e-16
0.1204672342680207,0.0004754139105372,0.0078926644798378,0.12046723426801803,0.00047541391053954746,0.007892664479838274,-2.6645352591003757e-15,2.34746033375699e-15,4.735795089416683e-16
0.1510317215225449,0.0010052977961681,0.0106460444789315,0.15103172152254762,0.0010052977961658993,0.010646044478931138,2.7200464103316335e-15,-2.200713569711077e-15,-3.625572064791527e-16
0.0854688473936021,0.0001354363732005,0.0065927277425639,0.08546884739360217,0.0001354363732005634,0.006592727742564808,6.938893903907228e-17,6.339872203608987e-17,9.081277396738585e-16
0.0590746066646971,0.0002604637829102,0.0053315484374194,0.059074606664699846,0.0002604637829079215,0.005331548437419009,2.7478019859472624e-15,-2.278505075586912e-15,-3.9118014383277e-16
0.1168005201911381,0.0007130178185519,0.00999654810454,0.11680052019113545,0.0007130178185543387,0.009996548104540093,-2.6506574712925612e-15,2.438695946571645e-15,9.194034422677078e-17
0.1658511259822471,0.0015373294098416,0.0148386649196141,0.16585112598224974,0.0015373294098392914,0.014838664919614608,2.6367796834847468e-15,-2.308483265656136e-15,5.082739784612045e-16
0.0951078666136267,0.0003316225408302,0.008863861420302,0.09510786661362416,0.0003316225408326254,0.008863861420300712,-2.5396351688300456e-15,2.4253602598500734e-15,-1.2888995426507677e-15
0.0610579174431491,0.0003291633203416,0.0058183546236629,0.06105791744314917,0.0003291633203417431,0.0058183546236643124,7.632783294297951e-17,1.430604766594623e-16,1.412064909445121e-15
0.1299260879000282,0.0008806252830343,0.012123469190588,0.12992608790002824,0.000880625283034342,0.012123469190587155,5.551115123125783e-17,4.195862407518902e-17,-8.448103328007051e-16
0.1289363110282986,0.0012015944116238,0.0132201756821515,0.1289363110282961,0.0012015944116264138,0.013220175682151947,-2.4980018054066022e-15,2.613794597428054e-15,4.475586568020162e-16
0.1844870679346578,0.0017551167171005,0.0189011555949654,0.18448706793466038,0.0017551167170979792,0.018901155594964525,2.581268532253489e-15,-2.520770051028798e-15,-8.743006318923108e-16
0.1603317753388181,0.0015632392136485,0.0171850931481603,0.1603317753388181,0.0015632392136487455,0.017185093148160746,0.0,2.454633718507182e-16,4.475586568020162e-16
0.0674407820298843,0.0004137159955435,0.0067887263882671,0.06744078202988958,0.0004137159955484443,0.006788726388267552,5.287437154777308e-15,4.944287167185646e-15,4.518954654919582e-16
0.0649379832607552,0.0001674020971995,0.006416028148914,0.06493798326074997,0.0001674020971948048,0.006416028148914066,-5.23192600354605e-15,-4.695191718057101e-15,6.591949208711867e-17
0.0689089940972494,0.0003164789036263,0.0067646262918503,0.06890899409724709,0.0003164789036290139,0.006764626291850373,-2.3175905639050143e-15,2.713866457948466e-15,7.28583859910259e-17
0.1750419642261388,0.0017994139665397,0.0184763795821525,0.1750419642261412,0.001799413966537114,0.018476379582152536,2.4147350785597155e-15,-2.586039021812425e-15,3.469446951953614e-17
0.0903321735314436,0.0005933022346982,0.0096712183491822,0.0903321735314436,0.00059330223469823,0.009671218349182276,0.0,3.003240017784847e-17,7.632783294297951e-17
0.1295806725435745,0.0009829858065807,0.0122050146277663,0.12958067254357686,0.0009829858065780739,0.012205014627766353,2.3592239273284576e-15,-2.626154502194389e-15,5.377642775528102e-17
0.153135166693885,0.0015386266898669,0.0142141331055496,0.15313516669388277,0.001538626689869746,0.014214133105549642,-2.220446049250313e-15,2.846030702774449e-15,4.163336342344337e-17
0.0521428576260998,-6.77847987863335e-05,0.0047264086723437,0.05214285762609766,-6.778479878355101e-05,0.0047264086723437515,-2.1371793224034263e-15,2.7824964554667986e-15,5.117434254131581e-17
0.1711720337184173,0.0014286449424384,0.0134275400927075,0.17117203371841955,0.001428644942435664,0.013427540092707524,2.248201624865942e-15,-2.736092602484419e-15,2.42861286636753e-17
0.1341683485049773,0.0006359284581796,0.0084248147532415,0.1341683485049773,0.0006359284581796548,0.008424814753241527,0.0,5.4860629927766524e-17,2.7755575615628914e-17
0.0817703121519697,0.0001406792884833,0.0032654371071645,0.08177031215196974,0.00014067928848336686,0.003265437107164537,4.163336342344337e-17,6.686816898804349e-17,3.729655473350135e-17
0.2104303227611906,0.0002707868009517,0.0010973433637406,0.21043032276119067,0.0002707868009517861,0.001097343363740677,5.551115123125783e-17,8.608565249534905e-17,7.719519468096792e-17
0.0551347055255704,-1.096553990034832e-05,-0.0002877876264815,0.05513470552557252,-1.0965539903196736e-05,-0.0002877876264815171,2.123301534595612e-15,-2.8484159475539172e-15,-1.713039432527097e-17
0.1255258494864969,-4.171084893984933e-06,0.0001323310143703,0.12552584948649487,-4.171084891133048e-06,0.0001323310143703793,-2.0261570199409107e-15,2.851885394505871e-15,7.930938891731465e-17
0.1164873862000936,0.0001005474874855,0.0016392161548388,0.11648738620009363,0.00010054748748557912,0.0016392161548388628,2.7755575615628914e-17,7.911965353712969e-17,6.288372600415926e-17
0.0889917300735652,7.296484597078823e-05,0.0013180372892209,0.08899173007356523,7.296484597078823e-05,0.0013180372892209746,2.7755575615628914e-17,0.0,7.45931094670027e-17
0.211125696466443,0.00018388325685,0.0011994028291759,0.21112569646644308,0.00018388325685002316,0.0011994028291759662,8.326672684688674e-17,2.314771638256552e-17,6.613633252161577e-17
0.0423721926566133,2.660846577164089e-06,3.644336387420566e-05,0.042372192656615494,2.6608465743052645e-06,3.644336387420566e-05,2.192690473634684e-15,-2.858824288409778e-15,0.0
0.0669117195678672,1.6898784711463777e-05,0.0003845081000806,0.06691171956786517,1.68987847143226e-05,0.0003845081000806161,-2.040034807748725e-15,2.858824288409778e-15,1.610040226140974e-17
0.208748601459202,0.0001031871675739,0.0008274443488716,0.20874860145920418,0.00010318716757110047,0.0008274443488716088,2.192690473634684e-15,-2.799531982101977e-15,8.782037597132586e-18
0.135111254277389,4.449929603561609e-05,0.0008781465289606,0.1351112542773812,4.449929603426994e-05,0.0008781465289606771,-7.799316747991725e-15,-1.3461454173580023e-15,7.708677446371937e-17
0.0393304551851256,2.0342451868996664e-05,0.0006672268320793,0.03933045518513142,2.0342451873205103e-05,0.0006672268320793151,5.814793091474257e-15,4.208439152719734e-15,1.5070410197548512e-17
0.0176502861919585,5.15267261347839e-06,0.0003078455932241,0.017650286191958547,5.15267261347839e-06,0.00030784559322416527,4.85722573273506e-17,0.0,6.526897078362737e-17
0.2360702636960375,0.0002462880623977,0.001429298214437,0.23607026369603185,0.00024628806239353207,0.001429298214437047,-5.662137425588298e-15,-4.1679442015774004e-15,4.705437428587089e-17
0.0698526452870008,1.4302396395174388e-05,0.0003534632205832,0.06985264528700447,1.4302396402238182e-05,0.0003534632205832722,3.6637359812630166e-15,7.0637939941775585e-15,7.215365457891032e-17
0.0743206737738458,1.707828098870129e-05,0.0003916869529581,0.07432067377384585,1.707828098870129e-05,0.0003916869529581035,5.551115123125783e-17,0.0,3.5236570605778894e-18
0.0662144124897222,5.9538055578942095e-06,9.201215780674232e-05,0.06621441248972224,5.9538055578942095e-06,9.201215780674232e-05,4.163336342344337e-17,0.0,0.0
0.2002775633657756,9.162174415285051e-05,0.000817840465892,0.2002775633657778,9.162174414997781e-05,0.0008178404658929495,2.192690473634684e-15,-2.8727020762175925e-15,9.494358424455562e-16
0.207446528594899,0.0001226066208773,0.0011265075667834,0.207446528594899,0.00012260662087718033,0.0011265075667825641,0.0,-1.1966881478808755e-16,-8.359198749863239e-16
0.0388701657751884,3.764979154472631e-06,0.0001684662122345,0.038870165775188426,3.7649791544726308e-06,0.0001684662122345415,2.7755575615628914e-17,-4.235164736271502e-22,4.149783815188268e-17
0.0726190062340415,4.51524673465431e-05,0.0008696575026503,0.07261900623404152,4.51524673465431e-05,0.0008696575026503339,2.7755575615628914e-17,0.0,3.393552799879629e-17
0.1947125597850496,0.0001823286285306,0.001881672135708,0.19471255978505175,0.0001823286285277531,0.0018816721357080013,2.1649348980190553e-15,-2.8468980645124375e-15,1.3010426069826053e-18
0.0407539006090308,1.7702278422515594e-05,0.0005481102761741,0.040753900609028795,1.7702278425395235e-05,0.0005481102761741852,-2.005340338229189e-15,2.8796409701214998e-15,8.521829075736065e-17
0.0364691121811985,7.299697928082188e-06,0.0003036137162615,0.0364691121811985,7.299697928082188e-06,0.0003036137162624186,0.0,0.0,9.18644500746968e-16
0.1184686126897161,5.080393508681558e-06,5.413123800224184e-05,0.11846861268971615,5.080393508584413e-06,5.4131238001353665e-05,4.163336342344337e-17,-9.71445146547012e-17,-8.881716434365472e-16
0.1867973222214961,-4.557085151918328e-05,-0.0002958002231752,0.18679732222149617,-4.5570851519183275e-05,-0.00029580022317521326,8.326672684688674e-17,6.776263578034403e-21,-1.328147661294743e-17
0.1306916290955835,9.8206823456376e-05,0.0014525229602044,0.13069162909558565,9.820682345349635e-05,0.0014525229602044831,2.1649348980190553e-15,-2.879654522648656e-15,8.304988641238964e-17
0.0950048597240529,0.0001362205523649,0.0011822960260516,0.09500485972405082,0.00013622055236785224,0.001182296026051688,-2.0816681711721685e-15,2.9522554106237164e-15,8.803721640582296e-17
0.1133175494847908,4.625754816511146e-05,0.0013370214983874,0.11331754948479089,4.625754816511146e-05,0.0013370214983874362,9.71445146547012e-17,0.0,3.621235256101585e-17
0.0408097769519885,1.0834766962945774e-05,0.0004633895477219,0.04080977695199061,1.0834766960055725e-05,0.0004633895477219596,2.1094237467877974e-15,-2.8900493109773606e-15,5.963111948670274e-17
0.1597977549724359,0.0005567387416302,0.0060629992159269,0.15979775497242804,0.0005567387416289954,0.006062999215926901,-7.854827899222983e-15,-1.204657033848644e-15,8.673617379884035e-19
0.1387959253952443,0.0002821512525158,0.0033374137353296,0.1387959253952443,0.00028215125251583595,0.0033374137353296973,0.0,3.594130201789447e-17,9.71445146547012e-17
0.0869582986576912,7.795304659524022e-05,0.0017811622267398,0.08695829865769707,7.795304659932029e-05,0.001781162226739852,5.870304242705515e-15,4.08006961549745e-15,5.182486384480711e-17
0.1399267590498648,0.0004505253523096,0.0061266358441294,0.13992675904986485,0.00045052535230964696,0.006126635844129424,5.551115123125783e-17,4.694595406862234e-17,2.42861286636753e-17
0.1418347413305053,0.0005608319561986,0.0061176365226529,0.14183474133050533,0.0005608319561986458,0.006117636522652958,2.7755575615628914e-17,4.575333167888829e-17,5.811323644522304e-17
0.0464016758722481,-4.595240657151098e-05,0.0019535123067653,0.046401675872248124,-4.595240657151098e-05,0.001953512306765326,2.7755575615628914e-17,0.0,2.6020852139652106e-17
0.1292544459788908,0.0003503017056819,0.0052184138409492,0.129254445978885,0.0003503017056779509,0.005218413840949232,-5.800915303666443e-15,-3.949097993061201e-15,3.209238430557093e-17
0.1382840629572982,0.0004465088061273,0.0057275653858752,0.1382840629573041,0.00044650880613129884,0.005727565385875266,5.9119376061289586e-15,3.998862872778286e-15,6.591949208711867e-17
0.1728103130971072,0.0006935980067839,0.0072289430751322,0.17281031309710126,0.0006935980067800385,0.0072289430751322215,-5.9396931817445875e-15,-3.8614944575243726e-15,2.168404344971009e-17
0.0781458058060626,0.0001735415247999,0.0036413460683819,0.07814580580606863,0.00017354152480381774,0.0036413460683819565,6.022959908591474e-15,3.917737445222058e-15,5.637851296924623e-17
0.0605313864755782,0.0001242100672803,0.0031630763045376,0.06053138647557231,0.00012421006727647912,0.0031630763045376042,-5.891120924417237e-15,-3.820863981110478e-15,4.336808689942018e-18
0.1204026442513578,0.000406604069827,0.0057658968781861,0.12040264425136385,0.000406604069830889,0.005765896878186183,6.050715484207103e-15,3.88897898259688e-15,8.326672684688674e-17
0.0674563153589341,0.0001372017502064,0.0036335055474587,0.06745631535893604,0.0001372017502034549,0.003633505547458782,1.942890293094024e-15,-2.945099676285312e-15,8.196568423990414e-17
0.2347638276721511,0.0018129026591894,0.013861439294021,0.23476382767214926,0.0018129026591924835,0.01386143929402106,-1.8318679906315083e-15,3.0834709785487746e-15,6.071532165918825e-17
0.0349265292167754,6.771062784539407e-05,0.0021252917597083,0.03492652921676938,6.771062784169737e-05,0.0021252917597083254,-6.022959908591474e-15,-3.696695727306576e-15,2.5587171270657905e-17
0.1090969358452279,0.000706304312312,0.0069997723308734,0.10909693584522792,0.0007063043123120422,0.006999772330873455,2.7755575615628914e-17,4.217546450968612e-17,5.4643789493269423e-17
0.1197585418215715,0.000423869582722,0.0078513937003661,0.11975854182157769,0.0004238695827256875,0.007851393700367026,6.189493362285248e-15,3.687480008840449e-15,9.26342336171615e-16
0.1206441011614895,0.0008686177979777,0.0079265980725447,0.12064410116148955,0.000868617797977686,0.007926598072543811,4.163336342344337e-17,-1.3986208025063007e-17,-8.881784197001252e-16
0.1406226649605199,0.0004284760249155,0.0092604507557192,0.14062266496051992,0.00042847602491559444,0.00926045075571924,2.7755575615628914e-17,9.443400922348744e-17,3.9898639947466563e-17
0.0874599339876365,0.0003165986170992,0.006014840085851,0.08745993398763478,0.00031659861710238435,0.00601484008585107,-1.7208456881689926e-15,3.1843559906985508e-15,6.938893903907228e-17
0.0413127268872887,1.5363509927524693e-05,0.0025762064687446,0.04131272688728879,1.5363509927524693e-05,0.0025762064687446795,9.020562075079397e-17,0.0,7.936359902593892e-17
0.0557997189064194,0.0001741145915151,0.0037116185052719,0.055799718906413213,0.00017411459151167596,0.0037116185052719075,-6.189493362285248e-15,-3.4240459859807837e-15,7.37257477290143e-18
0.3732532684833012,0.0050146260520269,0.0252933524025511,0.37325326848330914,0.005014626052027238,0.02529335240255115,7.93809462606987e-15,3.382710778154774e-16,4.85722573273506e-17
0.1247962403811544,0.0007914981362977,0.0094474946997218,0.12479624038115447,0.0007914981362977663,0.009447494699721837,6.938893903907228e-17,6.635317295611287e-17,3.642919299551295e-17
0.042125862266671,0.0001030222831027,0.0030831609538166,0.042125862266671005,0.00010302228310275427,0.003083160953816666,6.938893903907228e-18,5.42643187328995e-17,6.591949208711867e-17
0.0675563790168785,0.0002344214117859,0.005338188155056,0.0675563790168785,0.00023442141178593723,0.005338188155056045,0.0,3.721523957056494e-17,4.5102810375396984e-17
0.0805573849565111,0.0003669555435675,0.0065804061345069,0.08055738495651113,0.0003669555435675126,0.006580406134506944,2.7755575615628914e-17,1.2576745200831851e-17,4.423544863740858e-17
0.0841664609990278,0.0002797251143951,0.0068700344475569,0.08416646099902943,0.00027972511439195574,0.006870034447556961,1.6237011735142914e-15,-3.144240510316587e-15,6.071532165918825e-17
0.1602851792882562,0.0012382567921821,0.0126836631497058,0.16028517928825625,0.001238256792182181,0.012683663149705815,5.551115123125783e-17,8.109832250191573e-17,1.5612511283791264e-17
0.1235115381630031,0.0008562862767655,0.0101235514987303,0.12351153816299523,0.0008562862767658233,0.010123551498730343,-7.868705687030797e-15,3.233090878351774e-16,4.336808689942018e-17
0.1417296979360193,0.0008825915131363,0.0123914068840527,0.1417296979360258,0.000882591513139297,0.012391406884052714,6.494804694057166e-15,2.9969516451844314e-15,1.3877787807814457e-17
0.1055672030265703,0.000417052402274,0.007712836042355,0.10556720302656898,0.00041705240227726814,0.007712836042355065,-1.3183898417423734e-15,3.2681648186316803e-15,6.418476861114186e-17
0.1167338590765723,0.0005909557595059,0.0087512379124516,0.1167338590765723,0.0005909557595059414,0.008751237912451693,0.0,4.141652298894627e-17,9.194034422677078e-17
0.0771312254746312,0.0005545318985135,0.0058315592439708,0.07713122547462609,0.0005545318985075327,0.00583155924397083,-5.10702591327572e-15,-5.967231916925719e-15,2.949029909160572e-17
0.1553391406001701,0.0008712582061335,0.0109654678464643,0.15533914060017012,0.0008712582061335752,0.010965467846465238,2.7755575615628914e-17,7.524363077049401e-17,9.384854005034526e-16
0.1383674250452457,0.0007902743734779,0.0096160312608484,0.13836742504525235,0.0007902743734803999,0.009616031260847535,6.63358257213531e-15,2.499953369317076e-15,-8.656270145124267e-16
0.1146654588011066,0.0005227148415881,0.0083088079055286,0.11466545880110662,0.0005227148415881122,0.008308807905528681,2.7755575615628914e-17,1.22514845490862e-17,8.153200337090993e-17
0.1280990397884889,0.0005278708030555,0.0086299860798693,0.1280990397884889,0.0005278708030555246,0.008629986079869312,0.0,2.461138931542095e-17,1.214306433183765e-17
0.0842828220501596,0.0002571619993004,0.0053515571092921,0.08428282205015968,0.000257161999300478,0.005351557109292138,6.938893903907228e-17,7.795413620170777e-17,3.729655473350135e-17
0.1176640276983284,0.0004902867247675,0.0073811444870139,0.11766402769833514,0.0004902867247699033,0.007381144487013991,6.744604874597826e-15,2.4033509557486177e-15,9.107298248878237e-17
0.1161093038255751,0.0003149374899983,0.004606259737061,0.11610930382556843,0.00031493748999596866,0.00460625973706108,-6.675215935558754e-15,-2.33135993149558e-15,8.066464163292153e-17
0.0925756800576574,0.0001837621683443,0.0038064545941081,0.09257568005765075,0.00018376216834203526,0.0038064545941081107,-6.647460359943125e-15,-2.264735707996346e-15,1.0842021724855044e-17
0.1969873801788179,0.0010101369217683,0.0089045960129565,0.19698738017882472,0.0010101369217705922,0.008904596012956567,6.827871601444713e-15,2.2922202330688535e-15,6.765421556309548e-17
0.038661019261666,6.0491247681695656e-05,0.0021910607263775,0.0386610192616593,6.0491247679466537e-05,0.002191060726377536,-6.696032617270475e-15,-2.229119666630197e-15,3.599551212651875e-17
0.1058400013889067,0.0003066142741519,0.0046758794366006,0.10584000138891345,0.0003066142741541891,0.004675879436600638,6.744604874597826e-15,2.2891302568772698e-15,3.8163916471489756e-17
0.1707104189429885,0.0007318209900635,0.0078446127617493,0.1707104189429885,0.0007318209900635045,0.007844612761749303,0.0,4.445228907190568e-18,3.469446951953614e-18
0.0490688642860551,7.6032115187313e-05,0.0019370856952081,0.04906886428605408,7.603211519070265e-05,0.0019370856952081184,-1.0200174038743626e-15,3.389649672058681e-15,1.8431436932253575e-17
0.125491536588462,0.000381309853729,0.0053010133348019,0.12549153658846304,0.00038130985372567677,0.0053010133348019295,1.0547118733938987e-15,-3.323242288993944e-15,2.949029909160572e-17
0.1604084832990716,0.0004854590126505,0.0061981163728122,0.16040848329907165,0.0004854590126505548,0.006198116372812201,5.551115123125783e-17,5.480641981914225e-17,8.673617379884035e-19
0.0919434136082235,0.0002823601543102,0.0046818062943616,0.09194341360822353,0.00028236015431025094,0.004681806294361657,2.7755575615628914e-17,5.095750210681871e-17,5.637851296924623e-17
0.1756670368027901,0.000545919172468,0.0063756094883675,0.17566703680279017,0.0005459191724680387,0.006375609488367573,5.551115123125783e-17,3.870601755773251e-17,7.28583859910259e-17
0.131612831660566,0.0004106138531557,0.0050884251432039,0.13161283166056603,0.0004106138531557793,0.005088425143203956,2.7755575615628914e-17,7.930938891731465e-17,5.637851296924623e-17
0.0465708361284467,3.962224064526544e-05,0.0013500043023917,0.046570836128446785,3.962224064526544e-05,0.0013500043023926267,8.326672684688674e-17,0.0,9.267760170406092e-16
0.0633682952424874,8.027945589379401e-05,0.0022554022425191,0.06336829524248741,8.02794558937385e-05,0.0022554022425183007,1.3877787807814457e-17,-5.551115123125783e-17,-7.992738415563139e-16
0.0896715833627221,0.0001702828076935,0.0029478202025705,0.08967158336272119,0.00017028280769698992,0.0029478202025705613,-9.159339953157541e-16,3.489911267959278e-15,6.114900252818245e-17
0.1968026760434064,0.0007707619929215,0.0065998447283135,0.1968026760434083,0.000770761992914655,0.006599844728313542,1.887379141862766e-15,-6.845001995769984e-15,4.163336342344337e-17
0.0933891617544669,0.0001335977908609,0.0040429916000501,0.09338916175446607,0.00013359779086437318,0.004042991600050172,-8.326672684688674e-16,3.473187449448689e-15,7.19910242530375e-17
0.1231107459268742,0.0003859715272937,0.0053023056578496,0.12311074592687424,0.0003859715272937006,0.0053023056578505035,4.163336342344337e-17,5.963111948670274e-19,9.037909309839165e-16
0.0695805812014711,0.000114835235967,0.0030133647372121,0.0695805812014711,0.00011483523596701045,0.003013364737211255,0.0,1.0448998437329049e-17,-8.452440136696993e-16
0.1152457338816214,0.000351410181785,0.0049206204408189,0.11524573388162142,0.0003514101817850626,0.004920620440818979,1.3877787807814457e-17,6.261267546103788e-17,7.892991815694472e-17
0.1209099181754146,0.0003002150690041,0.004447220236166,0.12090991817541463,0.0003002150690041769,0.004447220236166061,2.7755575615628914e-17,7.686993402922226e-17,6.071532165918825e-17
0.0964018091276438,0.0003096268746948,0.0039418794408865,0.09640180912763692,0.00030962687469318975,0.003941879440886531,-6.8833827526759706e-15,-1.6102570665754712e-15,3.122502256758253e-17
0.0817760317984346,0.0001761730281723,0.003294244528825,0.0817760317984415,0.00017617302817400649,0.0032942445288250966,6.9111383282915995e-15,1.7064800093835597e-15,9.6710833785707e-17
0.0574605902137898,7.994425363295164e-05,0.0024237856419153,0.05746059021378984,7.994425363295164e-05,0.002423785641915366,4.163336342344337e-17,0.0,6.591949208711867e-17
0.0658722250225204,0.0001219228548302,0.0028451260988786,0.06587222502252042,0.00012192285483028989,0.0028451260988786586,2.7755575615628914e-17,8.989391262620439e-17,5.854691731421724e-17
0.1703833265176443,0.0011249281125863,0.0094081656446123,0.17038332651764432,0.0011249281125863542,0.009408165644612332,2.7755575615628914e-17,5.421010862427522e-17,3.122502256758253e-17
0.1748299061046435,0.0010890822110602,0.0090378641123862,0.17482990610464277,0.0010890822110636716,0.009037864112386274,-7.216449660063518e-16,3.4716153562985852e-15,7.28583859910259e-17
0.1158046753036818,0.0003417006123297,0.0065123964485689,0.1158046753036749,0.00034170061232829604,0.006512396448568936,-6.897260540483785e-15,-1.4039333931514797e-15,3.5561831257524545e-17
0.1770798113860871,0.0010119109030174,0.0093164675152941,0.17707981138609483,0.001011910903015431,0.009316467515294136,7.716050021144838e-15,-1.968911145233676e-15,3.642919299551295e-17
0.0650257602288797,0.0001154300530977,0.0036385475319651,0.06502576022887974,0.00011543005309772036,0.0036385475319651306,4.163336342344337e-17,2.0369448315571415e-17,3.0791341698588326e-17
0.1638473013695308,0.0009988021631529,0.0105408896394489,0.16384730136953082,0.0009988021631529356,0.010540889639448991,2.7755575615628914e-17,3.5561831257524545e-17,9.194034422677078e-17
0.0798119160737151,0.000304632090347,0.0046964911159426,0.07981191607371516,0.0003046320903470519,0.004696491115942614,5.551115123125783e-17,5.187907395343139e-17,1.3877787807814457e-17
0.1776531334144839,0.0011273128290394,0.0112532298924508,0.17765313341448397,0.0011273128290394292,0.011253229892450811,5.551115123125783e-17,2.927345865710862e-17,1.0408340855860843e-17
0.1068121610902896,0.0003101761452175,0.0070881394296762,0.10681216109028964,0.0003101761452175035,0.007088139429676232,4.163336342344337e-17,3.5236570605778894e-18,3.209238430557093e-17
0.0743398639135047,0.000191584800587,0.0044000812625064,0.0743398639135047,0.00019158480058708606,0.004400081262506461,0.0,8.605854744103691e-17,6.071532165918825e-17
0.0427430498223779,5.3432949347145126e-05,0.0021813160661929,0.04274304982237798,5.3432949347145126e-05,0.0021813160661929842,8.326672684688674e-17,0.0,8.413408858487514e-17
0.1252168204060128,0.0007305483922636,0.0074863434121894,0.1252168204060128,0.0007305483922636531,0.007486343412189456,0.0,5.312590645178972e-17,5.551115123125783e-17
0.187882329384647,0.0011019775580006,0.0110824377694989,0.18788232938464658,0.0011019775580041573,0.01108243776949891,-4.163336342344337e-16,3.55726732792494e-15,1.0408340855860843e-17
0.0833856355493441,0.0002423758022424,0.0051474547646854,0.08338563554934465,0.00024237580223894668,0.005147454764685477,5.551115123125783e-16,-3.4533194446378923e-15,7.719519468096792e-17
0.1411004339872014,0.000730581817169,0.0087593717096963,0.14110043398720193,0.0007305818171655515,0.00875937170969543,5.273559366969494e-16,-3.448521850024644e-15,-8.708311849403572e-16
0.114000396655749,0.0004210618782145,0.0069939229638906,0.11400039665574858,0.00042106187821819296,0.006993922963891563,-4.163336342344337e-16,3.692955229811501e-15,9.636388909051163e-16
0.0991612112420754,0.000366307254729,0.0062828065244255,0.09916121124207501,0.0003663072547326011,0.006282806524425588,-3.885780586188048e-16,3.6010690956933544e-15,8.847089727481716e-17
0.1026746290593854,0.000377975571607,0.0066817745096097,0.10267462905937871,0.0003779755716027504,0.006681774509609717,-6.689093723366568e-15,-4.249638835274183e-15,1.734723475976807e-17
0.0887465613406619,0.0003530447590885,0.0060022454348693,0.08874656134066898,0.0003530447590892518,0.00600224543486938,7.077671781985373e-15,7.517857864014488e-16,7.979727989493313e-17
0.1303816578941942,0.0008453805663032,0.0087532711702253,0.13038165789419426,0.0008453805663032124,0.008753271170225396,5.551115123125783e-17,1.235990476633475e-17,9.540979117872439e-17
0.1715743556599101,0.0009860182487076,0.0113776493475716,0.17157435565991017,0.0009860182487076794,0.011377649347571683,5.551115123125783e-17,7.936359902593892e-17,8.326672684688674e-17
0.0699431915972829,0.0001667440530343,0.0044245678537695,0.06994319159728295,0.00016674405303436762,0.004424567853769545,4.163336342344337e-17,6.762711050878334e-17,4.5102810375396984e-17
0.1523562125564701,0.0008265200755334,0.0094333187818254,0.15235621255647014,0.0008265200755334708,0.009433318781825406,2.7755575615628914e-17,7.079840186330344e-17,5.204170427930421e-18
0.1200483632782018,0.0004904846384072,0.0073008664110441,0.12004836327820183,0.0004904846384072899,0.007300866411044105,2.7755575615628914e-17,8.998878031629687e-17,4.336808689942018e-18
0.0676069206554965,0.00021257478839,0.0041988983234393,0.06760692065549655,0.00021257478839004171,0.004198898323439337,4.163336342344337e-17,4.1714678586379783e-17,3.729655473350135e-17
0.1431316603505069,0.0007664858458046,0.009374654478548,0.14313166035050695,0.0007664858458046493,0.009374654478548017,5.551115123125783e-17,4.933119884809045e-17,1.734723475976807e-17
0.0927331003622771,0.0003515914469555,0.0054635103065905,0.09273310036227715,0.0003515914469555733,0.0054635103065905355,5.551115123125783e-17,7.32920668600201e-17,3.5561831257524545e-17
0.1235871411801863,0.0005136086847975,0.0069168418755385,0.12358714118018631,0.0005136086847975924,0.0069168418755385375,1.3877787807814457e-17,9.237402509576498e-17,3.729655473350135e-17
0.1549842212332775,0.0007065949342077,0.0086487193805808,0.1549842212332704,0.000706594934207572,0.008648719380580872,-7.105427357601002e-15,-1.2793585635328952e-16,7.112366251504909e-17
0.0769058298216428,0.0002275772354331,0.004120116737436,0.07690582982164995,0.00022757723543329858,0.004120116737436064,7.147060721024445e-15,1.9857162789072014e-16,6.331740687315346e-17
0.1356783893059349,0.0004941779811592,0.0063568365741053,0.13567838930593495,0.0004941779811592512,0.006356836574105351,5.551115123125783e-17,5.117434254131581e-17,5.117434254131581e-17
0.1415763270566863,0.0006227237118569,0.0076623559145394,0.14157632705668638,0.0006227237118569571,0.007662355914539454,8.326672684688674e-17,5.713745448998608e-17,5.377642775528102e-17
0.1637856316499956,0.0007700390809399,0.0075643514249144,0.16378563164999566,0.0007700390809399028,0.007564351424914406,5.551115123125783e-17,2.8189256484623115e-18,6.071532165918825e-18
0.1265162473276272,0.0004183184162307,0.005964236378495,0.12651624732762726,0.0004183184162307109,0.00596423637849508,5.551115123125783e-17,1.089623183347932e-17,8.066464163292153e-17
0.0370282166185004,6.753872744510894e-05,0.0019473817350483,0.03702821661850042,6.753872744510894e-05,0.0019473817350483813,2.0816681711721685e-17,0.0,8.131516293641283e-17
0.0740930241099092,0.0001559278651937,0.0034296841268224,0.07409302410990218,0.00015592786519744075,0.00342968412682243,-7.022160630754115e-15,3.7407414405637995e-15,2.992397996059992e-17
0.2157384682915754,0.0010521639275863,0.0098912006922766,0.21573846829158244,0.0010521639275826852,0.00989120069227667,7.049916206369744e-15,-3.614730043066672e-15,6.938893903907228e-17
0.0256289211650735,2.71047656612343e-05,0.0014046850074826,0.025628921165073676,2.710476566478517e-05,0.0014046850074826978,1.7694179454963432e-16,3.5508705351072756e-15,9.77950359581925e-17
0.0938312104213228,0.0002684091033329,0.0043173984267737,0.09383121042132267,0.00026840910332940606,0.004317398426774588,-1.249000902703301e-16,-3.4939499210517866e-15,8.881784197001252e-16
0.1747455920617365,0.0009812967533436,0.0099956043049482,0.17474559206173654,0.0009812967533435139,0.009995604304947392,2.7755575615628914e-17,-8.608565249534905e-17,-8.083811398051921e-16
0.1518145161873313,0.0005659268515704,0.0065837392123482,0.1518145161873313,0.000565926851570404,0.0065837392123482275,0.0,4.0115480381963664e-18,2.7755575615628914e-17
0.148443333983022,0.0005392591704174,0.0074865231900611,0.14844333398302934,0.0005392591704206622,0.007486523190061156,7.327471962526033e-15,3.2622559167916343e-15,5.637851296924623e-17
0.033303613305519,3.460989888617004e-05,0.0013508886785036,0.03330361330550466,3.46098988835016e-05,0.0013508886785036367,-1.434269369937624e-14,-2.6684383869213235e-15,3.664603343001005e-17
0.1340438515538261,0.0004924530398851,0.0060540202718373,0.13404385155383317,0.0004924530398847243,0.006054020271837324,7.077671781985373e-15,-3.756760527662273e-16,2.3418766925686896e-17
0.043983377549177,9.943113967616396e-05,0.0025845742478729,0.04398337754917731,9.943113967970799e-05,0.0025845742478729505,3.122502256758253e-16,3.544026508893461e-15,5.074066167232161e-17
0.0952819916174353,0.0002580645900292,0.0038735996787524,0.09528199161743507,0.0002580645900257068,0.0038735996787533367,-2.220446049250313e-16,-3.4931909795310467e-15,9.367506770274758e-16
0.16907278933563,0.0007171270486992,0.0076666062895913,0.16907278933563005,0.0007171270486990827,0.007666606289590483,5.551115123125783e-17,-1.1731067506293158e-16,-8.170547571850761e-16
0.2075611550684356,0.0009960035912451,0.0099524495715686,0.2075611550684359,0.000996003591248698,0.009952449571569488,3.0531133177191805e-16,3.598033329610395e-15,8.881784197001252e-16
0.0853235939218791,0.0002407433657754,0.0044394411249522,0.08532359392187851,0.00024074336576832,0.0044394411249513155,-5.967448757360216e-16,-7.080002816656217e-15,-8.847089727481716e-16
0.0300496774813099,4.096449077239288e-05,0.0015086500064489,0.03004967748131066,4.096449077946448e-05,0.0015086500064489528,7.598088824778415e-16,7.071600249819454e-15,5.2692225582795515e-17
0.0136862369297125,7.953473215563736e-06,0.0006766941417533,0.013686236929712233,7.953473212028586e-06,0.000676694141753309,-2.671474153004283e-16,-3.5351496036062358e-15,8.998878031629687e-18
0.1389126443042762,0.0007935155997668,0.009387043607095,0.13891264430427583,0.0007935155997633621,0.00938704360709508,-3.608224830031759e-16,-3.437896668734286e-15,7.979727989493313e-17
0.2067137085946956,0.0013913684793272,0.0123792890616778,0.20671370859469598,0.0013913684793307873,0.012379289061677845,3.885780586188048e-16,3.587408148320037e-15,4.5102810375396984e-17
0.0561560049419026,0.0001867953555986,0.0044828697009826,0.05615600494190217,0.0001867953555951705,0.004482869700982661,-4.3021142204224816e-16,-3.4294941018975234e-15,6.158268339717665e-17
0.1552348540519079,0.0011419999426109,0.0119342348435305,0.155234854051915,0.0011419999426100294,0.011934234843530511,7.105427357601002e-15,-8.706143445058601e-16,1.0408340855860843e-17
0.0961107562462838,0.0003387496604961,0.0069213633114459,0.09611075624627731,0.0003387496605006309,0.006921363311445994,-6.494804694057166e-15,4.530935088925547e-15,9.367506770274758e-17
0.242155419840195,0.0028831980801855,0.0209373172186282,0.2421554198401945,0.002883198080182038,0.020937317218628237,-4.996003610813204e-16,-3.4620743771807128e-15,3.8163916471489756e-17
0.1139473382260686,0.0006016476942368,0.0086815413872107,0.11394733822606984,0.0006016476942438363,0.008681541387210778,1.2351231148954867e-15,7.036363679213675e-15,7.806255641895632e-17
0.048912950501605,0.0001724370595708,0.0042474350074179,0.04891295050160444,0.00017243705956730346,0.004247435007417977,-5.551115123125783e-16,-3.4965520062657518e-15,7.632783294297951e-17
0.0361027805901654,0.0001302191443198,0.002873195730995,0.03610278059016605,0.00013021914432330504,0.002873195730995093,6.522560269672795e-16,3.505035888265451e-15,9.280770596475918e-17
0.2169961059618855,0.0017756481740354,0.0139701233101412,0.21699610596188487,0.0017756481740319532,0.013970123310141247,-6.38378239159465e-16,-3.4466787063314186e-15,4.683753385137379e-17
0.151397769064475,0.000938698965732,0.0105303752932286,0.151397769064475,0.00093869896573201,0.010530375293228644,0.0,9.974659986866641e-18,4.5102810375396984e-17
0.0742134541475409,0.0001283951980583,0.0026300438158468,0.07421345414754019,0.00012839519805483111,0.002630043815846861,-7.077671781985373e-16,-3.4688777458130593e-15,6.071532165918825e-17
0.0453405342721109,0.000109442114439,0.0020154655183164,0.04534053427210397,0.00010944211444050521,0.0020154655183164394,-6.925016116099414e-15,1.5052114285887819e-15,3.946495907847236e-17
0.0959299559308175,0.0002436606779034,0.0056665317350628,0.09592995593082453,0.0002436606779019808,0.005666531735062819,7.022160630754115e-15,-1.4192206437835253e-15,1.8214596497756474e-17
0.0760715690843435,0.0003478889877729,0.004769863446751,0.07607156908434433,0.0003478889877764173,0.00476986344675101,8.326672684688674e-16,3.517260267760225e-15,1.0408340855860843e-17
0.1887921750124143,0.0010276085570973,0.0098832032892444,0.18879217501241352,0.0010276085570938703,0.009883203289244413,-7.771561172376096e-16,-3.4297651524406447e-15,1.3877787807814457e-17
0.0731959737424488,0.0002087758339658,0.0037486222755349,0.07319597374244971,0.00020877583396925956,0.003748622275534963,9.159339953157541e-16,3.459553607129684e-15,6.288372600415926e-17
0.1477184490181201,0.0007091072914631,0.0079707080553736,0.14771844901812017,0.0007091072914631943,0.007970708055373699,8.326672684688674e-17,9.432558900623889e-17,9.8879238130678e-17
0.0702651076753141,0.000283444082038,0.0031287869140621,0.070265107675315,0.0002834440820414959,0.003128786914062154,9.020562075079397e-16,3.4959014849622605e-15,5.377642775528102e-17
0.1459112808007449,0.0006948047003927,0.0085963888217373,0.145911280800744,0.0006948047003892607,0.0085963888217373,-8.881784197001252e-16,-3.439306131558517e-15,0.0
0.1191948886766132,0.0002870681497607,0.0043114881391863,0.11919488867662012,0.00028706814975894973,0.004311488139186359,6.925016116099414e-15,-1.750281777151974e-15,5.898059818321144e-17
0.1241449543550016,0.0002437741057208,0.0031565935572936,0.12414495435499569,0.00024377410572607935,0.0031565935572936965,-5.9119376061289586e-15,5.279359848592291e-15,9.6710833785707e-17
0.0873371000397985,9.078890761984176e-05,0.0015443432037409,0.0873371000397967,9.07889076129792e-05,0.0015443432037409721,-1.8041124150158794e-15,-6.862566070964249e-15,7.22078646875346e-17
0.1299993037704548,0.0002915677018909,0.0043375587558118,0.12999930377045577,0.00029156770189435466,0.004337558755811877,9.71445146547012e-16,3.454647592299187e-15,7.632783294297951e-17
0.0835733974593763,0.0002343404879044,0.0045714156294991,0.08357339745937727,0.00023434048790787337,0.004571415629499143,9.71445146547012e-16,3.473377184828874e-15,4.2500725161431774e-17
0.1365548247493114,0.0005093393817776,0.0058729769937118,0.13655482474931052,0.0005093393817741793,0.005872976993711809,-8.881784197001252e-16,-3.420766274409015e-15,9.540979117872439e-18
0.2134566886595648,0.0013059950046186,0.0122773689073545,0.21345668865956485,0.0013059950046186292,0.012277368907354536,5.551115123125783e-17,2.905661822261152e-17,3.642919299551295e-17
0.1322763419387603,0.0005298994318763,0.0066745641195904,0.1322763419387603,0.0005298994318763336,0.006674564119591331,0.0,3.361026734705064e-17,9.30679144861557e-16
0.0807953707027793,0.000244909741942,0.0046972176564832,0.08079537070277153,0.00024490974194066317,0.004697217656482344,-7.771561172376096e-15,-1.336821278674627e-15,-8.560860353945543e-16
0.0239202256023355,7.748848168668068e-05,0.0014151790688696,0.023920225602336607,7.748848169007207e-05,0.0014151790688696764,1.106753577673203e-15,3.391384395534658e-15,7.632783294297951e-17
0.1310339624633968,0.000672696171509,0.0076401627109543,0.13103396246340365,0.0006726961715068785,0.007640162710954357,6.855627177060342e-15,-2.1214583909023865e-15,5.724587470723463e-17
0.1018995430479822,0.0002778502916365,0.0051187554041485,0.10189954304798118,0.0002778502916332033,0.005118755404148523,-1.0130785099704553e-15,-3.296679335768049e-15,2.2551405187698492e-17
0.0625385641269684,9.174670277160846e-05,0.0030214408877968,0.06253856412696955,9.17467027749877e-05,0.003021440887796878,1.1518563880486e-15,3.3792413312028202e-15,7.806255641895632e-17
0.0477819018584071,7.579918502727788e-05,0.0026012931648864,0.047781901858407125,7.579918502727788e-05,0.0026012931648864424,2.7755575615628914e-17,0.0,4.2500725161431774e-17
0.1729611022768068,0.001098163749698,0.0086756168598016,0.1729611022768001,0.0010981637497002802,0.008675616859801671,-6.716849298982197e-15,2.280294009171513e-15,7.112366251504909e-17
0.1891872091642822,0.0009214284626933,0.008104373514465,0.189187209164289,0.0009214284626910194,0.008104373514465024,6.800116025829084e-15,-2.2806192698232586e-15,2.42861286636753e-17
0.1209471717320583,0.0002593810088733,0.0047691619459353,0.12094717173205956,0.00025938100887671484,0.004769161945935352,1.2628786905111156e-15,3.414857372568969e-15,5.204170427930421e-17
0.1267477539684066,0.0004960608850345,0.0065837831993862,0.12674775396839993,0.0004960608850369738,0.0065837831993862395,-6.661338147750939e-15,2.4738240969601755e-15,3.903127820947816e-17
0.064085906371878,0.0001248415949728,0.0029793407610076,0.06408590637188352,0.0001248415949670345,0.0029793407610076983,5.523359547510154e-15,-5.765488997680479e-15,9.84455572616838e-17
0.1986824511788627,0.0012092387849451,0.010203737685754,0.19868245117886274,0.0012092387849451935,0.010203737685754,2.7755575615628914e-17,9.345822726825048e-17,0.0
0.0847314144968873,0.0001714157372163,0.0037868433532564,0.0847314144968873,0.00017141573721635855,0.0037868433532564083,0.0,5.854691731421724e-17,8.239936510889834e-18
0.0723480195407749,0.0001479665499085,0.0033404746504617,0.07234801954077497,0.000147966549908507,0.003340474650461722,6.938893903907228e-17,6.993104012531504e-18,2.211772431870429e-17
0.1393425643377126,0.0005966724551048,0.0061093702869001,0.1393425643377126,0.0005966724551048977,0.006109370286900173,0.0,9.768661574094395e-17,7.28583859910259e-17
0.1222328156064321,0.0003210384456862,0.0054822289958869,0.12223281560642685,0.0003210384456921664,0.005482228995886906,-5.245803791353865e-15,5.966364555187731e-15,6.071532165918825e-18
0.055213499622302,9.673726543743195e-05,0.0026967526896317,0.05521349962230736,9.67372654314888e-05,0.002696752689631765,5.35682609381638e-15,-5.943149076169385e-15,6.505213034913027e-17
0.0893595975697638,0.0002160832808301,0.0038096126956732,0.0893595975697638,0.00021608328083010803,0.003809612695673259,0.0,8.023096076392733e-18,5.898059818321144e-17
0.2158590774610336,0.0012614080981017,0.009212144533544,0.21585907746103367,0.001261408098101796,0.00921214453354402,5.551115123125783e-17,9.606031248221569e-17,2.0816681711721685e-17
0.1961250513941222,0.0008679710205892,0.0081891820511526,0.19612505139412223,0.0008679710205892893,0.0081891820511526,2.7755575615628914e-17,8.933825901280557e-17,0.0
0.0511843132050488,9.289450439498026e-05,0.0018459488264221,0.051184313205048855,9.289450439498026e-05,0.0018459488264221946,5.551115123125783e-17,0.0,9.454242944073599e-17
0.0626955285152019,0.0001299769230275,0.0024153813607226,0.06269552851520191,0.0001299769230275888,0.0024153813607226127,1.3877787807814457e-17,8.879615792656281e-17,1.2576745200831851e-17
0.0716515994476587,0.0002290461631894,0.0033784560705569,0.07165159944765219,0.00022904616319228965,0.003378456070556979,-6.50868248186498e-15,2.8896427351626786e-15,7.892991815694472e-17
0.0665016059668622,0.000190198940421,0.0034454311385996,0.06650160596686729,0.00019019894041490473,0.0034454311385996306,5.079270337660091e-15,-6.095276193496257e-15,3.0357660829594124e-17
0.1340414917511301,0.000766857258575,0.0070562391262214,0.13404149175113161,0.0007668572585782935,0.007056239126221442,1.5265566588595902e-15,3.293480939359217e-15,4.163336342344337e-17
0.1715933763021032,0.001081213796198,0.0093248524846965,0.1715933763021018,0.0010812137961947743,0.0093248524846965,-1.3877787807814457e-15,-3.2257183035788728e-15,0.0
0.1529931331759517,0.0005226187585979,0.008385048884004,0.15299313317595326,0.0005226187586011566,0.008385048884004043,1.5543122344752192e-15,3.2566180654947097e-15,4.336808689942018e-17
0.1000622835079825,0.0002422367727182,0.0053668862929612,0.10006228350798407,0.0002422367727214353,0.005366886292961226,1.5681900222830336e-15,3.2352863877510574e-15,2.6020852139652106e-17
0.1144274286205807,0.0004168234993563,0.0055371145018776,0.11442742862057284,0.0004168234993561712,0.00553711450187766,-7.854827899222983e-15,-1.2880321809127793e-16,5.984795992119984e-17
0.1093529143883949,0.0002423309875557,0.0054538842170543,0.10935291438840136,0.00024233098755265664,0.005453884217054394,6.467049118441537e-15,-3.043355498166811e-15,9.454242944073599e-17
0.0172314628975692,1.2001409500031306e-05,0.000751700486667,0.017231462897569227,1.2001409500031306e-05,0.0007517004866670618,2.7755575615628914e-17,0.0,6.179952383167375e-17
0.3110857035689215,0.0023971885749039,0.0140178742988776,0.3110857035689151,0.002397188574907144,0.014017874298877686,-6.439293542825908e-15,3.2443665809456235e-15,8.673617379884035e-17
0.0666980727008517,0.0001324543499185,0.0025799474719212,0.06669807270085175,0.00013245434991854266,0.002579947471921251,5.551115123125783e-17,4.26633554873046e-17,5.117434254131581e-17
0.066705460024408,0.0001578400249501,0.0026469157019395,0.06670546002441603,0.00015784002495006222,0.002646915701939534,8.03523914072457e-15,-3.778444571111983e-17,3.382710778154774e-17
0.1174806985536583,0.0002720330741151,0.0047087477217671,0.11748069855365666,0.0002720330741120061,0.004708747721767104,-1.6375789613221059e-15,-3.0938793194046355e-15,3.469446951953614e-18
0.0977573933311982,0.0003641111220647,0.0045259908637564,0.09775739333119823,0.0003641111220647336,0.0045259908637564905,2.7755575615628914e-17,3.361026734705064e-17,9.020562075079397e-17
0.1413280257350607,0.0005114888149178,0.0064986991499296,0.14132802573506237,0.000511488814921017,0.006498699149929621,1.6653345369377348e-15,3.2170446861989888e-15,2.0816681711721685e-17
0.0688735644841655,6.340356770279457e-05,0.0033779801614564,0.06887356448416382,6.340356769966513e-05,0.0033779801614564064,-1.6792123247455493e-15,-3.12944115066216e-15,6.5052130349130266e-18
0.2197113734018608,0.0011575157523665,0.0088214093219445,0.21971137340185912,0.001157515752363461,0.008821409321944529,-1.6930901125533637e-15,-3.039018689476869e-15,2.949029909160572e-17
0.0813190529293339,6.40589586108839e-05,0.0009671721265096,0.08131905292933564,6.405895861399252e-05,0.0009671721265096522,1.734723475976807e-15,3.1086244689504383e-15,5.2258544713801314e-17
0.089150394677284,-3.974610003886631e-05,-0.0005098661544593,0.08915039467728228,-3.974610004197493e-05,-0.0005098661544593597,-1.7208456881689926e-15,-3.1086176926868603e-15,-5.963111948670274e-17
0.0908623673756726,-1.492275003651955e-05,-0.0002707581739516,0.09086236737567269,-1.492275003651955e-05,-0.00027075817395161295,8.326672684688674e-17,0.0,-1.2956215961201778e-17
0.0369562927564424,-1.470971917820474e-06,-3.968361421335942e-05,0.036956292756442494,-1.4709719178204739e-06,-3.968361421335942e-05,9.020562075079397e-17,2.117582368135751e-22,0.0
0.1313676546111251,0.0001079732628276,0.0012412266918779,0.13136765461112682,0.00010797326283074754,0.0012412266918779835,1.7208456881689926e-15,3.147547326942668e-15,8.348356728138384e-17
0.1592854610755925,0.0001588912385738,0.0014643822169064,0.15928546107559421,0.00015889123857695808,0.001464382216906479,1.7208456881689926e-15,3.1580911930700895e-15,7.914675859144182e-17
0.1220511348474796,5.38090387942336e-05,0.0006534305254479,0.12205113484747793,5.3809038791131913e-05,0.0006534305254479733,-1.6792123247455493e-15,-3.101685575046531e-15,7.32920668600201e-17
0.1509959161660088,7.233160502563563e-05,0.0010211518622922,0.15099591616600888,7.233160502563563e-05,0.0010211518622922355,8.326672684688674e-17,0.0,3.5561831257524545e-17
0.1191685108143821,2.8982459326899745e-05,0.0004620531951333,0.1191685108143884,2.898245932342336e-05,0.00046205319513337173,6.300515664747763e-15,-3.4763858458575214e-15,7.171997370991612e-17
0.0997368624778058,6.481256888879461e-05,0.0009764606761821,0.09973686247779345,6.481256889574044e-05,0.0009764606761821781,-1.2351231148954867e-14,6.945832797811136e-15,7.817097663620487e-17
0.1077271685326458,5.576481973723624e-05,0.0008389178956091,0.1077271685326538,5.57648197368546e-05,0.0008389178956091925,7.993605777301127e-15,-3.8163916471489756e-16,9.248244531301353e-17
0.1093260302642018,2.108746729831412e-05,0.0002902650810927,0.10932603026420008,2.1087467295219375e-05,0.0002902650810927554,-1.7208456881689926e-15,-3.094743293010835e-15,5.5402731014009277e-17
0.0857588966600644,6.360595131676972e-06,0.0001847754626522,0.0857588966600583,6.360595135160296e-06,0.00018477546265227573,-6.0923488476305465e-15,3.4833238927284814e-15,7.573152174811248e-17
0.0752288977224694,4.572819444096515e-05,0.0009970657088516,0.07522889772247565,4.572819443748183e-05,0.0009970657088516077,6.2450045135165055e-15,-3.4833247397614286e-15,7.806255641895632e-18
0.1258797632191218,7.346353005840273e-05,0.0006413738059922,0.1258797632191218,7.346353005840273e-05,0.0006413738059931617,0.0,0.0,9.616873269946424e-16
0.1715335348333062,0.0001387125217323,0.0013495781277432,0.17153353483330627,0.00013871252173222604,0.0013495781277423902,8.326672684688674e-17,-7.396969321782354e-17,-8.098990228466718e-16
0.2047162672844612,0.0001175798364825,0.0010705853116608,0.20471626728446124,0.00011757983648259807,0.001070585311660821,2.7755575615628914e-17,9.806608650131388e-17,2.1033522146218786e-17
0.1633462975581359,9.037779839088378e-05,0.0007975622590992,0.16334629755813598,9.037779839088378e-05,0.000797562259099216,8.326672684688674e-17,0.0,1.5937771935536915e-17
0.0209712030316451,1.98883268663283e-06,9.504688656747362e-05,0.02097120303164511,1.98883268663283e-06,9.504688656747362e-05,1.0408340855860843e-17,0.0,0.0
0.1838974039467272,0.0001953700787883,0.0017449238330984,0.1838974039467272,0.0001953700787883511,0.001744923833098433,0.0,5.1120132432691534e-17,3.2959746043559335e-17
0.0302539795272279,-9.889598921383749e-08,-4.158100309936685e-05,0.030253979527227966,-9.889598921383747e-08,-4.158100309936685e-05,6.591949208711867e-17,2.6469779601696886e-23,0.0
0.1944704682804678,9.946805443135363e-05,0.0009713403685838,0.19447046828046782,9.946805443135365e-05,0.0009713403685838173,2.7755575615628914e-17,1.3552527156068805e-20,1.734723475976807e-17
0.0674219292505372,2.3695373330669123e-05,0.0004003318532053,0.06742192925053549,2.3695373327588254e-05,0.0004003318532053157,-1.7069679003611782e-15,-3.0808688933348094e-15,1.5720931501039814e-17
0.0640727345319409,2.3223536958581065e-05,0.0005082619139731,0.06407273453194266,2.3223536961661934e-05,0.0005082619139731293,1.762479051592436e-15,3.0808688933348094e-15,2.927345865710862e-17
0.2239731839620149,0.0001423219824687,0.0010999553953574,0.22397318396201674,0.00014232198247185468,0.0010999553953574548,1.8318679906315083e-15,3.15467595622676e-15,5.4860629927766524e-17
0.0270624877778142,2.431640192568016e-06,9.540703597377131e-05,0.02706248777781252,2.4316401894906164e-06,9.540703597377131e-05,-1.6826817716975029e-15,-3.0773994463828558e-15,0.0
0.0536160368425347,6.496645819812491e-06,0.0002138698195013,0.053616036842534784,6.496645819812491e-06,0.00021386981950133332,8.326672684688674e-17,0.0,3.3312111749617124e-17
0.2175778375022067,0.0001769887201892,0.0012199768677207,0.2175778375022067,0.00017698872018928613,0.0012199768677207956,0.0,8.613986260397333e-17,9.562663161322149e-17
0.0198824410886182,2.267354753926129e-06,0.0001381740418455,0.01988244108861824,2.267354753926129e-06,0.00013817404184557347,3.8163916471489756e-17,0.0,7.348180224020506e-17
0.0811393905896216,2.1335335435100636e-05,0.0002372226559925,0.0811393905896216,2.1335335435100633e-05,0.00023722265599257497,0.0,-3.3881317890172014e-21,7.497258022737263e-17
0.1285871340806234,6.42943019899117e-05,0.0006862228999162,0.12858713408062347,6.42943019899117e-05,0.0006862228999162667,8.326672684688674e-17,0.0,6.667843360785852e-17
0.1138832171380913,3.955321637481857e-05,0.0006425231811189,0.11388321713808956,3.955321637174464e-05,0.0006425231811189036,-1.734723475976807e-15,-3.073929999430902e-15,3.577867169202165e-18
0.093001072518029,2.735903798854744e-05,0.000726653540922,0.09300107251803258,2.7359037994688362e-05,0.0007266535409220509,3.58046925441613e-15,6.140921104957897e-15,5.095750210681871e-17
0.0306636639021332,3.665290526385853e-06,0.0001883511957192,0.030663663902129636,3.6652905202431973e-06,0.00018835119571924963,-3.563122019656362e-15,-6.142655828433874e-15,4.9629354445523965e-17
0.0537896497134662,1.2249962763347113e-05,0.0002383064368585,0.05378964971346801,1.2249962766417571e-05,0.00023830643685851527,1.8110513089197866e-15,3.070458858413054e-15,1.5260145577733475e-17
0.2591166623487138,0.0001725299386952,0.0010769042276974,0.25911666234871383,0.00017252993869523725,0.0010769042276983498,5.551115123125783e-17,3.724234462487708e-17,9.497611030973019e-16
0.1565442142951167,0.0001019124741846,0.0010156548953688,0.15654421429511856,0.00010191247418758764,0.0010156548953679234,1.8596235662471372e-15,2.987641059028212e-15,-8.766858766717789e-16
0.2371403163950275,0.0001657003305844,0.0012963821793547,0.23714031639502572,0.00016570033058137257,0.0012963821793547936,-1.7763568394002505e-15,-3.027444831285586e-15,9.367506770274758e-17
0.0241611706810026,4.002012635943852e-06,0.0001846653525596,0.024161170681002618,4.002012635943852e-06,0.00018466535255967642,1.734723475976807e-17,0.0,7.640914810591592e-17
0.0429810928810989,1.2182328343691984e-05,0.0003320154664603,0.04298109288109718,1.2182328340628462e-05,0.00033201546646033364,-1.7208456881689926e-15,-3.0635216585750413e-15,3.366447745567491e-17
0.097091107238548,4.174147584122545e-05,0.0005917032963944,0.09709110723854986,4.17414758442855e-05,0.0005917032963944635,1.8596235662471372e-15,3.0600522116230877e-15,6.353424730765056e-17
0.0807433922257271,3.8085070004148514e-05,0.0004745144884639,0.0807433922257254,3.808507000108846e-05,0.0004745144884639174,-1.7069679003611782e-15,-3.0600522116230877e-15,1.7401444868392346e-17
0.195516992040806,0.0001116099202005,0.0010627497284092,0.19551699204080786,0.0001116099202035925,0.0010627497284092513,1.8596235662471372e-15,3.0925105141618725e-15,5.139118297581291e-17
0.2030781299874036,4.5139967587162766e-05,0.0008200888430156,0.20307812998740182,4.513996758410965e-05,0.0008200888430156539,-1.7763568394002505e-15,-3.0531133177191805e-15,5.388484797252957e-17
0.0494269955406985,1.1671551058127503e-05,0.0002894932461758,0.04942699554070039,1.1671551061184088e-05,0.000289493246175887,1.887379141862766e-15,3.0565844587370286e-15,8.700722434196173e-17
0.0746441528667378,2.347720820002064e-05,0.0005774258444803,0.0746441528667317,2.347720820364274e-05,0.0005774258444803948,-6.0923488476305465e-15,3.622102617839573e-15,9.475926987523309e-17
0.0817868221918899,3.43520679850981e-05,0.0005892372186497,0.08178682219189609,3.435206798146906e-05,0.0005892372186506734,6.189493362285248e-15,-3.6290415117434804e-15,9.733967104574859e-16
0.2402515400634098,0.0001411806379239,0.0011630241162983,0.2402515400634117,0.00014118063792679936,0.0011630241162974286,1.915134717478395e-15,2.899346344606424e-15,-8.712648658093514e-16
0.0364589656326597,3.4913480083352544e-06,0.0001419732327034,0.036458965632659775,3.4913480083352544e-06,0.00014197323270348505,7.632783294297951e-17,0.0,8.505566043148782e-17
0.2109772005315171,2.506781851317752e-05,0.000362118504273,0.2109772005315153,2.5067818510124407e-05,0.0003621185042730346,-1.8041124150158794e-15,-3.0531133177191805e-15,3.458604930228759e-17
0.0636282838046426,2.109666572141025e-05,0.0005191249650629,0.06362828380464261,2.109666572141025e-05,0.0005191249650629004,1.3877787807814457e-17,0.0,4.336808689942018e-19
0.0073740605650121,7.445474492677809e-07,0.0001406919611763,0.0073740605650103146,7.44547446216836e-07,0.00014069196117638683,-1.7850304567801345e-15,-3.0509449133742095e-15,8.681748896177677e-17
0.0895316906394035,9.25133265263986e-05,0.0009075520282912,0.08953169063940539,9.251332652945171e-05,0.0009075520282912919,1.887379141862766e-15,3.0531133177191805e-15,9.194034422677078e-17
0.1438403293625683,9.312931467990448e-05,0.0009194508047372,0.14384032936256833,9.312931467990448e-05,0.0009194508047372096,2.7755575615628914e-17,0.0,9.64939933512099e-18
0.1317623473490679,1.7714901214820056e-05,0.00031049047025,0.1317623473490661,1.771490121177388e-05,0.0003104904702500022,-1.7763568394002505e-15,-3.0461744238152733e-15,2.222614453595284e-18
0.0587824275562708,2.014658038783021e-05,0.0002115040932961,0.058782427556266614,2.014658039453318e-05,0.0002115040932961776,-4.184153024056059e-15,6.702971511174383e-15,7.757466544133784e-17
0.1895531547643551,0.0001235698126027,0.0008477504196457,0.1895531547643612,0.0001235698125991308,0.0008477504196457986,6.078471059822732e-15,-3.5691935518222806e-15,9.855397747893235e-17
0.0988102844231223,3.2495732509178754e-05,0.0004384644604895,0.09881028442312233,3.2495732509178754e-05,0.00043846446048956267,2.7755575615628914e-17,0.0,6.266688556966216e-17
0.0941644571181733,3.2206791023441095e-05,0.0007973303637296,0.09416445711817335,3.2206791023441095e-05,0.0007973303637296425,5.551115123125783e-17,0.0,4.2500725161431774e-17
0.0983179834203374,7.385587321705883e-05,0.0010885826616524,0.09831798342033748,7.385587321705883e-05,0.0010885826616524596,8.326672684688674e-17,0.0,5.963111948670274e-17
0.1507952395860795,9.11847083132772e-05,0.0007206046231198,0.15079523958607954,9.118470831327719e-05,0.0007206046231198471,5.551115123125783e-17,-1.3552527156068805e-20,4.705437428587089e-17
0.0911267732922125,1.7182280788598236e-05,1.0017053419630884e-05,0.09112677329221436,1.7182280791637472e-05,1.0017053419630884e-05,1.8596235662471372e-15,3.039235529911366e-15,0.0
0.0347184509284452,-2.199624196896899e-06,-6.54836827624905e-05,0.03471845092844337,-2.1996241999361343e-06,-6.54836827624905e-05,-1.8318679906315083e-15,-3.039235529911366e-15,0.0
0.0304941739318617,2.134050644338366e-05,0.0002742184219455,0.030494173931861736,2.134050644338366e-05,0.0002742184219455268,3.8163916471489756e-17,0.0,2.6834003769016235e-17
0.1737468043026989,0.0001894595510708,0.0017148737599326,0.1737468043026989,0.00018945955107084467,0.0017148737599326225,0.0,4.466912950640278e-17,2.2551405187698492e-17
0.1295865653716405,3.346032733027304e-05,0.0002910073707171,0.1295865653716387,3.346032732723381e-05,0.00029100737071718896,-1.8041124150158794e-15,-3.039235529911366e-15,8.895878825243564e-17
0.1750434475505912,6.111192193043735e-05,0.0007925407862758,0.1750434475505931,6.111192193347659e-05,0.000792540786275886,1.887379141862766e-15,3.039235529911366e-15,8.59772322781005e-17
0.1156297496339934,8.069125594922788e-05,0.0016046745900997,0.11562974963399349,8.069125594922788e-05,0.0016046745900997195,8.326672684688674e-17,0.0,1.951563910473908e-17
0.089068648227252,4.6571210081731984e-05,0.0006069681322689,0.0890686482272539,4.657121008476428e-05,0.0006069681322689036,1.9012569296705806e-15,3.0322966360074588e-15,3.577867169202165e-18
0.1306785876944247,1.3735897773162198e-06,0.0001534166672456,0.13067858769442475,1.3735897773162198e-06,0.00015341666724566494,5.551115123125783e-17,0.0,6.494371013188172e-17
0.0767303575407688,3.396573732750846e-05,0.0002986532192466,0.07673035754076696,3.39657373244831e-05,0.00029865321924660293,-1.8457457784393227e-15,-3.0253577421035516e-15,2.927345865710862e-18
0.2080337718063412,8.940410901896179e-05,0.0006911509174871,0.20803377180634305,8.940410902198714e-05,0.0006911509174871711,1.8596235662471372e-15,3.0253577421035516e-15,7.101524229780054e-17
0.1093608828517457,4.507196434104521e-05,0.0009646903589688,0.10936088285174392,4.5071964338019854e-05,0.0009646903589688449,-1.7763568394002505e-15,-3.0253577421035516e-15,4.4885969940899884e-17
0.0587117506300507,3.149251822215371e-05,0.0007633392191284,0.05871175063005076,3.149251822215371e-05,0.0007633392191284116,6.245004513516506e-17,0.0,1.1600963245594897e-17
0.0556550456375698,1.897999663581437e-05,0.0005792039935839,0.05565504563756989,1.8979996635814372e-05,0.00057920399358391,9.020562075079397e-17,3.3881317890172014e-21,9.974659986866641e-18
0.0826661328064133,3.4495840594575555e-05,0.0005939361367861,0.08266613280641638,3.449584059270899e-05,0.0005939361367861551,3.0808688933348094e-15,-1.8665624601510444e-15,5.5077470362263625e-17
0.2168212009780555,2.7888790719549084e-05,0.0002019675178575,0.21682120097805435,2.7888790724447943e-05,0.00020196751785750422,-1.1379786002407855e-15,4.898859096158503e-15,4.228388472693467e-18
0.1146943976721742,1.7049633491111882e-05,0.0003679694665921,0.11469439767217422,1.7049633491111882e-05,0.0003679694665921218,2.7755575615628914e-17,0.0,2.179246366695864e-17
0.1454191918995794,6.847490588136884e-05,0.0009169335077228,0.14541919189957753,6.847490587834348e-05,0.0009169335077228169,-1.8596235662471372e-15,-3.0253577421035516e-15,1.691355389077387e-17
0.1741421849554834,0.0001024238327444,0.0011266908538383,0.1741421849554804,0.00010242383274634836,0.0011266908538383191,-2.9976021664879227e-15,1.9483655140650757e-15,1.9081958235744878e-17
0.0387552268595692,1.5475687064381988e-05,0.0004372241324901,0.03875522685957225,1.5475687062505017e-05,0.0004372241324901438,3.0531133177191805e-15,-1.8769708010069053e-15,4.380176776841438e-17
0.141961866221599,0.0001304127002391,0.0012367978413063,0.141961866221599,0.00013041270023915474,0.0012367978413063696,0.0,5.4752209710517974e-17,6.960577947356938e-17
0.0871143010024701,1.8318552629570384e-05,0.0002226677771766,0.08711430100247014,1.8318552629570384e-05,0.00022266777717661057,4.163336342344337e-17,0.0,1.0570971181733668e-17
0.1885864353156327,2.12874500574306e-05,0.0004222371612883,0.18858643531563274,2.12874500574306e-05,0.000422237161288308,2.7755575615628914e-17,0.0,8.023096076392733e-18
0.1200710987589162,3.723110918354977e-05,0.0005885223054811,0.12007109875891811,3.723110918656125e-05,0.0005885223054811206,1.915134717478395e-15,3.011479954295737e-15,2.0599841277224584e-17
0.0507958653978102,2.0184760928250445e-05,0.0003984295711392,0.05079586539780839,2.0184760925238965e-05,0.00039842957113922495,-1.8041124150158794e-15,-3.011479954295737e-15,2.4936649967166602e-17
0.1025253556658842,4.4675395569911125e-05,0.0007854612868047,0.10252535566588429,4.4675395569911125e-05,0.0007854612868047894,9.71445146547012e-17,0.0,8.944667923005412e-17
0.1516549757930604,0.0001005800960114,0.0009941297524367,0.1516549757930604,0.00010058009601141005,0.0009941297524367343,0.0,1.0042422622646985e-17,3.426078865054194e-17
0.0221675658849884,3.027144406753113e-06,0.0001063998771799,0.022167565884988496,3.027144406753113e-06,0.00010639987717997457,9.71445146547012e-17,0.0,7.456600441269057e-17
0.0464775641610963,9.976341762810842e-06,0.0002640695375033,0.04647756416109826,9.976341765818852e-06,0.00026406953750335305,1.9567680809018384e-15,3.0080105073437835e-15,5.307169634316544e-17
0.0335593344603955,1.5567093503074392e-06,6.099318174879187e-05,0.03355933446039067,1.556709349192012e-06,6.099318174968005e-05,-4.829470157119431e-15,-1.115427195053087e-15,8.881784197001252e-16
0.1177080207674,8.408300095647664e-05,0.0004940630873289,0.1177080207674031,8.408300095447824e-05,0.0004940630873271346,3.094746681142624e-15,-1.9984014443252818e-15,-1.7654063974581469e-15
0.2327884085293859,0.0001119220668172,0.0007428062744692,0.232788408529389,0.00011192206681556738,0.0007428062744700981,3.1086244689504383e-15,-1.6326187363829847e-15,8.980446594697433e-16
0.162488351524944,6.734875681051189e-05,0.0008316752409651,0.16248835152494104,6.734875681241315e-05,0.0008316752409651684,-2.9698465908722937e-15,1.9012569296705806e-15,6.841315708383533e-17
0.0751904946179377,1.4496135988098511e-05,0.0007382456895923,0.07519049461793773,1.4496135988098513e-05,0.0007382456895923539,2.7755575615628914e-17,1.6940658945086007e-21,5.388484797252957e-17
0.2170642168258501,0.0002548740065355,0.0018740637536476,0.21706421682584714,0.0002548740065374533,0.0018740637536476257,-2.942091015256665e-15,1.9532986339498848e-15,2.5587171270657905e-17
0.0340609035397609,6.299363246430739e-07,2.4900569931318728e-05,0.034060903539763966,6.299363227366128e-07,2.4900569931318728e-05,3.066991105526995e-15,-1.906461100098511e-15,0.0
0.1319756016293429,-2.327795690756917e-05,-0.0002569153025504,0.1319756016293429,-2.3277956907569175e-05,-0.00025691530255045336,0.0,-3.3881317890172014e-21,-5.334274688628682e-17
0.163240601883138,8.793652010252728e-05,0.0008373638074896,0.16324060188314107,8.793652010061215e-05,0.0008373638074896661,3.0808688933348094e-15,-1.915134717478395e-15,6.613633252161577e-17
0.1339819092229442,0.0001030988473755,0.0010713734243541,0.1339819092229382,0.00010309884737932928,0.0010713734243550377,-5.995204332975845e-15,3.829280100474397e-15,9.376180387654642e-16
0.0327383169108707,8.66764201473344e-06,0.000262373056441,0.03273831691087375,8.667642012792284e-06,0.0002623730564401683,3.0461744238152733e-15,-1.941155569618047e-15,-8.316914865136305e-16
0.0482211487658135,1.2838180685585676e-05,0.0004417787367705,0.048221148765816506,1.2838180683674011e-05,0.00044177873677053725,3.00454106039183e-15,-1.9116652705264414e-15,3.724234462487708e-17
0.0343611427469497,6.166902925078613e-06,0.0002325808992234,0.03436114274694676,6.166902926992013e-06,0.00023258089922428837,-2.942091015256665e-15,1.9133999940024182e-15,8.883681550803102e-16
0.3265827682568508,0.0002953784972812,0.0013343281786566,0.3265827682568508,0.00029537849728089594,0.0013343281786557526,0.0,-3.040644992735597e-16,-8.474124180146703e-16
0.0264883981590717,5.6861991912741244e-06,0.0001902005000875,0.026488398159068716,5.686199193192729e-06,0.00019020050008755618,-2.9837243786801082e-15,1.9186041644303486e-15,5.618877758906127e-17
0.0630968140998642,2.3117081423777025e-05,0.0005168677543814,0.06309681409986723,2.311708142185842e-05,0.0005168677543814226,3.0253577421035516e-15,-1.9186041644303486e-15,2.2659825404947043e-17
0.084879853614786,2.096386474858408e-05,0.0002885448073826,0.08487985361478609,2.0963864748584082e-05,0.0002885448073826069,8.326672684688674e-17,3.3881317890172014e-21,6.884683795282953e-18
0.1254803027891164,2.8362842250308214e-05,0.0003585512819483,0.12548030278911645,2.8362842250308218e-05,0.0003585512819483938,5.551115123125783e-17,3.3881317890172014e-21,9.378348791999613e-17
0.095160481978821,4.512770337563449e-05,0.0006389745012498,0.09516048197882108,4.512770337563449e-05,0.0006389745012498338,8.326672684688674e-17,0.0,3.382710778154774e-17
0.0729160971914035,3.409457098563218e-05,0.0007704864897917,0.07291609719140352,3.409457098563218e-05,0.0007704864897917219,1.3877787807814457e-17,0.0,2.190088388420719e-17
0.1160987174266522,6.119769490695731e-05,0.0008549506764854,0.11609871742664925,6.119769490888632e-05,0.0008549506764854442,-2.9559688030644793e-15,1.9290125052862095e-15,4.423544863740858e-17
0.0581683886170678,1.3380054836524546e-05,0.0003730660405834,0.058168388617070854,1.3380054834595534e-05,0.000373066040583403,3.0531133177191805e-15,-1.9290125052862095e-15,2.9815559743351372e-18
0.0650721127508745,1.6623368365008967e-05,0.0002190030932949,0.06507211275087649,1.662336836799269e-05,0.00021900309329492273,1.9845236565174673e-15,2.9837243786801082e-15,2.2741140567883456e-17
0.1124981398296073,-7.144455055362042e-06,-0.0001588907464604,0.11249813982960641,-7.1444550632585035e-06,-0.00015889074646047163,-8.881784197001252e-16,-7.896461262646426e-15,-7.16386585469797e-17
0.2914225336983421,0.0004259258224051,0.0019801023651204,0.29142253369834104,0.0004259258224101059,0.001980102365120473,-1.0547118733938987e-15,5.005924060691447e-15,7.28583859910259e-17
0.2265977470973969,0.0001823946182426,0.0014425053340341,0.22659774709739694,0.00018239461824264003,0.0014425053340341165,2.7755575615628914e-17,4.003416521902725e-17,1.6479873021779667e-17
0.0769843109293162,1.5528244045152906e-05,0.0003260406993792,0.07698431092931926,1.5528244043216954e-05,0.0003260406993792486,3.066991105526995e-15,-1.9359513991901167e-15,4.8626467435974874e-17
0.1096435179140516,5.051381158602958e-05,0.0005839870888904,0.10964351791404864,5.051381158797247e-05,0.0005839870888904031,-2.9559688030644793e-15,1.942890293094024e-15,3.0357660829594124e-18
0.013065472669253,2.6699229510943057e-07,2.4191221456248968e-05,0.013065472669253012,2.6699229510943057e-07,2.419122145536079e-05,1.214306433183765e-17,0.0,-8.881784197001252e-16
0.0918312500208397,1.1829017409190068e-05,0.0003932138069089,0.09183125002083975,1.1829017409259457e-05,0.0003932138069098201,5.551115123125783e-17,6.938893903907228e-17,9.201081736798233e-16
0.2017231401927706,0.0002569141133783,0.0018698949351936,0.20172314019276866,0.0002569141133753894,0.0018698949351936278,-1.942890293094024e-15,-2.910594942145961e-15,2.7755575615628914e-17
0.081176675581415,6.497326229489009e-06,0.0003836523357438,0.08117667558141897,6.497326235428702e-06,0.00038365233574388924,3.969047313034935e-15,5.9396931817445875e-15,8.922983879555701e-17
0.0923017402151446,-2.150848862911281e-05,-0.0003725046232139,0.0923017402151427,-2.1508488632082656e-05,-0.00037250462321392064,-1.9012569296705806e-15,-2.9698465908722937e-15,-2.065405138584886e-17
0.109629744385674,3.0386586479427824e-05,0.0005695980706388,0.10962974438567404,3.0386586479427824e-05,0.0005695980706388326,4.163336342344337e-17,0.0,3.2634485391813683e-17
0.0973747967002267,4.026853764965005e-05,0.0008188036555099,0.09737479670022481,4.026853764668714e-05,0.0008188036555099032,-1.887379141862766e-15,-2.9629076969683865e-15,3.144186300207963e-18
0.1719694205306871,0.0001394975289076,0.0011643168791293,0.1719694205306891,0.00013949752891057043,0.0011643168791293235,1.9984014443252818e-15,2.9704429020671608e-15,2.3418766925686896e-17
0.0898572836183412,1.6297328636526165e-05,0.0004836427500212,0.08985728361833827,1.6297328638482933e-05,0.00048364275002121815,-2.9282132274488504e-15,1.9567680809018384e-15,1.81603863891322e-17
0.0640899844364103,6.921773004160692e-06,0.000192762568079,0.06408998443641331,6.921773002200454e-06,0.00019276256807909675,3.011479954295737e-15,-1.960237527853792e-15,9.676504389433127e-17
0.1316542249521648,1.3286233545101169e-05,0.0003053664327268,0.13165422495216483,1.3286233545101167e-05,0.00030536643272682795,2.7755575615628914e-17,-1.6940658945086007e-21,2.7972416050126014e-17
0.0700291020583314,3.0096470017879077e-05,0.0006779756630237,0.07002910205833436,3.0096470015915366e-05,0.0006779756630237443,2.9559688030644793e-15,-1.9637103629375346e-15,4.434386885465713e-17
0.1723646115360749,0.0001055734521443,0.0010943352474042,0.172364611536072,0.00010557345214633196,0.00109433524740421,-2.914335439641036e-15,2.031957501563708e-15,9.974659986866641e-18
0.1374934373648776,5.504326315525221e-05,0.0007048900915735,0.1374934373648776,5.504326315525221e-05,0.0007048900915735956,0.0,0.0,9.562663161322149e-17
0.1051483564812445,1.272201323164468e-05,0.0003142859428155,0.10514835648124257,1.2722013228688711e-05,0.0003142859428155731,-1.9290125052862095e-15,-2.9559688030644793e-15,7.3075226425523e-17
0.0692806010160661,1.5461045106926474e-05,0.0004219719019769,0.06928060101606709,1.5461045114815997e-05,0.00042197190197690304,9.853229343548264e-16,7.889522368742519e-15,3.0357660829594124e-18
0.0462839530988106,1.9226425887187287e-05,0.0004595591878677,0.04628395309881159,1.9226425882260673e-05,0.00045955918786777517,9.853229343548264e-16,-4.926614671774132e-15,7.518942066186973e-17
0.0646035606467493,2.6164175121801136e-05,0.0002354762704035,0.06460356064675035,2.6164175116874522e-05,0.0002354762704044333,1.0547118733938987e-15,-4.926614671774132e-15,9.333083351298344e-16
0.2791277021541889,0.0002021105960192,0.0013261596247096,0.2791277021541849,0.00020211059602590065,0.0013261596247087226,-3.9968028886505635e-15,6.700640476503539e-15,-8.773363979752702e-16
0.1156769150368926,1.1682681166261257e-05,0.0007731997650708,0.11567691503689852,1.1682681162306086e-05,0.0007731997650708422,5.9119376061289586e-15,-3.955171219293015e-15,4.217546450968612e-17
0.0725968391739613,2.463408865243516e-05,0.0004489221109844,0.07259683917395839,2.4634088654412745e-05,0.0004489221109844621,-2.914335439641036e-15,1.97758476261356e-15,6.21247844834194e-17
0.0544456033707803,9.451401497523326e-06,0.0002792074130395,0.05444560337078037,9.451401497523326e-06,0.00027920741303955054,6.938893903907228e-17,0.0,5.0523821237824507e-17
0.0717323710445284,1.5735066664294972e-05,0.0002061311704899,0.07173237104452845,1.5735066664294972e-05,0.00020613117048995377,5.551115123125783e-17,0.0,5.377642775528102e-17
0.0967701296364269,5.032261934052873e-06,0.0003010645766723,0.09677012963642698,5.032261934052873e-06,0.00030106457667233855,8.326672684688674e-17,0.0,3.854338723185968e-17
0.1677320802345188,0.0001820222825028,0.0012114233583089,0.1677320802345188,0.0001820222825028861,0.0012114233583089273,0.0,8.611275754966119e-17,2.7321894746634712e-17
0.1654415937908656,7.58947028896978e-05,0.0006871323932928,0.16544159379086273,7.589470289168232e-05,0.0006871323932928775,-2.858824288409778e-15,1.9845236565174673e-15,7.741203511546502e-17
0.089376472058502,1.6922366287766555e-05,0.0002856293669761,0.08937647205850494,1.6922366285775092e-05,0.00028562936697618113,2.942091015256665e-15,-1.9914625504213745e-15,8.115253261054001e-17
0.1085708673008712,2.5376551664728356e-05,0.0007513677984798,0.1085708673008712,2.5376551664728353e-05,0.0007513677984798406,0.0,-3.3881317890172014e-21,4.0549161250957866e-17
0.0835712541447467,3.2215003657208585e-05,0.000703102167411,0.08357125414474878,3.2215003660157615e-05,0.000703102167411096,2.0816681711721685e-15,2.949029909160572e-15,9.595189226496714e-17
0.12623146509703,5.492198230884482e-05,0.0006580045071507,0.12623146509703004,5.492198230884482e-05,0.0006580045071507001,2.7755575615628914e-17,0.0,1.0842021724855044e-19
0.0672082272049271,3.734044417677551e-05,0.0004706832715362,0.06720822720492317,3.73404441708948e-05,0.0004706832715362097,-3.927413949611491e-15,-5.880712583561376e-15,9.703609443745265e-18
0.1322577108064769,4.097586119991559e-05,0.0007066294715176,0.1322577108064809,4.097586120579283e-05,0.0007066294715176724,3.9968028886505635e-15,5.8772363603458444e-15,7.24247051220317e-17
0.1591917942311899,8.506406248526277e-06,0.0002979929617081,0.15919179423118796,8.506406245584186e-06,0.00029799296170818224,-1.942890293094024e-15,-2.942091015256665e-15,8.223673478302551e-17
0.110034937322589,1.9514310755822103e-05,0.000359600484975,0.11003493732259198,1.9514310753823705e-05,0.0003596004849750756,2.9837243786801082e-15,-1.9983980561934928e-15,7.556889142223966e-17
0.1304892673371722,7.052362718933808e-05,0.0009028260409218,0.13048926733716934,7.052362719133648e-05,0.0009028260409218447,-2.858824288409778e-15,1.9984014443252818e-15,4.466912950640278e-17
0.1142449164642448,4.719291553165195e-05,0.0008502056162358,0.11424491646424684,4.71929155345871e-05,0.0008502056162358329,2.040034807748725e-15,2.9351521213527576e-15,3.2959746043559335e-17
0.1085229830364276,2.854897848353355e-05,0.0004209479986281,0.10852298303642763,2.854897848353355e-05,0.0004209479986281295,2.7755575615628914e-17,0.0,2.949029909160572e-17
0.1026264088603859,4.029984048078972e-05,0.0006535758115839,0.1026264088603839,4.0299840477854565e-05,0.000653575811583984,-1.9984014443252818e-15,-2.9351521213527576e-15,8.402566836762659e-17
0.087518313119462,2.3545411808080507e-05,0.0003660837072736,0.087518313119462,2.3545411808080507e-05,0.0003660837072736456,0.0,0.0,4.559070135301546e-17
0.2646017838839544,0.0001544530295979,0.0010597465437722,0.26460178388395444,0.0001544530295979757,0.0010597465437722775,5.551115123125783e-17,7.567731163948821e-17,7.741203511546502e-17
0.0284655399204436,-3.602498877514071e-06,-0.0001691086673929,0.02846553992044369,-3.602498877514071e-06,-0.0001691086673929476,9.020562075079397e-17,0.0,-4.7596475372113645e-17
0.1922388746538342,0.0001356980118987,0.0014751540754964,0.1922388746538313,0.00013569801190077557,0.0014751540754964765,-2.914335439641036e-15,2.0755695339519376e-15,7.654467337747661e-17
0.0965085845088921,6.122939598362381e-05,0.0009722424288751,0.09650858450889709,6.122939598453975e-05,0.0009722424288751697,4.98212582300539e-15,9.159339953157541e-16,6.960577947356938e-17
0.1201599093501845,4.339854608213789e-05,0.0006101011147698,0.12015990935018248,4.339854607920968e-05,0.0006101011147698898,-2.0261570199409107e-15,-2.9282132274488504e-15,8.977193988179977e-17
0.0286442032434252,4.205219483573858e-06,0.0002269498858051,0.028644203243422338,4.205219485593076e-06,0.00022694988580518327,-2.8622937353617317e-15,2.0192181260370035e-15,8.326672684688674e-17
0.2250041922385622,3.8725397763922365e-06,-0.0002781164940284,0.22500419223856513,3.8725397743660794e-06,-0.0002781164940284242,2.942091015256665e-15,-2.0261570199409107e-15,-2.417770844642675e-17
0.044930807988966,1.1274222776122556e-06,0.0001467883777639,0.04493080798896899,1.1274222755930374e-06,0.00014678837776394005,2.9906632725840154e-15,-2.0192181260370035e-15,4.006127027333939e-17
0.1341097121206002,0.0001107472443332,0.0015463964930235,0.13410971212059733,0.00011074724433522698,0.0015463964930235718,-2.858824288409778e-15,2.026983724097431e-15,7.177418381854039e-17
0.0475825832923611,1.73285808731799e-05,0.0004032919050729,0.047582583292361154,1.73285808731799e-05,0.00040329190507293333,5.551115123125783e-17,0.0,3.333921680392926e-17
0.0820167007773677,7.010930999808845e-05,0.0008395351506242,0.08201670077736568,7.010930999516718e-05,0.0008395351506242932,-2.0122792321330962e-15,-2.921274333544943e-15,9.313296661650483e-17
0.0761022507533319,1.5333001638181964e-05,0.0004181636994138,0.07610225075333396,1.533300164110324e-05,0.0004181636994138316,2.067790383364354e-15,2.921274333544943e-15,3.1604493327952454e-17
0.0923818750185115,-2.445609557658046e-06,-2.9918474618639838e-05,0.09238187501850947,-2.4456095605793204e-06,-2.9918474618639834e-05,-2.0261570199409107e-15,-2.921274333544943e-15,3.3881317890172014e-21
0.1561702095536445,6.715441355434337e-05,0.0004293632675205,0.15617020955364658,6.715441355725771e-05,0.0004293632675205217,2.0816681711721685e-15,2.914335439641036e-15,2.168404344971009e-17
0.1365708162442592,3.98101220062258e-05,0.000443398022794,0.13657081624426218,3.9810122004199644e-05,0.0004433980227940282,2.9698465908722937e-15,-2.0261570199409107e-15,2.8189256484623115e-17
0.161108501055858,9.125457875316934e-05,0.0011749003055143,0.1611085010558551,9.125457875520937e-05,0.0011749003055143703,-2.886579864025407e-15,2.040034807748725e-15,7.025630077706069e-17
0.0349691354534042,3.65812163742596e-06,0.0003857199737584,0.03496913545340716,3.658121635389394e-06,0.00038571997375846934,2.9559688030644793e-15,-2.036565784313245e-15,6.933472893044801e-17
0.0958906373215824,4.556590257584481e-05,0.0005902962406443,0.09589063732157949,4.5565902577877904e-05,0.000590296240644328,-2.914335439641036e-15,2.033095913844818e-15,2.7972416050126014e-17
0.1692689022169745,6.392737551164096e-05,0.0004930974522938,0.1692689022169745,6.392737551164096e-05,0.0004930974522938669,0.0,0.0,6.689527404235562e-17
0.0692124171497653,9.75501974953552e-06,0.000390661961128,0.06921241714976821,9.755019747495486e-06,0.00039066196112802487,2.914335439641036e-15,-2.040034807748725e-15,2.4882439858542327e-17
0.0475069233637765,2.277623772007145e-05,0.00064100255012,0.04750692336377568,2.2776237725018883e-05,0.0006410025501200067,-8.187894806610529e-16,4.947431353485854e-15,6.7220534694101275e-18
0.1362662219292499,9.552501560883277e-05,0.0006629399053554,0.13626622192924998,9.552501560883275e-05,0.0006629399053554863,8.326672684688674e-17,-1.3552527156068805e-20,8.630249292984615e-17
0.1873195796446355,4.682629474676847e-05,0.0005271772177195,0.1873195796446306,4.6826294745921926e-05,0.0005271772177195544,-4.884981308350689e-15,-8.465450562766819e-16,5.442694905877232e-17
0.1361342282991496,4.424623415193174e-05,0.0008116849477453,0.13613422829914754,4.4246234149017405e-05,0.0008116849477453059,-2.0539125955565396e-15,-2.914335439641036e-15,5.854691731421724e-18
0.0906503774149928,3.290670253622979e-05,0.000918173785914,0.09065037741499989,3.290670253999067e-05,0.0009181737859140782,7.0915495697931874e-15,3.760880495917718e-15,7.817097663620487e-17
0.0546447604402879,2.3004380290254228e-05,0.000640937892574,0.05464476044028585,2.300438028735377e-05,0.0006409378925740228,-2.0469737016526324e-15,-2.9004576518332215e-15,2.2768245622195593e-17
0.0343820435314959,8.097724478826201e-06,0.0002938007975652,0.03438204353149597,8.097724478826201e-06,0.0002938007975652468,7.632783294297951e-17,0.0,4.6783323742749516e-17
0.1612443459840409,4.684656145964583e-05,0.0005346891363151,0.16124434598404386,4.684656145759192e-05,0.0005346891363160466,2.9698465908722937e-15,-2.0539125955565396e-15,9.46616916797094e-16
0.2756456003498816,0.0001136152132965,0.0007943633389242,0.2756456003498759,0.00011361521330041646,0.000794363338923354,-5.717648576819556e-15,3.916463507669388e-15,-8.460029551904391e-16
0.0298712280937828,7.934667558429781e-07,1.1440246880489724e-05,0.029871228093782898,7.934667558429781e-07,1.1440246880489724e-05,9.71445146547012e-17,0.0,0.0
0.1303324796352373,0.0001145548219484,0.0013895852809175,0.13033247963524025,0.0001145548219463749,0.0013895852809175935,2.942091015256665e-15,-2.0250999228227373e-15,9.345822726825048e-17
0.0613415248296944,1.9152582088181183e-05,0.0005556938976427,0.061341524829694474,1.9152582088181186e-05,0.0005556938976427617,7.632783294297951e-17,3.3881317890172014e-21,6.16911036144252e-17
0.1082235062844783,6.229484595927925e-05,0.000744549689668,0.10822350628447833,6.229484595927925e-05,0.0007445496896680837,2.7755575615628914e-17,0.0,8.370040771588094e-17
0.0967350606736241,1.7187922595564287e-05,0.000140585150401,0.09673506067362411,1.7187922595564287e-05,0.00014058515040105135,1.3877787807814457e-17,0.0,5.136407792150077e-17
0.0899534392111804,2.229102078809414e-05,0.0003149828410116,0.08995343921118049,2.229102078809414e-05,0.0003149828410116129,8.326672684688674e-17,0.0,1.2902005852577503e-17
0.2491238383419085,0.0001570012574476,0.0010498541760259,0.24912383834190857,0.00015700125744760873,0.0010498541760259883,8.326672684688674e-17,8.72782748850831e-18,8.825405684032006e-17
0.1502094152771566,7.471039951870151e-05,0.0009908188627623,0.15020941527715664,7.471039951870151e-05,0.0009908188627623105,5.551115123125783e-17,0.0,1.0408340855860843e-17
0.1269551328885658,9.89214239200606e-05,0.0011342050796159,0.12695513288856877,9.892142391798586e-05,0.0011342050796159242,2.9698465908722937e-15,-2.0747428297954174e-15,2.42861286636753e-17
0.0689422863216554,1.6126123115252355e-05,0.0002588480998735,0.0689422863216526,1.6126123117334024e-05,0.0002588480998735321,-2.8033131371785203e-15,2.0816681711721685e-15,3.209238430557093e-17
0.0747819077527809,1.4974970534153975e-06,1.5874384080127868e-05,0.07478190775278099,1.4974970534153975e-06,1.5874384080127868e-05,8.326672684688674e-17,0.0,0.0
0.0470566769168192,-3.9108227503671655e-06,-0.0001065364303736,0.0470566769168164,-3.910822748292436e-06,-0.00010653643037361604,-2.8033131371785203e-15,2.0747292772682613e-15,-1.6046192152785466e-17
0.0529160983527918,2.177834792616018e-05,0.0002283493301868,0.052916098352794746,2.177834792408198e-05,0.00022834933018778258,2.949029909160572e-15,-2.078198724220215e-15,9.825853238693005e-16
0.0988803813799865,3.9401230073427e-05,0.0005852342356478,0.09888038137998659,3.940123007332985e-05,0.0005852342356469364,8.326672684688674e-17,-9.715129091827923e-17,-8.635670303847043e-16
0.1816064220737198,0.000106665277223,0.0008781229950516,0.18160642207371983,0.00010666527722305585,0.0008781229950516334,2.7755575615628914e-17,5.584996441015955e-17,3.3393426912553537e-17
0.0910189179715557,1.7096299470248377e-05,0.0006381160618946,0.09101891797155576,1.7096299470248377e-05,0.000638116061894678,5.551115123125783e-17,0.0,7.795413620170777e-17
0.133410476440282,5.888445769719475e-05,0.0005512346762346,0.13341047644028203,5.888445769719475e-05,0.0005512346762346354,2.7755575615628914e-17,0.0,3.5453411040275995e-17
0.0969371942389151,1.2634314281778636e-05,0.0003051175122879,0.09693719423891517,1.2634314281778636e-05,0.0003051175122879002,6.938893903907228e-17,0.0,1.6263032587282567e-19
0.0724101540038299,2.631080610207559e-05,0.0003188935080862,0.07241015400382993,2.631080610207559e-05,0.0003188935080862265,2.7755575615628914e-17,0.0,2.6508743117270583e-17
0.1265895269861316,4.396562422231271e-05,0.0005903412349477,0.12658952698613166,4.3965624222312705e-05,0.0005903412349477222,5.551115123125783e-17,-6.776263578034403e-21,2.211772431870429e-17
0.1088863914123537,4.626162092217362e-05,0.0005978240843305,0.10888639141235372,4.626162092217362e-05,0.0005978240843305116,1.3877787807814457e-17,0.0,1.1600963245594897e-17
0.1201620088968702,4.387602341418551e-05,0.0005457464881333,0.1201620088968702,4.3876023414185505e-05,0.0005457464881333252,0.0,-6.776263578034403e-21,2.5153490401663703e-17
0.1470962557615148,8.694946580706242e-05,0.0009256375949986,0.1470962557615148,8.694946580706242e-05,0.0009256375949986406,0.0,0.0,4.0657581468206416e-17
0.0967466554777251,3.707382080779531e-05,0.0005924248330027,0.0967466554777251,3.707382080779531e-05,0.0005924248330027027,0.0,0.0,2.6020852139652106e-18
0.0567477876171186,1.1242475348786224e-05,0.000210410358699,0.05674778761711864,1.1242475348786224e-05,0.00021041035869906466,4.163336342344337e-17,0.0,6.46455545344482e-17
0.1278712647971604,8.522650856637726e-05,0.0009309566465471,0.12787126479716043,8.522650856637726e-05,0.0009309566465471875,2.7755575615628914e-17,0.0,8.749511531958021e-17
0.0481504331278174,5.561728115062448e-06,0.000165495812749,0.04815043312781459,5.561728117161463e-06,0.00016549581274905023,-2.8102520310824275e-15,2.0990145588989893e-15,5.022566564039099e-17
0.0800185070898003,1.0369756941179533e-05,0.0002725425990393,0.08001850708980324,1.0369756939077046e-05,0.0002725425990393049,2.942091015256665e-15,-2.1024865469497847e-15,4.87890977618477e-18
0.2694491418109301,0.0002131920965634,0.0012579459534727,0.26944914181093016,0.00021319209656345262,0.0012579459534727278,5.551115123125783e-17,5.26109104198591e-17,2.7755575615628914e-17
0.2262663572825558,0.0001932221681566,0.0013954019499076,0.22626635728255481,0.0001932221681552604,0.0013954019499076153,-9.992007221626409e-16,-1.3396130992687771e-15,1.5395670849294163e-17
0.0959933414365628,2.680007939160484e-05,0.0004887668014843,0.09599334143656386,2.680007939303425e-05,0.0004887668014843527,1.0685896612017132e-15,1.4294087560731e-15,5.2692225582795515e-17
0.0113686120884585,7.03531073350562e-07,6.943046707430511e-05,0.011368612088458536,7.03531073350562e-07,6.943046707430511e-05,3.642919299551295e-17,0.0,0.0
0.041728971616247,2.224128823396024e-05,9.22056973777785e-05,0.041728971616247,2.2241288233960238e-05,9.22056973777785e-05,0.0,-3.3881317890172014e-21,0.0
0.1464057843831128,7.163875262961028e-05,0.0003123209246753,0.1464057843831128,7.163875262961028e-05,0.00031232092467536887,0.0,0.0,6.884683795282953e-17
0.0753685383518869,1.4895419637457608e-05,0.0004637931902324,0.07536853835188698,1.4895419637457608e-05,0.00046379319023248655,8.326672684688674e-17,0.0,8.657354347296753e-17
0.1658846085132024,0.0001340377484101,0.0010150834926045,0.16588460851320241,0.00013403774841014293,0.001015083492604596,2.7755575615628914e-17,4.2934406030425976e-17,9.606031248221569e-17
0.138668110461918,3.354865819063524e-05,0.0007915861620002,0.13866811046191807,3.354865819063524e-05,0.0007915861620002573,8.326672684688674e-17,0.0,5.735429492448318e-17
0.1007229065285344,2.4074340457654053e-05,0.0004232232309595,0.10072290652853447,2.4074340457654053e-05,0.0004232232309595574,6.938893903907228e-17,0.0,5.740850503310746e-17
0.1233604984864391,5.746156984477724e-05,0.0006244972221889,0.12336049848643917,5.746156984477724e-05,0.0006244972221889356,6.938893903907228e-17,0.0,3.5561831257524545e-17
0.0906047750785813,1.493750957876072e-05,0.0004307638739948,0.09060477507858139,1.4937509578760721e-05,0.00043076387399487714,8.326672684688674e-17,1.6940658945086007e-21,7.714098457234364e-17
0.0829767120753018,3.077572965445863e-05,0.0004455288807792,0.08297671207530188,3.077572965445863e-05,0.00044552888077920016,8.326672684688674e-17,0.0,1.6263032587282567e-19
0.0925436382781222,2.462090074622364e-05,0.0005295016462651,0.09254363827812118,2.4620900744801166e-05,0.0005295016462651958,-1.0269562977782698e-15,-1.4224732503009818e-15,9.584347204771859e-17
0.1261035963693215,6.470728935912412e-05,0.0006057054029007,0.12610359636932258,6.47072893605466e-05,0.0006057054029007247,1.0824674490095276e-15,1.4224732503009818e-15,2.47198095326695e-17
0.1678241334740365,9.21037887282733e-05,0.0010604920732184,0.16782413347403763,9.210378872970271e-05,0.0010604920732184553,1.1379786002407855e-15,1.429412144204889e-15,5.5294310796760726e-17
0.0853255642836938,1.1705964308890426e-05,0.0009405429139253,0.08532556428369276,1.1705964307467953e-05,0.000940542913925313,-1.0408340855860843e-15,-1.4224732503009818e-15,1.3010426069826053e-17
0.0484017032473959,3.047394363336897e-05,0.0007039130578005,0.0484017032473959,3.0473943633368972e-05,0.0007039130578005981,0.0,3.3881317890172014e-21,9.812029660993815e-17
0.311607601233946,7.490488575262466e-06,0.0003236052000632,0.31160760123394604,7.490488575262466e-06,0.0003236052000641365,5.551115123125783e-17,0.0,9.365338365929787e-16
0.1107263814536777,5.162201676977424e-05,0.0006595048526065,0.11072638145367879,5.162201677109263e-05,0.0006595048526056857,1.0824674490095276e-15,1.3183898417423734e-15,-8.143442517538624e-16
0.0584397555306686,2.422150863236328e-05,0.0006727440109628,0.05843975553066754,2.4221508630944272e-05,0.0006727440109628446,-1.061650767297806e-15,-1.4190071914808172e-15,4.466912950640278e-17
0.0920839920644977,0.0001098700624599,0.0029411211736709,0.09208399206449774,0.00010987006245997966,0.0029411211736709575,4.163336342344337e-17,7.966175462337244e-17,5.767955557622884e-17
0.1114853156096614,0.0003206391538881,0.0045322233241797,0.11148531560965999,0.00032063915388926695,0.004532223324179796,-1.4155343563970746e-15,1.1669267982461484e-15,9.627715291671279e-17
0.1326865404999113,0.0002404596262228,0.0031460137071244,0.1326865404999128,0.00024045962622178119,0.0031460137071244176,1.4988010832439613e-15,-1.0188247814846285e-15,1.7780915628762273e-17
0.1068804804487544,0.0001620535567869,0.0029183175452924,0.10688048044875445,0.00016205355678693134,0.0029183175452924814,5.551115123125783e-17,3.133344278483108e-17,8.153200337090993e-17
0.128714176685894,0.0003760649153073,0.0060853666158724,0.12871417668589402,0.00037606491530733227,0.006085366615872445,2.7755575615628914e-17,3.2255014631443757e-17,4.5102810375396984e-17
0.0944431163365812,0.0002779535653768,0.0053030409491681,0.09444311633657984,0.00027795356537793636,0.005303040949168114,-1.3600232051658168e-15,1.1363522969820572e-15,1.3877787807814457e-17
0.0962040777910251,0.000263337895613,0.004369257825032,0.09620407779102794,0.0002633378956108795,0.004369257825032058,2.831068712794149e-15,-2.1204826089471496e-15,5.811323644522304e-17
0.1285133365431593,0.0006957180655643,0.0067603685565327,0.12851333654315686,0.0006957180655640799,0.006760368556532725,-2.4424906541753444e-15,-2.200930410145574e-16,2.5153490401663703e-17
0.1310342324255505,0.0003495182318266,0.0069689319025476,0.13103423242555168,0.00034951823182804986,0.006968931902547659,1.1657341758564144e-15,1.4498493551562408e-15,5.898059818321144e-17
0.0775082569942329,8.835329721225416e-05,0.0038238851327525,0.07750825699423299,8.835329721225416e-05,0.003823885132752558,8.326672684688674e-17,0.0,5.811323644522304e-17
0.0481361987780989,9.565913741150026e-05,0.0028802201515905,0.04813619877809899,9.565913741150026e-05,0.002880220151590507,9.020562075079397e-17,0.0,6.938893903907228e-18
0.1178422712492422,0.0005397307983971,0.0069861110022406,0.11784227124924224,0.0005397307983971977,0.006986111002240669,4.163336342344337e-17,9.768661574094395e-17,6.938893903907228e-17
0.1361726420742135,0.0007143943063155,0.0080236056102354,0.13617264207421353,0.0007143943063155772,0.008023605610235407,2.7755575615628914e-17,7.719519468096792e-17,6.938893903907228e-18
0.1267495878919861,0.0006040205321754,0.0065518103030992,0.12674958789198615,0.000604020532175481,0.006551810303099259,5.551115123125783e-17,8.098990228466718e-17,5.898059818321144e-17
0.1469152703941943,0.0008339324107252,0.0076129805406051,0.14691527039419433,0.0008339324107252827,0.007612980540605108,2.7755575615628914e-17,8.272462576064399e-17,7.806255641895632e-18
0.1610910219400325,0.0005236291212758,0.0085891070609545,0.16109102194003255,0.0005236291212758898,0.008589107060954504,5.551115123125783e-17,8.977193988179977e-17,3.469446951953614e-18
0.0765345530421087,0.0001683946343329,0.0039749611674864,0.07653455304210753,0.00016839463433159646,0.003974961167486413,-1.1657341758564144e-15,-1.303536271979322e-15,1.3010426069826053e-17
0.1582965236026006,0.0006817409600579,0.0074678673992707,0.1582965236026005,0.0006817409600604896,0.0074678673992707445,-1.1102230246251565e-16,2.5896168889816273e-15,4.423544863740858e-17
0.0678752369987553,0.0001150109533147,0.0035412406540267,0.06787523699875539,0.00011501095331470368,0.003541240654027611,8.326672684688674e-17,3.672734859294646e-18,9.107298248878237e-16
0.1176169867907505,0.000462440359385,0.0060977340308312,0.11761698679075305,0.0004624403593850787,0.00609773403083036,2.55351295663786e-15,7.871307772244762e-17,-8.40473524110763e-16
0.1112055946367508,0.0002860896173057,0.0057269842244798,0.11120559463674966,0.0002860896173044955,0.005726984224479814,-1.1379786002407855e-15,-1.2044944035227712e-15,1.3877787807814457e-17
0.1370053235245154,0.0006101253599936,0.0073714063428287,0.13700532352451544,0.0006101253599936768,0.007371406342828735,5.551115123125783e-17,7.676151381197371e-17,3.469446951953614e-17
0.1144705138027749,0.0004552736870514,0.0060658664254846,0.11447051380277613,0.00045527368705268467,0.006065866425484678,1.2351231148954867e-15,1.2846711541780742e-15,7.806255641895632e-17
0.0651967481821657,4.912598931127582e-05,0.0036607036426072,0.06519674818216452,4.9125989310006e-05,0.003660703642607288,-1.1796119636642288e-15,-1.2698175844150228e-15,8.803721640582296e-17
0.1748986728817606,0.0010853869877549,0.010823706305115,0.17489867288175934,0.00108538698775619,0.010823706305115088,-1.2490009027033011e-15,1.2899837448232532e-15,8.847089727481716e-17
0.1171148770293994,0.0004896531660052,0.0082596251614281,0.1171148770294019,0.0004896531660026973,0.008259625161428197,2.4980018054066022e-15,-2.50266387474829e-15,9.71445146547012e-17
0.1112643444345639,0.0004500858241791,0.0068519497292633,0.11126434443456149,0.00045008582418173265,0.006851949729263396,-2.4147350785597155e-15,2.632659715229302e-15,9.540979117872439e-17
0.1743090963982702,0.0011224104231434,0.0118068603485488,0.1743090963982702,0.0011224104231434273,0.011806860348548831,0.0,2.7321894746634712e-17,3.122502256758253e-17
0.0722894618672012,0.0001732884301029,0.0042708242159363,0.07228946186720119,0.00017328843010043504,0.004270824215936386,-1.3877787807814457e-17,-2.4649607442001065e-15,8.586881206085195e-17
0.074814768993917,0.0002457386350866,0.0050708816559925,0.07481476899391828,0.00024573863508788735,0.005070881655992565,1.2906342661267445e-15,1.2873274495006637e-15,6.505213034913027e-17
0.1189941884187174,0.0004653865068822,0.0073416915868191,0.11899418841871744,0.0004653865068822635,0.007341691586819188,4.163336342344337e-17,6.353424730765056e-17,8.760353553682876e-17
0.1334619453950689,0.0006759421107369,0.0090178539573981,0.13346194539506895,0.0006759421107369185,0.00901785395739818,5.551115123125783e-17,1.8431436932253575e-17,8.153200337090993e-17
0.0770115391445216,0.0003712063262324,0.0054761428587486,0.07701153914452169,0.00037120632623240113,0.005476142858748645,8.326672684688674e-17,1.1384122811097797e-18,4.5102810375396984e-17
0.1616447741028326,0.000894955960171,0.0104619184235801,0.16164477410283395,0.0008949559601722362,0.01046191842358013,1.3600232051658168e-15,1.2362073170679722e-15,2.949029909160572e-17
0.0678921923489487,0.0001914688767445,0.0045997071207253,0.06789219234894742,0.00019146887674342805,0.004599707120725327,-1.27675647831893e-15,-1.0719506879364182e-15,2.688821387764051e-17
0.1262265724165192,0.0006834600785952,0.0086482206748206,0.1262265724165181,0.0006834600785966052,0.008648220674820628,-1.0824674490095276e-15,1.4052344357584623e-15,2.7755575615628914e-17
0.130813407284114,0.0005701308821774,0.0090964033519842,0.13081340728411514,0.0005701308821760842,0.00909640335198425,1.1379786002407855e-15,-1.3157877565284082e-15,5.0306980803327406e-17
0.1002699108370904,0.0004077353802722,0.0063242781224612,0.10026991083708905,0.0004077353802710709,0.00632427812246128,-1.3461454173580023e-15,-1.1290881424264043e-15,7.979727989493313e-17
0.1127138815172082,0.0005438262236333,0.008324762554893,0.11271388151720968,0.0005438262236345109,0.008324762554893006,1.4849232954361469e-15,1.21094540644906e-15,5.204170427930421e-18
0.1277073584092234,0.0006482586089589,0.0086637926733477,0.1277073584092234,0.0006482586089589168,0.008663792673347714,0.0,1.680513367352532e-17,1.3877787807814457e-17
0.2024685632906174,0.0016279326943002,0.0146796764237411,0.20246856329061746,0.0016279326943002131,0.014679676423741128,5.551115123125783e-17,1.3227266504323154e-17,2.7755575615628914e-17
0.0191072359766105,1.868839737888782e-05,0.0013956661286682,0.0191072359766105,1.868839737888782e-05,0.0013956661286682603,0.0,0.0,6.028164079019405e-17
0.1058883828461126,0.0004650955783332,0.0075351686447016,0.10588838284611374,0.0004650955783318811,0.007535168644701606,1.1379786002407855e-15,-1.3189319428286161e-15,6.071532165918825e-18
0.0917995242888888,0.0003979132289591,0.005679439125366,0.0917995242888903,0.0003979132289601839,0.005679439125366059,1.4988010832439613e-15,1.0838769118337588e-15,5.898059818321144e-17
0.2732833849197557,0.0026918081259774,0.018642437623753,0.2732833849197518,0.0026918081259767745,0.01864243762375306,-3.885780586188048e-15,-6.25367813089639e-16,6.245004513516506e-17
0.1228281906678379,0.0005577227070087,0.0082946836537516,0.12282819066783941,0.0005577227070098015,0.008294683653751633,1.5126788710517758e-15,1.101440987028024e-15,3.2959746043559335e-17
0.054949899121535,0.0001791647955812,0.0038701489126218,0.054949899121536486,0.00017916479558229698,0.003870148912621829,1.4849232954361469e-15,1.0969686530665212e-15,2.905661822261152e-17
0.1072676746001708,0.000504408467463,0.0073414092334012,0.10726767460016838,0.0005044084674634894,0.007341409233401208,-2.4147350785597155e-15,4.894088606599567e-16,7.806255641895632e-18
0.1115376347296391,0.0005138646553424,0.0079391622880713,0.11153763472964166,0.0005138646553420126,0.007939162288071344,2.5673907444456745e-15,-3.8738543622907073e-16,4.336808689942018e-17
0.0879697878489548,0.0002683574105154,0.0062258233478766,0.08796978784895335,0.00026835741051444567,0.006225823347876691,-1.457167719820518e-15,-9.54314752221741e-16,9.107298248878237e-17
0.1379567964446325,0.0006348966615905,0.0088549345063366,0.1379567964446311,0.0006348966615895429,0.008854934506337564,-1.3877787807814457e-15,-9.570252576529548e-16,9.645062526431047e-16
0.106006340948769,0.0005022664499041,0.0074595154478069,0.10600634094876957,0.0005022664499065507,0.007459515447806098,5.689893001203927e-16,2.4507305906862342e-15,-8.023096076392733e-16
0.1213972213963988,0.0005104984230182,0.0079796038257216,0.12139722139639986,0.0005104984230167309,0.007979603825721604,1.0547118733938987e-15,-1.4690939437178585e-15,3.469446951953614e-18
0.0857852192303249,0.0002610641365317,0.0054904765065444,0.08578521923032342,0.0002610641365307642,0.005490476506544439,-1.4710455076283324e-15,-9.357748950722389e-16,3.903127820947816e-17
0.125632828614226,0.0006299643011344,0.0077412998041239,0.1256328286142285,0.0006299643011339201,0.007741299804123969,2.4980018054066022e-15,-4.798678815420843e-16,6.852157730108388e-17
0.1498847306423954,0.0008018998263894,0.0095705039169295,0.1498847306423954,0.0008018998263894239,0.009570503916929596,0.0,2.3960868011929648e-17,9.540979117872439e-17
0.1825695290899869,0.0010263820695203,0.0115575849477043,0.18256952908998508,0.001026382069523421,0.011557584947703425,-1.8041124150158794e-15,3.120984373716773e-15,-8.743006318923108e-16
0.1090124599650494,0.000466228321119,0.0074471916054656,0.10901245996505192,0.000466228321118492,0.007447191605466585,2.525757381022231e-15,-5.080029279180831e-16,9.853229343548264e-16
0.0435147729061181,6.979865356931611e-05,0.0026665795765179,0.04351477290611665,6.979865356843487e-05,0.0026665795765179467,-1.4502288259166107e-15,-8.81239525796218e-16,4.683753385137379e-17
0.0625041363540858,0.0003170816413594,0.0037511238119405,0.06250413635408497,0.0003170816413609473,0.0037511238119405377,-8.326672684688674e-16,1.5473191304626877e-15,3.7730235602495554e-17
0.1149431158792958,0.000309396404448,0.0068614158866768,0.11494311587929762,0.0003093964044449324,0.006861415886677769,1.817990202823694e-15,-3.0676416268304862e-15,9.688430613330468e-16
0.0629812989421475,0.0002027523149678,0.0036490887170455,0.06298129894214756,0.00020275231496781967,0.003649088717044613,5.551115123125783e-17,1.9678269430611905e-17,-8.868773770931426e-16
0.113192469666252,0.0006156277636126,0.0065706290952727,0.11319246966625116,0.0006156277636141794,0.006570629095272729,-8.465450562766819e-16,1.5793573046596343e-15,2.862293735361732e-17
0.1950405527273125,0.0012143923346306,0.0112355345194217,0.19504055272731252,0.0012143923346306096,0.011235534519422608,2.7755575615628914e-17,9.540979117872439e-18,9.072603779358701e-16
0.1360349461303174,0.0004069540395448,0.0073817080502607,0.13603494613031744,0.0004069540395447366,0.007381708050259839,2.7755575615628914e-17,-6.342582709040201e-17,-8.612902058224847e-16
0.1029660027992103,0.0003273897281426,0.0051081530108927,0.10296600279921032,0.000327389728142613,0.005108153010892735,2.7755575615628914e-17,1.3010426069826053e-17,3.5561831257524545e-17
0.1000081778792398,0.0003556038178989,0.0048528336191706,0.10000817787923985,0.00035560381789890433,0.00485283361917066,5.551115123125783e-17,4.336808689942018e-18,5.984795992119984e-17
0.1297753998634829,0.0003997687755492,0.0063496419094946,0.12977539986348297,0.0003997687755492377,0.006349641909494608,5.551115123125783e-17,3.767602549387128e-17,7.806255641895632e-18
0.1419240115485271,0.0005432944520133,0.0071257140204732,0.1419240115485263,0.0005432944520148905,0.007125714020473239,-8.049116928532385e-16,1.590524587036235e-15,3.903127820947816e-17
0.0573824834790098,9.62484702820704e-05,0.0025061925650069,0.05738248347901065,9.624847028047445e-05,0.0025061925650069483,8.465450562766819e-16,-1.5959455978986625e-15,4.8138576458356397e-17
0.1565861091096387,0.0007460483251175,0.0085611195756563,0.15658610910963877,0.0007460483251175987,0.008561119575656306,8.326672684688674e-17,9.86623976961809e-17,6.938893903907228e-18
0.1240851147015596,0.0005271943475373,0.0067065599891975,0.1240851147015596,0.000527194347537327,0.006706559989197558,0.0,2.699663409488906e-17,5.811323644522304e-17
0.0833651148671752,0.000146423659628,0.004437661998736,0.08336511486717452,0.0001464236596296284,0.0044376619987360755,-6.800116025829084e-16,1.6283903479102912e-15,7.546047120499111e-17
0.0998176733295595,0.0002928895556727,0.004616600523545,0.09981767332956029,0.0002928895556711317,0.004616600523545067,7.91033905045424e-16,-1.5683526526089064e-15,6.678685382510707e-17
0.1754689275117437,0.0008650923173791,0.00856493765981,0.17546892751174303,0.0008650923173807862,0.008564937659810035,-6.661338147750939e-16,1.6861512186494565e-15,3.469446951953614e-17
0.1743848356517918,0.0006976419241757,0.00717857168428,0.17438483565179252,0.0006976419241741388,0.007178571684280932,7.216449660063518e-16,-1.5611427081618778e-15,9.324138683375338e-16
0.1316073183713073,0.0004011029569656,0.0058345279421256,0.1316073183713073,0.0004011029569655142,0.005834527942124801,0.0,-8.581460195222768e-17,-7.988401606873197e-16
0.0377035099459448,5.303006481825572e-05,0.0017528014551251,0.037703509945944805,5.3030064818255715e-05,0.0017528014551251303,6.938893903907228e-18,-6.776263578034403e-21,3.0357660829594124e-17
0.1191414522396126,0.0003372159305963,0.0052499921887907,0.11914145223961269,0.00033721593059635874,0.005249992188790742,8.326672684688674e-17,5.876375774871434e-17,4.163336342344337e-17
0.1034916103190198,0.0002983953921537,0.004754723792125,0.10349161031901988,0.0002983953921537469,0.0047547237921250485,8.326672684688674e-17,4.6891743959998067e-17,4.85722573273506e-17
0.2009564427373628,0.0008984015690182,0.0084414437148794,0.20095644273736288,0.0008984015690182562,0.008441443714879426,8.326672684688674e-17,5.616167253474913e-17,2.6020852139652106e-17
0.021907360549451,1.530868417501819e-05,0.000939522282759,0.021907360549451083,1.530868417501819e-05,0.0009395222827590644,8.326672684688674e-17,0.0,6.440160904563896e-17
0.1044179240717831,0.0002845837519779,0.0045210599669767,0.4040560995798528,0.003950309670854801,0.01902094354509032,0.2996381755080697,0.0036657259188769015,0.014499883578113618
0.1048180470724582,0.0004823958559194,0.0045802609347367,0.10481804707245765,0.00048239585592114304,0.004580260934736735,-5.551115123125783e-16,1.7430176225963212e-15,3.469446951953614e-17
0.1904099851541653,0.0007688957175582,0.0083138249478063,0.19040998515416532,0.0007688957175582961,0.008313824947806303,2.7755575615628914e-17,9.606031248221569e-17,3.469446951953614e-18
0.2023360889310281,0.0009623652696962,0.0085631747464072,0.20233608893102875,0.0009623652696946344,0.00856317474640722,6.38378239159465e-16,-1.5655879370690684e-15,2.0816681711721685e-17
0.0340032420590453,3.0046041991301647e-05,0.0012536837728314,0.03400324205904472,3.0046041992972186e-05,0.0012536837728314154,-5.759281940243e-16,1.6705387073656652e-15,1.5395670849294163e-17
0.0537402793734818,9.550524247527516e-05,0.0020787936629114,0.053740279373481865,9.550524247527517e-05,0.0020787936629114157,6.245004513516506e-17,1.3552527156068805e-20,1.5612511283791264e-17
0.2243846580096483,0.0011599088738064,0.0096589886248397,0.22438465800964838,0.0011599088738064312,0.009658988624839715,8.326672684688674e-17,3.122502256758253e-17,1.5612511283791264e-17
0.1636673462948531,0.0006531030755881,0.0067664531939763,0.16366734629485316,0.0006531030755881628,0.006766453193976396,5.551115123125783e-17,6.277530578691071e-17,9.627715291671279e-17
0.0392435061218747,6.10170671053005e-05,0.0019434084935578,0.03924350612187421,6.101706710698318e-05,0.0019434084935578966,-4.926614671774132e-16,1.6826817716975029e-15,9.64939933512099e-17
0.0797813298469869,0.0001800896400015,0.0033815403785313,0.07978132984698746,0.00018008963999987734,0.0033815403785313336,5.689893001203927e-16,-1.622644076396118e-15,3.3393426912553537e-17
0.2044647396991026,0.0010243353381009,0.0097560534758827,0.20446473969910264,0.0010243353381009374,0.009756053475882709,5.551115123125783e-17,3.729655473350135e-17,8.673617379884035e-18
0.0507578513254534,9.88927058812334e-05,0.0028797963045779,0.050757851325453414,9.88927058812334e-05,0.0028797963045779085,1.3877787807814457e-17,0.0,8.673617379884035e-18
0.1090313408645595,0.0004186768804698,0.0055855008031686,0.10903134086455954,0.0004186768804698912,0.005585500803168664,4.163336342344337e-17,9.12356128146552e-17,6.331740687315346e-17
0.120198997238601,0.0003572580664256,0.0065188678538365,0.12019899723860109,0.0003572580664256142,0.006518867853836596,8.326672684688674e-17,1.4203048459560108e-17,9.627715291671279e-17
0.1058357928914521,0.000355852583857,0.005693332714908,0.10583579289145269,0.0003558525838553567,0.005693332714908017,5.828670879282072e-16,-1.643325232836279e-15,1.734723475976807e-17
0.2065505853519928,0.0013069617838657,0.0115285094974817,0.2065505853519923,0.0013069617838674732,0.011528509497481743,-4.996003610813204e-16,1.773321073317291e-15,4.336808689942018e-17
0.1259906647835784,0.0004962470085463,0.0069096768591752,0.12599066478357843,0.0004962470085463772,0.006909676859175207,2.7755575615628914e-17,7.719519468096792e-17,6.938893903907228e-18
0.0710070584377094,0.000194713967923,0.0043717962542144,0.07100705843770899,0.00019471396792476725,0.004371796254214466,-4.0245584642661925e-16,1.7672495411513722e-15,6.591949208711867e-17
0.0546316556271998,0.0001048814668034,0.003164927791798,0.054631655627200786,0.00010488146680005112,0.003164927791798,9.853229343548264e-16,-3.348883670373226e-15,0.0
0.0805372451619758,0.0002373101881352,0.0044303586492482,0.08053724516197534,0.00023731018813694799,0.004430358649248234,-4.579669976578771e-16,1.7479778475354424e-15,3.382710778154774e-17
0.140157709484975,0.0006473572102443,0.0068298407210303,0.1401577094849742,0.0006473572102441497,0.0068298407210303225,-8.049116928532385e-16,-1.5037884132373946e-16,2.2551405187698492e-17
0.1321200901652731,0.0003963896626159,0.0062878654338032,0.13212009016527448,0.0003963896626144117,0.006287865433803219,1.3877787807814457e-15,-1.488284322170852e-15,1.9081958235744878e-17
0.0678609195449286,7.915577819334052e-05,0.0029526875897376,0.06786091954492818,7.915577819506484e-05,0.002952687589737657,-4.163336342344337e-16,1.7243151351209463e-15,5.681219383824043e-17
0.1407090938108837,0.0007565627584206,0.0065716894357281,0.1407090938108837,0.0007565627584206411,0.0065716894357281674,0.0,4.109126233720062e-17,6.765421556309548e-17
0.1327771743045297,0.0003456404428092,0.0071118483382921,0.13277717430452976,0.00034564044280929393,0.007111848338292148,5.551115123125783e-17,9.394611824586896e-17,4.85722573273506e-17
0.1434170433406772,0.0007590361811991,0.0078658823893347,0.14341704334067637,0.000759036181198984,0.007865882389334722,-8.326672684688674e-16,-1.1600963245594897e-16,2.2551405187698492e-17
0.154197914618787,0.0005825897560205,0.008221317337143,0.15419791461878748,0.0005825897560224821,0.008221317337143041,4.718447854656915e-16,1.9821384117379992e-15,4.163336342344337e-17
0.0438976214644051,5.802120015306611e-05,0.002703314024723,0.043897621464406,5.802120015142333e-05,0.0027033140247230136,8.951173136040325e-16,-1.6427831317500363e-15,1.3444106938820255e-17
0.2157822648674025,0.0012424773724417,0.0103039629888588,0.2157822648674021,0.0012424773724416804,0.010303962988858828,-4.163336342344337e-16,-1.951563910473908e-17,2.7755575615628914e-17
0.0988649851148176,0.0002919387343613,0.0047694735109393,0.098864985114818,0.0002919387343596168,0.0047694735109393704,4.0245584642661925e-16,-1.6832238727837456e-15,7.025630077706069e-17
0.0695885009444472,0.0001590282373152,0.0037309840984285,0.06958850094444685,0.00015902823731702223,0.003730984098428536,-3.469446951953614e-16,1.8222185912963873e-15,3.599551212651875e-17
0.1002099197921331,0.000322685197582,0.0054373359327382,0.10020991979213316,0.0003226851975820233,0.005437335932738208,5.551115123125783e-17,2.3310346708438345e-17,7.806255641895632e-18
0.1097084045307141,0.0003330007397755,0.0056021642116981,0.10970840453071411,0.00033300073977556716,0.005602164211698124,1.3877787807814457e-17,6.7166324585477e-17,2.42861286636753e-17
0.0656772583449889,0.0001938029658257,0.0038281261722241,0.06567725834498848,0.0001938029658256797,0.0038281261722241666,-4.163336342344337e-16,-2.0274580625478933e-17,6.678685382510707e-17
0.1529720288411685,0.0008264869601999,0.0090730693840379,0.15297202884116895,0.0008264869602000319,0.009073069384037957,4.440892098500626e-16,1.3183898417423734e-16,5.724587470723463e-17
0.1254183925059446,0.0004615080261474,0.0068235307007284,0.12541839250594466,0.0004615080261474447,0.006823530700728497,5.551115123125783e-17,4.466912950640278e-17,9.71445146547012e-17
0.0945417720432411,0.0004225084127881,0.0051310621483535,0.09454177204324143,0.00042250841278635744,0.005131062148353571,3.3306690738754696e-16,-1.742583941727327e-15,7.112366251504909e-17
0.158171117609203,0.0006066285922606,0.0082521247820048,0.15817111760920272,0.0006066285922624315,0.008252124782004877,-2.7755575615628914e-16,1.831434309762514e-15,7.632783294297951e-17
0.0805373459743718,0.0001972556608278,0.0043861199102694,0.08053734597437197,0.0001972556608296882,0.0043861199102694926,1.6653345369377348e-16,1.8881922934921302e-15,9.280770596475918e-17
0.1409275485366727,0.0006159507970077,0.0067694743343134,0.1409275485366726,0.000615950797005934,0.006769474334313408,-8.326672684688674e-17,-1.7659484985443896e-15,7.806255641895632e-18
0.0684704500627236,6.936282185627043e-05,0.0031611523686274,0.06847045006272325,6.936282185621145e-05,0.0031611523686274623,-3.608224830031759e-16,-5.898059818321144e-17,6.245004513516506e-17
0.1542105889474428,0.0006269642701511,0.0069929306300169,0.1542105889474433,0.000626964270151173,0.006992930630016936,4.996003610813204e-16,7.296680620827445e-17,3.5561831257524545e-17
0.0805485595337039,0.0002082704145527,0.0044921023004844,0.08054855953370396,0.00020827041455276363,0.0044921023004844685,5.551115123125783e-17,6.361556247058697e-17,6.852157730108388e-17
0.0973383857298441,0.0002659869353535,0.0043958559329793,0.09733838572984416,0.00026598693535350923,0.004395855932979309,5.551115123125783e-17,9.215718466126788e-18,8.673617379884035e-18
0.131393045008018,0.0007091932364582,0.0072586773350478,0.13139304500801804,0.0007091932364582179,0.007258677335047814,5.551115123125783e-17,1.7889335846010823e-17,1.3877787807814457e-17
0.1212153629078075,0.0003239769278486,0.0064213916390656,0.12121536290780774,0.00032397692784871986,0.006421391639065632,2.3592239273284576e-16,1.1985855016827252e-16,3.209238430557093e-17
0.120608739928898,0.0008238866635338,0.0092858257297141,0.12060873992889805,0.000823886663532095,0.009285825729714148,4.163336342344337e-17,-1.7050163364507043e-15,4.85722573273506e-17
0.1297251574420981,0.00088141508678,0.0097332255964106,0.12972515744209795,0.0008814150867817866,0.009733225596410655,-1.3877787807814457e-16,1.7865483398216142e-15,5.551115123125783e-17
0.1237452389793665,0.0004783837226357,0.0092959609718272,0.12374523897936651,0.0004783837226357054,0.009295960971827277,1.3877787807814457e-17,5.366800753803247e-18,7.806255641895632e-17
0.1142359750879322,0.0005629107806022,0.0098377285583781,0.11423597508793225,0.0005629107806022233,0.009837728558378167,4.163336342344337e-17,2.3310346708438345e-17,6.765421556309548e-17
0.0517301569492778,0.0001228300304783,0.0046916658071349,0.05173015694927771,0.00012283003048014184,0.0046916658071349815,-9.020562075079397e-17,1.841842650618375e-15,8.153200337090993e-17
0.1417237555925063,0.0012626870587218,0.011977640851561,0.1417237555925064,0.0012626870587200646,0.011977640851561056,1.1102230246251565e-16,-1.7353739972802984e-15,5.551115123125783e-17
0.188562975287578,0.0014609557687718,0.0158712947087478,0.18856297528757804,0.0014609557687718213,0.01587129470874782,2.7755575615628914e-17,2.1250362580715887e-17,1.734723475976807e-17
0.129537995876912,0.0009220846430114,0.0108124878322026,0.129537995876912,0.0009220846430114285,0.010812487832202677,0.0,2.8514517136368767e-17,7.806255641895632e-17
0.1770484611020263,0.0011363810910958,0.0134761552915003,0.17704846110202638,0.0011363810910958467,0.013476155291500369,8.326672684688674e-17,4.662069341687669e-17,6.938893903907228e-17
0.0375192002541963,7.105503958553937e-05,0.0026940027457209,0.03751920025419634,7.105503958553937e-05,0.002694002745720958,4.163336342344337e-17,0.0,5.811323644522304e-17
0.0597430469442585,0.0001221042317094,0.0032783870516803,0.05974304694425852,0.00012210423170942728,0.003278387051680376,2.0816681711721685e-17,2.7267684638010437e-17,7.589415207398531e-17
0.0884651984349413,0.0003072340149266,0.0061156725651514,0.0884651984349414,0.00030723401492663597,0.006115672565151442,9.71445146547012e-17,3.599551212651875e-17,4.2500725161431774e-17
0.1468099512307419,0.0008795965184174,0.0092668837129092,0.14680995123074192,0.0008795965184174185,0.00926688371290929,2.7755575615628914e-17,1.8539857149502126e-17,9.020562075079397e-17
0.1585674590995271,0.0008082686605531,0.0087666104921124,0.15856745909952716,0.0008082686605531447,0.00876661049211247,5.551115123125783e-17,4.4777549723651333e-17,6.938893903907228e-17
0.0848695461595953,0.0002060771735487,0.004989590806395,0.08486954615959541,0.0002060771735487596,0.00498959080639505,1.1102230246251565e-16,5.960401443239061e-17,5.0306980803327406e-17
0.1466598724728608,0.0007164741269938,0.0081065756362272,0.14665987247286072,0.0007164741269938906,0.008106575636227298,-8.326672684688674e-17,9.063930161978817e-17,9.71445146547012e-17
0.1112519469383267,0.0003505007515773,0.0058524845533627,0.1112519469383268,0.00035050075157734475,0.005852484553362736,9.71445146547012e-17,4.472333961502706e-17,3.5561831257524545e-17
0.1069288023911208,0.0003174894673001,0.005934562811702,0.10692880239112085,0.00031748946730017664,0.0059345628117020155,4.163336342344337e-17,7.665309359472516e-17,1.5612511283791264e-17
0.1301907751191013,0.0007546308892044,0.0072108823641539,0.1301907751191012,0.0007546308892027028,0.007210882364153903,-8.326672684688674e-17,-1.69710166059156e-15,3.469446951953614e-18
0.1340246713467534,0.0002593469929575,0.0068105388503836,0.13402467134675358,0.0002593469929593516,0.0068105388503836295,1.942890293094024e-16,1.8516004701707445e-15,2.949029909160572e-17
0.0716197781333824,0.0001417484842049,0.0030143254900565,0.07161977813338252,0.00014174848420671089,0.0030143254900565353,1.249000902703301e-16,1.8108886785939138e-15,3.5128150388530344e-17
0.1226225720278125,0.0002839854026966,0.0043860734342358,0.12262257202781242,0.00028398540269491,0.0043860734342366925,-8.326672684688674e-17,-1.69000013636178e-15,8.925152283900673e-16
0.1164821804618427,0.0003511216334774,0.0055066543599764,0.11648218046184271,0.0003511216334773602,0.005506654359975549,1.3877787807814457e-17,-3.979021973021801e-17,-8.508818649666239e-16
0.1301468351721463,0.0003807691708672,0.0045931550715891,0.1301468351721463,0.0003807691708672938,0.0045931550715891944,0.0,9.383769802862041e-17,9.454242944073599e-17
0.1156344035322142,0.0001807799400769,0.0032735105739503,0.1156344035322142,0.00018077994007697183,0.003273510573950311,0.0,7.182839392716467e-17,1.1275702593849246e-17
0.1426791198504897,7.055330997766084e-05,0.0003754276606775,0.14267911985048976,7.055330997766084e-05,0.00037542766067755196,5.551115123125783e-17,0.0,5.193328406205566e-17
0.1569054764099627,1.1806684360946007e-06,0.0008257069328259,0.15690547640996277,1.1806684360946007e-06,0.0008257069328259092,8.326672684688674e-17,0.0,9.215718466126788e-18
0.1327391622245077,0.0003763676254862,0.0052104584597119,0.1327391622245075,0.0003763676254862954,0.005210458459711909,-2.220446049250313e-16,9.540979117872439e-17,8.673617379884035e-18
0.0163291453426631,6.3952079624391214e-06,0.0004541927981094,0.016329145342663397,6.395207962419606e-06,0.0004541927981094318,2.983724378680108e-16,-1.951563910473908e-17,3.1821333762449555e-17
0.1479585508701802,0.0002519627692668,0.0025591602436731,0.1479585508701802,0.00025196276926682873,0.0025591602436731975,0.0,2.873135757086587e-17,9.75781955236954e-17
0.0679297466588129,-2.228046624821144e-06,-8.349121705109042e-06,0.06792974665881317,-2.228046624841093e-06,-8.349121705109042e-06,2.636779683484747e-16,-1.9948896457259654e-17,0.0
0.1412094900225335,-2.831471965613827e-05,-0.0001411495804264,0.14120949002253333,-2.8314719656117454e-05,-0.00014114958042643622,-1.6653345369377348e-16,2.0816681711721685e-17,-3.621235256101585e-17
0.1282689646086205,0.0002343611460872,0.0025532898744513,0.12826896460862036,0.00023436114608551585,0.002553289874451359,-1.3877787807814457e-16,-1.6841454446303583e-15,5.898059818321144e-17
0.1657345310940584,0.0004049579908876,0.0063813879014027,0.16573453109405856,0.00040495799088944955,0.006381387901402746,1.6653345369377348e-16,1.849540486043022e-15,4.597017211338539e-17
0.0444831445270467,2.345434440328628e-05,0.001054631040704,0.04448314452704627,2.345434440332965e-05,0.0010546310407040238,-4.3021142204224816e-16,4.336808689942018e-17,2.3852447794681098e-17
0.1221303530120023,0.0001740635735416,0.0021418413014258,0.12213035301200324,0.00017406357354157569,0.0021418413014258064,9.43689570931383e-16,-2.4313233717987437e-17,6.5052130349130266e-18
0.1423321245068266,0.0003130960927152,0.0045885316380429,0.14233212450682617,0.00031309609271524923,0.004588531638042959,-4.440892098500626e-16,4.92227786308419e-17,5.898059818321144e-17
0.1041243649813303,0.0003365024270495,0.0053877082206756,0.10412436498133011,0.0003365024270477624,0.005387708220675691,-1.942890293094024e-16,-1.7375966117338937e-15,9.107298248878237e-17
0.0747065057625309,0.0002165786828596,0.0038242202000633,0.07470650576253118,0.00021657868286138922,0.003824220200063344,2.7755575615628914e-16,1.789231740198516e-15,4.423544863740858e-17
0.1938368003956791,0.0009864919256756,0.0094565675048352,0.19383680039567894,0.0009864919256738804,0.009456567504835256,-1.6653345369377348e-16,-1.71954464556201e-15,5.551115123125783e-17
0.1153226646989692,0.0003187610460548,0.0046241418274224,0.11532266469896987,0.0003187610460565274,0.004624141827422434,6.800116025829084e-16,1.72740511131253e-15,3.469446951953614e-17
0.1503733277017475,0.0006441945324229,0.0074442392538127,0.15037332770174686,0.0006441945324212051,0.007444239253812768,-6.38378239159465e-16,-1.694933256246589e-15,6.765421556309548e-17
0.1190082253722374,0.0003202220494612,0.0056710179475221,0.11900822537223812,0.0003202220494629218,0.005671017947522117,7.216449660063518e-16,1.7218214701242296e-15,1.6479873021779667e-17
0.1867011520471069,0.0009096195903221,0.0083552909836299,0.18670115204710647,0.0009096195903221665,0.00835529098362997,-4.440892098500626e-16,6.657001339060997e-17,7.112366251504909e-17
0.082841173433593,0.0002211144780574,0.0036594953082929,0.08284117343359233,0.00022111447805580123,0.003659495308292904,-6.661338147750939e-16,-1.5987645235471248e-15,3.903127820947816e-18
0.054703193619869,0.0001544655889687,0.0024846573897221,0.05470319361986979,0.00015446558897039102,0.0024846573897221447,7.91033905045424e-16,1.6910301284256413e-15,4.466912950640278e-17
0.1171354055080269,0.0003582581468049,0.0046970238367816,0.1171354055080269,0.00035825814680495727,0.004697023836781611,0.0,5.724587470723463e-17,1.0408340855860843e-17
0.1309781700489415,0.0004247087482271,0.005314428304846,0.13097817004894177,0.0004247087482289434,0.005314428304846075,2.7755575615628914e-16,1.843414743768479e-15,7.45931094670027e-17
0.1142250025108164,0.0002698050139305,0.0045513434610926,0.11422500251081619,0.0002698050139287485,0.0045513434610926495,-2.0816681711721685e-16,-1.7515286096503324e-15,4.9439619065339e-17
0.0961072484774202,0.0001357098486241,0.0033596069064696,0.09610724847742029,0.00013570984862416868,0.0033596069064696366,8.326672684688674e-17,6.86842076269567e-17,3.642919299551295e-17
0.1499064798006789,0.0002339897670904,0.0021879526735464,0.1499064798006786,0.00023398976708872282,0.002187952673546434,-3.0531133177191805e-16,-1.677179445672139e-15,3.382710778154774e-17
0.0793630227714396,1.6227626230047587e-05,0.000286029509497,0.07936302277144,1.6227626231794454e-05,0.0002860295094970766,4.0245584642661925e-16,1.7468665403086447e-15,7.659888348610089e-17
0.1122850667371551,-3.809614411735829e-05,-0.0003187883796149,0.11228506673715515,-3.809614411735829e-05,-0.00031878837961496487,4.163336342344337e-17,0.0,-6.488950002325744e-17
0.123654373526403,2.061371249173841e-05,0.0006853383220812,0.12365437352640309,2.0613712491738406e-05,0.0006853383220812859,8.326672684688674e-17,-3.3881317890172014e-21,8.586881206085195e-17
0.0984354763791427,6.059320492999773e-05,0.0010336202239447,0.0984354763791424,6.059320492824913e-05,0.001033620223944709,-2.914335439641036e-16,-1.7486012637846216e-15,8.890457814381136e-18
0.081795279330011,6.079076977572907e-05,0.0012549661939988,0.08179527933001135,6.079076977747594e-05,0.0012549661939988965,3.469446951953614e-16,1.7468665403086447e-15,9.64939933512099e-17
0.1143263107569207,7.479569753057053e-05,0.0009916159143976,0.11432631075692073,7.479569753057053e-05,0.00099161591439767,4.163336342344337e-17,0.0,7.003946034256359e-17
0.1457512135166399,-3.635908661086748e-05,-0.0008917726437926,0.1457512135166403,-3.635908660912235e-05,-0.0008917726437926987,4.163336342344337e-16,1.745131816832668e-15,-9.86623976961809e-17
0.0850234479137456,-5.796356710804224e-05,-0.0017993114966579,0.08502344791374528,-5.79635671097891e-05,-0.0017993114966579071,-3.191891195797325e-16,-1.7468597640450667e-15,-7.15573433840433e-18
0.1922273891452266,-0.0006077402351239,-0.0045017551938419,0.1922273891452266,-0.0006077402351239297,-0.004501755193841994,0.0,-2.970713952610282e-17,-9.454242944073599e-17
0.0648160664069136,-8.522016459504289e-06,-0.0019875642303723,0.06481606640691398,-8.522016457753953e-06,-0.001987564230372385,3.7470027081099033e-16,1.7503359872605984e-15,-8.500145032286355e-17
0.1368391579286153,-0.0006210658352733,-0.0058083739681205,0.13683915792861592,-0.0006210658352753008,-0.005808373968120506,6.106226635438361e-16,-2.00078668910475e-15,-6.071532165918825e-18
0.1441748213885181,-0.0003261089467944,-0.0063677576982099,0.1441748213885173,-0.00032610894679426655,-0.006367757698209964,-7.771561172376096e-16,1.334652874329656e-16,-6.331740687315346e-17
0.0711750589357001,-0.0001206389403368,-0.0027506483630803,0.07117505893570013,-0.00012063894033680425,-0.0027506483630803658,2.7755575615628914e-17,-4.255493527005605e-18,-6.591949208711867e-17
0.057312395301298,-4.97109407339956e-05,-0.0012964472496879,0.05731239530129801,-4.9710940733995596e-05,-0.0012964472496879154,6.938893903907228e-18,6.776263578034403e-21,-1.5395670849294163e-17
0.1260564534261146,-4.736420195140464e-05,-0.0004978271196538,0.12605645342611463,-4.7364201951404644e-05,-0.0004978271196538486,2.7755575615628914e-17,-6.776263578034403e-21,-4.868067754459915e-17
0.0968668979333739,3.0474226438514596e-05,0.0004902337187253,0.09686689793337391,3.0474226438514593e-05,0.0004902337187253636,1.3877787807814457e-17,-3.3881317890172014e-21,6.353424730765056e-17
0.1429139558704145,0.0001727302184826,0.0019330615743653,0.1429139558704143,0.00017273021848088557,0.0019330615743653468,-1.942890293094024e-16,-1.714421790297016e-15,4.683753385137379e-17
0.1047235753739521,7.862371877786697e-05,0.0010739614257309,0.10472357537395238,7.862371877962251e-05,0.0010739614257309071,2.7755575615628914e-16,1.7555401576885288e-15,7.15573433840433e-18
0.2131729426322784,0.0001211965161988,0.0009452964666225,0.2131729426322784,0.00012119651619885152,0.0009452964666225583,0.0,5.15267082473736e-17,5.833007687972014e-17
0.1140658229703409,4.128931533180572e-05,0.0007060025881564,0.11406582297034094,4.1289315331805715e-05,0.0007060025881564513,4.163336342344337e-17,-6.776263578034403e-21,5.139118297581291e-17
0.1236949763777648,5.451965701313427e-05,0.0007264930423875,0.12369497637776487,5.451965701313427e-05,0.0007264930423875882,6.938893903907228e-17,0.0,8.814563662307151e-17
0.1145096783767562,5.992058482743451e-05,0.0010170712863333,0.11450967837675623,5.992058482743451e-05,0.0010170712863333264,2.7755575615628914e-17,0.0,2.6454533008646308e-17
0.1121727990437098,7.255903831778279e-05,0.0009179512381214,0.11217279904370983,7.255903831778279e-05,0.0009179512381214394,2.7755575615628914e-17,0.0,3.946495907847236e-17
0.0813160734517289,2.169351101661936e-05,0.0005883920412061,0.08131607345172893,2.1693511016619357e-05,0.0005883920412061983,2.7755575615628914e-17,-3.3881317890172014e-21,9.82287168271867e-17
0.2598583447305947,0.000190103486775,0.000854777817377,0.25985834473059477,0.0001901034867750409,0.0008547778173770837,5.551115123125783e-17,4.0901526957015655e-17,8.370040771588094e-17
0.0298767157575938,2.430397218096403e-06,0.0001407432694433,0.029876715757593895,2.430397218096403e-06,0.00014074326944335525,9.71445146547012e-17,0.0,5.524010068813645e-17
0.1577229274636761,0.0001133782386917,0.0013216377528051,0.1577229274636761,0.00011337823869172689,0.0013216377528051382,0.0,2.688821387764051e-17,3.8163916471489756e-17
0.0772825012956456,4.8999190995744485e-05,0.0009039764455316,0.07728250129564598,4.8999190997496556e-05,0.0009039764455316401,3.885780586188048e-16,1.7520707107365752e-15,4.0115480381963664e-17
0.1193392609804727,0.0001245613087034,0.0018627558976955,0.11933926098047248,0.00012456130870168794,0.0018627558976955783,-2.220446049250313e-16,-1.71206365057186e-15,7.827939685345342e-17
0.0816352853845291,2.8712010958713285e-05,0.0005463322635419,0.08163528538452881,2.871201095696295e-05,0.0005463322635419487,-2.914335439641036e-16,-1.7503359872605984e-15,4.87890977618477e-17
0.1533336776696177,3.3768155166466474e-05,0.0003305682464844,0.15333367766961836,3.3768155169967146e-05,0.000330568246484475,6.661338147750939e-16,3.5006719745211967e-15,7.502679033599691e-17
0.0557912268190905,-1.3995505420243135e-06,5.625721274693518e-05,0.05579122681909022,-1.3995505437763844e-06,5.625721274693518e-05,-2.8449465006019636e-16,-1.752070922494812e-15,0.0
0.1375597007556107,8.159455598084203e-05,0.000653773343533,0.13755970075561072,8.159455598084203e-05,0.000653773343533004,2.7755575615628914e-17,0.0,4.0115480381963664e-18
0.1116554504840561,1.818418307214173e-05,0.0006786630276218,0.11165545048405612,1.818418307214173e-05,0.000678663027621873,1.3877787807814457e-17,0.0,7.3075226425523e-17
0.0281012309428887,4.25514814646373e-06,0.0002809717888974,0.02810123094288879,4.25514814646373e-06,0.00028097178889829877,9.020562075079397e-17,0.0,8.987493908818589e-16
0.064067920445453,6.227703812052184e-05,0.0004285692796743,0.064067920445453,6.227703812046285e-05,0.00042856927967349634,0.0,-5.898059818321144e-17,-8.036648603548802e-16
0.249326778265209,0.0002417554486896,0.0014672038501428,0.249326778265209,0.00024175544868963034,0.001467203850142873,0.0,3.0330555775281987e-17,7.3075226425523e-17
0.1451076639735548,6.672881743269993e-05,0.0007837478943404,0.14510766397355485,6.672881743269993e-05,0.0007837478943404363,5.551115123125783e-17,0.0,3.63207727782644e-17
0.0869378231127692,2.577841984218246e-05,0.0006875088712874,0.08693782311276928,2.577841984218246e-05,0.0006875088712874344,8.326672684688674e-17,0.0,3.447762908503904e-17
0.1229664346305824,5.665392063169267e-05,0.0009093474950416,0.12296643463058245,5.665392063169267e-05,0.0009093474950416791,4.163336342344337e-17,0.0,7.914675859144182e-17
0.0725856746005135,4.5147372519042245e-05,0.0008092714817893,0.07258567460051382,4.5147372520790846e-05,0.000809271481789331,3.191891195797325e-16,1.7486012637846216e-15,3.0899761915836876e-17
0.0814621352783799,3.55285670760961e-05,0.00067571878483,0.08146213527837966,3.55285670743475e-05,0.0006757187848300816,-2.3592239273284576e-16,-1.7486012637846216e-15,8.164042358815848e-17
0.0884870596300147,2.6616802729901787e-05,0.0003408438916467,0.08848705963001478,2.6616802729901787e-05,0.0003408438916467915,8.326672684688674e-17,0.0,9.150666335777657e-17
0.1543714559461432,6.023976729103986e-05,0.0008851001446501,0.15437145594614501,6.023976729072414e-05,0.0008851001446501527,1.8041124150158794e-15,-3.157196726277789e-16,5.2692225582795515e-17
0.198251758737903,0.000117545621805,0.0011210049012353,0.19825175873790304,0.00011754562180504857,0.0011210049012353451,5.551115123125783e-17,4.85722573273506e-17,4.5102810375396984e-17
0.1315772896262286,9.969008727408676e-05,0.0013171645611089,0.1315772896262269,9.969008727440595e-05,0.0013171645611089744,-1.7208456881689926e-15,3.191891195797325e-16,7.43762690325056e-17
0.1543221239572232,7.671076038802405e-05,0.0007548943025463,0.1543221239572232,7.671076038802405e-05,0.0007548943025463828,0.0,0.0,8.283304597789254e-17
0.0412776363902769,1.5734990803689848e-05,0.0004485574796975,0.04127763639027487,1.573499080226564e-05,0.00044855747969752,-2.033095913844818e-15,-1.4242079737769586e-15,2.0003530082357557e-17
