step,time_sec,cmd_v,cmd_omega,ideal_x,ideal_y,ideal_theta,res_x,res_y,res_theta,pred_delta_x_body,pred_delta_y_body,pred_delta_theta,pred_v_next,pred_omega_next
0,0.0,4.0,0.0,0.19999999999998863,0.0,0.0,0.2001410722732544,0.001148058450780809,0.0009756814688444138,0.2001410722732544,0.001148058450780809,0.0009756814688444138,4.005643367767334,0.03902726247906685
1,0.04999999999999716,4.0,0.0,0.39999999999997726,0.0,0.0,0.40028092914475844,0.0024913902595017435,0.0019513629376888275,0.2001410722732544,0.001148058450780809,0.0009756814688444138,4.005643367767334,0.03902726247906685
2,0.09999999999999432,4.0,0.0,0.5999999999999659,0.0,0.0,0.6004193800905242,0.004029994147372375,0.0029270444065332413,0.2001410722732544,0.001148058450780809,0.0009756814688444138,4.005643367767334,0.03902726247906685
3,0.14999999999999147,4.0,0.0,0.7999999999999545,0.0,0.0,0.800556234587902,0.005763868649712189,0.003902725875377655,0.2001410722732544,0.001148058450780809,0.0009756814688444138,4.005643367767334,0.03902726247906685
4,0.19999999999998863,4.0,0.0,0.9999999999999432,0.0,0.0,1.0006913021157622,0.007693012115951978,0.004878407344222069,0.2001410722732544,0.001148058450780809,0.0009756814688444138,4.005643367767334,0.03902726247906685
5,0.2499999999999858,4.0,0.0,1.1999999999999318,0.0,0.0,1.2008243921546757,0.009817422709635416,0.0058540888130664825,0.2001410722732544,0.001148058450780809,0.0009756814688444138,4.005643367767334,0.03902726247906685
6,0.29999999999998295,4.0,0.0,1.3999999999999204,0.0,0.0,1.4009553141870967,0.012137098408420801,0.006829770281910896,0.2001410722732544,0.001148058450780809,0.0009756814688444138,4.005643367767334,0.03902726247906685
7,0.3499999999999801,4.0,0.0,1.599999999999909,0.0,0.0,1.6010838776975425,0.014652037004082985,0.00780545175075531,0.2001410722732544,0.001148058450780809,0.0009756814688444138,4.005643367767334,0.03902726247906685
8,0.39999999999997726,4.0,0.0,1.7999999999998977,0.0,0.0,1.801209892172776,0.01736223610251548,0.008781133219599724,0.2001410722732544,0.001148058450780809,0.0009756814688444138,4.005643367767334,0.03902726247906685
9,0.4499999999999744,4.0,0.0,1.9999999999998863,0.0,0.0,2.0013331671019863,0.020267693123732722,0.009756814688444138,0.2001410722732544,0.001148058450780809,0.0009756814688444138,4.005643367767334,0.03902726247906685
10,0.4999999999999716,4.0,0.0,2.199999999999875,0.0,0.0,2.201453511976971,0.023368405301872543,0.010732496157288551,0.2001410722732544,0.001148058450780809,0.0009756814688444138,4.005643367767334,0.03902726247906685
11,0.5499999999999687,4.0,0.0,2.3999999999998636,0.0,0.0,2.4015707362923164,0.0266643696851988,0.011708177626132965,0.2001410722732544,0.001148058450780809,0.0009756814688444138,4.005643367767334,0.03902726247906685
12,0.5999999999999659,4.0,0.0,2.599999999999852,0.0,0.0,2.60168464954558,0.03015558313610418,0.012683859094977379,0.2001410722732544,0.001148058450780809,0.0009756814688444138,4.005643367767334,0.03902726247906685
13,0.649999999999963,4.0,0.0,2.799999999999841,0.0,0.0,2.801795061237471,0.03384204233111319,0.013659540563821793,0.2001410722732544,0.001148058450780809,0.0009756814688444138,4.005643367767334,0.03902726247906685
14,0.6999999999999602,4.0,0.0,2.9999999999998295,0.0,0.0,3.0019017808720316,0.03772374376088532,0.014635222032666206,0.2001410722732544,0.001148058450780809,0.0009756814688444138,4.005643367767334,0.03902726247906685
15,0.7499999999999574,4.0,0.0,3.199999999999818,0.0,0.0,3.2020046179568187,0.04180068373021838,0.01561090350151062,0.2001410722732544,0.001148058450780809,0.0009756814688444138,4.005643367767334,0.03902726247906685
16,0.7999999999999545,4.0,0.0,3.3999999999998067,0.0,0.0,3.402103382003086,0.04607285835805203,0.016586584970355034,0.2001410722732544,0.001148058450780809,0.0009756814688444138,4.005643367767334,0.03902726247906685
17,0.8499999999999517,4.0,0.0,3.5999999999997954,0.0,0.0,3.6021978825259637,0.05054026357747146,0.017562266439199448,0.2001410722732544,0.001148058450780809,0.0009756814688444138,4.005643367767334,0.03902726247906685
18,0.8999999999999488,4.0,0.0,3.799999999999784,0.0,0.0,3.8022879290446414,0.05520289513571128,0.01853794790804386,0.2001410722732544,0.001148058450780809,0.0009756814688444138,4.005643367767334,0.03902726247906685
19,0.949999999999946,4.0,0.0,3.9999999999997726,0.0,0.0,4.0023733310825484,0.06006074859415954,0.019513629376888275,0.2001410722732544,0.001148058450780809,0.0009756814688444138,4.005643367767334,0.03902726247906685
20,0.9999999999999432,4.0,0.0,4.199999999999761,0.0,0.0,4.202453898167534,0.06511381932836198,0.02048931084573269,0.2001410722732544,0.001148058450780809,0.0009756814688444138,4.005643367767334,0.03902726247906685
21,1.0499999999999403,4.0,0.0,4.39999999999975,0.0,0.0,4.402529439832053,0.07036210252802642,0.021464992314577103,0.2001410722732544,0.001148058450780809,0.0009756814688444138,4.005643367767334,0.03902726247906685
22,1.0999999999999375,4.0,0.0,4.5999999999997385,0.0,0.0,4.602599765613342,0.07580559319702736,0.022440673783421516,0.2001410722732544,0.001148058450780809,0.0009756814688444138,4.005643367767334,0.03902726247906685
23,1.1499999999999346,4.0,0.0,4.799999999999727,0.0,0.0,4.802664685053603,0.08144428615341069,0.02341635525226593,0.2001410722732544,0.001148058450780809,0.0009756814688444138,4.005643367767334,0.03902726247906685
24,1.1999999999999318,4.0,0.0,4.999999999999716,0.0,0.0,5.002724007700185,0.08727817602939868,0.024392036721110344,0.2001410722732544,0.001148058450780809,0.0009756814688444138,4.005643367767334,0.03902726247906685
25,1.249999999999929,4.0,0.0,5.199999999999704,0.0,0.0,5.202777543105765,0.09330725727139504,0.025367718189954758,0.2001410722732544,0.001148058450780809,0.0009756814688444138,4.005643367767334,0.03902726247906685
26,1.299999999999926,4.0,0.0,5.399999999999693,0.0,0.0,5.40282510082853,0.09953152413999024,0.02634339965879917,0.2001410722732544,0.001148058450780809,0.0009756814688444138,4.005643367767334,0.03902726247906685
27,1.3499999999999233,4.0,0.0,5.599999999999682,0.0,0.0,5.602866490432357,0.10595097070996697,0.027319081127643585,0.2001410722732544,0.001148058450780809,0.0009756814688444138,4.005643367767334,0.03902726247906685
28,1.3999999999999204,4.0,0.0,5.79999999999967,0.0,0.0,5.802901521486993,0.11256559087030577,0.028294762596488,0.2001410722732544,0.001148058450780809,0.0009756814688444138,4.005643367767334,0.03902726247906685
29,1.4499999999999176,4.0,0.0,5.999999999999659,0.0,0.0,6.002930003568238,0.11937537832419082,0.029270444065332413,0.2001410722732544,0.001148058450780809,0.0009756814688444138,4.005643367767334,0.03902726247906685
30,1.4999999999999147,4.0,0.0,6.199999999999648,0.0,0.0,6.202951746258131,0.12638032658901602,0.030246125534176826,0.2001410722732544,0.001148058450780809,0.0009756814688444138,4.005643367767334,0.03902726247906685
31,1.549999999999912,4.0,0.0,6.399999999999636,0.0,0.0,6.4029665591451215,0.13358042899639105,0.03122180700302124,0.2001410722732544,0.001148058450780809,0.0009756814688444138,4.005643367767334,0.03902726247906685
32,1.599999999999909,4.0,0.0,6.599999999999625,0.0,0.0,6.602974251824257,0.1409756786921478,0.032197488471865654,0.2001410722732544,0.001148058450780809,0.0009756814688444138,4.005643367767334,0.03902726247906685
33,1.6499999999999062,4.0,0.0,6.7999999999996135,0.0,0.0,6.802974633897366,0.14856606863634692,0.03317316994071007,0.2001410722732544,0.001148058450780809,0.0009756814688444138,4.005643367767334,0.03902726247906685
34,1.6999999999999034,4.0,0.0,6.999999999999602,0.0,0.0,7.002967514973232,0.15635159160328435,0.03414885140955448,0.2001410722732544,0.001148058450780809,0.0009756814688444138,4.005643367767334,0.03902726247906685
35,1.7499999999999005,4.0,0.0,7.199999999999591,0.0,0.0,7.2029527046677835,0.16433224018149842,0.035124532878398895,0.2001410722732544,0.001148058450780809,0.0009756814688444138,4.005643367767334,0.03902726247906685
36,1.7999999999998977,4.0,0.0,7.399999999999579,0.0,0.0,7.4029300126042665,0.17250800677377678,0.03610021434724331,0.2001410722732544,0.001148058450780809,0.0009756814688444138,4.005643367767334,0.03902726247906685
37,1.8499999999998948,4.0,0.0,7.599999999999568,0.0,0.0,7.602899248413434,0.18087888359716364,0.03707589581608772,0.2001410722732544,0.001148058450780809,0.0009756814688444138,4.005643367767334,0.03902726247906685
38,1.899999999999892,4.0,0.0,7.799999999999557,0.0,0.0,7.802860221733719,0.1894448626829672,0.03805157728493214,0.2001410722732544,0.001148058450780809,0.0009756814688444138,4.005643367767334,0.03902726247906685
39,1.9499999999998892,4.0,0.0,7.999999999999545,0.0,0.0,8.002812742211425,0.19820593587676727,0.03902725875377655,0.2001410722732544,0.001148058450780809,0.0009756814688444138,4.005643367767334,0.03902726247906685
40,1.9999999999998863,4.0,0.0,8.199999999999534,0.0,0.0,8.202756619500898,0.20716209483842293,0.040002940222620964,0.2001410722732544,0.001148058450780809,0.0009756814688444138,4.005643367767334,0.03902726247906685
41,2.0499999999998835,4.0,0.0,8.399999999999523,0.0,0.0,8.402691663264715,0.21631333104208056,0.04097862169146538,0.2001410722732544,0.001148058450780809,0.0009756814688444138,4.005643367767334,0.03902726247906685
42,2.0999999999998806,4.0,0.0,8.599999999999511,0.0,0.0,8.602617683173861,0.22565963577618195,0.04195430316030979,0.2001410722732544,0.001148058450780809,0.0009756814688444138,4.005643367767334,0.03902726247906685
43,2.149999999999878,4.0,0.0,8.7999999999995,0.0,0.0,8.80253448890791,0.23520100014347256,0.042929984629154205,0.2001410722732544,0.001148058450780809,0.0009756814688444138,4.005643367767334,0.03902726247906685
44,2.199999999999875,4.0,0.0,8.999999999999488,0.0,0.0,9.002441890155207,0.24493741506101,0.04390566609799862,0.2001410722732544,0.001148058450780809,0.0009756814688444138,4.005643367767334,0.03902726247906685
45,2.249999999999872,4.0,0.0,9.199999999999477,0.0,0.0,9.202339696613054,0.2548688712601727,0.04488134756684303,0.2001410722732544,0.001148058450780809,0.0009756814688444138,4.005643367767334,0.03902726247906685
46,2.2999999999998693,4.0,0.0,9.399999999999466,0.0,0.0,9.402227717987882,0.2649953592866686,0.04585702903568745,0.2001410722732544,0.001148058450780809,0.0009756814688444138,4.005643367767334,0.03902726247906685
47,2.3499999999998664,4.0,0.0,9.599999999999454,0.0,0.0,9.60210576399544,0.27531686950054446,0.04683271050453186,0.2001410722732544,0.001148058450780809,0.0009756814688444138,4.005643367767334,0.03902726247906685
48,2.3999999999998636,4.0,0.0,9.799999999999443,0.0,0.0,9.80197364436097,0.2858333920761947,0.047808391973376274,0.2001410722732544,0.001148058450780809,0.0009756814688444138,4.005643367767334,0.03902726247906685
49,2.4499999999998607,4.0,0.0,9.999999999999432,0.0,0.0,10.001831168819397,0.2965449170023709,0.04878407344222069,0.2001410722732544,0.001148058450780809,0.0009756814688444138,4.005643367767334,0.03902726247906685
50,2.499999999999858,4.0,0.0,10.19999999999942,0.0,0.0,10.201678147115496,0.30745143408219133,0.0497597549110651,0.2001410722732544,0.001148058450780809,0.0009756814688444138,4.005643367767334,0.03902726247906685
51,2.549999999999855,4.0,0.0,10.399999999999409,0.0,0.0,10.40151438900409,0.31855293293315073,0.050735436379909515,0.2001410722732544,0.001148058450780809,0.0009756814688444138,4.005643367767334,0.03902726247906685
52,2.599999999999852,4.0,0.0,10.599999999999397,0.0,0.0,10.601339704250217,0.32984940298713,0.05171111784875393,0.2001410722732544,0.001148058450780809,0.0009756814688444138,4.005643367767334,0.03902726247906685
53,2.6499999999998494,4.0,0.0,10.799999999999386,0.0,0.0,10.801153902629318,0.3413408334904065,0.05268679931759834,0.2001410722732544,0.001148058450780809,0.0009756814688444138,4.005643367767334,0.03902726247906685
54,2.6999999999998465,4.0,0.0,10.999999999999375,0.0,0.0,11.000956793927417,0.35302721350366406,0.05366248078644276,0.2001410722732544,0.001148058450780809,0.0009756814688444138,4.005643367767334,0.03902726247906685
55,2.7499999999998437,4.0,0.0,11.199999999999363,0.0,0.0,11.200748187941302,0.36490853190200345,0.05463816225528717,0.2001410722732544,0.001148058450780809,0.0009756814688444138,4.005643367767334,0.03902726247906685
56,2.799999999999841,4.0,0.0,11.399999999999352,0.0,0.0,11.400527894478708,0.3769847773749532,0.055613843724131584,0.2001410722732544,0.001148058450780809,0.0009756814688444138,4.005643367767334,0.03902726247906685
57,2.849999999999838,4.0,0.0,11.59999999999934,0.0,0.0,11.60029572335849,0.38925593842648,0.056589525192976,0.2001410722732544,0.001148058450780809,0.0009756814688444138,4.005643367767334,0.03902726247906685
58,2.899999999999835,4.0,0.0,11.79999999999933,0.0,0.0,11.800051484410817,0.4017220033749999,0.05756520666182041,0.2001410722732544,0.001148058450780809,0.0009756814688444138,4.005643367767334,0.03902726247906685
59,2.9499999999998323,4.0,0.0,11.999999999999318,0.0,0.0,11.999794987477339,0.4143829603533894,0.058540888130664825,0.2001410722732544,0.001148058450780809,0.0009756814688444138,4.005643367767334,0.03902726247906685
60,2.9999999999998295,2.0,0.0,12.099999999999312,0.0,0.0,12.099758853677464,0.4207317737580338,0.05820659239543602,0.10016407817602158,0.0004893061122857034,-0.00033429573522880673,2.006563186645508,-0.013371825218200684
61,3.0499999999998266,2.0,0.026372017338871956,12.199999971020839,6.593003379786594e-05,0.001318600866943523,12.199800434829921,0.42687101167869074,0.058741427725180984,0.10022930055856705,0.00030904897721484303,0.0005348353297449648,2.009171962738037,-0.00497860461473465
62,3.099999999999824,2.0,0.05263995751738548,12.29999959510111,0.0003293896334553303,0.003950598742812648,12.299743605991955,0.43283185530243723,0.06092802295461297,0.10012073814868927,8.313357830047607e-05,0.002186595229431987,2.004829168319702,0.03482385724782944
63,3.149999999999821,2.0,0.07870015501976013,12.399997779392569,0.0009211960588828339,0.007885606493800431,12.39963483405002,0.43893359427091516,0.06450863112695515,0.10007741302251816,8.006766620383132e-06,0.003580608172342181,2.003096580505371,0.06452418118715286
64,3.199999999999818,2.0,0.10444974899291992,12.499992156612993,0.001970860611586021,0.013108093943446131,12.499452648104604,0.4455052974166787,0.06919567636214197,0.10003383457660675,0.0001233887014677748,0.004687045235186815,2.0013532638549805,0.08303205668926239
65,3.2499999999998153,2.0,0.1297871321439743,12.599978610810865,0.0036060620856025864,0.019597450550644477,12.59919792258742,0.45260865122901117,0.07492828066460788,0.09999770671129227,0.0001899197668535635,0.005732604302465916,1.999908208847046,0.09951703995466232
66,3.2999999999998124,2.0,0.15461231768131256,12.699950838080378,0.0059521168276574984,0.027328066434709666,12.698851218511761,0.4603518708055831,0.0817091295029968,0.09995333105325699,0.00026162827271036804,0.00678084883838892,1.9981331825256348,0.11662162095308304
67,3.3499999999998096,2.0,0.17882730066776276,12.799899951370707,0.009131445265044984,0.036269431468097295,12.798428764380986,0.46886676442855085,0.08955494570545852,0.09994029253721237,0.00035914109321311116,0.00784581620246172,1.99761164188385,0.13500535488128662
68,3.3999999999998067,2.0,0.20233654975891113,12.899814137891177,0.013263035807467722,0.04638625895604227,12.897931855926673,0.47825285772199727,0.09845068282447755,0.09994379431009293,0.00044939221697859466,0.008895737119019032,1.9977518320083618,0.15349292755126953
69,3.449999999999804,2.0,0.2250472605228424,12.999678376833451,0.018461907595008514,0.05763862198218375,12.99734944493686,0.488600376076515,0.10837413999252021,0.09995324909687042,0.0005254861316643655,0.00992345716804266,1.9981298446655273,0.17189103364944458
70,3.499999999999801,2.0,0.24686980247497559,13.099474224209787,0.024838574354286987,0.06998211210593183,13.096656067761538,0.4999949165237424,0.11929459287784994,0.09995647519826889,0.000586476584430784,0.010920452885329723,1.9982588291168213,0.18994835019111633
71,3.549999999999798,2.0,0.2677180767059326,13.199179670525426,0.03249851281391199,0.0833680159412277,13.195829563700539,0.512521980525403,0.1311917246785015,0.09995952248573303,0.0006352115306071937,0.01189713180065155,1.9983808994293213,0.2081671953201294
72,3.5999999999997954,2.0,0.2875097990036011,13.298769075816391,0.04154163963583929,0.09774350589140693,13.294850943125184,0.5262810604484472,0.14402228756807745,0.09997036308050156,0.0006872910889796913,0.012830562889575958,1.998814582824707,0.22571271657943726
73,3.6499999999997925,2.0,0.3061668276786804,13.398213185274358,0.05206180160574678,0.11305184727534008,13.393689943207725,0.5413607142204087,0.15773413958959281,0.09997999668121338,0.0007376712164841592,0.01371185202151537,1.9991997480392456,0.24230727553367615
74,3.6999999999997897,2.0,0.32361555099487305,13.497479227228826,0.06414628485059726,0.1292326248250828,13.492315491870693,0.5578395133139178,0.1722733664792031,0.09998968988656998,0.0007820390164852142,0.01453922688961029,1.9995874166488647,0.25795355439186096
75,3.749999999999787,2.0,0.3397871255874634,13.596531093747899,0.07787534925955988,0.146221981104455,13.590696390568086,0.5757915303363627,0.18758139829151332,0.10000200569629669,0.0008215840789489448,0.015308031812310219,2.000079870223999,0.2725341320037842
76,3.799999999999784,2.0,0.354617714881897,13.695329602587794,0.09332179437916331,0.16395286684854884,13.688795255768046,0.5952828795793222,0.20359632628969848,0.10001283884048462,0.000855637714266777,0.016014927998185158,2.0005135536193848,0.28597936034202576
77,3.849999999999781,2.0,0.3680488169193268,13.793832837600537,0.11055056354639646,0.18235530769451413,13.786573070132633,0.6163732499514176,0.22025359119288623,0.10002260655164719,0.0008848067373037338,0.016657264903187752,2.000904083251953,0.2982417643070221
78,3.8999999999997783,2.0,0.3800273537635803,13.891996563171427,0.12961839271014228,0.20135667538269209,13.88398859012214,0.6391090909254288,0.23748472589068115,0.10002942383289337,0.0009035304537974298,0.017231134697794914,2.0011768341064453,0.3092179596424103
79,3.9499999999997755,2.0,0.3905061185359955,13.989774706659487,0.15057351051195764,0.22088198130949074,13.98099715302152,0.6635379442475583,0.25521630118601024,0.10003290325403214,0.0009210955468006432,0.017731575295329094,2.0013160705566406,0.3187568485736847
80,3.9999999999997726,2.0,0.39944374561309814,14.087119901389778,0.17345539549665598,0.24085416859014452,14.077558820804807,0.6897000983168828,0.27337838779203594,0.10003867000341415,0.0009372804197482765,0.018162086606025696,2.001546621322632,0.3270397186279297
81,4.04999999999977,2.0,0.4068049192428589,14.18398408153861,0.19829459511158212,0.2611944145522863,14.173630190938924,0.7176242593116072,0.29189680772833526,0.10004281997680664,0.0009492617100477219,0.018518419936299324,2.0017127990722656,0.3339318633079529
82,4.099999999999767,2.0,0.4125606417655945,14.28031911893385,0.22511261104607258,0.2818224466405649,14.269168312210091,0.7473332033405162,0.3106958426069468,0.10004615783691406,0.0009593088179826736,0.018799034878611565,2.0018465518951416,0.3394007682800293
83,4.149999999999764,2.0,0.4166881740093231,14.376077490948912,0.2539218537834803,0.3026568553410299,14.364131088538752,0.7788414347038674,0.3296986266504973,0.10004879534244537,0.0009675134206190705,0.01900278404355049,2.0019516944885254,0.34342312812805176
84,4.199999999999761,2.0,0.41917121410369873,14.47121296799589,0.2847256678549079,0.32361541604621363,14.458478127241756,0.8121546002396263,0.348827215610072,0.1000509038567543,0.0009733177721500397,0.0191285889595747,2.0020363330841064,0.34597229957580566
85,4.249999999999758,2.0,0.41999998688697815,14.565681308531826,0.31751842836405686,0.34461541539056134,14.552170663834874,0.8472707314559721,0.36800338397733867,0.1000523790717125,0.0009775105863809586,0.019176168367266655,2.0020949840545654,0.3470466732978821
86,4.299999999999756,2.0,0.41917121410369873,14.659440949397796,0.3522857075067659,0.3655739760957451,14.645172453525873,0.8841796565549463,0.387148680863902,0.10005319118499756,0.0009800874395295978,0.0191452968865633,2.0021278858184814,0.3466406464576721
87,4.349999999999753,2.0,0.4166881740093231,14.752453679386955,0.38900450838644407,0.3864083847962101,14.737450465211095,0.9228631238850149,0.40618476341478527,0.10005338490009308,0.0009809461189433932,0.019036082550883293,2.0021352767944336,0.344755083322525
88,4.39999999999975,2.0,0.4125606417655945,14.84468528428007,0.42764356204262904,0.40703641688448866,14.828975405748615,0.9632949727369645,0.42503374884836376,0.10005293041467667,0.000979927252046764,0.01884898543357849,2.0021169185638428,0.34139877557754517
89,4.449999999999747,2.0,0.4068049192428589,14.936106152175817,0.46816368231149696,0.42737666284663045,14.919722115721347,1.005441961042187,0.44361852551810443,0.1000518798828125,0.0009774077916517854,0.018584776669740677,2.002075433731079,0.3365860879421234
90,4.499999999999744,2.0,0.39944374561309814,15.02669182876444,0.5105181719733126,0.4473488501272842,15.009670379608837,1.0492631986522123,0.46186319808475673,0.10005021095275879,0.0009727951255626976,0.018244672566652298,2.0020084381103516,0.3303431570529938
91,4.549999999999741,2.0,0.3905061185359955,15.11642351341097,0.5546532722513863,0.4668741560540829,15.098805706005425,1.0947100478997274,0.47969326633028686,0.10004794597625732,0.0009648959967307746,0.01783006824553013,2.001917839050293,0.32269659638404846
92,4.5999999999997385,2.0,0.3800273537635803,15.205288487948463,0.6005086473717098,0.48587552374226084,15.187119365029647,1.1417273381175246,0.49703608895651996,0.1000450849533081,0.000953376293182373,0.0173428226262331,2.001803398132324,0.3136855363845825
93,4.649999999999736,2.0,0.3680488169193268,15.293280471467003,0.6480178952237485,0.5042779645882262,15.27460852477991,1.1902539794104618,0.5138212542515248,0.10004153102636337,0.0009381145355291665,0.016785165295004845,2.0016613006591797,0.3033577501773834
94,4.699999999999733,2.0,0.354617714881897,15.380399896086812,0.6971090743675957,0.52200885033232,15.361277155721286,1.2402207010946145,0.5299798517953604,0.10003641992807388,0.000916271295864135,0.01615859754383564,2.0014567375183105,0.29172617197036743
95,4.74999999999973,2.0,0.3397871255874634,15.466654099805513,0.7477052383655742,0.5389982066116923,15.447136484583211,1.2915517607904956,0.5454457316081971,0.10002958029508591,0.0008860632660798728,0.015465879812836647,2.001183032989502,0.2788480818271637
96,4.799999999999727,2.0,0.32361555099487305,15.552057434208363,0.7997249682137416,0.555178984161435,15.532203680567688,1.3441701229993386,0.5601564066018909,0.10002198070287704,0.0008504413417540491,0.014710674993693829,2.0008795261383057,0.2648114562034607
97,4.849999999999724,2.0,0.3061668276786804,15.636631286382277,0.8530828939813918,0.5704873255453681,15.616502683070921,1.397994577209459,0.5740525561850518,0.10001369565725327,0.0008089345064945519,0.013896149583160877,2.0005478858947754,0.24967911839485168
98,4.8999999999997215,2.0,0.2875097990036011,15.720404015554372,0.907690197851704,0.5848628154955473,15.700064290815288,1.452940384184794,0.5870783783029765,0.10000502318143845,0.0007611382752656937,0.01302582211792469,2.0002007484436035,0.23352307081222534
99,4.949999999999719,2.0,0.2677180767059326,15.80341080637695,0.9634550914635717,0.5982487193308432,15.782929158548958,1.5089179697675543,0.5991818017791957,0.09999790787696838,0.0007034290465526283,0.012103423476219177,1.9999163150787354,0.21641886234283447
100,4.999999999999716,2.0,0.24686980247497559,15.885693441747613,1.0202832618456865,0.6105922094545913,15.865134322859044,1.5658474582285806,0.6103120499756187,0.09999115765094757,0.0006512198597192764,0.011130248196423054,1.9996461868286133,0.19834014773368835
101,5.049999999999713,2.0,0.2250472605228424,15.967299999196335,1.0780782812569725,0.6218445724807328,15.946723087785067,1.6236455984944127,0.6204239649232477,0.09998493641614914,0.0006033823010511696,0.010111914947628975,1.9993973970413208,0.1794293224811554
102,5.09999999999971,2.0,0.20233654975891113,16.048284475802966,1.1367419775026733,0.6319613999686777,16.02775934042456,1.6822215353626881,0.6294926048722118,0.09998857975006104,0.0005463894340209663,0.009068639948964119,1.9995430707931519,0.16040903329849243
103,5.149999999999707,2.0,0.17882730066776276,16.12870634711267,1.1961747629992459,0.6409027650020653,16.1083030748827,1.7414846385573497,0.6374874801840633,0.09999586641788483,0.00048503614380024374,0.007994875311851501,1.999834656715393,0.1409676969051361
104,5.199999999999704,2.0,0.15461231768131256,16.208630066057562,1.25627592229004,0.6486333808861305,16.188415145540702,1.8013484819743635,0.6443911383394152,0.10000721365213394,0.00042524264426901937,0.006903658155351877,2.000288486480713,0.12153399735689163
105,5.249999999999702,2.0,0.1297871321439743,16.288124508511043,1.3169438588458056,0.6551227374933288,16.2681555389105,1.8617031428378616,0.6501772121991962,0.10000546276569366,0.00035048500285483897,0.005786073859781027,2.000218629837036,0.10165583342313766
106,5.299999999999699,2.0,0.10444974899291992,16.36726237221304,1.3780763035871846,0.6603452249429745,16.3475852817332,1.9224460900941431,0.6548225458245724,0.09999358654022217,0.0002689555403776467,0.0046453336253762245,1.9997433423995972,0.08136358857154846
107,5.349999999999696,2.0,0.07870015501976013,16.446119536038882,1.4395704887576388,0.6642802326939623,16.426769547420868,1.9834875473689637,0.6583118508569896,0.09998085349798203,0.00019071587303187698,0.003489305032417178,1.9992339611053467,0.060872048139572144
108,5.399999999999693,2.0,0.05263995751738548,16.524774386846282,1.5013232917031079,0.6669122305698314,16.505745757118035,2.04477610145195,0.6606467983219773,0.09996750205755234,0.00016459674225188792,0.0023349474649876356,1.9987001419067383,0.04075793921947479
109,5.44999999999969,2.0,0.026372017338871956,16.603307120990628,1.56323135433544,0.668230831436775,16.584633391162715,2.1061847875419093,0.6618220164673403,0.09997139126062393,8.038580563152209e-05,0.0011752181453630328,1.998855471611023,0.020636707544326782
110,5.499999999999687,2.0,5.143516582334358e-17,16.681799027743654,1.6251911846634273,0.668230831436775,16.663494070498377,2.1676430294698505,0.6618245331803791,0.09998060762882233,1.855604386946652e-05,2.5167130388581427e-06,1.999224305152893,0.00010067224502563477
111,5.5499999999996845,2.0,-0.026372017338871956,16.760331761888004,1.687099247295754,0.6669122305698314,16.742405152872635,2.2290375537996043,0.6606398942415126,0.09998121112585068,-6.293617479968816e-05,-0.0011846389388665557,1.9992483854293823,-0.0210135355591774
112,5.599999999999682,2.0,-0.05263995751738548,16.8389866126954,1.7488520502412237,0.6642802326939623,16.82143187846181,2.2902610675163007,0.6582542586140789,0.0999675914645195,-0.0001504857063991949,-0.0023856356274336576,1.9987035989761353,-0.042785465717315674
113,5.649999999999679,2.0,-0.07870015501976013,16.91784377652124,1.8103462354116786,0.6603452249429745,16.900654805963022,2.3512629086049293,0.654683582996995,0.09998726844787598,-0.00020737983868457377,-0.003570675617083907,1.9994908571243286,-0.0641268640756607
114,5.699999999999676,2.0,-0.10444974899291992,16.99698164022324,1.871478680153057,0.6551227374933288,16.98009808051194,2.4120135879720563,0.6500474112574466,0.10000922530889511,-0.0001837599993450567,-0.004636171739548445,2.00036883354187,-0.08099710941314697
115,5.749999999999673,2.0,-0.1297871321439743,17.07647608267672,1.9321466167088237,0.6486333808861305,17.05980928122588,2.4724466629338844,0.6444052719045885,0.10003006458282471,-0.00013508573465514928,-0.0056421393528580666,2.001202344894409,-0.09589844197034836
116,5.79999999999967,2.0,-0.15461231768131256,17.156399801621614,1.9922477759996184,0.6409027650020653,17.13980311139927,2.532549638934311,0.6377986222971685,0.10005688667297363,-4.385039119370049e-06,-0.006606649607419968,2.0022754669189453,-0.10965367406606674
117,5.8499999999996675,2.0,-0.17882730066776276,17.236821672931317,2.051680561496191,0.6319613999686777,17.220119228109123,2.592198237455224,0.6301696538459964,0.10004311054944992,9.970180690288544e-05,-0.007628968451172113,2.0017242431640625,-0.12633144855499268
118,5.899999999999665,2.0,-0.20233654975891113,17.317806149537947,2.110344257741892,0.6218445724807328,17.30079083252718,2.651340102345709,0.6215219046455331,0.10002803802490234,0.00024403072893619537,-0.008647749200463295,2.0011215209960938,-0.14357341825962067
119,5.949999999999662,2.0,-0.2250472605228424,17.399412706986674,2.168139277153178,0.6105922094545913,17.381885936473754,2.7098935422106023,0.6118873130064912,0.10002386569976807,0.00038405024679377675,-0.0096345916390419,2.0009546279907227,-0.160336434841156
120,5.999999999999659,2.0,-0.24686980247497559,17.481695342357334,2.2249674475352923,0.5982487193308432,17.463470686374244,2.767765748045168,0.601306416606576,0.10002502053976059,0.0005088128382340074,-0.010580896399915218,2.0010008811950684,-0.17636607587337494
121,6.049999999999656,2.0,-0.2677180767059326,17.564702133179914,2.2807323411471603,0.5848628154955473,17.545608976711232,2.8248680003366875,0.5898461868521281,0.10003490746021271,0.0006190683925524354,-0.011460229754447937,2.0013959407806396,-0.19069111347198486
122,6.099999999999653,2.0,-0.2875097990036011,17.648474862352007,2.3353396450174726,0.5704873255453681,17.62833445791759,2.8811263262638214,0.5775227225851722,0.10003979504108429,0.0007374856504611671,-0.012323464266955853,2.001591920852661,-0.20542874932289124
123,6.14999999999965,2.0,-0.3061668276786804,17.73304871452592,2.388697570785123,0.555178984161435,17.711691100848753,2.936475887920909,0.5643812525552221,0.1000557690858841,0.0008642736938782036,-0.013141470029950142,2.002230405807495,-0.21949195861816406
124,6.199999999999648,2.0,-0.32361555099487305,17.818452048928773,2.4407173006332896,0.5389982066116923,17.795719989726237,2.9908368750680796,0.5504701626953192,0.10007498413324356,0.000984195270575583,-0.013911089859902859,2.0029993057250977,-0.2328280210494995
125,6.249999999999645,2.0,-0.3397871255874634,17.904706252647475,2.491313464631268,0.5220088503323201,17.88045486262593,3.0441268401929285,0.5358410678338714,0.1000930666923523,0.0010941062355414033,-0.014629094861447811,2.003722667694092,-0.2453766167163849
126,6.299999999999642,2.0,-0.354617714881897,17.991825677267283,2.5404046437751155,0.5042779645882263,17.96592054070515,3.0962681977589153,0.5205526822712727,0.10010828822851181,0.0011974666267633438,-0.015288385562598705,2.0043318271636963,-0.25691771507263184
127,6.349999999999639,2.0,-0.3680488169193268,18.07981766078582,2.5879138916271542,0.48587552374226095,18.05213958344249,3.1471837447912097,0.5046673533972807,0.10012219101190567,0.0012896228581666946,-0.015885328873991966,2.004887819290161,-0.26736438274383545
128,6.399999999999636,2.0,-0.3800273537635803,18.168682635323314,2.633769266747478,0.466874156054083,18.13912797393721,3.196798323115762,0.4882534579840012,0.10013347119092941,0.0013690911000594497,-0.016413895413279533,2.0053389072418213,-0.2765284776687622
129,6.449999999999633,2.0,-0.3905061185359955,18.258414319969845,2.6779043670255516,0.4473488501272843,18.226894921736424,3.2450438961415013,0.4713791353162833,0.10014291852712631,0.0014381625223904848,-0.016874322667717934,2.0057168006896973,-0.2844667434692383
130,6.4999999999996305,2.0,-0.39944374561309814,18.34899999655847,2.720258856687367,0.42737666284663056,18.31544315445523,3.291859966169687,0.4541144804563828,0.10015131533145905,0.0014993224758654833,-0.017264654859900475,2.0060524940490723,-0.29114246368408203
131,6.549999999999628,2.0,-0.4068049192428589,18.440420864454214,2.760778976956235,0.40703641688448877,18.404769361546848,3.337191941775747,0.4365316262003489,0.10015860944986343,0.0015531383687630296,-0.017582854256033897,2.0063443183898926,-0.2965092658996582
132,6.599999999999625,2.0,-0.4125606417655945,18.53265246934733,2.7994180306124203,0.3864083847962102,18.494865941873893,3.380993048018637,0.41870515472260195,0.1001667007803917,0.0016008589882403612,-0.017826471477746964,2.0066680908203125,-0.30049818754196167
133,6.649999999999622,2.0,-0.4166881740093231,18.62566519933649,2.836136831492098,0.3655739760957452,18.585719340997336,3.423222197576815,0.4007104025688477,0.10017456859350204,0.0016422581393271685,-0.017994752153754234,2.0069825649261475,-0.30310189723968506
134,6.699999999999619,2.0,-0.41917121410369873,18.719424840202457,2.8709041106348074,0.34461541539056145,18.67730991977777,3.4638437007740794,0.38262274912563043,0.100180484354496,0.001676662708632648,-0.018087653443217278,2.0072193145751953,-0.30433493852615356
135,6.749999999999616,2.0,-0.41999998688697815,18.813893180738393,2.903696871143956,0.32361541604621374,18.769613639871128,3.502828827614271,0.3645179537591048,0.10018439590930939,0.0017040170496329665,-0.01810479536652565,2.007375955581665,-0.30419182777404785
136,6.7999999999996135,2.0,-0.41917121410369873,18.90902865778537,2.9345006852153843,0.30265685534103,18.86260257855253,3.5401560640801235,0.34647183357742506,0.100186288356781,0.0017242170870304108,-0.018046120181679726,2.0074515342712402,-0.3026735782623291
137,6.849999999999611,2.0,-0.4166881740093231,19.00478702980043,2.963309927952792,0.281822446640565,18.956244956533027,3.5758147922627765,0.32855820334521013,0.10018687695264816,0.0017405562102794647,-0.017913630232214928,2.007474660873413,-0.2998569905757904
138,6.899999999999608,2.0,-0.4125606417655945,19.101122067195668,2.9901279438872823,0.2611944145522864,19.050507187045014,3.6097976906751996,0.3108525467571326,0.1001855656504631,0.001748691196553409,-0.017705656588077545,2.00742244720459,-0.2956656217575073
139,6.949999999999605,2.0,-0.4068049192428589,19.1979862473445,3.0149671435022087,0.24085416859014463,19.145353360578675,3.642104614640014,0.29342986135748106,0.10018222779035568,0.0017479144735261798,-0.017422685399651527,2.007289171218872,-0.290102481842041
140,6.999999999999602,2.0,-0.39944374561309814,19.29533144207479,3.0378490284869066,0.22088198130949085,19.24074578511368,3.672743335494576,0.27636400102642256,0.10017696768045425,0.0017381083453074098,-0.017065860331058502,2.0070786476135254,-0.28319066762924194
141,7.049999999999599,2.0,-0.3905061185359955,19.39310958556285,3.058804146288722,0.2013566753826922,19.336645535549632,3.701729486212659,0.2597273258027144,0.10016987472772598,0.0017190881771966815,-0.016636675223708153,2.0067951679229736,-0.27496087551116943
142,7.099999999999596,2.0,-0.3800273537635803,19.491273311133742,3.077871975452468,0.18235530769451425,19.433012392001537,3.7290886235027574,0.24358934029010015,0.10016100853681564,0.0016928628319874406,-0.01613798551261425,2.0064404010772705,-0.2654920518398285
143,7.149999999999594,2.0,-0.3680488169193268,19.589776546146485,3.0951007446197014,0.16395286684854896,19.52980587522135,3.754853731853937,0.22801697398540455,0.1001502200961113,0.0016591012245044112,-0.015572366304695606,2.0060086250305176,-0.2548457980155945
144,7.199999999999591,2.0,-0.354617714881897,19.68857505498638,3.110547189739305,0.1462219811044551,19.626986447836668,3.779063497671393,0.21307477778759676,0.10013773292303085,0.0016158279031515121,-0.014942196197807789,2.0055091381073,-0.2430700957775116
145,7.249999999999588,2.0,-0.3397871255874634,19.787626921505453,3.124276254148268,0.1292326248250829,19.724517911642327,3.8017648357573615,0.19882545019504505,0.10012638568878174,0.0015633527655154467,-0.014249327592551708,2.0050556659698486,-0.23018595576286316
146,7.299999999999585,2.0,-0.32361555099487305,19.88689296345992,3.1363607373931175,0.11305184727534018,19.822365117667992,3.823011833106406,0.1853267620783754,0.10011620819568634,0.0015018255217000842,-0.013498688116669655,2.004648447036743,-0.21633195877075195
147,7.349999999999582,2.0,-0.3061668276786804,19.986337072917888,3.1468808993630244,0.09774350589140703,19.920492843079884,3.842862345586656,0.1726323119830795,0.10010520368814468,0.0014288228703662753,-0.012694450095295906,2.0042080879211426,-0.20161116123199463
148,7.399999999999579,2.0,-0.2875097990036011,20.085926478208854,3.1559240261849517,0.0833680159412278,20.0188679646035,3.861378488850188,0.16079096919861513,0.10009350627660751,0.0013424222124740481,-0.01184134278446436,2.0037405490875244,-0.1861439049243927
149,7.4499999999995765,2.0,-0.2677180767059326,20.185631924524493,3.163583964644577,0.06998211210593193,20.117457083767658,3.878632425821565,0.14984640250918346,0.10007975250482559,0.0012473560636863112,-0.010944566689431667,2.003190040588379,-0.17006459832191467
150,7.499999999999574,2.0,-0.24686980247497559,20.28542777190083,3.169960631403856,0.05763862198218385,20.216227295175997,3.8946960736671277,0.13983815214601236,0.10006147623062134,0.0011386036640033126,-0.0100082503631711,2.0024590492248535,-0.15346020460128784
151,7.549999999999571,2.0,-0.2250472605228424,20.385292010843106,3.175159503191397,0.04638625895604237,20.315150538845653,3.9096378222032424,0.13079953524288612,0.10004023462533951,0.001007692189887166,-0.00903861690312624,2.0016093254089355,-0.1364974081516266
152,7.599999999999568,2.0,-0.20233654975891113,20.485206197363578,3.1792910937338204,0.036269431468097385,20.41420307319555,3.923529396054959,0.12276550433603006,0.10001825541257858,0.0008537970716133714,-0.00803403090685606,2.000730037689209,-0.11902472376823425
153,7.649999999999565,2.0,-0.17882730066776276,20.585155310653906,3.182470422171208,0.027328066434709756,20.51336597031844,3.936451918796337,0.11575845959600883,0.09999903291463852,0.0006820380804128945,-0.007007044740021229,1.9999611377716064,-0.1014544740319252
154,7.699999999999562,2.0,-0.15461231768131256,20.68512753792342,3.1848164769132636,0.019597450550644567,20.612626362984972,3.9485148109475534,0.10977068408396917,0.09998935461044312,0.0005175750702619553,-0.005987775512039661,1.999574065208435,-0.0848987028002739
155,7.7499999999995595,2.0,-0.1297871321439743,20.785113992121293,3.1864516783872814,0.013108093943446222,20.711956782449015,3.9598318496812297,0.10478519932371455,0.09997235983610153,0.0003672402526717633,-0.0049854847602546215,1.998894214630127,-0.06963224709033966
156,7.799999999999557,2.0,-0.10444974899291992,20.885108369341715,3.187501342939984,0.007885606493800521,20.81135324857252,3.9705018358702366,0.10085891517815071,0.09996729344129562,0.00021523275063373148,-0.003926284145563841,1.998691439628601,-0.05260162055492401
157,7.849999999999554,2.0,-0.07870015501976013,20.985106553633177,3.1880931493654123,0.003950598742812738,20.910805818965624,3.9806855099326395,0.0980195445474692,0.09997253119945526,0.00011824034299934283,-0.0028393706306815147,1.998901128768921,-0.03487467020750046
158,7.899999999999551,2.0,-0.05263995751738548,21.08510617771345,3.1883566089650706,0.0013186008669436133,21.010294307856366,3.9905327057499718,0.0962558602216177,0.0999746099114418,6.37203484075144e-05,-0.0017636843258515,1.9989843368530273,-0.017907418310642242
159,7.949999999999548,2.0,-0.026372017338871956,21.185106148734977,3.1884225389988616,9.042246118529107e-17,21.109783847741067,4.000154195106283,0.09547976333419683,0.09995369613170624,1.528114080429077e-05,-0.0007760968874208629,1.99814772605896,-0.004671856760978699
160,7.999999999999545,2.0,0.7853981852531433,21.285080448620466,3.1903857821452184,0.03926990926265502,21.209074568493666,4.010269849160219,0.13195255327741506,0.09980285167694092,0.0006037231651134789,0.03647278994321823,1.9921141862869263,0.6735133528709412
161,8.049999999999542,2.0,0.7853981852531433,21.384900595373235,3.1962724844054864,0.07853981852530995,21.308036354454227,4.024480294216301,0.16803087595621946,0.09997116774320602,0.0010665126610547304,0.0360783226788044,1.9988465309143066,0.6577346324920654
162,8.09999999999954,2.0,0.7853981852531433,21.484412673553535,3.206073568910952,0.11780972778796488,21.406684383218487,4.042307080787065,0.20423107895771864,0.10024004429578781,0.0010776910930871964,0.036200203001499176,2.0096018314361572,0.662609875202179
163,8.149999999999537,2.0,0.7853981852531433,21.583463242741054,3.219773923098864,0.1570796370506198,21.504733598149677,4.063620717925806,0.24051737341801527,0.10033418983221054,0.0009848996996879578,0.03628629446029663,2.0133676528930664,0.6660536527633667
164,8.199999999999534,2.0,0.7853981852531433,21.681899574128934,3.23735242201491,0.19634954631327473,21.601974074744327,4.088429001112536,0.2768748917035282,0.10035085678100586,0.0009309921297244728,0.036357518285512924,2.0140342712402344,0.668902575969696
165,8.249999999999531,2.0,0.7853981852531433,21.779569886020532,3.258781960886368,0.23561945557592967,21.698243137805925,4.116732361273359,0.3132780447951973,0.10033934563398361,0.0009101741015911102,0.03640315309166908,2.013573408126831,0.6707279086112976
166,8.299999999999528,2.0,0.7853981852531433,21.87632357786582,3.284029496915704,0.2748893648385846,21.793400886631186,4.148509730371301,0.3497139729909122,0.10031938552856445,0.0009051162633113563,0.03643592819571495,2.012775421142578,0.6720389723777771
167,8.349999999999525,2.0,0.7853981852531433,21.972011462476516,3.313056100230172,0.31415927410123956,21.88731465176987,4.183733379761643,0.3861764289788425,0.10029788315296173,0.0009139988687820733,0.0364624559879303,2.0119152069091797,0.6730999946594238
168,8.399999999999523,2.0,0.7853981852531433,22.066485996061935,3.345817013908861,0.3534291833638945,21.979856561959117,4.2223645249202715,0.42266131866495016,0.1002771407365799,0.0009303566184826195,0.036484889686107635,2.0110855102539062,0.6739973425865173
169,8.44999999999952,2.0,0.7853981852531433,22.159601505730837,3.3822617229946257,0.39269909262654945,22.070902101797504,4.26435612686396,0.4591655351571262,0.10025807470083237,0.0009504817426204681,0.036504216492176056,2.0103230476379395,0.6747704148292542
170,8.499999999999517,2.0,0.7853981852531433,22.251214414108468,3.4223340323844935,0.4319690018892044,22.160329502274752,4.309654420063512,0.49568645957629087,0.10024096071720123,0.0009721714886836708,0.03652092441916466,2.0096383094787598,0.675438642501831
171,8.549999999999514,2.0,0.7853981852531433,22.341183460722483,3.4659721534784462,0.47123891115185934,22.248019272400253,4.3581995356992955,0.532221968506974,0.10022542625665665,0.0009939660085365176,0.036535508930683136,2.0090172290802,0.6760221123695374
172,8.599999999999511,2.0,0.7853981852531433,22.429369919816374,3.5131087994529664,0.5105088204145143,22.333854388014622,4.409926322265272,0.5687701024464786,0.1002112627029419,0.0010150608140975237,0.03654813393950462,2.0084502696990967,0.6765271425247192
173,8.649999999999508,2.0,0.7853981852531433,22.515637814254532,3.563671289012449,0.5497787296771692,22.417720673630217,4.464765153305804,0.6053285479895294,0.10019870102405548,0.0010351646924391389,0.036558445543050766,2.007948160171509,0.6769396662712097
174,8.699999999999505,2.0,0.7853981852531433,22.59985412518915,3.6175816584584974,0.5890486389398242,22.4995063992333,4.522641760092292,0.6418948762468517,0.10018730163574219,0.0010540951043367386,0.03656632825732231,2.0074923038482666,0.6772550344467163
175,8.749999999999503,2.0,0.7853981852531433,22.681888997165665,3.674756781904301,0.6283185482024791,22.579102222766778,4.583477405601341,0.6784667775384605,0.10017645359039307,0.0010719302808865905,0.03657190129160881,2.0070579051971436,0.6774779558181763
176,8.7999999999995,2.0,0.7853981852531433,22.76161593835045,3.7351084994487374,0.6675884574651341,22.656401111653526,4.647189483999751,0.7150429256610096,0.10016566514968872,0.001089349389076233,0.03657614812254906,2.006626605987549,0.6776477694511414
177,8.849999999999497,2.0,0.7853981852531433,22.838912015572085,3.798543753112553,0.706858366727789,22.731297739998183,4.713694531068465,0.7516235515824974,0.10015585273504257,0.0011096782982349396,0.03658062592148781,2.0062344074249268,0.6778268218040466
178,8.899999999999494,2.0,0.7853981852531433,22.91365804387539,3.864964730327035,0.746128275990444,22.803689138008625,4.782906741840881,0.788208256696862,0.10014767944812775,0.001134428079240024,0.036584705114364624,2.0059070587158203,0.6779900789260864
179,8.949999999999491,2.0,0.7853981852531433,22.985738770296013,3.9342690147539066,0.7853981852530989,22.873479158059407,4.854730865930656,0.824797048454684,0.10013996809720993,0.0011569310445338488,0.03658879175782204,2.005598545074463,0.6781534552574158
180,8.999999999999488,2.0,0.7853981852531433,23.05504305157214,4.00634974420391,0.8246680945157538,22.940598959719445,4.929053176172131,0.8613918826333702,0.10013766586780548,0.001149542978964746,0.03659483417868614,2.005506753921509,0.6783952116966248
181,9.049999999999486,2.0,0.7853981852531433,23.121464025519376,4.081095775410566,0.8639380037784088,23.004954617977692,5.005781416244874,0.8979867168120563,0.10013766586780548,0.001149542978964746,0.03659483417868614,2.005506753921509,0.6783952116966248
182,9.099999999999483,2.0,0.7853981852531433,23.18489927580448,4.158391855405039,0.9032079130410637,23.066459958519747,5.084812844546015,0.9345815509907425,0.10013766586780548,0.001149542978964746,0.03659483417868614,2.005506753921509,0.6783952116966248
183,9.14999999999948,2.0,0.7853981852531433,23.245250989863944,4.238118799227877,0.9424778223037187,23.125032623699113,5.166041635428918,0.9711763851694286,0.10013766586780548,0.001149542978964746,0.03659483417868614,2.005506753921509,0.6783952116966248
184,9.199999999999477,2.0,0.7853981852531433,23.302426109723896,4.3201536737035875,0.9817477315663736,23.18059418281675,5.2493590209071606,1.0077712193481148,0.10013766586780548,0.001149542978964746,0.03659483417868614,2.005506753921509,0.6783952116966248
185,9.249999999999474,2.0,0.7853981852531433,23.356336475488742,4.404369986994697,1.0210176408290286,23.233070237142336,5.334653436298389,1.044366053526801,0.10013766586780548,0.001149542978964746,0.03659483417868614,2.005506753921509,0.6783952116966248
186,9.299999999999471,2.0,0.7853981852531433,23.406898961277342,4.4906378836430045,1.0602875500916835,23.282390519536555,5.4218106696130555,1.080960887705487,0.10013766586780548,0.001149542978964746,0.03659483417868614,2.005506753921509,0.6783952116966248
187,9.349999999999469,2.0,0.7853981852531433,23.454035603397116,4.578824344797299,1.0995574593543385,23.32848898854111,5.510714014487974,1.1175557218841732,0.10013766586780548,0.001149542978964746,0.03659483417868614,2.005506753921509,0.6783952116966248
188,9.399999999999466,2.0,0.7853981852531433,23.497673720558403,4.668793393318795,1.1388273686169934,23.371303916810362,5.601244426459926,1.1541505560628593,0.10013766586780548,0.001149542978964746,0.03659483417868614,2.005506753921509,0.6783952116966248
189,9.449999999999463,2.0,0.7853981852531433,23.53774602594375,4.76040630344804,1.1780972778796484,23.410777973766244,5.693280682370064,1.1907453902415455,0.10013766586780548,0.001149542978964746,0.03659483417868614,2.005506753921509,0.6783952116966248
190,9.49999999999946,2.0,0.7853981852531433,23.574190730959316,4.853521814709988,1.2173671871423033,23.446858302365776,5.786699542685647,1.2273402244202316,0.10013766586780548,0.001149542978964746,0.03659483417868614,2.005506753921509,0.6783952116966248
191,9.549999999999457,2.0,0.7853981852531433,23.6069516405084,4.947996349727433,1.2566370964049582,23.47949658987835,5.881375916521779,1.2639350585989177,0.10013766586780548,0.001149542978964746,0.03659483417868614,2.005506753921509,0.6783952116966248
192,9.599999999999454,2.0,0.7853981852531433,23.635978239640224,5.0436842356069205,1.2959070056676132,23.508649132578057,5.977183029142161,1.300529892777604,0.10013766586780548,0.001149542978964746,0.03659483417868614,2.005506753921509,0.6783952116966248
193,9.649999999999451,2.0,0.7853981852531433,23.66122577144033,5.140437928555811,1.3351769149302681,23.53427689426438,6.073992591714573,1.33712472695629,0.10013766586780548,0.001149542978964746,0.03659483417868614,2.005506753921509,0.6783952116966248
194,9.699999999999449,2.0,0.7853981852531433,23.68265530604249,5.238108241384123,1.374446824192923,23.556345558532936,6.171674973093788,1.3737195611349762,0.10013766586780548,0.001149542978964746,0.03659483417868614,2.005506753921509,0.6783952116966248
195,9.749999999999446,2.0,0.7853981852531433,23.70023380065576,5.3365445735403805,1.413716733455578,23.574825574726262,6.2700993734018775,1.4103143953136623,0.10013766586780548,0.001149542978964746,0.03659483417868614,2.005506753921509,0.6783952116966248
196,9.799999999999443,2.0,0.7853981852531433,23.713934150514042,5.4355951433267595,1.452986642718233,23.5896921975031,6.369133999173493,1.4469092294923485,0.10013766586780548,0.001149542978964746,0.03659483417868614,2.005506753921509,0.6783952116966248
197,9.84999999999944,2.0,0.7853981852531433,23.723735230669703,5.535107221935478,1.492256551980888,23.60092551997321,6.468646239831592,1.4835040636710346,0.10013766586780548,0.001149542978964746,0.03659483417868614,2.005506753921509,0.6783952116966248
198,9.899999999999437,2.0,0.7853981852531433,23.729621928566704,5.634927368945563,1.5315264612435429,23.608510500353347,6.5685028452573,1.5200988978497207,0.10013766586780548,0.001149542978964746,0.03659483417868614,2.005506753921509,0.6783952116966248
199,9.949999999999434,2.0,0.7853981852531433,23.731585167343056,5.734901668916869,1.5707963705061978,23.612436982108687,6.66857010421615,1.5566937320284069,0.10013766586780548,0.001149542978964746,0.03659483417868614,2.005506753921509,0.6783952116966248
200,9.999999999999432,2.0,0.7853981852531433,23.72962191982669,5.834875968716543,1.6100662797688527,23.61269970755277,6.768714023401759,1.593288566207093,0.10013766586780548,0.001149542978964746,0.03659483417868614,2.005506753921509,0.6783952116966248
201,10.049999999999429,2.0,0.7853981852531433,23.723735213203156,5.934696115211997,1.6493361890315077,23.609298324887703,6.868800506857211,1.6298834003857792,0.10013766586780548,0.001149542978964746,0.03659483417868614,2.005506753921509,0.6783952116966248
202,10.099999999999426,2.0,0.7853981852531433,23.713934124347887,6.03420819296388,1.6886060982941626,23.602237388675224,6.9686955355338975,1.6664782345644653,0.10013766586780548,0.001149542978964746,0.03659483417868614,2.005506753921509,0.6783952116966248
203,10.149999999999423,2.0,0.7853981852531433,23.700233765830347,6.133258761552538,1.7278760075568176,23.591526353738015,7.068265346747371,1.7030730687431515,0.10013766586780548,0.001149542978964746,0.03659483417868614,2.005506753921509,0.6783952116966248
204,10.19999999999942,2.0,0.7853981852531433,23.682655262611522,6.231695092172036,1.7671459168194725,23.57717956249937,7.167376613289917,1.7396679029218376,0.10013766586780548,0.001149542978964746,0.03659483417868614,2.005506753921509,0.6783952116966248
205,10.249999999999417,2.0,0.7853981852531433,23.661225719470767,6.329365403126922,1.8064158260821275,23.559216225778236,7.265896621960014,1.7762627371005237,0.10013766586780548,0.001149542978964746,0.03659483417868614,2.005506753921509,0.6783952116966248
206,10.299999999999415,2.0,0.7853981852531433,23.6359781792122,6.426119093868608,1.8456857353447824,23.537660397065295,7.363693451269614,1.8128575712792099,0.10013766586780548,0.001149542978964746,0.03659483417868614,2.005506753921509,0.6783952116966248
207,10.349999999999412,2.0,0.7853981852531433,23.606951571715086,6.521806977210514,1.8849556446074374,23.512540940314558,7.4606361480912975,1.849452405457896,0.10013766586780548,0.001149542978964746,0.03659483417868614,2.005506753921509,0.6783952116966248
208,10.399999999999409,2.0,0.7853981852531433,23.574190653906793,6.6162815093639145,1.9242255538700923,23.483891491293612,7.556594903008756,1.8860472396365822,0.10013766586780548,0.001149542978964746,0.03659483417868614,2.005506753921509,0.6783952116966248
209,10.449999999999406,2.0,0.7853981852531433,23.53774594075083,6.7093970174397715,1.9634954631327473,23.451750412544207,7.651441224135816,1.9226420738152683,0.10013766586780548,0.001149542978964746,0.03659483417868614,2.005506753921509,0.6783952116966248
210,10.499999999999403,2.0,0.7853981852531433,23.497673627356445,6.80100992406579,2.002765372395402,23.4161607420136,7.7450481091712415,1.9592369079939544,0.10013766586780548,0.001149542978964746,0.03659483417868614,2.005506753921509,0.6783952116966248
211,10.5499999999994,2.0,0.7853981852531433,23.45403550232983,6.890978968772327,2.042035281658057,23.377170135425313,7.837290215458936,1.9958317421726406,0.10013766586780548,0.001149542978964746,0.03659483417868614,2.005506753921509,0.6783952116966248
212,10.599999999999397,2.0,0.7853981852531433,23.406898852500564,6.979165425805813,2.081305190920712,23.33483080246661,7.928044027825826,2.0324265763513267,0.10013766586780548,0.001149542978964746,0.03659483417868614,2.005506753921509,0.6783952116966248
213,10.649999999999395,2.0,0.7853981852531433,23.3563363591702,7.065433318033817,2.120575100183367,23.289199436877993,8.017188023972684,2.069021410530013,0.10013766586780548,0.001149542978964746,0.03659483417868614,2.005506753921509,0.6783952116966248
214,10.699999999999392,2.0,0.7853981852531433,23.302425986042945,7.149649626611942,2.159845009446022,23.240337140538486,8.104602837196433,2.105616244708699,0.10013766586780548,0.001149542978964746,0.03659483417868614,2.005506753921509,0.6783952116966248
215,10.749999999999389,2.0,0.7853981852531433,23.24525085901129,7.231684496089255,2.199114918708677,23.188309341648196,8.19017141622603,2.142211078887385,0.10013766586780548,0.001149542978964746,0.03659483417868614,2.005506753921509,0.6783952116966248
216,10.799999999999386,2.0,0.7853981852531433,23.184899137981883,7.311411434635988,2.238384827971332,23.133185707117857,8.27377918195792,2.1788059130660713,0.10013766586780548,0.001149542978964746,0.03659483417868614,2.005506753921509,0.6783952116966248
217,10.849999999999383,2.0,0.7853981852531433,23.121463880939356,7.388707509084785,2.277654737233987,23.07504004928257,8.35531418088117,2.2154007472447574,0.10013766586780548,0.001149542978964746,0.03659483417868614,2.005506753921509,0.6783952116966248
218,10.89999999999938,2.0,0.7853981852531433,23.055042900457625,7.463453534484746,2.3169246464966418,23.013950227064687,8.434667234986856,2.2519955814234436,0.10013766586780548,0.001149542978964746,0.03659483417868614,2.005506753921509,0.6783952116966248
219,10.949999999999378,2.0,0.7853981852531433,22.985738612880013,7.535534257875989,2.3561945557592967,22.949998041718185,8.511732087960954,2.2885904156021297,0.10013766586780548,0.001149542978964746,0.03659483417868614,2.005506753921509,0.6783952116966248
220,10.999999999999375,2.0,0.7853981852531433,22.913657880400628,7.604838536001376,2.3954644650219516,22.883269127294145,8.586405547464999,2.325185249780816,0.10013766586780548,0.001149542978964746,0.03659483417868614,2.005506753921509,0.6783952116966248
221,11.049999999999372,2.0,0.7853981852531433,22.838911846290625,7.6712595066813645,2.4347343742846066,22.813852835973975,8.658587623313966,2.361780083959502,0.10013766586780548,0.001149542978964746,0.03659483417868614,2.005506753921509,0.6783952116966248
222,11.099999999999369,2.0,0.7853981852531433,22.761615763523317,7.734694753587755,2.4740042835472615,22.741842118423932,8.728181661366378,2.398374918138188,0.10013766586780548,0.001149542978964746,0.03659483417868614,2.005506753921509,0.6783952116966248
223,11.149999999999366,2.0,0.7853981852531433,22.681888817062426,7.795046464162254,2.5132741928099165,22.66733339933117,8.795094472947335,2.4349697523168743,0.10013766586780548,0.001149542978964746,0.03659483417868614,2.005506753921509,0.6783952116966248
224,11.199999999999363,2.0,0.7853981852531433,22.599853940087517,7.852221580436355,2.5525441020725714,22.590426448287957,8.859236459631173,2.4715645864955604,0.10013766586780548,0.001149542978964746,0.03659483417868614,2.005506753921509,0.6783952116966248
225,11.24999999999936,2.0,0.7853981852531433,22.515637624439915,7.906131942519994,2.5918140113352264,22.51122424619695,8.920521733216665,2.5081594206742466,0.10013766586780548,0.001149542978964746,0.03659483417868614,2.005506753921509,0.6783952116966248
226,11.299999999999358,2.0,0.7853981852531433,22.429369725581456,7.956694424537712,2.6310839205978813,22.42983284737643,8.978868230734104,2.5447542548529327,0.10013766586780548,0.001149542978964746,0.03659483417868614,2.005506753921509,0.6783952116966248
227,11.349999999999355,2.0,0.7853981852531433,22.34118326236676,8.003831062802742,2.6703538298605363,22.34636123755013,9.03419782433029,2.581349089031619,0.10013766586780548,0.001149542978964746,0.03659483417868614,2.005506753921509,0.6783952116966248
228,11.399999999999352,2.0,0.7853981852531433,22.251214211937782,8.047469176031367,2.709623739123191,22.26092118791181,9.086436425884251,2.617943923210305,0.10013766586780548,0.001149542978964746,0.03659483417868614,2.005506753921509,0.6783952116966248
229,11.44999999999935,2.0,0.7853981852531433,22.159601300056927,8.087541477412195,2.748893648385846,22.173627105459992,9.13551408621365,2.654538757388991,0.10013766586780548,0.001149542978964746,0.03659483417868614,2.005506753921509,0.6783952116966248
230,11.499999999999346,2.0,0.7853981852531433,22.066485787201934,8.123986178357558,2.788163557648501,22.0845958798033,9.181365088739003,2.6911335915676773,0.10013766586780548,0.001149542978964746,0.03659483417868614,2.005506753921509,0.6783952116966248
231,11.549999999999343,2.0,0.7853981852531433,21.972011250752466,8.156747083777038,2.827433466911156,21.993946726641465,9.223928037480313,2.7277284257463634,0.10013766586780548,0.001149542978964746,0.03659483417868614,2.005506753921509,0.6783952116966248
232,11.59999999999934,2.0,0.7853981852531433,21.87632336360419,8.185773678726221,2.866703376173811,21.901801028131647,9.263145939268277,2.7643232599250496,0.10013766586780548,0.001149542978964746,0.03659483417868614,2.005506753921509,0.6783952116966248
233,11.649999999999338,2.0,0.7853981852531433,21.779569669551698,8.211021206297097,2.905973285436466,21.808282170353774,9.298966280059997,2.8009180941037357,0.10013766586780548,0.001149542978964746,0.03659483417868614,2.005506753921509,0.6783952116966248
234,11.699999999999335,2.0,0.7853981852531433,21.681899355786673,8.232450736629962,2.945243194699121,21.713515378092588,9.331341095256974,2.837512928282422,0.10013766586780548,0.001149542978964746,0.03659483417868614,2.005506753921509,0.6783952116966248
235,11.749999999999332,2.0,0.7853981852531433,21.583463022862034,8.250029226940448,2.984513103961776,21.6176275471576,9.360227033931276,2.874107762461108,0.10013766586780548,0.001149542978964746,0.03659483417868614,2.005506753921509,0.6783952116966248
236,11.79999999999933,2.0,0.7853981852531433,21.484412452476796,8.263729572469101,3.0237830132244308,21.52074707446546,9.385585416873823,2.910702596639794,0.10013766586780548,0.001149542978964746,0.03659483417868614,2.005506753921509,0.6783952116966248
237,11.849999999999326,2.0,0.7853981852531433,21.38490037343966,8.273530648274962,3.0630529224870857,21.423003686112356,9.407382288387117,2.9472974308184803,0.10013766586780548,0.001149542978964746,0.03659483417868614,2.005506753921509,0.6783952116966248
238,11.899999999999324,2.0,0.7853981852531433,21.285080226172262,8.279417341808694,3.1023228317497407,21.324528263666533,9.425588461753009,2.9838922649971664,0.10013766586780548,0.001149542978964746,0.03659483417868614,2.005506753921509,0.6783952116966248
239,11.94999999999932,2.0,0.7853981852531433,21.185105926115142,8.281380576215037,3.1415927410123956,21.225452668913633,9.44017955831467,3.0204870991758526,0.10013766586780548,0.001149542978964746,0.03659483417868614,2.005506753921509,0.6783952116966248
240,11.999999999999318,2.0,0.7853981852531433,21.085131626401285,8.279417324328668,3.1808626502750506,21.125909567289497,9.451136040120405,3.0570819333545387,0.10013766586780548,0.001149542978964746,0.03659483417868614,2.005506753921509,0.6783952116966248
241,12.049999999999315,2.0,0.7853981852531433,20.985311480163148,8.273530613341864,3.2201325595377055,21.026032250236828,9.458443236085596,3.093676767533225,0.10013766586780548,0.001149542978964746,0.03659483417868614,2.005506753921509,0.6783952116966248
242,12.099999999999312,2.0,0.7853981852531433,20.885799402839684,8.263729520136794,3.2594024688003604,20.925954456723638,9.46209136163777,3.130271601711911,0.10013766586780548,0.001149542978964746,0.03659483417868614,2.005506753921509,0.6783952116966248
243,12.14999999999931,2.0,0.7853981852531433,20.786748834849888,8.250029157289623,3.2986723780630154,20.825810194162422,9.46207553181845,3.166866435890597,0.10013766586780548,0.001149542978964746,0.03659483417868614,2.005506753921509,0.6783952116966248
244,12.199999999999307,2.0,0.7853981852531433,20.68831250499877,8.232450649768017,3.3379422873256703,20.725733558969885,9.458395767824273,3.2034612700692833,0.10013766586780548,0.001149542978964746,0.03659483417868614,2.005506753921509,0.6783952116966248
245,12.249999999999304,2.0,0.7853981852531433,20.590642194980596,8.211021102357966,3.3772121965883253,20.625858557007493,9.45105699697862,3.2400561042479694,0.10013766586780548,0.001149542978964746,0.03659483417868614,2.005506753921509,0.6783952116966248
246,12.2999999999993,2.0,0.7853981852531433,20.493888505342515,8.18577355787017,3.4164821058509802,20.526318924143272,9.440069046133756,3.2766509384266556,0.10013766586780548,0.001149542978964746,0.03659483417868614,2.005506753921509,0.6783952116966248
247,12.349999999999298,2.0,0.7853981852531433,20.3982006232694,8.156746946190419,3.455752015113635,20.427247947175147,9.425446628512361,3.3132457726053417,0.10013766586780548,0.001149542978964746,0.03659483417868614,2.005506753921509,0.6783952116966248
248,12.399999999999295,2.0,0.7853981852531433,20.303726092548022,8.12398602425252,3.49502192437629,20.328778285355597,9.407209324006049,3.349840606784028,0.10013766586780548,0.001149542978964746,0.03659483417868614,2.005506753921509,0.6783952116966248
249,12.449999999999292,2.0,0.7853981852531433,20.21061058606521,8.087541307026354,3.534291833638945,20.2310417927566,9.385381552957252,3.386435440962714,0.10013766586780548,0.001149542978964746,0.03659483417868614,2.005506753921509,0.6783952116966248
250,12.49999999999929,2.0,0.7853981852531433,20.118997681190805,8.047468989627449,3.5735617429016,20.134169341712763,9.359992543459601,3.4230302751414,0.10013766586780548,0.001149542978964746,0.03659483417868614,2.005506753921509,0.6783952116966248
251,12.549999999999287,2.0,0.7853981852531433,20.029028638391747,8.003830860668169,3.612831652164255,20.038290647579018,9.331076292220546,3.4596251093200863,0.10013766586780548,0.001149542978964746,0.03659483417868614,2.005506753921509,0.6783952116966248
252,12.599999999999284,2.0,0.7853981852531433,19.940842183418667,7.956694206984158,3.65210156142691,19.94353409503755,9.29867151903867,3.4962199434987724,0.10013766586780548,0.001149542978964746,0.03659483417868614,2.005506753921509,0.6783952116966248
253,12.649999999999281,2.0,0.7853981852531433,19.854574293400816,7.906131709882913,3.691371470689565,19.850026566186546,9.262821614956625,3.5328147776774586,0.10013766586780548,0.001149542978964746,0.03659483417868614,2.005506753921509,0.6783952116966248
254,12.699999999999278,2.0,0.7853981852531433,19.77035798717918,7.852221333074455,3.73064137995222,19.757893270640952,9.223574584159108,3.5694096118561447,0.10013766586780548,0.001149542978964746,0.03659483417868614,2.005506753921509,0.6783952116966248
255,12.749999999999275,2.0,0.7853981852531433,19.68832312020107,7.795046202456949,3.7699112892148747,19.667257577872725,9.180982979693711,3.606004446034831,0.10013766586780548,0.001149542978964746,0.03659483417868614,2.005506753921509,0.6783952116966248
256,12.799999999999272,2.0,0.7853981852531433,19.608596184292388,7.734694477942576,3.8091811984775297,19.57824085201512,9.13510383310068,3.642599280213517,0.10013766586780548,0.001149542978964746,0.03659483417868614,2.005506753921509,0.6783952116966248
257,12.84999999999927,2.0,0.7853981852531433,19.531300112616428,7.671259217521337,3.8484511077401846,19.49096228935217,9.085998578045833,3.679194114392203,0.10013766586780548,0.001149542978964746,0.03659483417868614,2.005506753921509,0.6783952116966248
258,12.899999999999267,2.0,0.7853981852531433,19.456554090119816,7.604838233772363,3.8877210170028396,19.405538758710986,9.033732968058883,3.7157889485708893,0.10013766586780548,0.001149542978964746,0.03659483417868614,2.005506753921509,0.6783952116966248
259,12.949999999999264,2.0,0.7853981852531433,19.384473369757956,7.5355339430440065,3.9269909262654945,19.322084644970634,8.97837698848734,3.7523837827495754,0.10013766586780548,0.001149542978964746,0.03659483417868614,2.005506753921509,0.6783952116966248
260,12.999999999999261,2.0,0.7853981852531433,19.31516909478331,7.463453207535242,3.9662608355281495,19.24071169589704,8.92000476278385,3.7889786169282615,0.10013766586780548,0.001149542978964746,0.03659483417868614,2.005506753921509,0.6783952116966248
261,13.049999999999258,2.0,0.7853981852531433,19.24874812737057,7.388707170521892,4.005530744790804,19.161528872509127,8.85869445325249,3.8255734511069477,0.10013766586780548,0.001149542978964746,0.03659483417868614,2.005506753921509,0.6783952116966248
262,13.099999999999255,2.0,0.7853981852531433,19.185312883842887,7.311411084981745,4.044800654053459,19.08464220317646,8.794528156386908,3.862168285285634,0.10013766586780548,0.001149542978964746,0.03659483417868614,2.005506753921509,0.6783952116966248
263,13.149999999999253,2.0,0.7853981852531433,19.124961176753356,7.231684135882804,4.084070563316113,19.01015464164383,8.727591792940457,3.89876311946432,0.10013766586780548,0.001149542978964746,0.03659483417868614,2.005506753921509,0.6783952116966248
264,13.19999999999925,2.0,0.7853981852531433,19.067786064065107,7.149649256408696,4.123340472578768,18.938165929172843,8.657974992875511,3.935357953643006,0.10013766586780548,0.001149542978964746,0.03659483417868614,2.005506753921509,0.6783952116966248
265,13.249999999999247,2.0,0.7853981852531433,19.013875705662674,7.065432938404602,4.162610381841422,18.868772460985145,8.585770975346042,3.9719527878216923,0.10013766586780548,0.001149542978964746,0.03659483417868614,2.005506753921509,0.6783952116966248
266,13.299999999999244,2.0,0.7853981852531433,18.96331322741584,6.979165037335991,4.201880291104077,18.802067157186077,8.511076423874153,4.008547622000378,0.10013766586780548,0.001149542978964746,0.03659483417868614,2.005506753921509,0.6783952116966248
267,13.349999999999241,2.0,0.7853981852531433,18.916176593005552,6.89097857206089,4.241150200366731,18.73813933834165,8.433991356887693,4.0451424561790645,0.10013766586780548,0.001149542978964746,0.03659483417868614,2.005506753921509,0.6783952116966248
268,13.399999999999238,2.0,0.7853981852531433,18.87253848370959,6.801009519724437,4.280420109629386,18.677074605875408,8.354618993792352,4.081737290357751,0.10013766586780548,0.001149542978964746,0.03659483417868614,2.005506753921509,0.6783952116966248
269,13.449999999999235,2.0,0.7853981852531433,18.83246618633328,6.7093966060919685,4.31969001889204,18.618954727445338,8.273065616757512,4.118332124536437,0.10013766586780548,0.001149542978964746,0.03659483417868614,2.005506753921509,0.6783952116966248
270,13.499999999999233,2.0,0.7853981852531433,18.79602148945812,6.61628109164393,4.358959928154695,18.563857527454335,8.189440428400987,4.154926958715123,0.10013766586780548,0.001149542978964746,0.03659483417868614,2.005506753921509,0.6783952116966248
271,13.54999999999923,2.0,0.7853981852531433,18.763260588168244,6.521806553762442,4.398229837417349,18.51185678284079,8.10385540556317,4.191521792893809,0.10013766586780548,0.001149542978964746,0.03659483417868614,2.005506753921509,0.6783952116966248
272,13.599999999999227,2.0,0.7853981852531433,18.734233997401702,6.426118665345373,4.437499746680004,18.463022124288884,8.016425149366409,4.228116627072495,0.10013766586780548,0.001149542978964746,0.03659483417868614,2.005506753921509,0.6783952116966248
273,13.649999999999224,2.0,0.7853981852531433,18.708986474060055,6.329364970189278,4.476769655942658,18.41741894299083,7.927266731760386,4.264711461251181,0.10013766586780548,0.001149542978964746,0.03659483417868614,2.005506753921509,0.6783952116966248
274,13.699999999999221,2.0,0.7853981852531433,18.687556947996484,6.231694655487542,4.516039565205313,18.375108303085973,7.836499538758983,4.3013062954298675,0.10013766586780548,0.001149542978964746,0.03659483417868614,2.005506753921509,0.6783952116966248
275,13.749999999999218,2.0,0.7853981852531433,18.669978461988777,6.133258321794528,4.555309474467967,18.336146859893887,7.744245110578529,4.337901129608554,0.10013766586780548,0.001149542978964746,0.03659483417868614,2.005506753921509,0.6783952116966248
276,13.799999999999216,2.0,0.7853981852531433,18.65627812078975,6.034207750810429,4.594579383730622,18.300586784051095,7.650626978891512,4.37449596378724,0.10013766586780548,0.001149542978964746,0.03659483417868614,2.005506753921509,0.6783952116966248
277,13.849999999999213,2.0,0.7853981852531433,18.64647704933369,5.934695671344875,4.633849292993276,18.26847569165288,7.555770501413661,4.411090797965926,0.10013766586780548,0.001149542978964746,0.03659483417868614,2.005506753921509,0.6783952116966248
278,13.89999999999921,2.0,0.7853981852531433,18.640590360163227,5.83487552382016,4.673119202255931,18.239856580493797,7.459802694045894,4.447685632144612,0.10013766586780548,0.001149542978964746,0.03659483417868614,2.005506753921509,0.6783952116966248
279,13.949999999999207,2.0,0.7853981852531433,18.638627130126892,5.734901223677223,4.712389111518585,18.21476777249222,7.362852060795912,4.484280466323298,0.10013766586780548,0.001149542978964746,0.03659483417868614,2.005506753921509,0.6783952116966248
280,13.999999999999204,2.0,0.7853981852531433,18.640590386383266,5.634926924049181,4.75165902078124,18.193242862376056,7.265048421707154,4.520875300501984,0.10013766586780548,0.001149542978964746,0.03659483417868614,2.005506753921509,0.6783952116966248
281,14.049999999999201,2.0,0.7853981852531433,18.64647710173334,5.535106778068358,4.790928930043894,18.175310672698323,7.166522739025558,4.5574701346806705,0.10013766586780548,0.001149542978964746,0.03659483417868614,2.005506753921509,0.6783952116966248
282,14.099999999999199,2.0,0.7853981852531433,18.65627819928821,5.435594701173312,4.830198839306549,18.1609952152428,7.067406941836857,4.594064968859357,0.10013766586780548,0.001149542978964746,0.03659483417868614,2.005506753921509,0.6783952116966248
283,14.149999999999196,2.0,0.7853981852531433,18.66997856646501,5.336544133782376,4.869468748569203,18.15031565887147,6.9678337494092535,4.630659803038043,0.10013766586780548,0.001149542978964746,0.03659483417868614,2.005506753921509,0.6783952116966248
284,14.199999999999193,2.0,0.7853981852531433,18.687557078289394,5.238107804699636,4.908738657831858,18.143286303856822,6.867936493478018,4.667254637216729,0.10013766586780548,0.001149542978964746,0.03659483417868614,2.005506753921509,0.6783952116966248
285,14.24999999999919,2.0,0.7853981852531433,18.70898662996874,5.140437495618177,4.948008567094512,18.139916562733276,6.767848939709964,4.703849471395415,0.10013766586780548,0.001149542978964746,0.03659483417868614,2.005506753921509,0.6783952116966248
286,14.299999999999187,2.0,0.7853981852531433,18.734234178685767,5.043683807083697,4.987278476357167,18.14021094769353,6.667705108586884,4.740444305574101,0.10013766586780548,0.001149542978964746,0.03659483417868614,2.005506753921509,0.6783952116966248
287,14.349999999999184,2.0,0.7853981852531433,18.76326079454816,4.947995926279373,5.026548385619821,18.144169064546563,6.567639095947774,4.777039139752787,0.10013766586780548,0.001149542978964746,0.03659483417868614,2.005506753921509,0.6783952116966248
288,14.399999999999181,2.0,0.7853981852531433,18.796021720615663,4.8535213969900175,5.065818294882476,18.151785613245497,6.467784893430156,4.8136339739314735,0.10013766586780548,0.001149542978964746,0.03659483417868614,2.005506753921509,0.6783952116966248
289,14.449999999999179,2.0,0.7853981852531433,18.832466441912025,4.760405892100251,5.10508820414513,18.163050394984506,6.368276209050926,4.85022880811016,0.10013766586780548,0.001149542978964746,0.03659483417868614,2.005506753921509,0.6783952116966248
290,14.499999999999176,2.0,0.7853981852531433,18.872538763315447,4.668792988977458,5.144358113407785,18.17794832585536,6.269246288166983,4.886823642288846,0.10013766586780548,0.001149542978964746,0.03659483417868614,2.005506753921509,0.6783952116966248
291,14.549999999999173,2.0,0.7853981852531433,18.916176896207393,4.578823948085879,5.183628022670439,18.196459457045272,6.170827735055372,4.923418476467532,0.10013766586780548,0.001149542978964746,0.03659483417868614,2.005506753921509,0.6783952116966248
292,14.59999999999917,2.0,0.7853981852531433,18.963313553746143,4.4906374951732015,5.222897931933094,18.218559001548986,6.073152335351859,4.960013310646218,0.10013766586780548,0.001149542978964746,0.03659483417868614,2.005506753921509,0.6783952116966248
293,14.649999999999167,2.0,0.7853981852531433,19.013876054618272,4.404369607365502,5.262167841195748,18.244217367359404,5.976350879585679,4.996608144824904,0.10013766586780548,0.001149542978964746,0.03659483417868614,2.005506753921509,0.6783952116966248
294,14.699999999999164,2.0,0.7853981852531433,19.067786435107934,4.320153303500362,5.301437750458403,18.273400197092233,5.8805529880467855,5.03320297900359,0.10013766586780548,0.001149542978964746,0.03659483417868614,2.005506753921509,0.6783952116966248
295,14.749999999999162,2.0,0.7853981852531433,19.12496156931129,4.238118439021448,5.340707659721057,18.306068413991635,5.785886937220069,5.0697978131822765,0.10013766586780548,0.001149542978964746,0.03659483417868614,2.005506753921509,0.6783952116966248
296,14.799999999999159,2.0,0.7853981852531433,19.18531329731063,4.158391505750819,5.379977568983712,18.342178274255275,5.692479488018985,5.106392647360963,0.10013766586780548,0.001149542978964746,0.03659483417868614,2.005506753921509,0.6783952116966248
297,14.849999999999156,2.0,0.7853981852531433,19.24874856111058,4.081095436847696,5.419247478246366,18.38168142560869,5.600455716048576,5.142987481539649,0.10013766586780548,0.001149542978964746,0.03659483417868614,2.005506753921509,0.6783952116966248
298,14.899999999999153,2.0,0.7853981852531433,19.3151695481268,4.00634941725443,5.458517387509021,18.42452497205056,5.509938844125182,5.179582315718335,0.10013766586780548,0.001149542978964746,0.03659483417868614,2.005506753921509,0.6783952116966248
299,14.94999999999915,2.0,0.7853981852531433,19.384473842005896,3.9342686999219474,5.497787296771675,18.470651544682156,5.421050077277089,5.216177149897021,0.10013766586780548,0.001149542978964746,0.03659483417868614,2.005506753921509,0.6783952116966248
300,14.999999999999147,2.0,0.7853981852531433,19.45655458054404,3.8649644280980446,5.53705720603433,18.519999378526173,5.333908440447062,5.252771984075707,0.10013766586780548,0.001149542978964746,0.03659483417868614,2.005506753921509,0.6783952116966248
301,15.049999999999145,2.0,0.7853981852531433,19.531300620460733,3.798543463952548,5.576327115296984,18.57250239523202,5.248630619114089,5.289366818254393,0.10013766586780548,0.001149542978964746,0.03659483417868614,2.005506753921509,0.6783952116966248
302,15.099999999999142,2.0,0.7853981852531433,19.608596708773717,3.735108223803581,5.615597024559639,18.628090291556894,5.165330803047738,5.3259616524330795,0.10013766586780548,0.001149542978964746,0.03659483417868614,2.005506753921509,0.6783952116966248
303,15.149999999999139,2.0,0.7853981852531433,19.688323660510708,3.674756520199018,5.654866933822293,18.686688633504087,5.084120533404345,5.362556486611766,0.10013766586780548,0.001149542978964746,0.03659483417868614,2.005506753921509,0.6783952116966248
304,15.199999999999136,2.0,0.7853981852531433,19.77035854248401,3.6175814110966176,5.694136843084948,18.748218955992538,5.005108553369795,5.399151320790452,0.10013766586780548,0.001149542978964746,0.03659483417868614,2.005506753921509,0.6783952116966248
305,15.249999999999133,2.0,0.7853981852531433,19.854574862844597,3.563671056375387,5.733406752347602,18.81259886792411,4.928400662548864,5.435746154969138,0.10013766586780548,0.001149542978964746,0.03659483417868614,2.005506753921509,0.6783952116966248
306,15.29999999999913,2.0,0.7853981852531433,19.94084276612336,3.513108581899431,5.772676661610257,18.879742162507945,4.854099575296114,5.472340989147824,0.10013766586780548,0.001149542978964746,0.03659483417868614,2.005506753921509,0.6783952116966248
307,15.349999999999127,2.0,0.7853981852531433,20.029029233458864,3.4659719513438896,5.811946570872911,18.949558932694167,4.782304783178041,5.50893582332651,0.10013766586780548,0.001149542978964746,0.03659483417868614,2.005506753921509,0.6783952116966248
308,15.399999999999125,2.0,0.7853981852531433,20.118998287702794,3.4223338459805928,5.851216480135566,19.02195569156232,4.713112421750645,5.545530657505196,0.10013766586780548,0.001149542978964746,0.03659483417868614,2.005506753921509,0.6783952116966248
309,15.449999999999122,2.0,0.7853981852531433,20.210611203086877,3.3822615526088016,5.8904863893982204,19.096835497503395,4.6466151418307895,5.5821254916838825,0.10013766586780548,0.001149542978964746,0.03659483417868614,2.005506753921509,0.6783952116966248
310,15.499999999999119,2.0,0.7853981852531433,20.303726719127962,3.3458168598038363,5.929756298660875,19.174098084027797,4.582901985433764,5.618720325862569,0.10013766586780548,0.001149542978964746,0.03659483417868614,2.005506753921509,0.6783952116966248
311,15.549999999999116,2.0,0.7853981852531433,20.39820125844147,3.313055962643565,5.9690262079235294,19.253639994025423,4.522058266543128,5.655315160041255,0.10013766586780548,0.001149542978964746,0.03659483417868614,2.005506753921509,0.6783952116966248
312,15.599999999999113,2.0,0.7853981852531433,20.493889148127327,3.2840293760596633,6.008296117186184,19.335354718298078,4.464165456872526,5.691909994219941,0.10013766586780548,0.001149542978964746,0.03659483417868614,2.005506753921509,0.6783952116966248
313,15.64999999999911,2.0,0.7853981852531433,20.590642844387023,3.2587818569472446,6.0475660264488384,19.41913283817877,4.409301076772412,5.728504828398627,0.10013766586780548,0.001149542978964746,0.03659483417868614,2.005506753921509,0.6783952116966248
314,15.699999999999108,2.0,0.7853981852531433,20.68831316002547,3.2373523351529703,6.086835935711493,19.504862172046824,4.35753859142779,5.765099662577313,0.10013766586780548,0.001149542978964746,0.03659483417868614,2.005506753921509,0.6783952116966248
315,15.749999999999105,2.0,0.7853981852531433,20.786749494486862,3.219773853448043,6.1261058449741475,19.592427925542747,4.30894731248595,5.801694496755999,0.10013766586780548,0.001149542978964746,0.03659483417868614,2.005506753921509,0.6783952116966248
316,15.799999999999102,2.0,0.7853981852531433,20.88580006606982,3.206073516578646,6.165375754236802,19.681712845281577,4.263592305245915,5.8382893309346855,0.10013766586780548,0.001149542978964746,0.03659483417868614,2.005506753921509,0.6783952116966248
317,15.849999999999099,2.0,0.7853981852531433,20.98531214596379,3.1962724494723878,6.2046456634994565,19.772597375858968,4.221534301533904,5.874884165113372,0.10013766586780548,0.001149542978964746,0.03659483417868614,2.005506753921509,0.6783952116966248
318,15.899999999999096,2.0,0.7853981852531433,21.08513229374582,3.1903857646651916,6.243915572762111,19.864959819939777,4.18282961838144,5.911478999292058,0.10013766586780548,0.001149542978964746,0.03659483417868614,2.005506753921509,0.6783952116966248
319,15.949999999999093,2.0,0.7853981852531433,21.18510659397457,3.18842253899886,6.2831854820247655,19.958676501214715,4.147530082615022,5.948073833470744,0.10013766586780548,0.001149542978964746,0.03659483417868614,2.005506753921509,0.6783952116966248
320,15.99999999999909,2.0,-0.7853981852531433,21.285080894203322,3.186459313332528,6.243915572762111,20.053637956500026,4.1149753932089075,5.907510443811816,0.10038550198078156,0.00048660486936569214,-0.04056338965892792,2.0154197216033936,-0.8371374011039734
321,16.049999999999088,2.0,-0.7853981852531433,21.384901041985355,3.180572628525332,6.2046456634994565,20.147386514470963,4.078376665699369,5.867894496058625,0.10063864290714264,0.00035004393430426717,-0.039615947753190994,2.025545597076416,-0.7992397546768188
322,16.099999999999085,2.0,-0.7853981852531433,21.484413121879328,3.1707715614190732,6.165375754236802,20.239742917532258,4.038512065263042,5.828851490502757,0.10058963298797607,0.0007856778684072196,-0.03904300555586815,2.023585557937622,-0.7763219475746155
323,16.149999999999082,2.0,-0.7853981852531433,21.583463693462285,3.1570712245496764,6.1261058449741475,20.330539515392122,3.995377066678192,5.790107774769467,0.10051599889993668,0.0010882329661399126,-0.03874371573328972,2.0206398963928223,-0.7643504738807678
324,16.19999999999908,2.0,-0.7853981852531433,21.681900027923675,3.139492742844749,6.086835935711493,20.419665288662106,3.9488978954476877,5.751641462778252,0.10050954669713974,0.0012441229773685336,-0.03846631199121475,2.0203816890716553,-0.7532542943954468
325,16.249999999999076,2.0,-0.7853981852531433,21.779570343562124,3.1180632210504746,6.0475660264488384,20.50698658856516,3.8991515183111534,5.713383822923106,0.10048788040876389,0.0013774418039247394,-0.03825763985514641,2.019514799118042,-0.7449074387550354
326,16.299999999999073,2.0,-0.7853981852531433,21.87632403982182,3.092815701938056,6.008296117186184,20.592350957491178,3.8461799166696404,5.6753584027640045,0.10045380890369415,0.001448564580641687,-0.038025420159101486,2.0181522369384766,-0.7356187105178833
327,16.34999999999907,2.0,-0.7853981852531433,21.972011929507676,3.063789115354154,5.9690262079235294,20.675635003684818,3.7900347139991823,5.637561391328973,0.10043080151081085,0.0014731738483533263,-0.03779701143503189,2.0172317028045654,-0.7264821529388428
328,16.399999999999068,2.0,-0.7853981852531433,22.066486468821186,3.0310282181938826,5.929756298660875,20.756715151027038,3.7308135628974886,5.599922410433692,0.1003938838839531,0.0014842875534668565,-0.03763898089528084,2.0157551765441895,-0.7201610207557678
329,16.449999999999065,2.0,-0.7853981852531433,22.159601984862267,2.994583525388917,5.8904863893982204,20.835486951001307,3.668606951858202,5.562410800939006,0.10036156326532364,0.0014884714037179947,-0.03751160949468613,2.0144622325897217,-0.715066134929657
330,16.499999999999062,2.0,-0.7853981852531433,22.251214900246346,2.954511232017125,5.851216480135566,20.911849312272366,3.603504457801255,5.525009597872895,0.10033612698316574,0.0014854539185762405,-0.03740120306611061,2.0134451389312744,-0.7106499075889587
331,16.54999999999906,2.0,-0.7853981852531433,22.341183954490276,2.910873126653828,5.811946570872911,20.98570674725184,3.535601193042196,5.487702845817012,0.10031741112470627,0.001480233739130199,-0.03730675205588341,2.0126962661743164,-0.7068718671798706
332,16.599999999999056,2.0,-0.7853981852531433,22.42937042182578,2.8637364960982863,5.772676661610257,21.056967975750577,3.464994986388398,5.450481205468577,0.10030565410852432,0.0014747403329238296,-0.03722164034843445,2.0122263431549072,-0.7034673690795898
333,16.649999999999054,2.0,-0.7853981852531433,22.51563832510454,2.81317402162233,5.733406752347602,21.125541365480856,3.3917873667444187,5.4133350134245575,0.10029711574316025,0.0014676261926069856,-0.0371461920440197,2.011884927749634,-0.7004495859146118
334,16.69999999999905,2.0,-0.7853981852531433,22.599854645465125,2.759263666901099,5.694136843084948,21.19133651482799,3.3160828624789906,5.376254069840115,0.10028982162475586,0.0014578484697267413,-0.03708094358444214,2.0115926265716553,-0.697839617729187
335,16.749999999999048,2.0,-0.7853981852531433,22.68188952743843,2.7020885577986986,5.654866933822293,21.254266608642094,3.237988119564254,5.339227210020226,0.10028407722711563,0.001445487141609192,-0.03702685981988907,2.0113630294799805,-0.6956762075424194
336,16.799999999999045,2.0,-0.7853981852531433,22.76161647917542,2.6417368541941353,5.615597024559639,21.314244653342083,3.157609438953276,5.302240501379174,0.10027992725372314,0.0014263003831729293,-0.036986708641052246,2.011197328567505,-0.6940701007843018
337,16.849999999999042,2.0,-0.7853981852531433,22.8389125674884,2.5783016140451678,5.576327115296984,21.371178046715702,3.0750493632283047,5.26527186412136,0.100277841091156,0.0013899535406380892,-0.03696863725781441,2.0111136436462402,-0.6933473348617554
338,16.89999999999904,2.0,-0.7853981852531433,22.913658607405097,2.51188064989967,5.53705720603433,21.424964674695268,2.990405950806973,5.22829280722658,0.10027839988470078,0.0013233035570010543,-0.036979056894779205,2.0111358165740967,-0.6937639713287354
339,16.949999999999037,2.0,-0.7853981852531433,22.98573934594324,2.4425763780757674,5.497787296771675,21.476220690244336,2.9041384483168446,5.192097964917821,0.10032522678375244,0.002027310198172927,-0.03619484230875969,2.0130088329315186,-0.6623954772949219
340,16.999999999999034,2.0,-0.7853981852531433,23.055043639822337,2.3704956607432845,5.458517387509021,21.524322731338888,2.816079895837834,5.155906456743878,0.10031942278146744,0.0020318550523370504,-0.036191508173942566,2.0127768516540527,-0.6622621417045593
341,17.04999999999903,2.0,-0.7853981852531433,23.121464626838556,2.295749641150018,5.419247478246366,21.56920699709951,2.7263385023268647,5.119714948569936,0.10031942278146744,0.0020318550523370504,-0.036191508173942566,2.0127768516540527,-0.6622621417045593
342,17.099999999999028,2.0,-0.7853981852531433,23.184899890638505,2.218453572246895,5.379977568983712,21.610814703397786,2.6350318004985924,5.083523440395993,0.10031942278146744,0.0020318550523370504,-0.036191508173942566,2.0127768516540527,-0.6622621417045593
343,17.149999999999025,2.0,-0.7853981852531433,23.245251618637845,2.138726638976266,5.340707659721057,21.649091357357236,2.5422793731242694,5.0473319322220505,0.10031942278146744,0.0020318550523370504,-0.036191508173942566,2.0127768516540527,-0.6622621417045593
344,17.199999999999022,2.0,-0.7853981852531433,23.3024267528412,2.056691774497351,5.301437750458403,21.683986828721665,2.4482026964163057,5.011140424048108,0.10031942278146744,0.0020318550523370504,-0.036191508173942566,2.0127768516540527,-0.6622621417045593
345,17.24999999999902,2.0,-0.7853981852531433,23.35633713333086,1.9724754706322105,5.262167841195748,21.715455415509883,2.3529249809330257,4.974948915874165,0.10031942278146744,0.0020318550523370504,-0.036191508173942566,2.0127768516540527,-0.6622621417045593
346,17.299999999999017,2.0,-0.7853981852531433,23.406899634202986,1.8862075828245113,5.222897931933094,21.743455903870768,2.256571010211978,4.938757407700223,0.10031942278146744,0.0020318550523370504,-0.036191508173942566,2.0127768516540527,-0.6622621417045593
347,17.349999999999014,2.0,-0.7853981852531433,23.45403629174174,1.7980211299118336,5.183628022670439,21.767951622060323,2.1592669773431474,4.90256589952628,0.10031942278146744,0.0020318550523370504,-0.036191508173942566,2.0127768516540527,-0.6622621417045593
348,17.39999999999901,2.0,-0.7853981852531433,23.497674424633683,1.7080520890202542,5.144358113407785,21.78891048847001,2.0611403196960967,4.866374391352338,0.10031942278146744,0.0020318550523370504,-0.036191508173942566,2.0127768516540527,-0.6622621417045593
349,17.449999999999008,2.0,-0.7853981852531433,23.537746746037108,1.6164391858974614,5.10508820414513,21.80630505364346,1.962319552017501,4.830182883178395,0.10031942278146744,0.0020318550523370504,-0.036191508173942566,2.0127768516540527,-0.6622621417045593
350,17.499999999999005,2.0,-0.7853981852531433,23.57419146733347,1.5233236810076956,5.065818294882476,21.82011253622656,1.862934098117657,4.7939913750044525,0.10031942278146744,0.0020318550523370504,-0.036191508173942566,2.0127768516540527,-0.6622621417045593
351,17.549999999999002,2.0,-0.7853981852531433,23.606952393400974,1.4288491517183401,5.026548385619821,21.830314852803756,1.7631141213664117,4.75779986683051,0.10031942278146744,0.0020318550523370504,-0.036191508173942566,2.0127768516540527,-0.6622621417045593
352,17.599999999999,2.0,-0.7853981852531433,23.635979009263366,1.3331612709140153,4.987278476357167,21.83689864158161,1.6629903542204982,4.721608358656567,0.10031942278146744,0.0020318550523370504,-0.036191508173942566,2.0127768516540527,-0.6622621417045593
353,17.649999999998997,2.0,-0.7853981852531433,23.66122655798039,1.2364075823795357,4.948008567094512,21.839855279888493,1.562693927005553,4.685416850482625,0.10031942278146744,0.0020318550523370504,-0.036191508173942566,2.0127768516540527,-0.6622621417045593
354,17.699999999998994,2.0,-0.7853981852531433,23.68265610965974,1.1387372732980765,4.908738657831858,21.83918089546755,1.4623561961770493,4.649225342308682,0.10031942278146744,0.0020318550523370504,-0.036191508173942566,2.0127768516540527,-0.6622621417045593
355,17.74999999999899,2.0,-0.7853981852531433,23.70023462148412,1.0403009442153361,4.869468748569203,21.834876371548116,1.362108572285071,4.61303383413474,0.10031942278146744,0.0020318550523370504,-0.036191508173942566,2.0127768516540527,-0.6622621417045593
356,17.799999999998988,2.0,-0.7853981852531433,23.71393498866092,0.9412503768243995,4.830198839306549,21.826947345688982,1.2620823478682428,4.576842325960797,0.10031942278146744,0.0020318550523370504,-0.036191508173942566,2.0127768516540527,-0.6622621417045593
357,17.849999999998985,2.0,-0.7853981852531433,23.723736086215794,0.841738299929354,4.790928930043894,21.81540420239497,1.1624085255022154,4.5406508177868545,0.10031942278146744,0.0020318550523370504,-0.036191508173942566,2.0127768516540527,-0.6622621417045593
358,17.899999999998983,2.0,-0.7853981852531433,23.729622801565867,0.7419181539485311,4.75165902078124,21.800262059516538,1.063217646227911,4.504459309612912,0.10031942278146744,0.0020318550523370504,-0.036191508173942566,2.0127768516540527,-0.6622621417045593
359,17.94999999999898,2.0,-0.7853981852531433,23.73158605782224,0.6419438543204898,4.712389111518585,21.781540748450194,0.964639618584233,4.468267801438969,0.10031942278146744,0.0020318550523370504,-0.036191508173942566,2.0127768516540527,-0.6622621417045593
360,17.999999999998977,2.0,-0.7853981852531433,23.729622827785903,0.5419695541775531,4.673119202255931,21.75926478816568,0.8668035484691512,4.432076293265027,0.10031942278146744,0.0020318550523370504,-0.036191508173942566,2.0127768516540527,-0.6622621417045593
361,18.049999999998974,2.0,-0.7853981852531433,23.72373613861544,0.4421494066528378,4.633849292993276,21.73346335309389,0.7698375700519933,4.395884785091084,0.10031942278146744,0.0020318550523370504,-0.036191508173942566,2.0127768516540527,-0.6622621417045593
362,18.09999999999897,2.0,-0.7853981852531433,23.713935067159383,0.34263732718728346,4.594579383730622,21.704170234917655,0.6738686779583906,4.359693276917142,0.10031942278146744,0.0020318550523370504,-0.036191508173942566,2.0127768516540527,-0.6622621417045593
363,18.14999999999897,2.0,-0.7853981852531433,23.700234725960357,0.2435867562031852,4.555309474467967,21.67142379831536,0.5790225609476648,4.323501768743199,0.10031942278146744,0.0020318550523370504,-0.036191508173942566,2.0127768516540527,-0.6622621417045593
364,18.199999999998965,2.0,-0.7853981852531433,23.68265623995265,0.14515042251017096,4.516039565205313,21.635266930715407,0.48542343730048526,4.287310260569257,0.10031942278146744,0.0020318550523370504,-0.036191508173942566,2.0127768516540527,-0.6622621417045593
365,18.249999999998963,2.0,-0.7853981852531433,23.66122671388908,0.04748010780843383,4.476769655942658,21.595746986127317,0.3931938921323844,4.251118752395314,0.10031942278146744,0.0020318550523370504,-0.036191508173942566,2.0127768516540527,-0.6622621417045593
366,18.29999999999896,2.0,-0.7853981852531433,23.63597919054743,-0.049273587347661144,4.437499746680004,21.552915723123007,0.3024547168462025,4.214927244221371,0.10031942278146744,0.0020318550523370504,-0.036191508173942566,2.0127768516540527,-0.6622621417045593
367,18.349999999998957,2.0,-0.7853981852531433,23.60695259978089,-0.14496147576472904,4.398229837417349,21.506829237049526,0.21332475093372488,4.178735736047429,0.10031942278146744,0.0020318550523370504,-0.036191508173942566,2.0127768516540527,-0.6622621417045593
368,18.399999999998954,2.0,-0.7853981852531433,23.574191698491013,-0.23943601364621675,4.358959928154695,21.45754788656195,0.1259207263337033,4.142544227873486,0.10031942278146744,0.0020318550523370504,-0.036191508173942566,2.0127768516540527,-0.6622621417045593
369,18.44999999999895,2.0,-0.7853981852531433,23.53774700161585,-0.33255152809425575,4.31969001889204,21.40513621457273,0.04035711455010178,4.106352719699544,0.10031942278146744,0.0020318550523370504,-0.036191508173942566,2.0127768516540527,-0.6622621417045593
370,18.49999999999895,2.0,-0.7853981852531433,23.49767470423954,-0.4241644417267246,4.280420109629386,21.349662863720983,-0.04325402326920591,4.070161211525601,0.10031942278146744,0.0020318550523370504,-0.036191508173942566,2.0127768516540527,-0.6622621417045593
371,18.549999999998946,2.0,-0.7853981852531433,23.45403659494358,-0.5141334940631775,4.241150200366731,21.291200486472434,-0.12480318309693818,4.033969703351659,0.10031942278146744,0.0020318550523370504,-0.036191508173942566,2.0127768516540527,-0.6622621417045593
372,18.599999999998943,2.0,-0.7853981852531433,23.406899960533295,-0.602319959338279,4.201880291104077,21.229825649967783,-0.2041835614418919,3.997778195177716,0.10031942278146744,0.0020318550523370504,-0.036191508173942566,2.0127768516540527,-0.6622621417045593
373,18.64999999999894,2.0,-0.7853981852531433,23.356337482286456,-0.6885878604068905,4.162610381841422,21.16561873574406,-0.2812911952275845,3.9615866870037735,0.10031942278146744,0.0020318550523370504,-0.036191508173942566,2.0127768516540527,-0.6622621417045593
374,18.699999999998937,2.0,-0.7853981852531433,23.30242712388402,-0.7728041784109841,4.123340472578768,21.098663834460364,-0.3560250979508549,3.925395178829831,0.10031942278146744,0.0020318550523370504,-0.036191508173942566,2.0127768516540527,-0.6622621417045593
375,18.749999999998934,2.0,-0.7853981852531433,23.24525201119577,-0.8548390578850921,4.084070563316113,21.029048635765804,-0.42828739194209947,3.8892036706558883,0.10031942278146744,0.0020318550523370504,-0.036191508173942566,2.0127768516540527,-0.6622621417045593
376,18.79999999999893,2.0,-0.7853981852531433,23.18490030410624,-0.9345660069840328,4.044800654053459,20.956864313453913,-0.49798343655392313,3.853012162481946,0.10031942278146744,0.0020318550523370504,-0.036191508173942566,2.0127768516540527,-0.6622621417045593
377,18.84999999999893,2.0,-0.7853981852531433,23.12146506057856,-1.0118620925241795,4.005530744790804,20.88220540605396,-0.5650219521103206,3.816820654308003,0.10031942278146744,0.0020318550523370504,-0.036191508173942566,2.0127768516540527,-0.6622621417045593
378,18.899999999998926,2.0,-0.7853981852531433,23.05504409316582,-1.0866081295375287,3.9662608355281495,20.805169693015497,-0.6293151394540518,3.7806291461340606,0.10031942278146744,0.0020318550523370504,-0.036191508173942566,2.0127768516540527,-0.6622621417045593
379,18.949999999998923,2.0,-0.7853981852531433,22.985739818191174,-1.1586888650462932,3.9269909262654945,20.725858066648357,-0.6907787949356448,3.744437637960118,0.10031942278146744,0.0020318550523370504,-0.036191508173942566,2.0127768516540527,-0.6622621417045593
380,18.99999999999892,2.0,-0.7853981852531433,22.91365909782931,-1.2279931557746495,3.8877210170028396,20.644374399985775,-0.7493324206934241,3.7082461297861755,0.10031942278146744,0.0020318550523370504,-0.036191508173942566,2.0127768516540527,-0.6622621417045593
381,19.049999999998917,2.0,-0.7853981852531433,22.838913075332698,-1.2944141395236228,3.8484511077401846,20.560825410743718,-0.8048993300801365,3.672054621612233,0.10031942278146744,0.0020318550523370504,-0.036191508173942566,2.0127768516540527,-0.6622621417045593
382,19.099999999998914,2.0,-0.7853981852531433,22.76161700365674,-1.3578493999448622,3.8091811984775297,20.475320521554575,-0.8574067480980945,3.6358631134382904,0.10031942278146744,0.0020318550523370504,-0.036191508173942566,2.0127768516540527,-0.6622621417045593
383,19.14999999999891,2.0,-0.7853981852531433,22.681890067748057,-1.4182011244592343,3.7699112892148747,20.387971716658274,-0.9067859067113032,3.599671605264348,0.10031942278146744,0.0020318550523370504,-0.036191508173942566,2.0127768516540527,-0.6622621417045593
384,19.19999999999891,2.0,-0.7853981852531433,22.599855200769944,-1.47537625507674,3.73064137995222,20.29889339523851,-0.9529721349097401,3.5634800970904053,0.10031942278146744,0.0020318550523370504,-0.036191508173942566,2.0127768516540527,-0.6622621417045593
385,19.249999999998906,2.0,-0.7853981852531433,22.51563889454831,-1.529286631885197,3.691371470689565,20.20820222159616,-0.9959049434078315,3.5272885889164627,0.10031942278146744,0.0020318550523370504,-0.036191508173942566,2.0127768516540527,-0.6622621417045593
386,19.299999999998903,2.0,-0.7853981852531433,22.42937100453046,-1.579849128986443,3.65210156142691,20.116016972356103,-1.0355281038662,3.49109708074252,0.10031942278146744,0.0020318550523370504,-0.036191508173942566,2.0127768516540527,-0.6622621417045593
387,19.3499999999989,2.0,-0.7853981852531433,22.341184549557376,-1.6269857826704524,3.612831652164255,20.022458380907594,-1.0717897225329247,3.4549055725685776,0.10031942278146744,0.0020318550523370504,-0.036191508173942566,2.0127768516540527,-0.6622621417045593
388,19.399999999998897,2.0,-0.7853981852531433,22.251215506758317,-1.6706239116297326,3.5735617429016,19.927648979281855,-1.1046423082078698,3.418714064394635,0.10031942278146744,0.0020318550523370504,-0.036191508173942566,2.0127768516540527,-0.6622621417045593
389,19.449999999998894,2.0,-0.7853981852531433,22.15960260188391,-1.710696229028639,3.534291833638945,19.831712937674062,-1.134042834441069,3.3825225562206924,0.10031942278146744,0.0020318550523370504,-0.036191508173942566,2.0127768516540527,-0.6622621417045593
390,19.49999999999889,2.0,-0.7853981852531433,22.066487095401097,-1.747140946254803,3.49502192437629,19.734775901819848,-1.159952795883705,3.34633104804675,0.10031942278146744,0.0020318550523370504,-0.036191508173942566,2.0127768516540527,-0.6622621417045593
391,19.54999999999889,2.0,-0.7853981852531433,21.97201256467972,-1.7799018681927012,3.455752015113635,19.636964828439275,-1.1823382587178837,3.3101395398728073,0.10031942278146744,0.0020318550523370504,-0.036191508173942566,2.0127768516540527,-0.6622621417045593
392,19.599999999998886,2.0,-0.7853981852531433,21.876324682606604,-1.8089284798724528,3.4164821058509802,19.53840781896389,-1.2011699050991547,3.2739480316988647,0.10031942278146744,0.0020318550523370504,-0.036191508173942566,2.0127768516540527,-0.6622621417045593
393,19.649999999998883,2.0,-0.7853981852531433,21.77957099296852,-1.834176024360248,3.3772121965883253,19.43923395176454,-1.2164230715535733,3.237756523524922,0.10031942278146744,0.0020318550523370504,-0.036191508173942566,2.0127768516540527,-0.6622621417045593
394,19.69999999999888,2.0,-0.7853981852531433,21.68190068295035,-1.8556055717702988,3.3379422873256703,19.339573113099714,-1.228077781279016,3.2015650153509796,0.10031942278146744,0.0020318550523370504,-0.036191508173942566,2.0127768516540527,-0.6622621417045593
395,19.749999999998877,2.0,-0.7853981852531433,21.58346435309923,-1.8731840792919048,3.2986723780630154,19.239555827005812,-1.236118770308444,3.165373507177037,0.10031942278146744,0.0020318550523370504,-0.036191508173942566,2.0127768516540527,-0.6622621417045593
396,19.799999999998875,2.0,-0.7853981852531433,21.48441378510943,-1.8868844421390747,3.2594024688003604,19.139313084352125,-1.240535507500851,3.1291819990030945,0.10031942278146744,0.0020318550523370504,-0.036191508173942566,2.0127768516540527,-0.6622621417045593
397,19.84999999999887,2.0,-0.7853981852531433,21.384901707785968,-1.896685535344145,3.2201325595377055,19.0389761712844,-1.2413222083337132,3.092990490829152,0.10031942278146744,0.0020318550523370504,-0.036191508173942566,2.0127768516540527,-0.6622621417045593
398,19.89999999999887,2.0,-0.7853981852531433,21.285081561547827,-1.9025722463309496,3.1808626502750506,18.938676497281715,-1.2384778424788738,3.0567989826552093,0.10031942278146744,0.0020318550523370504,-0.036191508173942566,2.0127768516540527,-0.6622621417045593
399,19.949999999998866,2.0,-0.7853981852531433,21.18510726183397,-1.9045354982173193,3.1415927410123956,18.83854542305181,-1.232006135151948,3.0206074744812668,0.10031942278146744,0.0020318550523370504,-0.036191508173942566,2.0127768516540527,-0.6622621417045593
400,19.999999999998863,2.0,-0.7853981852531433,21.08513296177685,-1.902572263810976,3.1023228317497407,18.738714088490273,-1.221915562233472,2.984415966307324,0.10031942278146744,0.0020318550523370504,-0.036191508173942566,2.0127768516540527,-0.6622621417045593
401,20.04999999999886,2.0,-0.7853981852531433,20.98531281450945,-1.8966855702772452,3.0630529224870857,18.639313240928963,-1.208219339168194,2.9482244581333816,0.10031942278146744,0.0020318550523370504,-0.036191508173942566,2.0127768516540527,-0.6622621417045593
402,20.099999999998857,2.0,-0.7853981852531433,20.885800735472312,-1.8868844944713845,3.0237830132244308,18.540473063898535,-1.1909354036570383,2.912032949959439,0.10031942278146744,0.0020318550523370504,-0.036191508173942566,2.0127768516540527,-0.6622621417045593
403,20.149999999998855,2.0,-0.7853981852531433,20.78675016508707,-1.8731841489427314,2.984513103961776,18.442323006629366,-1.1700863921644182,2.8758414417854965,0.10031942278146744,0.0020318550523370504,-0.036191508173942566,2.0127768516540527,-0.6622621417045593
404,20.19999999999885,2.0,-0.7853981852531433,20.688313832162436,-1.855605658632246,2.945243194699121,18.344991614514203,-1.145699610271657,2.839649933611554,0.10031942278146744,0.0020318550523370504,-0.036191508173942566,2.0127768516540527,-0.6622621417045593
405,20.24999999999885,2.0,-0.7853981852531433,20.59064351839741,-1.8341761282993807,2.905973285436466,18.248606360754533,-1.1178069969153528,2.8034584254376114,0.10031942278146744,0.0020318550523370504,-0.036191508173942566,2.0127768516540527,-0.6622621417045593
406,20.299999999998846,2.0,-0.7853981852531433,20.49388982434492,-1.8089286007285041,2.866703376173811,18.15329347941118,-1.0864450825575178,2.767266917263669,0.10031942278146744,0.0020318550523370504,-0.036191508173942566,2.0127768516540527,-0.6622621417045593
407,20.349999999998843,2.0,-0.7853981852531433,20.398201937196642,-1.77990200577932,2.827433466911156,18.059177800077798,-1.0516549413422793,2.7310754090897262,0.10031942278146744,0.0020318550523370504,-0.036191508173942566,2.0127768516540527,-0.6622621417045593
408,20.39999999999884,2.0,-0.7853981852531433,20.303727400747178,-1.7471411003598407,2.788163557648501,17.966382584393756,-1.0134821373018004,2.6948839009157837,0.10031942278146744,0.0020318550523370504,-0.036191508173942566,2.0127768516540527,-0.6622621417045593
409,20.449999999998838,2.0,-0.7853981852531433,20.210611887892185,-1.7106963994144766,2.748893648385846,17.87502936461056,-0.9719766646818725,2.658692392741841,0.10031942278146744,0.0020318550523370504,-0.036191508173942566,2.0127768516540527,-0.6622621417045593
410,20.499999999998835,2.0,-0.7853981852531433,20.118998976011326,-1.670624098033648,2.709623739123191,17.785237784423202,-0.9271928824653376,2.6225008845678985,0.10031942278146744,0.0020318550523370504,-0.036191508173942566,2.0127768516540527,-0.6622621417045593
411,20.549999999998832,2.0,-0.7853981852531433,20.029029925582353,-1.6269859848050239,2.6703538298605363,17.69712544227494,-0.87918944317909,2.586309376393956,0.10031942278146744,0.0020318550523370504,-0.036191508173942566,2.0127768516540527,-0.6622621417045593
412,20.59999999999883,2.0,-0.7853981852531433,19.940843462367656,-1.5798493465399936,2.6310839205978813,17.610807737340696,-0.8280292160779001,2.5501178682200134,0.10031942278146744,0.0020318550523370504,-0.036191508173942566,2.0127768516540527,-0.6622621417045593
413,20.649999999998826,2.0,-0.7853981852531433,19.854575563509197,-1.529286864522275,2.5918140113352264,17.526397718390793,-0.7737792048056645,2.513926360046071,0.10031942278146744,0.0020318550523370504,-0.036191508173942566,2.0127768516540527,-0.6622621417045593
414,20.699999999998823,2.0,-0.7853981852531433,19.770359247861595,-1.4753765024386358,2.5525441020725714,17.444005935732992,-0.7165104596419191,2.4777348518721283,0.10031942278146744,0.0020318550523370504,-0.036191508173942566,2.0127768516540527,-0.6622621417045593
415,20.74999999999882,2.0,-0.7853981852531433,19.688324370886686,-1.418201386164534,2.5132741928099165,17.3637402964267,-0.6562979844485457,2.4415433436981857,0.10031942278146744,0.0020318550523370504,-0.036191508173942566,2.0127768516540527,-0.6622621417045593
416,20.799999999998818,2.0,-0.7853981852531433,19.6085974244258,-1.3578496755900349,2.4740042835472615,17.28570592295901,-0.5932206384385422,2.405351835524243,0.10031942278146744,0.0020318550523370504,-0.036191508173942566,2.0127768516540527,-0.6622621417045593
417,20.849999999998815,2.0,-0.7853981852531433,19.53130134165849,-1.2944144286836436,2.4347343742846066,17.210005015567646,-0.5273610328955063,2.3691603273503006,0.10031942278146744,0.0020318550523370504,-0.036191508173942566,2.0127768516540527,-0.6622621417045593
418,20.899999999998812,2.0,-0.7853981852531433,19.456555307548488,-1.2279934580036547,2.3954644650219516,17.136736718391102,-0.4588054229791001,2.332968819176358,0.10031942278146744,0.0020318550523370504,-0.036191508173942566,2.0127768516540527,-0.6622621417045593
419,20.94999999999881,2.0,-0.7853981852531433,19.384474575069106,-1.1586891798782677,2.3561945557592967,17.065996989621343,-0.3876435947581942,2.2967773110024154,0.10031942278146744,0.0020318550523370504,-0.036191508173942566,2.0127768516540527,-0.6622621417045593
420,20.999999999998806,2.0,-0.7853981852531433,19.31517028749149,-1.0866084564870244,2.3169246464966418,16.997878475829044,-0.3139687476196425,2.260585802828473,0.10031942278146744,0.0020318550523370504,-0.036191508173942566,2.0127768516540527,-0.6622621417045593
421,21.049999999998803,2.0,-0.7853981852531433,19.248749307009763,-1.0118624310870639,2.277654737233987,16.93247039062602,-0.23787737220669464,2.2243942946545303,0.10031942278146744,0.0020318550523370504,-0.036191508173942566,2.0127768516540527,-0.6622621417045593
422,21.0999999999988,2.0,-0.7853981852531433,19.185314049967236,-0.9345663566382664,2.238384827971332,16.86985839782373,-0.15946912404690874,2.1882027864805877,0.10031942278146744,0.0020318550523370504,-0.036191508173942566,2.0127768516540527,-0.6622621417045593
423,21.149999999998798,2.0,-0.7853981852531433,19.12496232893783,-0.8548394180915333,2.199114918708677,16.810124499240917,-0.07884669303507062,2.152011278306645,0.10031942278146744,0.0020318550523370504,-0.036191508173942566,2.0127768516540527,-0.6622621417045593
424,21.199999999998795,2.0,-0.7853981852531433,19.067787201906174,-0.7728045486142208,2.159845009446022,16.75334692730726,0.0038843310579436494,2.1158197701327026,0.10031942278146744,0.0020318550523370504,-0.036191508173942566,2.0127768516540527,-0.6622621417045593
425,21.249999999998792,2.0,-0.7853981852531433,19.013876828778923,-0.6885882400360958,2.120575100183367,16.699600042603755,0.08861559687422177,2.07962826195876,0.10031942278146744,0.0020318550523370504,-0.036191508173942566,2.0127768516540527,-0.6622621417045593
426,21.29999999999879,2.0,-0.7853981852531433,18.96331433544856,-0.6023203478080922,2.081305190920712,16.648954236473976,0.1752361333746708,2.0434367537848175,0.10031942278146744,0.0020318550523370504,-0.036191508173942566,2.0127768516540527,-0.6622621417045593
427,21.349999999998786,2.0,-0.7853981852531433,18.916177685619292,-0.5141338907746064,2.042035281658057,16.601475838833785,0.26363249517582293,2.007245245610875,0.10031942278146744,0.0020318550523370504,-0.036191508173942566,2.0127768516540527,-0.6622621417045593
428,21.399999999998784,2.0,-0.7853981852531433,18.872539560592678,-0.4241648460680687,2.002765372395402,16.557227031300194,0.35368891112724626,1.9710537374369324,0.10031942278146744,0.0020318550523370504,-0.036191508173942566,2.0127768516540527,-0.6622621417045593
429,21.44999999999878,2.0,-0.7853981852531433,18.83246724719829,-0.3325519394420501,1.9634954631327473,16.51626576575323,0.4452874359349712,1.9348622292629898,0.10031942278146744,0.0020318550523370504,-0.036191508173942566,2.0127768516540527,-0.6622621417045593
430,21.499999999998778,2.0,-0.7853981852531433,18.79602253404233,-0.23943643136619275,1.9242255538700923,16.478645688437357,0.5383081046323546,1.8986707210890472,0.10031942278146744,0.0020318550523370504,-0.036191508173942566,2.0127768516540527,-0.6622621417045593
431,21.549999999998775,2.0,-0.7853981852531433,18.763261616234036,-0.14496189921279273,1.8849556446074374,16.444416069701962,0.6326290896960728,1.8624792129151047,0.10031942278146744,0.0020318550523370504,-0.036191508173942566,2.0127768516540527,-0.6622621417045593
432,21.599999999998772,2.0,-0.7853981852531433,18.734235008736924,-0.0492740158708863,1.8456857353447824,16.413621739472838,0.7281268606014729,1.826287704741162,0.10031942278146744,0.0020318550523370504,-0.036191508173942566,2.0127768516540527,-0.6622621417045593
433,21.64999999999877,2.0,-0.7853981852531433,18.70898746847836,0.047479674870799016,1.8064158260821275,16.386303028539224,0.8246763456083144,1.7900961965672195,0.10031942278146744,0.0020318550523370504,-0.036191508173942566,2.0127768516540527,-0.6622621417045593
434,21.699999999998766,2.0,-0.7853981852531433,18.687557925337604,0.14514998582568497,1.7671459168194725,16.362495715733292,0.9221510955650134,1.753904688393277,0.10031942278146744,0.0020318550523370504,-0.036191508173942566,2.0127768516540527,-0.6622621417045593
435,21.749999999998764,2.0,-0.7853981852531433,18.669979422118775,0.2435863164451839,1.7278760075568176,16.34223098107123,1.0204234495168585,1.7177131802193344,0.10031942278146744,0.0020318550523370504,-0.036191508173942566,2.0127768516540527,-0.6622621417045593
436,21.79999999999876,2.0,-0.7853981852531433,18.656279063601232,0.34263688503384176,1.6886060982941626,16.325535364917336,1.1193647019013033,1.6815216720453918,0.10031942278146744,0.0020318550523370504,-0.036191508173942566,2.0127768516540527,-0.6622621417045593
437,21.849999999998758,2.0,-0.7853981852531433,18.646477974745963,0.44214896278572435,1.6493361890315077,16.31243073322458,1.218845271111364,1.6453301638714493,0.10031942278146744,0.0020318550523370504,-0.036191508173942566,2.0127768516540527,-0.6622621417045593
438,21.899999999998755,2.0,-0.7853981852531433,18.640591268122428,0.5419691092811788,1.6100662797688527,16.302934248897134,1.318734869206356,1.6091386556975067,0.10031942278146744,0.0020318550523370504,-0.036191508173942566,2.0127768516540527,-0.6622621417045593
439,21.949999999998752,2.0,-0.7853981852531433,18.638628020606063,0.6419434090808526,1.5707963705061978,16.297058349312433,1.4189026725477043,1.5729471475235641,0.10031942278146744,0.0020318550523370504,-0.036191508173942566,2.0127768516540527,-0.6622621417045593
440,21.99999999999875,2.0,-0.7853981852531433,18.64059125938241,0.7419177090521583,1.5315264612435429,16.29481073003216,1.5192174931363462,1.5367556393496216,0.10031942278146744,0.0020318550523370504,-0.036191508173942566,2.0127768516540527,-0.6622621417045593
441,22.049999999998747,2.0,-0.7853981852531433,18.646477957279412,0.8417378560622435,1.492256551980888,16.296194334723502,1.6195479504273333,1.500564131175679,0.10031942278146744,0.0020318550523370504,-0.036191508173942566,2.0127768516540527,-0.6622621417045593
442,22.099999999998744,2.0,-0.7853981852531433,18.656279037435077,0.9412499346709623,1.452986642718233,16.301207351303884,1.7197626433966047,1.4643726230017364,0.10031942278146744,0.0020318550523370504,-0.036191508173942566,2.0127768516540527,-0.6622621417045593
443,22.14999999999874,2.0,-0.7853981852531433,18.66997938729336,1.0403005044573408,1.413716733455578,16.309843214314224,1.8197303226345822,1.4281811148277939,0.10031942278146744,0.0020318550523370504,-0.036191508173942566,2.0127768516540527,-0.6622621417045593
444,22.199999999998738,2.0,-0.7853981852531433,18.687557881906628,1.1387368366135977,1.374446824192923,16.32209061351759,1.9193200622411999,1.3919896066538513,0.10031942278146744,0.0020318550523370504,-0.036191508173942566,2.0127768516540527,-0.6622621417045593
445,22.249999999998735,2.0,-0.7853981852531433,18.70898741650879,1.2364071494419098,1.3351769149302681,16.337933508712027,2.0184014312972365,1.3557980984799087,0.10031942278146744,0.0020318550523370504,-0.036191508173942566,2.0127768516540527,-0.6622621417045593
446,22.299999999998732,2.0,-0.7853981852531433,18.734234948308895,1.3331608423908003,1.2959070056676132,16.35735115073812,2.116844664687384,1.3196065903059662,0.10031942278146744,0.0020318550523370504,-0.036191508173942566,2.0127768516540527,-0.6622621417045593
447,22.34999999999873,2.0,-0.7853981852531433,18.76326154744072,1.428848728270288,1.2566370964049582,16.380318108653796,2.2145208330513206,1.2834150821320236,0.10031942278146744,0.0020318550523370504,-0.036191508173942566,2.0127768516540527,-0.6622621417045593
448,22.399999999998727,2.0,-0.7853981852531433,18.796022456989803,1.5233232632877323,1.2173671871423033,16.40680430304079,2.3113020116402114,1.247223573958081,0.10031942278146744,0.0020318550523370504,-0.036191508173942566,2.0127768516540527,-0.6622621417045593
449,22.449999999998724,2.0,-0.7853981852531433,18.832467162005365,1.6164387745496809,1.1780972778796484,16.436775045399123,2.4070614478574894,1.2110320657841385,0.10031942278146744,0.0020318550523370504,-0.036191508173942566,2.0127768516540527,-0.6622621417045593
450,22.49999999999872,2.0,-0.7853981852531433,18.872539467390713,1.708051684678925,1.1388273686169934,16.47019108357801,2.5016737272644867,1.174840557610196,0.10031942278146744,0.0020318550523370504,-0.036191508173942566,2.0127768516540527,-0.6622621417045593
451,22.549999999998718,2.0,-0.7853981852531433,18.916177584552003,1.7980207332004208,1.0995574593543385,16.50700865318371,2.5950149378335046,1.1386490494362533,0.10031942278146744,0.0020318550523370504,-0.036191508173942566,2.0127768516540527,-0.6622621417045593
452,22.599999999998715,2.0,-0.7853981852531433,18.963314226671777,1.8862071943547147,1.0602875500916835,16.547179534896987,2.686962832233204,1.1024575412623108,0.10031942278146744,0.0020318550523370504,-0.036191508173942566,2.0127768516540527,-0.6622621417045593
453,22.649999999998712,2.0,-0.7853981852531433,19.01387671246038,1.9724750910030227,1.0210176408290286,16.59065111762509,2.7773969879337708,1.0662660330883682,0.10031942278146744,0.0020318550523370504,-0.036191508173942566,2.0127768516540527,-0.6622621417045593
454,22.69999999999871,2.0,-0.7853981852531433,19.067787078225226,2.0566914042941327,0.9817477315663736,16.637366467405563,2.8661989649221726,1.0300745249144256,0.10031942278146744,0.0020318550523370504,-0.036191508173942566,2.0127768516540527,-0.6622621417045593
455,22.749999999998707,2.0,-0.7853981852531433,19.12496219808518,2.1387262787698433,0.9424778223037187,16.687264401971664,2.9532524608209454,0.9938830167404831,0.10031942278146744,0.0020318550523370504,-0.036191508173942566,2.0127768516540527,-0.6622621417045593
456,22.799999999998704,2.0,-0.7853981852531433,19.185313912144647,2.2184532225926805,0.9032079130410637,16.740279570881686,3.0384434632073614,0.9576915085665405,0.10031942278146744,0.0020318550523370504,-0.036191508173942566,2.0127768516540527,-0.6622621417045593
457,22.8499999999987,2.0,-0.7853981852531433,19.24874916242975,2.295749302587153,0.8639380037784088,16.796342541107283,3.121660398933478,0.9215000003925979,0.10031942278146744,0.0020318550523370504,-0.036191508173942566,2.0127768516540527,-0.6622621417045593
458,22.8999999999987,2.0,-0.7853981852531433,19.315170136376988,2.3704953337938077,0.8246680945157538,16.85537988796866,3.2027942802515192,0.8853084922186554,0.10031942278146744,0.0020318550523370504,-0.036191508173942566,2.0127768516540527,-0.6622621417045593
459,22.949999999998695,2.0,-0.7853981852531433,19.384474417653117,2.442576063243812,0.7853981852530989,16.9173142912976,3.2817388475531946,0.8491169840447128,0.10031942278146744,0.0020318550523370504,-0.036191508173942566,2.0127768516540527,-0.6622621417045593
460,22.999999999998693,2.0,-0.7853981852531433,19.456555144073743,2.5118803476706835,0.746128275990444,16.982064636702304,3.358390708536031,0.8129254758707702,0.10031942278146744,0.0020318550523370504,-0.036191508173942566,2.0127768516540527,-0.6622621417045593
461,23.04999999999869,2.0,-0.7853981852531433,19.531301172377052,2.578301324885165,0.706858366727789,17.04954612180148,3.4326494736144406,0.7767339676968277,0.10031942278146744,0.0020318550523370504,-0.036191508173942566,2.0127768516540527,-0.6622621417045593
462,23.099999999998687,2.0,-0.7853981852531433,19.608597249598688,2.6417365785489806,0.6675884574651341,17.119670367288517,3.504417887398183,0.7405424595228851,0.10031942278146744,0.0020318550523370504,-0.036191508173942566,2.0127768516540527,-0.6622621417045593
463,23.149999999998684,2.0,-0.7853981852531433,19.688324190783472,2.7020882960934163,0.6283185482024791,17.192345532680303,3.5736019560660295,0.7043509513489425,0.10031942278146744,0.0020318550523370504,-0.036191508173942566,2.0127768516540527,-0.6622621417045593
464,23.19999999999868,2.0,-0.7853981852531433,19.770359062759987,2.75926341953922,0.5890486389398242,17.267476436599075,3.6401110704678064,0.668159443175,0.10031942278146744,0.0020318550523370504,-0.036191508173942566,2.0127768516540527,-0.6622621417045593
465,23.24999999999868,2.0,-0.7853981852531433,19.854575373694605,2.813173788985268,0.5497787296771692,17.344964681429794,3.7038581247935953,0.6319679350010574,0.10031942278146744,0.0020318550523370504,-0.036191508173942566,2.0127768516540527,-0.6622621417045593
466,23.299999999998676,2.0,-0.7853981852531433,19.94084326813276,2.8637362785447507,0.5105088204145143,17.42470878218975,3.7647596306546713,0.5957764268271148,0.10031942278146744,0.0020318550523370504,-0.036191508173942566,2.0127768516540527,-0.6622621417045593
467,23.349999999998673,2.0,-0.7853981852531433,20.02902972722665,2.9108729245192704,0.47123891115185934,17.50660429944165,3.8227358264267672,0.5595849186531723,0.10031942278146744,0.0020318550523370504,-0.036191508173942566,2.0127768516540527,-0.6622621417045593
468,23.39999999999867,2.0,-0.7853981852531433,20.118998773840666,2.9545110456132226,0.4319690018892044,17.590543976076106,3.8777107817124614,0.5233934104792297,0.10031942278146744,0.0020318550523370504,-0.036191508173942566,2.0127768516540527,-0.6622621417045593
469,23.449999999998667,2.0,-0.7853981852531433,20.2106116822183,2.99458335500309,0.39269909262654945,17.676417877784356,3.9296124967858748,0.48720190230528715,0.10031942278146744,0.0020318550523370504,-0.036191508173942566,2.0127768516540527,-0.6622621417045593
470,23.499999999998664,2.0,-0.7853981852531433,20.3037271918872,3.031028064088854,0.3534291833638945,17.764113537037314,3.9783729968894375,0.4510103941313446,0.10031942278146744,0.0020318550523370504,-0.036191508173942566,2.0127768516540527,-0.6622621417045593
471,23.54999999999866,2.0,-0.7853981852531433,20.398201725472624,3.063788977767542,0.31415927410123956,17.85351610038227,4.023928421259227,0.414818885957402,0.10031942278146744,0.0020318550523370504,-0.036191508173942566,2.0127768516540527,-0.6622621417045593
472,23.59999999999866,2.0,-0.7853981852531433,20.493889610083322,3.09281558108201,0.2748893648385846,17.94450847886444,4.06621910676228,0.37862737778345945,0.10031942278146744,0.0020318550523370504,-0.036191508173942566,2.0127768516540527,-0.6622621417045593
473,23.649999999998656,2.0,-0.7853981852531433,20.59064330192861,3.1180631171113453,0.23561945557592967,18.036971501376293,4.105189666036338,0.3424358696095169,0.10031942278146744,0.0020318550523370504,-0.036191508173942566,2.0127768516540527,-0.6622621417045593
474,23.699999999998653,2.0,-0.7853981852531433,20.688313613820206,3.1394926559828034,0.19634954631327473,18.130784070733846,4.140789060029702,0.3062443614355743,0.10031942278146744,0.0020318550523370504,-0.036191508173942566,2.0127768516540527,-0.6622621417045593
475,23.74999999999865,2.0,-0.7853981852531433,20.786749945208086,3.157071154898849,0.15707963705061978,18.2258233222755,4.172970664846169,0.27005285326163175,0.10031942278146744,0.0020318550523370504,-0.036191508173942566,2.0127768516540527,-0.6622621417045593
476,23.799999999998647,2.0,-0.7853981852531433,20.885800514395605,3.1707715090867605,0.11780972778796485,18.3219647847757,4.201692332807525,0.2338613450876892,0.10031942278146744,0.0020318550523370504,-0.036191508173942566,2.0127768516540527,-0.6622621417045593
477,23.849999999998644,2.0,-0.7853981852531433,20.98531259257591,3.1805725935922258,0.07853981852530992,18.41908254346273,4.226916447653617,0.19766983691374662,0.10031942278146744,0.0020318550523370504,-0.036191508173942566,2.0127768516540527,-0.6622621417045593
478,23.89999999999864,2.0,-0.7853981852531433,21.08513273932868,3.1864592958524933,0.03926990926265499,18.517049404927015,4.2486099738077,0.16147832873980406,0.10031942278146744,0.0020318550523370504,-0.036191508173942566,2.0127768516540527,-0.6622621417045593
479,23.94999999999864,2.0,-0.7853981852531433,21.18510703921417,3.1884225389988496,5.551115123125783e-17,18.615737063704117,4.266744499642545,0.1252868205658615,0.10031942278146744,0.0020318550523370504,-0.036191508173942566,2.0127768516540527,-0.6622621417045593
480,23.999999999998636,2.0,0.5235987901687622,21.285095616451745,3.18973146121161,0.026179939508436677,18.715026186752823,4.279168260655962,0.15065206330041292,0.10006334632635117,-8.071847696555778e-05,0.02536524273455143,2.0025336742401123,0.4910109341144562
481,24.049999999998633,2.0007710456848145,0.5238006114959717,21.38505416595284,3.193659348550082,0.05236997008323377,18.81365681903224,4.294586053416281,0.1740951847634733,0.09982743114233017,0.00044039636850357056,0.02344312146306038,1.992326021194458,0.4139242470264435
482,24.09999999999863,2.003082752227783,0.524405837059021,21.48499080470644,3.2002125799054273,0.07859026193618332,18.911999147126927,4.312693647648631,0.19752008396903875,0.0999922975897789,0.000799303874373436,0.023424899205565453,1.9966089725494385,0.4125901460647583
483,24.149999999998627,2.0069315433502197,0.525413453578949,21.584912667089107,3.209403763920469,0.10486093461512927,19.01022670927624,4.333285510922309,0.2211970046512306,0.10035856068134308,0.0009154762956313789,0.02367692068219185,2.0074105262756348,0.4216633141040802
484,24.199999999998624,2.0123116970062256,0.5268219709396362,21.684825317088674,3.221251672869782,0.1312020331621096,19.10832832146483,4.35620885628863,0.24509123455504778,0.10074074566364288,0.0008415699121542275,0.023894229903817177,2.0173182487487793,0.42894724011421204
485,24.24999999999862,2.019214630126953,0.5286291837692261,21.784732125682634,3.235781142627821,0.1576334923505694,19.206248111741342,4.381509849173958,0.26918373372177484,0.10113263130187988,0.0007851463160477579,0.024092499166727066,2.0260908603668213,0.4350707530975342
486,24.29999999999862,2.027630090713501,0.5308322906494141,21.884633708424207,3.2530229482710236,0.1841751068830386,19.30396976437887,4.409225459217332,0.29347970265666845,0.10157334804534912,0.0007289726636372507,0.024295968934893608,2.035304069519043,0.4410064220428467
487,24.349999999998616,2.0375447273254395,0.5334279537200928,21.984527293526604,3.273013638384213,0.21084650456904172,19.401510393175496,4.439383956499576,0.31799217428783777,0.10209448635578156,0.0006519816815853119,0.02451247163116932,2.046234607696533,0.4470708966255188
488,24.399999999998613,2.048943519592285,0.5364121794700623,22.084406162503775,3.2957953472865182,0.2376671135425433,19.498874878158812,4.472026316502273,0.34273315522591474,0.10268908739089966,0.0005638558650389314,0.024740980938076973,2.058619976043701,0.45322704315185547
489,24.44999999999861,2.0618085861206055,0.5397802591323853,22.184259034910394,3.3214155619368224,0.26465612649916104,19.59606342909507,4.507165154155026,0.36774145554522875,0.1033448800444603,0.00043372026993893087,0.025008300319314003,2.071986675262451,0.4605516493320465
490,24.499999999998607,2.076120376586914,0.5435270667076111,22.284069514849552,3.349926865893183,0.29183247983454,19.693107276068343,4.5448301414239065,0.3930551793775976,0.10409655421972275,0.00025865211500786245,0.02531372383236885,2.0877416133880615,0.46902182698249817
491,24.549999999998604,2.0918567180633545,0.5476468205451965,22.383815495610822,3.3813866357836693,0.3192148208617983,19.790009710276657,4.585073027895928,0.41870522800604704,0.10492648929357529,5.925893856328912e-05,0.02565004862844944,2.1052026748657227,0.4783550798892975
492,24.5999999999986,2.1089935302734375,0.5521332025527954,22.48346860498739,3.4158567078936337,0.3468214809894365,19.88675774633211,4.627962963768458,0.4447084993473709,0.1058286651968956,-0.00015067309141159058,0.026003271341323853,2.124152898788452,0.4879976212978363
493,24.6499999999986,2.1275041103363037,0.556979238986969,22.582993624393925,3.4534029932316566,0.3746704429387834,19.983324915374556,4.673576952204114,0.4710341405473173,0.10679756850004196,-0.0003652948944363743,0.026325641199946404,2.1443984508514404,0.49604639410972595
494,24.699999999998596,2.147359848022461,0.5621774792671204,22.682347952106113,3.4940950606826107,0.4027793169021378,20.079664855138123,4.721988639354989,0.4977072377107561,0.10781808197498322,-0.0005802117520943284,0.026673097163438797,2.165363311767578,0.5047463178634644
495,24.749999999998593,2.1685304641723633,0.5677199363708496,22.78148108911944,3.5380056824089987,0.4311653137206787,20.175711098363674,4.773251361515071,0.5247484475723923,0.10886730998754501,-0.0008101463317871094,0.027041209861636162,2.186161994934082,0.5139284133911133
496,24.79999999999859,2.1909830570220947,0.5735980272293091,22.880334095842027,3.5852103153215316,0.4598452150821425,20.271379413161586,4.8274915281937645,0.5521544378600538,0.10997021198272705,-0.0009872254449874163,0.027405990287661552,2.2078256607055664,0.5226415395736694
497,24.849999999998587,2.2146830558776855,0.5798026919364929,22.978839111078244,3.6357865529378075,0.48883534967896547,20.366589474996804,4.8848129098847,0.5799332309863985,0.11112787574529648,-0.001136620412580669,0.02777879312634468,2.2304320335388184,0.5313489437103271
498,24.899999999998585,2.239593982696533,0.5863243341445923,23.076918881180465,3.6898135245773163,0.5181515663861934,20.461212006148248,4.9453778148528995,0.6080930766067922,0.1123393103480339,-0.0011876303469762206,0.028159845620393753,2.2539780139923096,0.5400694608688354
499,24.94999999999858,2.2656774520874023,0.5931529998779297,23.17448631437939,3.747371244720311,0.5478092163800882,20.555124814347963,5.009318145271358,0.6367314748815716,0.11360722780227661,-0.0011743888026103377,0.02863839827477932,2.278611660003662,0.5523829460144043
500,24.99999999999858,2.292893171310425,0.6002780199050903,23.27144406499884,3.8085399106651647,0.577823117375341,20.64827376638029,5.0766162642332855,0.6657525629154861,0.11490928381681442,-0.0012730173766613007,0.029021088033914566,2.3034780025482178,0.5605654716491699
501,25.049999999998576,2.3211991786956787,0.6076885461807251,23.36768416212049,3.873399154458102,0.6082075446843755,20.740563249605188,5.1473370373352,0.6951643314562261,0.1162620335817337,-0.0013841999461874366,0.029411768540740013,2.32928204536438,0.5687822699546814
502,25.099999999998573,2.3505518436431885,0.6153730750083923,23.463087677021313,3.9420272433273027,0.6389761984347934,20.83189551351682,5.221594731357375,0.725010720302862,0.11770138889551163,-0.0014732972485944629,0.02984638884663582,2.3575034141540527,0.578482449054718
503,25.14999999999857,2.380906105041504,0.6233197450637817,23.5575244447224,4.014500235095536,0.6701421856879807,20.92211697490459,5.2994956910226625,0.7552881755284488,0.11918958276510239,-0.001521503203548491,0.03027745522558689,2.3866772651672363,0.5877785086631775
504,25.199999999998568,2.412214756011963,0.6315163373947144,23.65085280687525,4.0908910610021065,0.7017180025577145,21.01107489158036,5.381134451151124,0.785998259892267,0.12073119729757309,-0.0015414583031088114,0.03071008436381817,2.4170331954956055,0.5968870520591736
505,25.249999999998565,2.444429874420166,0.6399502158164978,23.742919467436558,4.171268601801576,0.7337155133485376,21.098630527542575,5.466578628236749,0.8171585735283315,0.12232842296361923,-0.001566436025314033,0.03116031363606453,2.448707103729248,0.6064623594284058
506,25.299999999998562,2.477501392364502,0.648608386516571,23.833559354244972,4.255696671388198,0.7661459326743643,21.184605338037137,5.555892658396825,0.8488033239148081,0.12396039813756943,-0.001575981150381267,0.03164475038647652,2.480914831161499,0.6171815395355225
507,25.34999999999856,2.511378765106201,0.6574774384498596,23.922595612311827,4.344233008936,0.7990198045968554,21.26877344646741,5.649163474674031,0.8809427593253076,0.12562398612499237,-0.001526353764347732,0.03213943541049957,2.513580799102783,0.6280999779701233
508,25.399999999998556,2.5460095405578613,0.66654372215271,24.00983961804549,4.436928181533759,0.832346990704489,21.350947773289427,5.746442333303349,0.9135797817609728,0.12733273208141327,-0.0014736572047695518,0.03263702243566513,2.547300100326538,0.6389371156692505
509,25.449999999998553,2.5813403129577637,0.6757932901382446,24.095091109837284,4.533824480639704,0.8661366552113994,21.430933908622034,5.847763628688551,0.9467202362022817,0.1290804147720337,-0.0014259264571592212,0.033140454441308975,2.581876516342163,0.649824857711792
510,25.49999999999855,2.617316484451294,0.6852118968963623,24.178138397416493,4.634954777101326,0.9003972500562155,21.508525269179795,5.9531535962367,0.9803695019684255,0.13086465001106262,-0.0013812568504363298,0.0336492657661438,2.617269277572632,0.6607587337493896
511,25.549999999998548,2.6538829803466797,0.694784939289093,24.258758687781487,4.740341376165307,0.9351364970206681,21.58350058435249,6.062635580197058,1.0145307194791258,0.13268695771694183,-0.0013318967539817095,0.034161217510700226,2.653595447540283,0.6716637015342712
512,25.599999999998545,2.6909830570220947,0.7044976949691772,24.336718472789943,4.84999480586015,0.970361381769125,21.655622180807935,6.1762332057027,1.049202335288328,0.13455237448215485,-0.0012663794914260507,0.034671615809202194,2.6911118030548096,0.6823669672012329
513,25.649999999998542,2.7285594940185547,0.7143352031707764,24.411774060068538,4.963912638221741,1.0060781419276619,21.724648832101554,6.293939013358742,1.0844003048143804,0.13644741475582123,-0.0011994795640930533,0.035197969526052475,2.729337215423584,0.6935835480690002
514,25.69999999999854,2.766554594039917,0.7242823243141174,24.483672212105425,5.082078307693941,1.0422922581433658,21.790320180668566,6.415729767199281,1.120136433502239,0.13836346566677094,-0.0011247721267864108,0.03573612868785858,2.767983913421631,0.705162763595581
515,25.749999999998536,2.8049097061157227,0.7343236207962036,24.552150887188635,5.204459914635465,1.0790084391831738,21.852362425242827,6.541567101545162,1.1564255070290983,0.1402968168258667,-0.0010382753098383546,0.03628907352685928,2.806962728500366,0.7172393202781677
516,25.799999999998533,2.8435654640197754,0.7444437146186829,24.61694010696353,5.331009053482883,1.1162306249141059,21.910484327177375,6.671400115680045,1.1932836298249185,0.14224591851234436,-0.0009304356062784791,0.036858122795820236,2.84627103805542,0.7298813462257385
517,25.84999999999853,2.882462501525879,0.7546269297599792,24.677762962366415,5.461659699388844,1.1539619714021028,21.964392348198434,6.805154881221625,1.2307206515572489,0.14420734345912933,-0.000808781769592315,0.03743702173233032,2.885830879211426,0.7428538799285889
518,25.899999999998528,2.9215409755706787,0.7648576498031616,24.734336730429874,5.596327113455547,1.1922048538922587,22.01379590997315,6.942732132810997,1.26874157529096,0.14617709815502167,-0.0006841387948952615,0.03802092373371124,2.9255430698394775,0.7559792995452881
519,25.949999999998525,2.960740089416504,0.775119960308075,24.786374108565074,5.734906776591976,1.2309608519076602,22.05839767333821,7.084015238750033,1.307342616131109,0.148155078291893,-0.0005532588693313301,0.038601040840148926,2.9654624462127686,0.7689216136932373
520,25.999999999998522,3.0,0.7853981852531433,24.833584609189497,5.877273476678736,1.2702307611703152,22.097915463311683,7.2288542053852645,1.3465103667579115,0.15013258159160614,-0.0004358038422651589,0.039167750626802444,3.005303144454956,0.7813117504119873
521,26.04999999999852,3.039259910583496,0.7956763505935669,24.875676039990033,6.023280386728113,1.3100145786999913,22.13206980757674,7.377083244804499,1.3862333160243452,0.15211264789104462,-0.00033122635795734823,0.039722949266433716,3.045246124267578,0.793241560459137
522,26.099999999998516,3.0784590244293213,0.805938720703125,24.912356122992346,6.172758279918137,1.3503115147351452,22.160582302383062,7.528512543268672,1.4265001874766767,0.1540900319814682,-0.00023840591893531382,0.04026687145233154,3.085141897201538,0.8047360777854919
523,26.149999999998514,3.117537498474121,0.8161693811416626,24.94333423748729,6.32551489935889,1.3911199837922261,22.18317843005108,7.682928980707488,1.4673071589670599,0.15606087446212769,-0.0001568406878504902,0.04080697149038315,3.1248974800109863,0.8161094188690186
524,26.19999999999851,3.1564345359802246,0.826352596282959,24.968323247337175,6.481334357752442,1.4324376136063717,22.19958662200257,7.840095506573696,1.5086476255557955,0.15802069008350372,-8.438900113105774e-05,0.04134046658873558,3.1643927097320557,0.8272659182548523
525,26.249999999998508,3.1950902938842773,0.8364726901054382,24.987041449938182,6.639976766502071,1.4742612481116413,22.209543531663194,7.999751290913682,1.5505144607625425,0.15996596217155457,-2.167336606362369e-05,0.041866835206747055,3.203547716140747,0.838200569152832
526,26.299999999998505,3.233445405960083,0.8465140461921692,24.999214605975823,6.801177992894379,1.5165869504212472,22.212791963806403,8.16160965435294,1.592900824954313,0.16189095377922058,3.4800545108737424e-05,0.042386364191770554,3.242192506790161,0.8489406108856201
527,26.349999999998502,3.2714405059814453,0.8564611077308655,25.00457804490505,6.964649557603747,1.559410005807788,22.20908664866413,8.325361831124725,1.6357999045751512,0.16379407048225403,8.504502329742536e-05,0.042899079620838165,3.280322551727295,0.8595020174980164
528,26.3999999999985,3.3090169429779053,0.8662986159324646,25.002878838082008,7.130078744575545,1.6027249366044087,22.19819483036023,8.490678155115589,1.679205158015293,0.16567468643188477,0.0001302286982536316,0.04340525344014168,3.3179705142974854,0.8699113726615906
529,26.449999999998496,3.3461170196533203,0.8760113716125488,24.99387801722536,7.297128911310402,1.6465255051850336,22.17989840911024,8.657206369389348,1.7231098350487173,0.16753022372722626,0.00017122403369285166,0.04390467703342438,3.3550925254821777,0.8801757097244263
530,26.499999999998494,3.382683515548706,0.8855844736099243,24.97735282235036,7.465439973731616,1.6908047288655272,22.153996120224928,8.82457222013285,1.76750689115147,0.1693582385778427,0.00020878315262962133,0.044397056102752686,3.391645669937134,0.8902977705001831
531,26.54999999999849,3.4186596870422363,0.8950030207633972,24.95309896454109,7.634629098362324,1.7355548799036946,22.120305948973375,8.99238007340044,1.812388849665922,0.17115619778633118,0.00024334453337360173,0.04488195851445198,3.42758846282959,0.9002752304077148
532,26.599999999998488,3.4539904594421387,0.9042525887489319,24.920932872526453,7.804291667718316,1.7807675093411386,22.078667076996474,9.160213890613134,1.8577477123938024,0.17292168736457825,0.0002754971501417458,0.04535886272788048,3.4628772735595703,0.9101018905639648
533,26.649999999998485,3.488621234893799,0.913318932056427,24.880693913344672,7.974002404919289,1.8264334559439575,22.02894216116459,9.32763828823751,1.9035748888156832,0.17465223371982574,0.0003056649293284863,0.04582717642188072,3.4974682331085205,0.9197679758071899
534,26.699999999998482,3.522498607635498,0.9221879839897156,24.83224655629671,8.14331675510806,1.8725428551434407,21.971018882315438,9.494199493964183,1.9498617697856844,0.17634519934654236,0.0003348928003106266,0.04628688097000122,3.5313093662261963,0.929287314414978
535,26.74999999999848,3.555570125579834,0.930846095085144,24.775482462331613,8.311772476633644,1.9190851598976952,21.9048152632961,9.659425993608318,1.996594974061054,0.17799602448940277,0.0003614164888858795,0.046733204275369644,3.5642709732055664,0.9384820461273193
536,26.799999999998477,3.587785243988037,0.9392799735069275,24.710322456427573,8.478891496001769,1.9660491585730389,21.83027818690334,9.82283393522285,2.0437634747825086,0.17960451543331146,0.0003862328885588795,0.04716850072145462,3.5963950157165527,0.9474599957466125
537,26.849999999998474,3.619093894958496,0.9474765658378601,24.636718396216416,8.644181908084258,2.013422986864929,21.747386548453917,9.983927127599317,2.0913554404280603,0.1811680793762207,0.00040910879033617675,0.04759196564555168,3.627629518508911,0.9562021493911743
538,26.89999999999847,3.6494481563568115,0.9554232358932495,24.554654862117932,8.807140259853893,2.061194148659589,21.656153551455134,10.142199650858052,2.1393578101299227,0.182684063911438,0.0004291303630452603,0.048002369701862335,3.657914161682129,0.9646714329719543
539,26.949999999998468,3.6788008213043213,0.9631077647209167,24.46415069983458,8.96725396188577,2.1093495368956323,21.556628859207656,10.297135330992965,2.187752926012081,0.18414676189422607,0.0004465755191631615,0.04839511588215828,3.6870696544647217,0.9726969003677368
540,26.999999999998465,3.707106828689575,0.9705182909965515,24.36526033497025,9.124003944519801,2.1578754514454572,21.44889475595902,10.448212583660316,2.236522813548845,0.18555526435375214,0.0004659902479033917,0.048769887536764145,3.7151038646698,0.9802771210670471
541,27.049999999998462,3.7343225479125977,0.9776433706283569,24.258074882184072,9.276867444132211,2.206757619976872,21.333073572659035,10.594912418583236,2.2856528472505033,0.186909481883049,0.00048337318003177643,0.04913003370165825,3.7420566082000732,0.9875578880310059
542,27.09999999999846,3.760406017303467,0.9844719767570496,24.14272300845544,9.425320943138223,2.2559812188147217,21.20932475144462,10.73671682037099,2.3351277236245096,0.18820735812187195,0.0004994668415747583,0.04947487637400627,3.767888307571411,0.9945231676101685
543,27.149999999998457,3.7853169441223145,0.9909936785697937,24.019371536718523,9.568843230374137,2.3055309027432087,21.077843553438885,10.873110436443536,2.3849310364923895,0.18944723904132843,0.0005172562086954713,0.04980331286787987,3.7925729751586914,1.001138687133789
544,27.199999999998454,3.8090169429779053,0.9971983432769775,23.888225766366027,9.706918566462068,2.3553908199070546,20.938866879636223,11.003587701642159,2.4350467186770857,0.19062672555446625,0.0005330097046680748,0.0501156821846962,3.816051721572876,1.0074288845062256
545,27.24999999999845,3.8314695358276367,1.003076434135437,23.74952950341391,9.839039916990044,2.4055446416138238,20.7926698112185,11.127653964471603,2.4854583006701887,0.1917438954114914,0.0005467712762765586,0.05041158199310303,3.838286876678467,1.0133867263793945
546,27.299999999998448,3.852640151977539,1.0086188316345215,23.603564789639492,9.964712224499241,2.455975583195547,20.63956471869603,11.244829121641848,2.5361488696537435,0.1927974969148636,0.0005585674080066383,0.05069056898355484,3.859259843826294,1.019003987312317
547,27.349999999998445,3.8724958896636963,1.0138170719146729,23.450651332806334,10.083455681512582,2.506666436791278,20.479900841658147,11.35465010773147,2.587101162632507,0.1937856525182724,0.0005687657976523042,0.05095229297876358,3.878929853439331,1.0242745876312256
548,27.399999999998442,3.8910064697265625,1.0186631679534912,23.291145587304097,10.194809010012719,2.5575995951889494,20.31406346500538,11.456674359354077,2.638297540356916,0.19470657408237457,0.0005774282035417855,0.0511963777244091,3.89725661277771,1.0291919708251953
549,27.44999999999844,3.9081432819366455,1.0231494903564453,23.125439558204516,10.298332653998747,2.6087570697067686,20.142473349514958,11.55048248430681,2.689721466263336,0.1955576390028,0.0005846954882144928,0.051423925906419754,3.9141626358032227,1.033807635307312
550,27.499999999998437,3.923879623413086,1.0272692441940308,22.953959287358874,10.393611892042548,2.6601205319164674,19.965583228637154,11.63568215516314,2.7413552303216875,0.19633835554122925,0.0005906958249397576,0.05163376405835152,3.929654836654663,1.038081169128418
551,27.549999999998434,3.9381914138793945,1.0310161113739014,22.777163004875824,10.480259844415487,2.7116713374851593,19.7838761684589,11.711910982299047,2.793180064519447,0.19704805314540863,0.0005954466760158539,0.05182483419775963,3.9437310695648193,1.0419772863388062
552,27.59999999999843,3.951056480407715,1.0343841314315796,22.595539019016186,10.557920306824629,2.7633905440567355,19.59786373813227,11.778839005647667,2.8451769400737703,0.19768567383289337,0.0005990881472826004,0.051996875554323196,3.9563703536987305,1.0454908609390259
553,27.64999999999843,3.9624552726745605,1.0373682975769043,22.409603295941483,10.626270412348239,2.8152589589355776,19.408083318226318,11.836167885260725,2.8973260943196237,0.1982494443655014,0.0006050009396858513,0.052149154245853424,3.967522382736206,1.048597812652588
554,27.699999999998425,3.972369909286499,1.039963960647583,22.219896823582047,10.685023057044452,2.8672571569679537,19.215095957819443,11.883639528921996,2.9496080216370046,0.19873929023742676,0.0006105281645432115,0.052281927317380905,3.9772017002105713,1.051313042640686
555,27.749999999998423,3.980785369873047,1.0421671867370605,22.02698268291538,10.733929103234459,2.919365516304804,19.019482293121193,11.921031607162513,3.0020030077896536,0.19915443658828735,0.0006194505840539932,0.052394986152648926,3.9853923320770264,1.053632378578186
556,27.79999999999842,3.9876883029937744,1.0439743995666504,21.831442963329035,10.77277929444959,2.9715642362831334,18.82184112737798,11.948167514152933,3.054491163452667,0.1994943469762802,0.0006271913880482316,0.05248815566301346,3.9920852184295654,1.0555517673492432
557,27.849999999998417,3.9930684566497803,1.0453828573226929,21.633875424478106,10.801405896149927,3.023833379149265,18.622784772619738,11.96491331186803,3.1070524353883684,0.19975848495960236,0.0006338749080896378,0.05256127193570137,3.9972708225250244,1.057068109512329
558,27.899999999998414,3.996917247772217,1.0463905334472656,21.434890073631884,10.819684006269842,3.0761529058216253,18.422935465463013,11.971178900742656,3.159666658600372,0.19994647800922394,0.0006396144744940102,0.05261422321200371,4.000941753387451,1.0581785440444946
559,27.94999999999841,3.9992289543151855,1.046995759010315,21.23510556398877,10.827532549687353,3.128502693772138,18.222921761311124,11.966918834601378,3.212313574960035,0.20005802810192108,0.0006445184699259698,0.05264691635966301,4.0030927658081055,1.0588809251785278
560,27.99999999999841,4.0,1.0471975803375244,21.035145542068552,10.824914927552012,3.180862572789011,18.02337475131348,11.952132805688025,3.2649728555581987,0.20009301602840424,0.0006486807251349092,0.052659280598163605,4.003720760345459,1.059173583984375
561,28.049999999998406,3.9992289543151855,1.046995759010315,20.835634944771876,10.81183932074242,3.233212360739524,17.824924389351803,11.926865776332422,3.317624141683382,0.20005135238170624,0.0006521851173602045,0.052651286125183105,4.002825736999512,1.0590556859970093
562,28.099999999998403,3.996917247772217,1.0463905334472656,20.637196246863134,10.788358640743047,3.285531887411884,17.62819564071928,11.891207738678697,3.370247082074684,0.19993315637111664,0.0006551116821356118,0.05262294039130211,4.00040864944458,1.058526873588562
563,28.1499999999984,3.9930684566497803,1.0453828573226929,20.440445767242448,10.754570129358948,3.337801030278016,17.433804844168524,11.845293147303078,3.4228213403723657,0.19973857700824738,0.0006575253210030496,0.05257425829768181,3.996474504470825,1.0575875043869019
564,28.199999999998397,3.9876883029937744,1.0439743995666504,20.245990034587038,10.710614613996185,3.3899997502563455,17.242355999307243,11.789299981170398,3.4753266621730745,0.19946794211864471,0.0006594840670004487,0.05250532180070877,3.9910292625427246,1.0562384128570557
565,28.249999999998394,3.980785369873047,1.0421671867370605,20.054422212932536,10.656675419252052,3.4421081095931956,17.05443727595218,11.723448500299822,3.5277428191504896,0.1991216391324997,0.0006610215059481561,0.052416156977415085,3.9840805530548096,1.0544791221618652
566,28.29999999999839,3.972369909286499,1.039963960647583,19.86631871449861,10.592976967223931,3.4941063076255716,16.870617553826857,11.64799963454154,3.5800497096381605,0.19870023429393768,0.0006621766951866448,0.0523068904876709,3.9756391048431396,1.0523117780685425
567,28.34999999999839,3.9624552726745605,1.0373682975769043,19.682235905639402,10.51978304997048,3.545974722504414,16.691443234175196,11.563253069487464,3.6322274778387964,0.1982043832540512,0.0006630007410421968,0.05217776820063591,3.9657204151153564,1.0497424602508545
568,28.399999999998386,3.951056480407715,1.0343841314315796,19.50270707339094,10.437394834474285,3.59769392907599,16.51743519643788,11.46954504919531,3.6842564579449117,0.19763489067554474,0.0006635148311033845,0.05202898010611534,3.9543395042419434,1.046774983406067
569,28.449999999998383,3.9381914138793945,1.0310161113739014,19.32823955542839,10.346148583448642,3.649244734644682,16.349086059842698,11.367245942247047,3.7361171890399874,0.1969926357269287,0.0006637349724769592,0.05186073109507561,3.941514492034912,1.0434131622314453
570,28.49999999999838,3.923879623413086,1.0272692441940308,19.159312168332555,10.246413161554136,3.7006081968543807,16.186857656794064,11.256757566822817,3.787790470977825,0.1962786167860031,0.0006636657053604722,0.0516732819378376,3.9272654056549072,1.0396620035171509
571,28.549999999998377,3.9081432819366455,1.0231494903564453,18.9963728578492,10.138587311020482,3.7517656713722,16.03117881400811,11.138510320433259,3.839257364382547,0.1954939216375351,0.0006633043522015214,0.051466893404722214,3.911613702774048,1.0355265140533447
572,28.599999999998374,3.8910064697265625,1.0186631679534912,18.83983666368555,10.023096763645185,3.8026988297698714,15.88244337738271,11.0129601085696,3.8904992688796938,0.19463978707790375,0.0006626412505283952,0.051241904497146606,3.8945846557617188,1.031013011932373
573,28.64999999999837,3.8724958896636963,1.0138170719146729,18.690083950339023,9.900391186308626,3.8533896833656023,15.741008623310515,10.880585180341075,3.9414978858433187,0.19371750950813293,0.0006616592290811241,0.050998616963624954,3.876204013824463,1.0261276960372925
574,28.69999999999837,3.852640151977539,1.0086188316345215,18.54745897519075,9.77094102985492,3.9038206249473255,15.607193918498082,10.741882826290535,3.992235304077667,0.19272851943969727,0.0006603315705433488,0.0507374182343483,3.8565008640289307,1.0208778381347656
575,28.749999999998366,3.8314695358276367,1.003076434135437,18.41226877654285,9.635234306323033,3.9539744466540947,15.48127972636611,10.59736600092178,4.042693999817175,0.1916743665933609,0.0006586242816410959,0.050458695739507675,3.835505247116089,1.0152711868286133
576,28.799999999998363,3.8090169429779053,0.9971983432769775,18.28478234042011,9.493773286526526,4.003834363817941,15.363506981877034,10.447560027545762,4.092856702616018,0.190556600689888,0.0006564580253325403,0.050162702798843384,3.8132472038269043,1.0093097686767578
577,28.84999999999836,3.7853169441223145,0.9909936785697937,18.16523011666809,9.347071213231567,4.053384047746428,15.254076691961199,10.29299908376826,4.14270672689895,0.18937699496746063,0.0006538115558214486,0.04985002428293228,3.7897629737854004,1.0030072927474976
578,28.899999999998357,3.760406017303467,0.9844719767570496,18.05380383383476,9.19564902320058,4.102607646584278,15.153149945621845,10.134222875899153,4.192227856477302,0.18813736736774445,0.0006506242207251489,0.049521129578351974,3.7650885581970215,0.996373176574707
579,28.949999999998354,3.7343225479125977,0.9776433706283569,17.950656613959712,9.040032115909694,4.151489815115693,15.060848198777702,9.97177334074323,4.2414043706260145,0.18683962523937225,0.0006468255305662751,0.04917651414871216,3.739262342453003,0.9894171357154846
580,28.99999999999835,3.707106828689575,0.9705182909965515,17.855903375827783,8.880747197658522,4.200015729665518,14.977258256917562,9.806189327531108,4.29022108133654,0.18548564612865448,0.0006472185486927629,0.04881671071052551,3.7123188972473145,0.982150137424469
581,29.04999999999835,3.6788008213043213,0.9631077647209167,17.76962151850821,8.718319238038116,4.248171117901561,14.902424898184606,9.638008003609054,4.338663337042135,0.18407762050628662,0.0006472435197792947,0.048442255705595016,3.6843039989471436,0.9745824337005615
582,29.099999999998346,3.6494481563568115,0.9554232358932495,17.691851861284203,8.553268553533417,4.29594227969622,14.83635578586458,9.46775961763213,4.386717048694891,0.1826176941394806,0.0006467748316936195,0.04805371165275574,3.655259370803833,0.96672523021698
583,29.149999999998343,3.619093894958496,0.9474765658378601,17.62259982536283,8.386108051240827,4.343316107988111,14.77902282808252,9.295964700467884,4.4343687270186365,0.18110810220241547,0.0006456997361965477,0.04765167832374573,3.625230073928833,0.9585905075073242
584,29.19999999999834,3.587785243988037,0.9392799735069275,17.561836817573553,8.21734060802864,4.390280106663455,14.730363742481261,9.123131471522024,4.48160548623423,0.1795511543750763,0.0006438959389925003,0.04723675921559334,3.5942609310150146,0.9501903653144836
585,29.249999999998337,3.555570125579834,0.930846095085144,17.509501835460174,8.047456700239895,4.436822411417709,14.690283812037281,8.949753458986773,4.528415077587169,0.1779492199420929,0.0006412309012375772,0.046809591352939606,3.562398672103882,0.9415375590324402
586,29.299999999998334,3.522498607635498,0.9221879839897156,17.465503216617233,7.876932164982672,4.482931810617192,14.658658186614808,8.776307821114523,4.574786854197782,0.1763041764497757,0.0006378453108482063,0.04637177661061287,3.5296688079833984,0.932682991027832
587,29.34999999999833,3.488621234893799,0.913318932056427,17.429720559033594,7.706226249521072,4.528597757220011,14.63533780622838,8.603253807451612,4.620711249520582,0.17461708188056946,0.0006375748780556023,0.04592439532279968,3.4960618019104004,0.9236568808555603
588,29.39999999999833,3.4539904594421387,0.9042525887489319,17.40200674135461,7.535779808591298,4.573810386657454,14.62014280928427,8.431029168055103,4.666178194095892,0.1728924810886383,0.0006358698010444641,0.04546694457530975,3.4617087841033936,0.9144251346588135
589,29.449999999998326,3.4186596870422363,0.8950030207633972,17.382190053203832,7.366013768457612,4.618560537695622,14.61286967072379,8.260049787791518,4.711178344895643,0.17113283276557922,0.0006329055759124458,0.04500015079975128,3.4266538619995117,0.9050029516220093
590,29.499999999998323,3.382683515548706,0.8855844736099243,17.37007639455624,7.197327802612246,4.662839761376116,14.613293151804248,8.090708316992194,4.755703081598085,0.1693408340215683,0.0006284915143623948,0.04452473670244217,3.3909497261047363,0.8954048752784729
591,29.54999999999832,3.3461170196533203,0.8760113716125488,17.365451525080722,7.030099265679786,4.706640329956741,14.621168672951857,7.9233732491237605,4.7997445065877855,0.16751913726329803,0.000622432678937912,0.04404142498970032,3.354649066925049,0.8856456875801086
592,29.599999999998317,3.3090169429779053,0.8662986159324646,17.368083335217257,6.864682287163725,4.749955260753362,14.636234703256342,7.758387988234004,4.843295485933822,0.16567058861255646,0.0006145313382148743,0.04355097934603691,3.3178067207336426,0.8757404088973999
593,29.649999999998315,3.2714405059814453,0.8564611077308655,17.377724126292858,6.701407138739009,4.792778316139903,14.65821514763538,7.59607040696963,4.886349604686302,0.16379795968532562,0.0006045870832167566,0.04305411875247955,3.28047776222229,0.8657036423683167
594,29.69999999999831,3.233445405960083,0.8465140461921692,17.3941128703777,6.540579808394872,4.835104018449509,14.686822858394233,7.436712445005943,4.928901178052229,0.16190432012081146,0.0005935337394475937,0.04255157336592674,3.242727041244507,0.8555489182472229
595,29.74999999999831,3.1950902938842773,0.8364726901054382,17.41697743610853,6.38248174832949,4.8769276529547785,14.72176023748812,7.280580120408449,4.970945195516151,0.15999245643615723,0.0005806252593174577,0.0420440174639225,3.2046074867248535,0.8452879786491394
596,29.799999999998306,3.1564345359802246,0.826352596282959,17.446036763952147,6.227369821990427,4.9182452827689245,14.762722995581415,7.127915467489512,5.012472954799932,0.15806366503238678,0.0005670961108990014,0.04152775928378105,3.166111946105957,0.8347578048706055
597,29.849999999998303,3.117537498474121,0.8161693811416626,17.481002968280986,6.075476461650147,4.959053751826005,14.809397882590178,6.978933250718083,5.05347944166283,0.15612156689167023,0.0005498569807969034,0.04100648686289787,3.1273248195648193,0.8240900039672852
598,29.8999999999983,3.0784590244293213,0.805938720703125,17.52158336007682,5.927009964273529,4.999350687861159,14.861467694522323,6.833823862835971,5.093960543384355,0.15416783094406128,0.0005288366228342056,0.04048110172152519,3.08825421333313,0.8133054375648499
599,29.949999999998298,3.039259910583496,0.7956763505935669,17.567482385516488,5.782154913299487,5.039134505390835,14.918612489990089,6.692751166293565,5.133912612905306,0.15220637619495392,0.0005023986450396478,0.03995206952095032,3.048995018005371,0.8024063110351562
600,29.999999999998295,3.0,0.7853981852531433,17.61840343693692,5.64107282660865,5.078404414653489,14.980517603577697,6.555857137424357,5.17332852374534,0.15023978054523468,0.0004759937583003193,0.039415910840034485,3.0095911026000977,0.7912382483482361
601,30.049999999998292,2.960740089416504,0.775119960308075,17.67405057866667,5.503902832165618,5.117160412668891,15.046867472159718,6.42325716830836,5.212206834217113,0.14827291667461395,0.0004461515636648983,0.03887831047177315,2.9701766967773438,0.7800124883651733
602,30.09999999999829,2.9215409755706787,0.7648576498031616,17.734130144992463,5.370762495098239,5.155403295159047,15.11734981992647,6.29504329229949,5.250547548045915,0.14630922675132751,0.00041172243072651327,0.03834071382880211,2.9308278560638428,0.7687709331512451
603,30.149999999998286,2.882462501525879,0.7546269297599792,17.79835219578405,5.241748777970456,5.193134641647044,15.191657843195605,6.171285810562043,5.288351473619741,0.14435185492038727,0.000372275710105896,0.037803925573825836,2.8916118144989014,0.7575299739837646
604,30.199999999998283,2.8435654640197754,0.7444437146186829,17.866431886748778,5.116938989811795,5.2303568273779755,15.26949378690299,6.052035667869955,5.325618059595627,0.14240407943725586,0.0003298856317996979,0.03726658597588539,2.852597713470459,0.7462197542190552
605,30.24999999999828,2.8049097061157227,0.7343236207962036,17.93809067538254,4.996391884204555,5.267073008417784,15.350566091545673,5.93732346958759,5.362348963727754,0.14046895503997803,0.00028228500741533935,0.03673090413212776,2.8138480186462402,0.7349124550819397
606,30.299999999998278,2.766554594039917,0.7242823243141174,18.01305740873476,4.880148782909769,5.303287124633488,15.434602305538295,5.827170638775581,5.3985420514247835,0.13854844868183136,0.00024241693608928472,0.036193087697029114,2.7753829956054688,0.7234411239624023
607,30.349999999998275,2.7285594940185547,0.7143352031707764,18.091069299852837,4.76823471517975,5.3390038847920245,15.521336871737596,5.721580950609431,5.4341958809993685,0.1366456151008606,0.0002075921802315861,0.03565382957458496,2.737265110015869,0.7118179798126221
608,30.399999999998272,2.6909830570220947,0.7044976949691772,18.171872764367187,4.660659611903551,5.374228769540482,15.6105120425817,5.620536298190747,5.469311950018209,0.13476721942424774,0.0001715987891657278,0.03511606901884079,2.6997058391571045,0.7001450061798096
609,30.44999999999827,2.6538829803466797,0.694784939289093,18.255224129855165,4.557419521085606,5.408968016504934,15.701886407257756,5.5240052033474205,5.50389006476621,0.13291917741298676,0.00013808497169520706,0.0345781147480011,2.662883996963501,0.6883396506309509
610,30.499999999998266,2.617316484451294,0.6852118968963623,18.34089024378386,4.4584978057697295,5.44322861134975,15.795215400219455,5.431941623748129,5.537929863890213,0.13109536468982697,9.4724447990302e-05,0.03403979912400246,2.626497745513916,0.6763800382614136
611,30.549999999998263,2.5813403129577637,0.6757932901382446,18.428648973381105,4.363866336307226,5.47701827585666,15.890269276537518,5.3442984267172395,5.571431291510862,0.1292925626039505,5.142167356098071e-05,0.03350142762064934,2.590362310409546,0.6642637252807617
612,30.59999999999826,2.5460095405578613,0.66654372215271,18.518289561376417,4.27348671170501,5.5103454619642935,15.98683053685259,5.261007111785697,5.604397573729557,0.12752066552639008,6.057322252672748e-07,0.03296628221869469,2.554816961288452,0.6521074771881104
613,30.649999999998258,2.511378765106201,0.6574774384498596,18.609612921848072,4.187311412755195,5.543219333886785,16.084690286347115,5.181990360709368,5.636831672152084,0.12577827274799347,-6.021894660079852e-05,0.03243409842252731,2.519751787185669,0.6398864388465881
614,30.699999999998255,2.477501392364502,0.648608386516571,18.702431819534244,4.10528495210322,5.575649753212612,16.183658929383824,5.107153578877702,5.668745321442884,0.12407787144184113,-0.0001343052863376215,0.031913649290800095,2.4856133460998535,0.6279376745223999
615,30.749999999998252,2.444429874420166,0.6399502158164978,18.79657097148671,4.027344980833322,5.607647264003435,16.283559488359387,5.036398377465668,5.700144184043211,0.1224188357591629,-0.00022104718664195389,0.03139886260032654,2.4523236751556396,0.616004228591919
616,30.79999999999825,2.412214756011963,0.6315163373947144,18.891867032564637,3.9534233858298755,5.639223080873169,16.384223281312746,4.969616301526568,5.731038109620613,0.12080123275518417,-0.0003271747555118054,0.030893925577402115,2.4198343753814697,0.6042406558990479
617,30.849999999998246,2.380906105041504,0.6233197450637817,18.9881685623449,3.8834472971163114,5.670389068126356,16.48550726628509,4.906702069334947,5.761431097274226,0.11923276633024216,-0.0004400651960168034,0.03039298765361309,2.388404369354248,0.5923997163772583
618,30.899999999998244,2.3505518436431885,0.6153730750083923,19.085335860140635,3.817340100258896,5.701157721876774,16.587291412901635,4.847582731259181,5.791389589419168,0.11770655959844589,-0.0005238935700617731,0.029958492144942284,2.357710361480713,0.5829666256904602
619,30.94999999999824,2.3211991786956787,0.6076885461807251,19.183240796540556,3.755022356173412,5.731542149185808,16.689442555664925,4.792133533431455,5.820922165398997,0.11622847616672516,-0.0006409645429812372,0.029532575979828835,2.327939748764038,0.5736144781112671
620,30.999999999998238,2.292893171310425,0.6002780199050903,19.281766532374398,3.696412711258462,5.761556050181061,16.79184539139468,4.740229415022271,5.850037706305784,0.11480312794446945,-0.0007874563452787697,0.02911554090678692,2.299232006072998,0.5643435716629028
621,31.049999999998235,2.2656774520874023,0.5931529998779297,19.38080721824843,3.6414287344044056,5.791213700174955,16.89441458169721,4.691757971385815,5.87874795797984,0.11344174295663834,-0.0009437173721380532,0.028710251674056053,2.2719922065734863,0.5552570223808289
622,31.099999999998232,2.239593982696533,0.5863243341445923,19.480267641166638,3.5899877075797866,5.820529916882183,16.997085009196628,4.646619353513286,5.907084114139479,0.11214949935674667,-0.0010960384970530868,0.02833615615963936,2.2463858127593994,0.5471218228340149
623,31.14999999999823,2.2146830558776855,0.5798026919364929,19.580062833740516,3.5420073639248226,5.849520051479006,17.099798349855398,4.604727668337929,5.935053597425622,0.110920749604702,-0.0012373129138723016,0.02796948328614235,2.222146987915039,0.5389766097068787
624,31.199999999998226,2.1909830570220947,0.5735980272293091,19.6801176401611,3.497406578969376,5.87819995284047,17.202510122441137,4.566018459128778,5.962667654489678,0.10975561290979385,-0.001347790821455419,0.027614057064056396,2.1992413997650146,0.5309643149375916
625,31.249999999998224,2.1685304641723633,0.5677199363708496,19.780366253650236,3.456106009384843,5.906585949659011,17.305197809242,4.530473865568492,5.989915066619915,0.10865665972232819,-0.0013818284496665,0.027247412130236626,2.1777358055114746,0.5221764445304871
626,31.29999999999822,2.147359848022461,0.5621774792671204,19.880751730046402,3.418028681257889,5.934694823622365,17.407825235531178,4.49806688563222,6.016770583798689,0.1076139584183693,-0.001355333486571908,0.02685551717877388,2.157198429107666,0.5120431184768677
627,31.349999999998218,2.1275041103363037,0.556979238986969,19.981225492604505,3.3831005254523823,5.962543785571712,17.510379095129597,4.468753017897231,6.043249191006225,0.10665345191955566,-0.0012799038086086512,0.026478607207536697,2.1386337280273438,0.5021649599075317
628,31.399999999998215,2.1089935302734375,0.5521332025527954,20.08174677530133,3.351250881738994,5.99015044569935,17.612854307711704,4.442534487628735,6.06938009638111,0.10577020794153214,-0.0011151839280501008,0.026130905374884605,2.121814727783203,0.4931029975414276
629,31.449999999998212,2.0918567180633545,0.5476468205451965,20.182282096970514,3.322412939779423,6.017532786726608,17.715204888579237,4.419376350381814,6.095183213462633,0.10493381321430206,-0.0009140946203842759,0.02580311708152294,2.1054956912994385,0.48447784781455994
630,31.49999999999821,2.076120376586914,0.5435270667076111,20.282804713814226,3.2965241417797255,6.044709140061987,17.817401742139285,4.399236768443639,6.120685064455074,0.1041601225733757,-0.0006844733143225312,0.025501850992441177,2.0902841091156006,0.47654691338539124
631,31.549999999998207,2.0618085861206055,0.5397802591323853,20.38329402864368,3.2735265520867287,6.0716981530186045,17.91941290255421,4.382032212141377,6.145932994072837,0.103450708091259,-0.00047392211854457855,0.025247929617762566,2.0762197971343994,0.4701368510723114
632,31.599999999998204,2.048943519592285,0.5364121794700623,20.4837350276586,3.2533671759665928,6.098518761992106,18.021178976906327,4.367694384740852,6.170947564055723,0.10277076065540314,-0.0002791736333165318,0.025014569982886314,2.06188702583313,0.4641706049442291
633,31.6499999999982,2.0375447273254395,0.5334279537200928,20.584117677343837,3.2359982474451874,6.125190159678109,18.1226827198837,4.356181501530861,6.195742446219128,0.10215454548597336,-7.179677777457982e-05,0.02479488216340542,2.0486369132995605,0.45836734771728516
634,31.699999999998198,2.027630090713501,0.5308322906494141,20.684436364464368,3.2213774707721856,6.151731774210578,18.223921499800703,4.347442749643886,6.220352041756314,0.10161514580249786,0.00013596750795841217,0.02460959553718567,2.036975622177124,0.4535515606403351
635,31.749999999998195,2.019214630126953,0.5286291837692261,20.7846892749144,3.209468237330095,6.178163233399038,18.324916357614246,4.341422650046034,6.24480762261669,0.10117357224225998,0.00033344217808917165,0.024455580860376358,2.0277278423309326,0.44959399104118347
636,31.799999999998192,2.0123116970062256,0.5268219709396362,20.88487782963443,3.2002397987016615,6.204504331946019,18.42566125899806,4.338063282360355,6.269135509838861,0.10079961270093918,0.0005085129523649812,0.02432788722217083,2.0196726322174072,0.44629353284835815
637,31.84999999999819,2.0069315433502197,0.525413453578949,20.985006048574714,3.19366741576505,6.230775004624965,18.52616027556356,4.337313614278561,6.293364768137735,0.10049962997436523,0.0006623502704314888,0.0242292582988739,2.0130534172058105,0.4437568485736847
638,31.899999999998187,2.003082752227783,0.524405837059021,21.085079985217693,3.189732468326823,6.256995296477914,18.626425142196815,4.339129275333299,6.317528303002518,0.10027815401554108,0.000794942316133529,0.024163534864783287,2.0080432891845703,0.4421355426311493
639,31.949999999998184,2.0007710456848145,0.5238006114959717,21.1851071015512,3.1884225388211846,6.283185327052712,18.726474283913753,4.343466820370395,6.341653482278389,0.1001390814781189,0.0008996754768304527,0.024125179275870323,2.0047922134399414,0.44120657444000244
