timestamp,state,segment,cmd_ideal_v,cmd_ideal_omega,vn_body_vx,vn_body_vy,vn_body_vz,odom_pose_x,odom_pose_y,odom_pose_z,odom_qx,odom_qy,odom_qz,odom_qw,odom_linear_x,odom_linear_y,odom_linear_z,odom_angular_x,odom_angular_y,odom_omega_z,controller_controller_state,controller_base_v,controller_base_omega,controller_applied_v,controller_applied_omega,controller_model_corrected_v,controller_model_corrected_omega,controller_delta_v,controller_delta_omega,controller_a_v,controller_a_omega,controller_b_v,controller_b_omega,controller_used_model_estimate,controller_used_model_applied,controller_history_len,controller_history_ready,controller_history_span_sec,controller_latest_meas_v,controller_latest_meas_omega,controller_right_rpm,controller_left_rpm,controller_can_right_rpm,controller_can_left_rpm,velocity_timestamp,odom_timestamp,can_timestamp,can_id,can_dlc,can_data_hex,can_right_rpm,can_left_rpm,debug_timestamp,valid_cmd,valid_velocity_body,valid_odom,valid_can,valid_debug,controller_node_time_sec
0.0017359256744384766,1,forward_2mps,2.0,0.0,,,,,,,,,,,,,,,,,1.0,2.0,0.0,2.0,0.0,1.9150049823777244,0.15610768669183106,-0.08499501762227557,0.15610768669183106,0.9915010929107666,0.8172491192817688,0.10127046704292297,-0.12757886946201324,1.0,0.0,20.0,1.0,1.2445456981658936,0.08523471653461456,-0.0006390518443438594,226.4465016188093,225.51318585637807,226.0,226.0,,,0.042409658432006836,528,8,0000000000000000,0,0,0.06229114532470703,1,0,0,1,1,1779092722.1463392
0.05173592567443848,1,forward_2mps,2.0,0.0,0.08572740107774734,0.036533694714307785,0.17531827092170715,21.844733531693592,20.75024026928783,0.0,0.0,0.0,0.8472023572029653,0.5312703322694946,-0.0,0.0,0.0,0.0,0.0,-0.011274970953396348,1.0,2.0,0.0,2.0,0.0,1.9150049823777244,0.15610768669183106,-0.08499501762227557,0.15610768669183106,0.9915010929107666,0.8172491192817688,0.10127046704292297,-0.12757886946201324,1.0,0.0,20.0,1.0,1.2445456981658936,0.08523471653461456,-0.0006390518443438594,226.4465016188093,225.51318585637807,226.0,226.0,0.10243892669677734,0.1227259635925293,0.042409658432006836,528,8,0000000000000000,0,0,0.06229114532470703,1,1,1,1,1,1779092722.1463392
0.10173592567443848,1,forward_2mps,2.0,0.0,0.08572740107774734,0.036533694714307785,0.17531827092170715,21.844733531693592,20.75024026928783,0.0,0.0,0.0,0.8472023572029653,0.5312703322694946,-0.0,0.0,0.0,0.0,0.0,-0.011274970953396348,1.0,2.0,0.0,2.0,0.0,1.9150049823777244,0.15610768669183106,-0.08499501762227557,0.15610768669183106,0.9915010929107666,0.8172491192817688,0.10127046704292297,-0.12757886946201324,1.0,0.0,20.0,1.0,1.2445456981658936,0.08523471653461456,-0.0006390518443438594,226.4465016188093,225.51318585637807,226.0,226.0,0.10243892669677734,0.1227259635925293,0.1423194408416748,528,8,e2000000e2000000,226,226,0.06229114532470703,1,1,1,1,1,1779092722.1463392
0.1517359256744385,1,forward_2mps,2.0,0.0,0.08572740107774734,0.036533694714307785,0.17531827092170715,21.844733531693592,20.75024026928783,0.0,0.0,0.0,0.8472023572029653,0.5312703322694946,-0.0,0.0,0.0,0.0,0.0,-0.011274970953396348,1.0,2.0,0.0,2.0,0.0,1.9150049823777244,0.15610768669183106,-0.08499501762227557,0.15610768669183106,0.9915010929107666,0.8172491192817688,0.10127046704292297,-0.12757886946201324,1.0,0.0,20.0,1.0,1.2445456981658936,0.08523471653461456,-0.0006390518443438594,226.4465016188093,225.51318585637807,226.0,226.0,0.10243892669677734,0.1227259635925293,0.1423194408416748,528,8,e2000000e2000000,226,226,0.1622319221496582,1,1,1,1,1,1779092722.1652663
0.2017359256744385,1,forward_2mps,2.0,0.0,0.08621957153081894,0.036815568804740906,0.17550146579742432,21.844733531693592,20.75024026928783,0.0,0.0,0.0,0.847823865100451,0.5302779401088944,-0.0,0.0,0.0,0.0,0.0,0.07390979900291274,1.0,2.0,0.0,2.0,0.0,1.9150049823777244,0.15610768669183106,-0.08499501762227557,0.15610768669183106,0.9915010929107666,0.8172491192817688,0.10127046704292297,-0.12757886946201324,1.0,0.0,20.0,1.0,1.2445456981658936,0.08523471653461456,-0.0006390518443438594,226.4465016188093,225.51318585637807,226.0,226.0,0.20276975631713867,0.22235989570617676,0.24231815338134766,528,8,e2000000e2000000,226,226,0.1622319221496582,1,1,1,1,1,1779092722.1652663
0.2517359256744385,1,forward_2mps,2.0,0.0,0.08621957153081894,0.036815568804740906,0.17550146579742432,21.844733531693592,20.75024026928783,0.0,0.0,0.0,0.847823865100451,0.5302779401088944,-0.0,0.0,0.0,0.0,0.0,0.07390979900291274,1.0,2.0,0.0,2.0,0.0,1.9150049823777244,0.15610768669183106,-0.08499501762227557,0.15610768669183106,0.9915010929107666,0.8172491192817688,0.10127046704292297,-0.12757886946201324,1.0,0.0,20.0,1.0,1.2445456981658936,0.08523471653461456,-0.0006390518443438594,226.4465016188093,225.51318585637807,226.0,226.0,0.20276975631713867,0.22235989570617676,0.24231815338134766,528,8,e2000000e2000000,226,226,0.26235055923461914,1,1,1,1,1,1779092722.185352
0.30173592567443847,1,forward_2mps,2.0,0.0,0.1597634255886078,0.03670017048716545,0.17671014368534088,21.844080574304108,20.751580076074845,0.0,0.0,0.0,0.8479665913519289,0.5300496768709427,-0.06409168497193225,0.1315100738573708,0.0,0.0,0.0,0.0393423248883404,1.0,2.0,0.0,2.0,0.0,1.9150049823777244,0.15610768669183106,-0.08499501762227557,0.15610768669183106,0.9915010929107666,0.8172491192817688,0.10127046704292297,-0.12757886946201324,1.0,0.0,20.0,1.0,1.2445456981658936,0.08523471653461456,-0.0006390518443438594,226.4465016188093,225.51318585637807,226.0,226.0,0.3024780750274658,0.32239365577697754,0.3422529697418213,528,8,e2000000e2000000,226,226,0.26235055923461914,1,1,1,1,1,1779092722.185352
0.35173592567443845,1,forward_2mps,2.0,0.0,0.1597634255886078,0.03670017048716545,0.17671014368534088,21.844080574304108,20.751580076074845,0.0,0.0,0.0,0.8479665913519289,0.5300496768709427,-0.06409168497193225,0.1315100738573708,0.0,0.0,0.0,0.0393423248883404,1.0,2.0,0.0,2.0,0.0,2.4945469466938244,0.13017724173605075,0.4945469466938244,0.13017724173605075,0.8652563095092773,0.7457586526870728,-0.15842248499393463,-0.09708080440759659,1.0,0.0,20.0,1.0,1.2440762519836426,0.08572740107774734,-0.0006390518443438594,226.4465016188093,225.51318585637807,226.0,226.0,0.3024780750274658,0.32239365577697754,0.3422529697418213,528,8,e2000000e2000000,226,226,0.36217379570007324,1,1,1,1,1,1779092722.2058134
0.40173592567443844,1,forward_2mps,2.0,0.0,0.20034955441951752,0.026319462805986404,0.16603444516658783,21.842144353528145,20.755548653840105,0.0,0.0,0.0,0.8480813197501341,0.529866091659837,-0.10205462131175146,0.20917640488522615,0.0,0.0,0.0,0.007847476312788027,1.0,2.0,0.0,2.0,0.0,2.4945469466938244,0.13017724173605075,0.4945469466938244,0.13017724173605075,0.8652563095092773,0.7457586526870728,-0.15842248499393463,-0.09708080440759659,1.0,0.0,20.0,1.0,1.2440762519836426,0.08572740107774734,-0.0006390518443438594,226.4465016188093,225.51318585637807,226.0,226.0,0.40253639221191406,0.4225010871887207,0.44222211837768555,528,8,e2000000e2000000,226,226,0.36217379570007324,1,1,1,1,1,1779092722.2058134
0.45173592567443843,1,forward_2mps,2.0,0.0,0.20034955441951752,0.026319462805986404,0.16603444516658783,21.842144353528145,20.755548653840105,0.0,0.0,0.0,0.8480813197501341,0.529866091659837,-0.10205462131175146,0.20917640488522615,0.0,0.0,0.0,0.007847476312788027,1.0,2.0,0.0,2.0,0.0,2.4945469466938244,0.13017724173605075,0.4945469466938244,0.13017724173605075,0.8652563095092773,0.7457586526870728,-0.15842248499393463,-0.09708080440759659,1.0,0.0,20.0,1.0,1.2440762519836426,0.08572740107774734,-0.011274970953396348,226.4465016188093,225.51318585637807,226.0,226.0,0.40253639221191406,0.4225010871887207,0.44222211837768555,528,8,e2000000e2000000,226,226,0.4622669219970703,1,1,1,1,1,1779092722.2254872
0.5017359256744385,1,forward_2mps,2.0,0.0,0.39208483695983887,0.05209798365831375,0.16772215068340302,21.812356536766504,20.817098386075774,0.0,0.0,0.0,0.8465414679443398,0.5323227808864113,-0.3659049384574311,0.7611461148588575,0.0,0.0,0.0,-0.024279768551556224,1.0,2.0,0.0,2.0,0.0,2.4945469466938244,0.13017724173605075,0.4945469466938244,0.13017724173605075,0.8652563095092773,0.7457586526870728,-0.15842248499393463,-0.09708080440759659,1.0,0.0,20.0,1.0,1.2440762519836426,0.08572740107774734,-0.011274970953396348,226.4465016188093,225.51318585637807,226.0,226.0,0.5024902820587158,0.5225841999053955,0.5423374176025391,528,8,e2000000e2000000,226,226,0.4622669219970703,1,1,1,1,1,1779092722.2254872
0.5517359256744385,1,forward_2mps,2.0,0.0,0.39208483695983887,0.05209798365831375,0.16772215068340302,21.812356536766504,20.817098386075774,0.0,0.0,0.0,0.8465414679443398,0.5323227808864113,-0.3659049384574311,0.7611461148588575,0.0,0.0,0.0,-0.024279768551556224,1.0,2.0,0.0,2.0,0.0,2.4945469466938244,0.13017724173605075,0.4945469466938244,0.13017724173605075,0.8652563095092773,0.7457586526870728,-0.15842248499393463,-0.09708080440759659,1.0,0.0,20.0,1.0,1.2440762519836426,0.08621957153081894,-0.011274970953396348,226.4465016188093,225.51318585637807,226.0,226.0,0.5024902820587158,0.5225841999053955,0.5423374176025391,528,8,e2000000e2000000,226,226,0.562147855758667,1,1,1,1,1,1779092722.2452555
0.6017359256744386,1,forward_2mps,2.0,0.0,0.5904948115348816,0.0480550192296505,0.18369300663471222,21.762438674017098,20.920308617931063,0.0,0.0,0.0,0.8479960209778146,0.5300025928293123,-0.489538932143419,1.0042043888525847,0.0,0.0,0.0,0.0370610441299903,1.0,2.0,0.0,2.0,0.0,2.4945469466938244,0.13017724173605075,0.4945469466938244,0.13017724173605075,0.8652563095092773,0.7457586526870728,-0.15842248499393463,-0.09708080440759659,1.0,0.0,20.0,1.0,1.2440762519836426,0.08621957153081894,-0.011274970953396348,226.4465016188093,225.51318585637807,226.0,226.0,0.602543830871582,0.6223814487457275,0.6422097682952881,528,8,e2000000e2000000,226,226,0.562147855758667,1,1,1,1,1,1779092722.2452555
0.6517359256744386,1,forward_2mps,2.0,0.0,0.5904948115348816,0.0480550192296505,0.18369300663471222,21.762438674017098,20.920308617931063,0.0,0.0,0.0,0.8479960209778146,0.5300025928293123,-0.489538932143419,1.0042043888525847,0.0,0.0,0.0,0.0370610441299903,1.0,2.0,0.0,2.0,0.0,2.607491405481224,0.1345247901761944,0.6074914054812242,0.1345247901761944,0.8457641005516052,0.7491209506988525,-0.20532262325286865,-0.1007753387093544,1.0,0.0,20.0,1.0,1.2443537712097168,0.08621957153081894,-0.011274970953396348,226.4465016188093,225.51318585637807,226.0,226.0,0.602543830871582,0.6223814487457275,0.6422097682952881,528,8,e2000000e2000000,226,226,0.6622457504272461,1,1,1,1,1,1779092722.2666326
0.7017359256744387,1,forward_2mps,2.0,0.0,0.7904735803604126,0.044445767998695374,0.18136291205883026,21.725349919276642,20.99641557053773,0.0,0.0,0.0,0.8477536375721662,0.530390205398969,-0.5642404177869332,1.1601333514676864,0.0,0.0,0.0,-0.028533629677984333,1.0,2.0,0.0,2.0,0.0,2.607491405481224,0.1345247901761944,0.6074914054812242,0.1345247901761944,0.8457641005516052,0.7491209506988525,-0.20532262325286865,-0.1007753387093544,1.0,0.0,20.0,1.0,1.2443537712097168,0.08621957153081894,-0.011274970953396348,226.4465016188093,225.51318585637807,226.0,226.0,0.7024140357971191,0.722367525100708,0.7423017024993896,528,8,e2000000e2000000,226,226,0.6622457504272461,1,1,1,1,1,1779092722.2666326
0.7517359256744387,1,forward_2mps,2.0,0.0,0.7904735803604126,0.044445767998695374,0.18136291205883026,21.725349919276642,20.99641557053773,0.0,0.0,0.0,0.8477536375721662,0.530390205398969,-0.5642404177869332,1.1601333514676864,0.0,0.0,0.0,-0.028533629677984333,1.0,2.0,0.0,2.0,0.0,2.607491405481224,0.1345247901761944,0.6074914054812242,0.1345247901761944,0.8457641005516052,0.7491209506988525,-0.20532262325286865,-0.1007753387093544,1.0,0.0,20.0,1.0,1.2443537712097168,0.08621957153081894,-0.011274970953396348,226.4465016188093,225.51318585637807,226.0,226.0,0.7024140357971191,0.722367525100708,0.7423017024993896,528,8,e2000000e2000000,226,226,0.7622330188751221,1,1,1,1,1,1779092722.2853022
0.8017359256744387,1,forward_2mps,2.0,0.0,0.9644472599029541,0.047640036791563034,0.18964530527591705,21.692839334165264,21.063405703055018,0.0,0.0,0.0,0.8473978813356554,0.5309584077004926,-0.6061909672943281,1.250648270633683,0.0,0.0,0.0,-0.006066621654650711,1.0,2.0,0.0,2.0,0.0,2.607491405481224,0.1345247901761944,0.6074914054812242,0.1345247901761944,0.8457641005516052,0.7491209506988525,-0.20532262325286865,-0.1007753387093544,1.0,0.0,20.0,1.0,1.2443537712097168,0.08621957153081894,-0.011274970953396348,226.4465016188093,225.51318585637807,226.0,226.0,0.8026120662689209,0.822493314743042,0.8423118591308594,528,8,e2000000e2000000,226,226,0.7622330188751221,1,1,1,1,1,1779092722.2853022
0.8517359256744388,1,forward_2mps,2.0,0.0,0.9644472599029541,0.047640036791563034,0.18964530527591705,21.692839334165264,21.063405703055018,0.0,0.0,0.0,0.8473978813356554,0.5309584077004926,-0.6061909672943281,1.250648270633683,0.0,0.0,0.0,-0.006066621654650711,1.0,2.0,0.0,2.0,0.0,2.607491405481224,0.1345247901761944,0.6074914054812242,0.1345247901761944,0.8457641005516052,0.7491209506988525,-0.20532262325286865,-0.1007753387093544,1.0,0.0,20.0,1.0,1.2443537712097168,0.1597634255886078,-0.011274970953396348,226.4465016188093,225.51318585637807,226.0,226.0,0.8026120662689209,0.822493314743042,0.8423118591308594,528,8,e2000000e2000000,226,226,0.8622593879699707,1,1,1,1,1,1779092722.3052773
0.9017359256744388,1,forward_2mps,2.0,0.0,1.1181706190109253,0.05268532782793045,0.20059849321842194,21.663754961462676,21.123400871848503,0.0,0.0,0.0,0.8474789610020351,0.5308289843809502,-0.6472046249574844,1.3342261290846598,0.0,0.0,0.0,0.018275830742927334,1.0,2.0,0.0,2.0,0.0,2.607491405481224,0.1345247901761944,0.6074914054812242,0.1345247901761944,0.8457641005516052,0.7491209506988525,-0.20532262325286865,-0.1007753387093544,1.0,0.0,20.0,1.0,1.2443537712097168,0.1597634255886078,-0.011274970953396348,226.4465016188093,225.51318585637807,226.0,226.0,0.9024631977081299,0.9224095344543457,0.9422576427459717,528,8,e2000000e2000000,226,226,0.8622593879699707,1,1,1,1,1,1779092722.3052773
0.9517359256744389,1,forward_2mps,2.0,0.0,1.1181706190109253,0.05268532782793045,0.20059849321842194,21.663754961462676,21.123400871848503,0.0,0.0,0.0,0.8474789610020351,0.5308289843809502,-0.6472046249574844,1.3342261290846598,0.0,0.0,0.0,0.018275830742927334,1.0,2.0,0.0,2.0,0.0,2.6516171080772764,0.13244050926654977,0.6516171080772764,0.13244050926654977,0.8388065099716187,0.7588978409767151,-0.22419369220733643,-0.10050881654024124,1.0,0.0,20.0,1.0,1.2438061237335205,0.1597634255886078,-0.011274970953396348,226.4465016188093,225.51318585637807,226.0,226.0,0.9024631977081299,0.9224095344543457,0.9422576427459717,528,8,e2000000e2000000,226,226,0.9621853828430176,1,1,1,1,1,1779092722.3257537
1.001735925674439,1,forward_2mps,2.0,0.0,1.2496362924575806,0.052103180438280106,0.18629659712314606,21.61508553144214,21.22325533125628,0.0,0.0,0.0,0.8483947302664944,0.5293641295517124,-0.6898085708318709,1.4096311867843518,0.0,0.0,0.0,0.02647556715677096,1.0,2.0,0.0,2.0,0.0,2.6516171080772764,0.13244050926654977,0.6516171080772764,0.13244050926654977,0.8388065099716187,0.7588978409767151,-0.22419369220733643,-0.10050881654024124,1.0,0.0,20.0,1.0,1.2438061237335205,0.1597634255886078,-0.011274970953396348,226.4465016188093,225.51318585637807,226.0,226.0,1.0025627613067627,1.022449254989624,1.0422813892364502,528,8,e2000000e2000000,226,226,0.9621853828430176,1,1,1,1,1,1779092722.3257537
1.051735925674439,1,forward_2mps,2.0,0.0,1.2496362924575806,0.052103180438280106,0.18629659712314606,21.61508553144214,21.22325533125628,0.0,0.0,0.0,0.8483947302664944,0.5293641295517124,-0.6898085708318709,1.4096311867843518,0.0,0.0,0.0,0.02647556715677096,1.0,2.0,0.0,2.0,0.0,2.6516171080772764,0.13244050926654977,0.6516171080772764,0.13244050926654977,0.8388065099716187,0.7588978409767151,-0.22419369220733643,-0.10050881654024124,1.0,0.0,20.0,1.0,1.2438061237335205,0.20034955441951752,0.0393423248883404,226.4465016188093,225.51318585637807,226.0,226.0,1.0025627613067627,1.022449254989624,1.0422813892364502,528,8,e2000000e2000000,226,226,1.062274694442749,1,1,1,1,1,1779092722.3452945
1.101735925674439,1,forward_2mps,2.0,0.0,1.367968201637268,0.05230163782835007,0.19404828548431396,21.57380066940801,21.307410749511043,0.0,0.0,0.0,0.8487570086834163,0.5287830748149748,-0.726911526357882,1.4803132449918743,0.0,0.0,0.0,0.004935772158491902,1.0,2.0,0.0,2.0,0.0,2.6516171080772764,0.13244050926654977,0.6516171080772764,0.13244050926654977,0.8388065099716187,0.7588978409767151,-0.22419369220733643,-0.10050881654024124,1.0,0.0,20.0,1.0,1.2438061237335205,0.20034955441951752,0.0393423248883404,226.4465016188093,225.51318585637807,226.0,226.0,1.1024956703186035,1.1225857734680176,1.1423907279968262,528,8,e2000000e2000000,226,226,1.062274694442749,1,1,1,1,1,1779092722.3452945
1.151735925674439,1,forward_2mps,2.0,0.0,1.367968201637268,0.05230163782835007,0.19404828548431396,21.57380066940801,21.307410749511043,0.0,0.0,0.0,0.8487570086834163,0.5287830748149748,-0.726911526357882,1.4803132449918743,0.0,0.0,0.0,0.004935772158491902,1.0,2.0,0.0,2.0,0.0,2.6516171080772764,0.13244050926654977,0.6516171080772764,0.13244050926654977,0.8388065099716187,0.7588978409767151,-0.22419369220733643,-0.10050881654024124,1.0,0.0,20.0,1.0,1.2438061237335205,0.20034955441951752,-0.010258814510177496,226.4465016188093,225.51318585637807,226.0,226.0,1.1024956703186035,1.1225857734680176,1.1423907279968262,528,8,e2000000e2000000,226,226,1.162428379058838,1,1,1,1,1,1779092722.365163
1.201735925674439,1,forward_2mps,2.0,0.0,1.4545209407806396,0.04768017306923866,0.18066038191318512,21.495934822916006,21.46607100360481,0.0,0.0,0.0,0.8487314258106287,0.5288241360239312,-0.7677955337205171,1.563953612615393,0.0,0.0,0.0,-0.007799953775740496,1.0,2.0,0.0,2.0,0.0,2.6516171080772764,0.13244050926654977,0.6516171080772764,0.13244050926654977,0.8388065099716187,0.7588978409767151,-0.22419369220733643,-0.10050881654024124,1.0,0.0,20.0,1.0,1.2438061237335205,0.20034955441951752,-0.010258814510177496,226.4465016188093,225.51318585637807,226.0,226.0,1.2026393413543701,1.2227137088775635,1.2422122955322266,528,8,e2000000e2000000,226,226,1.162428379058838,1,1,1,1,1,1779092722.365163
1.2517359256744391,1,forward_2mps,2.0,0.0,1.4545209407806396,0.04768017306923866,0.18066038191318512,21.495934822916006,21.46607100360481,0.0,0.0,0.0,0.8487314258106287,0.5288241360239312,-0.7677955337205171,1.563953612615393,0.0,0.0,0.0,-0.007799953775740496,1.0,2.0,0.0,2.0,0.0,2.676024415080057,0.12620646567291555,0.676024415080057,0.12620646567291555,0.835111677646637,0.7693923711776733,-0.2347792387008667,-0.09710229188203812,1.0,0.0,20.0,1.0,1.2419886589050293,0.39208483695983887,-0.0752740762159465,226.4465016188093,225.51318585637807,226.0,226.0,1.2026393413543701,1.2227137088775635,1.2422122955322266,528,8,e2000000e2000000,226,226,1.262251377105713,1,1,1,1,1,1779092722.4053223
1.3017359256744392,1,forward_2mps,2.0,0.0,1.5503931045532227,0.06362800300121307,0.1777995228767395,21.428932554469558,21.602231449797237,0.0,0.0,0.0,0.849362027878446,0.5278107100071142,-0.7950848972423805,1.6098144765357858,0.0,0.0,0.0,0.05704861486377604,1.0,2.0,0.0,2.0,0.0,2.676024415080057,0.12620646567291555,0.676024415080057,0.12620646567291555,0.835111677646637,0.7693923711776733,-0.2347792387008667,-0.09710229188203812,1.0,0.0,20.0,1.0,1.2419886589050293,0.39208483695983887,-0.0752740762159465,226.4465016188093,225.51318585637807,226.0,226.0,1.3024647235870361,1.3223776817321777,1.3422884941101074,528,8,e2000000e2000000,226,226,1.262251377105713,1,1,1,1,1,1779092722.4053223
1.3517359256744392,1,forward_2mps,2.0,0.0,1.5503931045532227,0.06362800300121307,0.1777995228767395,21.428932554469558,21.602231449797237,0.0,0.0,0.0,0.849362027878446,0.5278107100071142,-0.7950848972423805,1.6098144765357858,0.0,0.0,0.0,0.05704861486377604,1.0,2.0,0.0,2.0,0.0,2.59385554438501,0.09468909687916514,0.59385554438501,0.09468909687916514,0.8497678637504578,0.7657835483551025,-0.20417508482933044,-0.07251135259866714,1.0,0.0,20.0,1.0,1.243370771408081,0.7904735803604126,0.04538062832983133,226.4465016188093,225.51318585637807,226.0,226.0,1.3024647235870361,1.3223776817321777,1.3422884941101074,528,8,e2000000e2000000,226,226,1.3621468544006348,1,1,1,1,1,1779092722.5051575
1.4017359256744393,1,forward_2mps,2.0,0.0,1.6111946105957031,0.05279148370027542,0.15410418808460236,21.33898531388962,21.78352353867899,0.0,0.0,0.0,0.8500559452602474,0.5266924054205712,-0.8170821564141647,1.6434430990321687,0.0,0.0,0.0,0.011888162700577173,1.0,2.0,0.0,2.0,0.0,2.59385554438501,0.09468909687916514,0.59385554438501,0.09468909687916514,0.8497678637504578,0.7657835483551025,-0.20417508482933044,-0.07251135259866714,1.0,0.0,20.0,1.0,1.243370771408081,0.7904735803604126,0.04538062832983133,226.4465016188093,225.51318585637807,226.0,226.0,1.4033229351043701,1.4223854541778564,1.4422619342803955,528,8,e2000000e2000000,226,226,1.3621468544006348,1,1,1,1,1,1779092722.5051575
1.4517359256744393,1,forward_2mps,2.0,0.0,1.6111946105957031,0.05279148370027542,0.15410418808460236,21.33898531388962,21.78352353867899,0.0,0.0,0.0,0.8500559452602474,0.5266924054205712,-0.8170821564141647,1.6434430990321687,0.0,0.0,0.0,0.011888162700577173,1.0,2.0,0.0,2.0,0.0,2.53293488414931,0.08122975664316354,0.5329348841493098,0.08122975664316354,0.8607250452041626,0.7632266283035278,-0.1801604926586151,-0.061996713280677795,1.0,0.0,20.0,1.0,1.2429888248443604,1.1181706190109253,-0.012245961519739076,226.4465016188093,225.51318585637807,226.0,226.0,1.4033229351043701,1.4223854541778564,1.4422619342803955,528,8,e2000000e2000000,226,226,1.462181806564331,1,1,1,1,1,1779092722.605232
1.5017359256744394,1,forward_2mps,2.0,0.0,1.6847487688064575,0.058261193335056305,0.17246709764003754,21.255109687001717,21.952203970507263,0.0,0.0,0.0,0.8502240303300524,0.5264210275523975,-0.8329524325234219,1.6726841772029795,0.0,0.0,0.0,0.020471873400690174,1.0,2.0,0.0,2.0,0.0,2.53293488414931,0.08122975664316354,0.5329348841493098,0.08122975664316354,0.8607250452041626,0.7632266283035278,-0.1801604926586151,-0.061996713280677795,1.0,0.0,20.0,1.0,1.2429888248443604,1.1181706190109253,-0.012245961519739076,226.4465016188093,225.51318585637807,226.0,226.0,1.5026183128356934,1.5224668979644775,1.5422782897949219,528,8,e2000000e2000000,226,226,1.462181806564331,1,1,1,1,1,1779092722.605232
1.5517359256744394,1,forward_2mps,2.0,0.0,1.6847487688064575,0.058261193335056305,0.17246709764003754,21.255109687001717,21.952203970507263,0.0,0.0,0.0,0.8502240303300524,0.5264210275523975,-0.8329524325234219,1.6726841772029795,0.0,0.0,0.0,0.020471873400690174,1.0,2.0,0.0,2.0,0.0,2.4120566054971175,0.05385025780862172,0.41205660549711753,0.05385025780862172,0.8887137174606323,0.7752853035926819,-0.14362779259681702,-0.04174931347370148,1.0,0.0,20.0,1.0,1.2433433532714844,1.367968201637268,-0.010800273414898552,226.4465016188093,225.51318585637807,226.0,226.0,1.5026183128356934,1.5224668979644775,1.5422782897949219,528,8,e2000000e2000000,226,226,1.5621132850646973,1,1,1,1,1,1779092722.7051768
1.6017359256744395,1,forward_2mps,2.0,0.0,1.724793553352356,0.06214229762554169,0.1757514476776123,21.21658566192603,22.029362687879804,0.0,0.0,0.0,0.8506298025923774,0.5257650986340316,-0.8414785467065764,1.683293351809769,0.0,0.0,0.0,0.019088264722556415,1.0,2.0,0.0,2.0,0.0,2.4120566054971175,0.05385025780862172,0.41205660549711753,0.05385025780862172,0.8887137174606323,0.7752853035926819,-0.14362779259681702,-0.04174931347370148,1.0,0.0,20.0,1.0,1.2433433532714844,1.367968201637268,-0.010800273414898552,226.4465016188093,225.51318585637807,226.0,226.0,1.6027097702026367,1.6224730014801025,1.6422221660614014,528,8,e2000000e2000000,226,226,1.5621132850646973,1,1,1,1,1,1779092722.7051768
1.6517359256744395,1,forward_2mps,2.0,0.0,1.724793553352356,0.06214229762554169,0.1757514476776123,21.21658566192603,22.029362687879804,0.0,0.0,0.0,0.8506298025923774,0.5257650986340316,-0.8414785467065764,1.683293351809769,0.0,0.0,0.0,0.019088264722556415,1.0,2.0,0.0,2.0,0.0,2.2180752188358572,0.024950272759183153,0.21807521883585723,0.024950272759183153,0.9328722953796387,0.762771725654602,-0.0691809207201004,-0.019031362608075142,1.0,0.0,20.0,1.0,1.2435343265533447,1.5503931045532227,0.06252073983421126,226.4465016188093,225.51318585637807,226.0,226.0,1.6027097702026367,1.6224730014801025,1.6422221660614014,528,8,e2000000e2000000,226,226,1.6621801853179932,1,1,1,1,1,1779092722.8052545
1.7017359256744395,1,forward_2mps,2.0,0.0,1.779662847518921,0.05554817616939545,0.16191715002059937,21.145583550460934,22.17081896114997,0.0,0.0,0.0,0.8512832259389577,0.5247064600659701,-0.8606052265182373,1.710897531119639,0.0,0.0,0.0,0.013700040248928555,1.0,2.0,0.0,2.0,0.0,2.2180752188358572,0.024950272759183153,0.21807521883585723,0.024950272759183153,0.9328722953796387,0.762771725654602,-0.0691809207201004,-0.019031362608075142,1.0,0.0,20.0,1.0,1.2435343265533447,1.5503931045532227,0.06252073983421126,226.4465016188093,225.51318585637807,226.0,226.0,1.702554702758789,1.7224528789520264,1.742506504058838,528,8,e2000000e2000000,226,226,1.6621801853179932,1,1,1,1,1,1779092722.8052545
1.7517359256744396,1,forward_2mps,2.0,0.0,1.779662847518921,0.05554817616939545,0.16191715002059937,21.145583550460934,22.17081896114997,0.0,0.0,0.0,0.8512832259389577,0.5247064600659701,-0.8606052265182373,1.710897531119639,0.0,0.0,0.0,0.013700040248928555,1.0,2.0,0.0,2.0,0.0,2.153863826317176,0.00557480562297694,0.15386382631717588,0.00557480562297694,0.9527665376663208,0.7720311880111694,-0.05212938040494919,-0.004303923808038235,1.0,0.0,20.0,1.0,1.243190050125122,1.6847487688064575,-0.019521477110985067,226.4465016188093,225.51318585637807,226.0,226.0,1.702554702758789,1.7224528789520264,1.742506504058838,528,8,e2000000e2000000,226,226,1.762183427810669,1,1,1,1,1,1779092722.9053712
1.8017359256744396,1,forward_2mps,2.0,0.0,1.8087763786315918,0.0631084144115448,0.20162762701511383,21.059299065994093,22.34220398386052,0.0,0.0,0.0,0.8515612152093553,0.5242551828557978,-0.8684074047417111,1.7218591719588998,0.0,0.0,0.0,0.01951751339486854,1.0,2.0,0.0,2.0,0.0,2.153863826317176,0.00557480562297694,0.15386382631717588,0.00557480562297694,0.9527665376663208,0.7720311880111694,-0.05212938040494919,-0.004303923808038235,1.0,0.0,20.0,1.0,1.243190050125122,1.6847487688064575,-0.019521477110985067,226.4465016188093,225.51318585637807,226.0,226.0,1.8026127815246582,1.8225481510162354,1.842237949371338,528,8,e2000000e2000000,226,226,1.762183427810669,1,1,1,1,1,1779092722.9053712
1.8517359256744397,1,forward_2mps,2.0,0.0,1.8087763786315918,0.0631084144115448,0.20162762701511383,21.059299065994093,22.34220398386052,0.0,0.0,0.0,0.8515612152093553,0.5242551828557978,-0.8684074047417111,1.7218591719588998,0.0,0.0,0.0,0.01951751339486854,1.0,2.0,0.0,2.0,0.0,2.055012512654468,-0.005820530203648672,0.05501251265446783,-0.005820530203648672,0.9866620302200317,0.7890869379043579,-0.027602817863225937,0.004592904355376959,1.0,0.0,20.0,1.0,1.2436981201171875,1.779662847518921,0.0006847236918380625,226.4465016188093,225.51318585637807,226.0,226.0,1.8026127815246582,1.8225481510162354,1.842237949371338,528,8,e2000000e2000000,226,226,1.8621606826782227,1,1,1,1,1,1779092723.0058522
1.9017359256744397,1,forward_2mps,2.0,0.0,1.8463903665542603,0.06602530181407928,0.2148830145597458,21.015944135402535,22.42805781199599,0.0,0.0,0.0,0.851755148178143,0.5239400419437605,-0.8696814533185598,1.7212160231716818,0.0,0.0,0.0,0.012292041974924717,1.0,2.0,0.0,2.0,0.0,2.055012512654468,-0.005820530203648672,0.05501251265446783,-0.005820530203648672,0.9866620302200317,0.7890869379043579,-0.027602817863225937,0.004592904355376959,1.0,0.0,20.0,1.0,1.2436981201171875,1.779662847518921,0.0006847236918380625,226.4465016188093,225.51318585637807,226.0,226.0,1.9024107456207275,1.9223792552947998,1.9423224925994873,528,8,e2000000e2000000,226,226,1.8621606826782227,1,1,1,1,1,1779092723.0058522
1.9517359256744398,1,forward_2mps,2.0,0.0,1.8463903665542603,0.06602530181407928,0.2148830145597458,21.015944135402535,22.42805781199599,0.0,0.0,0.0,0.851755148178143,0.5239400419437605,-0.8696814533185598,1.7212160231716818,0.0,0.0,0.0,0.012292041974924717,1.0,2.0,0.0,2.0,0.0,1.9823885038581233,0.0014233488777780222,-0.017611496141876737,0.0014233488777780222,1.0121960639953613,0.7911230325698853,-0.006565840914845467,-0.001126044080592692,1.0,0.0,20.0,1.0,1.2433791160583496,1.8463903665542603,0.04277381201551176,226.4465016188093,225.51318585637807,226.0,226.0,1.9024107456207275,1.9223792552947998,1.9423224925994873,528,8,e2000000e2000000,226,226,1.9622313976287842,1,1,1,1,1,1779092723.105196
2.00173592567444,1,stop_after_2mps,0.0,0.0,1.8729044198989868,0.03278704732656479,0.17622043192386627,20.97043373603139,22.517930258351768,0.0,0.0,0.0,0.8522002661420072,0.5232157359899376,-0.8756157553707345,1.725664942569554,0.0,0.0,0.0,0.030633147405841183,1.0,2.0,0.0,2.0,0.0,1.9823885038581233,0.0014233488777780222,-0.017611496141876737,0.0014233488777780222,1.0121960639953613,0.7911230325698853,-0.006565840914845467,-0.001126044080592692,1.0,0.0,20.0,1.0,1.2433791160583496,1.8463903665542603,0.04277381201551176,226.4465016188093,225.51318585637807,226.0,226.0,2.0036063194274902,2.0236904621124268,2.0435047149658203,528,8,e2000000e2000000,226,226,1.9622313976287842,1,1,1,1,1,1779092723.105196
2.0517359256744396,1,stop_after_2mps,0.0,0.0,1.8729044198989868,0.03278704732656479,0.17622043192386627,20.97043373603139,22.517930258351768,0.0,0.0,0.0,0.8522002661420072,0.5232157359899376,-0.8756157553707345,1.725664942569554,0.0,0.0,0.0,0.030633147405841183,1.0,2.0,0.0,2.0,0.0,1.9767116780068974,-0.0025971659604105053,-0.0232883219931026,-0.0025971659604105053,1.0155534744262695,0.807929515838623,-0.00745641253888607,0.002098327036947012,1.0,0.0,20.0,1.0,1.2430438995361328,1.9080007076263428,-0.021572728872753102,226.4465016188093,225.51318585637807,226.0,226.0,2.0036063194274902,2.0236904621124268,2.0435047149658203,528,8,e2000000e2000000,226,226,2.0634407997131348,1,1,1,1,1,1779092723.2060409
2.1017359256744395,1,stop_after_2mps,0.0,0.0,1.9080007076263428,0.04583316668868065,0.18022632598876953,20.833068535580068,22.787640575086886,0.0,0.0,0.0,0.8528551218183278,0.5221476239419702,-0.8920324472428088,1.7471556972648485,0.0,0.0,0.0,0.013302369953004732,1.0,2.0,0.0,2.0,0.0,1.9767116780068974,-0.0025971659604105053,-0.0232883219931026,-0.0025971659604105053,1.0155534744262695,0.807929515838623,-0.00745641253888607,0.002098327036947012,1.0,0.0,20.0,1.0,1.2430438995361328,1.9080007076263428,-0.021572728872753102,226.4465016188093,225.51318585637807,226.0,226.0,2.10379695892334,2.1236939430236816,2.143616199493408,528,8,e2000000e2000000,226,226,2.0634407997131348,1,1,1,1,1,1779092723.2060409
2.1517359256744393,1,stop_after_2mps,0.0,0.0,1.9080007076263428,0.04583316668868065,0.18022632598876953,20.833068535580068,22.787640575086886,0.0,0.0,0.0,0.8528551218183278,0.5221476239419702,-0.8920324472428088,1.7471556972648485,0.0,0.0,0.0,0.013302369953004732,1.0,2.0,0.0,2.0,0.0,1.9408827094812255,-0.004478411768272819,-0.05911729051877446,-0.004478411768272819,1.0302573442459106,0.8094673156738281,0.00039133423706516623,0.0036251279525458813,1.0,0.0,20.0,1.0,1.139005184173584,1.9411816596984863,0.06715718576282576,226.4465016188093,225.51318585637807,226.0,226.0,2.10379695892334,2.1236939430236816,2.143616199493408,528,8,e2000000e2000000,226,226,2.1634488105773926,1,1,1,1,1,1779092723.3054528
2.201735925674439,1,stop_after_2mps,0.0,0.0,1.9150009155273438,0.04607316106557846,0.2018524408340454,20.688304508061172,23.069895676779076,0.0,0.0,0.0,0.8537702449137003,0.5206499485258788,-0.9012045208972879,1.7499255837639114,0.0,0.0,0.0,0.020975964021846746,1.0,2.0,0.0,2.0,0.0,1.9408827094812255,-0.004478411768272819,-0.05911729051877446,-0.004478411768272819,1.0302573442459106,0.8094673156738281,0.00039133423706516623,0.0036251279525458813,1.0,0.0,20.0,1.0,1.139005184173584,1.9411816596984863,0.06715718576282576,226.4465016188093,225.51318585637807,226.0,226.0,2.204113245010376,2.223666191101074,2.2434821128845215,528,8,e2000000e2000000,226,226,2.1634488105773926,1,1,1,1,1,1779092723.3054528
2.251735925674439,1,stop_after_2mps,0.0,0.0,1.9150009155273438,0.04607316106557846,0.2018524408340454,20.688304508061172,23.069895676779076,0.0,0.0,0.0,0.8537702449137003,0.5206499485258788,-0.9012045208972879,1.7499255837639114,0.0,0.0,0.0,0.020975964021846746,1.0,2.0,0.0,2.0,0.0,1.9215803422353432,0.0002269205610936864,-0.07841965776465676,0.0002269205610936864,1.0422699451446533,0.7900198698043823,-0.0028054378926753998,-0.00017927175213117152,1.0,0.0,20.0,1.0,1.1387722492218018,1.9665014743804932,0.018228588159326105,226.4465016188093,225.51318585637807,226.0,226.0,2.204113245010376,2.223666191101074,2.2434821128845215,528,8,e2000000e2000000,226,226,2.2635061740875244,1,1,1,1,1,1779092723.4054048
2.3017359256744387,1,stop_after_2mps,0.0,0.0,1.9411816596984863,0.05119531974196434,0.2028409093618393,20.53765647555591,23.361415224523686,0.0,0.0,0.0,0.8545052038554922,0.5194428328352252,-0.906147100961607,1.7473713310616183,0.0,0.0,0.0,0.03262399826488876,1.0,2.0,0.0,2.0,0.0,1.9215803422353432,0.0002269205610936864,-0.07841965776465676,0.0002269205610936864,1.0422699451446533,0.7900198698043823,-0.0028054378926753998,-0.00017927175213117152,1.0,0.0,20.0,1.0,1.1387722492218018,1.9665014743804932,0.018228588159326105,226.4465016188093,225.51318585637807,226.0,226.0,2.3037779331207275,2.323629140853882,2.3435657024383545,528,8,e2000000e2000000,226,226,2.2635061740875244,1,1,1,1,1,1779092723.4054048
2.3517359256744386,1,stop_after_2mps,0.0,0.0,1.9411816596984863,0.05119531974196434,0.2028409093618393,20.53765647555591,23.361415224523686,0.0,0.0,0.0,0.8545052038554922,0.5194428328352252,-0.906147100961607,1.7473713310616183,0.0,0.0,0.0,0.03262399826488876,1.0,2.0,0.0,2.0,0.0,1.9168302230137686,0.0022436740501290014,-0.0831697769862314,0.0022436740501290014,1.0443191528320312,0.794488787651062,-0.0017825146205723286,-0.0017825738759711385,1.0,0.0,20.0,1.0,1.139420747756958,1.9876781702041626,0.03135217336415701,226.4465016188093,225.51318585637807,226.0,226.0,2.3037779331207275,2.323629140853882,2.3435657024383545,528,8,e2000000e2000000,226,226,2.3637938499450684,1,1,1,1,1,1779092723.505148
2.4017359256744384,1,stop_after_2mps,0.0,0.0,1.9503943920135498,0.0321611724793911,0.19867457449436188,20.31301265292774,23.791357930881926,0.0,0.0,0.0,0.8557560793755158,0.5173794860755941,-0.9052997054405897,1.7253127957619956,0.0,0.0,0.0,0.02883034235669318,1.0,2.0,0.0,2.0,0.0,1.9168302230137686,0.0022436740501290014,-0.0831697769862314,0.0022436740501290014,1.0443191528320312,0.794488787651062,-0.0017825146205723286,-0.0017825738759711385,1.0,0.0,20.0,1.0,1.139420747756958,1.9876781702041626,0.03135217336415701,226.4465016188093,225.51318585637807,226.0,226.0,2.403855800628662,2.4236879348754883,2.4434778690338135,528,8,e2000000e2000000,226,226,2.3637938499450684,1,1,1,1,1,1779092723.505148
2.451735925674438,1,stop_after_2mps,0.0,0.0,1.9503943920135498,0.0321611724793911,0.19867457449436188,20.31301265292774,23.791357930881926,0.0,0.0,0.0,0.8557560793755158,0.5173794860755941,-0.9052997054405897,1.7253127957619956,0.0,0.0,0.0,0.02883034235669318,1.0,2.0,0.0,2.0,0.0,1.9186131594694646,0.0017636100115073596,-0.08138684053053535,0.0017636100115073596,1.0436227321624756,0.7990201711654663,-0.002308307448402047,-0.0014091599732637405,1.0,0.0,20.0,1.0,1.140164852142334,1.9919638633728027,0.05204649096848404,226.4465016188093,225.51318585637807,226.0,226.0,2.403855800628662,2.4236879348754883,2.4434778690338135,528,8,e2000000e2000000,226,226,2.4634616374969482,1,1,1,1,1,1779092723.605251
2.501735925674438,1,stop_after_2mps,0.0,0.0,1.9665014743804932,0.04160141572356224,0.188270702958107,20.18280862636399,24.038141844678073,0.0,0.0,0.0,0.8569286141277852,0.5154351077381454,-0.8040488107801881,1.515581766446771,0.0,0.0,0.0,0.029176626095866687,1.0,2.0,0.0,2.0,0.0,1.9186131594694646,0.0017636100115073596,-0.08138684053053535,0.0017636100115073596,1.0436227321624756,0.7990201711654663,-0.002308307448402047,-0.0014091599732637405,1.0,0.0,20.0,1.0,1.140164852142334,1.9919638633728027,0.05204649096848404,226.4465016188093,225.51318585637807,226.0,226.0,2.5037479400634766,2.52366042137146,2.5434744358062744,528,8,0000000000000000,0,0,2.4634616374969482,1,1,1,1,1,1779092723.605251
2.551735925674438,1,stop_after_2mps,0.0,0.0,1.9665014743804932,0.04160141572356224,0.188270702958107,20.18280862636399,24.038141844678073,0.0,0.0,0.0,0.8569286141277852,0.5154351077381454,-0.8040488107801881,1.515581766446771,0.0,0.0,0.0,0.029176626095866687,1.0,2.0,0.0,2.0,0.0,1.9090322338587835,0.0011273624782153005,-0.09096776614121649,0.0011273624782153005,1.0473780632019043,0.8061854839324951,0.0005215163109824061,-0.0009088632650673389,1.0,0.0,20.0,1.0,1.1400089263916016,2.005605459213257,0.01667455738671623,226.4465016188093,225.51318585637807,226.0,226.0,2.5037479400634766,2.52366042137146,2.5434744358062744,528,8,0000000000000000,0,0,2.563493251800537,1,1,1,1,1,1779092723.7052372
2.6017359256744377,1,stop_after_2mps,0.0,0.0,1.9804474115371704,0.03768117353320122,0.1837262213230133,20.126412023666813,24.144128046907564,0.0,0.0,0.0,0.8574595818425278,0.5145513244628153,-0.7101864683640225,1.3320153823108203,0.0,0.0,0.0,-0.0011664624322300986,1.0,2.0,0.0,2.0,0.0,1.9090322338587835,0.0011273624782153005,-0.09096776614121649,0.0011273624782153005,1.0473780632019043,0.8061854839324951,0.0005215163109824061,-0.0009088632650673389,1.0,0.0,20.0,1.0,1.1400089263916016,2.005605459213257,0.01667455738671623,226.4465016188093,225.51318585637807,226.0,226.0,2.603879690170288,2.6236817836761475,2.6435258388519287,528,8,0000000000000000,0,0,2.563493251800537,1,1,1,1,1,1779092723.7052372
2.6517359256744375,1,stop_after_2mps,0.0,0.0,1.9804474115371704,0.03768117353320122,0.1837262213230133,20.126412023666813,24.144128046907564,0.0,0.0,0.0,0.8574595818425278,0.5145513244628153,-0.7101864683640225,1.3320153823108203,0.0,0.0,0.0,-0.0011664624322300986,1.0,2.0,0.0,2.0,0.0,1.9038193091888653,-0.0022317506458312928,-0.09618069081113467,-0.0022317506458312928,1.0494495630264282,0.8093374967575073,0.002037657890468836,0.0018062394810840487,1.0,0.0,20.0,1.0,1.1410458087921143,2.0174307823181152,0.013302369953004732,226.4465016188093,225.51318585637807,226.0,226.0,2.603879690170288,2.6236817836761475,2.6435258388519287,528,8,0000000000000000,0,0,2.6634507179260254,1,1,1,1,1,1779092723.8057628
2.7017359256744373,1,stop_after_2mps,0.0,0.0,1.9876781702041626,0.05009481683373451,0.19341811537742615,20.091095346616072,24.210331111609065,0.0,0.0,0.0,0.8575971731067625,0.5143219698586572,-0.6263426331169117,1.1732469592139778,0.0,0.0,0.0,0.016833896107743742,1.0,2.0,0.0,2.0,0.0,1.9038193091888653,-0.0022317506458312928,-0.09618069081113467,-0.0022317506458312928,1.0494495630264282,0.8093374967575073,0.002037657890468836,0.0018062394810840487,1.0,0.0,20.0,1.0,1.1410458087921143,2.0174307823181152,0.013302369953004732,226.4465016188093,225.51318585637807,226.0,226.0,2.7037525177001953,2.7236433029174805,2.7435693740844727,528,8,0000000000000000,0,0,2.6634507179260254,1,1,1,1,1,1779092723.8057628
2.751735925674437,1,stop_after_2mps,0.0,0.0,1.9876781702041626,0.05009481683373451,0.19341811537742615,20.091095346616072,24.210331111609065,0.0,0.0,0.0,0.8575971731067625,0.5143219698586572,-0.6263426331169117,1.1732469592139778,0.0,0.0,0.0,0.016833896107743742,1.0,2.0,0.0,2.0,0.0,1.8972854427663228,0.0013351797031777592,-0.10271455723367717,0.0013351797031777592,1.0519444942474365,0.8071526885032654,0.0041610244661569595,-0.0010776938870549202,1.0,0.0,20.0,1.0,1.1401865482330322,2.03350567817688,0.0344324612702949,226.4465016188093,225.51318585637807,226.0,226.0,2.7037525177001953,2.7236433029174805,2.7435693740844727,528,8,0000000000000000,0,0,2.7635176181793213,1,1,1,1,1,1779092723.9051716
2.801735925674437,1,stop_after_2mps,0.0,0.0,1.9805675745010376,0.047057051211595535,0.22355087101459503,20.071947076939622,24.24618558953903,0.0,0.0,0.0,0.8576865730359123,0.514172872129513,-0.5797442348467836,1.0850519302685766,0.0,0.0,0.0,0.025441711267777216,1.0,2.0,0.0,2.0,0.0,1.8972854427663228,0.0013351797031777592,-0.10271455723367717,0.0013351797031777592,1.0519444942474365,0.8071526885032654,0.0041610244661569595,-0.0010776938870549202,1.0,0.0,20.0,1.0,1.1401865482330322,2.03350567817688,0.0344324612702949,226.4465016188093,225.51318585637807,226.0,226.0,2.803868532180786,2.8237149715423584,2.8435065746307373,528,8,0000000000000000,0,0,2.7635176181793213,1,1,1,1,1,1779092723.9051716
2.851735925674437,1,stop_after_2mps,0.0,0.0,1.9805675745010376,0.047057051211595535,0.22355087101459503,20.071947076939622,24.24618558953903,0.0,0.0,0.0,0.8576865730359123,0.514172872129513,-0.5797442348467836,1.0850519302685766,0.0,0.0,0.0,0.025441711267777216,1.0,2.0,0.0,2.0,0.0,1.8914891282870208,1.828574206770701e-05,-0.10851087171297924,1.828574206770701e-05,1.0543490648269653,0.8130113482475281,0.005710206460207701,-1.486651581217302e-05,1.0,0.0,20.0,1.0,1.1397285461425781,2.047461986541748,0.006407552242271422,226.4465016188093,225.51318585637807,226.0,226.0,2.803868532180786,2.8237149715423584,2.8435065746307373,528,8,0000000000000000,0,0,2.8635029792785645,1,1,1,1,1,1779092724.005185
2.9017359256744366,1,stop_after_2mps,0.0,0.0,1.9919638633728027,0.04424011707305908,0.20808793604373932,20.060161492679747,24.268231173252218,0.0,0.0,0.0,0.8577738915229858,0.5140271889905367,-0.5581625740225351,1.0438063667335502,0.0,0.0,0.0,0.015080350145861244,1.0,2.0,0.0,2.0,0.0,1.8914891282870208,1.828574206770701e-05,-0.10851087171297924,1.828574206770701e-05,1.0543490648269653,0.8130113482475281,0.005710206460207701,-1.486651581217302e-05,1.0,0.0,20.0,1.0,1.1397285461425781,2.047461986541748,0.006407552242271422,226.4465016188093,225.51318585637807,226.0,226.0,2.9037530422210693,2.9236624240875244,2.9437379837036133,528,8,0000000000000000,0,0,2.8635029792785645,1,1,1,1,1,1779092724.005185
2.9517359256744364,1,stop_after_2mps,0.0,0.0,1.9919638633728027,0.04424011707305908,0.20808793604373932,20.060161492679747,24.268231173252218,0.0,0.0,0.0,0.8577738915229858,0.5140271889905367,-0.5581625740225351,1.0438063667335502,0.0,0.0,0.0,0.015080350145861244,1.0,2.0,0.0,2.0,0.0,1.8882754836433064,0.005113195704319096,-0.11172451635669356,0.005113195704319096,1.05540132522583,0.808212161064148,0.00711155217140913,-0.004132546950131655,1.0,0.0,20.0,1.0,1.1400878429412842,2.0425214767456055,0.006865256100728441,226.4465016188093,225.51318585637807,226.0,226.0,2.9037530422210693,2.9236624240875244,2.9437379837036133,528,8,0000000000000000,0,0,2.9636876583099365,1,1,1,1,1,1779092724.10518
3.0017359256744363,1,stop_after_2mps,0.0,0.0,2.002180576324463,0.04230457544326782,0.17329925298690796,20.055725040634375,24.276525543369463,0.0,0.0,0.0,0.8578125034235655,0.5139627505668046,-0.5457728884389018,1.020268057211426,0.0,0.0,0.0,0.022774544968597044,1.0,2.0,0.0,2.0,0.0,1.8882754836433064,0.005113195704319096,-0.11172451635669356,0.005113195704319096,1.05540132522583,0.808212161064148,0.00711155217140913,-0.004132546950131655,1.0,0.0,20.0,1.0,1.1400878429412842,2.0425214767456055,0.006865256100728441,226.4465016188093,225.51318585637807,226.0,226.0,3.0037760734558105,3.0237317085266113,3.043551206588745,528,8,0000000000000000,0,0,2.9636876583099365,1,1,1,1,1,1779092724.10518
3.051735925674436,1,stop_after_2mps,0.0,0.0,2.002180576324463,0.04230457544326782,0.17329925298690796,20.055725040634375,24.276525543369463,0.0,0.0,0.0,0.8578125034235655,0.5139627505668046,-0.5457728884389018,1.020268057211426,0.0,0.0,0.0,0.022774544968597044,1.0,0.0,0.0,0.0,0.0,-0.1162560487340255,0.10091088610616482,-0.1162560487340255,0.10091088610616482,1.0924960374832153,0.7141509652137756,0.12700927257537842,-0.07206560671329498,1.0,0.0,20.0,1.0,1.1415762901306152,2.0619044303894043,0.007904322006509073,0.0,0.0,0.0,0.0,3.0037760734558105,3.0237317085266113,3.043551206588745,528,8,0000000000000000,0,0,3.0634655952453613,1,1,1,1,1,1779092724.2064455
3.101735925674436,1,stop_after_2mps,0.0,0.0,2.005605459213257,0.053560514003038406,0.1849813163280487,20.053671237373784,24.280364034054223,0.0,0.0,0.0,0.857837281975021,0.5139213924849874,-0.5427340745403609,1.0143521190177989,0.0,0.0,0.0,0.024519402227843202,1.0,0.0,0.0,0.0,0.0,-0.1162560487340255,0.10091088610616482,-0.1162560487340255,0.10091088610616482,1.0924960374832153,0.7141509652137756,0.12700927257537842,-0.07206560671329498,1.0,0.0,20.0,1.0,1.1415762901306152,2.0619044303894043,0.007904322006509073,0.0,0.0,0.0,0.0,3.1037559509277344,3.123772382736206,3.1437795162200928,528,8,0000000000000000,0,0,3.0634655952453613,1,1,1,1,1,1779092724.2064455
3.1517359256744357,1,stop_after_2mps,0.0,0.0,2.005605459213257,0.053560514003038406,0.1849813163280487,20.053671237373784,24.280364034054223,0.0,0.0,0.0,0.857837281975021,0.5139213924849874,-0.5427340745403609,1.0143521190177989,0.0,0.0,0.0,0.024519402227843202,1.0,0.0,0.0,0.0,0.0,-0.10655474783274314,0.11980135971781003,-0.10655474783274314,0.11980135971781003,1.1013588905334473,0.7290021181106567,0.11735501885414124,-0.08733544498682022,1.0,0.0,20.0,1.0,1.141263723373413,2.0616064071655273,0.004863236347598529,0.0,0.0,0.0,0.0,3.1037559509277344,3.123772382736206,3.1437795162200928,528,8,0000000000000000,0,0,3.163586378097534,1,1,1,1,1,1779092724.3065965
3.2017359256744355,1,stop_after_2mps,0.0,0.0,2.018352746963501,0.05438776686787605,0.20496007800102234,20.0513650646371,24.284673031044946,0.0,0.0,0.0,0.857866151199011,0.5138732009231417,-0.5365723378361534,1.0025652251722348,0.0,0.0,0.0,0.023516322709111165,1.0,0.0,0.0,0.0,0.0,-0.10655474783274314,0.11980135971781003,-0.10655474783274314,0.11980135971781003,1.1013588905334473,0.7290021181106567,0.11735501885414124,-0.08733544498682022,1.0,0.0,20.0,1.0,1.141263723373413,2.0616064071655273,0.004863236347598529,0.0,0.0,0.0,0.0,3.203761577606201,3.2237610816955566,3.2435081005096436,528,8,0000000000000000,0,0,3.163586378097534,1,1,1,1,1,1779092724.3065965
3.2517359256744354,1,stop_after_2mps,0.0,0.0,2.018352746963501,0.05438776686787605,0.20496007800102234,20.0513650646371,24.284673031044946,0.0,0.0,0.0,0.857866151199011,0.5138732009231417,-0.5365723378361534,1.0025652251722348,0.0,0.0,0.0,0.023516322709111165,1.0,0.0,0.0,0.0,0.0,-0.10443160191133427,0.12328609293990127,-0.10443160191133427,0.12328609293990127,1.099402666091919,0.7386212348937988,0.11481238156557083,-0.09106172621250153,1.0,0.0,20.0,1.0,1.1410553455352783,2.041633129119873,0.050850326873425195,0.0,0.0,0.0,0.0,3.203761577606201,3.2237610816955566,3.2435081005096436,528,8,0000000000000000,0,0,3.263430118560791,1,1,1,1,1,1779092724.4066172
3.301735925674435,1,stop_after_2mps,0.0,0.0,2.0174307823181152,0.0567333921790123,0.23042187094688416,20.049769774501826,24.287653249468143,0.0,0.0,0.0,0.8578848432277572,0.5138419949362709,-0.5303687219038745,0.9908007334567631,0.0,0.0,0.0,0.021212817953006807,1.0,0.0,0.0,0.0,0.0,-0.10443160191133427,0.12328609293990127,-0.10443160191133427,0.12328609293990127,1.099402666091919,0.7386212348937988,0.11481238156557083,-0.09106172621250153,1.0,0.0,20.0,1.0,1.1410553455352783,2.041633129119873,0.050850326873425195,0.0,0.0,0.0,0.0,3.3037800788879395,3.323678731918335,3.3436760902404785,528,8,0000000000000000,0,0,3.263430118560791,1,1,1,1,1,1779092724.4066172
3.351735925674435,1,stop_after_2mps,0.0,0.0,2.0174307823181152,0.0567333921790123,0.23042187094688416,20.049769774501826,24.287653249468143,0.0,0.0,0.0,0.8578848432277572,0.5138419949362709,-0.5303687219038745,0.9908007334567631,0.0,0.0,0.0,0.021212817953006807,1.0,0.0,0.0,0.0,0.0,-0.10182954501630181,0.12567535715151726,-0.10182954501630181,0.12567535715151726,1.0911551713943481,0.7521768808364868,0.1111118346452713,-0.09453009814023972,1.0,0.0,20.0,1.0,1.1399977207183838,1.9476033449172974,0.03829241109406273,0.0,0.0,0.0,0.0,3.3037800788879395,3.323678731918335,3.3436760902404785,528,8,0000000000000000,0,0,3.3634283542633057,1,1,1,1,1,1779092724.5076263
3.401735925674435,1,stop_after_2mps,0.0,0.0,2.0273544788360596,0.05225307494401932,0.2236993908882141,20.04666040587073,24.293460397117926,0.0,0.0,0.0,0.8579138296042423,0.5137935976379844,-0.5242026322155116,0.9790161427738626,0.0,0.0,0.0,0.017127922885502092,1.0,0.0,0.0,0.0,0.0,-0.10182954501630181,0.12567535715151726,-0.10182954501630181,0.12567535715151726,1.0911551713943481,0.7521768808364868,0.1111118346452713,-0.09453009814023972,1.0,0.0,20.0,1.0,1.1399977207183838,1.9476033449172974,0.03829241109406273,0.0,0.0,0.0,0.0,3.4037790298461914,3.423800230026245,3.4434878826141357,528,8,0000000000000000,0,0,3.3634283542633057,1,1,1,1,1,1779092724.5076263
3.4517359256744347,1,stop_after_2mps,0.0,0.0,2.0273544788360596,0.05225307494401932,0.2236993908882141,20.04666040587073,24.293460397117926,0.0,0.0,0.0,0.8579138296042423,0.5137935976379844,-0.5242026322155116,0.9790161427738626,0.0,0.0,0.0,0.017127922885502092,1.0,0.0,0.0,0.0,0.0,-0.10123996982507176,0.12376058397276418,-0.10123996982507176,0.12376058397276418,1.0769355297088623,0.762391209602356,0.10902892053127289,-0.09435398131608963,1.0,0.0,20.0,1.0,1.1413042545318604,1.6890387535095215,0.003695538248105224,0.0,0.0,0.0,0.0,3.4037790298461914,3.423800230026245,3.4434878826141357,528,8,0000000000000000,0,0,3.4634454250335693,1,1,1,1,1,1779092724.6064787
3.5017359256744345,1,stop_after_2mps,0.0,0.0,2.03350567817688,0.04933656379580498,0.17830976843833923,20.045576208787992,24.2954850752765,0.0,0.0,0.0,0.8579243877794601,0.5137759675707287,-0.514825332379348,0.9614078681319906,0.0,0.0,0.0,0.018366532494260342,1.0,0.0,0.0,0.0,0.0,-0.10123996982507176,0.12376058397276418,-0.10123996982507176,0.12376058397276418,1.0769355297088623,0.762391209602356,0.10902892053127289,-0.09435398131608963,1.0,0.0,20.0,1.0,1.1413042545318604,1.6890387535095215,0.003695538248105224,0.0,0.0,0.0,0.0,3.5038914680480957,3.5236806869506836,3.5435049533843994,528,8,0000000000000000,0,0,3.4634454250335693,1,1,1,1,1,1779092724.6064787
3.5517359256744343,1,stop_after_2mps,0.0,0.0,2.03350567817688,0.04933656379580498,0.17830976843833923,20.045576208787992,24.2954850752765,0.0,0.0,0.0,0.8579243877794601,0.5137759675707287,-0.514825332379348,0.9614078681319906,0.0,0.0,0.0,0.018366532494260342,1.0,0.0,0.0,0.0,0.0,-0.10246718789820003,0.12337043182084308,-0.10246718789820003,0.12337043182084308,1.0651036500930786,0.7665935754776001,0.10913817584514618,-0.09457498043775558,1.0,0.0,20.0,1.0,1.1411941051483154,1.367269515991211,0.018366532494260342,0.0,0.0,0.0,0.0,3.5038914680480957,3.5236806869506836,3.5435049533843994,528,8,0000000000000000,0,0,3.5635218620300293,1,1,1,1,1,1779092724.7066355
3.601735925674434,1,stop_after_2mps,0.0,0.0,2.0390748977661133,0.050286225974559784,0.18616299331188202,20.04195371820001,24.302247412248423,0.0,0.0,0.0,0.857963336934892,0.5137109230642706,-0.505550900483583,0.9437444936011967,0.0,0.0,0.0,0.021521628857347038,1.0,0.0,0.0,0.0,0.0,-0.10246718789820003,0.12337043182084308,-0.10246718789820003,0.12337043182084308,1.0651036500930786,0.7665935754776001,0.10913817584514618,-0.09457498043775558,1.0,0.0,20.0,1.0,1.1411941051483154,1.367269515991211,0.018366532494260342,0.0,0.0,0.0,0.0,3.6038122177124023,3.623655080795288,3.6435458660125732,528,8,0000000000000000,0,0,3.5635218620300293,1,1,1,1,1,1779092724.7066355
3.651735925674434,1,stop_after_2mps,0.0,0.0,2.0390748977661133,0.050286225974559784,0.18616299331188202,20.04195371820001,24.302247412248423,0.0,0.0,0.0,0.857963336934892,0.5137109230642706,-0.505550900483583,0.9437444936011967,0.0,0.0,0.0,0.021521628857347038,1.0,0.0,0.0,0.0,0.0,-0.10212826974922472,0.12569698534995166,-0.10212826974922472,0.12569698534995166,1.0327023267745972,0.7681528329849243,0.10546810179948807,-0.09655449539422989,1.0,0.0,20.0,1.0,1.1412456035614014,1.026436686515808,0.0022471789336783276,0.0,0.0,0.0,0.0,3.6038122177124023,3.623655080795288,3.6435458660125732,528,8,0000000000000000,0,0,3.66342830657959,1,1,1,1,1,1779092724.8064423
3.7017359256744338,1,stop_after_2mps,0.0,0.0,2.047461986541748,0.049703508615493774,0.16853030025959015,20.04053204829878,24.30490097762173,0.0,0.0,0.0,0.8579777434746028,0.5136868615238556,-0.4993230408152959,0.9319929542391792,0.0,0.0,0.0,0.019734105583686986,1.0,0.0,0.0,0.0,0.0,-0.10212826974922472,0.12569698534995166,-0.10212826974922472,0.12569698534995166,1.0327023267745972,0.7681528329849243,0.10546810179948807,-0.09655449539422989,1.0,0.0,20.0,1.0,1.1412456035614014,1.026436686515808,0.0022471789336783276,0.0,0.0,0.0,0.0,3.703840494155884,3.723625659942627,3.743551731109619,528,8,0000000000000000,0,0,3.66342830657959,1,1,1,1,1,1779092724.8064423
3.7517359256744336,1,stop_after_2mps,0.0,0.0,2.047461986541748,0.049703508615493774,0.16853030025959015,20.04053204829878,24.30490097762173,0.0,0.0,0.0,0.8579777434746028,0.5136868615238556,-0.4993230408152959,0.9319929542391792,0.0,0.0,0.0,0.019734105583686986,1.0,0.0,0.0,0.0,0.0,-0.0970671781991452,0.13964719655010785,-0.0970671781991452,0.13964719655010785,0.997394859790802,0.7657829523086548,0.09681430459022522,-0.10693944245576859,1.0,0.0,20.0,1.0,1.1412451267242432,0.7508090734481812,-0.004663975636165444,0.0,0.0,0.0,0.0,3.703840494155884,3.723625659942627,3.743551731109619,528,8,0000000000000000,0,0,3.7635011672973633,1,1,1,1,1,1779092724.90746
3.8017359256744334,1,stop_after_2mps,0.0,0.0,2.042463541030884,0.0539921410381794,0.2085430920124054,20.037622526272287,24.31033015122247,0.0,0.0,0.0,0.8580070263629564,0.5136379490573072,-0.49314717020115134,0.9202135516963122,0.0,0.0,0.0,0.01839415623490769,1.0,0.0,0.0,0.0,0.0,-0.0970671781991452,0.13964719655010785,-0.0970671781991452,0.13964719655010785,0.997394859790802,0.7657829523086548,0.09681430459022522,-0.10693944245576859,1.0,0.0,20.0,1.0,1.1412451267242432,0.7508090734481812,-0.004663975636165444,0.0,0.0,0.0,0.0,3.8037352561950684,3.8237059116363525,3.8434722423553467,528,8,0000000000000000,0,0,3.7635011672973633,1,1,1,1,1,1779092724.90746
3.8517359256744332,1,stop_after_2mps,0.0,0.0,2.042463541030884,0.0539921410381794,0.2085430920124054,20.037622526272287,24.31033015122247,0.0,0.0,0.0,0.8580070263629564,0.5136379490573072,-0.49314717020115134,0.9202135516963122,0.0,0.0,0.0,0.01839415623490769,1.0,0.0,0.0,0.0,0.0,-0.09407560815399961,0.1435675727293511,-0.09407560815399961,0.1435675727293511,0.9874517917633057,0.7649303674697876,0.09289512783288956,-0.109819196164608,1.0,0.0,20.0,1.0,1.1408462524414062,0.551385760307312,0.0036147786661301444,0.0,0.0,0.0,0.0,3.8037352561950684,3.8237059116363525,3.8434722423553467,528,8,0000000000000000,0,0,3.8634536266326904,1,1,1,1,1,1779092725.0064957
3.901735925674433,1,stop_after_2mps,0.0,0.0,2.0425214767456055,0.051399268209934235,0.22779226303100586,20.0361399127324,24.313096284873055,0.0,0.0,0.0,0.858023492748423,0.5136104417667119,-0.4837818500700819,0.9025988357846927,0.0,0.0,0.0,0.021481506188880926,1.0,0.0,0.0,0.0,0.0,-0.09407560815399961,0.1435675727293511,-0.09407560815399961,0.1435675727293511,0.9874517917633057,0.7649303674697876,0.09289512783288956,-0.109819196164608,1.0,0.0,20.0,1.0,1.1408462524414062,0.551385760307312,0.0036147786661301444,0.0,0.0,0.0,0.0,3.903707981109619,3.923678159713745,3.9435482025146484,528,8,0000000000000000,0,0,3.8634536266326904,1,1,1,1,1,1779092725.0064957
3.951735925674433,1,stop_after_2mps,0.0,0.0,2.0425214767456055,0.051399268209934235,0.22779226303100586,20.0361399127324,24.313096284873055,0.0,0.0,0.0,0.858023492748423,0.5136104417667119,-0.4837818500700819,0.9025988357846927,0.0,0.0,0.0,0.021481506188880926,1.0,0.0,0.0,0.0,0.0,-0.08764341950725286,0.1482594716920655,-0.08764341950725286,0.1482594716920655,0.9754049777984619,0.7646564245223999,0.08548782765865326,-0.11336755752563477,1.0,0.0,20.0,1.0,1.1432006359100342,0.40249717235565186,0.001413343236891631,0.0,0.0,0.0,0.0,3.903707981109619,3.923678159713745,3.9435482025146484,528,8,0000000000000000,0,0,3.963531494140625,1,1,1,1,1,1779092725.1065972
4.001735925674433,1,forward_4mps,4.0,0.0,2.0562567710876465,0.04552213475108147,0.18914777040481567,20.032754080797115,24.31941087050287,0.0,0.0,0.0,0.8580643002095604,0.5135422637971265,-0.47764053644196514,0.8908008800442813,0.0,0.0,0.0,0.02259783422691574,1.0,0.0,0.0,0.0,0.0,-0.08764341950725286,0.1482594716920655,-0.08764341950725286,0.1482594716920655,0.9754049777984619,0.7646564245223999,0.08548782765865326,-0.11336755752563477,1.0,0.0,20.0,1.0,1.1432006359100342,0.40249717235565186,0.001413343236891631,0.0,0.0,0.0,0.0,4.004533052444458,4.024978399276733,4.044539451599121,528,8,0000000000000000,0,0,3.963531494140625,1,1,1,1,1,1779092725.1065972
4.051735925674433,1,forward_4mps,4.0,0.0,2.0562567710876465,0.04552213475108147,0.18914777040481567,20.032754080797115,24.31941087050287,0.0,0.0,0.0,0.8580643002095604,0.5135422637971265,-0.47764053644196514,0.8908008800442813,0.0,0.0,0.0,0.02259783422691574,1.0,0.0,0.0,0.0,0.0,-0.07997528416548651,0.16857721957167213,-0.07997528416548651,0.16857721957167213,0.9708850383758545,0.7806962728500366,0.07764680683612823,-0.13160760700702667,1.0,0.0,20.0,1.0,1.141216516494751,0.29769885540008545,0.0031964442508874607,0.0,0.0,0.0,0.0,4.004533052444458,4.024978399276733,4.044539451599121,528,8,0000000000000000,0,0,4.064496755599976,1,1,1,1,1,1779092725.2065144
4.101735925674433,1,forward_4mps,4.0,0.0,2.0619044303894043,0.04095202684402466,0.21070532500743866,20.03183103152629,24.321132185755626,0.0,0.0,0.0,0.8580751161673711,0.5135241912649808,-0.4713928222108118,0.8790599598069256,0.0,0.0,0.0,0.021720916510712195,1.0,0.0,0.0,0.0,0.0,-0.07997528416548651,0.16857721957167213,-0.07997528416548651,0.16857721957167213,0.9708850383758545,0.7806962728500366,0.07764680683612823,-0.13160760700702667,1.0,0.0,20.0,1.0,1.141216516494751,0.29769885540008545,0.0031964442508874607,0.0,0.0,0.0,0.0,4.1047234535217285,4.124846458435059,4.144478797912598,528,8,0000000000000000,0,0,4.064496755599976,1,1,1,1,1,1779092725.2065144
4.151735925674433,1,forward_4mps,4.0,0.0,2.0619044303894043,0.04095202684402466,0.21070532500743866,20.03183103152629,24.321132185755626,0.0,0.0,0.0,0.8580751161673711,0.5135241912649808,-0.4713928222108118,0.8790599598069256,0.0,0.0,0.0,0.021720916510712195,1.0,0.0,0.0,0.0,0.0,-0.07641124258013696,0.18943226733474702,-0.07641124258013696,0.18943226733474702,0.9791368246078491,0.8055770397186279,0.07481706142425537,-0.15260228514671326,1.0,0.0,20.0,1.0,1.1414799690246582,0.21815000474452972,0.0011950211543502146,0.0,0.0,0.0,0.0,4.1047234535217285,4.124846458435059,4.144478797912598,528,8,0000000000000000,0,0,4.164453506469727,1,1,1,1,1,1779092725.3073528
4.201735925674432,1,forward_4mps,4.0,0.0,2.058696746826172,0.06170642375946045,0.1868516355752945,19.9683634303878,24.439196580971632,0.0,0.0,0.0,0.8583806441375041,0.5130133231896452,-0.24881788649927183,0.4626756845015289,0.0,0.0,0.0,0.005228410467941097,1.0,0.0,0.0,0.0,0.0,-0.07641124258013696,0.18943226733474702,-0.07641124258013696,0.18943226733474702,0.9791368246078491,0.8055770397186279,0.07481706142425537,-0.15260228514671326,1.0,0.0,20.0,1.0,1.1414799690246582,0.21815000474452972,0.0011950211543502146,0.0,0.0,0.0,0.0,4.204739809036255,4.224724054336548,4.244573354721069,528,8,0000000000000000,0,0,4.164453506469727,1,1,1,1,1,1779092725.3073528
4.251735925674432,1,forward_4mps,4.0,0.0,2.058696746826172,0.06170642375946045,0.1868516355752945,19.9683634303878,24.439196580971632,0.0,0.0,0.0,0.8583806441375041,0.5130133231896452,-0.24881788649927183,0.4626756845015289,0.0,0.0,0.0,0.005228410467941097,1.0,0.0,0.0,0.0,0.0,-0.08729414023266632,0.1989879031565985,-0.08729414023266632,0.1989879031565985,1.0002015829086304,0.8230395913124084,0.08731173723936081,-0.16377492249011993,1.0,0.0,20.0,1.0,1.1399905681610107,0.16464029252529144,-0.002242642315173788,0.0,0.0,0.0,0.0,4.204739809036255,4.224724054336548,4.244573354721069,528,8,0000000000000000,0,0,4.264435052871704,1,1,1,1,1,1779092725.4064794
4.301735925674432,1,forward_4mps,4.0,0.0,2.0616064071655273,0.05684269219636917,0.2076682150363922,19.882008593566756,24.59850855151762,0.0,0.0,0.0,0.8594972721795258,0.511140332116293,-0.7874261253248007,1.4490299402035451,0.0,0.0,0.0,-0.06660945557815474,1.0,0.0,0.0,0.0,0.0,-0.08729414023266632,0.1989879031565985,-0.08729414023266632,0.1989879031565985,1.0002015829086304,0.8230395913124084,0.08731173723936081,-0.16377492249011993,1.0,0.0,20.0,1.0,1.1399905681610107,0.16464029252529144,-0.002242642315173788,0.0,0.0,0.0,0.0,4.304808139801025,4.3246729373931885,4.344508647918701,528,8,0000000000000000,0,0,4.264435052871704,1,1,1,1,1,1779092725.4064794
4.351735925674432,1,forward_4mps,4.0,0.0,2.0616064071655273,0.05684269219636917,0.2076682150363922,19.882008593566756,24.59850855151762,0.0,0.0,0.0,0.8594972721795258,0.511140332116293,-0.7874261253248007,1.4490299402035451,0.0,0.0,0.0,-0.06660945557815474,1.0,0.0,0.0,0.0,0.0,-0.08572070296611126,0.20154000263438634,-0.08572070296611126,0.20154000263438634,0.9979163408279419,0.8217628002166748,0.08554209023714066,-0.16561807692050934,1.0,0.0,20.0,1.0,1.139974594116211,0.13398092985153198,0.0008980653990458298,0.0,0.0,0.0,0.0,4.304808139801025,4.3246729373931885,4.344508647918701,528,8,0000000000000000,0,0,4.3644726276397705,1,1,1,1,1,1779092725.5064662
4.401735925674432,1,forward_4mps,4.0,0.0,2.0368378162384033,0.05602991580963135,0.2262696772813797,19.76161684020844,24.821692812030708,0.0,0.0,0.0,0.8586041478255829,0.5126391687500133,-1.3375916478191539,2.482056420411474,0.0,0.0,0.0,0.08223776823614237,1.0,0.0,0.0,0.0,0.0,-0.08572070296611126,0.20154000263438634,-0.08572070296611126,0.20154000263438634,0.9979163408279419,0.8217628002166748,0.08554209023714066,-0.16561807692050934,1.0,0.0,20.0,1.0,1.139974594116211,0.13398092985153198,0.0008980653990458298,0.0,0.0,0.0,0.0,4.404845237731934,4.424705743789673,4.444542646408081,528,8,0000000000000000,0,0,4.3644726276397705,1,1,1,1,1,1779092725.5064662
4.4517359256744315,1,forward_4mps,4.0,0.0,2.0368378162384033,0.05602991580963135,0.2262696772813797,19.76161684020844,24.821692812030708,0.0,0.0,0.0,0.8586041478255829,0.5126391687500133,-1.3375916478191539,2.482056420411474,0.0,0.0,0.0,0.08223776823614237,1.0,0.0,0.0,0.0,0.0,-0.08484935282304058,0.20285037323399782,-0.08484935282304058,0.20285037323399782,0.996769368648529,0.8211660385131836,0.08457523584365845,-0.16657383739948273,1.0,0.0,20.0,1.0,1.140233039855957,0.1007716953754425,-0.0006434293069452672,0.0,0.0,0.0,0.0,4.404845237731934,4.424705743789673,4.444542646408081,528,8,0000000000000000,0,0,4.464432716369629,1,1,1,1,1,1779092725.606507
4.501735925674431,1,forward_4mps,4.0,0.0,2.041633129119873,0.03805987536907196,0.21024546027183533,19.641055839386148,25.043406395457215,0.0,0.0,0.0,0.8605397290401664,0.5093833279009797,-1.202806146489568,2.192020046413401,0.0,0.0,0.0,0.06369758144872387,1.0,0.0,0.0,0.0,0.0,-0.08484935282304058,0.20285037323399782,-0.08484935282304058,0.20285037323399782,0.996769368648529,0.8211660385131836,0.08457523584365845,-0.16657383739948273,1.0,0.0,20.0,1.0,1.140233039855957,0.1007716953754425,-0.0006434293069452672,0.0,0.0,0.0,0.0,4.504817485809326,4.5246429443359375,4.544447898864746,528,8,a7010000a6010000,423,422,4.464432716369629,1,1,1,1,1,1779092725.606507
4.551735925674431,1,forward_4mps,4.0,0.0,2.041633129119873,0.03805987536907196,0.21024546027183533,19.641055839386148,25.043406395457215,0.0,0.0,0.0,0.8605397290401664,0.5093833279009797,-1.202806146489568,2.192020046413401,0.0,0.0,0.0,0.06369758144872387,1.0,0.0,0.0,0.0,0.0,-0.08362017631809708,0.20510529617707524,-0.08362017631809708,0.20510529617707524,0.9954610466957092,0.8199191093444824,0.08324062824249268,-0.1681697517633438,1.0,0.0,20.0,1.0,1.1399259567260742,0.0899939015507698,-0.0038987878534279185,0.0,0.0,0.0,0.0,4.504817485809326,4.5246429443359375,4.544447898864746,528,8,a7010000a6010000,423,422,4.566129922866821,1,1,1,1,1,1779092725.7065625
4.601735925674431,1,forward_4mps,4.0,0.0,1.98806631565094,0.04772825166583061,0.22105760872364044,19.529129968863366,25.24750493124444,0.0,0.0,0.0,0.8601188500575745,0.5100936813719964,-1.167291500118103,2.1356521616242135,0.0,0.0,0.0,-0.024804763351509627,1.0,0.0,0.0,0.0,0.0,-0.08362017631809708,0.20510529617707524,-0.08362017631809708,0.20510529617707524,0.9954610466957092,0.8199191093444824,0.08324062824249268,-0.1681697517633438,1.0,0.0,20.0,1.0,1.1399259567260742,0.0899939015507698,-0.0038987878534279185,0.0,0.0,0.0,0.0,4.604769706726074,4.626605987548828,4.644575357437134,528,8,a7010000a6010000,423,422,4.566129922866821,1,1,1,1,1,1779092725.7065625
4.651735925674431,1,forward_4mps,4.0,0.0,1.98806631565094,0.04772825166583061,0.22105760872364044,19.529129968863366,25.24750493124444,0.0,0.0,0.0,0.8601188500575745,0.5100936813719964,-1.167291500118103,2.1356521616242135,0.0,0.0,0.0,-0.024804763351509627,1.0,0.0,0.0,0.0,0.0,-0.08268948564536155,0.20685520927576612,-0.08268948564536155,0.20685520927576612,0.9943554997444153,0.8187658786773682,0.08222274482250214,-0.1693659871816635,1.0,0.0,20.0,1.0,1.1398663520812988,0.08691919595003128,-0.0019100501582326119,0.0,0.0,0.0,0.0,4.604769706726074,4.626605987548828,4.644575357437134,528,8,a7010000a6010000,423,422,4.664561748504639,1,1,1,1,1,1779092725.806452
4.701735925674431,1,forward_4mps,4.0,0.0,1.9476033449172974,0.050388749688863754,0.20014116168022156,19.390133236155116,25.501871444052185,0.0,0.0,0.0,0.8604735504487124,0.5094951118295318,-1.3940828637812572,2.542172761211345,0.0,0.0,0.0,0.0733525380349362,1.0,0.0,0.0,0.0,0.0,-0.08268948564536155,0.20685520927576612,-0.08268948564536155,0.20685520927576612,0.9943554997444153,0.8187658786773682,0.08222274482250214,-0.1693659871816635,1.0,0.0,20.0,1.0,1.1398663520812988,0.08691919595003128,-0.0019100501582326119,0.0,0.0,0.0,0.0,4.704905033111572,4.724674463272095,4.744572877883911,528,8,a7010000a6010000,423,422,4.664561748504639,1,1,1,1,1,1779092725.806452
4.7517359256744305,1,forward_4mps,4.0,0.0,1.9476033449172974,0.050388749688863754,0.20014116168022156,19.390133236155116,25.501871444052185,0.0,0.0,0.0,0.8604735504487124,0.5094951118295318,-1.3940828637812572,2.542172761211345,0.0,0.0,0.0,0.0733525380349362,1.0,0.0,0.0,0.0,0.0,-0.08234685286505494,0.20749244943624448,-0.08234685286505494,0.20749244943624448,0.9939742088317871,0.8182593584060669,0.08185064792633057,-0.1697826385498047,1.0,0.0,20.0,1.0,1.1397051811218262,0.0908074826002121,0.0009731587966063645,0.0,0.0,0.0,0.0,4.704905033111572,4.724674463272095,4.744572877883911,528,8,a7010000a6010000,423,422,4.7646050453186035,1,1,1,1,1,1779092725.9066381
4.80173592567443,1,forward_4mps,4.0,0.0,1.8214715719223022,0.046126652508974075,0.19466079771518707,19.22776632470958,25.79666002392712,0.0,0.0,0.0,0.8609413320097039,0.508704258717535,-1.559159574602353,2.830845877689575,0.0,0.0,0.0,-0.029811941514184922,1.0,0.0,0.0,0.0,0.0,-0.08234685286505494,0.20749244943624448,-0.08234685286505494,0.20749244943624448,0.9939742088317871,0.8182593584060669,0.08185064792633057,-0.1697826385498047,1.0,0.0,20.0,1.0,1.1397051811218262,0.0908074826002121,0.0009731587966063645,0.0,0.0,0.0,0.0,4.804743528366089,4.825072288513184,4.844471216201782,528,8,a7010000a6010000,423,422,4.7646050453186035,1,1,1,1,1,1779092725.9066381
4.85173592567443,1,forward_4mps,4.0,0.0,1.8214715719223022,0.046126652508974075,0.19466079771518707,19.22776632470958,25.79666002392712,0.0,0.0,0.0,0.8609413320097039,0.508704258717535,-1.559159574602353,2.830845877689575,0.0,0.0,0.0,-0.029811941514184922,1.0,0.0,0.0,0.0,0.0,-0.08169347914611158,0.20856670832462523,-0.08169347914611158,0.20856670832462523,0.9932855367660522,0.8173743486404419,0.08114495128393173,-0.17047707736492157,1.0,0.0,20.0,1.0,1.1399328708648682,0.09911298006772995,0.0011238710835782427,0.0,0.0,0.0,0.0,4.804743528366089,4.825072288513184,4.844471216201782,528,8,a7010000a6010000,423,422,4.864423513412476,1,1,1,1,1,1779092726.00657
4.90173592567443,1,forward_4mps,4.0,0.0,1.6890387535095215,0.03911614418029785,0.18403218686580658,19.11506793750884,26.00052686847433,0.0,0.0,0.0,0.8619738796230038,0.5069526909364102,-0.8111836292719963,1.4587346009773348,0.0,0.0,0.0,0.0064068594063857575,1.0,0.0,0.0,0.0,0.0,-0.08169347914611158,0.20856670832462523,-0.08169347914611158,0.20856670832462523,0.9932855367660522,0.8173743486404419,0.08114495128393173,-0.17047707736492157,1.0,0.0,20.0,1.0,1.1399328708648682,0.09911298006772995,0.0011238710835782427,0.0,0.0,0.0,0.0,4.904744386672974,4.9246580600738525,4.944507837295532,528,8,a7010000a6010000,423,422,4.864423513412476,1,1,1,1,1,1779092726.00657
4.95173592567443,1,forward_4mps,4.0,0.0,1.6890387535095215,0.03911614418029785,0.18403218686580658,19.11506793750884,26.00052686847433,0.0,0.0,0.0,0.8619738796230038,0.5069526909364102,-0.8111836292719963,1.4587346009773348,0.0,0.0,0.0,0.0064068594063857575,1.0,0.0,0.0,0.0,0.0,-0.0811172481747609,0.2092114661085021,-0.0811172481747609,0.2092114661085021,0.9927853345870972,0.8169907331466675,0.0805320143699646,-0.17092382907867432,1.0,0.0,20.0,1.0,1.1403915882110596,0.10112783312797546,0.001223041561752533,0.0,0.0,0.0,0.0,4.904744386672974,4.9246580600738525,4.944507837295532,528,8,a7010000a6010000,423,422,4.964512586593628,1,1,1,1,1,1779092726.1070046
5.00173592567443,1,stop_after_4mps,0.0,0.0,1.367269515991211,0.04600153863430023,0.18714521825313568,19.05574409034276,26.106991192761946,0.0,0.0,0.0,0.8626413860828058,0.5058160130098053,-0.04870676647524699,0.08704726852234958,0.0,0.0,0.0,0.028849709259857456,1.0,0.0,0.0,0.0,0.0,-0.0811172481747609,0.2092114661085021,-0.0811172481747609,0.2092114661085021,0.9927853345870972,0.8169907331466675,0.0805320143699646,-0.17092382907867432,1.0,0.0,20.0,1.0,1.1403915882110596,0.10112783312797546,0.001223041561752533,0.0,0.0,0.0,0.0,5.005497932434082,5.025794267654419,5.045444965362549,528,8,a7010000a6010000,423,422,4.964512586593628,1,1,1,1,1,1779092726.1070046
5.051735925674429,1,stop_after_4mps,0.0,0.0,1.367269515991211,0.04600153863430023,0.18714521825313568,19.05574409034276,26.106991192761946,0.0,0.0,0.0,0.8626413860828058,0.5058160130098053,-0.04870676647524699,0.08704726852234958,0.0,0.0,0.0,0.028849709259857456,1.0,4.0,0.0,4.0,0.0,3.0,0.18724424899382208,-1.0,0.18724424899382208,1.2027928829193115,0.8661138415336609,0.14274966716766357,-0.16217483580112457,1.0,0.0,20.0,1.0,1.1412408351898193,0.10434958338737488,-0.0032220608213357955,423.3761274917957,421.50949596693334,423.0,422.0,5.005497932434082,5.025794267654419,5.045444965362549,528,8,a7010000a6010000,423,422,5.065440893173218,1,1,1,1,1,1779092726.2082684
5.101735925674429,1,stop_after_4mps,0.0,0.0,1.026436686515808,0.04402077570557594,0.2076197862625122,19.047760916936056,26.12119297103557,0.0,0.0,0.0,0.8636857010214759,0.5040307628022735,-0.1700969299538493,0.301062831423155,0.0,0.0,0.0,0.0735909697192243,1.0,4.0,0.0,4.0,0.0,3.0,0.18724424899382208,-1.0,0.18724424899382208,1.2027928829193115,0.8661138415336609,0.14274966716766357,-0.16217483580112457,1.0,0.0,20.0,1.0,1.1412408351898193,0.10434958338737488,-0.0032220608213357955,423.3761274917957,421.50949596693334,423.0,422.0,5.106163501739502,5.125582456588745,5.145457744598389,528,8,a7010000a6010000,423,422,5.065440893173218,1,1,1,1,1,1779092726.2082684
5.151735925674429,1,stop_after_4mps,0.0,0.0,1.026436686515808,0.04402077570557594,0.2076197862625122,19.047760916936056,26.12119297103557,0.0,0.0,0.0,0.8636857010214759,0.5040307628022735,-0.1700969299538493,0.301062831423155,0.0,0.0,0.0,0.0735909697192243,1.0,4.0,0.0,4.0,0.0,3.0,0.1963659318069644,-1.0,0.1963659318069644,1.2013095617294312,0.8728759288787842,0.1309317797422409,-0.17140309512615204,1.0,0.0,20.0,1.0,1.1415047645568848,0.2211942821741104,0.022632331622005824,423.3761274917957,421.50949596693334,423.0,422.0,5.106163501739502,5.125582456588745,5.145457744598389,528,8,a7010000a6010000,423,422,5.165458679199219,1,1,1,1,1,1779092726.3076396
5.201735925674429,1,stop_after_4mps,0.0,0.0,0.7508090734481812,0.038123179227113724,0.19162732362747192,19.035198483126266,26.143295024627697,0.0,0.0,0.0,0.8648827424205703,0.5019739454026211,-0.12864594866503393,0.22518737540538344,0.0,0.0,0.0,0.062042877467511796,1.0,4.0,0.0,4.0,0.0,3.0,0.1963659318069644,-1.0,0.1963659318069644,1.2013095617294312,0.8728759288787842,0.1309317797422409,-0.17140309512615204,1.0,0.0,20.0,1.0,1.1415047645568848,0.2211942821741104,0.022632331622005824,423.3761274917957,421.50949596693334,423.0,422.0,5.205857515335083,5.225902795791626,5.245477199554443,528,8,a7010000a6010000,423,422,5.165458679199219,1,1,1,1,1,1779092726.3076396
5.251735925674429,1,stop_after_4mps,0.0,0.0,0.7508090734481812,0.038123179227113724,0.19162732362747192,19.035198483126266,26.143295024627697,0.0,0.0,0.0,0.8648827424205703,0.5019739454026211,-0.12864594866503393,0.22518737540538344,0.0,0.0,0.0,0.062042877467511796,1.0,4.0,0.0,4.0,0.0,3.0,0.19367358299837154,-1.0,0.19367358299837154,1.1917237043380737,0.909875214099884,0.10436002910137177,-0.17621879279613495,1.0,0.0,20.0,1.0,1.1408588886260986,0.5857508778572083,-0.04739236976744238,423.3761274917957,421.50949596693334,423.0,422.0,5.205857515335083,5.225902795791626,5.245477199554443,528,8,a7010000a6010000,423,422,5.265516519546509,1,1,1,1,1,1779092726.4076822
5.3017359256744285,1,stop_after_4mps,0.0,0.0,0.551385760307312,0.027960017323493958,0.18599571287631989,19.021658201772098,26.166969151590187,0.0,0.0,0.0,0.8653473411118857,0.5011726042299096,-0.12244429166004264,0.21341283515425283,0.0,0.0,0.0,0.060057769489774204,1.0,4.0,0.0,4.0,0.0,3.0,0.19367358299837154,-1.0,0.19367358299837154,1.1917237043380737,0.909875214099884,0.10436002910137177,-0.17621879279613495,1.0,0.0,20.0,1.0,1.1408588886260986,0.5857508778572083,-0.04739236976744238,423.3761274917957,421.50949596693334,423.0,422.0,5.305804014205933,5.325605392456055,5.345429420471191,528,8,a7010000a6010000,423,422,5.265516519546509,1,1,1,1,1,1779092726.4076822
5.351735925674428,1,stop_after_4mps,0.0,0.0,0.551385760307312,0.027960017323493958,0.18599571287631989,19.021658201772098,26.166969151590187,0.0,0.0,0.0,0.8653473411118857,0.5011726042299096,-0.12244429166004264,0.21341283515425283,0.0,0.0,0.0,0.060057769489774204,1.0,4.0,0.0,4.0,0.0,3.0,0.18016885605404612,-1.0,0.18016885605404612,1.197698950767517,0.8850045800209045,0.11344946920871735,-0.15945026278495789,1.0,0.0,20.0,1.0,1.1416630744934082,1.040004014968872,0.07389504407744069,423.3761274917957,421.50949596693334,423.0,422.0,5.305804014205933,5.325605392456055,5.345429420471191,528,8,a7010000a6010000,423,422,5.365555286407471,1,1,1,1,1,1779092726.5077896
5.401735925674428,1,stop_after_4mps,0.0,0.0,0.40249717235565186,0.02570190280675888,0.18637420237064362,19.011903887271988,26.183884985134682,0.0,0.0,0.0,0.8665181828707221,0.4991455085988672,-0.08674311019639676,0.149561296278545,0.0,0.0,0.0,0.04030291877059925,1.0,4.0,0.0,4.0,0.0,3.0,0.18016885605404612,-1.0,0.18016885605404612,1.197698950767517,0.8850045800209045,0.11344946920871735,-0.15945026278495789,1.0,0.0,20.0,1.0,1.1416630744934082,1.040004014968872,0.07389504407744069,423.3761274917957,421.50949596693334,423.0,422.0,5.4059553146362305,5.425709247589111,5.445447206497192,528,8,a7010000a6010000,423,422,5.365555286407471,1,1,1,1,1,1779092726.5077896
5.451735925674428,1,stop_after_4mps,0.0,0.0,0.40249717235565186,0.02570190280675888,0.18637420237064362,19.011903887271988,26.183884985134682,0.0,0.0,0.0,0.8665181828707221,0.4991455085988672,-0.08674311019639676,0.149561296278545,0.0,0.0,0.0,0.04030291877059925,1.0,4.0,0.0,4.0,0.0,3.0,0.16330630645011485,-1.0,0.16330630645011485,1.198941707611084,0.8849542737007141,0.10616279393434525,-0.14451861381530762,1.0,0.0,20.0,1.0,1.140841007232666,1.4919015169143677,-0.021912534436488933,423.3761274917957,421.50949596693334,423.0,422.0,5.4059553146362305,5.425709247589111,5.445447206497192,528,8,a7010000a6010000,423,422,5.4655961990356445,1,1,1,1,1,1779092726.6076
5.501735925674428,1,stop_after_4mps,0.0,0.0,0.29769885540008545,0.033109162002801895,0.18307144939899445,18.925167840889607,26.332264206262252,0.0,0.0,0.0,0.8675724201836011,0.49731086428588,-1.6500483038463214,2.8174498945991546,0.0,0.0,0.0,0.03962755481540672,1.0,4.0,0.0,4.0,0.0,3.0,0.16330630645011485,-1.0,0.16330630645011485,1.198941707611084,0.8849542737007141,0.10616279393434525,-0.14451861381530762,1.0,0.0,20.0,1.0,1.140841007232666,1.4919015169143677,-0.021912534436488933,423.3761274917957,421.50949596693334,423.0,422.0,5.50582218170166,5.525611400604248,5.545405387878418,528,8,0000000000000000,0,0,5.4655961990356445,1,1,1,1,1,1779092726.6076
5.551735925674428,1,stop_after_4mps,0.0,0.0,0.29769885540008545,0.033109162002801895,0.18307144939899445,18.925167840889607,26.332264206262252,0.0,0.0,0.0,0.8675724201836011,0.49731086428588,-1.6500483038463214,2.8174498945991546,0.0,0.0,0.0,0.03962755481540672,1.0,4.0,0.0,4.0,0.0,3.0,0.1351643709614794,-1.0,0.1351643709614794,1.2165918350219727,0.8674896359443665,0.1004568487405777,-0.11725369095802307,1.0,0.0,20.0,1.0,1.1432573795318604,1.9696720838546753,0.006314038252887727,423.3761274917957,421.50949596693334,423.0,422.0,5.50582218170166,5.525611400604248,5.545405387878418,528,8,0000000000000000,0,0,5.565464973449707,1,1,1,1,1,1779092726.709963
5.6017359256744275,1,stop_after_4mps,0.0,0.0,0.21815000474452972,0.034361910074949265,0.18417267501354218,18.806162284592098,26.534211229161563,0.0,0.0,0.0,0.8690859801058849,0.49466105484805795,-1.456689173282996,2.4528375169539847,0.0,0.0,0.0,0.10530540814998902,1.0,4.0,0.0,4.0,0.0,3.0,0.1351643709614794,-1.0,0.1351643709614794,1.2165918350219727,0.8674896359443665,0.1004568487405777,-0.11725369095802307,1.0,0.0,20.0,1.0,1.1432573795318604,1.9696720838546753,0.006314038252887727,423.3761274917957,421.50949596693334,423.0,422.0,5.605716228485107,5.625744819641113,5.645460605621338,528,8,0000000000000000,0,0,5.565464973449707,1,1,1,1,1,1779092726.709963
5.651735925674427,1,stop_after_4mps,0.0,0.0,0.21815000474452972,0.034361910074949265,0.18417267501354218,18.806162284592098,26.534211229161563,0.0,0.0,0.0,0.8690859801058849,0.49466105484805795,-1.456689173282996,2.4528375169539847,0.0,0.0,0.0,0.10530540814998902,1.0,4.0,0.0,4.0,0.0,3.0,0.12732355244043483,-1.0,0.12732355244043483,1.2313575744628906,0.8510112166404724,0.09248795360326767,-0.10835377126932144,1.0,0.0,20.0,1.0,1.1426513195037842,2.4162142276763916,-0.00047978947982159,423.3761274917957,421.50949596693334,423.0,422.0,5.605716228485107,5.625744819641113,5.645460605621338,528,8,0000000000000000,0,0,5.665435791015625,1,1,1,1,1,1779092726.8077874
5.701735925674427,1,stop_after_4mps,0.0,0.0,0.16464029252529144,0.030211973935365677,0.1844828575849533,18.679817534776525,26.74559734399935,0.0,0.0,0.0,0.8703408749240192,0.4924497552405653,-1.3047635927216135,2.171787387494138,0.0,0.0,0.0,0.05274382397107828,1.0,4.0,0.0,4.0,0.0,3.0,0.12732355244043483,-1.0,0.12732355244043483,1.2313575744628906,0.8510112166404724,0.09248795360326767,-0.10835377126932144,1.0,0.0,20.0,1.0,1.1426513195037842,2.4162142276763916,-0.00047978947982159,423.3761274917957,421.50949596693334,423.0,422.0,5.705805778503418,5.7256855964660645,5.745408058166504,528,8,0000000000000000,0,0,5.665435791015625,1,1,1,1,1,1779092726.8077874
5.751735925674427,1,stop_after_4mps,0.0,0.0,0.16464029252529144,0.030211973935365677,0.1844828575849533,18.679817534776525,26.74559734399935,0.0,0.0,0.0,0.8703408749240192,0.4924497552405653,-1.3047635927216135,2.171787387494138,0.0,0.0,0.0,0.05274382397107828,1.0,4.0,0.0,4.0,0.0,3.0,0.10675810345256675,-1.0,0.10675810345256675,1.2714654207229614,0.8382469415664673,0.07281894981861115,-0.0894896537065506,1.0,0.0,20.0,1.0,1.1401832103729248,2.8065500259399414,0.009791695831447626,423.3761274917957,421.50949596693334,423.0,422.0,5.705805778503418,5.7256855964660645,5.745408058166504,528,8,0000000000000000,0,0,5.7665159702301025,1,1,1,1,1,1779092726.90857
5.801735925674427,1,stop_after_4mps,0.0,0.0,0.13398092985153198,0.030833281576633453,0.1844169646501541,18.563862015859304,26.937744670883667,0.0,0.0,0.0,0.8712443632408455,0.490849528390375,-1.0715515644786568,1.7688449789795468,0.0,0.0,0.0,0.006435334943960772,1.0,4.0,0.0,4.0,0.0,3.0,0.10675810345256675,-1.0,0.10675810345256675,1.2714654207229614,0.8382469415664673,0.07281894981861115,-0.0894896537065506,1.0,0.0,20.0,1.0,1.1401832103729248,2.8065500259399414,0.009791695831447626,423.3761274917957,421.50949596693334,423.0,422.0,5.805907249450684,5.825672626495361,5.8454554080963135,528,8,0000000000000000,0,0,5.7665159702301025,1,1,1,1,1,1779092726.90857
5.851735925674427,1,stop_after_4mps,0.0,0.0,0.13398092985153198,0.030833281576633453,0.1844169646501541,18.563862015859304,26.937744670883667,0.0,0.0,0.0,0.8712443632408455,0.490849528390375,-1.0715515644786568,1.7688449789795468,0.0,0.0,0.0,0.006435334943960772,1.0,4.0,0.0,4.0,0.0,3.0,0.061714022831783746,-1.0,0.061714022831783746,1.3075816631317139,0.8214930295944214,0.060962289571762085,-0.05069763958454132,1.0,0.0,20.0,1.0,1.141127347946167,3.1057517528533936,0.014054470219881474,423.3761274917957,421.50949596693334,423.0,422.0,5.805907249450684,5.825672626495361,5.8454554080963135,528,8,0000000000000000,0,0,5.866167306900024,1,1,1,1,1,1779092727.0076103
5.901735925674426,1,stop_after_4mps,0.0,0.0,0.1007716953754425,0.02675163559615612,0.18520177900791168,18.481103829375257,27.07412582494024,0.0,0.0,0.0,0.87160386091107,0.4902108828299471,-0.9739818457410112,1.6024785571083426,0.0,0.0,0.0,0.02768576861535723,1.0,4.0,0.0,4.0,0.0,3.0,0.061714022831783746,-1.0,0.061714022831783746,1.3075816631317139,0.8214930295944214,0.060962289571762085,-0.05069763958454132,1.0,0.0,20.0,1.0,1.141127347946167,3.1057517528533936,0.014054470219881474,423.3761274917957,421.50949596693334,423.0,422.0,5.90572190284729,5.925624847412109,5.945430278778076,528,8,0000000000000000,0,0,5.866167306900024,1,1,1,1,1,1779092727.0076103
5.951735925674426,1,stop_after_4mps,0.0,0.0,0.1007716953754425,0.02675163559615612,0.18520177900791168,18.481103829375257,27.07412582494024,0.0,0.0,0.0,0.87160386091107,0.4902108828299471,-0.9739818457410112,1.6024785571083426,0.0,0.0,0.0,0.02768576861535723,1.0,4.0,0.0,4.0,0.0,2.995339232438696,0.043561961997805564,-1.0046607675613042,0.043561961997805564,1.3157868385314941,0.811646044254303,0.05877206102013588,-0.03535689413547516,1.0,0.0,20.0,1.0,1.1416258811950684,3.3728904724121094,0.020589835774984414,423.3761274917957,421.50949596693334,423.0,422.0,5.90572190284729,5.925624847412109,5.945430278778076,528,8,0000000000000000,0,0,5.9655115604400635,1,1,1,1,1,1779092727.1075506
6.001735925674426,1,stop_after_4mps,0.0,0.0,0.0899939015507698,0.02699178457260132,0.18568000197410583,18.441879307033524,27.138587890316728,0.0,0.0,0.0,0.8718966654489646,0.4896899067562821,-0.8686170961713776,1.4252823778908499,0.0,0.0,0.0,0.025565565070745415,1.0,4.0,0.0,4.0,0.0,2.995339232438696,0.043561961997805564,-1.0046607675613042,0.043561961997805564,1.3157868385314941,0.811646044254303,0.05877206102013588,-0.03535689413547516,1.0,0.0,20.0,1.0,1.1416258811950684,3.3728904724121094,0.020589835774984414,423.3761274917957,421.50949596693334,423.0,422.0,6.005774021148682,6.02577805519104,6.045590877532959,528,8,0000000000000000,0,0,5.9655115604400635,1,1,1,1,1,1779092727.1075506
6.051735925674426,1,stop_after_4mps,0.0,0.0,0.0899939015507698,0.02699178457260132,0.18568000197410583,18.441879307033524,27.138587890316728,0.0,0.0,0.0,0.8718966654489646,0.4896899067562821,-0.8686170961713776,1.4252823778908499,0.0,0.0,0.0,0.025565565070745415,1.0,0.0,0.0,0.0,0.0,-0.1376396549482021,0.18970958738964164,-0.1376396549482021,0.18970958738964164,1.288870096206665,0.8035215139389038,0.1773996353149414,-0.15243573486804962,1.0,0.0,20.0,1.0,1.1422593593597412,3.5707242488861084,0.05309795236180133,0.0,0.0,0.0,0.0,6.005774021148682,6.02577805519104,6.045590877532959,528,8,0000000000000000,0,0,6.065516710281372,1,1,1,1,1,1779092727.2086527
6.101735925674426,1,stop_after_4mps,0.0,0.0,0.08691919595003128,0.01930067129433155,0.18543784320354462,18.389336797619126,27.22463308335596,0.0,0.0,0.0,0.8722375563695612,0.48908245241314524,-0.7769514658047673,1.270883984077094,0.0,0.0,0.0,0.01926702335295042,1.0,0.0,0.0,0.0,0.0,-0.1376396549482021,0.18970958738964164,-0.1376396549482021,0.18970958738964164,1.288870096206665,0.8035215139389038,0.1773996353149414,-0.15243573486804962,1.0,0.0,20.0,1.0,1.1422593593597412,3.5707242488861084,0.05309795236180133,0.0,0.0,0.0,0.0,6.107199668884277,6.125594615936279,6.145437955856323,528,8,0000000000000000,0,0,6.065516710281372,1,1,1,1,1,1779092727.2086527
6.1517359256744255,1,stop_after_4mps,0.0,0.0,0.08691919595003128,0.01930067129433155,0.18543784320354462,18.389336797619126,27.22463308335596,0.0,0.0,0.0,0.8722375563695612,0.48908245241314524,-0.7769514658047673,1.270883984077094,0.0,0.0,0.0,0.01926702335295042,1.0,0.0,0.0,0.0,0.0,-0.13511015523195766,0.2057031594464587,-0.13511015523195766,0.2057031594464587,1.2827565670013428,0.809076726436615,0.1733134388923645,-0.16642963886260986,1.0,0.0,20.0,1.0,1.1425950527191162,3.685871124267578,0.019609495671882776,0.0,0.0,0.0,0.0,6.107199668884277,6.125594615936279,6.145437955856323,528,8,0000000000000000,0,0,6.16569185256958,1,1,1,1,1,1779092727.3104758
6.201735925674425,1,stop_after_4mps,0.0,0.0,0.0908074826002121,0.01909565180540085,0.18653304874897003,18.36069363316286,27.271407232763497,0.0,0.0,0.0,0.8725522733892269,0.4885207571877491,-0.6986431126203098,1.1394927284123217,0.0,0.0,0.0,0.03630338822663854,1.0,0.0,0.0,0.0,0.0,-0.13511015523195766,0.2057031594464587,-0.13511015523195766,0.2057031594464587,1.2827565670013428,0.809076726436615,0.1733134388923645,-0.16642963886260986,1.0,0.0,20.0,1.0,1.1425950527191162,3.685871124267578,0.019609495671882776,0.0,0.0,0.0,0.0,6.2057905197143555,6.22569727897644,6.245516300201416,528,8,0000000000000000,0,0,6.16569185256958,1,1,1,1,1,1779092727.3104758
6.251735925674425,1,stop_after_4mps,0.0,0.0,0.0908074826002121,0.01909565180540085,0.18653304874897003,18.36069363316286,27.271407232763497,0.0,0.0,0.0,0.8725522733892269,0.4885207571877491,-0.6986431126203098,1.1394927284123217,0.0,0.0,0.0,0.03630338822663854,1.0,0.0,0.0,0.0,0.0,-0.1350171962070251,0.20820666242336566,-0.1350171962070251,0.20820666242336566,1.2784550189971924,0.8113410472869873,0.17261341214179993,-0.16892661154270172,1.0,0.0,20.0,1.0,1.1409218311309814,3.6913039684295654,0.05374056126818412,0.0,0.0,0.0,0.0,6.2057905197143555,6.22569727897644,6.245516300201416,528,8,0000000000000000,0,0,6.2657859325408936,1,1,1,1,1,1779092727.40927
6.301735925674425,1,stop_after_4mps,0.0,0.0,0.09911298006772995,0.02296164259314537,0.18685796856880188,18.33632633516032,27.31110800195378,0.0,0.0,0.0,0.8727412301438231,0.4881831062286428,-0.636880701840452,1.0369560608086297,0.0,0.0,0.0,0.027787348932838678,1.0,0.0,0.0,0.0,0.0,-0.1350171962070251,0.20820666242336566,-0.1350171962070251,0.20820666242336566,1.2784550189971924,0.8113410472869873,0.17261341214179993,-0.16892661154270172,1.0,0.0,20.0,1.0,1.1409218311309814,3.6913039684295654,0.05374056126818412,0.0,0.0,0.0,0.0,6.3058247566223145,6.325605630874634,6.345412492752075,528,8,0000000000000000,0,0,6.2657859325408936,1,1,1,1,1,1779092727.40927
6.351735925674425,1,stop_after_4mps,0.0,0.0,0.09911298006772995,0.02296164259314537,0.18685796856880188,18.33632633516032,27.31110800195378,0.0,0.0,0.0,0.8727412301438231,0.4881831062286428,-0.636880701840452,1.0369560608086297,0.0,0.0,0.0,0.027787348932838678,1.0,0.0,0.0,0.0,0.0,-0.13539683292127908,0.21170650586455064,-0.13539683292127908,0.21170650586455064,1.2712054252624512,0.8137953281402588,0.1721171885728836,-0.1722857654094696,1.0,0.0,20.0,1.0,1.1407406330108643,3.637507438659668,0.019825598846636025,0.0,0.0,0.0,0.0,6.3058247566223145,6.325605630874634,6.345412492752075,528,8,0000000000000000,0,0,6.3656721115112305,1,1,1,1,1,1779092727.5104866
6.401735925674425,1,stop_after_4mps,0.0,0.0,0.10112783312797546,0.023875752463936806,0.18761155009269714,18.316074609351098,27.34406295420638,0.0,0.0,0.0,0.8728293945657265,0.4880254583339144,-0.5885034943754172,0.9574135531212897,0.0,0.0,0.0,0.016159492919077853,1.0,0.0,0.0,0.0,0.0,-0.13539683292127908,0.21170650586455064,-0.13539683292127908,0.21170650586455064,1.2712054252624512,0.8137953281402588,0.1721171885728836,-0.1722857654094696,1.0,0.0,20.0,1.0,1.1407406330108643,3.637507438659668,0.019825598846636025,0.0,0.0,0.0,0.0,6.405777931213379,6.425606727600098,6.445483684539795,528,8,0000000000000000,0,0,6.3656721115112305,1,1,1,1,1,1779092727.5104866
6.451735925674424,1,stop_after_4mps,0.0,0.0,0.10112783312797546,0.023875752463936806,0.18761155009269714,18.316074609351098,27.34406295420638,0.0,0.0,0.0,0.8728293945657265,0.4880254583339144,-0.5885034943754172,0.9574135531212897,0.0,0.0,0.0,0.016159492919077853,1.0,0.0,0.0,0.0,0.0,-0.13475570971720205,0.21472409912786966,-0.13475570971720205,0.21472409912786966,1.26375412940979,0.8165572881698608,0.17029808461666107,-0.17533452808856964,1.0,0.0,20.0,1.0,1.14111328125,3.500432252883911,0.07598669849921673,0.0,0.0,0.0,0.0,6.405777931213379,6.425606727600098,6.445483684539795,528,8,0000000000000000,0,0,6.465476989746094,1,1,1,1,1,1779092727.6093225
6.501735925674424,1,stop_after_4mps,0.0,0.0,0.10434958338737488,0.03298433497548103,0.18883195519447327,18.311498675868865,27.351505013429144,0.0,0.0,0.0,0.872863761578693,0.48796398814122993,-0.5816722059725392,0.9460012961050968,0.0,0.0,0.0,0.019812105075535595,1.0,0.0,0.0,0.0,0.0,-0.13475570971720205,0.21472409912786966,-0.13475570971720205,0.21472409912786966,1.26375412940979,0.8165572881698608,0.17029808461666107,-0.17533452808856964,1.0,0.0,20.0,1.0,1.14111328125,3.500432252883911,0.07598669849921673,0.0,0.0,0.0,0.0,6.506110191345215,6.525676250457764,6.545411825180054,528,8,0000000000000000,0,0,6.465476989746094,1,1,1,1,1,1779092727.6093225
6.551735925674424,1,stop_after_4mps,0.0,0.0,0.10434958338737488,0.03298433497548103,0.18883195519447327,18.311498675868865,27.351505013429144,0.0,0.0,0.0,0.872863761578693,0.48796398814122993,-0.5816722059725392,0.9460012961050968,0.0,0.0,0.0,0.019812105075535595,1.0,0.0,0.0,0.0,0.0,-0.1333215355385516,0.21517041945822415,-0.1333215355385516,0.21517041945822415,1.2605202198028564,0.8203254342079163,0.1680544912815094,-0.1765097677707672,1.0,0.0,20.0,1.0,1.1416654586791992,3.1715288162231445,0.04982771086013795,0.0,0.0,0.0,0.0,6.506110191345215,6.525676250457764,6.545411825180054,528,8,0000000000000000,0,0,6.566202163696289,1,1,1,1,1,1779092727.7090998
6.601735925674424,1,stop_after_4mps,0.0,0.0,0.2211942821741104,0.03153323382139206,0.19044657051563263,18.31089955769654,27.35247934852576,0.0,0.0,0.0,0.8728681644955629,0.4879561121762354,-0.5712397696427509,0.928996952279232,0.0,0.0,0.0,0.019965550931006205,1.0,0.0,0.0,0.0,0.0,-0.1333215355385516,0.21517041945822415,-0.1333215355385516,0.21517041945822415,1.2605202198028564,0.8203254342079163,0.1680544912815094,-0.1765097677707672,1.0,0.0,20.0,1.0,1.1416654586791992,3.1715288162231445,0.04982771086013795,0.0,0.0,0.0,0.0,6.605690956115723,6.62557053565979,6.645439147949219,528,8,0000000000000000,0,0,6.566202163696289,1,1,1,1,1,1779092727.7090998
6.651735925674424,1,stop_after_4mps,0.0,0.0,0.2211942821741104,0.03153323382139206,0.19044657051563263,18.31089955769654,27.35247934852576,0.0,0.0,0.0,0.8728681644955629,0.4879561121762354,-0.5712397696427509,0.928996952279232,0.0,0.0,0.0,0.019965550931006205,1.0,0.0,0.0,0.0,0.0,-0.12816785053148272,0.21647596608881178,-0.12816785053148272,0.21647596608881178,1.2523775100708008,0.8308993577957153,0.16051453351974487,-0.17986974120140076,1.0,0.0,20.0,1.0,1.1409270763397217,2.7321338653564453,0.05675402538562384,0.0,0.0,0.0,0.0,6.605690956115723,6.62557053565979,6.645439147949219,528,8,0000000000000000,0,0,6.665451765060425,1,1,1,1,1,1779092727.8086424
6.7017359256744236,1,stop_after_4mps,0.0,0.0,0.5857508778572083,0.04139343649148941,0.181417778134346,18.306287756046327,27.35997676309343,0.0,0.0,0.0,0.8729070046490309,0.4878866274398763,-0.5609354514758814,0.9119138125173288,0.0,0.0,0.0,0.02118850982121094,1.0,0.0,0.0,0.0,0.0,-0.12816785053148272,0.21647596608881178,-0.12816785053148272,0.21647596608881178,1.2523775100708008,0.8308993577957153,0.16051453351974487,-0.17986974120140076,1.0,0.0,20.0,1.0,1.1409270763397217,2.7321338653564453,0.05675402538562384,0.0,0.0,0.0,0.0,6.705972671508789,6.725594520568848,6.745425224304199,528,8,0000000000000000,0,0,6.665451765060425,1,1,1,1,1,1779092727.8086424
6.751735925674423,1,stop_after_4mps,0.0,0.0,0.5857508778572083,0.04139343649148941,0.181417778134346,18.306287756046327,27.35997676309343,0.0,0.0,0.0,0.8729070046490309,0.4878866274398763,-0.5609354514758814,0.9119138125173288,0.0,0.0,0.0,0.02118850982121094,1.0,0.0,0.0,0.0,0.0,-0.12444384065465561,0.2166044964568671,-0.12444384065465561,0.2166044964568671,1.244828224182129,0.837932825088501,0.15491120517253876,-0.18150001764297485,1.0,0.0,20.0,1.0,1.1408398151397705,2.2652738094329834,0.03541579589902622,0.0,0.0,0.0,0.0,6.705972671508789,6.725594520568848,6.745425224304199,528,8,0000000000000000,0,0,6.765564680099487,1,1,1,1,1,1779092727.9102814
6.801735925674423,1,stop_after_4mps,0.0,0.0,1.040004014968872,0.03647322207689285,0.18459829688072205,18.305751374327016,27.36084871351186,0.0,0.0,0.0,0.8729127907941671,0.48787627495907065,-0.5539886704824835,0.9005725505574532,0.0,0.0,0.0,0.021458647165841577,1.0,0.0,0.0,0.0,0.0,-0.12444384065465561,0.2166044964568671,-0.12444384065465561,0.2166044964568671,1.244828224182129,0.837932825088501,0.15491120517253876,-0.18150001764297485,1.0,0.0,20.0,1.0,1.1408398151397705,2.2652738094329834,0.03541579589902622,0.0,0.0,0.0,0.0,6.8056817054748535,6.825567245483398,6.845463037490845,528,8,0000000000000000,0,0,6.765564680099487,1,1,1,1,1,1779092727.9102814
6.851735925674423,1,stop_after_4mps,0.0,0.0,1.040004014968872,0.03647322207689285,0.18459829688072205,18.305751374327016,27.36084871351186,0.0,0.0,0.0,0.8729127907941671,0.48787627495907065,-0.5539886704824835,0.9005725505574532,0.0,0.0,0.0,0.021458647165841577,1.0,0.0,0.0,0.0,0.0,-0.12450859872911509,0.2162410738067306,-0.12450859872911509,0.2162410738067306,1.2400014400482178,0.8387272357940674,0.1543908417224884,-0.18136727809906006,1.0,0.0,20.0,1.0,1.14080810546875,1.8436373472213745,0.019135766211436516,0.0,0.0,0.0,0.0,6.8056817054748535,6.825567245483398,6.845463037490845,528,8,0000000000000000,0,0,6.865481615066528,1,1,1,1,1,1779092728.0093853
6.901735925674423,1,stop_after_4mps,0.0,0.0,1.4919015169143677,0.05984186381101608,0.19947212934494019,18.301101130763307,27.368404620263597,0.0,0.0,0.0,0.8729646629147033,0.48778345328866834,-0.5367531284120854,0.8721385302559183,0.0,0.0,0.0,0.023913980078807066,1.0,0.0,0.0,0.0,0.0,-0.12450859872911509,0.2162410738067306,-0.12450859872911509,0.2162410738067306,1.2400014400482178,0.8387272357940674,0.1543908417224884,-0.18136727809906006,1.0,0.0,20.0,1.0,1.14080810546875,1.8436373472213745,0.019135766211436516,0.0,0.0,0.0,0.0,6.905997037887573,6.925618410110474,6.945430278778076,528,8,0000000000000000,0,0,6.865481615066528,1,1,1,1,1,1779092728.0093853
6.951735925674423,1,stop_after_4mps,0.0,0.0,1.4919015169143677,0.05984186381101608,0.19947212934494019,18.301101130763307,27.368404620263597,0.0,0.0,0.0,0.8729646629147033,0.48778345328866834,-0.5367531284120854,0.8721385302559183,0.0,0.0,0.0,0.023913980078807066,1.0,0.0,0.0,0.0,0.0,-0.11639145576403317,0.19050201907121334,-0.11639145576403317,0.19050201907121334,1.2357800006866455,0.8580522537231445,0.14383423328399658,-0.16346068680286407,1.0,0.0,20.0,1.0,1.1412975788116455,1.4755293130874634,0.007207202675631588,0.0,0.0,0.0,0.0,6.905997037887573,6.925618410110474,6.945430278778076,528,8,0000000000000000,0,0,6.965514659881592,1,1,1,1,1,1779092728.1091547
7.0017359256744225,1,sine_low_wl5m,2.0,3.3638540328441365e-05,1.9696720838546753,0.05689084529876709,0.21608111262321472,18.29682035077019,27.375357072967685,0.0,0.0,0.0,0.87301373401007,0.4876956225247411,-0.5299555090982886,0.8607054364395568,0.0,0.0,0.0,0.02428958370572371,1.0,0.0,0.0,0.0,0.0,-0.11639145576403317,0.19050201907121334,-0.11639145576403317,0.19050201907121334,1.2357800006866455,0.8580522537231445,0.14383423328399658,-0.16346068680286407,1.0,0.0,20.0,1.0,1.1412975788116455,1.4755293130874634,0.007207202675631588,0.0,0.0,0.0,0.0,7.00673770904541,7.026754856109619,7.046553134918213,528,8,0000000000000000,0,0,6.965514659881592,1,1,1,1,1,1779092728.1091547
7.051735925674422,1,sine_low_wl5m,2.0,0.035243764476153065,1.9696720838546753,0.05689084529876709,0.21608111262321472,18.29682035077019,27.375357072967685,0.0,0.0,0.0,0.87301373401007,0.4876956225247411,-0.5299555090982886,0.8607054364395568,0.0,0.0,0.0,0.02428958370572371,1.0,0.0,0.0,0.0,0.0,-0.10714475886866359,0.1692685563876295,-0.10714475886866359,0.1692685563876295,1.2268309593200684,0.8754450082778931,0.13144850730895996,-0.14818531274795532,1.0,0.0,20.0,1.0,1.140580654144287,1.1187061071395874,0.013519133402938657,0.0,0.0,0.0,0.0,7.00673770904541,7.026754856109619,7.046553134918213,528,8,0000000000000000,0,0,7.066605567932129,1,1,1,1,1,1779092728.2087283
7.101735925674422,1,sine_low_wl5m,2.0,0.08718816596023153,2.4162142276763916,0.062108129262924194,0.20817795395851135,18.29566799867816,27.377228386153934,0.0,0.0,0.0,0.8730272335684233,0.4876714564620998,-0.5230294328548419,0.8493514102744343,0.0,0.0,0.0,0.025737678781744825,1.0,0.0,0.0,0.0,0.0,-0.10714475886866359,0.1692685563876295,-0.10714475886866359,0.1692685563876295,1.2268309593200684,0.8754450082778931,0.13144850730895996,-0.14818531274795532,1.0,0.0,20.0,1.0,1.140580654144287,1.1187061071395874,0.013519133402938657,0.0,0.0,0.0,0.0,7.106964826583862,7.126810312271118,7.14655876159668,528,8,0000000000000000,0,0,7.066605567932129,1,1,1,1,1,1779092728.2087283
7.151735925674422,1,sine_low_wl5m,2.0,0.12073923403432828,2.4162142276763916,0.062108129262924194,0.20817795395851135,18.29566799867816,27.377228386153934,0.0,0.0,0.0,0.8730272335684233,0.4876714564620998,-0.5230294328548419,0.8493514102744343,0.0,0.0,0.0,0.025737678781744825,1.0,0.0,0.0,0.0,0.0,-0.10432030907722767,0.16097337895571476,-0.10432030907722767,0.16097337895571476,1.219534158706665,0.873807430267334,0.1272221803665161,-0.14065973460674286,1.0,0.0,20.0,1.0,1.1411566734313965,0.8203715682029724,0.002989870376039861,0.0,0.0,0.0,0.0,7.106964826583862,7.126810312271118,7.14655876159668,528,8,0000000000000000,0,0,7.1665730476379395,1,1,1,1,1,1779092728.3092108
7.201735925674422,1,sine_low_wl5m,2.0,0.1687297351390274,2.8065500259399414,0.06583532691001892,0.2744205594062805,18.29172072041844,27.383635604192197,0.0,0.0,0.0,0.873074743869732,0.48758639400295184,-0.5127310310885865,0.8322644858084867,0.0,0.0,0.0,0.026343492261507152,1.0,0.0,0.0,0.0,0.0,-0.10432030907722767,0.16097337895571476,-0.10432030907722767,0.16097337895571476,1.219534158706665,0.873807430267334,0.1272221803665161,-0.14065973460674286,1.0,0.0,20.0,1.0,1.1411566734313965,0.8203715682029724,0.002989870376039861,0.0,0.0,0.0,0.0,7.2069032192230225,7.22675895690918,7.246600389480591,528,8,0000000000000000,0,0,7.1665730476379395,1,1,1,1,1,1779092728.3092108
7.251735925674422,1,sine_low_wl5m,2.0,0.19864916528254123,2.8065500259399414,0.06583532691001892,0.2744205594062805,18.29172072041844,27.383635604192197,0.0,0.0,0.0,0.873074743869732,0.48758639400295184,-0.5127310310885865,0.8322644858084867,0.0,0.0,0.0,0.026343492261507152,1.0,0.0,0.0,0.0,0.0,-0.0958369537954516,0.15567098158357562,-0.0958369537954516,0.15567098158357562,1.0318354368209839,0.8449288010597229,0.09888796508312225,-0.13153089582920074,1.0,0.0,20.0,1.0,1.14042067527771,0.5875058770179749,0.007648498333729733,0.0,0.0,0.0,0.0,7.2069032192230225,7.22675895690918,7.246600389480591,528,8,0000000000000000,0,0,7.266565561294556,1,1,1,1,1,1779092728.4088976
7.301735925674421,1,sine_low_wl5m,2.0,0.2396892878319545,3.1057517528533936,0.0718160942196846,0.2603250741958618,18.26023490966016,27.43470926843553,0.0,0.0,0.0,0.8731599763512544,0.4874337449318388,-0.4222834257323658,0.6849136277730509,0.0,0.0,0.0,0.006318834529240626,1.0,0.0,0.0,0.0,0.0,-0.0958369537954516,0.15567098158357562,-0.0958369537954516,0.15567098158357562,1.0318354368209839,0.8449288010597229,0.09888796508312225,-0.13153089582920074,1.0,0.0,20.0,1.0,1.14042067527771,0.5875058770179749,0.007648498333729733,0.0,0.0,0.0,0.0,7.306971073150635,7.326832294464111,7.346673488616943,528,8,0000000000000000,0,0,7.266565561294556,1,1,1,1,1,1779092728.4088976
7.351735925674421,1,sine_low_wl5m,2.0,0.2640723630003826,3.1057517528533936,0.0718160942196846,0.2603250741958618,18.26023490966016,27.43470926843553,0.0,0.0,0.0,0.8731599763512544,0.4874337449318388,-0.4222834257323658,0.6849136277730509,0.0,0.0,0.0,0.006318834529240626,1.0,0.0,0.0,0.0,0.0,-0.09251453964610976,0.16446736634724418,-0.09251453964610976,0.16446736634724418,1.0205391645431519,0.8382875919342041,0.09441471099853516,-0.13787095248699188,1.0,0.0,20.0,1.0,1.1404590606689453,0.42471805214881897,-0.00035461882627139886,0.0,0.0,0.0,0.0,7.306971073150635,7.326832294464111,7.346673488616943,528,8,0000000000000000,0,0,7.366644620895386,1,1,1,1,1,1779092728.5092413
7.401735925674421,1,sine_low_wl5m,2.0,0.29558436168701707,3.3728904724121094,0.07132578641176224,0.18058745563030243,18.207241268232902,27.520476106921855,0.0,0.0,0.0,0.8735480425346753,0.48673793501620266,-0.21693556317795118,0.35060225445910936,0.0,0.0,0.0,0.004193351975355463,1.0,0.0,0.0,0.0,0.0,-0.09251453964610976,0.16446736634724418,-0.09251453964610976,0.16446736634724418,1.0205391645431519,0.8382875919342041,0.09441471099853516,-0.13787095248699188,1.0,0.0,20.0,1.0,1.1404590606689453,0.42471805214881897,-0.00035461882627139886,0.0,0.0,0.0,0.0,7.406841278076172,7.426799774169922,7.446636199951172,528,8,0000000000000000,0,0,7.366644620895386,1,1,1,1,1,1779092728.5092413
7.451735925674421,1,sine_low_wl5m,2.0,0.31291123059800724,3.3728904724121094,0.07132578641176224,0.18058745563030243,18.207241268232902,27.520476106921855,0.0,0.0,0.0,0.8735480425346753,0.48673793501620266,-0.21693556317795118,0.35060225445910936,0.0,0.0,0.0,0.004193351975355463,1.0,0.0,0.0,0.0,0.0,-0.09180357355589762,0.17034865018469939,-0.09180357355589762,0.17034865018469939,1.015673279762268,0.8341773748397827,0.09324243664741516,-0.142100989818573,1.0,0.0,20.0,1.0,1.1400244235992432,0.302278995513916,0.0010210297257092972,0.0,0.0,0.0,0.0,7.406841278076172,7.426799774169922,7.446636199951172,528,8,0000000000000000,0,0,7.466626405715942,1,1,1,1,1,1779092728.6089377
7.501735925674421,1,sine_low_wl5m,2.0,0.3329098230458787,3.5707242488861084,0.05860832706093788,0.14449506998062134,18.18019591727812,27.563959493908996,0.0,0.0,0.0,0.875063619395228,0.48400791523581865,-0.34281806942435394,0.546392653536963,0.0,0.0,0.0,-0.05503354528420961,1.0,0.0,0.0,0.0,0.0,-0.09180357355589762,0.17034865018469939,-0.09180357355589762,0.17034865018469939,1.015673279762268,0.8341773748397827,0.09324243664741516,-0.142100989818573,1.0,0.0,20.0,1.0,1.1400244235992432,0.302278995513916,0.0010210297257092972,0.0,0.0,0.0,0.0,7.506912469863892,7.526791572570801,7.546564340591431,528,8,c100000003010000,193,259,7.466626405715942,1,1,1,1,1,1779092728.6089377
7.5517359256744205,1,sine_low_wl5m,2.0,0.34207013602077324,3.5707242488861084,0.05860832706093788,0.14449506998062134,18.18019591727812,27.563959493908996,0.0,0.0,0.0,0.875063619395228,0.48400791523581865,-0.34281806942435394,0.546392653536963,0.0,0.0,0.0,-0.05503354528420961,1.0,0.0,0.0,0.0,0.0,-0.09035676587283262,0.18299849116808198,-0.09035676587283262,0.18299849116808198,1.0067031383514404,0.8274472951889038,0.09096243977546692,-0.15142160654067993,1.0,0.0,20.0,1.0,1.1397778987884521,0.21620510518550873,0.0017564286307089247,0.0,0.0,0.0,0.0,7.506912469863892,7.526791572570801,7.546564340591431,528,8,c100000003010000,193,259,7.566583633422852,1,1,1,1,1,1779092728.7095962
7.60173592567442,1,sine_low_wl5m,2.0,0.349316897267757,3.685871124267578,0.05324879661202431,0.2502860426902771,18.136270240389724,27.63433500807286,0.0,0.0,0.0,0.8747133619201127,0.48464062404880365,-0.5359604963008837,0.8569790174474196,0.0,0.0,0.0,0.11036027029250292,1.0,0.0,0.0,0.0,0.0,-0.09035676587283262,0.18299849116808198,-0.09035676587283262,0.18299849116808198,1.0067031383514404,0.8274472951889038,0.09096243977546692,-0.15142160654067993,1.0,0.0,20.0,1.0,1.1397778987884521,0.21620510518550873,0.0017564286307089247,0.0,0.0,0.0,0.0,7.606828927993774,7.626735687255859,7.646613359451294,528,8,280100009d000000,296,157,7.566583633422852,1,1,1,1,1,1779092728.7095962
7.65173592567442,1,sine_low_wl5m,2.0,0.34974594132137654,3.685871124267578,0.05324879661202431,0.2502860426902771,18.136270240389724,27.63433500807286,0.0,0.0,0.0,0.8747133619201127,0.48464062404880365,-0.5359604963008837,0.8569790174474196,0.0,0.0,0.0,0.11036027029250292,1.0,0.0,0.0,0.0,0.0,-0.08952101881734878,0.19409695279772174,-0.08952101881734878,0.19409695279772174,1.000365138053894,0.8220826387405396,0.08955370634794235,-0.15956373512744904,1.0,0.0,20.0,1.0,1.1393873691558838,0.15558424592018127,-0.0006275117025356856,0.0,0.0,0.0,0.0,7.606828927993774,7.626735687255859,7.646613359451294,528,8,280100009d000000,296,157,7.666555643081665,1,1,1,1,1,1779092728.8086808
7.70173592567442,1,sine_low_wl5m,2.0,0.34377545862864717,3.6913039684295654,0.05454311892390251,0.28434646129608154,18.058475925110876,27.756302574779014,0.0,0.0,0.0,0.8780399244050496,0.47858739134119976,-0.6414410772107942,0.9948017565020741,0.0,0.0,0.0,0.02769277477850368,1.0,0.0,0.0,0.0,0.0,-0.08952101881734878,0.19409695279772174,-0.08952101881734878,0.19409695279772174,1.000365138053894,0.8220826387405396,0.08955370634794235,-0.15956373512744904,1.0,0.0,20.0,1.0,1.1393873691558838,0.15558424592018127,-0.0006275117025356856,0.0,0.0,0.0,0.0,7.7069411277771,7.7267372608184814,7.746505260467529,528,8,3001000094000000,304,148,7.666555643081665,1,1,1,1,1,1779092728.8086808
7.75173592567442,1,sine_low_wl5m,2.0,0.3354590025653888,3.6913039684295654,0.05454311892390251,0.28434646129608154,18.058475925110876,27.756302574779014,0.0,0.0,0.0,0.8780399244050496,0.47858739134119976,-0.6414410772107942,0.9948017565020741,0.0,0.0,0.0,0.02769277477850368,1.0,0.0,0.0,0.0,0.0,-0.08771917474801466,0.19712899446706894,-0.08771917474801466,0.19712899446706894,0.9991455078125,0.8220868110656738,0.08764421939849854,-0.16205714643001556,1.0,0.0,20.0,1.0,1.1404533386230469,0.1170831024646759,1.9518351648717684e-05,0.0,0.0,0.0,0.0,7.7069411277771,7.7267372608184814,7.746505260467529,528,8,3001000094000000,304,148,7.766563653945923,1,1,1,1,1,1779092728.9088387
7.80173592567442,1,sine_low_wl5m,2.0,0.316653744357709,3.637507438659668,0.04843604937195778,0.3062862753868103,17.977513134612405,27.87973936896964,0.0,0.0,0.0,0.8821408001081205,0.47098578405786834,-0.7880153039764369,1.1769725557415383,0.0,0.0,0.0,0.1769597374456225,1.0,0.0,0.0,0.0,0.0,-0.08771917474801466,0.19712899446706894,-0.08771917474801466,0.19712899446706894,0.9991455078125,0.8220868110656738,0.08764421939849854,-0.16205714643001556,1.0,0.0,20.0,1.0,1.1404533386230469,0.1170831024646759,1.9518351648717684e-05,0.0,0.0,0.0,0.0,7.806778430938721,7.826723337173462,7.8471667766571045,528,8,3401000090000000,308,144,7.766563653945923,1,1,1,1,1,1779092728.9088387
7.8517359256744195,1,sine_low_wl5m,2.0,0.3000493460764424,3.637507438659668,0.04843604937195778,0.3062862753868103,17.977513134612405,27.87973936896964,0.0,0.0,0.0,0.8821408001081205,0.47098578405786834,-0.7880153039764369,1.1769725557415383,0.0,0.0,0.0,0.1769597374456225,1.0,0.0,0.0,0.0,0.0,-0.08502191462227959,0.20191176735250968,-0.08502191462227959,0.20191176735250968,0.996786892414093,0.8213534355163574,0.08474873006343842,-0.16584092378616333,1.0,0.0,20.0,1.0,1.1397929191589355,0.09906579554080963,-0.0014213943362466445,0.0,0.0,0.0,0.0,7.806778430938721,7.826723337173462,7.8471667766571045,528,8,3401000090000000,308,144,7.866561412811279,1,1,1,1,1,1779092729.0090601
7.901735925674419,1,sine_low_wl5m,2.0,0.2695781061245993,3.500432252883911,0.05248986929655075,0.1958172768354416,17.910773560439488,27.97806785229561,0.0,0.0,0.0,0.8848471852354262,0.46588137844406646,-0.8881160039110365,1.2938879050154461,0.0,0.0,0.0,0.16350356276768865,1.0,0.0,0.0,0.0,0.0,-0.08502191462227959,0.20191176735250968,-0.08502191462227959,0.20191176735250968,0.996786892414093,0.8213534355163574,0.08474873006343842,-0.16584092378616333,1.0,0.0,20.0,1.0,1.1397929191589355,0.09906579554080963,-0.0014213943362466445,0.0,0.0,0.0,0.0,7.907138109207153,7.926827907562256,7.946547031402588,528,8,370100008e000000,311,142,7.866561412811279,1,1,1,1,1,1779092729.0090601
7.951735925674419,1,sine_low_wl5m,2.0,0.24584404949160382,3.500432252883911,0.05248986929655075,0.1958172768354416,17.910773560439488,27.97806785229561,0.0,0.0,0.0,0.8848471852354262,0.46588137844406646,-0.8881160039110365,1.2938879050154461,0.0,0.0,0.0,0.16350356276768865,1.0,0.0,0.0,0.0,0.0,-0.08344075381567316,0.20504790974197706,-0.08344075381567316,0.20504790974197706,0.9951633810997009,0.8200130462646484,0.08303718268871307,-0.16814196109771729,1.0,0.0,20.0,1.0,1.1406564712524414,0.08238866925239563,-0.00128450991773098,0.0,0.0,0.0,0.0,7.907138109207153,7.926827907562256,7.946547031402588,528,8,370100008e000000,311,142,7.966557741165161,1,1,1,1,1,1779092729.1093063
8.001735925674419,1,sine_low_wl5m,2.0,0.20563383060858273,3.1715288162231445,0.02745775319635868,0.21516887843608856,17.835066807285276,28.086320569372923,0.0,0.0,0.0,0.8886288987711601,0.4586269510928846,-0.9862147533217637,1.3875894687314292,0.0,0.0,0.0,0.1984971937569338,1.0,0.0,0.0,0.0,0.0,-0.08344075381567316,0.20504790974197706,-0.08344075381567316,0.20504790974197706,0.9951633810997009,0.8200130462646484,0.08303718268871307,-0.16814196109771729,1.0,0.0,20.0,1.0,1.1406564712524414,0.08238866925239563,-0.00128450991773098,0.0,0.0,0.0,0.0,8.006807565689087,8.026763916015625,8.04672908782959,528,8,380100008d000000,312,141,7.966557741165161,1,1,1,1,1,1779092729.1093063
8.05173592567442,1,sine_low_wl5m,2.0,0.17613181534613703,3.1715288162231445,0.02745775319635868,0.21516887843608856,17.835066807285276,28.086320569372923,0.0,0.0,0.0,0.8886288987711601,0.4586269510928846,-0.9862147533217637,1.3875894687314292,0.0,0.0,0.0,0.1984971937569338,1.0,2.0,0.05271450138510327,2.0,0.05271450138510327,2.5215315402691107,0.2165301849909972,0.5215315402691107,0.1638156836058939,0.8610019683837891,0.7653706073760986,-0.17104361951351166,-0.11301133781671524,1.0,0.0,20.0,1.0,1.1413352489471436,0.06793323904275894,-0.0007317898187798795,192.50544698861097,259.2933824077603,193.0,259.0,8.006807565689087,8.026763916015625,8.04672908782959,528,8,380100008d000000,312,141,8.066540002822876,1,1,1,1,1,1779092729.2098746
8.10173592567442,1,sine_low_wl5m,2.0,0.1287057635580188,2.7321338653564453,0.04367745295166969,0.21525853872299194,17.747468527589675,28.207386159075796,0.0,0.0,0.0,0.8920784627591161,0.45188053319581306,-1.0897448175179965,1.485071900519438,0.0,0.0,0.0,0.19180328736845922,1.0,2.0,0.05271450138510327,2.0,0.05271450138510327,2.5215315402691107,0.2165301849909972,0.5215315402691107,0.1638156836058939,0.8610019683837891,0.7653706073760986,-0.17104361951351166,-0.11301133781671524,1.0,0.0,20.0,1.0,1.1413352489471436,0.06793323904275894,-0.0007317898187798795,192.50544698861097,259.2933824077603,193.0,259.0,8.106973886489868,8.126854181289673,8.146634817123413,528,8,380100008c000000,312,140,8.066540002822876,1,1,1,1,1,1779092729.2098746
8.151735925674421,1,sine_low_wl5m,2.0,0.09539519106515867,2.7321338653564453,0.04367745295166969,0.21525853872299194,17.747468527589675,28.207386159075796,0.0,0.0,0.0,0.8920784627591161,0.45188053319581306,-1.0897448175179965,1.485071900519438,0.0,0.0,0.0,0.19180328736845922,1.0,2.0,0.1371017348682909,2.0,0.1371017348682909,2.735786327855523,0.3648453174009824,0.7357863278555228,0.22774358253269153,0.8289300203323364,0.8144290447235107,-0.26777541637420654,-0.16003888845443726,1.0,0.0,20.0,1.0,1.1402943134307861,0.11871141940355301,-0.03571689240459239,298.07213489950954,154.22701055331154,298.0,154.0,8.106973886489868,8.126854181289673,8.146634817123413,528,8,380100008c000000,312,140,8.16657304763794,1,1,1,1,1,1779092729.3101046
8.201735925674422,1,sine_low_wl5m,2.0,0.043745208971497654,2.2652738094329834,0.05146132409572601,0.2183629423379898,17.65670851977507,28.328871119741578,0.0,0.0,0.0,0.8956196199310438,0.44482074636259117,-1.1733408757897044,1.5471503131053501,0.0,0.0,0.0,0.1769702465726558,1.0,2.0,0.1371017348682909,2.0,0.1371017348682909,2.735786327855523,0.3648453174009824,0.7357863278555228,0.22774358253269153,0.8289300203323364,0.8144290447235107,-0.26777541637420654,-0.16003888845443726,1.0,0.0,20.0,1.0,1.1402943134307861,0.11871141940355301,-0.03571689240459239,298.07213489950954,154.22701055331154,298.0,154.0,8.206823348999023,8.226853370666504,8.24668002128601,528,8,380100008d000000,312,141,8.16657304763794,1,1,1,1,1,1779092729.3101046
8.251735925674422,1,sine_low_wl5m,2.0,0.008657866766075084,2.2652738094329834,0.05146132409572601,0.2183629423379898,17.65670851977507,28.328871119741578,0.0,0.0,0.0,0.8956196199310438,0.44482074636259117,-1.1733408757897044,1.5471503131053501,0.0,0.0,0.0,0.1769702465726558,1.0,2.0,0.2128750177318336,2.0,0.2128750177318336,2.7874154683367216,0.4753594041256934,0.7874154683367216,0.2624843863938598,0.8239018321037292,0.8483039140701294,-0.2965567111968994,-0.1903742253780365,1.0,0.0,20.0,1.0,1.1415584087371826,0.19955922663211823,0.01639127354510557,305.10830611317834,147.2241861226459,305.0,147.0,8.206823348999023,8.226853370666504,8.24668002128601,528,8,380100008d000000,312,141,8.266626119613647,1,1,1,1,1,1779092729.41014
8.301735925674423,1,sine_low_wl5m,2.0,-0.04399972111010811,1.8436373472213745,0.03563952445983887,0.17855671048164368,17.531968350368185,28.490240227679333,0.0,0.0,0.0,0.8991731415779736,0.4375930317827255,-1.2555528232805477,1.6013127989605294,0.0,0.0,0.0,0.17136299502935534,1.0,2.0,0.2128750177318336,2.0,0.2128750177318336,2.7874154683367216,0.4753594041256934,0.7874154683367216,0.2624843863938598,0.8239018321037292,0.8483039140701294,-0.2965567111968994,-0.1903742253780365,1.0,0.0,20.0,1.0,1.1415584087371826,0.19955922663211823,0.01639127354510557,305.10830611317834,147.2241861226459,305.0,147.0,8.307079315185547,8.326970100402832,8.346555709838867,528,8,360100008e000000,310,142,8.266626119613647,1,1,1,1,1,1779092729.41014
8.351735925674424,1,sine_low_wl5m,2.0,-0.07860921098025807,1.8436373472213745,0.03563952445983887,0.17855671048164368,17.531968350368185,28.490240227679333,0.0,0.0,0.0,0.8991731415779736,0.4375930317827255,-1.2555528232805477,1.6013127989605294,0.0,0.0,0.0,0.17136299502935534,1.0,2.0,0.27530724732334433,2.0,0.27530724732334433,2.804812338639508,0.5495662551876154,0.8048123386395081,0.27425900786427104,0.8271061182022095,0.88095623254776,-0.3198774456977844,-0.20883657038211823,1.0,0.0,20.0,1.0,1.141848087310791,0.6009694933891296,0.08265439620625192,308.783327482674,143.5665819160389,309.0,144.0,8.307079315185547,8.326970100402832,8.346555709838867,528,8,360100008e000000,310,142,8.366588115692139,1,1,1,1,1,1779092729.5098395
8.401735925674425,1,sine_low_wl5m,2.0,-0.12894952339103366,1.4755293130874634,0.034153249114751816,0.2079390585422516,17.409586958599665,28.643520566313654,0.0,0.0,0.0,0.9024868987799112,0.4307173058174218,-1.3342227223147993,1.6491681375616754,0.0,0.0,0.0,0.12255366857409074,1.0,2.0,0.27530724732334433,2.0,0.27530724732334433,2.804812338639508,0.5495662551876154,0.8048123386395081,0.27425900786427104,0.8271061182022095,0.88095623254776,-0.3198774456977844,-0.20883657038211823,1.0,0.0,20.0,1.0,1.141848087310791,0.6009694933891296,0.08265439620625192,308.783327482674,143.5665819160389,309.0,144.0,8.406918048858643,8.42683482170105,8.447011470794678,528,8,3301000091000000,307,145,8.366588115692139,1,1,1,1,1,1779092729.5098395
8.451735925674425,1,sine_low_wl5m,2.0,-0.16097886543413187,1.4755293130874634,0.034153249114751816,0.2079390585422516,17.409586958599665,28.643520566313654,0.0,0.0,0.0,0.9024868987799112,0.4307173058174218,-1.3342227223147993,1.6491681375616754,0.0,0.0,0.0,0.12255366857409074,1.0,2.0,0.32039415762614215,2.0,0.32039415762614215,2.6920166867069306,0.5887194657323607,0.6920166867069306,0.2683253081062185,0.8532611727714539,0.8896108865737915,-0.29699331521987915,-0.20333708822727203,1.0,0.0,20.0,1.0,1.140174150466919,0.9151625037193298,0.07368559986655611,310.90345764730534,141.45649976166635,311.0,141.0,8.406918048858643,8.42683482170105,8.447011470794678,528,8,3301000091000000,307,145,8.466586589813232,1,1,1,1,1,1779092729.6098588
8.501735925674426,1,sine_low_wl5m,2.0,-0.20582797810105868,1.1187061071395874,0.02600252442061901,0.20763753354549408,17.28270565406225,28.798398015788305,0.0,0.0,0.0,0.9049826834634999,0.4254484018435172,-1.3957864264368876,1.6847058677779274,0.0,0.0,0.0,0.10922542074638894,1.0,2.0,0.32039415762614215,2.0,0.32039415762614215,2.6920166867069306,0.5887194657323607,0.6920166867069306,0.2683253081062185,0.8532611727714539,0.8896108865737915,-0.29699331521987915,-0.20333708822727203,1.0,0.0,20.0,1.0,1.140174150466919,0.9151625037193298,0.07368559986655611,310.90345764730534,141.45649976166635,311.0,141.0,8.507068634033203,8.526845932006836,8.546590805053711,528,8,2e01000096000000,302,150,8.466586589813232,1,1,1,1,1,1779092729.6098588
8.551735925674427,1,sine_low_wl5m,2.0,-0.23319436618116282,1.1187061071395874,0.02600252442061901,0.20763753354549408,17.28270565406225,28.798398015788305,0.0,0.0,0.0,0.9049826834634999,0.4254484018435172,-1.3957864264368876,1.6847058677779274,0.0,0.0,0.0,0.10922542074638894,1.0,2.0,0.345363845273379,2.0,0.345363845273379,2.542892625694307,0.5927962479507074,0.5428926256943072,0.2474324026773284,0.8886947631835938,0.8957363963127136,-0.25985535979270935,-0.1856253296136856,1.0,0.0,20.0,1.0,1.1411073207855225,1.1952261924743652,0.18707480221781195,311.9518307528784,140.41309524901075,312.0,140.0,8.507068634033203,8.526845932006836,8.546590805053711,528,8,2e01000096000000,302,150,8.566608905792236,1,1,1,1,1,1779092729.709771
8.601735925674427,1,sine_low_wl5m,2.0,-0.26975742905866024,0.8203715682029724,0.02611674927175045,0.21407589316368103,17.100586095242033,29.017391880225833,0.0,0.0,0.0,0.905368678780207,0.4246263716301453,-1.4371102848013966,1.7281846914284613,0.0,0.0,0.0,-0.024587002305429477,1.0,2.0,0.345363845273379,2.0,0.345363845273379,2.542892625694307,0.5927962479507074,0.5428926256943072,0.2474324026773284,0.8886947631835938,0.8957363963127136,-0.25985535979270935,-0.1856253296136856,1.0,0.0,20.0,1.0,1.1411073207855225,1.1952261924743652,0.18707480221781195,311.9518307528784,140.41309524901075,312.0,140.0,8.606832504272461,8.626773834228516,8.646727085113525,528,8,260100009e000000,294,158,8.566608905792236,1,1,1,1,1,1779092729.709771
8.651735925674428,1,sine_low_wl5m,2.0,-0.2907749489414764,0.8203715682029724,0.02611674927175045,0.21407589316368103,17.100586095242033,29.017391880225833,0.0,0.0,0.0,0.905368678780207,0.4246263716301453,-1.4371102848013966,1.7281846914284613,0.0,0.0,0.0,-0.024587002305429477,1.0,2.0,0.34863662624475694,2.0,0.34863662624475694,2.4684324545279477,0.5806491177664106,0.4684324545279477,0.23201249152165365,0.9087233543395996,0.8992905616760254,-0.24312222003936768,-0.17353564500808716,1.0,0.0,20.0,1.0,1.1408350467681885,1.4098947048187256,0.11888937689079762,312.0838237777206,140.28172778352794,312.0,140.0,8.606832504272461,8.626773834228516,8.646727085113525,528,8,260100009e000000,294,158,8.666540622711182,1,1,1,1,1,1779092729.809827
8.701735925674429,1,sine_low_wl5m,2.0,-0.31674475301560756,0.5875058770179749,0.01062023639678955,0.19777747988700867,16.90740380043141,29.25037826710408,0.0,0.0,0.0,0.9049563287312229,0.4255044571908816,-1.476173381788088,1.782181798858915,0.0,0.0,0.0,0.019772221345666807,1.0,2.0,0.34863662624475694,2.0,0.34863662624475694,2.4684324545279477,0.5806491177664106,0.4684324545279477,0.23201249152165365,0.9087233543395996,0.8992905616760254,-0.24312222003936768,-0.17353564500808716,1.0,0.0,20.0,1.0,1.1408350467681885,1.4098947048187256,0.11888937689079762,312.0838237777206,140.28172778352794,312.0,140.0,8.706910371780396,8.726778507232666,8.746986389160156,528,8,c100000003010000,193,259,8.666540622711182,1,1,1,1,1,1779092729.809827
8.75173592567443,1,sine_low_wl5m,2.0,-0.3301887502811982,0.5875058770179749,0.01062023639678955,0.19777747988700867,16.90740380043141,29.25037826710408,0.0,0.0,0.0,0.9049563287312229,0.4255044571908816,-1.476173381788088,1.782181798858915,0.0,0.0,0.0,0.019772221345666807,1.0,2.0,0.33001230453570973,2.0,0.33001230453570973,2.2701792687615456,0.5273939894729897,0.27017926876154563,0.19738168493727992,0.959336519241333,0.8939986824989319,-0.1778658777475357,-0.14147722721099854,1.0,0.0,20.0,1.0,1.1410090923309326,1.6189976930618286,0.23062592629699877,311.31635989650505,141.0455543951644,311.0,141.0,8.706910371780396,8.726778507232666,8.746986389160156,528,8,c100000003010000,193,259,8.766555786132812,1,1,1,1,1,1779092729.909848
8.80173592567443,1,sine_low_wl5m,2.0,-0.3438245168305688,0.42471805214881897,0.009996051900088787,0.2012111246585846,16.67145343500629,29.536519832903142,0.0,0.0,0.0,0.9035296932381849,0.4285254874997654,-1.4852699871784272,1.81775277947257,0.0,0.0,0.0,-0.08366933679806625,1.0,2.0,0.33001230453570973,2.0,0.33001230453570973,2.2701792687615456,0.5273939894729897,0.27017926876154563,0.19738168493727992,0.959336519241333,0.8939986824989319,-0.1778658777475357,-0.14147722721099854,1.0,0.0,20.0,1.0,1.1410090923309326,1.6189976930618286,0.23062592629699877,311.31635989650505,141.0455543951644,311.0,141.0,8.80698537826538,8.826786994934082,8.84655499458313,528,8,a400000020010000,164,288,8.766555786132812,1,1,1,1,1,1779092729.909848
8.851735925674431,1,sine_low_wl5m,2.0,-0.3486568583220718,0.42471805214881897,0.009996051900088787,0.2012111246585846,16.67145343500629,29.536519832903142,0.0,0.0,0.0,0.9035296932381849,0.4285254874997654,-1.4852699871784272,1.81775277947257,0.0,0.0,0.0,-0.08366933679806625,1.0,2.0,0.29063539444187,2.0,0.29063539444187,2.118698795998192,0.4523817176461828,0.118698795998192,0.16174632320431281,0.997950553894043,0.8913887739181519,-0.1143566370010376,-0.11261259019374847,1.0,0.0,20.0,1.0,1.140690803527832,1.7930388450622559,0.19180328736845922,309.54226248289916,142.81124376415593,310.0,143.0,8.80698537826538,8.826786994934082,8.84655499458313,528,8,a400000020010000,164,288,8.866579055786133,1,1,1,1,1,1779092730.009779
8.901735925674432,1,sine_low_wl5m,2.0,-0.34930141312401847,0.302278995513916,0.00762227363884449,0.19525942206382751,16.53276415805439,29.70765408682475,0.0,0.0,0.0,0.9018041534656573,0.43214496270590635,-1.4623126421474242,1.8192392923299132,0.0,0.0,0.0,-0.10837010648718384,1.0,2.0,0.29063539444187,2.0,0.29063539444187,2.118698795998192,0.4523817176461828,0.118698795998192,0.16174632320431281,0.997950553894043,0.8913887739181519,-0.1143566370010376,-0.11261259019374847,1.0,0.0,20.0,1.0,1.140690803527832,1.7930388450622559,0.19180328736845922,309.54226248289916,142.81124376415593,310.0,143.0,8.906904458999634,8.926969051361084,8.94652271270752,528,8,9b00000029010000,155,297,8.866579055786133,1,1,1,1,1,1779092730.009779
8.951735925674432,1,sine_low_wl5m,2.0,-0.34532473687428794,0.302278995513916,0.00762227363884449,0.19525942206382751,16.53276415805439,29.70765408682475,0.0,0.0,0.0,0.9018041534656573,0.43214496270590635,-1.4623126421474242,1.8192392923299132,0.0,0.0,0.0,-0.10837010648718384,1.0,2.0,0.23300529168133913,2.0,0.23300529168133913,2.0379655964829118,0.35585002161851687,0.037965596482911756,0.12284472993717774,1.0192426443099976,0.8893910646438599,-0.07718144357204437,-0.08348453789949417,1.0,0.0,20.0,1.0,1.141634225845337,1.9349075555801392,0.18611351677483465,306.4185049950019,145.9201967141959,306.0,146.0,8.906904458999634,8.926969051361084,8.94652271270752,528,8,9b00000029010000,155,297,8.966591835021973,1,1,1,1,1,1779092730.1097884
9.001735925674433,1,sine_low_wl5m,2.0,-0.332829384351777,0.21620510518550873,0.008920480497181416,0.19201499223709106,16.447020710868333,29.815016667705947,0.0,0.0,0.0,0.9005451812423296,0.4347624369022922,-1.4558559798677904,1.8329102895838636,0.0,0.0,0.0,-0.09836271084064686,1.0,2.0,0.23300529168133913,2.0,0.23300529168133913,2.0379655964829118,0.35585002161851687,0.037965596482911756,0.12284472993717774,1.0192426443099976,0.8893910646438599,-0.07718144357204437,-0.08348453789949417,1.0,0.0,20.0,1.0,1.141634225845337,1.9349075555801392,0.18611351677483465,306.4185049950019,145.9201967141959,306.0,146.0,9.006843328475952,9.026897192001343,9.047655582427979,528,8,960000002d010000,150,301,8.966591835021973,1,1,1,1,1,1779092730.1097884
9.051735925674434,1,sine_low_wl5m,2.0,-0.3201690603695901,0.21620510518550873,0.008920480497181416,0.19201499223709106,16.447020710868333,29.815016667705947,0.0,0.0,0.0,0.9005451812423296,0.4347624369022922,-1.4558559798677904,1.8329102895838636,0.0,0.0,0.0,-0.09836271084064686,1.0,2.0,0.16074215490579022,2.0,0.16074215490579022,1.8705630294479323,0.23151601757269533,-0.1294369705520677,0.07077386266690511,1.0693879127502441,0.8876843452453613,-0.00035749372909776866,-0.0447709895670414,1.0,0.0,20.0,1.0,1.141366720199585,2.057880163192749,0.19414095287724017,300.790207996583,151.52181931925736,301.0,152.0,9.006843328475952,9.026897192001343,9.047655582427979,528,8,960000002d010000,150,301,9.066631078720093,1,1,1,1,1,1779092730.209792
9.101735925674435,1,sine_low_wl5m,2.0,-0.2954468158965044,0.15558424592018127,0.015019075945019722,0.19146116077899933,16.315139395966213,29.9823181142254,0.0,0.0,0.0,0.8988926294219832,0.4381689637238507,-1.4337420022729013,1.8334053780050386,0.0,0.0,0.0,-0.08071558724013614,1.0,2.0,0.16074215490579022,2.0,0.16074215490579022,1.8705630294479323,0.23151601757269533,-0.1294369705520677,0.07077386266690511,1.0693879127502441,0.8876843452453613,-0.00035749372909776866,-0.0447709895670414,1.0,0.0,20.0,1.0,1.141366720199585,2.057880163192749,0.19414095287724017,300.790207996583,151.52181931925736,301.0,152.0,9.106925964355469,9.126865863800049,9.146687746047974,528,8,9400000030010000,148,304,9.066631078720093,1,1,1,1,1,1779092730.209792
9.151735925674435,1,sine_low_wl5m,2.0,-0.2751193678880592,0.15558424592018127,0.015019075945019722,0.19146116077899933,16.315139395966213,29.9823181142254,0.0,0.0,0.0,0.8988926294219832,0.4381689637238507,-1.4337420022729013,1.8334053780050386,0.0,0.0,0.0,-0.08071558724013614,1.0,2.0,0.07836774041854415,2.0,0.07836774041854415,1.8069168766875827,0.1344515627261602,-0.19308312331241728,0.05608382230761606,1.0918152332305908,0.852693498134613,0.0271806288510561,-0.03627823293209076,1.0,0.0,20.0,1.0,1.1399726867675781,2.148247480392456,0.12687329777813156,283.38900578843226,168.8405513747628,283.0,169.0,9.106925964355469,9.126865863800049,9.146687746047974,528,8,9400000030010000,148,304,9.1666898727417,1,1,1,1,1,1779092730.3098004
9.201735925674436,1,sine_low_wl5m,2.0,-0.23948654357447538,0.1170831024646759,0.015108834020793438,0.19205263257026672,16.19376325101642,30.139047110703064,0.0,0.0,0.0,0.8970315933916376,0.44196642458139257,-1.4100801616723502,1.8349206399574227,0.0,0.0,0.0,-0.08444401556072395,1.0,2.0,0.07836774041854415,2.0,0.07836774041854415,1.8069168766875827,0.1344515627261602,-0.19308312331241728,0.05608382230761606,1.0918152332305908,0.852693498134613,0.0271806288510561,-0.03627823293209076,1.0,0.0,20.0,1.0,1.1399726867675781,2.148247480392456,0.12687329777813156,283.38900578843226,168.8405513747628,283.0,169.0,9.206934690475464,9.226757526397705,9.247113466262817,528,8,9200000032010000,146,306,9.1666898727417,1,1,1,1,1,1779092730.3098004
9.251735925674437,1,sine_low_wl5m,2.0,-0.21266842749683476,0.1170831024646759,0.015108834020793438,0.19205263257026672,16.19376325101642,30.139047110703064,0.0,0.0,0.0,0.8970315933916376,0.44196642458139257,-1.4100801616723502,1.8349206399574227,0.0,0.0,0.0,-0.08444401556072395,1.0,2.0,-0.008936693255779223,2.0,-0.008936693255779223,1.785344727270722,0.018169116020157958,-0.2146552727292781,0.02710580927593718,1.0807782411575317,0.8191050291061401,0.07043826580047607,-0.023819107562303543,1.0,0.0,20.0,1.0,1.1400465965270996,2.210209369659424,-0.004770251877448284,276.5043649319016,175.6925636016417,277.0,176.0,9.206934690475464,9.226757526397705,9.247113466262817,528,8,9200000032010000,146,306,9.266696453094482,1,1,1,1,1,1779092730.4099798
9.301735925674437,1,sine_low_wl5m,2.0,-0.1685027924952959,0.09906579554080963,0.011148341000080109,0.1919362097978592,16.06412830039126,30.309475485076053,0.0,0.0,0.0,0.8948601542889072,0.44634661897009276,-1.3960717781011511,1.8539323027777868,0.0,0.0,0.0,-0.1426146621323766,1.0,2.0,-0.008936693255779223,2.0,-0.008936693255779223,1.785344727270722,0.018169116020157958,-0.2146552727292781,0.02710580927593718,1.0807782411575317,0.8191050291061401,0.07043826580047607,-0.023819107562303543,1.0,0.0,20.0,1.0,1.1400465965270996,2.210209369659424,-0.004770251877448284,276.5043649319016,175.6925636016417,277.0,176.0,9.3068265914917,9.327538251876831,9.346796035766602,528,8,9100000032010000,145,306,9.266696453094482,1,1,1,1,1,1779092730.4099798
9.351735925674438,1,sine_low_wl5m,2.0,-0.1368650742181455,0.09906579554080963,0.011148341000080109,0.1919362097978592,16.06412830039126,30.309475485076053,0.0,0.0,0.0,0.8948601542889072,0.44634661897009276,-1.3960717781011511,1.8539323027777868,0.0,0.0,0.0,-0.1426146621323766,1.0,2.0,-0.09566245865715788,2.0,-0.09566245865715788,1.752630878784748,-0.14411485105275748,-0.247369121215252,-0.048452392395599606,1.105342149734497,0.8228585720062256,0.06274321675300598,0.022923681885004044,1.0,0.0,20.0,1.0,1.1397106647491455,2.2535629272460938,-0.02165501024081614,161.26094918090652,290.3898020268026,161.0,290.0,9.3068265914917,9.327538251876831,9.346796035766602,528,8,9100000032010000,145,306,9.366547346115112,1,1,1,1,1,1779092730.5097592
9.401735925674439,1,sine_low_wl5m,2.0,-0.08688822013426323,0.08238866925239563,0.011587380431592464,0.19213971495628357,16.001476920305244,30.393187680343054,0.0,0.0,0.0,0.8936628175116853,0.44873908744066,-1.3861319860947654,1.8613757036177403,0.0,0.0,0.0,-0.09232082468124998,1.0,2.0,-0.09566245865715788,2.0,-0.09566245865715788,1.752630878784748,-0.14411485105275748,-0.247369121215252,-0.048452392395599606,1.105342149734497,0.8228585720062256,0.06274321675300598,0.022923681885004044,1.0,0.0,20.0,1.0,1.1397106647491455,2.2535629272460938,-0.02165501024081614,161.26094918090652,290.3898020268026,161.0,290.0,9.407041788101196,9.426748275756836,9.446659088134766,528,8,9100000032010000,145,306,9.366547346115112,1,1,1,1,1,1779092730.5097592
9.45173592567444,1,sine_low_wl5m,2.0,-0.05245445698375071,0.08238866925239563,0.011587380431592464,0.19213971495628357,16.001476920305244,30.393187680343054,0.0,0.0,0.0,0.8936628175116853,0.44873908744066,-1.3861319860947654,1.8613757036177403,0.0,0.0,0.0,-0.09232082468124998,1.0,2.0,-0.17638051514994554,2.0,-0.17638051514994554,1.7068442809525273,-0.32961738900193116,-0.29315571904747273,-0.15323687385198562,1.1368623971939087,0.748920202255249,0.05955291911959648,0.07047660648822784,1.0,0.0,20.0,1.0,1.1393868923187256,2.313521146774292,0.008657458795290302,153.85675847564505,297.75890178085433,154.0,298.0,9.407041788101196,9.426748275756836,9.446659088134766,528,8,9100000032010000,145,306,9.466785669326782,1,1,1,1,1,1779092730.609887
9.50173592567444,1,stop_after_sine_low,0.0,0.0,0.06793323904275894,0.01957927644252777,0.19221004843711853,15.859977790496464,30.585700458879778,0.0,0.0,0.0,0.891021779209469,0.45396055883126263,-1.3603451996028129,1.8720899431387537,0.0,0.0,0.0,-0.12026810892035474,1.0,2.0,-0.17638051514994554,2.0,-0.17638051514994554,1.7068442809525273,-0.32961738900193116,-0.29315571904747273,-0.15323687385198562,1.1368623971939087,0.748920202255249,0.05955291911959648,0.07047660648822784,1.0,0.0,20.0,1.0,1.1393868923187256,2.313521146774292,0.008657458795290302,153.85675847564505,297.75890178085433,154.0,298.0,9.50769591331482,9.529489517211914,9.547653198242188,528,8,9200000031010000,146,305,9.466785669326782,1,1,1,1,1,1779092730.609887
9.551735925674441,1,stop_after_sine_low,0.0,0.0,0.06793323904275894,0.01957927644252777,0.19221004843711853,15.859977790496464,30.585700458879778,0.0,0.0,0.0,0.891021779209469,0.45396055883126263,-1.3603451996028129,1.8720899431387537,0.0,0.0,0.0,-0.12026810892035474,1.0,2.0,-0.24602439571529697,2.0,-0.24602439571529697,1.6849532243369123,-0.45420726045827464,-0.3150467756630877,-0.20818286474297767,1.1545233726501465,0.7186551690101624,0.05468212068080902,0.08039399981498718,1.0,0.0,20.0,1.0,1.1397960186004639,2.36604380607605,-0.02016902353527804,149.7914793745571,301.80491415634475,150.0,302.0,9.50769591331482,9.529489517211914,9.547653198242188,528,8,9200000031010000,146,305,9.56753396987915,1,1,1,1,1,1779092730.7097373
9.601735925674442,1,stop_after_sine_low,0.0,0.0,0.11871141940355301,0.017110979184508324,0.19347310066223145,15.71320343956375,30.790657011594543,0.0,0.0,0.0,0.8881257938342795,0.45960045074633127,-1.3403389950551077,1.894616787434367,0.0,0.0,0.0,-0.12709187633947852,1.0,2.0,-0.24602439571529697,2.0,-0.24602439571529697,1.6849532243369123,-0.45420726045827464,-0.3150467756630877,-0.20818286474297767,1.1545233726501465,0.7186551690101624,0.05468212068080902,0.08039399981498718,1.0,0.0,20.0,1.0,1.1397960186004639,2.36604380607605,-0.02016902353527804,149.7914793745571,301.80491415634475,150.0,302.0,9.607826232910156,9.627758979797363,9.647867918014526,528,8,940000002f010000,148,303,9.56753396987915,1,1,1,1,1,1779092730.7097373
9.651735925674442,1,stop_after_sine_low,0.0,0.0,0.11871141940355301,0.017110979184508324,0.19347310066223145,15.71320343956375,30.790657011594543,0.0,0.0,0.0,0.8881257938342795,0.45960045074633127,-1.3403389950551077,1.894616787434367,0.0,0.0,0.0,-0.12709187633947852,1.0,2.0,-0.300204483938983,2.0,-0.300204483938983,1.6835850212498886,-0.5196617366373899,-0.3164149787501114,-0.21945725269840688,1.1717352867126465,0.6966946125030518,0.02728402242064476,0.061841048300266266,1.0,0.0,20.0,1.0,1.144355297088623,2.3801543712615967,-0.07802505888610854,147.29098345879444,304.29355938056347,147.0,304.0,9.607826232910156,9.627758979797363,9.647867918014526,528,8,940000002f010000,148,303,9.667516708374023,1,1,1,1,1,1779092730.8096864
9.701735925674443,1,stop_after_sine_low,0.0,0.0,0.19955922663211823,0.05413038656115532,0.17850559949874878,15.525859914466357,31.060289157417646,0.0,0.0,0.0,0.884757606163086,0.466051476058778,-1.3126222065994653,1.9139238061206636,0.0,0.0,0.0,-0.0790366394665962,1.0,2.0,-0.300204483938983,2.0,-0.300204483938983,1.6835850212498886,-0.5196617366373899,-0.3164149787501114,-0.21945725269840688,1.1717352867126465,0.6966946125030518,0.02728402242064476,0.061841048300266266,1.0,0.0,20.0,1.0,1.144355297088623,2.3801543712615967,-0.07802505888610854,147.29098345879444,304.29355938056347,147.0,304.0,9.707828998565674,9.72780179977417,9.74757170677185,528,8,980000002c010000,152,300,9.667516708374023,1,1,1,1,1,1779092730.8096864
9.751735925674444,1,stop_after_sine_low,0.0,0.0,0.19955922663211823,0.05413038656115532,0.17850559949874878,15.525859914466357,31.060289157417646,0.0,0.0,0.0,0.884757606163086,0.466051476058778,-1.3126222065994653,1.9139238061206636,0.0,0.0,0.0,-0.0790366394665962,1.0,2.0,-0.3355199588210165,2.0,-0.3355199588210165,1.6942420195556933,-0.6054983652604268,-0.3057579804443067,-0.2699784064394103,1.1754027605056763,0.6660029292106628,0.008583253249526024,0.06774372607469559,1.0,0.0,20.0,1.0,1.1405444145202637,2.373385429382324,-0.09253833398585776,145.85798781348456,305.71976357731745,146.0,306.0,9.707828998565674,9.72780179977417,9.74757170677185,528,8,980000002c010000,152,300,9.767585754394531,1,1,1,1,1,1779092730.9102108
9.801735925674445,1,stop_after_sine_low,0.0,0.0,0.6009694933891296,0.013201802037656307,0.19198496639728546,15.291275629568016,31.404954486233205,0.0,0.0,0.0,0.8839671702308756,0.4675489727868283,-1.2687079597735251,1.863390882242916,0.0,0.0,0.0,0.007111106969962994,1.0,2.0,-0.3355199588210165,2.0,-0.3355199588210165,1.6942420195556933,-0.6054983652604268,-0.3057579804443067,-0.2699784064394103,1.1754027605056763,0.6660029292106628,0.008583253249526024,0.06774372607469559,1.0,0.0,20.0,1.0,1.1405444145202637,2.373385429382324,-0.09253833398585776,145.85798781348456,305.71976357731745,146.0,306.0,9.80783987045288,9.827738523483276,9.847906112670898,528,8,9d00000027010000,157,295,9.767585754394531,1,1,1,1,1,1779092730.9102108
9.851735925674445,1,stop_after_sine_low,0.0,0.0,0.6009694933891296,0.013201802037656307,0.19198496639728546,15.291275629568016,31.404954486233205,0.0,0.0,0.0,0.8839671702308756,0.4675489727868283,-1.2687079597735251,1.863390882242916,0.0,0.0,0.0,0.007111106969962994,1.0,2.0,-0.3497564838301082,2.0,-0.3497564838301082,1.6921375250559854,-0.6785715200879442,-0.30786247494401464,-0.328815036257836,1.177178144454956,0.6430490016937256,0.008052688091993332,0.08659825474023819,1.0,0.0,20.0,1.0,1.1399013996124268,2.3780713081359863,-0.07283171470025496,145.3143334549874,306.2608413748738,145.0,306.0,9.80783987045288,9.827738523483276,9.847906112670898,528,8,9d00000027010000,157,295,9.867532730102539,1,1,1,1,1,1779092731.009828
9.901735925674446,1,stop_after_sine_low,0.0,0.0,0.9151625037193298,0.02120141126215458,0.19535976648330688,15.150831127732442,31.61214573228969,0.0,0.0,0.0,0.8826999144301043,0.4699370820281014,-1.139806817515571,1.6936832815265368,0.0,0.0,0.0,-0.056286839106189035,1.0,2.0,-0.3497564838301082,2.0,-0.3497564838301082,1.6921375250559854,-0.6785715200879442,-0.30786247494401464,-0.328815036257836,1.177178144454956,0.6430490016937256,0.008052688091993332,0.08659825474023819,1.0,0.0,20.0,1.0,1.1399013996124268,2.3780713081359863,-0.07283171470025496,145.3143334549874,306.2608413748738,145.0,306.0,9.907840967178345,9.927823066711426,9.947607278823853,528,8,a90000001b010000,169,283,9.867532730102539,1,1,1,1,1,1779092731.009828
9.951735925674447,1,stop_after_sine_low,0.0,0.0,0.9151625037193298,0.02120141126215458,0.19535976648330688,15.150831127732442,31.61214573228969,0.0,0.0,0.0,0.8826999144301043,0.4699370820281014,-1.139806817515571,1.6936832815265368,0.0,0.0,0.0,-0.056286839106189035,1.0,2.0,-0.3420141558057733,2.0,-0.3420141558057733,1.700929584404354,-0.67823447004614,-0.29907041559564607,-0.3362203142403667,1.1761221885681152,0.633694589138031,-0.0005010254099033773,0.08777935802936554,1.0,0.0,20.0,1.0,1.1398720741271973,2.372750759124756,-0.09198218224596053,145.6077891344834,305.9687764805887,146.0,306.0,9.907840967178345,9.927823066711426,9.947607278823853,528,8,a90000001b010000,169,283,9.967532873153687,1,1,1,1,1,1779092731.11065
10.001735925674447,1,stop_after_sine_low,0.0,0.0,1.1952261924743652,0.019854281097650528,0.20952895283699036,15.077629252920651,31.721383527746458,0.0,0.0,0.0,0.8819526275053859,0.4713380557904761,-1.042042870803988,1.5590781947136858,0.0,0.0,0.0,-0.02110594165049725,1.0,2.0,-0.3420141558057733,2.0,-0.3420141558057733,1.700929584404354,-0.67823447004614,-0.29907041559564607,-0.3362203142403667,1.1761221885681152,0.633694589138031,-0.0005010254099033773,0.08777935802936554,1.0,0.0,20.0,1.0,1.1398720741271973,2.372750759124756,-0.09198218224596053,145.6077891344834,305.9687764805887,146.0,306.0,10.007853984832764,10.027725219726562,10.047620296478271,528,8,0000000000000000,0,0,9.967532873153687,1,1,1,1,1,1779092731.11065
10.051735925674448,1,stop_after_sine_low,0.0,0.0,1.1952261924743652,0.019854281097650528,0.20952895283699036,15.077629252920651,31.721383527746458,0.0,0.0,0.0,0.8819526275053859,0.4713380557904761,-1.042042870803988,1.5590781947136858,0.0,0.0,0.0,-0.02110594165049725,1.0,2.0,-0.3127839425952947,2.0,-0.3127839425952947,1.715473844940703,-0.6069192190056169,-0.284526155059297,-0.29413527641032217,1.1702300310134888,0.6418014168739319,-0.007499010767787695,0.0767376720905304,1.0,0.0,20.0,1.0,1.1402826309204102,2.3568203449249268,-0.1525888351883029,146.76555820230516,304.8164944699604,147.0,305.0,10.007853984832764,10.027725219726562,10.047620296478271,528,8,0000000000000000,0,0,10.067615270614624,1,1,1,1,1,1779092731.210341
10.101735925674449,1,stop_after_sine_low,0.0,0.0,1.4098947048187256,0.013483062386512756,0.23580537736415863,14.99607623576464,31.843741345939666,0.0,0.0,0.0,0.8815410491125496,0.4721073805073856,-0.9140125236886152,1.3727012701205925,0.0,0.0,0.0,0.00197316910802502,1.0,2.0,-0.3127839425952947,2.0,-0.3127839425952947,1.715473844940703,-0.6069192190056169,-0.284526155059297,-0.29413527641032217,1.1702300310134888,0.6418014168739319,-0.007499010767787695,0.0767376720905304,1.0,0.0,20.0,1.0,1.1402826309204102,2.3568203449249268,-0.1525888351883029,146.76555820230516,304.8164944699604,147.0,305.0,10.107991695404053,10.127771615982056,10.147605180740356,528,8,0000000000000000,0,0,10.067615270614624,1,1,1,1,1,1779092731.210341
10.15173592567445,1,stop_after_sine_low,0.0,0.0,1.4098947048187256,0.013483062386512756,0.23580537736415863,14.99607623576464,31.843741345939666,0.0,0.0,0.0,0.8815410491125496,0.4721073805073856,-0.9140125236886152,1.3727012701205925,0.0,0.0,0.0,0.00197316910802502,1.0,2.0,-0.2638719565032005,2.0,-0.2638719565032005,1.7138359884186145,-0.5674993863734382,-0.2861640115813855,-0.3036274298702377,1.1651725769042969,0.636176586151123,0.003085304982960224,0.09715786576271057,1.0,0.0,20.0,1.0,1.1401231288909912,2.353583574295044,-0.10222571363673093,148.91954832196495,302.67271283428005,149.0,303.0,10.107991695404053,10.127771615982056,10.147605180740356,528,8,0000000000000000,0,0,10.1675443649292,1,1,1,1,1,1779092731.3099828
10.20173592567445,1,stop_after_sine_low,0.0,0.0,1.6189976930618286,0.020165245980024338,0.2247333526611328,14.935802181431377,31.934130795165853,0.0,0.0,0.0,0.8817561464667357,0.4717055206038323,-0.8008555730978832,1.2003840421825784,0.0,0.0,0.0,-0.008580182428460478,1.0,2.0,-0.2638719565032005,2.0,-0.2638719565032005,1.7138359884186145,-0.5674993863734382,-0.2861640115813855,-0.3036274298702377,1.1651725769042969,0.636176586151123,0.003085304982960224,0.09715786576271057,1.0,0.0,20.0,1.0,1.1401231288909912,2.353583574295044,-0.10222571363673093,148.91954832196495,302.67271283428005,149.0,303.0,10.207890272140503,10.227795124053955,10.24760103225708,528,8,0000000000000000,0,0,10.1675443649292,1,1,1,1,1,1779092731.3099828
10.251735925674451,1,stop_after_sine_low,0.0,0.0,1.6189976930618286,0.020165245980024338,0.2247333526611328,14.935802181431377,31.934130795165853,0.0,0.0,0.0,0.8817561464667357,0.4717055206038323,-0.8008555730978832,1.2003840421825784,0.0,0.0,0.0,-0.008580182428460478,1.0,2.0,-0.1984248261537448,2.0,-0.1984248261537448,1.7160695405933661,-0.4171116754927538,-0.28393045940663386,-0.218686849339009,1.1610026359558105,0.6660186648368835,0.007638739887624979,0.07937933504581451,1.0,0.0,20.0,1.0,1.140167474746704,2.355921983718872,-0.13209762410176337,152.4292747127079,299.1796202179009,152.0,299.0,10.207890272140503,10.227795124053955,10.24760103225708,528,8,0000000000000000,0,0,10.267659425735474,1,1,1,1,1,1779092731.4100368
10.301735925674452,1,stop_after_sine_low,0.0,0.0,1.7930388450622559,0.03724684566259384,0.21928761899471283,14.898971509622603,31.989321643247134,0.0,0.0,0.0,0.8818091900201753,0.47160635321840433,-0.708829978795675,1.0619315432033292,0.0,0.0,0.0,0.005206113925002398,1.0,2.0,-0.1984248261537448,2.0,-0.1984248261537448,1.7160695405933661,-0.4171116754927538,-0.28393045940663386,-0.218686849339009,1.1610026359558105,0.6660186648368835,0.007638739887624979,0.07937933504581451,1.0,0.0,20.0,1.0,1.140167474746704,2.355921983718872,-0.13209762410176337,152.4292747127079,299.1796202179009,152.0,299.0,10.307856798171997,10.327863931655884,10.347665548324585,528,8,0000000000000000,0,0,10.267659425735474,1,1,1,1,1,1779092731.4100368
10.351735925674452,1,stop_after_sine_low,0.0,0.0,1.7930388450622559,0.03724684566259384,0.21928761899471283,14.898971509622603,31.989321643247134,0.0,0.0,0.0,0.8818091900201753,0.47160635321840433,-0.708829978795675,1.0619315432033292,0.0,0.0,0.0,0.005206113925002398,1.0,2.0,-0.12050516028056772,2.0,-0.12050516028056772,1.7214585886002327,-0.2638685823350798,-0.2785414113997673,-0.14336342205451208,1.1529028415679932,0.7032991647720337,0.015325501561164856,0.0650733932852745,1.0,0.0,20.0,1.0,1.1399543285369873,2.352116823196411,-0.122120146052254,158.45074580970476,293.1866868986148,158.0,293.0,10.307856798171997,10.327863931655884,10.347665548324585,528,8,0000000000000000,0,0,10.367581844329834,1,1,1,1,1,1779092731.5097756
10.401735925674453,1,stop_after_sine_low,0.0,0.0,1.9349075555801392,0.03886156529188156,0.21149486303329468,14.873280629008073,32.02778879652695,0.0,0.0,0.0,0.8819069339592045,0.47142354611821774,-0.6538584561105003,0.9786971388757798,0.0,0.0,0.0,0.007030423033139364,1.0,2.0,-0.12050516028056772,2.0,-0.12050516028056772,1.7214585886002327,-0.2638685823350798,-0.2785414113997673,-0.14336342205451208,1.1529028415679932,0.7032991647720337,0.015325501561164856,0.0650733932852745,1.0,0.0,20.0,1.0,1.1399543285369873,2.352116823196411,-0.122120146052254,158.45074580970476,293.1866868986148,158.0,293.0,10.40796947479248,10.427773237228394,10.447591543197632,528,8,0000000000000000,0,0,10.367581844329834,1,1,1,1,1,1779092731.5097756
10.451735925674454,1,stop_after_sine_low,0.0,0.0,1.9349075555801392,0.03886156529188156,0.21149486303329468,14.873280629008073,32.02778879652695,0.0,0.0,0.0,0.8819069339592045,0.47142354611821774,-0.6538584561105003,0.9786971388757798,0.0,0.0,0.0,0.007030423033139364,1.0,2.0,-0.034954304873514544,2.0,-0.034954304873514544,1.7187523470411146,-0.12365375965299182,-0.28124765295888543,-0.08869945477947727,1.1515341997146606,0.7335138320922852,0.020797891542315483,0.055747438222169876,1.0,0.0,20.0,1.0,1.1397552490234375,2.355971097946167,-0.07251098463264367,174.94863358144403,276.76698816844777,175.0,277.0,10.40796947479248,10.427773237228394,10.447591543197632,528,8,0000000000000000,0,0,10.467605829238892,1,1,1,1,1,1779092731.610688
10.501735925674454,1,stop_after_sine_low,0.0,0.0,2.057880163192749,0.03743993863463402,0.2455112785100937,14.857430841578537,32.05149606441492,0.0,0.0,0.0,0.8820561546411909,0.4711442879411735,-0.6064090746232771,0.9064316002766816,0.0,0.0,0.0,0.03638025992471701,1.0,2.0,-0.034954304873514544,2.0,-0.034954304873514544,1.7187523470411146,-0.12365375965299182,-0.28124765295888543,-0.08869945477947727,1.1515341997146606,0.7335138320922852,0.020797891542315483,0.055747438222169876,1.0,0.0,20.0,1.0,1.1397552490234375,2.355971097946167,-0.07251098463264367,174.94863358144403,276.76698816844777,175.0,277.0,10.507996797561646,10.527843713760376,10.54763388633728,528,8,0000000000000000,0,0,10.467605829238892,1,1,1,1,1,1779092731.610688
10.551735925674455,1,stop_after_sine_low,0.0,0.0,2.057880163192749,0.03743993863463402,0.2455112785100937,14.857430841578537,32.05149606441492,0.0,0.0,0.0,0.8820561546411909,0.4711442879411735,-0.6064090746232771,0.9064316002766816,0.0,0.0,0.0,0.03638025992471701,1.0,0.0,0.0,0.0,0.0,-0.06386943442637816,0.21222882822190584,-0.06386943442637816,0.21222882822190584,1.1963555812835693,0.8012350797653198,0.07641055434942245,-0.1700451821088791,1.0,0.0,20.0,1.0,1.1411020755767822,2.3657047748565674,-0.03374740040225187,0.0,0.0,0.0,0.0,10.507996797561646,10.527843713760376,10.54763388633728,528,8,0000000000000000,0,0,10.567564010620117,1,1,1,1,1,1779092731.7107623
10.601735925674456,1,stop_after_sine_low,0.0,0.0,2.148247480392456,0.046551063656806946,0.2209082990884781,14.856181248337556,32.05336358888234,0.0,0.0,0.0,0.8820741320167877,0.47111062992340824,-0.6027802103527407,0.9008585789320955,0.0,0.0,0.0,0.03748604608646306,1.0,0.0,0.0,0.0,0.0,-0.06386943442637816,0.21222882822190584,-0.06386943442637816,0.21222882822190584,1.1963555812835693,0.8012350797653198,0.07641055434942245,-0.1700451821088791,1.0,0.0,20.0,1.0,1.1411020755767822,2.3657047748565674,-0.03374740040225187,0.0,0.0,0.0,0.0,10.60805892944336,10.627869367599487,10.647752285003662,528,8,0000000000000000,0,0,10.567564010620117,1,1,1,1,1,1779092731.7107623
10.651735925674457,1,stop_after_sine_low,0.0,0.0,2.148247480392456,0.046551063656806946,0.2209082990884781,14.856181248337556,32.05336358888234,0.0,0.0,0.0,0.8820741320167877,0.47111062992340824,-0.6027802103527407,0.9008585789320955,0.0,0.0,0.0,0.03748604608646306,1.0,0.0,0.0,0.0,0.0,-0.06014483044001859,0.21962491649001067,-0.06014483044001859,0.21962491649001067,1.184594988822937,0.8206256628036499,0.07124726474285126,-0.18022984266281128,1.0,0.0,20.0,1.0,1.1412289142608643,2.3596396446228027,-0.012439379590037498,0.0,0.0,0.0,0.0,10.60805892944336,10.627869367599487,10.647752285003662,528,8,0000000000000000,0,0,10.667613744735718,1,1,1,1,1,1779092731.8110483
10.701735925674457,1,stop_after_sine_low,0.0,0.0,2.210209369659424,0.022329555824398994,0.1868516206741333,14.851686935544494,32.06007695775078,0.0,0.0,0.0,0.8821293865138793,0.47100716071907756,-0.5955928633552356,0.8896653996321607,0.0,0.0,0.0,0.030185360970560602,1.0,0.0,0.0,0.0,0.0,-0.06014483044001859,0.21962491649001067,-0.06014483044001859,0.21962491649001067,1.184594988822937,0.8206256628036499,0.07124726474285126,-0.18022984266281128,1.0,0.0,20.0,1.0,1.1412289142608643,2.3596396446228027,-0.012439379590037498,0.0,0.0,0.0,0.0,10.707895278930664,10.727979183197021,10.747732877731323,528,8,0000000000000000,0,0,10.667613744735718,1,1,1,1,1,1779092731.8110483
10.751735925674458,1,stop_after_sine_low,0.0,0.0,2.210209369659424,0.022329555824398994,0.1868516206741333,14.851686935544494,32.06007695775078,0.0,0.0,0.0,0.8821293865138793,0.47100716071907756,-0.5955928633552356,0.8896653996321607,0.0,0.0,0.0,0.030185360970560602,1.0,0.0,0.0,0.0,0.0,-0.05697648017317733,0.22220101380829532,-0.05697648017317733,0.22220101380829532,1.181455373764038,0.8258744478225708,0.06731516867876053,-0.18351013958454132,1.0,0.0,20.0,1.0,1.140822410583496,2.2560384273529053,-0.09882831011840076,0.0,0.0,0.0,0.0,10.707895278930664,10.727979183197021,10.747732877731323,528,8,0000000000000000,0,0,10.767609596252441,1,1,1,1,1,1779092731.9107862
10.801735925674459,1,stop_after_sine_low,0.0,0.0,2.2535629272460938,0.032504938542842865,0.19922354817390442,14.850509293341295,32.06183584759839,0.0,0.0,0.0,0.8821424052405633,0.4709827776855474,-0.5845431246681227,0.8730554702233522,0.0,0.0,0.0,0.029183039128744422,1.0,0.0,0.0,0.0,0.0,-0.05697648017317733,0.22220101380829532,-0.05697648017317733,0.22220101380829532,1.181455373764038,0.8258744478225708,0.06731516867876053,-0.18351013958454132,1.0,0.0,20.0,1.0,1.140822410583496,2.2560384273529053,-0.09882831011840076,0.0,0.0,0.0,0.0,10.8079252243042,10.827739715576172,10.847587585449219,528,8,0000000000000000,0,0,10.767609596252441,1,1,1,1,1,1779092731.9107862
10.85173592567446,1,stop_after_sine_low,0.0,0.0,2.2535629272460938,0.032504938542842865,0.19922354817390442,14.850509293341295,32.06183584759839,0.0,0.0,0.0,0.8821424052405633,0.4709827776855474,-0.5845431246681227,0.8730554702233522,0.0,0.0,0.0,0.029183039128744422,1.0,0.0,0.0,0.0,0.0,-0.05430375585533527,0.22255623400701777,-0.05430375585533527,0.22255623400701777,1.173625111579895,0.8402352333068848,0.06373225152492523,-0.1869995892047882,1.0,0.0,20.0,1.0,1.1414237022399902,2.0579674243927,-0.0241387928939256,0.0,0.0,0.0,0.0,10.8079252243042,10.827739715576172,10.847587585449219,528,8,0000000000000000,0,0,10.867703914642334,1,1,1,1,1,1779092732.0107813
10.90173592567446,1,stop_after_sine_low,0.0,0.0,2.313521146774292,0.05700971186161041,0.18748839199543,14.84642574456379,32.06793236076148,0.0,0.0,0.0,0.8821879056523885,0.47089754630986613,-0.5773104008251645,0.8618925962655405,0.0,0.0,0.0,0.026724499432913384,1.0,0.0,0.0,0.0,0.0,-0.05430375585533527,0.22255623400701777,-0.05430375585533527,0.22255623400701777,1.173625111579895,0.8402352333068848,0.06373225152492523,-0.1869995892047882,1.0,0.0,20.0,1.0,1.1414237022399902,2.0579674243927,-0.0241387928939256,0.0,0.0,0.0,0.0,10.907875776290894,10.927777290344238,10.947597980499268,528,8,0000000000000000,0,0,10.867703914642334,1,1,1,1,1,1779092732.0107813
10.95173592567446,1,stop_after_sine_low,0.0,0.0,2.313521146774292,0.05700971186161041,0.18748839199543,14.84642574456379,32.06793236076148,0.0,0.0,0.0,0.8821879056523885,0.47089754630986613,-0.5773104008251645,0.8618925962655405,0.0,0.0,0.0,0.026724499432913384,1.0,0.0,0.0,0.0,0.0,-0.05658282748598499,0.2197157739506682,-0.05658282748598499,0.2197157739506682,1.1582815647125244,0.8559025526046753,0.06553884595632553,-0.18805529177188873,1.0,0.0,20.0,1.0,1.1409249305725098,1.791435718536377,0.021743123163312575,0.0,0.0,0.0,0.0,10.907875776290894,10.927777290344238,10.947597980499268,528,8,0000000000000000,0,0,10.967550992965698,1,1,1,1,1,1779092732.1107361
11.001735925674462,1,stop_after_sine_low,0.0,0.0,2.36604380607605,0.05196378380060196,0.18526582419872284,14.845317989243817,32.06958599040843,0.0,0.0,0.0,0.8822002794135161,0.4708743643507407,-0.5699537008808588,0.8508127383092747,0.0,0.0,0.0,0.026412567598481592,1.0,0.0,0.0,0.0,0.0,-0.05658282748598499,0.2197157739506682,-0.05658282748598499,0.2197157739506682,1.1582815647125244,0.8559025526046753,0.06553884595632553,-0.18805529177188873,1.0,0.0,20.0,1.0,1.1409249305725098,1.791435718536377,0.021743123163312575,0.0,0.0,0.0,0.0,11.007936477661133,11.02772068977356,11.04766321182251,528,8,0000000000000000,0,0,10.967550992965698,1,1,1,1,1,1779092732.1107361
11.051735925674462,1,stop_after_sine_low,0.0,0.0,2.36604380607605,0.05196378380060196,0.18526582419872284,14.845317989243817,32.06958599040843,0.0,0.0,0.0,0.8822002794135161,0.4708743643507407,-0.5699537008808588,0.8508127383092747,0.0,0.0,0.0,0.026412567598481592,1.0,0.0,0.0,0.0,0.0,-0.057976780923335136,0.2184987726949658,-0.057976780923335136,0.2184987726949658,1.1486235857009888,0.8609200716018677,0.06659349799156189,-0.18810997903347015,1.0,0.0,20.0,1.0,1.140937328338623,1.4536088705062866,0.017771332614368442,0.0,0.0,0.0,0.0,11.007936477661133,11.02772068977356,11.04766321182251,528,8,0000000000000000,0,0,11.067599773406982,1,1,1,1,1,1779092732.2110689
11.101735925674463,1,stop_after_sine_low,0.0,0.0,2.3801543712615967,0.04417586699128151,0.1941126435995102,14.841468692995646,32.07532957300261,0.0,0.0,0.0,0.8822486256919777,0.4707837746403508,-0.5627241522042493,0.8396476751984985,0.0,0.0,0.0,0.030635227733194714,1.0,0.0,0.0,0.0,0.0,-0.057976780923335136,0.2184987726949658,-0.057976780923335136,0.2184987726949658,1.1486235857009888,0.8609200716018677,0.06659349799156189,-0.18810997903347015,1.0,0.0,20.0,1.0,1.140937328338623,1.4536088705062866,0.017771332614368442,0.0,0.0,0.0,0.0,11.107988834381104,11.12778091430664,11.147675037384033,528,8,0000000000000000,0,0,11.067599773406982,1,1,1,1,1,1779092732.2110689
11.151735925674464,1,stop_after_sine_low,0.0,0.0,2.3801543712615967,0.04417586699128151,0.1941126435995102,14.841468692995646,32.07532957300261,0.0,0.0,0.0,0.8822486256919777,0.4707837746403508,-0.5627241522042493,0.8396476751984985,0.0,0.0,0.0,0.030635227733194714,1.0,0.0,0.0,0.0,0.0,-0.06504529826853163,0.21751357201644178,-0.06504529826853163,0.21751357201644178,1.1199061870574951,0.872395396232605,0.07284463196992874,-0.189757838845253,1.0,0.0,20.0,1.0,1.1409492492675781,1.110888957977295,0.03993246154101451,0.0,0.0,0.0,0.0,11.107988834381104,11.12778091430664,11.147675037384033,528,8,0000000000000000,0,0,11.167597770690918,1,1,1,1,1,1779092732.310765
11.201735925674464,1,stop_after_sine_low,0.0,0.0,2.373385429382324,0.06024518981575966,0.2116970270872116,14.840314332947676,32.07705177170565,0.0,0.0,0.0,0.8822635561495094,0.47075579390000244,-0.5553724439824277,0.8285644538794874,0.0,0.0,0.0,0.03220970947608583,1.0,0.0,0.0,0.0,0.0,-0.06504529826853163,0.21751357201644178,-0.06504529826853163,0.21751357201644178,1.1199061870574951,0.872395396232605,0.07284463196992874,-0.189757838845253,1.0,0.0,20.0,1.0,1.1409492492675781,1.110888957977295,0.03993246154101451,0.0,0.0,0.0,0.0,11.208060503005981,11.227713584899902,11.24755573272705,528,8,0000000000000000,0,0,11.167597770690918,1,1,1,1,1,1779092732.310765
11.251735925674465,1,stop_after_sine_low,0.0,0.0,2.373385429382324,0.06024518981575966,0.2116970270872116,14.840314332947676,32.07705177170565,0.0,0.0,0.0,0.8822635561495094,0.47075579390000244,-0.5553724439824277,0.8285644538794874,0.0,0.0,0.0,0.03220970947608583,1.0,0.0,0.0,0.0,0.0,-0.06353181632513416,0.22366137134012207,-0.06353181632513416,0.22366137134012207,1.0853644609451294,0.8776669502258301,0.06895517557859421,-0.1963001936674118,1.0,0.0,20.0,1.0,1.1411418914794922,0.8031378984451294,0.00046527077670455077,0.0,0.0,0.0,0.0,11.208060503005981,11.227713584899902,11.24755573272705,528,8,0000000000000000,0,0,11.267601251602173,1,1,1,1,1,1779092732.4110622
11.301735925674466,1,stop_after_sine_low,0.0,0.0,2.3780713081359863,0.07388010621070862,0.16676218807697296,14.835909736182115,32.08361925685316,0.0,0.0,0.0,0.8823259765202931,0.4706387905363424,-0.5444803369342038,0.8118487835005025,0.0,0.0,0.0,0.0327204514721435,1.0,0.0,0.0,0.0,0.0,-0.06353181632513416,0.22366137134012207,-0.06353181632513416,0.22366137134012207,1.0853644609451294,0.8776669502258301,0.06895517557859421,-0.1963001936674118,1.0,0.0,20.0,1.0,1.1411418914794922,0.8031378984451294,0.00046527077670455077,0.0,0.0,0.0,0.0,11.307826280593872,11.327866554260254,11.34778094291687,528,8,0000000000000000,0,0,11.267601251602173,1,1,1,1,1,1779092732.4110622
11.351735925674467,1,stop_after_sine_low,0.0,0.0,2.3780713081359863,0.07388010621070862,0.16676218807697296,14.835909736182115,32.08361925685316,0.0,0.0,0.0,0.8823259765202931,0.4706387905363424,-0.5444803369342038,0.8118487835005025,0.0,0.0,0.0,0.0327204514721435,1.0,0.0,0.0,0.0,0.0,-0.06254191593415134,0.22360067680427848,-0.06254191593415134,0.22360067680427848,1.0745021104812622,0.8798322677612305,0.06720142066478729,-0.1967310905456543,1.0,0.0,20.0,1.0,1.1412227153778076,0.5704214572906494,0.008340570763234655,0.0,0.0,0.0,0.0,11.307826280593872,11.327866554260254,11.34778094291687,528,8,0000000000000000,0,0,11.367589712142944,1,1,1,1,1,1779092732.5107775
11.401735925674467,1,stop_after_sine_low,0.0,0.0,2.372750759124756,0.03498275950551033,0.20554932951927185,14.834392299076708,32.0858813337774,0.0,0.0,0.0,0.8823501077571264,0.47059354791687,-0.5334500478551008,0.7952257389690278,0.0,0.0,0.0,0.0335862779322335,1.0,0.0,0.0,0.0,0.0,-0.06254191593415134,0.22360067680427848,-0.06254191593415134,0.22360067680427848,1.0745021104812622,0.8798322677612305,0.06720142066478729,-0.1967310905456543,1.0,0.0,20.0,1.0,1.1412227153778076,0.5704214572906494,0.008340570763234655,0.0,0.0,0.0,0.0,11.407967567443848,11.42806625366211,11.447611093521118,528,8,0000000000000000,0,0,11.367589712142944,1,1,1,1,1,1779092732.5107775
11.451735925674468,1,stop_after_sine_low,0.0,0.0,2.372750759124756,0.03498275950551033,0.20554932951927185,14.834392299076708,32.0858813337774,0.0,0.0,0.0,0.8823501077571264,0.47059354791687,-0.5334500478551008,0.7952257389690278,0.0,0.0,0.0,0.0335862779322335,1.0,0.0,0.0,0.0,0.0,-0.062467892042810606,0.22361723048779128,-0.062467892042810606,0.22361723048779128,1.0567456483840942,0.8878024816513062,0.0660126730799675,-0.19852793216705322,1.0,0.0,20.0,1.0,1.140817403793335,0.4107031524181366,0.004523290037324436,0.0,0.0,0.0,0.0,11.407967567443848,11.42806625366211,11.447611093521118,528,8,0000000000000000,0,0,11.46882939338684,1,1,1,1,1,1779092732.6109147
11.501735925674469,1,sine_high_wl5m,2.0,4.8134227248891224e-05,2.3568203449249268,0.028032736852765083,0.2545270025730133,14.830643679575864,32.09146620589865,0.0,0.0,0.0,0.8824139716840207,0.4704737852174469,-0.5299598815850782,0.7895595078079827,0.0,0.0,0.0,0.038102059701326484,1.0,0.0,0.0,0.0,0.0,-0.062467892042810606,0.22361723048779128,-0.062467892042810606,0.22361723048779128,1.0567456483840942,0.8878024816513062,0.0660126730799675,-0.19852793216705322,1.0,0.0,20.0,1.0,1.140817403793335,0.4107031524181366,0.004523290037324436,0.0,0.0,0.0,0.0,11.508619785308838,11.528799057006836,11.54977536201477,528,8,0000000000000000,0,0,11.46882939338684,1,1,1,1,1,1779092732.6109147
11.55173592567447,1,sine_high_wl5m,2.0,0.09808810385781996,2.3568203449249268,0.028032736852765083,0.2545270025730133,14.830643679575864,32.09146620589865,0.0,0.0,0.0,0.8824139716840207,0.4704737852174469,-0.5299598815850782,0.7895595078079827,0.0,0.0,0.0,0.038102059701326484,1.0,0.0,0.0,0.0,0.0,-0.07078323585786322,0.21907658663079638,-0.07078323585786322,0.21907658663079638,1.0451068878173828,0.8768307566642761,0.0739760473370552,-0.19209308922290802,1.0,0.0,20.0,1.0,1.1411521434783936,0.28773972392082214,-0.00028158606854717793,0.0,0.0,0.0,0.0,11.508619785308838,11.528799057006836,11.54977536201477,528,8,0000000000000000,0,0,11.568516731262207,1,1,1,1,1,1779092732.710788
11.60173592567447,1,sine_high_wl5m,2.0,0.23659298169883744,2.353583574295044,0.04597516357898712,0.2655887305736542,14.829028155374754,32.0938724897686,0.0,0.0,0.0,0.8824411616249412,0.47042278459915654,-0.5226378417906322,0.7784563101322423,0.0,0.0,0.0,0.038591322263254846,1.0,0.0,0.0,0.0,0.0,-0.07078323585786322,0.21907658663079638,-0.07078323585786322,0.21907658663079638,1.0451068878173828,0.8768307566642761,0.0739760473370552,-0.19209308922290802,1.0,0.0,20.0,1.0,1.1411521434783936,0.28773972392082214,-0.00028158606854717793,0.0,0.0,0.0,0.0,11.60893988609314,11.628719091415405,11.648632526397705,528,8,0000000000000000,0,0,11.568516731262207,1,1,1,1,1,1779092732.710788
11.65173592567447,1,sine_high_wl5m,2.0,0.32776630896838826,2.353583574295044,0.04597516357898712,0.2655887305736542,14.829028155374754,32.0938724897686,0.0,0.0,0.0,0.8824411616249412,0.47042278459915654,-0.5226378417906322,0.7784563101322423,0.0,0.0,0.0,0.038591322263254846,1.0,0.0,0.0,0.0,0.0,-0.07869036653731455,0.2114714844315109,-0.07869036653731455,0.2114714844315109,1.0291674137115479,0.8569812774658203,0.08098556101322174,-0.18122710287570953,1.0,0.0,20.0,1.0,1.1409966945648193,0.19211414456367493,-0.0007791578276435771,0.0,0.0,0.0,0.0,11.60893988609314,11.628719091415405,11.648632526397705,528,8,0000000000000000,0,0,11.668673753738403,1,1,1,1,1,1779092732.8108544
11.701735925674472,1,sine_high_wl5m,2.0,0.45797420401480166,2.355921983718872,0.015321341343224049,0.18363286554813385,14.823927463030781,32.101464957173995,0.0,0.0,0.0,0.8825305901100255,0.47025499202034,-0.5080988273059075,0.7561792818192651,0.0,0.0,0.0,0.03993246154101451,1.0,0.0,0.0,0.0,0.0,-0.07869036653731455,0.2114714844315109,-0.07869036653731455,0.2114714844315109,1.0291674137115479,0.8569812774658203,0.08098556101322174,-0.18122710287570953,1.0,0.0,20.0,1.0,1.1409966945648193,0.19211414456367493,-0.0007791578276435771,0.0,0.0,0.0,0.0,11.708855867385864,11.728851079940796,11.74968957901001,528,8,0000000000000000,0,0,11.668673753738403,1,1,1,1,1,1779092732.8108544
11.751735925674472,1,sine_high_wl5m,2.0,0.5413516900689761,2.355921983718872,0.015321341343224049,0.18363286554813385,14.823927463030781,32.101464957173995,0.0,0.0,0.0,0.8825305901100255,0.47025499202034,-0.5080988273059075,0.7561792818192651,0.0,0.0,0.0,0.03993246154101451,1.0,0.0,0.0,0.0,0.0,-0.08679734396380417,0.19838400890314575,-0.08679734396380417,0.19838400890314575,0.9999979138374329,0.8242619037628174,0.08679716289043427,-0.16352038085460663,1.0,0.0,20.0,1.0,1.1402220726013184,0.1317741870880127,0.0014121496515477638,0.0,0.0,0.0,0.0,11.708855867385864,11.728851079940796,11.74968957901001,528,8,0000000000000000,0,0,11.768558502197266,1,1,1,1,1,1779092732.9108732
11.801735925674473,1,sine_high_wl5m,2.0,0.6505889801107616,2.352116823196411,0.03509937599301338,0.21945519745349884,14.781676333887061,32.16417652891971,0.0,0.0,0.0,0.8828834691747399,0.4695921420317594,-0.32709916488876,0.48523028972362825,0.0,0.0,0.0,0.00046527077670455077,1.0,0.0,0.0,0.0,0.0,-0.08679734396380417,0.19838400890314575,-0.08679734396380417,0.19838400890314575,0.9999979138374329,0.8242619037628174,0.08679716289043427,-0.16352038085460663,1.0,0.0,20.0,1.0,1.1402220726013184,0.1317741870880127,0.0014121496515477638,0.0,0.0,0.0,0.0,11.808969259262085,11.828757762908936,11.84929633140564,528,8,0000000000000000,0,0,11.768558502197266,1,1,1,1,1,1779092732.9108732
11.851735925674474,1,sine_high_wl5m,2.0,0.717952728455579,2.352116823196411,0.03509937599301338,0.21945519745349884,14.781676333887061,32.16417652891971,0.0,0.0,0.0,0.8828834691747399,0.4695921420317594,-0.32709916488876,0.48523028972362825,0.0,0.0,0.0,0.00046527077670455077,1.0,0.0,0.0,0.0,0.0,-0.08481541282202164,0.20143571681684025,-0.08481541282202164,0.20143571681684025,0.9975333213806152,0.823194146156311,0.08460620045661926,-0.16582070291042328,1.0,0.0,20.0,1.0,1.140181541442871,0.08087597042322159,-0.0011769788413372585,0.0,0.0,0.0,0.0,11.808969259262085,11.828757762908936,11.84929633140564,528,8,0000000000000000,0,0,11.868763446807861,1,1,1,1,1,1779092733.0109632
11.901735925674474,1,sine_high_wl5m,2.0,0.8023164754689085,2.355971097946167,0.0013637901283800602,0.2238507866859436,14.729739756058033,32.24121759046493,0.0,0.0,0.0,0.8830926145922064,0.4691987148881599,-0.0,0.0,0.0,0.0,0.0,-0.00028158606854717793,1.0,0.0,0.0,0.0,0.0,-0.08481541282202164,0.20143571681684025,-0.08481541282202164,0.20143571681684025,0.9975333213806152,0.823194146156311,0.08460620045661926,-0.16582070291042328,1.0,0.0,20.0,1.0,1.140181541442871,0.08087597042322159,-0.0011769788413372585,0.0,0.0,0.0,0.0,11.908867835998535,11.929604768753052,11.948771715164185,528,8,0000000000000000,0,0,11.868763446807861,1,1,1,1,1,1779092733.0109632
11.951735925674475,1,sine_high_wl5m,2.0,0.8493430661193794,2.355971097946167,0.0013637901283800602,0.2238507866859436,14.729739756058033,32.24121759046493,0.0,0.0,0.0,0.8830926145922064,0.4691987148881599,-0.0,0.0,0.0,0.0,0.0,-0.00028158606854717793,1.0,0.0,0.0,0.0,0.0,-0.08397461673614469,0.20293118540585733,-0.08397461673614469,0.20293118540585733,0.9962558150291443,0.8222795724868774,0.08366020023822784,-0.16686616837978363,1.0,0.0,20.0,1.0,1.139765977859497,0.05305374413728714,0.0014261006529264907,0.0,0.0,0.0,0.0,11.908867835998535,11.929604768753052,11.948771715164185,528,8,0000000000000000,0,0,11.96856141090393,1,1,1,1,1,1779092733.1108413
12.001735925674476,1,sine_high_wl5m,2.0,0.9036157860055838,2.3657047748565674,0.013599902391433716,0.20317286252975464,14.682917564619983,32.31071536726535,0.0,0.0,0.0,0.8852581863128373,0.4650999285810587,-0.4980200441352026,0.7228216969253357,0.0,0.0,0.0,0.1922690510759668,1.0,0.0,0.0,0.0,0.0,-0.08397461673614469,0.20293118540585733,-0.08397461673614469,0.20293118540585733,0.9962558150291443,0.8222795724868774,0.08366020023822784,-0.16686616837978363,1.0,0.0,20.0,1.0,1.139765977859497,0.05305374413728714,0.0014261006529264907,0.0,0.0,0.0,0.0,12.009056806564331,12.028868913650513,12.049477577209473,528,8,23010000a1000000,291,161,11.96856141090393,1,1,1,1,1,1779092733.1108413
12.051735925674476,1,sine_high_wl5m,2.0,0.9289426839750947,2.3657047748565674,0.013599902391433716,0.20317286252975464,14.682917564619983,32.31071536726535,0.0,0.0,0.0,0.8852581863128373,0.4650999285810587,-0.4980200441352026,0.7228216969253357,0.0,0.0,0.0,0.1922690510759668,1.0,0.0,0.0,0.0,0.0,-0.08215302211223828,0.20548526507310827,-0.08215302211223828,0.20548526507310827,0.993965208530426,0.8214155435562134,0.08165724575519562,-0.16878879070281982,1.0,0.0,20.0,1.0,1.1400666236877441,0.03142373636364937,-0.0012018516464026073,0.0,0.0,0.0,0.0,12.009056806564331,12.028868913650513,12.049477577209473,528,8,23010000a1000000,291,161,12.068813800811768,1,1,1,1,1,1779092733.2111816
12.101735925674477,1,sine_high_wl5m,2.0,0.9481519446587443,2.3596396446228027,0.006170737091451883,0.19973334670066833,14.620242053005374,32.40127607434879,0.0,0.0,0.0,0.8857143326670546,0.46423067639714866,-0.6961866137756472,1.0062047322899332,0.0,0.0,0.0,0.07591430906826577,1.0,0.0,0.0,0.0,0.0,-0.08215302211223828,0.20548526507310827,-0.08215302211223828,0.20548526507310827,0.993965208530426,0.8214155435562134,0.08165724575519562,-0.16878879070281982,1.0,0.0,20.0,1.0,1.1400666236877441,0.03142373636364937,-0.0012018516464026073,0.0,0.0,0.0,0.0,12.108838081359863,12.128816843032837,12.148731470108032,528,8,370100008d000000,311,141,12.068813800811768,1,1,1,1,1,1779092733.2111816
12.151735925674478,1,sine_high_wl5m,2.0,0.9493101897519353,2.3596396446228027,0.006170737091451883,0.19973334670066833,14.620242053005374,32.40127607434879,0.0,0.0,0.0,0.8857143326670546,0.46423067639714866,-0.6961866137756472,1.0062047322899332,0.0,0.0,0.0,0.07591430906826577,1.0,0.0,0.0,0.0,0.0,-0.08098864384226277,0.2074865091839564,-0.08098864384226277,0.2074865091839564,0.9926271438598633,0.8203206062316895,0.080391526222229,-0.17020545899868011,1.0,0.0,20.0,1.0,1.1401317119598389,0.020893864333629608,0.0010944319874731877,0.0,0.0,0.0,0.0,12.108838081359863,12.128816843032837,12.148731470108032,528,8,370100008d000000,311,141,12.16851019859314,1,1,1,1,1,1779092733.3108304
12.201735925674479,1,sine_high_wl5m,2.0,0.9330756914808723,2.2560384273529053,0.00468470249325037,0.22475498914718628,14.530373781642602,32.52794051114391,0.0,0.0,0.0,0.8906975875145932,0.4545963127827631,-0.7802711580040986,1.0770285239266484,0.0,0.0,0.0,0.07237952412337607,1.0,0.0,0.0,0.0,0.0,-0.08098864384226277,0.2074865091839564,-0.08098864384226277,0.2074865091839564,0.9926271438598633,0.8203206062316895,0.080391526222229,-0.17020545899868011,1.0,0.0,20.0,1.0,1.1401317119598389,0.020893864333629608,0.0010944319874731877,0.0,0.0,0.0,0.0,12.2091383934021,12.228823900222778,12.248653411865234,528,8,3e01000086000000,318,134,12.16851019859314,1,1,1,1,1,1779092733.3108304
12.25173592567448,1,sine_high_wl5m,2.0,0.9105176659277621,2.2560384273529053,0.00468470249325037,0.22475498914718628,14.530373781642602,32.52794051114391,0.0,0.0,0.0,0.8906975875145932,0.4545963127827631,-0.7802711580040986,1.0770285239266484,0.0,0.0,0.0,0.07237952412337607,1.0,0.0,0.0,0.0,0.0,-0.08034437272641458,0.20825935535001458,-0.08034437272641458,0.20825935535001458,0.9919697642326355,0.8200763463973999,0.07969918847084045,-0.17078857123851776,1.0,0.0,20.0,1.0,1.1398205757141113,0.014095228165388107,-0.00035077701644221524,0.0,0.0,0.0,0.0,12.2091383934021,12.228823900222778,12.248653411865234,528,8,3e01000086000000,318,134,12.268608570098877,1,1,1,1,1,1779092733.4110048
12.30173592567448,1,sine_high_wl5m,2.0,0.8594647374485852,2.0579674243927,0.01903892308473587,0.21050985157489777,14.467200702310915,32.61437151680152,0.0,0.0,0.0,0.8928932297640477,0.4502684535269237,-0.9330116065139296,1.2618974955433049,0.0,0.0,0.0,0.23687732323020672,1.0,0.0,0.0,0.0,0.0,-0.08034437272641458,0.20825935535001458,-0.08034437272641458,0.20825935535001458,0.9919697642326355,0.8200763463973999,0.07969918847084045,-0.17078857123851776,1.0,0.0,20.0,1.0,1.1398205757141113,0.014095228165388107,-0.00035077701644221524,0.0,0.0,0.0,0.0,12.308835983276367,12.328739404678345,12.349968433380127,528,8,4301000081000000,323,129,12.268608570098877,1,1,1,1,1,1779092733.4110048
12.35173592567448,1,sine_high_wl5m,2.0,0.8131775617429046,2.0579674243927,0.01903892308473587,0.21050985157489777,14.467200702310915,32.61437151680152,0.0,0.0,0.0,0.8928932297640477,0.4502684535269237,-0.9330116065139296,1.2618974955433049,0.0,0.0,0.0,0.23687732323020672,1.0,0.0,0.0,0.0,0.0,-0.07948437724381079,0.20943831928699316,-0.07948437724381079,0.20943831928699316,0.9911701679229736,0.8193495273590088,0.07878254354000092,-0.17160318791866302,1.0,0.0,20.0,1.0,1.1403005123138428,0.01679227501153946,-0.0010777001650488526,0.0,0.0,0.0,0.0,12.308835983276367,12.328739404678345,12.349968433380127,528,8,4301000081000000,323,129,12.368502378463745,1,1,1,1,1,1779092733.510824
12.401735925674481,1,sine_high_wl5m,2.0,0.7317445943687383,1.791435718536377,0.005460663698613644,0.15250423550605774,14.364335136220697,32.74918598262803,0.0,0.0,0.0,0.898946039464752,0.43805937740292294,-1.0776905739478557,1.3774104647147725,0.0,0.0,0.0,0.21757032474463575,1.0,0.0,0.0,0.0,0.0,-0.07948437724381079,0.20943831928699316,-0.07948437724381079,0.20943831928699316,0.9911701679229736,0.8193495273590088,0.07878254354000092,-0.17160318791866302,1.0,0.0,20.0,1.0,1.1403005123138428,0.01679227501153946,-0.0010777001650488526,0.0,0.0,0.0,0.0,12.408915758132935,12.428861618041992,12.448621273040771,528,8,460100007e000000,326,126,12.368502378463745,1,1,1,1,1,1779092733.510824
12.451735925674482,1,sine_high_wl5m,2.0,0.6672570495814093,1.791435718536377,0.005460663698613644,0.15250423550605774,14.364335136220697,32.74918598262803,0.0,0.0,0.0,0.898946039464752,0.43805937740292294,-1.0776905739478557,1.3774104647147725,0.0,0.0,0.0,0.21757032474463575,1.0,0.0,0.0,0.0,0.0,-0.07859964630750099,0.21030138348010577,-0.07859964630750099,0.21030138348010577,0.9903647303581238,0.819074809551239,0.07784231752157211,-0.1722525656223297,1.0,0.0,20.0,1.0,1.1393542289733887,0.01185801811516285,0.00043706312504893026,0.0,0.0,0.0,0.0,12.408915758132935,12.428861618041992,12.448621273040771,528,8,460100007e000000,326,126,12.468622922897339,1,1,1,1,1,1779092733.6109564
12.501735925674483,1,sine_high_wl5m,2.0,0.5581225010580007,1.4536088705062866,0.004248439334332943,0.20589213073253632,14.252564050195927,32.88816711198375,0.0,0.0,0.0,0.9049325838153724,0.4255549538534757,-1.2257374257833464,1.4801670905615631,0.0,0.0,0.0,0.34350681855515913,1.0,0.0,0.0,0.0,0.0,-0.07859964630750099,0.21030138348010577,-0.07859964630750099,0.21030138348010577,0.9903647303581238,0.819074809551239,0.07784231752157211,-0.1722525656223297,1.0,0.0,20.0,1.0,1.1393542289733887,0.01185801811516285,0.00043706312504893026,0.0,0.0,0.0,0.0,12.50883150100708,12.528735637664795,12.548988342285156,528,8,480100007c000000,328,124,12.468622922897339,1,1,1,1,1,1779092733.6109564
12.551735925674484,1,sine_high_wl5m,2.0,0.4780924034497199,1.4536088705062866,0.004248439334332943,0.20589213073253632,14.252564050195927,32.88816711198375,0.0,0.0,0.0,0.9049325838153724,0.4255549538534757,-1.2257374257833464,1.4801670905615631,0.0,0.0,0.0,0.34350681855515913,1.0,2.0,0.14304595550735888,2.0,0.14304595550735888,2.5782263354206614,0.36701980535575895,0.5782263354206614,0.22397384984840008,0.8534660339355469,0.7928147315979004,-0.20042860507965088,-0.1479327529668808,1.0,0.0,20.0,1.0,1.1406629085540771,0.011458043940365314,0.0009750914022879187,298.8244434677179,153.47826742855437,299.0,153.0,12.50883150100708,12.528735637664795,12.548988342285156,528,8,480100007c000000,328,124,12.56860637664795,1,1,1,1,1,1779092733.7118032
12.601735925674484,1,sine_high_wl5m,2.0,0.3492845324780268,1.110888957977295,-0.020612047985196114,0.21328742802143097,14.135552645991831,33.02503285696581,0.0,0.0,0.0,0.9110245881326641,0.4123520338469423,-1.3472504250790183,1.53383145472437,0.0,0.0,0.0,0.33235081887545714,1.0,2.0,0.14304595550735888,2.0,0.14304595550735888,2.5782263354206614,0.36701980535575895,0.5782263354206614,0.22397384984840008,0.8534660339355469,0.7928147315979004,-0.20042860507965088,-0.1479327529668808,1.0,0.0,20.0,1.0,1.1406629085540771,0.011458043940365314,0.0009750914022879187,298.8244434677179,153.47826742855437,299.0,153.0,12.609120845794678,12.62925410270691,12.648681402206421,528,8,490100007c000000,329,124,12.56860637664795,1,1,1,1,1,1779092733.7118032
12.651735925674485,1,sine_high_wl5m,2.0,0.2589312033216185,1.110888957977295,-0.020612047985196114,0.21328742802143097,14.135552645991831,33.02503285696581,0.0,0.0,0.0,0.9110245881326641,0.4123520338469423,-1.3472504250790183,1.53383145472437,0.0,0.0,0.0,0.33235081887545714,1.0,2.0,0.37220778581209435,2.0,0.37220778581209435,2.8128225697372247,0.6934519106585699,0.8128225697372247,0.3212441248464756,0.8284640312194824,0.8770140409469604,-0.3303223252296448,-0.2359592765569687,1.0,0.0,20.0,1.0,1.1409056186676025,0.05187263712286949,0.018593949495909118,313.00189205670426,139.36801053904188,313.0,139.0,12.609120845794678,12.62925410270691,12.648681402206421,528,8,490100007c000000,329,124,12.66862440109253,1,1,1,1,1,1779092733.8119228
12.701735925674486,1,sine_high_wl5m,2.0,0.1187264660661041,0.8031378984451294,-0.02052467130124569,0.1974833756685257,14.016030493924895,33.15653076130505,0.0,0.0,0.0,0.9176135741816633,0.3974736827483714,-1.4555788602569097,1.5522412171652813,0.0,0.0,0.0,0.4029407189131125,1.0,2.0,0.37220778581209435,2.0,0.37220778581209435,2.8128225697372247,0.6934519106585699,0.8128225697372247,0.3212441248464756,0.8284640312194824,0.8770140409469604,-0.3303223252296448,-0.2359592765569687,1.0,0.0,20.0,1.0,1.1409056186676025,0.05187263712286949,0.018593949495909118,313.00189205670426,139.36801053904188,313.0,139.0,12.708918333053589,12.728741884231567,12.748733758926392,528,8,480100007d000000,328,125,12.66862440109253,1,1,1,1,1,1779092733.8119228
12.751735925674486,1,sine_high_wl5m,2.0,0.02347220762107451,0.8031378984451294,-0.02052467130124569,0.1974833756685257,14.016030493924895,33.15653076130505,0.0,0.0,0.0,0.9176135741816633,0.3974736827483714,-1.4555788602569097,1.5522412171652813,0.0,0.0,0.0,0.4029407189131125,1.0,2.0,0.5778082761029765,2.0,0.5778082761029765,2.830642259583282,0.9347635868871585,0.8306422595832821,0.3569553107841821,0.8408653736114502,0.914521336555481,-0.38018906116485596,-0.27705296874046326,1.0,0.0,20.0,1.0,1.141232967376709,0.25416621565818787,0.21144196142997235,319.47825564647434,132.9223406155741,319.0,133.0,12.708918333053589,12.728741884231567,12.748733758926392,528,8,480100007d000000,328,125,12.768519878387451,1,1,1,1,1,1779092733.9120176
12.801735925674487,1,sine_high_wl5m,2.0,-0.1194324996687415,0.5704214572906494,-0.01959988661110401,0.19555474817752838,13.846303749363717,33.3294400180623,0.0,0.0,0.0,0.9259333854036043,0.37768686208950997,-1.587393067713804,1.553456558230095,0.0,0.0,0.0,0.417546382096877,1.0,2.0,0.5778082761029765,2.0,0.5778082761029765,2.830642259583282,0.9347635868871585,0.8306422595832821,0.3569553107841821,0.8408653736114502,0.914521336555481,-0.38018906116485596,-0.27705296874046326,1.0,0.0,20.0,1.0,1.141232967376709,0.25416621565818787,0.21144196142997235,319.47825564647434,132.9223406155741,319.0,133.0,12.808959722518921,12.828814029693604,12.84864354133606,528,8,450100007f000000,325,127,12.768519878387451,1,1,1,1,1,1779092733.9120176
12.851735925674488,1,sine_high_wl5m,2.0,-0.21341809656665783,0.5704214572906494,-0.01959988661110401,0.19555474817752838,13.846303749363717,33.3294400180623,0.0,0.0,0.0,0.9259333854036043,0.37768686208950997,-1.587393067713804,1.553456558230095,0.0,0.0,0.0,0.417546382096877,1.0,2.0,0.7472152855199514,2.0,0.7472152855199514,2.8152081823866495,1.0,0.8152081823866495,0.2527847144800486,0.8541578650474548,0.9080918431282043,-0.40463221073150635,-0.3021984100341797,1.0,0.0,20.0,1.0,1.141108512878418,0.5893455743789673,0.022051678472105977,323.8321269564752,128.58910376675803,324.0,129.0,12.808959722518921,12.828814029693604,12.84864354133606,528,8,450100007f000000,325,127,12.86853551864624,1,1,1,1,1,1779092734.0121496
12.901735925674489,1,sine_high_wl5m,2.0,-0.35003062044783784,0.4107031524181366,-0.021755067631602287,0.19454988837242126,13.6653175927804,33.49817032138118,0.0,0.0,0.0,0.9342033757347058,0.356740876219533,-1.670598951171961,1.4937063682463676,0.0,0.0,0.0,0.38834440238315954,1.0,2.0,0.7472152855199514,2.0,0.7472152855199514,2.8152081823866495,1.0,0.8152081823866495,0.2527847144800486,0.8541578650474548,0.9080918431282043,-0.40463221073150635,-0.3021984100341797,1.0,0.0,20.0,1.0,1.141108512878418,0.5893455743789673,0.022051678472105977,323.8321269564752,128.58910376675803,324.0,129.0,12.908812284469604,12.92877984046936,12.948759078979492,528,8,4201000083000000,322,131,12.86853551864624,1,1,1,1,1,1779092734.0121496
12.95173592567449,1,sine_high_wl5m,2.0,-0.4370202256793381,0.4107031524181366,-0.021755067631602287,0.19454988837242126,13.6653175927804,33.49817032138118,0.0,0.0,0.0,0.9342033757347058,0.356740876219533,-1.670598951171961,1.4937063682463676,0.0,0.0,0.0,0.38834440238315954,1.0,2.0,0.869630508306163,2.0,0.869630508306163,2.7405920055227218,1.0,0.7405920055227218,0.13036949169383705,0.8761881589889526,0.8772904276847839,-0.40127426385879517,-0.3138730525970459,1.0,0.0,20.0,1.0,1.1408169269561768,0.910781741142273,0.20825995467182584,326.81997255336836,125.61541857553735,327.0,126.0,12.908812284469604,12.92877984046936,12.948759078979492,528,8,4201000083000000,322,131,12.968545913696289,1,1,1,1,1,1779092734.111886
13.00173592567449,1,sine_high_wl5m,2.0,-0.558654597761696,0.28773972392082214,-0.02250833250582218,0.19164946675300598,13.507005918362633,33.63445405531689,0.0,0.0,0.0,0.9400038481487574,0.3411638396218566,-1.7754443234396826,1.4842699456801942,0.0,0.0,0.0,0.2917729982963504,1.0,2.0,0.869630508306163,2.0,0.869630508306163,2.7405920055227218,1.0,0.7405920055227218,0.13036949169383705,0.8761881589889526,0.8772904276847839,-0.40127426385879517,-0.3138730525970459,1.0,0.0,20.0,1.0,1.1408169269561768,0.910781741142273,0.20825995467182584,326.81997255336836,125.61541857553735,327.0,126.0,13.008821964263916,13.028743982315063,13.048739433288574,528,8,3d01000088000000,317,136,12.968545913696289,1,1,1,1,1,1779092734.111886
13.05173592567449,1,sine_high_wl5m,2.0,-0.6329987885029801,0.28773972392082214,-0.02250833250582218,0.19164946675300598,13.507005918362633,33.63445405531689,0.0,0.0,0.0,0.9400038481487574,0.3411638396218566,-1.7754443234396826,1.4842699456801942,0.0,0.0,0.0,0.2917729982963504,1.0,2.0,0.9374714647142321,2.0,0.9374714647142321,2.591899465349173,1.0,0.5918994653491731,0.06252853528576785,0.9174742102622986,0.8419685363769531,-0.3780009150505066,-0.31794869899749756,1.0,0.0,20.0,1.0,1.1428496837615967,1.127863883972168,0.07988064370448242,328.48644170940827,123.95684737758289,328.0,124.0,13.008821964263916,13.028743982315063,13.048739433288574,528,8,3d01000088000000,317,136,13.069859743118286,1,1,1,1,1,1779092734.2136102
13.101735925674491,1,sine_high_wl5m,2.0,-0.7321456466692597,0.19211414456367493,-0.025898603722453117,0.18955044448375702,13.378455744611028,33.73991552295899,0.0,0.0,0.0,0.9425702347597794,0.33400801269564523,-1.8443004579081597,1.4947888423017828,0.0,0.0,0.0,0.1492779560158147,1.0,2.0,0.9374714647142321,2.0,0.9374714647142321,2.591899465349173,1.0,0.5918994653491731,0.06252853528576785,0.9174742102622986,0.8419685363769531,-0.3780009150505066,-0.31794869899749756,1.0,0.0,20.0,1.0,1.1428496837615967,1.127863883972168,0.07988064370448242,328.48644170940827,123.95684737758289,328.0,124.0,13.108884572982788,13.12869143486023,13.149385690689087,528,8,3401000090000000,308,144,13.069859743118286,1,1,1,1,1,1779092734.2136102
13.151735925674492,1,sine_high_wl5m,2.0,-0.7902950809709506,0.19211414456367493,-0.025898603722453117,0.18955044448375702,13.378455744611028,33.73991552295899,0.0,0.0,0.0,0.9425702347597794,0.33400801269564523,-1.8443004579081597,1.4947888423017828,0.0,0.0,0.0,0.1492779560158147,1.0,2.0,0.9463017557373062,2.0,0.9463017557373062,2.4917372081585176,1.0,0.4917372081585176,0.05369824426269376,0.9445370435714722,0.8251550197601318,-0.3535380959510803,-0.31718236207962036,1.0,0.0,20.0,1.0,1.1410980224609375,1.3811088800430298,0.2954003301476812,328.70581706145936,123.73851171914347,329.0,124.0,13.108884572982788,13.12869143486023,13.149385690689087,528,8,3401000090000000,308,144,13.16860842704773,1,1,1,1,1,1779092734.3118103
13.201735925674493,1,sine_high_wl5m,2.0,-0.8597346347153845,0.1317741870880127,-0.02611522004008293,0.1893032342195511,13.170221958243443,33.907120516057574,0.0,0.0,0.0,0.9431605310788663,0.33233749805736745,-1.8754901890347526,1.5090879789386664,0.0,0.0,0.0,-0.09436740264247921,1.0,2.0,0.9463017557373062,2.0,0.9463017557373062,2.4917372081585176,1.0,0.4917372081585176,0.05369824426269376,0.9445370435714722,0.8251550197601318,-0.3535380959510803,-0.31718236207962036,1.0,0.0,20.0,1.0,1.1410980224609375,1.3811088800430298,0.2954003301476812,328.70581706145936,123.73851171914347,329.0,124.0,13.20902705192566,13.22887110710144,13.248568058013916,528,8,c100000003010000,193,259,13.16860842704773,1,1,1,1,1,1779092734.3118103
13.251735925674494,1,sine_high_wl5m,2.0,-0.8959635933128984,0.1317741870880127,-0.02611522004008293,0.1893032342195511,13.170221958243443,33.907120516057574,0.0,0.0,0.0,0.9431605310788663,0.33233749805736745,-1.8754901890347526,1.5090879789386664,0.0,0.0,0.0,-0.09436740264247921,1.0,2.0,0.8957162662636313,2.0,0.8957162662636313,2.2593104852364188,1.0,0.25931048523641875,0.10428373373636868,1.008571982383728,0.8011705875396729,-0.2786772549152374,-0.3063049912452698,1.0,0.0,20.0,1.0,1.1411731243133545,1.6047435998916626,0.24106464022874668,327.45759411544657,124.9808189165969,327.0,125.0,13.20902705192566,13.22887110710144,13.248568058013916,528,8,c100000003010000,193,259,13.268469095230103,1,1,1,1,1,1779092734.4121642
13.301735925674494,1,sine_high_wl5m,2.0,-0.9332371356508087,0.08087597042322159,-0.028867611661553383,0.18721649050712585,12.9270416629098,34.1062095746563,0.0,0.0,0.0,0.9404732602985828,0.33986768993735494,-1.830665713046116,1.5218799068526727,0.0,0.0,0.0,-0.11363100253730793,1.0,2.0,0.8957162662636313,2.0,0.8957162662636313,2.2593104852364188,1.0,0.25931048523641875,0.10428373373636868,1.008571982383728,0.8011705875396729,-0.2786772549152374,-0.3063049912452698,1.0,0.0,20.0,1.0,1.1411731243133545,1.6047435998916626,0.24106464022874668,327.45759411544657,124.9808189165969,327.0,125.0,13.308918476104736,13.32869267463684,13.349589586257935,528,8,980000002c010000,152,300,13.268469095230103,1,1,1,1,1,1779092734.4121642
13.351735925674495,1,sine_high_wl5m,2.0,-0.9465532687341015,0.08087597042322159,-0.028867611661553383,0.18721649050712585,12.9270416629098,34.1062095746563,0.0,0.0,0.0,0.9404732602985828,0.33986768993735494,-1.830665713046116,1.5218799068526727,0.0,0.0,0.0,-0.11363100253730793,1.0,2.0,0.7889089969235209,2.0,0.7889089969235209,2.0725489729025566,1.0,0.07254897290255657,0.2110910030764791,1.0622373819351196,0.7730625867843628,-0.20153899490833282,-0.2842908501625061,1.0,0.0,20.0,1.0,1.1411364078521729,1.8064857721328735,0.31647079347580204,324.8539147394963,127.57215857986495,325.0,128.0,13.308918476104736,13.32869267463684,13.349589586257935,528,8,980000002c010000,152,300,13.368541240692139,1,1,1,1,1,1779092734.511749
13.401735925674496,1,sine_high_wl5m,2.0,-0.9479034318066623,0.05305374413728714,-0.029496347531676292,0.18759199976921082,12.805237294284469,34.20843541531357,0.0,0.0,0.0,0.9389113658218496,0.3441590433659254,-1.8116148874074196,1.5342390171788596,0.0,0.0,0.0,-0.14578023372610002,1.0,2.0,0.7889089969235209,2.0,0.7889089969235209,2.0725489729025566,1.0,0.07254897290255657,0.2110910030764791,1.0622373819351196,0.7730625867843628,-0.20153899490833282,-0.2842908501625061,1.0,0.0,20.0,1.0,1.1411364078521729,1.8064857721328735,0.31647079347580204,324.8539147394963,127.57215857986495,325.0,128.0,13.410195350646973,13.428731918334961,13.448572158813477,528,8,8e00000035010000,142,309,13.368541240692139,1,1,1,1,1,1779092734.511749
13.451735925674496,1,sine_high_wl5m,2.0,-0.9372974853233532,0.05305374413728714,-0.029496347531676292,0.18759199976921082,12.805237294284469,34.20843541531357,0.0,0.0,0.0,0.9389113658218496,0.3441590433659254,-1.8116148874074196,1.5342390171788596,0.0,0.0,0.0,-0.14578023372610002,1.0,2.0,0.6324247422465332,2.0,0.6324247422465332,1.9921981954614059,1.0,-0.007801804538594137,0.3675752577534668,1.0775707960128784,0.8008108139038086,-0.1467345952987671,-0.2389536201953888,1.0,0.0,20.0,1.0,1.1409308910369873,1.974098801612854,0.40043264021306396,320.9342889115353,131.47320798210103,321.0,131.0,13.410195350646973,13.428731918334961,13.448572158813477,528,8,8e00000035010000,142,309,13.468517780303955,1,1,1,1,1,1779092734.6129506
13.501735925674497,1,sine_high_wl5m,2.0,-0.9033883664714929,0.03142373636364937,-0.029154138639569283,0.18605124950408936,12.557190594760456,34.42412769764781,0.0,0.0,0.0,0.9343353195800058,0.3563951607209733,-1.7312305010468672,1.5456139055852438,0.0,0.0,0.0,-0.2117824769555664,1.0,2.0,0.6324247422465332,2.0,0.6324247422465332,1.9921981954614059,1.0,-0.007801804538594137,0.3675752577534668,1.0775707960128784,0.8008108139038086,-0.1467345952987671,-0.2389536201953888,1.0,0.0,20.0,1.0,1.1409308910369873,1.974098801612854,0.40043264021306396,320.9342889115353,131.47320798210103,321.0,131.0,13.50892424583435,13.528725147247314,13.54879355430603,528,8,890000003b010000,137,315,13.468517780303955,1,1,1,1,1,1779092734.6129506
13.551735925674498,1,sine_high_wl5m,2.0,-0.8692813065489735,0.03142373636364937,-0.029154138639569283,0.18605124950408936,12.557190594760456,34.42412769764781,0.0,0.0,0.0,0.9343353195800058,0.3563951607209733,-1.7312305010468672,1.5456139055852438,0.0,0.0,0.0,-0.2117824769555664,1.0,2.0,0.4362761745939059,2.0,0.4362761745939059,1.8704490983166526,0.6895489173822527,-0.12955090168334737,0.25327274278834677,1.1118451356887817,0.8472620248794556,-0.07964973151683807,-0.14795243740081787,1.0,0.0,20.0,1.0,1.1421949863433838,2.0797247886657715,0.3473907889027975,315.2616358014538,137.11897648028642,315.0,137.0,13.50892424583435,13.528725147247314,13.54879355430603,528,8,890000003b010000,137,315,13.569673776626587,1,1,1,1,1,1779092734.713688
13.601735925674499,1,sine_high_wl5m,2.0,-0.801936531340212,0.020893864333629608,-0.029646340757608414,0.18671248853206635,12.422342470472326,34.547149184984406,0.0,0.0,0.0,0.9307578838883566,0.3656361054103774,-1.71487609190426,1.5931970227170207,0.0,0.0,0.0,-0.3047520547542493,1.0,2.0,0.4362761745939059,2.0,0.4362761745939059,1.8704490983166526,0.6895489173822527,-0.12955090168334737,0.25327274278834677,1.1118451356887817,0.8472620248794556,-0.07964973151683807,-0.14795243740081787,1.0,0.0,20.0,1.0,1.1421949863433838,2.0797247886657715,0.3473907889027975,315.2616358014538,137.11897648028642,315.0,137.0,13.609014749526978,13.628792762756348,13.649792432785034,528,8,850000003f010000,133,319,13.569673776626587,1,1,1,1,1,1779092734.713688
13.6517359256745,1,sine_high_wl5m,2.0,-0.7453384023689763,0.020893864333629608,-0.029646340757608414,0.18671248853206635,12.422342470472326,34.547149184984406,0.0,0.0,0.0,0.9307578838883566,0.3656361054103774,-1.71487609190426,1.5931970227170207,0.0,0.0,0.0,-0.3047520547542493,1.0,2.0,0.21258815881982027,2.0,0.21258815881982027,1.784686284107033,0.2480871017762424,-0.215313715892967,0.03549894295642214,1.1338624954223633,0.9006264209747314,-0.023588843643665314,-0.010845639742910862,1.0,0.0,20.0,1.0,1.1398944854736328,2.1662187576293945,0.4185664626917227,305.0885399551057,147.24385860224425,305.0,147.0,13.609014749526978,13.628792762756348,13.649792432785034,528,8,850000003f010000,133,319,13.668854236602783,1,1,1,1,1,1779092734.8117695
13.7017359256745,1,sine_high_wl5m,2.0,-0.650078586785994,0.014095228165388107,-0.02977379783987999,0.186283677816391,12.284344305458825,34.67875820497272,0.0,0.0,0.0,0.9259641618824506,0.3776114019853359,-1.6779614497148239,1.6415533726821632,0.0,0.0,0.0,-0.3449300925445123,1.0,2.0,0.21258815881982027,2.0,0.21258815881982027,1.784686284107033,0.2480871017762424,-0.215313715892967,0.03549894295642214,1.1338624954223633,0.9006264209747314,-0.023588843643665314,-0.010845639742910862,1.0,0.0,20.0,1.0,1.1398944854736328,2.1662187576293945,0.4185664626917227,305.0885399551057,147.24385860224425,305.0,147.0,13.708975315093994,13.72873330116272,13.749494075775146,528,8,8200000041010000,130,321,13.668854236602783,1,1,1,1,1,1779092734.8117695
13.7517359256745,1,sine_high_wl5m,2.0,-0.5771653831085856,0.014095228165388107,-0.02977379783987999,0.186283677816391,12.284344305458825,34.67875820497272,0.0,0.0,0.0,0.9259641618824506,0.3776114019853359,-1.6779614497148239,1.6415533726821632,0.0,0.0,0.0,-0.3449300925445123,1.0,2.0,-0.02423327865987346,2.0,-0.02423327865987346,1.741799345712655,-0.0909631874676045,-0.25820065428734496,-0.06672990880773104,1.1193190813064575,0.8580625057220459,0.05037075653672218,0.05381882190704346,1.0,0.0,20.0,1.0,1.1400532722473145,2.2228968143463135,0.3798977523545897,181.6488118644356,270.09856428490167,182.0,270.0,13.708975315093994,13.72873330116272,13.749494075775146,528,8,8200000041010000,130,321,13.768608331680298,1,1,1,1,1,1779092734.9127293
13.801735925674501,1,sine_high_wl5m,2.0,-0.4573463778095098,0.01679227501153946,-0.030076341703534126,0.18727675080299377,12.053127135560816,34.91707942037346,0.0,0.0,0.0,0.9162245671000906,0.4006651253132116,-1.6163008408587816,1.7478635517807848,0.0,0.0,0.0,-0.3915054102151464,1.0,2.0,-0.02423327865987346,2.0,-0.02423327865987346,1.741799345712655,-0.0909631874676045,-0.25820065428734496,-0.06672990880773104,1.1193190813064575,0.8580625057220459,0.05037075653672218,0.05381882190704346,1.0,0.0,20.0,1.0,1.1400532722473145,2.2228968143463135,0.3798977523545897,181.6488118644356,270.09856428490167,182.0,270.0,13.808919191360474,13.828803300857544,13.848600149154663,528,8,8100000042010000,129,322,13.768608331680298,1,1,1,1,1,1779092734.9127293
13.851735925674502,1,sine_high_wl5m,2.0,-0.37153058445259635,0.01679227501153946,-0.030076341703534126,0.18727675080299377,12.053127135560816,34.91707942037346,0.0,0.0,0.0,0.9162245671000906,0.4006651253132116,-1.6163008408587816,1.7478635517807848,0.0,0.0,0.0,-0.3915054102151464,1.0,2.0,-0.2596473649507391,2.0,-0.2596473649507391,1.7707259093619758,-0.428352781699083,-0.22927409063802417,-0.16870541674834388,1.0706605911254883,0.6971564292907715,0.10415355116128922,0.03898153081536293,1.0,0.0,20.0,1.0,1.1404204368591309,2.259608507156372,0.20132982416601175,149.12117413265668,302.4720425961509,149.0,302.0,13.808919191360474,13.828803300857544,13.848600149154663,528,8,8100000042010000,129,322,13.868536472320557,1,1,1,1,1,1779092735.0119498
13.901735925674503,1,sine_high_wl5m,2.0,-0.23589512493708462,0.01185801811516285,-0.028372736647725105,0.1856735199689865,11.825540431410772,35.178097849883194,0.0,0.0,0.0,0.9044151833293267,0.4266534614454456,-1.5139302268691937,1.8372454033079892,0.0,0.0,0.0,-0.41008589216720154,1.0,2.0,-0.2596473649507391,2.0,-0.2596473649507391,1.7707259093619758,-0.428352781699083,-0.22927409063802417,-0.16870541674834388,1.0706605911254883,0.6971564292907715,0.10415355116128922,0.03898153081536293,1.0,0.0,20.0,1.0,1.1404204368591309,2.259608507156372,0.20132982416601175,149.12117413265668,302.4720425961509,149.0,302.0,13.908920764923096,13.929399967193604,13.949635028839111,528,8,8100000042010000,129,322,13.868536472320557,1,1,1,1,1,1779092735.0119498
13.951735925674503,1,sine_high_wl5m,2.0,-0.14024399076588498,0.01185801811516285,-0.028372736647725105,0.1856735199689865,11.825540431410772,35.178097849883194,0.0,0.0,0.0,0.9044151833293267,0.4266534614454456,-1.5139302268691937,1.8372454033079892,0.0,0.0,0.0,-0.41008589216720154,1.0,2.0,-0.4787556028720404,2.0,-0.4787556028720404,1.7686246689745388,-0.9352856097418276,-0.23137533102546115,-0.45653000686978723,1.1134047508239746,0.626326322555542,0.030804891139268875,0.10703839361667633,1.0,0.0,20.0,1.0,1.1398322582244873,2.32733154296875,0.006702521170737559,141.01167310059185,310.5431099740353,141.0,311.0,13.908920764923096,13.929399967193604,13.949635028839111,528,8,8100000042010000,129,322,13.968508005142212,1,1,1,1,1,1779092735.1118193
14.001735925674504,1,s1_stop,0.0,0.0,0.011458043940365314,-0.028375625610351562,0.18583913147449493,11.644467574032127,35.409281005299114,0.0,0.0,0.0,0.8942112744857028,0.44764516816632244,-1.474363485682446,1.969775771238162,0.0,0.0,0.0,-0.32940426429186853,1.0,2.0,-0.4787556028720404,2.0,-0.4787556028720404,1.7686246689745388,-0.9352856097418276,-0.23137533102546115,-0.45653000686978723,1.1134047508239746,0.626326322555542,0.030804891139268875,0.10703839361667633,1.0,0.0,20.0,1.0,1.1398322582244873,2.32733154296875,0.006702521170737559,141.01167310059185,310.5431099740353,141.0,311.0,14.009704828262329,14.02973484992981,14.049550533294678,528,8,8300000041010000,131,321,13.968508005142212,1,1,1,1,1,1779092735.1118193
14.051735925674505,1,s1_stop,0.0,0.0,0.011458043940365314,-0.028375625610351562,0.18583913147449493,11.644467574032127,35.409281005299114,0.0,0.0,0.0,0.8942112744857028,0.44764516816632244,-1.474363485682446,1.969775771238162,0.0,0.0,0.0,-0.32940426429186853,1.0,2.0,-0.667862913855773,2.0,-0.667862913855773,1.7867551495700027,-1.0,-0.2132448504299973,-0.332137086144227,1.1413390636444092,0.5951957702636719,-0.039293449372053146,0.046412669122219086,1.0,0.0,20.0,1.0,1.1398024559020996,2.364295244216919,-0.09237167202800822,135.85121555867258,315.6791103712061,136.0,316.0,14.009704828262329,14.02973484992981,14.049550533294678,528,8,8300000041010000,131,321,14.069785833358765,1,1,1,1,1,1779092735.2140374
14.101735925674506,1,s1_stop,0.0,0.0,0.05187263712286949,-0.02710173837840557,0.18370482325553894,11.563604286977085,35.51990654865893,0.0,0.0,0.0,0.8891973421435911,0.4575238646505483,-1.3607763649013214,1.9045641098438122,0.0,0.0,0.0,-0.41204557309324136,1.0,2.0,-0.667862913855773,2.0,-0.667862913855773,1.7867551495700027,-1.0,-0.2132448504299973,-0.332137086144227,1.1413390636444092,0.5951957702636719,-0.039293449372053146,0.046412669122219086,1.0,0.0,20.0,1.0,1.1398024559020996,2.364295244216919,-0.09237167202800822,135.85121555867258,315.6791103712061,136.0,316.0,14.109816312789917,14.129678964614868,14.149780035018921,528,8,860000003e010000,134,318,14.069785833358765,1,1,1,1,1,1779092735.2140374
14.151735925674506,1,s1_stop,0.0,0.0,0.05187263712286949,-0.02710173837840557,0.18370482325553894,11.563604286977085,35.51990654865893,0.0,0.0,0.0,0.8891973421435911,0.4575238646505483,-1.3607763649013214,1.9045641098438122,0.0,0.0,0.0,-0.41204557309324136,1.0,2.0,-0.814855766128371,2.0,-0.814855766128371,1.7944702175552905,-1.0,-0.20552978244470954,-0.18514423387162904,1.1602718830108643,0.5238063931465149,-0.08207333832979202,0.03904106840491295,1.0,0.0,20.0,1.0,1.1415190696716309,2.369581937789917,-0.14293639042483286,132.23742528286647,319.27577367888046,132.0,319.0,14.109816312789917,14.129678964614868,14.149780035018921,528,8,860000003e010000,134,318,14.169997453689575,1,1,1,1,1,1779092735.3119464
14.201735925674507,1,s1_stop,0.0,0.0,0.25416621565818787,-0.04472784698009491,0.19307757914066315,11.482689388880756,35.6356752297858,0.0,0.0,0.0,0.8848174053019874,0.465937935002784,-1.3432133949882292,1.9574513116893473,0.0,0.0,0.0,-0.3381185980275989,1.0,2.0,-0.814855766128371,2.0,-0.814855766128371,1.7944702175552905,-1.0,-0.20552978244470954,-0.18514423387162904,1.1602718830108643,0.5238063931465149,-0.08207333832979202,0.03904106840491295,1.0,0.0,20.0,1.0,1.1415190696716309,2.369581937789917,-0.14293639042483286,132.23742528286647,319.27577367888046,132.0,319.0,14.209861278533936,14.229782342910767,14.249667882919312,528,8,8a00000039010000,138,313,14.169997453689575,1,1,1,1,1,1779092735.3119464
14.251735925674508,1,s1_stop,0.0,0.0,0.25416621565818787,-0.04472784698009491,0.19307757914066315,11.482689388880756,35.6356752297858,0.0,0.0,0.0,0.8848174053019874,0.465937935002784,-1.3432133949882292,1.9574513116893473,0.0,0.0,0.0,-0.3381185980275989,1.0,2.0,-0.9106605129231805,2.0,-0.9106605129231805,1.7975354126485616,-1.0,-0.20246458735143835,-0.08933948707681949,1.166201114654541,0.4730997681617737,-0.096287801861763,0.06272044777870178,1.0,0.0,20.0,1.0,1.1410634517669678,2.3421998023986816,-0.17907094449802274,129.92804112331092,321.5742128898125,130.0,322.0,14.209861278533936,14.229782342910767,14.249667882919312,528,8,8a00000039010000,138,313,14.269506692886353,1,1,1,1,1,1779092735.4130707
14.301735925674508,1,s1_stop,0.0,0.0,0.5893455743789673,-0.04410502314567566,0.1909862905740738,11.32902698581309,35.86964774309784,0.0,0.0,0.0,0.8762813844820594,0.4817996836966637,-1.2397748730763318,1.954026120954437,0.0,0.0,0.0,-0.2227319537084516,1.0,2.0,-0.9106605129231805,2.0,-0.9106605129231805,1.7975354126485616,-1.0,-0.20246458735143835,-0.08933948707681949,1.166201114654541,0.4730997681617737,-0.096287801861763,0.06272044777870178,1.0,0.0,20.0,1.0,1.1410634517669678,2.3421998023986816,-0.17907094449802274,129.92804112331092,321.5742128898125,130.0,322.0,14.309789180755615,14.329695701599121,14.349670886993408,528,8,9100000033010000,145,307,14.269506692886353,1,1,1,1,1,1779092735.4130707
14.35173592567451,1,s1_stop,0.0,0.0,0.5893455743789673,-0.04410502314567566,0.1909862905740738,11.32902698581309,35.86964774309784,0.0,0.0,0.0,0.8762813844820594,0.4817996836966637,-1.2397748730763318,1.954026120954437,0.0,0.0,0.0,-0.2227319537084516,1.0,2.0,-0.949337243204125,2.0,-0.949337243204125,1.796865426539218,-1.0,-0.2031345734607819,-0.05066275679587495,1.1658239364624023,0.4509176015853882,-0.09482872486114502,0.0870891883969307,1.0,0.0,20.0,1.0,1.1394762992858887,2.312962532043457,-0.24288903210559684,128.989023362049,322.50878032993097,129.0,323.0,14.309789180755615,14.329695701599121,14.349670886993408,528,8,9100000033010000,145,307,14.369614839553833,1,1,1,1,1,1779092735.5143902
14.40173592567451,1,s1_stop,0.0,0.0,0.910781741142273,-0.05945116654038429,0.19489432871341705,11.196056767154202,36.08645782626471,0.0,0.0,0.0,0.8690177322915239,0.4947809424006722,-1.0826758645298944,1.8242036046050905,0.0,0.0,0.0,-0.2913979660338025,1.0,2.0,-0.949337243204125,2.0,-0.949337243204125,1.796865426539218,-1.0,-0.2031345734607819,-0.05066275679587495,1.1658239364624023,0.4509176015853882,-0.09482872486114502,0.0870891883969307,1.0,0.0,20.0,1.0,1.1394762992858887,2.312962532043457,-0.24288903210559684,128.989023362049,322.50878032993097,129.0,323.0,14.409834861755371,14.429725170135498,14.449558019638062,528,8,9d00000027010000,157,295,14.369614839553833,1,1,1,1,1,1779092735.5143902
14.45173592567451,1,s1_stop,0.0,0.0,0.910781741142273,-0.05945116654038429,0.19489432871341705,11.196056767154202,36.08645782626471,0.0,0.0,0.0,0.8690177322915239,0.4947809424006722,-1.0826758645298944,1.8242036046050905,0.0,0.0,0.0,-0.2913979660338025,1.0,2.0,-0.9283348762301062,2.0,-0.9283348762301062,1.7931858363358049,-1.0,-0.20681416366419514,-0.07166512376989376,1.1744691133499146,0.44928300380706787,-0.10604137927293777,0.08272408694028854,1.0,0.0,20.0,1.0,1.138718605041504,2.329900026321411,-0.2975290025423145,129.49989949828577,322.00032540761003,129.0,322.0,14.409834861755371,14.429725170135498,14.449558019638062,528,8,9d00000027010000,157,295,14.469502687454224,1,1,1,1,1,1779092735.61173
14.501735925674511,1,s1_stop,0.0,0.0,1.127863883972168,-0.07347805052995682,0.17509835958480835,11.101009216883433,36.250947763328796,0.0,0.0,0.0,0.8636154509962478,0.504151120995032,-0.9187241567924107,1.6271533533253622,0.0,0.0,0.0,-0.24177835204893713,1.0,2.0,-0.9283348762301062,2.0,-0.9283348762301062,1.7931858363358049,-1.0,-0.20681416366419514,-0.07166512376989376,1.1744691133499146,0.44928300380706787,-0.10604137927293777,0.08272408694028854,1.0,0.0,20.0,1.0,1.138718605041504,2.329900026321411,-0.2975290025423145,129.49989949828577,322.00032540761003,129.0,322.0,14.50981092453003,14.529671669006348,14.549736976623535,528,8,0000000000000000,0,0,14.469502687454224,1,1,1,1,1,1779092735.61173
14.551735925674512,1,s1_stop,0.0,0.0,1.127863883972168,-0.07347805052995682,0.17509835958480835,11.101009216883433,36.250947763328796,0.0,0.0,0.0,0.8636154509962478,0.504151120995032,-0.9187241567924107,1.6271533533253622,0.0,0.0,0.0,-0.24177835204893713,1.0,2.0,-0.8489830638944862,2.0,-0.8489830638944862,1.780304797284999,-1.0,-0.21969520271500098,-0.1510169361055138,1.1821693181991577,0.4574289917945862,-0.10462170839309692,0.09097278863191605,1.0,0.0,20.0,1.0,1.1402342319488525,2.3354883193969727,-0.3604564341406913,131.41507816709336,320.0942234149579,131.0,320.0,14.50981092453003,14.529671669006348,14.549736976623535,528,8,0000000000000000,0,0,14.569688320159912,1,1,1,1,1,1779092735.7119765
14.601735925674513,1,s1_stop,0.0,0.0,1.3811088800430298,-0.08212492614984512,0.203093022108078,11.026128191415983,36.38669134680656,0.0,0.0,0.0,0.8591076497673766,0.5117949258357047,-0.7693865486570658,1.420989471925155,0.0,0.0,0.0,-0.13669559598909295,1.0,2.0,-0.8489830638944862,2.0,-0.8489830638944862,1.780304797284999,-1.0,-0.21969520271500098,-0.1510169361055138,1.1821693181991577,0.4574289917945862,-0.10462170839309692,0.09097278863191605,1.0,0.0,20.0,1.0,1.1402342319488525,2.3354883193969727,-0.3604564341406913,131.41507816709336,320.0942234149579,131.0,320.0,14.60985255241394,14.629767179489136,14.649558544158936,528,8,0000000000000000,0,0,14.569688320159912,1,1,1,1,1,1779092735.7119765
14.651735925674513,1,s1_stop,0.0,0.0,1.3811088800430298,-0.08212492614984512,0.203093022108078,11.026128191415983,36.38669134680656,0.0,0.0,0.0,0.8591076497673766,0.5117949258357047,-0.7693865486570658,1.420989471925155,0.0,0.0,0.0,-0.13669559598909295,1.0,2.0,-0.7163124696742603,2.0,-0.7163124696742603,1.7682363436839783,-1.0,-0.2317636563160217,-0.2836875303257397,1.1852695941925049,0.4788815975189209,-0.09583677351474762,0.09149176627397537,1.0,0.0,20.0,1.0,1.140324592590332,2.3487913608551025,-0.3669692842849898,134.6394300769859,316.88515279373786,135.0,317.0,14.60985255241394,14.629767179489136,14.649558544158936,528,8,0000000000000000,0,0,14.669625520706177,1,1,1,1,1,1779092735.811835
14.701735925674514,1,s1_stop,0.0,0.0,1.6047435998916626,-0.06410827487707138,0.19801554083824158,10.976083404881074,36.48014669025947,0.0,0.0,0.0,0.8571823379151826,0.5150130479572937,-0.6744065248921546,1.2681955411144767,0.0,0.0,0.0,-0.04861060570240529,1.0,2.0,-0.7163124696742603,2.0,-0.7163124696742603,1.7682363436839783,-1.0,-0.2317636563160217,-0.2836875303257397,1.1852695941925049,0.4788815975189209,-0.09583677351474762,0.09149176627397537,1.0,0.0,20.0,1.0,1.140324592590332,2.3487913608551025,-0.3669692842849898,134.6394300769859,316.88515279373786,135.0,317.0,14.709869146347046,14.72973370552063,14.74958086013794,528,8,0000000000000000,0,0,14.669625520706177,1,1,1,1,1,1779092735.811835
14.751735925674515,1,s1_stop,0.0,0.0,1.6047435998916626,-0.06410827487707138,0.19801554083824158,10.976083404881074,36.48014669025947,0.0,0.0,0.0,0.8571823379151826,0.5150130479572937,-0.6744065248921546,1.2681955411144767,0.0,0.0,0.0,-0.04861060570240529,1.0,2.0,-0.5385910527539507,2.0,-0.5385910527539507,1.7507017119733095,-1.0,-0.24929828802669052,-0.4614089472460493,1.188260793685913,0.5423827171325684,-0.08029020577669144,0.0541035495698452,1.0,0.0,20.0,1.0,1.1414456367492676,2.3573172092437744,-0.41991010978467713,139.27752178474526,312.2690425632665,139.0,312.0,14.709869146347046,14.72973370552063,14.74958086013794,528,8,0000000000000000,0,0,14.769531011581421,1,1,1,1,1,1779092735.9118457
14.801735925674516,1,s1_stop,0.0,0.0,1.8064857721328735,-0.06648487597703934,0.18445122241973877,10.945800693968494,36.5372136535325,0.0,0.0,0.0,0.8567732903350121,0.5156932508463893,-0.600795136605148,1.1341113592872694,0.0,0.0,0.0,-0.02762262268316941,1.0,2.0,-0.5385910527539507,2.0,-0.5385910527539507,1.7507017119733095,-1.0,-0.24929828802669052,-0.4614089472460493,1.188260793685913,0.5423827171325684,-0.08029020577669144,0.0541035495698452,1.0,0.0,20.0,1.0,1.1414456367492676,2.3573172092437744,-0.41991010978467713,139.27752178474526,312.2690425632665,139.0,312.0,14.809839725494385,14.829891443252563,14.8495934009552,528,8,0000000000000000,0,0,14.769531011581421,1,1,1,1,1,1779092735.9118457
14.851735925674516,1,s1_stop,0.0,0.0,1.8064857721328735,-0.06648487597703934,0.18445122241973877,10.945800693968494,36.5372136535325,0.0,0.0,0.0,0.8567732903350121,0.5156932508463893,-0.600795136605148,1.1341113592872694,0.0,0.0,0.0,-0.02762262268316941,1.0,2.0,-0.32706205920982256,2.0,-0.32706205920982256,1.7776400691451972,-0.5903547084578228,-0.22235993085480277,-0.2632926492480002,1.1666253805160522,0.6307011246681213,-0.07384002208709717,0.04527531936764717,1.0,0.0,20.0,1.0,1.1403226852416992,2.3689355850219727,-0.3874842701202763,146.18966562628597,305.38965769727815,146.0,305.0,14.809839725494385,14.829891443252563,14.8495934009552,528,8,0000000000000000,0,0,14.869548797607422,1,1,1,1,1,1779092736.0122616
14.901735925674517,1,s1_stop,0.0,0.0,1.974098801612854,-0.04191168397665024,0.1795012205839157,10.9287715170231,36.56938451875552,0.0,0.0,0.0,0.8566196470651486,0.5159484279092053,-0.575243997279493,1.0874444412527737,0.0,0.0,0.0,-0.024794835239003533,1.0,2.0,-0.32706205920982256,2.0,-0.32706205920982256,1.7776400691451972,-0.5903547084578228,-0.22235993085480277,-0.2632926492480002,1.1666253805160522,0.6307011246681213,-0.07384002208709717,0.04527531936764717,1.0,0.0,20.0,1.0,1.1403226852416992,2.3689355850219727,-0.3874842701202763,146.18966562628597,305.38965769727815,146.0,305.0,14.909836530685425,14.929720640182495,14.949696063995361,528,8,0000000000000000,0,0,14.869548797607422,1,1,1,1,1,1779092736.0122616
14.951735925674518,1,s1_stop,0.0,0.0,1.974098801612854,-0.04191168397665024,0.1795012205839157,10.9287715170231,36.56938451875552,0.0,0.0,0.0,0.8566196470651486,0.5159484279092053,-0.575243997279493,1.0874444412527737,0.0,0.0,0.0,-0.024794835239003533,1.0,2.0,-0.09501815336688262,2.0,-0.09501815336688262,1.808847011897553,-0.1863759148617476,-0.19115298810244696,-0.09135776149486498,1.150876760482788,0.696621835231781,-0.0817599892616272,0.03481537848711014,1.0,0.0,20.0,1.0,1.1395761966705322,2.3504674434661865,-0.40261325459949326,161.34394832541312,290.3071962431705,161.0,290.0,14.909836530685425,14.929720640182495,14.949696063995361,528,8,0000000000000000,0,0,14.96953296661377,1,1,1,1,1,1779092736.111813
15.001735925674518,1,s1_stop,0.0,0.0,2.0797247886657715,-0.05665159225463867,0.20196792483329773,10.911549583428933,36.60196341568658,0.0,0.0,0.0,0.8565225586280253,0.5161095877440187,-0.5220121076713593,0.9877136123995748,0.0,0.0,0.0,0.016698295697579163,1.0,2.0,-0.09501815336688262,2.0,-0.09501815336688262,1.808847011897553,-0.1863759148617476,-0.19115298810244696,-0.09135776149486498,1.150876760482788,0.696621835231781,-0.0817599892616272,0.03481537848711014,1.0,0.0,20.0,1.0,1.1395761966705322,2.3504674434661865,-0.40261325459949326,161.34394832541312,290.3071962431705,161.0,290.0,15.009835243225098,15.02974271774292,15.049603939056396,528,8,0000000000000000,0,0,14.96953296661377,1,1,1,1,1,1779092736.111813
15.05173592567452,1,s1_stop,0.0,0.0,2.0797247886657715,-0.05665159225463867,0.20196792483329773,10.911549583428933,36.60196341568658,0.0,0.0,0.0,0.8565225586280253,0.5161095877440187,-0.5220121076713593,0.9877136123995748,0.0,0.0,0.0,0.016698295697579163,1.0,0.0,0.0,0.0,0.0,0.007292689335047872,0.281885113137574,0.007292689335047872,0.281885113137574,1.20525324344635,0.8758972883224487,-0.008789537474513054,-0.24690240621566772,1.0,0.0,20.0,1.0,1.1403532028198242,2.345099925994873,-0.3223394939409324,0.0,0.0,0.0,0.0,15.009835243225098,15.02974271774292,15.049603939056396,528,8,0000000000000000,0,0,15.069514751434326,1,1,1,1,1,1779092736.2129436
15.10173592567452,1,s1_stop,0.0,0.0,2.1662187576293945,-0.0285350289195776,0.15804147720336914,10.910476871706003,36.60399288079715,0.0,0.0,0.0,0.8565352987134827,0.5160884440266078,-0.5127383555936942,0.9700505562504999,0.0,0.0,0.0,0.028087627260235816,1.0,0.0,0.0,0.0,0.0,0.007292689335047872,0.281885113137574,0.007292689335047872,0.281885113137574,1.20525324344635,0.8758972883224487,-0.008789537474513054,-0.24690240621566772,1.0,0.0,20.0,1.0,1.1403532028198242,2.345099925994873,-0.3223394939409324,0.0,0.0,0.0,0.0,15.10985803604126,15.129716634750366,15.149664163589478,528,8,0000000000000000,0,0,15.069514751434326,1,1,1,1,1,1779092736.2129436
15.15173592567452,1,s1_stop,0.0,0.0,2.1662187576293945,-0.0285350289195776,0.15804147720336914,10.910476871706003,36.60399288079715,0.0,0.0,0.0,0.8565352987134827,0.5160884440266078,-0.5127383555936942,0.9700505562504999,0.0,0.0,0.0,0.028087627260235816,1.0,0.0,0.0,0.0,0.0,0.010476615131193473,0.29158277378224623,0.010476615131193473,0.29158277378224623,1.1983582973480225,0.8678279519081116,-0.01255473867058754,-0.25304368138313293,1.0,0.0,20.0,1.0,1.141970157623291,2.3457581996917725,-0.23718772571297395,0.0,0.0,0.0,0.0,15.10985803604126,15.129716634750366,15.149664163589478,528,8,0000000000000000,0,0,15.169557094573975,1,1,1,1,1,1779092736.3136978
15.201735925674521,1,s1_stop,0.0,0.0,2.2228968143463135,-0.01640736311674118,0.19417482614517212,10.907028668184866,36.610511499707194,0.0,0.0,0.0,0.8566177518998783,0.5159515744040312,-0.503720180465271,0.9522523463659179,0.0,0.0,0.0,0.04384239465658693,1.0,0.0,0.0,0.0,0.0,0.010476615131193473,0.29158277378224623,0.010476615131193473,0.29158277378224623,1.1983582973480225,0.8678279519081116,-0.01255473867058754,-0.25304368138313293,1.0,0.0,20.0,1.0,1.141970157623291,2.3457581996917725,-0.23718772571297395,0.0,0.0,0.0,0.0,15.20984673500061,15.230104446411133,15.249683856964111,528,8,0000000000000000,0,0,15.169557094573975,1,1,1,1,1,1779092736.3136978
15.251735925674522,1,s1_stop,0.0,0.0,2.2228968143463135,-0.01640736311674118,0.19417482614517212,10.907028668184866,36.610511499707194,0.0,0.0,0.0,0.8566177518998783,0.5159515744040312,-0.503720180465271,0.9522523463659179,0.0,0.0,0.0,0.04384239465658693,1.0,0.0,0.0,0.0,0.0,0.012418588538745617,0.2914555290808873,0.012418588538745617,0.2914555290808873,1.1958305835723877,0.8725613951683044,-0.014850527979433537,-0.2543128430843353,1.0,0.0,20.0,1.0,1.1404669284820557,2.2122185230255127,-0.2913979660338025,0.0,0.0,0.0,0.0,15.20984673500061,15.230104446411133,15.249683856964111,528,8,0000000000000000,0,0,15.26958966255188,1,1,1,1,1,1779092736.413516
15.301735925674523,1,s1_stop,0.0,0.0,2.259608507156372,-0.015358934178948402,0.2289915531873703,10.90596867750428,36.61251486047871,0.0,0.0,0.0,0.8566436750771427,0.5159085325426658,-0.4944859472303857,0.9345683569606744,0.0,0.0,0.0,0.048716742649549366,1.0,0.0,0.0,0.0,0.0,0.012418588538745617,0.2914555290808873,0.012418588538745617,0.2914555290808873,1.1958305835723877,0.8725613951683044,-0.014850527979433537,-0.2543128430843353,1.0,0.0,20.0,1.0,1.1404669284820557,2.2122185230255127,-0.2913979660338025,0.0,0.0,0.0,0.0,15.309894800186157,15.329737901687622,15.34964656829834,528,8,0000000000000000,0,0,15.26958966255188,1,1,1,1,1,1779092736.413516
15.351735925674523,1,s1_stop,0.0,0.0,2.259608507156372,-0.015358934178948402,0.2289915531873703,10.90596867750428,36.61251486047871,0.0,0.0,0.0,0.8566436750771427,0.5159085325426658,-0.4944859472303857,0.9345683569606744,0.0,0.0,0.0,0.048716742649549366,1.0,0.0,0.0,0.0,0.0,0.013387655979908448,0.2886866004894027,0.013387655979908448,0.2886866004894027,1.1886544227600098,0.8820074796676636,-0.01591329649090767,-0.25462374091148376,1.0,0.0,20.0,1.0,1.1405675411224365,1.996854305267334,-0.22909331229847257,0.0,0.0,0.0,0.0,15.309894800186157,15.329737901687622,15.34964656829834,528,8,0000000000000000,0,0,15.369566202163696,1,1,1,1,1,1779092736.513919
15.401735925674524,1,s1_stop,0.0,0.0,2.32733154296875,0.0052648382261395454,0.18723703920841217,10.90209519782505,36.619829597905984,0.0,0.0,0.0,0.8567319907544967,0.5157618597936814,-0.4916939444499922,0.9285222580395686,0.0,0.0,0.0,0.03911601417100839,1.0,0.0,0.0,0.0,0.0,0.013387655979908448,0.2886866004894027,0.013387655979908448,0.2886866004894027,1.1886544227600098,0.8820074796676636,-0.01591329649090767,-0.25462374091148376,1.0,0.0,20.0,1.0,1.1405675411224365,1.996854305267334,-0.22909331229847257,0.0,0.0,0.0,0.0,15.409841060638428,15.430014610290527,15.449650049209595,528,8,0000000000000000,0,0,15.369566202163696,1,1,1,1,1,1779092736.513919
15.451735925674525,1,s1_stop,0.0,0.0,2.32733154296875,0.0052648382261395454,0.18723703920841217,10.90209519782505,36.619829597905984,0.0,0.0,0.0,0.8567319907544967,0.5157618597936814,-0.4916939444499922,0.9285222580395686,0.0,0.0,0.0,0.03911601417100839,1.0,0.0,0.0,0.0,0.0,0.012410176142241536,0.28352464194818705,0.012410176142241536,0.28352464194818705,1.1781377792358398,0.8938320875167847,-0.014620897360146046,-0.25342342257499695,1.0,0.0,20.0,1.0,1.1413347721099854,1.7527505159378052,-0.13634382160493413,0.0,0.0,0.0,0.0,15.409841060638428,15.430014610290527,15.449650049209595,528,8,0000000000000000,0,0,15.46973967552185,1,1,1,1,1,1779092736.612898
15.501735925674526,1,s1_stop,0.0,0.0,2.364295244216919,-0.011924534104764462,0.21233052015304565,10.901610185321985,36.62074540441886,0.0,0.0,0.0,0.8567434508886561,0.5157428228869472,-0.48551071161262366,0.916747236323988,0.0,0.0,0.0,0.039427680052435646,1.0,0.0,0.0,0.0,0.0,0.012410176142241536,0.28352464194818705,0.012410176142241536,0.28352464194818705,1.1781377792358398,0.8938320875167847,-0.014620897360146046,-0.25342342257499695,1.0,0.0,20.0,1.0,1.1413347721099854,1.7527505159378052,-0.13634382160493413,0.0,0.0,0.0,0.0,15.509893894195557,15.529716491699219,15.549624681472778,528,8,0000000000000000,0,0,15.46973967552185,1,1,1,1,1,1779092736.612898
15.551735925674526,1,s1_stop,0.0,0.0,2.364295244216919,-0.011924534104764462,0.21233052015304565,10.901610185321985,36.62074540441886,0.0,0.0,0.0,0.8567434508886561,0.5157428228869472,-0.48551071161262366,0.916747236323988,0.0,0.0,0.0,0.039427680052435646,1.0,0.0,0.0,0.0,0.0,0.009935934700242104,0.2774421292127273,0.009935934700242104,0.2774421292127273,1.167846441268921,0.9051476120948792,-0.011603645980358124,-0.25112608075141907,1.0,0.0,20.0,1.0,1.1408674716949463,1.4488980770111084,-0.014581387910328165,0.0,0.0,0.0,0.0,15.509893894195557,15.529716491699219,15.549624681472778,528,8,0000000000000000,0,0,15.5695481300354,1,1,1,1,1,1779092736.7131023
15.601735925674527,1,s1_stop,0.0,0.0,2.369581937789917,-0.0019021120388060808,0.19416643679141998,10.898657472037932,36.62631698830685,0.0,0.0,0.0,0.8568155092615947,0.5156231017795792,-0.4795391132252363,0.9048600862587917,0.0,0.0,0.0,0.04892853163719281,1.0,0.0,0.0,0.0,0.0,0.009935934700242104,0.2774421292127273,0.009935934700242104,0.2774421292127273,1.167846441268921,0.9051476120948792,-0.011603645980358124,-0.25112608075141907,1.0,0.0,20.0,1.0,1.1408674716949463,1.4488980770111084,-0.014581387910328165,0.0,0.0,0.0,0.0,15.609827995300293,15.629817485809326,15.649669170379639,528,8,0000000000000000,0,0,15.5695481300354,1,1,1,1,1,1779092736.7131023
15.651735925674528,1,s1_stop,0.0,0.0,2.369581937789917,-0.0019021120388060808,0.19416643679141998,10.898657472037932,36.62631698830685,0.0,0.0,0.0,0.8568155092615947,0.5156231017795792,-0.4795391132252363,0.9048600862587917,0.0,0.0,0.0,0.04892853163719281,1.0,0.0,0.0,0.0,0.0,0.0018925570412972187,0.2630401138565296,0.0018925570412972187,0.2630401138565296,1.1376218795776367,0.9312973022460938,-0.002153014298528433,-0.24496854841709137,1.0,0.0,20.0,1.0,1.1410009860992432,1.1286818981170654,0.04933277195143453,0.0,0.0,0.0,0.0,15.609827995300293,15.629817485809326,15.649669170379639,528,8,0000000000000000,0,0,15.669628858566284,1,1,1,1,1,1779092736.8126452
15.701735925674528,1,s1_stop,0.0,0.0,2.3421998023986816,-0.009357959032058716,0.2213616818189621,10.896833451931606,36.629756953153375,0.0,0.0,0.0,0.8568727446932628,0.5155279812016361,-0.4703944188417921,0.8871285240811444,0.0,0.0,0.0,0.052754253051857825,1.0,0.0,0.0,0.0,0.0,0.0018925570412972187,0.2630401138565296,0.0018925570412972187,0.2630401138565296,1.1376218795776367,0.9312973022460938,-0.002153014298528433,-0.24496854841709137,1.0,0.0,20.0,1.0,1.1410009860992432,1.1286818981170654,0.04933277195143453,0.0,0.0,0.0,0.0,15.709873676300049,15.729763507843018,15.749613761901855,528,8,0000000000000000,0,0,15.669628858566284,1,1,1,1,1,1779092736.8126452
15.751735925674529,1,s1_stop,0.0,0.0,2.3421998023986816,-0.009357959032058716,0.2213616818189621,10.896833451931606,36.629756953153375,0.0,0.0,0.0,0.8568727446932628,0.5155279812016361,-0.4703944188417921,0.8871285240811444,0.0,0.0,0.0,0.052754253051857825,1.0,0.0,0.0,0.0,0.0,0.0026116301623250577,0.26289485480955643,0.0026116301623250577,0.26289485480955643,1.0993027687072754,0.9358011484146118,-0.002870972268283367,-0.24601730704307556,1.0,0.0,20.0,1.0,1.1406879425048828,0.8145073056221008,-0.013637380512496475,0.0,0.0,0.0,0.0,15.709873676300049,15.729763507843018,15.749613761901855,528,8,0000000000000000,0,0,15.76958680152893,1,1,1,1,1,1779092736.9127307
15.80173592567453,1,s1_stop,0.0,0.0,2.312962532043457,-0.023028746247291565,0.22053614258766174,10.893786691960381,36.63549748591926,0.0,0.0,0.0,0.856973574308229,0.5153603525082021,-0.46450647138784407,0.8751968137134875,0.0,0.0,0.0,0.0584913696004972,1.0,0.0,0.0,0.0,0.0,0.0026116301623250577,0.26289485480955643,0.0026116301623250577,0.26289485480955643,1.0993027687072754,0.9358011484146118,-0.002870972268283367,-0.24601730704307556,1.0,0.0,20.0,1.0,1.1406879425048828,0.8145073056221008,-0.013637380512496475,0.0,0.0,0.0,0.0,15.8099844455719,15.830037355422974,15.84965205192566,528,8,0000000000000000,0,0,15.76958680152893,1,1,1,1,1,1779092736.9127307
15.85173592567453,1,s1_stop,0.0,0.0,2.312962532043457,-0.023028746247291565,0.22053614258766174,10.893786691960381,36.63549748591926,0.0,0.0,0.0,0.856973574308229,0.5153603525082021,-0.46450647138784407,0.8751968137134875,0.0,0.0,0.0,0.0584913696004972,1.0,0.0,0.0,0.0,0.0,0.0031938260566123275,0.26378765625595046,0.0031938260566123275,0.26378765625595046,1.083580732345581,0.9375072121620178,-0.0034607683774083853,-0.2473028302192688,1.0,0.0,20.0,1.0,1.14162278175354,0.5628997683525085,0.011710118072214093,0.0,0.0,0.0,0.0,15.8099844455719,15.830037355422974,15.84965205192566,528,8,0000000000000000,0,0,15.869550943374634,1,1,1,1,1,1779092737.0134833
15.901735925674531,1,s1_stop,0.0,0.0,2.329900026321411,-0.0013567726127803326,0.2551061511039734,10.892659394648566,36.63762072864279,0.0,0.0,0.0,0.8570111147715948,0.5152979227184488,-0.4615156294907123,0.8692557782580945,0.0,0.0,0.0,0.060627851700050486,1.0,0.0,0.0,0.0,0.0,0.0031938260566123275,0.26378765625595046,0.0031938260566123275,0.26378765625595046,1.083580732345581,0.9375072121620178,-0.0034607683774083853,-0.2473028302192688,1.0,0.0,20.0,1.0,1.14162278175354,0.5628997683525085,0.011710118072214093,0.0,0.0,0.0,0.0,15.910030126571655,15.929739475250244,15.94975233078003,528,8,0000000000000000,0,0,15.869550943374634,1,1,1,1,1,1779092737.0134833
15.951735925674532,1,s1_stop,0.0,0.0,2.329900026321411,-0.0013567726127803326,0.2551061511039734,10.892659394648566,36.63762072864279,0.0,0.0,0.0,0.8570111147715948,0.5152979227184488,-0.4615156294907123,0.8692557782580945,0.0,0.0,0.0,0.060627851700050486,1.0,0.0,0.0,0.0,0.0,-0.00027529911062727243,0.26217688568254643,-0.00027529911062727243,0.26217688568254643,1.0615689754486084,0.9432118535041809,0.0002922489948105067,-0.24728834629058838,1.0,0.0,20.0,1.0,1.1404290199279785,0.3798256814479828,0.006671918270407258,0.0,0.0,0.0,0.0,15.910030126571655,15.929739475250244,15.94975233078003,528,8,0000000000000000,0,0,15.9696044921875,1,1,1,1,1,1779092737.113339
16.00173592567453,1,s1_stop,0.0,0.0,2.3354883193969727,-0.011351247318089008,0.22315649688243866,10.889750272442273,36.64309597431541,0.0,0.0,0.0,0.8570896339572347,0.5151673120094611,-0.4586604107185655,0.8632426728439151,0.0,0.0,0.0,0.04933277195143453,1.0,0.0,0.0,0.0,0.0,-0.00027529911062727243,0.26217688568254643,-0.00027529911062727243,0.26217688568254643,1.0615689754486084,0.9432118535041809,0.0002922489948105067,-0.24728834629058838,1.0,0.0,20.0,1.0,1.1404290199279785,0.3798256814479828,0.006671918270407258,0.0,0.0,0.0,0.0,16.009878396987915,16.029825448989868,16.049732446670532,528,8,0000000000000000,0,0,15.9696044921875,1,1,1,1,1,1779092737.113339
16.05173592567453,1,s1_stop,0.0,0.0,2.3354883193969727,-0.011351247318089008,0.22315649688243866,10.889750272442273,36.64309597431541,0.0,0.0,0.0,0.8570896339572347,0.5151673120094611,-0.4586604107185655,0.8632426728439151,0.0,0.0,0.0,0.04933277195143453,1.0,0.0,0.0,0.0,0.0,-0.023779275026482825,0.24705587756235903,-0.023779275026482825,0.24705587756235903,1.0478090047836304,0.9384962320327759,0.024916138499975204,-0.23186101019382477,1.0,0.0,20.0,1.0,1.1416208744049072,0.2499077022075653,-0.0022236344405638015,0.0,0.0,0.0,0.0,16.009878396987915,16.029825448989868,16.049732446670532,528,8,0000000000000000,0,0,16.069611310958862,1,1,1,1,1,1779092737.2131193
16.101735925674532,1,s1_stop,0.0,0.0,2.3487913608551025,-0.014026490040123463,0.15159869194030762,10.888137360706764,36.64613058457914,0.0,0.0,0.0,0.8571263325066758,0.515106251295454,-0.4525414505242772,0.8514334047503003,0.0,0.0,0.0,0.03955449643680564,1.0,0.0,0.0,0.0,0.0,-0.023779275026482825,0.24705587756235903,-0.023779275026482825,0.24705587756235903,1.0478090047836304,0.9384962320327759,0.024916138499975204,-0.23186101019382477,1.0,0.0,20.0,1.0,1.1416208744049072,0.2499077022075653,-0.0022236344405638015,0.0,0.0,0.0,0.0,16.10998511314392,16.129833698272705,16.14967441558838,528,8,0000000000000000,0,0,16.069611310958862,1,1,1,1,1,1779092737.2131193
16.151735925674533,1,s1_stop,0.0,0.0,2.3487913608551025,-0.014026490040123463,0.15159869194030762,10.888137360706764,36.64613058457914,0.0,0.0,0.0,0.8571263325066758,0.515106251295454,-0.4525414505242772,0.8514334047503003,0.0,0.0,0.0,0.03955449643680564,1.0,0.0,0.0,0.0,0.0,-0.04952946266249118,0.22707020615528303,-0.04952946266249118,0.22707020615528303,1.0349119901657104,0.903541624546051,0.051258634775877,-0.20516738295555115,1.0,0.0,20.0,1.0,1.1412267684936523,0.15413692593574524,0.005377698916174525,0.0,0.0,0.0,0.0,16.10998511314392,16.129833698272705,16.14967441558838,528,8,0000000000000000,0,0,16.169729471206665,1,1,1,1,1,1779092737.3133862
16.201735925674534,1,s1_stop,0.0,0.0,2.3573172092437744,-0.016981065273284912,0.16275230050086975,10.88545205027291,36.65118017833246,0.0,0.0,0.0,0.8571829568003229,0.5150120178899283,-0.446484115355502,0.8395913453549106,0.0,0.0,0.0,0.034321106110362834,1.0,0.0,0.0,0.0,0.0,-0.04952946266249118,0.22707020615528303,-0.04952946266249118,0.22707020615528303,1.0349119901657104,0.903541624546051,0.051258634775877,-0.20516738295555115,1.0,0.0,20.0,1.0,1.1412267684936523,0.15413692593574524,0.005377698916174525,0.0,0.0,0.0,0.0,16.209906816482544,16.2298424243927,16.24963092803955,528,8,0000000000000000,0,0,16.169729471206665,1,1,1,1,1,1779092737.3133862
16.251735925674534,1,s1_stop,0.0,0.0,2.3573172092437744,-0.016981065273284912,0.16275230050086975,10.88545205027291,36.65118017833246,0.0,0.0,0.0,0.8571829568003229,0.5150120178899283,-0.446484115355502,0.8395913453549106,0.0,0.0,0.0,0.034321106110362834,1.0,0.0,0.0,0.0,0.0,-0.0856550451444624,0.20122518490113073,-0.0856550451444624,0.20122518490113073,1.0023654699325562,0.8259738087654114,0.08585765957832336,-0.1662067323923111,1.0,0.0,20.0,1.0,1.1408867835998535,0.0995849147439003,0.004897671950562801,0.0,0.0,0.0,0.0,16.209906816482544,16.2298424243927,16.24963092803955,528,8,0000000000000000,0,0,16.269530296325684,1,1,1,1,1,1779092737.413278
16.301735925674535,1,s1_stop,0.0,0.0,2.3689355850219727,-0.01800575852394104,0.1301969289779663,10.883231366030836,36.65535399613023,0.0,0.0,0.0,0.8572358718269822,0.514923936181873,-0.44040970255185014,0.8277583188071664,0.0,0.0,0.0,0.041304261224507734,1.0,0.0,0.0,0.0,0.0,-0.0856550451444624,0.20122518490113073,-0.0856550451444624,0.20122518490113073,1.0023654699325562,0.8259738087654114,0.08585765957832336,-0.1662067323923111,1.0,0.0,20.0,1.0,1.1408867835998535,0.0995849147439003,0.004897671950562801,0.0,0.0,0.0,0.0,16.31001853942871,16.329845190048218,16.349603176116943,528,8,0000000000000000,0,0,16.269530296325684,1,1,1,1,1,1779092737.413278
16.351735925674536,1,s1_stop,0.0,0.0,2.3689355850219727,-0.01800575852394104,0.1301969289779663,10.883231366030836,36.65535399613023,0.0,0.0,0.0,0.8572358718269822,0.514923936181873,-0.44040970255185014,0.8277583188071664,0.0,0.0,0.0,0.041304261224507734,1.0,0.0,0.0,0.0,0.0,-0.08388232995481452,0.20342513409239865,-0.08388232995481452,0.20342513409239865,0.9984744191169739,0.8238553404808044,0.08375436067581177,-0.1675928831100464,1.0,0.0,20.0,1.0,1.140075922012329,0.054183345288038254,0.0005345323103043511,0.0,0.0,0.0,0.0,16.31001853942871,16.329845190048218,16.349603176116943,528,8,0000000000000000,0,0,16.36961555480957,1,1,1,1,1,1779092737.5128176
16.401735925674537,1,s1_stop,0.0,0.0,2.3504674434661865,-0.07420677691698074,0.1693325787782669,10.88054803331128,36.660393942145305,0.0,0.0,0.0,0.8573084740056116,0.5148030501057366,-0.4375180049356939,0.8217643341164053,0.0,0.0,0.0,0.051220682405687105,1.0,0.0,0.0,0.0,0.0,-0.08388232995481452,0.20342513409239865,-0.08388232995481452,0.20342513409239865,0.9984744191169739,0.8238553404808044,0.08375436067581177,-0.1675928831100464,1.0,0.0,20.0,1.0,1.140075922012329,0.054183345288038254,0.0005345323103043511,0.0,0.0,0.0,0.0,16.409837245941162,16.42995595932007,16.44994282722473,528,8,0000000000000000,0,0,16.36961555480957,1,1,1,1,1,1779092737.5128176
16.451735925674537,1,s1_stop,0.0,0.0,2.3504674434661865,-0.07420677691698074,0.1693325787782669,10.88054803331128,36.660393942145305,0.0,0.0,0.0,0.8573084740056116,0.5148030501057366,-0.4375180049356939,0.8217643341164053,0.0,0.0,0.0,0.051220682405687105,1.0,0.0,0.0,0.0,0.0,-0.08331471123917214,0.20437510504932246,-0.08331471123917214,0.20437510504932246,0.9970332384109497,0.8227252960205078,0.08306753635406494,-0.1681445688009262,1.0,0.0,20.0,1.0,1.1399645805358887,0.034067798405885696,-0.0006094114347776539,0.0,0.0,0.0,0.0,16.409837245941162,16.42995595932007,16.44994282722473,528,8,0000000000000000,0,0,16.469547271728516,1,1,1,1,1,1779092737.6140919
16.501735925674538,1,s1_stop,0.0,0.0,2.345099925994873,-0.013695505447685719,0.24094289541244507,10.878829510985543,36.663620123664025,0.0,0.0,0.0,0.8573620103683035,0.5147138847721333,-0.4314362282231363,0.8099351199314138,0.0,0.0,0.0,0.054599073099274545,1.0,0.0,0.0,0.0,0.0,-0.08331471123917214,0.20437510504932246,-0.08331471123917214,0.20437510504932246,0.9970332384109497,0.8227252960205078,0.08306753635406494,-0.1681445688009262,1.0,0.0,20.0,1.0,1.1399645805358887,0.034067798405885696,-0.0006094114347776539,0.0,0.0,0.0,0.0,16.50987935066223,16.529695749282837,16.549601793289185,528,8,0000000000000000,0,0,16.469547271728516,1,1,1,1,1,1779092737.6140919
16.55173592567454,1,s1_stop,0.0,0.0,2.345099925994873,-0.013695505447685719,0.24094289541244507,10.878829510985543,36.663620123664025,0.0,0.0,0.0,0.8573620103683035,0.5147138847721333,-0.4314362282231363,0.8099351199314138,0.0,0.0,0.0,0.054599073099274545,1.0,0.0,0.0,0.0,0.0,-0.081547573863836,0.2062579329130393,-0.081547573863836,0.2062579329130393,0.9940813779830933,0.8218457102775574,0.08106492459774017,-0.16951219737529755,1.0,0.0,20.0,1.0,1.139620304107666,0.01311695296317339,-0.0021948500920296486,0.0,0.0,0.0,0.0,16.50987935066223,16.529695749282837,16.549601793289185,528,8,0000000000000000,0,0,16.56957173347473,1,1,1,1,1,1779092737.7129102
16.60173592567454,1,s1_stop,0.0,0.0,2.3457581996917725,-0.038309212774038315,0.2359212040901184,10.875867929346835,36.6691752367031,0.0,0.0,0.0,0.8574516271511357,0.5145645801023132,-0.42546149176451287,0.7980488025832375,0.0,0.0,0.0,0.049484480083840404,1.0,0.0,0.0,0.0,0.0,-0.081547573863836,0.2062579329130393,-0.081547573863836,0.2062579329130393,0.9940813779830933,0.8218457102775574,0.08106492459774017,-0.16951219737529755,1.0,0.0,20.0,1.0,1.139620304107666,0.01311695296317339,-0.0021948500920296486,0.0,0.0,0.0,0.0,16.60983157157898,16.62990164756775,16.649767875671387,528,8,0000000000000000,0,0,16.56957173347473,1,1,1,1,1,1779092737.7129102
16.65173592567454,1,s1_stop,0.0,0.0,2.3457581996917725,-0.038309212774038315,0.2359212040901184,10.875867929346835,36.6691752367031,0.0,0.0,0.0,0.8574516271511357,0.5145645801023132,-0.42546149176451287,0.7980488025832375,0.0,0.0,0.0,0.049484480083840404,1.0,0.0,0.0,0.0,0.0,-0.0803897736878558,0.20781530417317615,-0.0803897736878558,0.20781530417317615,0.9921731352806091,0.8207354545593262,0.07976057380437851,-0.17056138813495636,1.0,0.0,20.0,1.0,1.1402535438537598,0.005080461502075195,6.123558415951783e-05,0.0,0.0,0.0,0.0,16.60983157157898,16.62990164756775,16.649767875671387,528,8,0000000000000000,0,0,16.66958713531494,1,1,1,1,1,1779092737.8128543
16.70173592567454,1,s1_stop,0.0,0.0,2.2122185230255127,-0.03823759779334068,0.2005852311849594,10.874164107887244,36.672369599420975,0.0,0.0,0.0,0.8575030412089569,0.5144788958911628,-0.41936184280548056,0.7862289962468901,0.0,0.0,0.0,0.04495587053450172,1.0,0.0,0.0,0.0,0.0,-0.0803897736878558,0.20781530417317615,-0.0803897736878558,0.20781530417317615,0.9921731352806091,0.8207354545593262,0.07976057380437851,-0.17056138813495636,1.0,0.0,20.0,1.0,1.1402535438537598,0.005080461502075195,6.123558415951783e-05,0.0,0.0,0.0,0.0,16.709950923919678,16.729649782180786,16.749561071395874,528,8,0000000000000000,0,0,16.66958713531494,1,1,1,1,1,1779092737.8128543
16.75173592567454,1,s1_stop,0.0,0.0,2.2122185230255127,-0.03823759779334068,0.2005852311849594,10.874164107887244,36.672369599420975,0.0,0.0,0.0,0.8575030412089569,0.5144788958911628,-0.41936184280548056,0.7862289962468901,0.0,0.0,0.0,0.04495587053450172,1.0,0.0,0.0,0.0,0.0,-0.07981295597813198,0.20852703848853746,-0.07981295597813198,0.20852703848853746,0.9915384650230408,0.8204010725021362,0.07913761585950851,-0.17107580602169037,1.0,0.0,20.0,1.0,1.1395390033721924,0.0028231744654476643,-0.0016803124601083648,0.0,0.0,0.0,0.0,16.709950923919678,16.729649782180786,16.749561071395874,528,8,0000000000000000,0,0,16.769638776779175,1,1,1,1,1,1779092737.912857
16.801735925674542,1,s1_stop,0.0,0.0,1.996854305267334,-0.03513674810528755,0.1695082187652588,10.872101839115931,36.676233771660534,0.0,0.0,0.0,0.8575642719641959,0.5143768263156093,-0.41015610776223005,0.768529237094345,0.0,0.0,0.0,0.04805194776620575,1.0,0.0,0.0,0.0,0.0,-0.07981295597813198,0.20852703848853746,-0.07981295597813198,0.20852703848853746,0.9915384650230408,0.8204010725021362,0.07913761585950851,-0.17107580602169037,1.0,0.0,20.0,1.0,1.1395390033721924,0.0028231744654476643,-0.0016803124601083648,0.0,0.0,0.0,0.0,16.809876203536987,16.829914093017578,16.8496994972229,528,8,0000000000000000,0,0,16.769638776779175,1,1,1,1,1,1779092737.912857
16.851735925674543,1,s1_stop,0.0,0.0,1.996854305267334,-0.03513674810528755,0.1695082187652588,10.872101839115931,36.676233771660534,0.0,0.0,0.0,0.8575642719641959,0.5143768263156093,-0.41015610776223005,0.768529237094345,0.0,0.0,0.0,0.04805194776620575,1.0,0.0,0.0,0.0,0.0,-0.07897384280110732,0.20974741704873287,-0.07897384280110732,0.20974741704873287,0.9906938076019287,0.8195908665657043,0.07823889702558517,-0.17190706729888916,1.0,0.0,20.0,1.0,1.1400949954986572,0.004535110667347908,-0.00012376145526362667,0.0,0.0,0.0,0.0,16.809876203536987,16.829914093017578,16.8496994972229,528,8,0000000000000000,0,0,16.86950945854187,1,1,1,1,1,1779092738.0128467
16.901735925674544,1,s1_stop,0.0,0.0,1.7527505159378052,-0.051397401839494705,0.17367352545261383,10.86928965314863,36.68149786072907,0.0,0.0,0.0,0.8576705540119749,0.5141995923576681,-0.40420694463503604,0.7566289653023774,0.0,0.0,0.0,0.05829826993020799,1.0,0.0,0.0,0.0,0.0,-0.07897384280110732,0.20974741704873287,-0.07897384280110732,0.20974741704873287,0.9906938076019287,0.8195908665657043,0.07823889702558517,-0.17190706729888916,1.0,0.0,20.0,1.0,1.1400949954986572,0.004535110667347908,-0.00012376145526362667,0.0,0.0,0.0,0.0,16.909850358963013,16.930019855499268,16.94960594177246,528,8,0000000000000000,0,0,16.86950945854187,1,1,1,1,1,1779092738.0128467
16.951735925674544,1,s1_stop,0.0,0.0,1.7527505159378052,-0.051397401839494705,0.17367352545261383,10.86928965314863,36.68149786072907,0.0,0.0,0.0,0.8576705540119749,0.5141995923576681,-0.40420694463503604,0.7566289653023774,0.0,0.0,0.0,0.05829826993020799,1.0,0.0,0.0,0.0,0.0,-0.07819925101245531,0.2105637017642611,-0.07819925101245531,0.2105637017642611,0.9900106191635132,0.8191790580749512,0.07741808891296387,-0.17248937487602234,1.0,0.0,20.0,1.0,1.140380859375,0.005645141936838627,0.0006787296208977474,0.0,0.0,0.0,0.0,16.909850358963013,16.930019855499268,16.94960594177246,528,8,0000000000000000,0,0,16.97011947631836,1,1,1,1,1,1779092738.1140306
17.001735925674545,1,s1_stop,0.0,0.0,1.4488980770111084,-0.05107267573475838,0.1719253957271576,10.867283105915975,36.68525135674139,0.0,0.0,0.0,0.8577425549269515,0.5140794777730244,-0.39814878815940363,0.7447867981103505,0.0,0.0,0.0,0.05629480882640178,1.0,0.0,0.0,0.0,0.0,-0.07819925101245531,0.2105637017642611,-0.07819925101245531,0.2105637017642611,0.9900106191635132,0.8191790580749512,0.07741808891296387,-0.17248937487602234,1.0,0.0,20.0,1.0,1.140380859375,0.005645141936838627,0.0006787296208977474,0.0,0.0,0.0,0.0,17.009776830673218,17.030023097991943,17.049696683883667,528,8,0000000000000000,0,0,16.97011947631836,1,1,1,1,1,1779092738.1140306
17.051735925674546,1,s1_stop,0.0,0.0,1.4488980770111084,-0.05107267573475838,0.1719253957271576,10.867283105915975,36.68525135674139,0.0,0.0,0.0,0.8577425549269515,0.5140794777730244,-0.39814878815940363,0.7447867981103505,0.0,0.0,0.0,0.05629480882640178,1.0,0.0,0.0,0.0,0.0,-0.07777525837208049,0.21090891376046228,-0.07777525837208049,0.21090891376046228,0.989702045917511,0.8191438913345337,0.07697433233261108,-0.17276474833488464,1.0,0.0,20.0,1.0,1.1401755809783936,0.00508442847058177,-0.0006025390726683426,0.0,0.0,0.0,0.0,17.009776830673218,17.030023097991943,17.049696683883667,528,8,0000000000000000,0,0,17.06951880455017,1,1,1,1,1,1779092738.2128441
17.101735925674546,1,s1_stop,0.0,0.0,1.1286818981170654,-0.04425903782248497,0.1768355667591095,10.86465344152351,36.69016680304449,0.0,0.0,0.0,0.8578222742842809,0.5139464424837903,-0.3889692438981802,0.7270727920324468,0.0,0.0,0.0,0.04398650210219031,1.0,0.0,0.0,0.0,0.0,-0.07777525837208049,0.21090891376046228,-0.07777525837208049,0.21090891376046228,0.989702045917511,0.8191438913345337,0.07697433233261108,-0.17276474833488464,1.0,0.0,20.0,1.0,1.1401755809783936,0.00508442847058177,-0.0006025390726683426,0.0,0.0,0.0,0.0,17.109962940216064,17.129700183868408,17.14971947669983,528,8,0000000000000000,0,0,17.06951880455017,1,1,1,1,1,1779092738.2128441
17.151735925674547,1,s1_stop,0.0,0.0,1.1286818981170654,-0.04425903782248497,0.1768355667591095,10.86465344152351,36.69016680304449,0.0,0.0,0.0,0.8578222742842809,0.5139464424837903,-0.3889692438981802,0.7270727920324468,0.0,0.0,0.0,0.04398650210219031,1.0,0.0,0.0,0.0,0.0,-0.07718990713173003,0.21150976737090682,-0.07718990713173003,0.21150976737090682,0.9892681241035461,0.8189514875411987,0.0763615146279335,-0.17321623861789703,1.0,0.0,20.0,1.0,1.1401441097259521,0.0052727884612977505,0.000775046155805441,0.0,0.0,0.0,0.0,17.109962940216064,17.129700183868408,17.14971947669983,528,8,0000000000000000,0,0,17.16962695121765,1,1,1,1,1,1779092738.31383
17.201735925674548,1,s1_stop,0.0,0.0,0.8145073056221008,-0.05638136714696884,0.17637217044830322,10.86192043793046,36.69527237038352,0.0,0.0,0.0,0.8578859778113416,0.5138401006876345,-0.37973458450157804,0.70938819731577,0.0,0.0,0.0,0.02334097807769111,1.0,0.0,0.0,0.0,0.0,-0.07718990713173003,0.21150976737090682,-0.07718990713173003,0.21150976737090682,0.9892681241035461,0.8189514875411987,0.0763615146279335,-0.17321623861789703,1.0,0.0,20.0,1.0,1.1401441097259521,0.0052727884612977505,0.000775046155805441,0.0,0.0,0.0,0.0,17.209927797317505,17.22977375984192,17.24979829788208,528,8,0000000000000000,0,0,17.16962695121765,1,1,1,1,1,1779092738.31383
17.25173592567455,1,s1_stop,0.0,0.0,0.8145073056221008,-0.05638136714696884,0.17637217044830322,10.86192043793046,36.69527237038352,0.0,0.0,0.0,0.8578859778113416,0.5138401006876345,-0.37973458450157804,0.70938819731577,0.0,0.0,0.0,0.02334097807769111,1.0,0.0,0.0,0.0,0.0,-0.07638215218935282,0.21197873784208426,-0.07638215218935282,0.21197873784208426,0.9886133670806885,0.819348931312561,0.07551241666078568,-0.17368455231189728,1.0,0.0,20.0,1.0,1.1398062705993652,-0.009512386284768581,0.0009367786137980415,0.0,0.0,0.0,0.0,17.209927797317505,17.22977375984192,17.24979829788208,528,8,0000000000000000,0,0,17.27006435394287,1,1,1,1,1,1779092738.4128757
17.30173592567455,1,s1_stop,0.0,0.0,0.5628997683525085,-0.06409972906112671,0.1792290359735489,10.86004801061613,36.698769378803064,0.0,0.0,0.0,0.8579135700045177,0.5137940311078978,-0.3735329072153504,0.697622658840993,0.0,0.0,0.0,0.017673447215932923,1.0,0.0,0.0,0.0,0.0,-0.07638215218935282,0.21197873784208426,-0.07638215218935282,0.21197873784208426,0.9886133670806885,0.819348931312561,0.07551241666078568,-0.17368455231189728,1.0,0.0,20.0,1.0,1.1398062705993652,-0.009512386284768581,0.0009367786137980415,0.0,0.0,0.0,0.0,17.309941053390503,17.32969903945923,17.34967041015625,528,8,0000000000000000,0,0,17.27006435394287,1,1,1,1,1,1779092738.4128757
17.35173592567455,1,s1_stop,0.0,0.0,0.5628997683525085,-0.06409972906112671,0.1792290359735489,10.86004801061613,36.698769378803064,0.0,0.0,0.0,0.8579135700045177,0.5137940311078978,-0.3735329072153504,0.697622658840993,0.0,0.0,0.0,0.017673447215932923,1.0,0.0,0.0,0.0,0.0,-0.07620605760727099,0.21212447137935642,-0.07620605760727099,0.21212447137935642,0.9885113835334778,0.8193486332893372,0.07533055543899536,-0.1738038957118988,1.0,0.0,20.0,1.0,1.1396145820617676,-0.009207811206579208,0.00021578488354107906,0.0,0.0,0.0,0.0,17.309941053390503,17.32969903945923,17.34967041015625,528,8,0000000000000000,0,0,17.36975932121277,1,1,1,1,1,1779092738.5128264
17.40173592567455,1,s1_stop,0.0,0.0,0.3798256814479828,-0.06521139293909073,0.16644322872161865,10.85813342136548,36.702344305457935,0.0,0.0,0.0,0.85793823292312,0.5137528476697275,-0.36732089252380895,0.6858626460629977,0.0,0.0,0.0,0.015826178225843084,1.0,0.0,0.0,0.0,0.0,-0.07620605760727099,0.21212447137935642,-0.07620605760727099,0.21212447137935642,0.9885113835334778,0.8193486332893372,0.07533055543899536,-0.1738038957118988,1.0,0.0,20.0,1.0,1.1396145820617676,-0.009207811206579208,0.00021578488354107906,0.0,0.0,0.0,0.0,17.409871101379395,17.430039644241333,17.44978642463684,528,8,0000000000000000,0,0,17.36975932121277,1,1,1,1,1,1779092738.5128264
17.45173592567455,1,s1_stop,0.0,0.0,0.3798256814479828,-0.06521139293909073,0.16644322872161865,10.85813342136548,36.702344305457935,0.0,0.0,0.0,0.85793823292312,0.5137528476697275,-0.36732089252380895,0.6858626460629977,0.0,0.0,0.0,0.015826178225843084,1.0,0.0,0.0,0.0,0.0,-0.07572599147247058,0.2123815494152409,-0.07572599147247058,0.2123815494152409,0.9881720542907715,0.8196415901184082,0.0748303085565567,-0.17407675087451935,1.0,0.0,20.0,1.0,1.1402485370635986,-0.01766965351998806,-0.0012154831407329293,0.0,0.0,0.0,0.0,17.409871101379395,17.430039644241333,17.44978642463684,528,8,0000000000000000,0,0,17.469579935073853,1,1,1,1,1,1779092738.6127503
17.501735925674552,1,s1_stop,0.0,0.0,0.2499077022075653,-0.06577710807323456,0.16357287764549255,10.854973353785608,36.70824269427917,0.0,0.0,0.0,0.8579762651456107,0.513689330672527,-0.3580013529570346,0.6682234239925404,0.0,0.0,0.0,0.010003619995509869,1.0,0.0,0.0,0.0,0.0,-0.07572599147247058,0.2123815494152409,-0.07572599147247058,0.2123815494152409,0.9881720542907715,0.8196415901184082,0.0748303085565567,-0.17407675087451935,1.0,0.0,20.0,1.0,1.1402485370635986,-0.01766965351998806,-0.0012154831407329293,0.0,0.0,0.0,0.0,17.51002287864685,17.5300509929657,17.54970693588257,528,8,0000000000000000,0,0,17.469579935073853,1,1,1,1,1,1779092738.6127503
17.551735925674553,1,s1_stop,0.0,0.0,0.2499077022075653,-0.06577710807323456,0.16357287764549255,10.854973353785608,36.70824269427917,0.0,0.0,0.0,0.8579762651456107,0.513689330672527,-0.3580013529570346,0.6682234239925404,0.0,0.0,0.0,0.010003619995509869,1.0,0.0,0.0,0.0,0.0,-0.075598505059226,0.21253035421431765,-0.075598505059226,0.21253035421431765,0.9880568981170654,0.8195728063583374,0.07469562441110611,-0.17418409883975983,1.0,0.0,20.0,1.0,1.1400010585784912,-0.01782303862273693,7.669344522259508e-05,0.0,0.0,0.0,0.0,17.51002287864685,17.5300509929657,17.54970693588257,528,8,0000000000000000,0,0,17.569584369659424,1,1,1,1,1,1779092738.7127433
17.601735925674554,1,s1_stop,0.0,0.0,0.15413692593574524,-0.06712913513183594,0.16740837693214417,10.853232787296266,36.711491643798674,0.0,0.0,0.0,0.8579724940579531,0.513695629181304,-0.3485707118276026,0.6506437149272645,0.0,0.0,0.0,-0.0008713471938890903,1.0,0.0,0.0,0.0,0.0,-0.075598505059226,0.21253035421431765,-0.075598505059226,0.21253035421431765,0.9880568981170654,0.8195728063583374,0.07469562441110611,-0.17418409883975983,1.0,0.0,20.0,1.0,1.1400010585784912,-0.01782303862273693,7.669344522259508e-05,0.0,0.0,0.0,0.0,17.609870195388794,17.62972331047058,17.649656772613525,528,8,0000000000000000,0,0,17.569584369659424,1,1,1,1,1,1779092738.7127433
17.651735925674554,1,s1_stop,0.0,0.0,0.15413692593574524,-0.06712913513183594,0.16740837693214417,10.853232787296266,36.711491643798674,0.0,0.0,0.0,0.8579724940579531,0.513695629181304,-0.3485707118276026,0.6506437149272645,0.0,0.0,0.0,-0.0008713471938890903,1.0,0.0,0.0,0.0,0.0,-0.07527256800177985,0.21263948382098904,-0.07527256800177985,0.21263948382098904,0.9877743124961853,0.8198939561843872,0.07435230910778046,-0.1743418276309967,1.0,0.0,20.0,1.0,1.140514850616455,-0.02757151797413826,0.00013928683713690707,0.0,0.0,0.0,0.0,17.609870195388794,17.62972331047058,17.649656772613525,528,8,0000000000000000,0,0,17.669623136520386,1,1,1,1,1,1779092738.8133075
17.701735925674555,1,s1_stop,0.0,0.0,0.0995849147439003,-0.0577445849776268,0.16409245133399963,10.850474263169424,36.71664150378531,0.0,0.0,0.0,0.8579561750367929,0.5137228841663918,-0.3422495645537663,0.6389421505473706,0.0,0.0,0.0,-0.013637380512496475,1.0,0.0,0.0,0.0,0.0,-0.07527256800177985,0.21263948382098904,-0.07527256800177985,0.21263948382098904,0.9877743124961853,0.8198939561843872,0.07435230910778046,-0.1743418276309967,1.0,0.0,20.0,1.0,1.140514850616455,-0.02757151797413826,0.00013928683713690707,0.0,0.0,0.0,0.0,17.71004295349121,17.729721784591675,17.749616146087646,528,8,0000000000000000,0,0,17.669623136520386,1,1,1,1,1,1779092738.8133075
17.751735925674556,1,s1_stop,0.0,0.0,0.0995849147439003,-0.0577445849776268,0.16409245133399963,10.850474263169424,36.71664150378531,0.0,0.0,0.0,0.8579561750367929,0.5137228841663918,-0.3422495645537663,0.6389421505473706,0.0,0.0,0.0,-0.013637380512496475,1.0,0.0,0.0,0.0,0.0,-0.07515613563422723,0.21272681883615366,-0.07515613563422723,0.21272681883615366,0.987709105014801,0.8199096918106079,0.07423239946365356,-0.17441678047180176,1.0,0.0,20.0,1.0,1.140044927597046,-0.02761188894510269,-0.0006613411718684075,0.0,0.0,0.0,0.0,17.71004295349121,17.729721784591675,17.749616146087646,528,8,0000000000000000,0,0,17.76956820487976,1,1,1,1,1,1779092738.9129863
17.801735925674556,1,s1_stop,0.0,0.0,0.054183345288038254,-0.058678846806287766,0.16410687565803528,10.84846619308564,36.720391101187815,0.0,0.0,0.0,0.8579347241181681,0.5137587071303833,-0.33591737664802385,0.6272464955808943,0.0,0.0,0.0,-0.012130255062894143,1.0,0.0,0.0,0.0,0.0,-0.07515613563422723,0.21272681883615366,-0.07515613563422723,0.21272681883615366,0.987709105014801,0.8199096918106079,0.07423239946365356,-0.17441678047180176,1.0,0.0,20.0,1.0,1.140044927597046,-0.02761188894510269,-0.0006613411718684075,0.0,0.0,0.0,0.0,17.809845209121704,17.829793214797974,17.849727630615234,528,8,0000000000000000,0,0,17.76956820487976,1,1,1,1,1,1779092738.9129863
17.851735925674557,1,s1_stop,0.0,0.0,0.054183345288038254,-0.058678846806287766,0.16410687565803528,10.84846619308564,36.720391101187815,0.0,0.0,0.0,0.8579347241181681,0.5137587071303833,-0.33591737664802385,0.6272464955808943,0.0,0.0,0.0,-0.012130255062894143,1.0,0.0,0.0,0.0,0.0,-0.07517297077406289,0.2128032003410998,-0.07517297077406289,0.2128032003410998,0.9877004027366638,0.8197521567344666,0.07424837350845337,-0.17444588243961334,1.0,0.0,20.0,1.0,1.1401805877685547,-0.025363599881529808,0.0011532892568970224,0.0,0.0,0.0,0.0,17.809845209121704,17.829793214797974,17.849727630615234,528,8,0000000000000000,0,0,17.86971116065979,1,1,1,1,1,1779092739.0127509
17.901735925674558,1,s1_stop,0.0,0.0,0.034067798405885696,-0.04914597421884537,0.162249356508255,10.845912636228013,36.725160436752034,0.0,0.0,0.0,0.8579084900148404,0.513802513384721,-0.3264368711420959,0.6096934847412803,0.0,0.0,0.0,-0.013721314268235888,1.0,0.0,0.0,0.0,0.0,-0.07517297077406289,0.2128032003410998,-0.07517297077406289,0.2128032003410998,0.9877004027366638,0.8197521567344666,0.07424837350845337,-0.17444588243961334,1.0,0.0,20.0,1.0,1.1401805877685547,-0.025363599881529808,0.0011532892568970224,0.0,0.0,0.0,0.0,17.910019397735596,17.929784059524536,17.949673891067505,528,8,0000000000000000,0,0,17.86971116065979,1,1,1,1,1,1779092739.0127509
17.95173592567456,1,s1_stop,0.0,0.0,0.034067798405885696,-0.04914597421884537,0.162249356508255,10.845912636228013,36.725160436752034,0.0,0.0,0.0,0.8579084900148404,0.513802513384721,-0.3264368711420959,0.6096934847412803,0.0,0.0,0.0,-0.013721314268235888,1.0,0.0,0.0,0.0,0.0,-0.07514778028436721,0.2128242271373197,-0.07514778028436721,0.2128242271373197,0.98768150806427,0.819748044013977,0.07422207295894623,-0.1744622439146042,1.0,0.0,20.0,1.0,1.1401236057281494,-0.024964626878499985,-0.0012455357400646674,0.0,0.0,0.0,0.0,17.910019397735596,17.929784059524536,17.949673891067505,528,8,0000000000000000,0,0,17.973915100097656,1,1,1,1,1,1779092739.1134806
