timestamp,state,segment,cmd_ideal_v,cmd_ideal_omega,vn_body_vx,vn_body_vy,vn_body_vz,odom_pose_x,odom_pose_y,odom_pose_z,odom_qx,odom_qy,odom_qz,odom_qw,odom_linear_x,odom_linear_y,odom_linear_z,odom_angular_x,odom_angular_y,odom_omega_z,controller_controller_state,controller_base_v,controller_base_omega,controller_applied_v,controller_applied_omega,controller_model_corrected_v,controller_model_corrected_omega,controller_delta_v,controller_delta_omega,controller_a_v,controller_a_omega,controller_b_v,controller_b_omega,controller_used_model_estimate,controller_used_model_applied,controller_history_len,controller_history_ready,controller_history_span_sec,controller_latest_meas_v,controller_latest_meas_omega,controller_right_rpm,controller_left_rpm,controller_can_right_rpm,controller_can_left_rpm,velocity_timestamp,odom_timestamp,can_timestamp,can_id,can_dlc,can_data_hex,can_right_rpm,can_left_rpm,debug_timestamp,valid_cmd,valid_velocity_body,valid_odom,valid_can,valid_debug,controller_node_time_sec
0.00128173828125,0,forward_2mps,2.0,0.0,,,,,,,,,,,,,,,,,0.0,2.0,0.0,2.0,0.0,2.0,0.0,0.0,0.0,1.0,1.0,0.0,0.0,0.0,0.0,20.0,0.0,9.167734384536743,-0.027122577652335167,-0.0007815773151706053,165.42088573330858,165.42088573330858,165.0,165.0,,,0.04393172264099121,528,8,a5000000a5000000,165,165,0.06183195114135742,1,0,0,1,1,1779092775.9943943
0.05128173828125,0,forward_2mps,2.0,0.0,-0.027779018506407738,0.13072927296161652,0.16959302127361298,10.017799894753933,54.841921245683174,0.0,0.0,0.0,-0.46364192863158143,0.8860226645040111,0.0,-0.0,0.0,0.0,0.0,0.01981621703468815,0.0,2.0,0.0,2.0,0.0,2.0,0.0,0.0,0.0,1.0,1.0,0.0,0.0,0.0,0.0,20.0,0.0,9.167734384536743,-0.027122577652335167,-0.0007815773151706053,165.42088573330858,165.42088573330858,165.0,165.0,0.10215616226196289,0.12208390235900879,0.04393172264099121,528,8,a5000000a5000000,165,165,0.06183195114135742,1,1,1,1,1,1779092775.9943943
0.10128173828125,0,forward_2mps,2.0,0.0,-0.027779018506407738,0.13072927296161652,0.16959302127361298,10.017799894753933,54.841921245683174,0.0,0.0,0.0,-0.46364192863158143,0.8860226645040111,0.0,-0.0,0.0,0.0,0.0,0.01981621703468815,0.0,2.0,0.0,2.0,0.0,2.0,0.0,0.0,0.0,1.0,1.0,0.0,0.0,0.0,0.0,20.0,0.0,9.167734384536743,-0.027122577652335167,-0.0007815773151706053,165.42088573330858,165.42088573330858,165.0,165.0,0.10215616226196289,0.12208390235900879,0.14213347434997559,528,8,a5000000a5000000,165,165,0.06183195114135742,1,1,1,1,1,1779092775.9943943
0.15128173828125002,0,forward_2mps,2.0,0.0,-0.027779018506407738,0.13072927296161652,0.16959302127361298,10.017799894753933,54.841921245683174,0.0,0.0,0.0,-0.46364192863158143,0.8860226645040111,0.0,-0.0,0.0,0.0,0.0,0.01981621703468815,0.0,2.0,0.0,2.0,0.0,2.0,0.0,0.0,0.0,1.0,1.0,0.0,0.0,0.0,0.0,20.0,0.0,9.167734384536743,-0.027122577652335167,-0.0007815773151706053,165.42088573330858,165.42088573330858,165.0,165.0,0.10215616226196289,0.12208390235900879,0.14213347434997559,528,8,a5000000a5000000,165,165,0.16193604469299316,1,1,1,1,1,1779092776.015471
0.20128173828125,0,forward_2mps,2.0,0.0,-0.03707573562860489,0.13048075139522552,0.17379668354988098,10.017799894753933,54.841921245683174,0.0,0.0,0.0,-0.460369745877714,0.8877272650316025,0.0,-0.0,0.0,0.0,0.0,0.04196565782181552,0.0,2.0,0.0,2.0,0.0,2.0,0.0,0.0,0.0,1.0,1.0,0.0,0.0,0.0,0.0,20.0,0.0,9.167734384536743,-0.027122577652335167,-0.0007815773151706053,165.42088573330858,165.42088573330858,165.0,165.0,0.20226526260375977,0.22295308113098145,0.2425525188446045,528,8,a5000000a5000000,165,165,0.16193604469299316,1,1,1,1,1,1779092776.015471
0.25128173828125,0,forward_2mps,2.0,0.0,-0.03707573562860489,0.13048075139522552,0.17379668354988098,10.017799894753933,54.841921245683174,0.0,0.0,0.0,-0.460369745877714,0.8877272650316025,0.0,-0.0,0.0,0.0,0.0,0.04196565782181552,0.0,2.0,0.0,2.0,0.0,2.0,0.0,0.0,0.0,1.0,1.0,0.0,0.0,0.0,0.0,20.0,0.0,9.167734384536743,-0.027122577652335167,-0.0007815773151706053,165.42088573330858,165.42088573330858,165.0,165.0,0.20226526260375977,0.22295308113098145,0.2425525188446045,528,8,a5000000a5000000,165,165,0.2617616653442383,1,1,1,1,1,1779092776.0351927
0.30128173828125,0,forward_2mps,2.0,0.0,-0.06636829674243927,0.12436868995428085,0.1694471836090088,10.017799894753933,54.841921245683174,0.0,0.0,0.0,-0.46141707862383713,0.8871833404399813,0.0,-0.0,0.0,0.0,0.0,-0.08906138542040151,0.0,2.0,0.0,2.0,0.0,2.0,0.0,0.0,0.0,1.0,1.0,0.0,0.0,0.0,0.0,20.0,0.0,9.167734384536743,-0.027122577652335167,-0.0007815773151706053,165.42088573330858,165.42088573330858,165.0,165.0,0.3023090362548828,0.32194948196411133,0.3418416976928711,528,8,a5000000a5000000,165,165,0.2617616653442383,1,1,1,1,1,1779092776.0351927
0.35128173828125,0,forward_2mps,2.0,0.0,-0.06636829674243927,0.12436868995428085,0.1694471836090088,10.017799894753933,54.841921245683174,0.0,0.0,0.0,-0.46141707862383713,0.8871833404399813,0.0,-0.0,0.0,0.0,0.0,-0.08906138542040151,0.0,2.0,0.0,2.0,0.0,2.0,0.0,0.0,0.0,1.0,1.0,0.0,0.0,0.0,0.0,20.0,0.0,9.176637172698975,-0.027779018506407738,0.01981621703468815,165.42088573330858,165.42088573330858,165.0,165.0,0.3023090362548828,0.32194948196411133,0.3418416976928711,528,8,a5000000a5000000,165,165,0.3620185852050781,1,1,1,1,1,1779092776.054311
0.40128173828124997,0,forward_2mps,2.0,0.0,-0.0002013088669627905,0.1393302083015442,0.16803450882434845,10.023623629403298,54.83351357752152,0.0,0.0,0.0,-0.4639983954339054,0.8858360395890208,0.09844875152055005,-0.14212948967440903,0.0,0.0,0.0,-0.11344797186662538,0.0,2.0,0.0,2.0,0.0,2.0,0.0,0.0,0.0,1.0,1.0,0.0,0.0,0.0,0.0,20.0,0.0,9.176637172698975,-0.027779018506407738,0.01981621703468815,165.42088573330858,165.42088573330858,165.0,165.0,0.40217065811157227,0.42214274406433105,0.4418370723724365,528,8,a5000000a5000000,165,165,0.3620185852050781,1,1,1,1,1,1779092776.054311
0.45128173828124996,0,forward_2mps,2.0,0.0,-0.0002013088669627905,0.1393302083015442,0.16803450882434845,10.023623629403298,54.83351357752152,0.0,0.0,0.0,-0.4639983954339054,0.8858360395890208,0.09844875152055005,-0.14212948967440903,0.0,0.0,0.0,-0.11344797186662538,0.0,2.0,0.0,2.0,0.0,2.0,0.0,0.0,0.0,1.0,1.0,0.0,0.0,0.0,0.0,20.0,0.0,9.176637172698975,-0.027779018506407738,0.01981621703468815,165.42088573330858,165.42088573330858,165.0,165.0,0.40217065811157227,0.42214274406433105,0.4418370723724365,528,8,a5000000a5000000,165,165,0.4617605209350586,1,1,1,1,1,1779092776.075077
0.50128173828125,0,forward_2mps,2.0,0.0,0.07046884298324585,0.13082292675971985,0.17364279925823212,10.02605531294962,54.82998899547448,0.0,0.0,0.0,-0.4648218551211591,0.8854042257645511,0.10196059246701365,-0.14778587216187714,0.0,0.0,0.0,-0.042515470548987626,0.0,2.0,0.0,2.0,0.0,2.0,0.0,0.0,0.0,1.0,1.0,0.0,0.0,0.0,0.0,20.0,0.0,9.176637172698975,-0.027779018506407738,0.01981621703468815,165.42088573330858,165.42088573330858,165.0,165.0,0.5022156238555908,0.5219800472259521,0.5418441295623779,528,8,a5000000a5000000,165,165,0.4617605209350586,1,1,1,1,1,1779092776.075077
0.55128173828125,0,forward_2mps,2.0,0.0,0.07046884298324585,0.13082292675971985,0.17364279925823212,10.02605531294962,54.82998899547448,0.0,0.0,0.0,-0.4648218551211591,0.8854042257645511,0.10196059246701365,-0.14778587216187714,0.0,0.0,0.0,-0.042515470548987626,0.0,2.0,0.0,2.0,0.0,2.0,0.0,0.0,0.0,1.0,1.0,0.0,0.0,0.0,0.0,20.0,0.0,9.176637172698975,-0.03707573562860489,0.01981621703468815,165.42088573330858,165.42088573330858,165.0,165.0,0.5022156238555908,0.5219800472259521,0.5418441295623779,528,8,a5000000a5000000,165,165,0.5618560314178467,1,1,1,1,1,1779092776.0946207
0.6012817382812501,0,forward_2mps,2.0,0.0,0.11010371148586273,0.15270063281059265,0.15654005110263824,10.029200251465697,54.825427567357735,0.0,0.0,0.0,-0.4649591101992306,0.8853321556583945,0.23780112128604422,-0.34490744899539294,0.0,0.0,0.0,-0.007728028353416594,0.0,2.0,0.0,2.0,0.0,2.0,0.0,0.0,0.0,1.0,1.0,0.0,0.0,0.0,0.0,20.0,0.0,9.176637172698975,-0.03707573562860489,0.01981621703468815,165.42088573330858,165.42088573330858,165.0,165.0,0.6021804809570312,0.6219561100006104,0.6418442726135254,528,8,a5000000a5000000,165,165,0.5618560314178467,1,1,1,1,1,1779092776.0946207
0.6512817382812501,0,forward_2mps,2.0,0.0,0.11010371148586273,0.15270063281059265,0.15654005110263824,10.029200251465697,54.825427567357735,0.0,0.0,0.0,-0.4649591101992306,0.8853321556583945,0.23780112128604422,-0.34490744899539294,0.0,0.0,0.0,-0.007728028353416594,0.0,2.0,0.0,2.0,0.0,2.0,0.0,0.0,0.0,1.0,1.0,0.0,0.0,0.0,0.0,20.0,0.0,9.18477201461792,-0.03707573562860489,0.01981621703468815,165.42088573330858,165.42088573330858,165.0,165.0,0.6021804809570312,0.6219561100006104,0.6418442726135254,528,8,a5000000a5000000,165,165,0.6617515087127686,1,1,1,1,1,1779092776.1146173
0.7012817382812502,0,forward_2mps,2.0,0.0,0.22635668516159058,0.13850611448287964,0.16013048589229584,10.06206613072285,54.778131311954326,0.0,0.0,0.0,-0.46196765130073336,0.8868967748005875,0.4154534077111404,-0.5939531144834097,0.0,0.0,0.0,0.03477318576920685,0.0,2.0,0.0,2.0,0.0,2.0,0.0,0.0,0.0,1.0,1.0,0.0,0.0,0.0,0.0,20.0,0.0,9.18477201461792,-0.03707573562860489,0.01981621703468815,165.42088573330858,165.42088573330858,165.0,165.0,0.7023437023162842,0.7219095230102539,0.7418646812438965,528,8,a5000000a5000000,165,165,0.6617515087127686,1,1,1,1,1,1779092776.1146173
0.7512817382812502,0,forward_2mps,2.0,0.0,0.22635668516159058,0.13850611448287964,0.16013048589229584,10.06206613072285,54.778131311954326,0.0,0.0,0.0,-0.46196765130073336,0.8868967748005875,0.4154534077111404,-0.5939531144834097,0.0,0.0,0.0,0.03477318576920685,0.0,2.0,0.0,2.0,0.0,2.0,0.0,0.0,0.0,1.0,1.0,0.0,0.0,0.0,0.0,20.0,0.0,9.18477201461792,-0.03707573562860489,0.01981621703468815,165.42088573330858,165.42088573330858,165.0,165.0,0.7023437023162842,0.7219095230102539,0.7418646812438965,528,8,a5000000a5000000,165,165,0.761929988861084,1,1,1,1,1,1779092776.1352832
0.8012817382812503,0,forward_2mps,2.0,0.0,0.36532968282699585,0.12943030893802643,0.16769172251224518,10.090865950668924,54.736905526732585,0.0,0.0,0.0,-0.46283882140897953,0.8864424546448273,0.4826995790875066,-0.6929869757080673,0.0,0.0,0.0,-0.0633264891992509,0.0,2.0,0.0,2.0,0.0,2.0,0.0,0.0,0.0,1.0,1.0,0.0,0.0,0.0,0.0,20.0,0.0,9.18477201461792,-0.03707573562860489,0.01981621703468815,165.42088573330858,165.42088573330858,165.0,165.0,0.8021049499511719,0.8220281600952148,0.8418500423431396,528,8,a5000000a5000000,165,165,0.761929988861084,1,1,1,1,1,1779092776.1352832
0.8512817382812503,0,forward_2mps,2.0,0.0,0.36532968282699585,0.12943030893802643,0.16769172251224518,10.090865950668924,54.736905526732585,0.0,0.0,0.0,-0.46283882140897953,0.8864424546448273,0.4826995790875066,-0.6929869757080673,0.0,0.0,0.0,-0.0633264891992509,0.0,2.0,0.0,2.0,0.0,2.0,0.0,0.0,0.0,1.0,1.0,0.0,0.0,0.0,0.0,20.0,0.0,9.18477201461792,-0.06636829674243927,0.01981621703468815,165.42088573330858,165.42088573330858,165.0,165.0,0.8021049499511719,0.8220281600952148,0.8418500423431396,528,8,a5000000a5000000,165,165,0.8618309497833252,1,1,1,1,1,1779092776.1549695
0.9012817382812504,0,forward_2mps,2.0,0.0,0.47687479853630066,0.14055398106575012,0.18516415357589722,10.118220451612608,54.697516769192944,0.0,0.0,0.0,-0.46367596844264813,0.8860048511654846,0.5041323068203133,-0.7266802437836888,0.0,0.0,0.0,0.003720675685236068,0.0,2.0,0.0,2.0,0.0,2.0,0.0,0.0,0.0,1.0,1.0,0.0,0.0,0.0,0.0,20.0,0.0,9.18477201461792,-0.06636829674243927,0.01981621703468815,165.42088573330858,165.42088573330858,165.0,165.0,0.9023065567016602,0.9221968650817871,0.9418666362762451,528,8,a5000000a5000000,165,165,0.8618309497833252,1,1,1,1,1,1779092776.1549695
0.9512817382812504,0,forward_2mps,2.0,0.0,0.47687479853630066,0.14055398106575012,0.18516415357589722,10.118220451612608,54.697516769192944,0.0,0.0,0.0,-0.46367596844264813,0.8860048511654846,0.5041323068203133,-0.7266802437836888,0.0,0.0,0.0,0.003720675685236068,0.0,2.0,0.0,2.0,0.0,2.0,0.0,0.0,0.0,1.0,1.0,0.0,0.0,0.0,0.0,20.0,0.0,9.152986764907837,-0.06636829674243927,0.04196565782181552,165.42088573330858,165.42088573330858,165.0,165.0,0.9023065567016602,0.9221968650817871,0.9418666362762451,528,8,a5000000a5000000,165,165,0.9620709419250488,1,1,1,1,1,1779092776.17523
1.0012817382812504,0,forward_2mps,2.0,0.0,0.5934982895851135,0.13839085400104523,0.18974629044532776,10.147841633838546,54.65488641229711,0.0,0.0,0.0,-0.4628618376528541,0.8864304367769774,0.5472721040265839,-0.7857774326294702,0.0,0.0,0.0,0.053009834867614056,0.0,2.0,0.0,2.0,0.0,2.0,0.0,0.0,0.0,1.0,1.0,0.0,0.0,0.0,0.0,20.0,0.0,9.152986764907837,-0.06636829674243927,0.04196565782181552,165.42088573330858,165.42088573330858,165.0,165.0,1.002206802368164,1.0221407413482666,1.0419325828552246,528,8,a5000000a5000000,165,165,0.9620709419250488,1,1,1,1,1,1779092776.17523
1.0512817382812505,0,forward_2mps,2.0,0.0,0.5934982895851135,0.13839085400104523,0.18974629044532776,10.147841633838546,54.65488641229711,0.0,0.0,0.0,-0.4628618376528541,0.8864304367769774,0.5472721040265839,-0.7857774326294702,0.0,0.0,0.0,0.053009834867614056,0.0,2.0,0.0,2.0,0.0,2.0,0.0,0.0,0.0,1.0,1.0,0.0,0.0,0.0,0.0,20.0,0.0,9.152986764907837,-0.0002013088669627905,0.04196565782181552,165.42088573330858,165.42088573330858,165.0,165.0,1.002206802368164,1.0221407413482666,1.0419325828552246,528,8,a5000000a5000000,165,165,1.0617880821228027,1,1,1,1,1,1779092776.1950445
1.1012817382812505,0,forward_2mps,2.0,0.0,0.6934449076652527,0.12926407158374786,0.17760398983955383,10.163307420530892,54.632714513265114,0.0,0.0,0.0,-0.4623704716549903,0.8866868370183139,0.5595624270767523,-0.8015280249518439,0.0,0.0,0.0,0.029547249831556308,0.0,2.0,0.0,2.0,0.0,2.0,0.0,0.0,0.0,1.0,1.0,0.0,0.0,0.0,0.0,20.0,0.0,9.152986764907837,-0.0002013088669627905,0.04196565782181552,165.42088573330858,165.42088573330858,165.0,165.0,1.1022112369537354,1.1219775676727295,1.1418273448944092,528,8,a5000000a5000000,165,165,1.0617880821228027,1,1,1,1,1,1779092776.1950445
1.1512817382812506,0,forward_2mps,2.0,0.0,0.6934449076652527,0.12926407158374786,0.17760398983955383,10.163307420530892,54.632714513265114,0.0,0.0,0.0,-0.4623704716549903,0.8866868370183139,0.5595624270767523,-0.8015280249518439,0.0,0.0,0.0,0.029547249831556308,0.0,2.0,0.0,2.0,0.0,2.0,0.0,0.0,0.0,1.0,1.0,0.0,0.0,0.0,0.0,20.0,0.0,9.152986764907837,-0.0002013088669627905,0.04196565782181552,165.42088573330858,165.42088573330858,165.0,165.0,1.1022112369537354,1.1219775676727295,1.1418273448944092,528,8,a5000000a5000000,165,165,1.161909818649292,1,1,1,1,1,1779092776.216236
1.2012817382812506,0,forward_2mps,2.0,0.0,0.7769216895103455,0.13046254217624664,0.18687103688716888,10.176901246231417,54.61325721655031,0.0,0.0,0.0,-0.46212054133914776,0.8868171205341117,0.5485852978058797,-0.7848611982425172,0.0,0.0,0.0,0.02061416596905679,0.0,2.0,0.0,2.0,0.0,2.0,0.0,0.0,0.0,1.0,1.0,0.0,0.0,0.0,0.0,20.0,0.0,9.152986764907837,-0.0002013088669627905,0.04196565782181552,165.42088573330858,165.42088573330858,165.0,165.0,1.2021746635437012,1.221940279006958,1.2418632507324219,528,8,a5000000a5000000,165,165,1.161909818649292,1,1,1,1,1,1779092776.216236
1.2512817382812507,0,forward_2mps,2.0,0.0,0.7769216895103455,0.13046254217624664,0.18687103688716888,10.176901246231417,54.61325721655031,0.0,0.0,0.0,-0.46212054133914776,0.8868171205341117,0.5485852978058797,-0.7848611982425172,0.0,0.0,0.0,0.02061416596905679,0.0,2.0,0.0,2.0,0.0,2.0,0.0,0.0,0.0,1.0,1.0,0.0,0.0,0.0,0.0,20.0,0.0,9.162777423858643,0.07046884298324585,-0.08906138542040151,165.42088573330858,165.42088573330858,165.0,165.0,1.2021746635437012,1.221940279006958,1.2418632507324219,528,8,a5000000a5000000,165,165,1.2617862224578857,1,1,1,1,1,1779092776.2542996
1.3012817382812507,0,forward_2mps,2.0,0.0,0.8497214913368225,0.1302691251039505,0.18599024415016174,10.192125104005036,54.591487055310644,0.0,0.0,0.0,-0.46198979145290797,0.886885242065341,0.5754952902483405,-0.8228445165508944,0.0,0.0,0.0,-0.0016786387822732025,0.0,2.0,0.0,2.0,0.0,2.0,0.0,0.0,0.0,1.0,1.0,0.0,0.0,0.0,0.0,20.0,0.0,9.162777423858643,0.07046884298324585,-0.08906138542040151,165.42088573330858,165.42088573330858,165.0,165.0,1.302462100982666,1.3220090866088867,1.341996669769287,528,8,a5000000a5000000,165,165,1.2617862224578857,1,1,1,1,1,1779092776.2542996
1.3512817382812508,0,forward_2mps,2.0,0.0,0.8497214913368225,0.1302691251039505,0.18599024415016174,10.192125104005036,54.591487055310644,0.0,0.0,0.0,-0.46198979145290797,0.886885242065341,0.5754952902483405,-0.8228445165508944,0.0,0.0,0.0,-0.0016786387822732025,0.0,2.0,0.0,2.0,0.0,2.0,0.0,0.0,0.0,1.0,1.0,0.0,0.0,0.0,0.0,20.0,0.0,9.178581237792969,0.22635668516159058,0.010959246698432797,165.42088573330858,165.42088573330858,165.0,165.0,1.302462100982666,1.3220090866088867,1.341996669769287,528,8,a5000000a5000000,165,165,1.3618707656860352,1,1,1,1,1,1779092776.3551288
1.4012817382812508,0,forward_2mps,2.0,0.0,0.9082902073860168,0.13159674406051636,0.1845960021018982,10.207251281169563,54.569855552418176,0.0,0.0,0.0,-0.4620417157791991,0.8868581920915055,0.5868307018646024,-0.839261141818333,0.0,0.0,0.0,-0.0006475603481011865,0.0,2.0,0.0,2.0,0.0,2.0,0.0,0.0,0.0,1.0,1.0,0.0,0.0,0.0,0.0,20.0,0.0,9.178581237792969,0.22635668516159058,0.010959246698432797,165.42088573330858,165.42088573330858,165.0,165.0,1.4021387100219727,1.422001600265503,1.442079782485962,528,8,a5000000a5000000,165,165,1.3618707656860352,1,1,1,1,1,1779092776.3551288
1.4512817382812508,0,forward_2mps,2.0,0.0,0.9082902073860168,0.13159674406051636,0.1845960021018982,10.207251281169563,54.569855552418176,0.0,0.0,0.0,-0.4620417157791991,0.8868581920915055,0.5868307018646024,-0.839261141818333,0.0,0.0,0.0,-0.0006475603481011865,0.0,2.0,0.0,2.0,0.0,2.0,0.0,0.0,0.0,1.0,1.0,0.0,0.0,0.0,0.0,20.0,0.0,9.177470445632935,0.47687479853630066,0.03477318576920685,165.42088573330858,165.42088573330858,165.0,165.0,1.4021387100219727,1.422001600265503,1.442079782485962,528,8,a5000000a5000000,165,165,1.4617671966552734,1,1,1,1,1,1779092776.4543114
1.5012817382812509,0,forward_2mps,2.0,0.0,0.9667415022850037,0.13087454438209534,0.18074505031108856,10.243490617917521,54.518034801130696,0.0,0.0,0.0,-0.462038515288844,0.8868598594984896,0.6135111574377027,-0.8774049474910608,0.0,0.0,0.0,-0.010459388638570932,0.0,2.0,0.0,2.0,0.0,2.0,0.0,0.0,0.0,1.0,1.0,0.0,0.0,0.0,0.0,20.0,0.0,9.177470445632935,0.47687479853630066,0.03477318576920685,165.42088573330858,165.42088573330858,165.0,165.0,1.5026886463165283,1.5220866203308105,1.5418763160705566,528,8,a5000000a5000000,165,165,1.4617671966552734,1,1,1,1,1,1779092776.4543114
1.551281738281251,0,forward_2mps,2.0,0.0,0.9667415022850037,0.13087454438209534,0.18074505031108856,10.243490617917521,54.518034801130696,0.0,0.0,0.0,-0.462038515288844,0.8868598594984896,0.6135111574377027,-0.8774049474910608,0.0,0.0,0.0,-0.010459388638570932,0.0,2.0,0.0,2.0,0.0,2.0,0.0,0.0,0.0,1.0,1.0,0.0,0.0,0.0,0.0,20.0,0.0,9.122358560562134,0.6934449076652527,-0.041308718082128666,165.42088573330858,165.42088573330858,165.0,165.0,1.5026886463165283,1.5220866203308105,1.5418763160705566,528,8,a5000000a5000000,165,165,1.562208890914917,1,1,1,1,1,1779092776.5544028
1.601281738281251,0,forward_2mps,2.0,0.0,1.0087136030197144,0.13643725216388702,0.1772649884223938,10.328403244023184,54.39662421944469,0.0,0.0,0.0,-0.46133295993660345,0.8872270848413795,0.6607376730994684,-0.9417516787190674,0.0,0.0,0.0,0.02948138756824877,0.0,2.0,0.0,2.0,0.0,2.0,0.0,0.0,0.0,1.0,1.0,0.0,0.0,0.0,0.0,20.0,0.0,9.122358560562134,0.6934449076652527,-0.041308718082128666,165.42088573330858,165.42088573330858,165.0,165.0,1.6020772457122803,1.6219711303710938,1.6419215202331543,528,8,a5000000a5000000,165,165,1.562208890914917,1,1,1,1,1,1779092776.5544028
1.651281738281251,0,forward_2mps,2.0,0.0,1.0087136030197144,0.13643725216388702,0.1772649884223938,10.328403244023184,54.39662421944469,0.0,0.0,0.0,-0.46133295993660345,0.8872270848413795,0.6607376730994684,-0.9417516787190674,0.0,0.0,0.0,0.02948138756824877,0.0,2.0,0.0,2.0,0.0,2.0,0.0,0.0,0.0,1.0,1.0,0.0,0.0,0.0,0.0,20.0,0.0,9.130071640014648,0.8497214913368225,0.03540553415063384,165.42088573330858,165.42088573330858,165.0,165.0,1.6020772457122803,1.6219711303710938,1.6419215202331543,528,8,a5000000a5000000,165,165,1.6617796421051025,1,1,1,1,1,1779092776.6542885
1.701281738281251,0,forward_2mps,2.0,0.0,1.047192096710205,0.1275842934846878,0.20215769112110138,10.353140318407466,54.36139602259907,0.0,0.0,0.0,-0.4610356374744529,0.8873816208252934,0.6766604194590219,-0.9630730226770892,0.0,0.0,0.0,0.010007514333439946,0.0,2.0,0.0,2.0,0.0,2.0,0.0,0.0,0.0,1.0,1.0,0.0,0.0,0.0,0.0,20.0,0.0,9.130071640014648,0.8497214913368225,0.03540553415063384,165.42088573330858,165.42088573330858,165.0,165.0,1.7026019096374512,1.7221004962921143,1.7419147491455078,528,8,a5000000a5000000,165,165,1.6617796421051025,1,1,1,1,1,1779092776.6542885
1.751281738281251,0,forward_2mps,2.0,0.0,1.047192096710205,0.1275842934846878,0.20215769112110138,10.353140318407466,54.36139602259907,0.0,0.0,0.0,-0.4610356374744529,0.8873816208252934,0.6766604194590219,-0.9630730226770892,0.0,0.0,0.0,0.010007514333439946,0.0,2.0,0.0,2.0,0.0,2.0,0.0,0.0,0.0,1.0,1.0,0.0,0.0,0.0,0.0,20.0,0.0,9.109936475753784,0.9667415022850037,0.007817971179271802,165.42088573330858,165.42088573330858,165.0,165.0,1.7026019096374512,1.7221004962921143,1.7419147491455078,528,8,a5000000a5000000,165,165,1.761803388595581,1,1,1,1,1,1779092776.7565653
1.8012817382812512,0,forward_2mps,2.0,0.0,1.081868290901184,0.13054263591766357,0.20137691497802734,10.403871674654717,54.28924696251319,0.0,0.0,0.0,-0.46087501437121037,0.8874650534687756,0.6846588257000222,-0.9737074218378962,0.0,0.0,0.0,-0.016007711227729305,0.0,2.0,0.0,2.0,0.0,2.0,0.0,0.0,0.0,1.0,1.0,0.0,0.0,0.0,0.0,20.0,0.0,9.109936475753784,0.9667415022850037,0.007817971179271802,165.42088573330858,165.42088573330858,165.0,165.0,1.8028576374053955,1.8219728469848633,1.8419029712677002,528,8,a5000000a5000000,165,165,1.761803388595581,1,1,1,1,1,1779092776.7565653
1.8512817382812512,0,forward_2mps,2.0,0.0,1.081868290901184,0.13054263591766357,0.20137691497802734,10.403871674654717,54.28924696251319,0.0,0.0,0.0,-0.46087501437121037,0.8874650534687756,0.6846588257000222,-0.9737074218378962,0.0,0.0,0.0,-0.016007711227729305,0.0,2.0,0.0,2.0,0.0,2.0,0.0,0.0,0.0,1.0,1.0,0.0,0.0,0.0,0.0,20.0,0.0,9.117896318435669,1.047192096710205,-0.009393910485367923,165.42088573330858,165.42088573330858,165.0,165.0,1.8028576374053955,1.8219728469848633,1.8419029712677002,528,8,a5000000a5000000,165,165,1.8618121147155762,1,1,1,1,1,1779092776.8551245
1.9012817382812512,0,forward_2mps,2.0,0.0,1.110325574874878,0.14732161164283752,0.19349181652069092,10.490916754676158,54.16538231327276,0.0,0.0,0.0,-0.46093149132125993,0.8874357217896738,0.7113044082771954,-1.0118759081002637,0.0,0.0,0.0,0.01425999097307184,0.0,2.0,0.0,2.0,0.0,2.0,0.0,0.0,0.0,1.0,1.0,0.0,0.0,0.0,0.0,20.0,0.0,9.117896318435669,1.047192096710205,-0.009393910485367923,165.42088573330858,165.42088573330858,165.0,165.0,1.9021148681640625,1.9220120906829834,1.9419078826904297,528,8,a5000000a5000000,165,165,1.8618121147155762,1,1,1,1,1,1779092776.8551245
1.9512817382812513,0,forward_2mps,2.0,0.0,1.110325574874878,0.14732161164283752,0.19349181652069092,10.490916754676158,54.16538231327276,0.0,0.0,0.0,-0.46093149132125993,0.8874357217896738,0.7113044082771954,-1.0118759081002637,0.0,0.0,0.0,0.01425999097307184,0.0,2.0,0.0,2.0,0.0,2.0,0.0,0.0,0.0,1.0,1.0,0.0,0.0,0.0,0.0,20.0,0.0,9.087146282196045,1.110325574874878,0.01691752097392757,165.42088573330858,165.42088573330858,165.0,165.0,1.9021148681640625,1.9220120906829834,1.9419078826904297,528,8,a5000000a5000000,165,165,1.9618010520935059,1,1,1,1,1,1779092776.9566236
2.0012817382812513,0,stop_after_2mps,0.0,0.0,1.139946460723877,0.1421814262866974,0.18436665832996368,10.62915094917271,53.970051875485424,0.0,0.0,0.0,-0.4591033935750691,0.8883828420269356,0.7346979554513835,-1.0360603583180716,0.0,0.0,0.0,-0.013810302718503087,0.0,2.0,0.0,2.0,0.0,2.0,0.0,0.0,0.0,1.0,1.0,0.0,0.0,0.0,0.0,20.0,0.0,9.087146282196045,1.110325574874878,0.01691752097392757,165.42088573330858,165.42088573330858,165.0,165.0,2.00359845161438,2.0230815410614014,2.0430095195770264,528,8,a5000000a5000000,165,165,1.9618010520935059,1,1,1,1,1,1779092776.9566236
2.051281738281251,0,stop_after_2mps,0.0,0.0,1.139946460723877,0.1421814262866974,0.18436665832996368,10.62915094917271,53.970051875485424,0.0,0.0,0.0,-0.4591033935750691,0.8883828420269356,0.7346979554513835,-1.0360603583180716,0.0,0.0,0.0,-0.013810302718503087,0.0,2.0,0.0,2.0,0.0,2.0,0.0,0.0,0.0,1.0,1.0,0.0,0.0,0.0,0.0,20.0,0.0,9.084259033203125,1.1629133224487305,-0.0066317937569408646,165.42088573330858,165.42088573330858,165.0,165.0,2.00359845161438,2.0230815410614014,2.0430095195770264,528,8,a5000000a5000000,165,165,2.0629453659057617,1,1,1,1,1,1779092777.0549054
2.101281738281251,0,stop_after_2mps,0.0,0.0,1.1629133224487305,0.14135487377643585,0.17789602279663086,10.716210547823628,53.84715976984504,0.0,0.0,0.0,-0.45915364733106306,0.888356869812229,0.7461186512628882,-1.052417978034235,0.0,0.0,0.0,0.014007731963076411,0.0,2.0,0.0,2.0,0.0,2.0,0.0,0.0,0.0,1.0,1.0,0.0,0.0,0.0,0.0,20.0,0.0,9.084259033203125,1.1629133224487305,-0.0066317937569408646,165.42088573330858,165.42088573330858,165.0,165.0,2.1032612323760986,2.123161554336548,2.143151044845581,528,8,a5000000a5000000,165,165,2.0629453659057617,1,1,1,1,1,1779092777.0549054
2.151281738281251,0,stop_after_2mps,0.0,0.0,1.1629133224487305,0.14135487377643585,0.17789602279663086,10.716210547823628,53.84715976984504,0.0,0.0,0.0,-0.45915364733106306,0.888356869812229,0.7461186512628882,-1.052417978034235,0.0,0.0,0.0,0.014007731963076411,0.0,2.0,0.0,2.0,0.0,2.24483560466225,-0.012791260130190342,0.24483560466225018,-0.012791260130190342,0.9271540641784668,0.749059796333313,-0.08130845427513123,0.009581418707966805,1.0,0.0,20.0,1.0,1.1400277614593506,1.198017954826355,0.012444390619318514,165.42088573330858,165.42088573330858,165.0,165.0,2.1032612323760986,2.123161554336548,2.143151044845581,528,8,a5000000a5000000,165,165,2.163142442703247,1,1,1,1,1,1779092777.15473
2.2012817382812506,0,stop_after_2mps,0.0,0.0,1.1750476360321045,0.13728980720043182,0.1977648138999939,10.770817120891266,53.77027656258669,0.0,0.0,0.0,-0.45852871023145775,0.8886795946197233,0.7437447439581175,-1.0459479562901255,0.0,0.0,0.0,0.02893654696712558,0.0,2.0,0.0,2.0,0.0,2.24483560466225,-0.012791260130190342,0.24483560466225018,-0.012791260130190342,0.9271540641784668,0.749059796333313,-0.08130845427513123,0.009581418707966805,1.0,0.0,20.0,1.0,1.1400277614593506,1.198017954826355,0.012444390619318514,165.42088573330858,165.42088573330858,165.0,165.0,2.2032086849212646,2.223123788833618,2.243011236190796,528,8,a5000000a5000000,165,165,2.163142442703247,1,1,1,1,1,1779092777.15473
2.2512817382812504,0,stop_after_2mps,0.0,0.0,1.1750476360321045,0.13728980720043182,0.1977648138999939,10.770817120891266,53.77027656258669,0.0,0.0,0.0,-0.45852871023145775,0.8886795946197233,0.7437447439581175,-1.0459479562901255,0.0,0.0,0.0,0.02893654696712558,0.0,2.0,0.0,2.0,0.0,2.155880974617872,-0.03225195710045222,0.15588097461787198,-0.03225195710045222,0.9546182155609131,0.7091888189315796,-0.05804324895143509,0.02287272736430168,1.0,0.0,20.0,1.0,1.139955759048462,1.2215415239334106,0.06487422647314617,165.42088573330858,165.42088573330858,165.0,165.0,2.2032086849212646,2.223123788833618,2.243011236190796,528,8,a5000000a5000000,165,165,2.263057231903076,1,1,1,1,1,1779092777.254573
2.3012817382812503,0,stop_after_2mps,0.0,0.0,1.198017954826355,0.12425556033849716,0.23453156650066376,10.919361181727178,53.561895627758226,0.0,0.0,0.0,-0.45794969162167243,0.8889781099350057,0.7528281713884042,-1.0558068469712074,0.0,0.0,0.0,0.008273012536035018,0.0,2.0,0.0,2.0,0.0,2.155880974617872,-0.03225195710045222,0.15588097461787198,-0.03225195710045222,0.9546182155609131,0.7091888189315796,-0.05804324895143509,0.02287272736430168,1.0,0.0,20.0,1.0,1.139955759048462,1.2215415239334106,0.06487422647314617,165.42088573330858,165.42088573330858,165.0,165.0,2.3033173084259033,2.323124647140503,2.343367338180542,528,8,a5000000a5000000,165,165,2.263057231903076,1,1,1,1,1,1779092777.254573
2.35128173828125,0,stop_after_2mps,0.0,0.0,1.198017954826355,0.12425556033849716,0.23453156650066376,10.919361181727178,53.561895627758226,0.0,0.0,0.0,-0.45794969162167243,0.8889781099350057,0.7528281713884042,-1.0558068469712074,0.0,0.0,0.0,0.008273012536035018,0.0,2.0,0.0,2.0,0.0,2.1543095353760364,-0.03265627298013391,0.15430953537603642,-0.03265627298013391,0.9555519819259644,0.7201699614524841,-0.058554746210575104,0.023518066853284836,1.0,0.0,20.0,1.0,1.139894723892212,1.2500208616256714,0.014556285026337216,165.42088573330858,165.42088573330858,165.0,165.0,2.3033173084259033,2.323124647140503,2.343367338180542,528,8,a5000000a5000000,165,165,2.3630118370056152,1,1,1,1,1,1779092777.3593187
2.40128173828125,0,stop_after_2mps,0.0,0.0,1.207391619682312,0.1370156854391098,0.1728939563035965,11.10919084538672,53.29721648140647,0.0,0.0,0.0,-0.45619174726673484,0.8898815031933879,0.7569958493790777,-1.052822700064042,0.0,0.0,0.0,0.0024642613538502457,0.0,2.0,0.0,2.0,0.0,2.1543095353760364,-0.03265627298013391,0.15430953537603642,-0.03265627298013391,0.9555519819259644,0.7201699614524841,-0.058554746210575104,0.023518066853284836,1.0,0.0,20.0,1.0,1.139894723892212,1.2500208616256714,0.014556285026337216,165.42088573330858,165.42088573330858,165.0,165.0,2.4032862186431885,2.423095941543579,2.443089485168457,528,8,a5000000a5000000,165,165,2.3630118370056152,1,1,1,1,1,1779092777.3593187
2.4512817382812497,0,stop_after_2mps,0.0,0.0,1.207391619682312,0.1370156854391098,0.1728939563035965,11.10919084538672,53.29721648140647,0.0,0.0,0.0,-0.45619174726673484,0.8898815031933879,0.7569958493790777,-1.052822700064042,0.0,0.0,0.0,0.0024642613538502457,0.0,2.0,0.0,2.0,0.0,2.143636652109006,-0.03595185272087609,0.14363665210900578,-0.03595185272087609,0.9597098231315613,0.7255087494850159,-0.057269152253866196,0.026083383709192276,1.0,0.0,20.0,1.0,1.1405153274536133,1.2621965408325195,0.002269791818115206,165.42088573330858,165.42088573330858,165.0,165.0,2.4032862186431885,2.423095941543579,2.443089485168457,528,8,a5000000a5000000,165,165,2.4628498554229736,1,1,1,1,1,1779092777.4544387
2.5012817382812496,0,stop_after_2mps,0.0,0.0,1.2215415239334106,0.14515182375907898,0.1906580924987793,11.275299789999819,53.06694640667628,0.0,0.0,0.0,-0.45484602279764225,0.8905700958067067,0.7289887339419934,-1.0074306062953813,0.0,0.0,0.0,0.02326207159078408,0.0,2.0,0.0,2.0,0.0,2.143636652109006,-0.03595185272087609,0.14363665210900578,-0.03595185272087609,0.9597098231315613,0.7255087494850159,-0.057269152253866196,0.026083383709192276,1.0,0.0,20.0,1.0,1.1405153274536133,1.2621965408325195,0.002269791818115206,165.42088573330858,165.42088573330858,165.0,165.0,2.503661870956421,2.523191213607788,2.5428881645202637,528,8,0000000000000000,0,0,2.4628498554229736,1,1,1,1,1,1779092777.4544387
2.5512817382812494,0,stop_after_2mps,0.0,0.0,1.2215415239334106,0.14515182375907898,0.1906580924987793,11.275299789999819,53.06694640667628,0.0,0.0,0.0,-0.45484602279764225,0.8905700958067067,0.7289887339419934,-1.0074306062953813,0.0,0.0,0.0,0.02326207159078408,0.0,2.0,0.0,2.0,0.0,2.131374781513105,-0.034120797179480924,0.131374781513105,-0.034120797179480924,0.9637571573257446,0.7183531522750854,-0.05412770062685013,0.024510782212018967,1.0,0.0,20.0,1.0,1.1398911476135254,1.2675175666809082,0.02893654696712558,165.42088573330858,165.42088573330858,165.0,165.0,2.503661870956421,2.523191213607788,2.5428881645202637,528,8,0000000000000000,0,0,2.5630123615264893,1,1,1,1,1,1779092777.5550926
2.601281738281249,0,stop_after_2mps,0.0,0.0,1.2296311855316162,0.132743701338768,0.16448193788528442,11.323979154673095,52.999716622794,0.0,0.0,0.0,-0.4546630365687051,0.8906635297227142,0.6942977058084812,-0.9586594212659864,0.0,0.0,0.0,3.9236235824692566e-05,0.0,2.0,0.0,2.0,0.0,2.131374781513105,-0.034120797179480924,0.131374781513105,-0.034120797179480924,0.9637571573257446,0.7183531522750854,-0.05412770062685013,0.024510782212018967,1.0,0.0,20.0,1.0,1.1398911476135254,1.2675175666809082,0.02893654696712558,165.42088573330858,165.42088573330858,165.0,165.0,2.6032352447509766,2.623246908187866,2.643122911453247,528,8,0000000000000000,0,0,2.5630123615264893,1,1,1,1,1,1779092777.5550926
2.651281738281249,0,stop_after_2mps,0.0,0.0,1.2296311855316162,0.132743701338768,0.16448193788528442,11.323979154673095,52.999716622794,0.0,0.0,0.0,-0.4546630365687051,0.8906635297227142,0.6942977058084812,-0.9586594212659864,0.0,0.0,0.0,3.9236235824692566e-05,0.0,2.0,0.0,2.0,0.0,2.1282561472490764,-0.033806253931917,0.1282561472490764,-0.033806253931917,0.9648832082748413,0.7188294529914856,-0.053518619388341904,0.02430093102157116,1.0,0.0,20.0,1.0,1.1397247314453125,1.2839616537094116,0.009398820141594669,165.42088573330858,165.42088573330858,165.0,165.0,2.6032352447509766,2.623246908187866,2.643122911453247,528,8,0000000000000000,0,0,2.6629812717437744,1,1,1,1,1,1779092777.65432
2.701281738281249,0,stop_after_2mps,0.0,0.0,1.2500208616256714,0.13520480692386627,0.18069040775299072,11.345014463538298,52.97067938757755,0.0,0.0,0.0,-0.45446012391543633,0.8907670827835783,0.6557043922034532,-0.9045034940341647,0.0,0.0,0.0,0.03263534991676087,0.0,2.0,0.0,2.0,0.0,2.1282561472490764,-0.033806253931917,0.1282561472490764,-0.033806253931917,0.9648832082748413,0.7188294529914856,-0.053518619388341904,0.02430093102157116,1.0,0.0,20.0,1.0,1.1397247314453125,1.2839616537094116,0.009398820141594669,165.42088573330858,165.42088573330858,165.0,165.0,2.704057455062866,2.7232375144958496,2.74296236038208,528,8,0000000000000000,0,0,2.6629812717437744,1,1,1,1,1,1779092777.65432
2.7512817382812487,0,stop_after_2mps,0.0,0.0,1.2500208616256714,0.13520480692386627,0.18069040775299072,11.345014463538298,52.97067938757755,0.0,0.0,0.0,-0.45446012391543633,0.8907670827835783,0.6557043922034532,-0.9045034940341647,0.0,0.0,0.0,0.03263534991676087,0.0,2.0,0.0,2.0,0.0,2.1253490649508247,-0.03585533751068469,0.12534906495082465,-0.03585533751068469,0.9659619927406311,0.7270194292068481,-0.05300641804933548,0.026067527011036873,1.0,0.0,20.0,1.0,1.139838695526123,1.2840138673782349,0.008273012536035018,165.42088573330858,165.42088573330858,165.0,165.0,2.704057455062866,2.7232375144958496,2.74296236038208,528,8,0000000000000000,0,0,2.7629404067993164,1,1,1,1,1,1779092777.754334
2.8012817382812485,0,stop_after_2mps,0.0,0.0,1.256983995437622,0.13384196162223816,0.1782659888267517,11.355850252679836,52.95574236990625,0.0,0.0,0.0,-0.4542625205083871,0.890867870372126,0.6404840441566225,-0.8826836358211146,0.0,0.0,0.0,0.028787528424956417,0.0,2.0,0.0,2.0,0.0,2.1253490649508247,-0.03585533751068469,0.12534906495082465,-0.03585533751068469,0.9659619927406311,0.7270194292068481,-0.05300641804933548,0.026067527011036873,1.0,0.0,20.0,1.0,1.139838695526123,1.2840138673782349,0.008273012536035018,165.42088573330858,165.42088573330858,165.0,165.0,2.8032476902008057,2.82316517829895,2.843233108520508,528,8,0000000000000000,0,0,2.7629404067993164,1,1,1,1,1,1779092777.754334
2.8512817382812483,0,stop_after_2mps,0.0,0.0,1.256983995437622,0.13384196162223816,0.1782659888267517,11.355850252679836,52.95574236990625,0.0,0.0,0.0,-0.4542625205083871,0.890867870372126,0.6404840441566225,-0.8826836358211146,0.0,0.0,0.0,0.028787528424956417,0.0,2.0,0.0,2.0,0.0,2.1179295155513547,-0.03380711374426538,0.11792951555135467,-0.03380711374426538,0.9684585332870483,0.7183175086975098,-0.051126912236213684,0.02428424172103405,1.0,0.0,20.0,1.0,1.1400558948516846,1.2868068218231201,0.03118401991110711,165.42088573330858,165.42088573330858,165.0,165.0,2.8032476902008057,2.82316517829895,2.843233108520508,528,8,0000000000000000,0,0,2.8632702827453613,1,1,1,1,1,1779092777.8543231
2.901281738281248,0,stop_after_2mps,0.0,0.0,1.2621965408325195,0.13140910863876343,0.16883987188339233,11.360326613543297,52.94957612883548,0.0,0.0,0.0,-0.45416434588728066,0.89091792378691,0.6328654152780135,-0.8717797413982206,0.0,0.0,0.0,0.03335034170584636,0.0,2.0,0.0,2.0,0.0,2.1179295155513547,-0.03380711374426538,0.11792951555135467,-0.03380711374426538,0.9684585332870483,0.7183175086975098,-0.051126912236213684,0.02428424172103405,1.0,0.0,20.0,1.0,1.1400558948516846,1.2868068218231201,0.03118401991110711,165.42088573330858,165.42088573330858,165.0,165.0,2.9033772945404053,2.9231717586517334,2.9429776668548584,528,8,0000000000000000,0,0,2.8632702827453613,1,1,1,1,1,1779092777.8543231
2.951281738281248,0,stop_after_2mps,0.0,0.0,1.2621965408325195,0.13140910863876343,0.16883987188339233,11.360326613543297,52.94957612883548,0.0,0.0,0.0,-0.45416434588728066,0.89091792378691,0.6328654152780135,-0.8717797413982206,0.0,0.0,0.0,0.03335034170584636,0.0,2.0,0.0,2.0,0.0,2.1188772496310597,-0.03414238306586746,0.11887724963105972,-0.03414238306586746,0.9682474732398987,0.7229796051979065,-0.05159754306077957,0.024684246629476547,1.0,0.0,20.0,1.0,1.1395235061645508,1.2869104146957397,0.02196043069050315,165.42088573330858,165.42088573330858,165.0,165.0,2.9033772945404053,2.9231717586517334,2.9429776668548584,528,8,0000000000000000,0,0,2.9629483222961426,1,1,1,1,1,1779092777.9546084
3.001281738281248,0,stop_after_2mps,0.0,0.0,1.266369104385376,0.13625966012477875,0.1803012639284134,11.362033021908449,52.94722598298823,0.0,0.0,0.0,-0.4541235949823499,0.8909386962526135,0.6290380938295478,-0.8663408444103452,0.0,0.0,0.0,0.03227759764036898,0.0,2.0,0.0,2.0,0.0,2.1188772496310597,-0.03414238306586746,0.11887724963105972,-0.03414238306586746,0.9682474732398987,0.7229796051979065,-0.05159754306077957,0.024684246629476547,1.0,0.0,20.0,1.0,1.1395235061645508,1.2869104146957397,0.02196043069050315,165.42088573330858,165.42088573330858,165.0,165.0,3.0032427310943604,3.023135185241699,3.043156385421753,528,8,0000000000000000,0,0,2.9629483222961426,1,1,1,1,1,1779092777.9546084
3.0512817382812476,0,stop_after_2mps,0.0,0.0,1.266369104385376,0.13625966012477875,0.1803012639284134,11.362033021908449,52.94722598298823,0.0,0.0,0.0,-0.4541235949823499,0.8909386962526135,0.6290380938295478,-0.8663408444103452,0.0,0.0,0.0,0.03227759764036898,0.0,0.0,0.0,0.0,0.0,-0.12838336518870933,-0.04922803067360833,-0.12838336518870933,-0.04922803067360833,0.9926193952560425,0.6638402938842773,0.1274358183145523,0.03267955034971237,1.0,0.0,20.0,1.0,1.1406528949737549,1.2831697463989258,0.012636387613280642,0.0,0.0,0.0,0.0,3.0032427310943604,3.023135185241699,3.043156385421753,528,8,0000000000000000,0,0,3.0629172325134277,1,1,1,1,1,1779092778.055933
3.1012817382812474,0,stop_after_2mps,0.0,0.0,1.2675175666809082,0.14120277762413025,0.18620170652866364,11.365942525213676,52.941843742208235,0.0,0.0,0.0,-0.45404053513790754,0.8909810281098485,0.6252915402350525,-0.8608432745766592,0.0,0.0,0.0,0.02714261539002682,0.0,0.0,0.0,0.0,0.0,-0.12838336518870933,-0.04922803067360833,-0.12838336518870933,-0.04922803067360833,0.9926193952560425,0.6638402938842773,0.1274358183145523,0.03267955034971237,1.0,0.0,20.0,1.0,1.1406528949737549,1.2831697463989258,0.012636387613280642,0.0,0.0,0.0,0.0,3.103440284729004,3.123201847076416,3.142937421798706,528,8,0000000000000000,0,0,3.0629172325134277,1,1,1,1,1,1779092778.055933
3.1512817382812472,0,stop_after_2mps,0.0,0.0,1.2675175666809082,0.14120277762413025,0.18620170652866364,11.365942525213676,52.941843742208235,0.0,0.0,0.0,-0.45404053513790754,0.8909810281098485,0.6252915402350525,-0.8608432745766592,0.0,0.0,0.0,0.02714261539002682,0.0,0.0,0.0,0.0,0.0,-0.11633586377532656,0.0014764041785718873,-0.11633586377532656,0.0014764041785718873,0.9754139184951782,0.6682555675506592,0.11347562074661255,-0.0009866153122857213,1.0,0.0,20.0,1.0,1.1409025192260742,1.2764132022857666,0.026674255358110917,0.0,0.0,0.0,0.0,3.103440284729004,3.123201847076416,3.142937421798706,528,8,0000000000000000,0,0,3.162919282913208,1,1,1,1,1,1779092778.1556108
3.201281738281247,0,stop_after_2mps,0.0,0.0,1.2715297937393188,0.15072713792324066,0.17931702733039856,11.36655766039624,52.940996921274575,0.0,0.0,0.0,-0.45403052656339715,0.8909861283704502,0.6214026870831298,-0.8554490436761105,0.0,0.0,0.0,0.02555913500412591,0.0,0.0,0.0,0.0,0.0,-0.11633586377532656,0.0014764041785718873,-0.11633586377532656,0.0014764041785718873,0.9754139184951782,0.6682555675506592,0.11347562074661255,-0.0009866153122857213,1.0,0.0,20.0,1.0,1.1409025192260742,1.2764132022857666,0.026674255358110917,0.0,0.0,0.0,0.0,3.203214406967163,3.223142385482788,3.243010997772217,528,8,0000000000000000,0,0,3.162919282913208,1,1,1,1,1,1779092778.1556108
3.251281738281247,0,stop_after_2mps,0.0,0.0,1.2715297937393188,0.15072713792324066,0.17931702733039856,11.36655766039624,52.940996921274575,0.0,0.0,0.0,-0.45403052656339715,0.8909861283704502,0.6214026870831298,-0.8554490436761105,0.0,0.0,0.0,0.02555913500412591,0.0,0.0,0.0,0.0,0.0,-0.11311366324860639,0.00455808365084288,-0.11311366324860639,0.00455808365084288,0.9712584018707275,0.6730272769927979,0.10986259579658508,-0.0030677146278321743,1.0,0.0,20.0,1.0,1.1404047012329102,1.2510578632354736,0.008771884063840888,0.0,0.0,0.0,0.0,3.203214406967163,3.223142385482788,3.243010997772217,528,8,0000000000000000,0,0,3.262960433959961,1,1,1,1,1,1779092778.255494
3.3012817382812467,0,stop_after_2mps,0.0,0.0,1.2839616537094116,0.17783822119235992,0.15923641622066498,11.370929519405587,52.934980498252884,0.0,0.0,0.0,-0.4539579415546986,0.8910231126628652,0.6176329863028435,-0.8499682422975124,0.0,0.0,0.0,0.020980345192477365,0.0,0.0,0.0,0.0,0.0,-0.11311366324860639,0.00455808365084288,-0.11311366324860639,0.00455808365084288,0.9712584018707275,0.6730272769927979,0.10986259579658508,-0.0030677146278321743,1.0,0.0,20.0,1.0,1.1404047012329102,1.2510578632354736,0.008771884063840888,0.0,0.0,0.0,0.0,3.303260564804077,3.3231966495513916,3.343085527420044,528,8,0000000000000000,0,0,3.262960433959961,1,1,1,1,1,1779092778.255494
3.3512817382812465,0,stop_after_2mps,0.0,0.0,1.2839616537094116,0.17783822119235992,0.15923641622066498,11.370929519405587,52.934980498252884,0.0,0.0,0.0,-0.4539579415546986,0.8910231126628652,0.6176329863028435,-0.8499682422975124,0.0,0.0,0.0,0.020980345192477365,0.0,0.0,0.0,0.0,0.0,-0.10689274524532387,0.016039877982863496,-0.10689274524532387,0.016039877982863496,0.9599884748458862,0.6804941892623901,0.10261580348014832,-0.010915043763816357,1.0,0.0,20.0,1.0,1.1407461166381836,1.1446802616119385,0.02555913500412591,0.0,0.0,0.0,0.0,3.303260564804077,3.3231966495513916,3.343085527420044,528,8,0000000000000000,0,0,3.362912654876709,1,1,1,1,1,1779092778.3561275
3.4012817382812464,0,stop_after_2mps,0.0,0.0,1.279701590538025,0.14693425595760345,0.15453721582889557,11.372798563067551,52.93240876535531,0.0,0.0,0.0,-0.45392583950198484,0.8910394672697828,0.6098753156645464,-0.8391652076565949,0.0,0.0,0.0,0.02343503051645392,0.0,0.0,0.0,0.0,0.0,-0.10689274524532387,0.016039877982863496,-0.10689274524532387,0.016039877982863496,0.9599884748458862,0.6804941892623901,0.10261580348014832,-0.010915043763816357,1.0,0.0,20.0,1.0,1.1407461166381836,1.1446802616119385,0.02555913500412591,0.0,0.0,0.0,0.0,3.403282403945923,3.4231009483337402,3.4431116580963135,528,8,0000000000000000,0,0,3.362912654876709,1,1,1,1,1,1779092778.3561275
3.451281738281246,0,stop_after_2mps,0.0,0.0,1.279701590538025,0.14693425595760345,0.15453721582889557,11.372798563067551,52.93240876535531,0.0,0.0,0.0,-0.45392583950198484,0.8910394672697828,0.6098753156645464,-0.8391652076565949,0.0,0.0,0.0,0.02343503051645392,0.0,0.0,0.0,0.0,0.0,-0.10020268948346644,0.030745592791287878,-0.10020268948346644,0.030745592791287878,0.9444385766983032,0.6813771724700928,0.09463528543710709,-0.0209493450820446,1.0,0.0,20.0,1.0,1.1402466297149658,0.901705265045166,-0.006444221309231263,0.0,0.0,0.0,0.0,3.403282403945923,3.4231009483337402,3.4431116580963135,528,8,0000000000000000,0,0,3.4630320072174072,1,1,1,1,1,1779092778.4553714
3.501281738281246,0,stop_after_2mps,0.0,0.0,1.2840138673782349,0.1377861201763153,0.18557563424110413,11.37689781508938,52.92677045482229,0.0,0.0,0.0,-0.45384677856743527,0.8910797391838519,0.6022033957536956,-0.8282998291439108,0.0,0.0,0.0,0.028625503940210857,0.0,0.0,0.0,0.0,0.0,-0.10020268948346644,0.030745592791287878,-0.10020268948346644,0.030745592791287878,0.9444385766983032,0.6813771724700928,0.09463528543710709,-0.0209493450820446,1.0,0.0,20.0,1.0,1.1402466297149658,0.901705265045166,-0.006444221309231263,0.0,0.0,0.0,0.0,3.5033740997314453,3.5232458114624023,3.5429527759552,528,8,0000000000000000,0,0,3.4630320072174072,1,1,1,1,1,1779092778.4553714
3.551281738281246,0,stop_after_2mps,0.0,0.0,1.2840138673782349,0.1377861201763153,0.18557563424110413,11.37689781508938,52.92677045482229,0.0,0.0,0.0,-0.45384677856743527,0.8910797391838519,0.6022033957536956,-0.8282998291439108,0.0,0.0,0.0,0.028625503940210857,0.0,0.0,0.0,0.0,0.0,-0.09654919143202524,0.042501679905483855,-0.09654919143202524,0.042501679905483855,0.9389651417732239,0.6805246472358704,0.0906563252210617,-0.028923440724611282,1.0,0.0,20.0,1.0,1.1392922401428223,0.6313372254371643,-0.00014696575730999833,0.0,0.0,0.0,0.0,3.5033740997314453,3.5232458114624023,3.5429527759552,528,8,0000000000000000,0,0,3.5629231929779053,1,1,1,1,1,1779092778.5555024
3.6012817382812456,0,stop_after_2mps,0.0,0.0,1.2865567207336426,0.13890361785888672,0.1719823181629181,11.378162278657976,52.92503148239341,0.0,0.0,0.0,-0.4538184788169825,0.8910941523117745,0.5944344993961435,-0.8175049332376475,0.0,0.0,0.0,0.030125902168933717,0.0,0.0,0.0,0.0,0.0,-0.09654919143202524,0.042501679905483855,-0.09654919143202524,0.042501679905483855,0.9389651417732239,0.6805246472358704,0.0906563252210617,-0.028923440724611282,1.0,0.0,20.0,1.0,1.1392922401428223,0.6313372254371643,-0.00014696575730999833,0.0,0.0,0.0,0.0,3.6032025814056396,3.6231634616851807,3.6430554389953613,528,8,0000000000000000,0,0,3.5629231929779053,1,1,1,1,1,1779092778.5555024
3.6512817382812455,0,stop_after_2mps,0.0,0.0,1.2865567207336426,0.13890361785888672,0.1719823181629181,11.378162278657976,52.92503148239341,0.0,0.0,0.0,-0.4538184788169825,0.8910941523117745,0.5944344993961435,-0.8175049332376475,0.0,0.0,0.0,0.030125902168933717,0.0,0.0,0.0,0.0,0.0,-0.0896157485681777,0.05919276871737308,-0.0896157485681777,0.05919276871737308,0.9320417642593384,0.6814281344413757,0.08352562040090561,-0.04033561795949936,1.0,0.0,20.0,1.0,1.1398448944091797,0.4179927110671997,0.006381599311152098,0.0,0.0,0.0,0.0,3.6032025814056396,3.6231634616851807,3.6430554389953613,528,8,0000000000000000,0,0,3.663914680480957,1,1,1,1,1,1779092778.6555147
3.7012817382812453,0,stop_after_2mps,0.0,0.0,1.2868068218231201,0.14302387833595276,0.18214666843414307,11.38288473460155,52.91854059771318,0.0,0.0,0.0,-0.45369627710575666,0.8911563769285257,0.5868342326299089,-0.8065873723170316,0.0,0.0,0.0,0.028940797233253955,0.0,0.0,0.0,0.0,0.0,-0.0896157485681777,0.05919276871737308,-0.0896157485681777,0.05919276871737308,0.9320417642593384,0.6814281344413757,0.08352562040090561,-0.04033561795949936,1.0,0.0,20.0,1.0,1.1398448944091797,0.4179927110671997,0.006381599311152098,0.0,0.0,0.0,0.0,3.7031989097595215,3.7232229709625244,3.7429537773132324,528,8,0000000000000000,0,0,3.663914680480957,1,1,1,1,1,1779092778.6555147
3.751281738281245,0,stop_after_2mps,0.0,0.0,1.2868068218231201,0.14302387833595276,0.18214666843414307,11.38288473460155,52.91854059771318,0.0,0.0,0.0,-0.45369627710575666,0.8911563769285257,0.5868342326299089,-0.8065873723170316,0.0,0.0,0.0,0.028940797233253955,0.0,0.0,0.0,0.0,0.0,-0.08050387423606997,0.07751309041764894,-0.08050387423606997,0.07751309041764894,0.9278773069381714,0.684930682182312,0.07469771802425385,-0.05309109389781952,1.0,0.0,20.0,1.0,1.141660213470459,0.26659905910491943,-0.0008083690788342002,0.0,0.0,0.0,0.0,3.7031989097595215,3.7232229709625244,3.7429537773132324,528,8,0000000000000000,0,0,3.762962818145752,1,1,1,1,1,1779092778.7560155
3.801281738281245,0,stop_after_2mps,0.0,0.0,1.2867697477340698,0.14737342298030853,0.1912935972213745,11.383464027898466,52.917744431919104,0.0,0.0,0.0,-0.4536811622942366,0.8911640718629485,0.5829491824444021,-0.8011903490325069,0.0,0.0,0.0,0.02878339222435153,0.0,0.0,0.0,0.0,0.0,-0.08050387423606997,0.07751309041764894,-0.08050387423606997,0.07751309041764894,0.9278773069381714,0.684930682182312,0.07469771802425385,-0.05309109389781952,1.0,0.0,20.0,1.0,1.141660213470459,0.26659905910491943,-0.0008083690788342002,0.0,0.0,0.0,0.0,3.8034427165985107,3.8231565952301025,3.8430018424987793,528,8,0000000000000000,0,0,3.762962818145752,1,1,1,1,1,1779092778.7560155
3.8512817382812448,0,stop_after_2mps,0.0,0.0,1.2867697477340698,0.14737342298030853,0.1912935972213745,11.383464027898466,52.917744431919104,0.0,0.0,0.0,-0.4536811622942366,0.8911640718629485,0.5829491824444021,-0.8011903490325069,0.0,0.0,0.0,0.02878339222435153,0.0,0.0,0.0,0.0,0.0,-0.07648724568074264,0.08327228558598544,-0.07648724568074264,0.08327228558598544,0.9269425868988037,0.6865038871765137,0.07089928537607193,-0.057166747748851776,1.0,0.0,20.0,1.0,1.141237497329712,0.1617339700460434,-0.00020925373620163162,0.0,0.0,0.0,0.0,3.8034427165985107,3.8231565952301025,3.8430018424987793,528,8,0000000000000000,0,0,3.8629701137542725,1,1,1,1,1,1779092778.8559873
3.9012817382812446,0,stop_after_2mps,0.0,0.0,1.2869104146957397,0.14294269680976868,0.19900503754615784,11.388082850738453,52.91139900937549,0.0,0.0,0.0,-0.4535953606462151,0.891207747273457,0.5791899997921189,-0.795701720772363,0.0,0.0,0.0,0.02313990546987773,0.0,0.0,0.0,0.0,0.0,-0.07648724568074264,0.08327228558598544,-0.07648724568074264,0.08327228558598544,0.9269425868988037,0.6865038871765137,0.07089928537607193,-0.057166747748851776,1.0,0.0,20.0,1.0,1.141237497329712,0.1617339700460434,-0.00020925373620163162,0.0,0.0,0.0,0.0,3.9033336639404297,3.9231629371643066,3.942988157272339,528,8,0000000000000000,0,0,3.8629701137542725,1,1,1,1,1,1779092778.8559873
3.9512817382812444,0,stop_after_2mps,0.0,0.0,1.2869104146957397,0.14294269680976868,0.19900503754615784,11.388082850738453,52.91139900937549,0.0,0.0,0.0,-0.4535953606462151,0.891207747273457,0.5791899997921189,-0.795701720772363,0.0,0.0,0.0,0.02313990546987773,0.0,0.0,0.0,0.0,0.0,-0.06777144422598592,0.09587687651133137,-0.06777144422598592,0.09587687651133137,0.9258739352226257,0.6904202699661255,0.06274781376123428,-0.06619533896446228,1.0,0.0,20.0,1.0,1.1406099796295166,0.08502724021673203,0.001577990027002845,0.0,0.0,0.0,0.0,3.9033336639404297,3.9231629371643066,3.942988157272339,528,8,0000000000000000,0,0,3.9629318714141846,1,1,1,1,1,1779092778.9555092
4.001281738281245,0,forward_4mps,4.0,0.0,1.2958022356033325,0.1302221715450287,0.20748788118362427,11.389678701481476,52.909206808346916,0.0,0.0,0.0,-0.45357527825281513,0.8912179682647121,0.5674847948166998,-0.7795470574757842,0.0,0.0,0.0,0.02080643708145695,0.0,0.0,0.0,0.0,0.0,-0.06777144422598592,0.09587687651133137,-0.06777144422598592,0.09587687651133137,0.9258739352226257,0.6904202699661255,0.06274781376123428,-0.06619533896446228,1.0,0.0,20.0,1.0,1.1406099796295166,0.08502724021673203,0.001577990027002845,0.0,0.0,0.0,0.0,4.004177570343018,4.02418327331543,4.044039487838745,528,8,0000000000000000,0,0,3.9629318714141846,1,1,1,1,1,1779092778.9555092
4.0512817382812445,0,forward_4mps,4.0,0.0,1.2958022356033325,0.1302221715450287,0.20748788118362427,11.389678701481476,52.909206808346916,0.0,0.0,0.0,-0.45357527825281513,0.8912179682647121,0.5674847948166998,-0.7795470574757842,0.0,0.0,0.0,0.02080643708145695,0.0,0.0,0.0,0.0,0.0,-0.057066529197977375,0.12061876174708401,-0.057066529197977375,0.12061876174708401,0.9287434816360474,0.7027482986450195,0.05300016701221466,-0.08476462960243225,1.0,0.0,20.0,1.0,1.1411044597625732,0.03587405011057854,-0.0009512260978646017,0.0,0.0,0.0,0.0,4.004177570343018,4.02418327331543,4.044039487838745,528,8,0000000000000000,0,0,4.064033031463623,1,1,1,1,1,1779092779.0555205
4.101281738281244,0,forward_4mps,4.0,0.0,1.2831697463989258,0.13557544350624084,0.21836097538471222,11.399654553151008,52.8955091670507,0.0,0.0,0.0,-0.45343668625877387,0.8912884895221425,0.5403196897130378,-0.741745745137865,0.0,0.0,0.0,0.016413914647311116,0.0,0.0,0.0,0.0,0.0,-0.057066529197977375,0.12061876174708401,-0.057066529197977375,0.12061876174708401,0.9287434816360474,0.7027482986450195,0.05300016701221466,-0.08476462960243225,1.0,0.0,20.0,1.0,1.1411044597625732,0.03587405011057854,-0.0009512260978646017,0.0,0.0,0.0,0.0,4.1042327880859375,4.124266147613525,4.144001722335815,528,8,0000000000000000,0,0,4.064033031463623,1,1,1,1,1,1779092779.0555205
4.151281738281244,0,forward_4mps,4.0,0.0,1.2831697463989258,0.13557544350624084,0.21836097538471222,11.399654553151008,52.8955091670507,0.0,0.0,0.0,-0.45343668625877387,0.8912884895221425,0.5403196897130378,-0.741745745137865,0.0,0.0,0.0,0.016413914647311116,0.0,0.0,0.0,0.0,0.0,-0.0561900806810137,0.15653956597383709,-0.0561900806810137,0.15653956597383709,0.9342179298400879,0.7375616431236267,0.052493780851364136,-0.11545757949352264,1.0,0.0,20.0,1.0,1.1405413150787354,0.014674740843474865,8.131938687989948e-05,0.0,0.0,0.0,0.0,4.1042327880859375,4.124266147613525,4.144001722335815,528,8,0000000000000000,0,0,4.163994312286377,1,1,1,1,1,1779092779.1555827
4.201281738281244,0,forward_4mps,4.0,0.0,1.2929904460906982,0.13587453961372375,0.2095375806093216,11.483220709651757,52.7808689381027,0.0,0.0,0.0,-0.4529669573368531,0.8915273050002415,0.2078141974421286,-0.28465450792024716,0.0,0.0,0.0,0.006381599311152098,0.0,0.0,0.0,0.0,0.0,-0.0561900806810137,0.15653956597383709,-0.0561900806810137,0.15653956597383709,0.9342179298400879,0.7375616431236267,0.052493780851364136,-0.11545757949352264,1.0,0.0,20.0,1.0,1.1405413150787354,0.014674740843474865,8.131938687989948e-05,0.0,0.0,0.0,0.0,4.20425271987915,4.224123954772949,4.244091987609863,528,8,0000000000000000,0,0,4.163994312286377,1,1,1,1,1,1779092779.1555827
4.251281738281244,0,forward_4mps,4.0,0.0,1.2929904460906982,0.13587453961372375,0.2095375806093216,11.483220709651757,52.7808689381027,0.0,0.0,0.0,-0.4529669573368531,0.8915273050002415,0.2078141974421286,-0.28465450792024716,0.0,0.0,0.0,0.006381599311152098,0.0,0.0,0.0,0.0,0.0,-0.08092778245518015,0.20673413031256543,-0.08092778245518015,0.20673413031256543,0.9927589297294617,0.8219771981239319,0.08034177869558334,-0.16993074119091034,1.0,0.0,20.0,1.0,1.140087604522705,-0.010050632059574127,-0.0025134025152497787,0.0,0.0,0.0,0.0,4.20425271987915,4.224123954772949,4.244091987609863,528,8,0000000000000000,0,0,4.264095067977905,1,1,1,1,1,1779092779.2555542
4.301281738281244,0,forward_4mps,4.0,0.0,1.2764132022857666,0.13555948436260223,0.1857520192861557,11.52511582890957,52.723637145435745,0.0,0.0,0.0,-0.45217380011742053,0.8919298484115054,0.6446135917766175,-0.879672398715825,0.0,0.0,0.0,-0.018777946415716416,0.0,0.0,0.0,0.0,0.0,-0.08092778245518015,0.20673413031256543,-0.08092778245518015,0.20673413031256543,0.9927589297294617,0.8219771981239319,0.08034177869558334,-0.16993074119091034,1.0,0.0,20.0,1.0,1.140087604522705,-0.010050632059574127,-0.0025134025152497787,0.0,0.0,0.0,0.0,4.304258823394775,4.324197053909302,4.343993902206421,528,8,0000000000000000,0,0,4.264095067977905,1,1,1,1,1,1779092779.2555542
4.351281738281243,0,forward_4mps,4.0,0.0,1.2764132022857666,0.13555948436260223,0.1857520192861557,11.52511582890957,52.723637145435745,0.0,0.0,0.0,-0.45217380011742053,0.8919298484115054,0.6446135917766175,-0.879672398715825,0.0,0.0,0.0,-0.018777946415716416,0.0,0.0,0.0,0.0,0.0,-0.07982850398482037,0.2080692559170685,-0.07982850398482037,0.2080692559170685,0.9916132092475891,0.8213549852371216,0.07915899902582169,-0.17089872062206268,1.0,0.0,20.0,1.0,1.1399266719818115,-0.01325258705765009,-0.0005444159804624089,0.0,0.0,0.0,0.0,4.304258823394775,4.324197053909302,4.343993902206421,528,8,0000000000000000,0,0,4.363942623138428,1,1,1,1,1,1779092779.3554516
4.401281738281243,0,forward_4mps,4.0,0.0,1.2732690572738647,0.12601205706596375,0.188542440533638,11.59486356562397,52.62834357435165,0.0,0.0,0.0,-0.4524718566601003,0.8917786827069605,1.0131620310107743,-1.384552375253848,0.0,0.0,0.0,0.006617354840707603,0.0,0.0,0.0,0.0,0.0,-0.07982850398482037,0.2080692559170685,-0.07982850398482037,0.2080692559170685,0.9916132092475891,0.8213549852371216,0.07915899902582169,-0.17089872062206268,1.0,0.0,20.0,1.0,1.1399266719818115,-0.01325258705765009,-0.0005444159804624089,0.0,0.0,0.0,0.0,4.404270887374878,4.424149751663208,4.444007158279419,528,8,0000000000000000,0,0,4.363942623138428,1,1,1,1,1,1779092779.3554516
4.451281738281243,0,forward_4mps,4.0,0.0,1.2732690572738647,0.12601205706596375,0.188542440533638,11.59486356562397,52.62834357435165,0.0,0.0,0.0,-0.4524718566601003,0.8917786827069605,1.0131620310107743,-1.384552375253848,0.0,0.0,0.0,0.006617354840707603,0.0,0.0,0.0,0.0,0.0,-0.0794137587246679,0.208655971102111,-0.0794137587246679,0.208655971102111,0.9911741614341736,0.8209458589553833,0.07871286571025848,-0.17129525542259216,1.0,0.0,20.0,1.0,1.1399686336517334,-0.013093522749841213,0.0002211218236929652,0.0,0.0,0.0,0.0,4.404270887374878,4.424149751663208,4.444007158279419,528,8,0000000000000000,0,0,4.464142560958862,1,1,1,1,1,1779092779.456586
4.501281738281243,0,forward_4mps,4.0,0.0,1.2510578632354736,0.13413262367248535,0.18426918983459473,11.717959610537523,52.46061873992685,0.0,0.0,0.0,-0.45111671397584246,0.8924649631059126,1.041023267959156,-1.4135951454336007,0.0,0.0,0.0,0.017531580156886772,0.0,0.0,0.0,0.0,0.0,-0.0794137587246679,0.208655971102111,-0.0794137587246679,0.208655971102111,0.9911741614341736,0.8209458589553833,0.07871286571025848,-0.17129525542259216,1.0,0.0,20.0,1.0,1.1399686336517334,-0.013093522749841213,0.0002211218236929652,0.0,0.0,0.0,0.0,4.504328727722168,4.52429986000061,4.544008493423462,528,8,4b0100004b010000,331,331,4.464142560958862,1,1,1,1,1,1779092779.456586
4.551281738281243,0,forward_4mps,4.0,0.0,1.2510578632354736,0.13413262367248535,0.18426918983459473,11.717959610537523,52.46061873992685,0.0,0.0,0.0,-0.45111671397584246,0.8924649631059126,1.041023267959156,-1.4135951454336007,0.0,0.0,0.0,0.017531580156886772,0.0,0.0,0.0,0.0,0.0,-0.07866501962303717,0.20977421255992512,-0.07866501962303717,0.20977421255992512,0.990416944026947,0.820103108882904,0.07791116833686829,-0.17203648388385773,1.0,0.0,20.0,1.0,1.1397252082824707,-0.005828576162457466,0.0001652582866157241,0.0,0.0,0.0,0.0,4.504328727722168,4.52429986000061,4.544008493423462,528,8,4b0100004b010000,331,331,4.564049959182739,1,1,1,1,1,1779092779.5555134
4.6012817382812425,0,forward_4mps,4.0,0.0,1.2292709350585938,0.12927140295505524,0.1731683909893036,11.850304208190362,52.28118269579525,0.0,0.0,0.0,-0.45078901144766015,0.8926305322797564,1.2433682405217026,-1.6857634649906266,0.0,0.0,0.0,0.0058786724591752505,0.0,0.0,0.0,0.0,0.0,-0.07866501962303717,0.20977421255992512,-0.07866501962303717,0.20977421255992512,0.990416944026947,0.820103108882904,0.07791116833686829,-0.17203648388385773,1.0,0.0,20.0,1.0,1.1397252082824707,-0.005828576162457466,0.0001652582866157241,0.0,0.0,0.0,0.0,4.60427451133728,4.624251365661621,4.644085168838501,528,8,4b0100004b010000,331,331,4.564049959182739,1,1,1,1,1,1779092779.5555134
4.651281738281242,0,forward_4mps,4.0,0.0,1.2292709350585938,0.12927140295505524,0.1731683909893036,11.850304208190362,52.28118269579525,0.0,0.0,0.0,-0.45078901144766015,0.8926305322797564,1.2433682405217026,-1.6857634649906266,0.0,0.0,0.0,0.0058786724591752505,0.0,0.0,0.0,0.0,0.0,-0.078062671569479,0.21063260199033929,-0.078062671569479,0.21063260199033929,0.989874541759491,0.8193492889404297,0.07727225124835968,-0.17258167266845703,1.0,0.0,20.0,1.0,1.1411473751068115,-0.002263152739033103,0.0014385162834320894,0.0,0.0,0.0,0.0,4.60427451133728,4.624251365661621,4.644085168838501,528,8,4b0100004b010000,331,331,4.664206504821777,1,1,1,1,1,1779092779.6566074
4.701281738281242,0,forward_4mps,4.0,0.0,1.1446802616119385,0.13747163116931915,0.1946103870868683,11.94283650257045,52.155857187988225,0.0,0.0,0.0,-0.45025503262367955,0.8928999975344659,1.31654871620923,-1.7805191776875091,0.0,0.0,0.0,-0.0009249847527723594,0.0,0.0,0.0,0.0,0.0,-0.078062671569479,0.21063260199033929,-0.078062671569479,0.21063260199033929,0.989874541759491,0.8193492889404297,0.07727225124835968,-0.17258167266845703,1.0,0.0,20.0,1.0,1.1411473751068115,-0.002263152739033103,0.0014385162834320894,0.0,0.0,0.0,0.0,4.704268932342529,4.724170446395874,4.744007110595703,528,8,4b0100004b010000,331,331,4.664206504821777,1,1,1,1,1,1779092779.6566074
4.751281738281242,0,forward_4mps,4.0,0.0,1.1446802616119385,0.13747163116931915,0.1946103870868683,11.94283650257045,52.155857187988225,0.0,0.0,0.0,-0.45025503262367955,0.8928999975344659,1.31654871620923,-1.7805191776875091,0.0,0.0,0.0,-0.0009249847527723594,0.0,0.0,0.0,0.0,0.0,-0.0777185715020531,0.21099075729766012,-0.0777185715020531,0.21099075729766012,0.9896029233932495,0.8191630244255066,0.07691052556037903,-0.1728358268737793,1.0,0.0,20.0,1.0,1.140087366104126,0.007547140121459961,-0.0009254831307377817,0.0,0.0,0.0,0.0,4.704268932342529,4.724170446395874,4.744007110595703,528,8,4b0100004b010000,331,331,4.764083385467529,1,1,1,1,1,1779092779.755522
4.801281738281242,0,forward_4mps,4.0,0.0,1.0468642711639404,0.138502836227417,0.2015712708234787,12.033084910980905,52.03412270564519,0.0,0.0,0.0,-0.44931894007092,0.8933714177728909,1.4273277114268803,-1.9218978675815321,0.0,0.0,0.0,0.00019689028253976146,0.0,0.0,0.0,0.0,0.0,-0.0777185715020531,0.21099075729766012,-0.0777185715020531,0.21099075729766012,0.9896029233932495,0.8191630244255066,0.07691052556037903,-0.1728358268737793,1.0,0.0,20.0,1.0,1.140087366104126,0.007547140121459961,-0.0009254831307377817,0.0,0.0,0.0,0.0,4.804407119750977,4.824179172515869,4.844041347503662,528,8,4b0100004b010000,331,331,4.764083385467529,1,1,1,1,1,1779092779.755522
4.851281738281242,0,forward_4mps,4.0,0.0,1.0468642711639404,0.138502836227417,0.2015712708234787,12.033084910980905,52.03412270564519,0.0,0.0,0.0,-0.44931894007092,0.8933714177728909,1.4273277114268803,-1.9218978675815321,0.0,0.0,0.0,0.00019689028253976146,0.0,0.0,0.0,0.0,0.0,-0.07715336423679382,0.21157977206722584,-0.07715336423679382,0.21157977206722584,0.9892877340316772,0.818869411945343,0.0763268768787384,-0.17325620353221893,1.0,0.0,20.0,1.0,1.1370632648468018,0.007355791982263327,-0.0004824718319396196,0.0,0.0,0.0,0.0,4.804407119750977,4.824179172515869,4.844041347503662,528,8,4b0100004b010000,331,331,4.864105463027954,1,1,1,1,1,1779092779.8555753
4.9012817382812415,0,forward_4mps,4.0,0.0,0.901705265045166,0.13116998970508575,0.18303468823432922,12.189126906685392,51.82439709658846,0.0,0.0,0.0,-0.4487111962666945,0.893676822092255,1.557046654430397,-2.0906170714890924,0.0,0.0,0.0,0.007752208747951839,0.0,0.0,0.0,0.0,0.0,-0.07715336423679382,0.21157977206722584,-0.07715336423679382,0.21157977206722584,0.9892877340316772,0.818869411945343,0.0763268768787384,-0.17325620353221893,1.0,0.0,20.0,1.0,1.1370632648468018,0.007355791982263327,-0.0004824718319396196,0.0,0.0,0.0,0.0,4.904227256774902,4.924196004867554,4.944105625152588,528,8,4b0100004b010000,331,331,4.864105463027954,1,1,1,1,1,1779092779.8555753
4.951281738281241,0,forward_4mps,4.0,0.0,0.901705265045166,0.13116998970508575,0.18303468823432922,12.189126906685392,51.82439709658846,0.0,0.0,0.0,-0.4487111962666945,0.893676822092255,1.557046654430397,-2.0906170714890924,0.0,0.0,0.0,0.007752208747951839,0.0,0.0,0.0,0.0,0.0,-0.0766453554999042,0.21198915594370482,-0.0766453554999042,0.21198915594370482,0.9889000058174133,0.8188835382461548,0.07579459249973297,-0.1735944300889969,1.0,0.0,20.0,1.0,1.1394202709197998,0.004717836156487465,-0.00010293414554182092,0.0,0.0,0.0,0.0,4.904227256774902,4.924196004867554,4.944105625152588,528,8,4b0100004b010000,331,331,4.96408224105835,1,1,1,1,1,1779092779.95557
5.001281738281241,0,stop_after_4mps,0.0,0.0,0.6313372254371643,0.13999319076538086,0.1713380366563797,12.4025072883502,51.53848515312886,0.0,0.0,0.0,-0.44761058528125947,0.8942285859578457,1.6817450917186472,-2.246479050636327,0.0,0.0,0.0,0.044653095532345824,0.0,0.0,0.0,0.0,0.0,-0.0766453554999042,0.21198915594370482,-0.0766453554999042,0.21198915594370482,0.9889000058174133,0.8188835382461548,0.07579459249973297,-0.1735944300889969,1.0,0.0,20.0,1.0,1.1394202709197998,0.004717836156487465,-0.00010293414554182092,0.0,0.0,0.0,0.0,5.00516939163208,5.025302410125732,5.045036792755127,528,8,4b0100004b010000,331,331,4.96408224105835,1,1,1,1,1,1779092779.95557
5.051281738281241,0,stop_after_4mps,0.0,0.0,0.6313372254371643,0.13999319076538086,0.1713380366563797,12.4025072883502,51.53848515312886,0.0,0.0,0.0,-0.44761058528125947,0.8942285859578457,1.6817450917186472,-2.246479050636327,0.0,0.0,0.0,0.044653095532345824,0.0,4.0,0.0,4.0,0.0,3.0,0.187669330735185,-1.0,0.187669330735185,1.1990396976470947,0.8716433048248291,0.13832229375839233,-0.16358071565628052,1.0,0.0,20.0,1.0,1.1410653591156006,0.004840938374400139,-0.0016658783688297514,330.84177146661716,330.84177146661716,331.0,331.0,5.00516939163208,5.025302410125732,5.045036792755127,528,8,4b0100004b010000,331,331,5.06520938873291,1,1,1,1,1,1779092780.0566356
5.101281738281241,0,stop_after_4mps,0.0,0.0,0.4179927110671997,0.13710671663284302,0.16967275738716125,12.581954652207486,51.29956492412065,0.0,0.0,0.0,-0.4463581371270071,0.8948544090635683,1.7480301165041654,-2.3214444739927944,0.0,0.0,0.0,0.02596650672038752,0.0,4.0,0.0,4.0,0.0,3.0,0.187669330735185,-1.0,0.187669330735185,1.1990396976470947,0.8716433048248291,0.13832229375839233,-0.16358071565628052,1.0,0.0,20.0,1.0,1.1410653591156006,0.004840938374400139,-0.0016658783688297514,330.84177146661716,330.84177146661716,331.0,331.0,5.105403184890747,5.125568151473999,5.145257949829102,528,8,4b0100004b010000,331,331,5.06520938873291,1,1,1,1,1,1779092780.0566356
5.151281738281241,0,stop_after_4mps,0.0,0.0,0.4179927110671997,0.13710671663284302,0.16967275738716125,12.581954652207486,51.29956492412065,0.0,0.0,0.0,-0.4463581371270071,0.8948544090635683,1.7480301165041654,-2.3214444739927944,0.0,0.0,0.0,0.02596650672038752,0.0,4.0,0.0,4.0,0.0,3.0,0.1965812778019475,-1.0,0.1965812778019475,1.1917797327041626,0.9047801494598389,0.10989579558372498,-0.17786283791065216,1.0,0.0,20.0,1.0,1.1403100490570068,0.1861061453819275,-0.031407052359424426,330.84177146661716,330.84177146661716,331.0,331.0,5.105403184890747,5.125568151473999,5.145257949829102,528,8,4b0100004b010000,331,331,5.165098428726196,1,1,1,1,1,1779092780.157112
5.20128173828124,0,stop_after_4mps,0.0,0.0,0.26659905910491943,0.1412862092256546,0.1615259200334549,12.70097088227505,51.141684193241495,0.0,0.0,0.0,-0.4457171347021161,0.8951738578806553,1.7954379379617766,-2.377309684438891,0.0,0.0,0.0,0.04020444699552988,0.0,4.0,0.0,4.0,0.0,3.0,0.1965812778019475,-1.0,0.1965812778019475,1.1917797327041626,0.9047801494598389,0.10989579558372498,-0.17786283791065216,1.0,0.0,20.0,1.0,1.1403100490570068,0.1861061453819275,-0.031407052359424426,330.84177146661716,330.84177146661716,331.0,331.0,5.205390214920044,5.225218772888184,5.245065212249756,528,8,4b0100004b010000,331,331,5.165098428726196,1,1,1,1,1,1779092780.157112
5.25128173828124,0,stop_after_4mps,0.0,0.0,0.26659905910491943,0.1412862092256546,0.1615259200334549,12.70097088227505,51.141684193241495,0.0,0.0,0.0,-0.4457171347021161,0.8951738578806553,1.7954379379617766,-2.377309684438891,0.0,0.0,0.0,0.04020444699552988,0.0,4.0,0.0,4.0,0.0,3.0,0.1881289903833857,-1.0,0.1881289903833857,1.1942989826202393,0.897204577922821,0.10905078053474426,-0.16879019141197205,1.0,0.0,20.0,1.0,1.141566514968872,0.6273050308227539,0.011924165326840127,330.84177146661716,330.84177146661716,331.0,331.0,5.205390214920044,5.225218772888184,5.245065212249756,528,8,4b0100004b010000,331,331,5.265173673629761,1,1,1,1,1,1779092780.2571218
5.30128173828124,0,stop_after_4mps,0.0,0.0,0.1617339700460434,0.1432131826877594,0.16701579093933105,12.977825740615879,50.776410393424065,0.0,0.0,0.0,-0.44389131208280436,0.8960806342385748,1.7930279066334827,-2.3540992683486244,0.0,0.0,0.0,0.011992015425042801,0.0,4.0,0.0,4.0,0.0,3.0,0.1881289903833857,-1.0,0.1881289903833857,1.1942989826202393,0.897204577922821,0.10905078053474426,-0.16879019141197205,1.0,0.0,20.0,1.0,1.141566514968872,0.6273050308227539,0.011924165326840127,330.84177146661716,330.84177146661716,331.0,331.0,5.305281400680542,5.32535982131958,5.3451690673828125,528,8,4b0100004b010000,331,331,5.265173673629761,1,1,1,1,1,1779092780.2571218
5.35128173828124,0,stop_after_4mps,0.0,0.0,0.1617339700460434,0.1432131826877594,0.16701579093933105,12.977825740615879,50.776410393424065,0.0,0.0,0.0,-0.44389131208280436,0.8960806342385748,1.7930279066334827,-2.3540992683486244,0.0,0.0,0.0,0.011992015425042801,0.0,4.0,0.0,4.0,0.0,3.0,0.1800642818638284,-1.0,0.1800642818638284,1.1955459117889404,0.8915309309959412,0.10830725729465485,-0.1605328768491745,1.0,0.0,20.0,1.0,1.1404547691345215,1.1033984422683716,0.0263465457721413,330.84177146661716,330.84177146661716,331.0,331.0,5.305281400680542,5.32535982131958,5.3451690673828125,528,8,4b0100004b010000,331,331,5.36505126953125,1,1,1,1,1,1779092780.3566422
5.40128173828124,0,stop_after_4mps,0.0,0.0,0.08502724021673203,0.13355112075805664,0.1647573709487915,13.140696955991862,50.563303752244444,0.0,0.0,0.0,-0.44219106692723176,0.8969208774076766,1.7169086766405013,-2.2365106944743056,0.0,0.0,0.0,0.03637828771989604,0.0,4.0,0.0,4.0,0.0,3.0,0.1800642818638284,-1.0,0.1800642818638284,1.1955459117889404,0.8915309309959412,0.10830725729465485,-0.1605328768491745,1.0,0.0,20.0,1.0,1.1404547691345215,1.1033984422683716,0.0263465457721413,330.84177146661716,330.84177146661716,331.0,331.0,5.405882358551025,5.425245523452759,5.445026636123657,528,8,4b0100004b010000,331,331,5.36505126953125,1,1,1,1,1,1779092780.3566422
5.4512817382812395,0,stop_after_4mps,0.0,0.0,0.08502724021673203,0.13355112075805664,0.1647573709487915,13.140696955991862,50.563303752244444,0.0,0.0,0.0,-0.44219106692723176,0.8969208774076766,1.7169086766405013,-2.2365106944743056,0.0,0.0,0.0,0.03637828771989604,0.0,4.0,0.0,4.0,0.0,3.0,0.16150143401558928,-1.0,0.16150143401558928,1.1978263854980469,0.8898203372955322,0.10109665989875793,-0.1437072604894638,1.0,0.0,20.0,1.0,1.1394157409667969,1.5612969398498535,-0.008072673530456017,330.84177146661716,330.84177146661716,331.0,331.0,5.405882358551025,5.425245523452759,5.445026636123657,528,8,4b0100004b010000,331,331,5.465105295181274,1,1,1,1,1,1779092780.4569793
5.501281738281239,0,stop_after_4mps,0.0,0.0,0.03587405011057854,0.13378247618675232,0.16429449617862701,13.353709030725375,50.28692784688301,0.0,0.0,0.0,-0.4404221790076243,0.897790790907423,1.554769396049206,-2.008855577785333,0.0,0.0,0.0,0.03410419220158267,0.0,4.0,0.0,4.0,0.0,3.0,0.16150143401558928,-1.0,0.16150143401558928,1.1978263854980469,0.8898203372955322,0.10109665989875793,-0.1437072604894638,1.0,0.0,20.0,1.0,1.1394157409667969,1.5612969398498535,-0.008072673530456017,330.84177146661716,330.84177146661716,331.0,331.0,5.505303859710693,5.525205850601196,5.545236349105835,528,8,0000000000000000,0,0,5.465105295181274,1,1,1,1,1,1779092780.4569793
5.551281738281239,0,stop_after_4mps,0.0,0.0,0.03587405011057854,0.13378247618675232,0.16429449617862701,13.353709030725375,50.28692784688301,0.0,0.0,0.0,-0.4404221790076243,0.897790790907423,1.554769396049206,-2.008855577785333,0.0,0.0,0.0,0.03410419220158267,0.0,4.0,0.0,4.0,0.0,3.0,0.1316551008025447,-1.0,0.1316551008025447,1.215971827507019,0.863391101360321,0.09917224198579788,-0.11366984248161316,1.0,0.0,20.0,1.0,1.1412591934204102,1.9428986310958862,0.03887274676772836,330.84177146661716,330.84177146661716,331.0,331.0,5.505303859710693,5.525205850601196,5.545236349105835,528,8,0000000000000000,0,0,5.565041542053223,1,1,1,1,1,1779092780.5567322
5.601281738281239,0,stop_after_4mps,0.0,0.0,0.014674740843474865,0.13724641501903534,0.16293983161449432,13.468374276116426,50.138915320334505,0.0,0.0,0.0,-0.4402275570821443,0.897886238888584,1.3560946925638024,-1.7505874011501,0.0,0.0,0.0,0.03552817147127396,0.0,4.0,0.0,4.0,0.0,3.0,0.1316551008025447,-1.0,0.1316551008025447,1.215971827507019,0.863391101360321,0.09917224198579788,-0.11366984248161316,1.0,0.0,20.0,1.0,1.1412591934204102,1.9428986310958862,0.03887274676772836,330.84177146661716,330.84177146661716,331.0,331.0,5.605384588241577,5.625364542007446,5.645035743713379,528,8,0000000000000000,0,0,5.565041542053223,1,1,1,1,1,1779092780.5567322
5.651281738281239,0,stop_after_4mps,0.0,0.0,0.014674740843474865,0.13724641501903534,0.16293983161449432,13.468374276116426,50.138915320334505,0.0,0.0,0.0,-0.4402275570821443,0.897886238888584,1.3560946925638024,-1.7505874011501,0.0,0.0,0.0,0.03552817147127396,0.0,4.0,0.0,4.0,0.0,3.0,0.12618459330297785,-1.0,0.12618459330297785,1.2301079034805298,0.857915997505188,0.08688795566558838,-0.1082557812333107,1.0,0.0,20.0,1.0,1.1410975456237793,2.253450393676758,0.01844136725669928,330.84177146661716,330.84177146661716,331.0,331.0,5.605384588241577,5.625364542007446,5.645035743713379,528,8,0000000000000000,0,0,5.665795087814331,1,1,1,1,1,1779092780.656579
5.701281738281239,0,stop_after_4mps,0.0,0.0,-0.010050632059574127,0.13799460232257843,0.16291391849517822,13.551700361985004,50.03137077754047,0.0,0.0,0.0,-0.4400940860985276,0.8979516665061109,1.2221757333862306,-1.5767424963488303,0.0,0.0,0.0,0.02544176709979052,0.0,4.0,0.0,4.0,0.0,3.0,0.12618459330297785,-1.0,0.12618459330297785,1.2301079034805298,0.857915997505188,0.08688795566558838,-0.1082557812333107,1.0,0.0,20.0,1.0,1.1410975456237793,2.253450393676758,0.01844136725669928,330.84177146661716,330.84177146661716,331.0,331.0,5.705246210098267,5.725454092025757,5.745080471038818,528,8,0000000000000000,0,0,5.665795087814331,1,1,1,1,1,1779092780.656579
5.7512817382812385,0,stop_after_4mps,0.0,0.0,-0.010050632059574127,0.13799460232257843,0.16291391849517822,13.551700361985004,50.03137077754047,0.0,0.0,0.0,-0.4400940860985276,0.8979516665061109,1.2221757333862306,-1.5767424963488303,0.0,0.0,0.0,0.02544176709979052,0.0,4.0,0.0,4.0,0.0,3.0,0.11002621242151815,-1.0,0.11002621242151815,1.2568035125732422,0.8447114825248718,0.07201237231492996,-0.09294040501117706,1.0,0.0,20.0,1.0,1.1409921646118164,2.4863808155059814,-0.0108738899688898,330.84177146661716,330.84177146661716,331.0,331.0,5.705246210098267,5.725454092025757,5.745080471038818,528,8,0000000000000000,0,0,5.76509165763855,1,1,1,1,1,1779092780.7572112
5.801281738281238,0,stop_after_4mps,0.0,0.0,-0.01325258705765009,0.13182516396045685,0.1609819233417511,13.632018952704803,49.928112117894045,0.0,0.0,0.0,-0.438702618944611,0.8986323008500972,1.0716277302458808,-1.3737084449700285,0.0,0.0,0.0,-0.02868750168379953,0.0,4.0,0.0,4.0,0.0,3.0,0.11002621242151815,-1.0,0.11002621242151815,1.2568035125732422,0.8447114825248718,0.07201237231492996,-0.09294040501117706,1.0,0.0,20.0,1.0,1.1409921646118164,2.4863808155059814,-0.0108738899688898,330.84177146661716,330.84177146661716,331.0,331.0,5.80551815032959,5.825369119644165,5.845003128051758,528,8,0000000000000000,0,0,5.76509165763855,1,1,1,1,1,1779092780.7572112
5.851281738281238,0,stop_after_4mps,0.0,0.0,-0.01325258705765009,0.13182516396045685,0.1609819233417511,13.632018952704803,49.928112117894045,0.0,0.0,0.0,-0.438702618944611,0.8986323008500972,1.0716277302458808,-1.3737084449700285,0.0,0.0,0.0,-0.02868750168379953,0.0,4.0,0.0,4.0,0.0,3.0,0.0828466662649259,-1.0,0.0828466662649259,1.2820411920547485,0.8397511839866638,0.06158708408474922,-0.06957058608531952,1.0,0.0,20.0,1.0,1.141059160232544,2.659494400024414,0.006627441470717414,330.84177146661716,330.84177146661716,331.0,331.0,5.80551815032959,5.825369119644165,5.845003128051758,528,8,0000000000000000,0,0,5.86520528793335,1,1,1,1,1,1779092780.856704
5.901281738281238,0,stop_after_4mps,0.0,0.0,-0.013093522749841213,0.13257354497909546,0.16139841079711914,13.694920989465054,49.84751423876951,0.0,0.0,0.0,-0.43844568949090024,0.8987576855676113,0.9250585581582191,-1.1844258733279958,0.0,0.0,0.0,0.03151180914933663,0.0,4.0,0.0,4.0,0.0,3.0,0.0828466662649259,-1.0,0.0828466662649259,1.2820411920547485,0.8397511839866638,0.06158708408474922,-0.06957058608531952,1.0,0.0,20.0,1.0,1.141059160232544,2.659494400024414,0.006627441470717414,330.84177146661716,330.84177146661716,331.0,331.0,5.905421495437622,5.9256751537323,5.945073843002319,528,8,0000000000000000,0,0,5.86520528793335,1,1,1,1,1,1779092780.856704
5.951281738281238,0,stop_after_4mps,0.0,0.0,-0.013093522749841213,0.13257354497909546,0.16139841079711914,13.694920989465054,49.84751423876951,0.0,0.0,0.0,-0.43844568949090024,0.8987576855676113,0.9250585581582191,-1.1844258733279958,0.0,0.0,0.0,0.03151180914933663,0.0,4.0,0.0,4.0,0.0,3.0,0.07116399739926697,-1.0,0.07116399739926697,1.2875869274139404,0.834046483039856,0.059332460165023804,-0.05935408174991608,1.0,0.0,20.0,1.0,1.1408329010009766,2.7818727493286133,0.024421934755094035,330.84177146661716,330.84177146661716,331.0,331.0,5.905421495437622,5.9256751537323,5.945073843002319,528,8,0000000000000000,0,0,5.965132713317871,1,1,1,1,1,1779092780.9568164
6.001281738281238,0,stop_after_4mps,0.0,0.0,-0.005828576162457466,0.1312832534313202,0.1594657599925995,13.73415504950262,49.79728857817289,0.0,0.0,0.0,-0.43833365380227796,0.8988123318826599,0.8311806368112385,-1.0636797727878362,0.0,0.0,0.0,0.029174913282240908,0.0,4.0,0.0,4.0,0.0,3.0,0.07116399739926697,-1.0,0.07116399739926697,1.2875869274139404,0.834046483039856,0.059332460165023804,-0.05935408174991608,1.0,0.0,20.0,1.0,1.1408329010009766,2.7818727493286133,0.024421934755094035,330.84177146661716,330.84177146661716,331.0,331.0,6.0054919719696045,6.0252845287323,6.045076131820679,528,8,0000000000000000,0,0,5.965132713317871,1,1,1,1,1,1779092780.9568164
6.051281738281237,0,stop_after_4mps,0.0,0.0,-0.005828576162457466,0.1312832534313202,0.1594657599925995,13.73415504950262,49.79728857817289,0.0,0.0,0.0,-0.43833365380227796,0.8988123318826599,0.8311806368112385,-1.0636797727878362,0.0,0.0,0.0,0.029174913282240908,0.0,0.0,0.0,0.0,0.0,-0.12398362038765831,0.1814971870113795,-0.12398362038765831,0.1814971870113795,1.2961660623550415,0.8298068046569824,0.1607033610343933,-0.15060760080814362,1.0,0.0,20.0,1.0,1.1418626308441162,2.8889057636260986,0.011319892781225825,0.0,0.0,0.0,0.0,6.0054919719696045,6.0252845287323,6.045076131820679,528,8,0000000000000000,0,0,6.065293073654175,1,1,1,1,1,1779092781.0580351
6.101281738281237,0,stop_after_4mps,0.0,0.0,-0.002263152739033103,0.13235463201999664,0.16002584993839264,13.767869210690478,49.75419343633354,0.0,0.0,0.0,-0.4378578345090989,0.8990442240284972,0.746205577811314,-0.9528545076166495,0.0,0.0,0.0,0.02856105350162094,0.0,0.0,0.0,0.0,0.0,-0.12398362038765831,0.1814971870113795,-0.12398362038765831,0.1814971870113795,1.2961660623550415,0.8298068046569824,0.1607033610343933,-0.15060760080814362,1.0,0.0,20.0,1.0,1.1418626308441162,2.8889057636260986,0.011319892781225825,0.0,0.0,0.0,0.0,6.1054675579071045,6.125467538833618,6.145176410675049,528,8,0000000000000000,0,0,6.065293073654175,1,1,1,1,1,1779092781.0580351
6.151281738281237,0,stop_after_4mps,0.0,0.0,-0.002263152739033103,0.13235463201999664,0.16002584993839264,13.767869210690478,49.75419343633354,0.0,0.0,0.0,-0.4378578345090989,0.8990442240284972,0.746205577811314,-0.9528545076166495,0.0,0.0,0.0,0.02856105350162094,0.0,0.0,0.0,0.0,0.0,-0.1232960530651386,0.21010269847819213,-0.1232960530651386,0.21010269847819213,1.2825192213058472,0.8281744122505188,0.15812955796718597,-0.17400167882442474,1.0,0.0,20.0,1.0,1.1412570476531982,2.939946413040161,0.06488329090664444,0.0,0.0,0.0,0.0,6.1054675579071045,6.125467538833618,6.145176410675049,528,8,0000000000000000,0,0,6.165173768997192,1,1,1,1,1,1779092781.1578639
6.201281738281237,0,stop_after_4mps,0.0,0.0,0.007547140121459961,0.1317659169435501,0.15847887098789215,13.785568077052881,49.731605315001964,0.0,0.0,0.0,-0.43770939077447546,0.8991165048133849,0.6972990706121256,-0.8897987274150491,0.0,0.0,0.0,0.004209027797649492,0.0,0.0,0.0,0.0,0.0,-0.1232960530651386,0.21010269847819213,-0.1232960530651386,0.21010269847819213,1.2825192213058472,0.8281744122505188,0.15812955796718597,-0.17400167882442474,1.0,0.0,20.0,1.0,1.1412570476531982,2.939946413040161,0.06488329090664444,0.0,0.0,0.0,0.0,6.205554008483887,6.225395917892456,6.245047569274902,528,8,0000000000000000,0,0,6.165173768997192,1,1,1,1,1,1779092781.1578639
6.251281738281237,0,stop_after_4mps,0.0,0.0,0.007547140121459961,0.1317659169435501,0.15847887098789215,13.785568077052881,49.731605315001964,0.0,0.0,0.0,-0.43770939077447546,0.8991165048133849,0.6972990706121256,-0.8897987274150491,0.0,0.0,0.0,0.004209027797649492,0.0,0.0,0.0,0.0,0.0,-0.12363167997154254,0.21763358137719885,-0.12363167997154254,0.21763358137719885,1.2761471271514893,0.8284862041473389,0.1577722132205963,-0.18030641973018646,1.0,0.0,20.0,1.0,1.1406445503234863,2.908149480819702,0.09963975112609912,0.0,0.0,0.0,0.0,6.205554008483887,6.225395917892456,6.245047569274902,528,8,0000000000000000,0,0,6.265260219573975,1,1,1,1,1,1779092781.25803
6.3012817382812365,0,stop_after_4mps,0.0,0.0,0.007355791982263327,0.13268296420574188,0.15871503949165344,13.787064659735794,49.72969568724159,0.0,0.0,0.0,-0.43769698222003045,0.8991225454605609,0.6932217264797796,-0.8845454835839719,0.0,0.0,0.0,0.007984232285170327,0.0,0.0,0.0,0.0,0.0,-0.12363167997154254,0.21763358137719885,-0.12363167997154254,0.21763358137719885,1.2761471271514893,0.8284862041473389,0.1577722132205963,-0.18030641973018646,1.0,0.0,20.0,1.0,1.1406445503234863,2.908149480819702,0.09963975112609912,0.0,0.0,0.0,0.0,6.305449724197388,6.325235366821289,6.345107793807983,528,8,0000000000000000,0,0,6.265260219573975,1,1,1,1,1,1779092781.25803
6.351281738281236,0,stop_after_4mps,0.0,0.0,0.007355791982263327,0.13268296420574188,0.15871503949165344,13.787064659735794,49.72969568724159,0.0,0.0,0.0,-0.43769698222003045,0.8991225454605609,0.6932217264797796,-0.8845454835839719,0.0,0.0,0.0,0.007984232285170327,0.0,0.0,0.0,0.0,0.0,-0.1233569304211265,0.226210265564945,-0.1233569304211265,0.226210265564945,1.2671254873275757,0.8286453485488892,0.15630871057510376,-0.18744808435440063,1.0,0.0,20.0,1.0,1.1411025524139404,2.790883779525757,0.05868369833642646,0.0,0.0,0.0,0.0,6.305449724197388,6.325235366821289,6.345107793807983,528,8,0000000000000000,0,0,6.365180015563965,1,1,1,1,1,1779092781.3578348
6.401281738281236,0,stop_after_4mps,0.0,0.0,0.004717836156487465,0.12406539171934128,0.15748313069343567,13.79179122311518,49.72366675849448,0.0,0.0,0.0,-0.4376199132290738,0.8991600589135273,0.6851677503425262,-0.8739600456108075,0.0,0.0,0.0,0.026887241075449663,0.0,0.0,0.0,0.0,0.0,-0.1233569304211265,0.226210265564945,-0.1233569304211265,0.226210265564945,1.2671254873275757,0.8286453485488892,0.15630871057510376,-0.18744808435440063,1.0,0.0,20.0,1.0,1.1411025524139404,2.790883779525757,0.05868369833642646,0.0,0.0,0.0,0.0,6.4053356647491455,6.425342321395874,6.445073127746582,528,8,0000000000000000,0,0,6.365180015563965,1,1,1,1,1,1779092781.3578348
6.451281738281236,0,stop_after_4mps,0.0,0.0,0.004717836156487465,0.12406539171934128,0.15748313069343567,13.79179122311518,49.72366675849448,0.0,0.0,0.0,-0.4376199132290738,0.8991600589135273,0.6851677503425262,-0.8739600456108075,0.0,0.0,0.0,0.026887241075449663,0.0,0.0,0.0,0.0,0.0,-0.12105903437788519,0.22911428611963092,-0.12105903437788519,0.22911428611963092,1.2621253728866577,0.8318637609481812,0.15279167890548706,-0.19059187173843384,1.0,0.0,20.0,1.0,1.141336441040039,2.550715923309326,-0.025760389154634824,0.0,0.0,0.0,0.0,6.4053356647491455,6.425342321395874,6.445073127746582,528,8,0000000000000000,0,0,6.465173959732056,1,1,1,1,1,1779092781.4578922
6.501281738281236,0,stop_after_4mps,0.0,0.0,0.004840938374400139,0.12417683750391006,0.15837359428405762,13.79248043181105,49.72278770416463,0.0,0.0,0.0,-0.4376049865069424,0.8991673235745719,0.6769908173134305,-0.8634709817082004,0.0,0.0,0.0,0.030327119717748333,0.0,0.0,0.0,0.0,0.0,-0.12105903437788519,0.22911428611963092,-0.12105903437788519,0.22911428611963092,1.2621253728866577,0.8318637609481812,0.15279167890548706,-0.19059187173843384,1.0,0.0,20.0,1.0,1.141336441040039,2.550715923309326,-0.025760389154634824,0.0,0.0,0.0,0.0,6.505259037017822,6.525466442108154,6.545083522796631,528,8,0000000000000000,0,0,6.465173959732056,1,1,1,1,1,1779092781.4578922
6.551281738281236,0,stop_after_4mps,0.0,0.0,0.004840938374400139,0.12417683750391006,0.15837359428405762,13.79248043181105,49.72278770416463,0.0,0.0,0.0,-0.4376049865069424,0.8991673235745719,0.6769908173134305,-0.8634709817082004,0.0,0.0,0.0,0.030327119717748333,0.0,0.0,0.0,0.0,0.0,-0.12081647440848821,0.22947778138316166,-0.12081647440848821,0.22947778138316166,1.2590487003326416,0.8341373801231384,0.15211382508277893,-0.19141599535942078,1.0,0.0,20.0,1.0,1.140928030014038,2.2497920989990234,0.05086892905291062,0.0,0.0,0.0,0.0,6.505259037017822,6.525466442108154,6.545083522796631,528,8,0000000000000000,0,0,6.565131664276123,1,1,1,1,1,1779092781.5581756
6.601281738281235,0,stop_after_4mps,0.0,0.0,0.1861061453819275,0.11128456890583038,0.15629178285598755,13.797323082392184,49.716614350683926,0.0,0.0,0.0,-0.4374908951810713,0.899222840364759,0.6690013076992034,-0.8528349263047361,0.0,0.0,0.0,0.042843093108883276,0.0,0.0,0.0,0.0,0.0,-0.12081647440848821,0.22947778138316166,-0.12081647440848821,0.22947778138316166,1.2590487003326416,0.8341373801231384,0.15211382508277893,-0.19141599535942078,1.0,0.0,20.0,1.0,1.140928030014038,2.2497920989990234,0.05086892905291062,0.0,0.0,0.0,0.0,6.605607509613037,6.625288963317871,6.645087718963623,528,8,0000000000000000,0,0,6.565131664276123,1,1,1,1,1,1779092781.5581756
6.651281738281235,0,stop_after_4mps,0.0,0.0,0.1861061453819275,0.11128456890583038,0.15629178285598755,13.797323082392184,49.716614350683926,0.0,0.0,0.0,-0.4374908951810713,0.899222840364759,0.6690013076992034,-0.8528349263047361,0.0,0.0,0.0,0.042843093108883276,0.0,0.0,0.0,0.0,0.0,-0.12147248284480494,0.22524331648444443,-0.12147248284480494,0.22524331648444443,1.249355435371399,0.8402509689331055,0.15176230669021606,-0.18926091492176056,1.0,0.0,20.0,1.0,1.141002893447876,1.829793930053711,-0.01793605811616151,0.0,0.0,0.0,0.0,6.605607509613037,6.625288963317871,6.645087718963623,528,8,0000000000000000,0,0,6.665279865264893,1,1,1,1,1,1779092781.658574
6.701281738281235,0,stop_after_4mps,0.0,0.0,0.6273050308227539,0.10566984862089157,0.16109657287597656,13.798410686490918,49.715228074713096,0.0,0.0,0.0,-0.4374611564494194,0.8992373082773738,0.6567437693260045,-0.8370951410233257,0.0,0.0,0.0,0.04024661950120544,0.0,0.0,0.0,0.0,0.0,-0.12147248284480494,0.22524331648444443,-0.12147248284480494,0.22524331648444443,1.249355435371399,0.8402509689331055,0.15176230669021606,-0.18926091492176056,1.0,0.0,20.0,1.0,1.141002893447876,1.829793930053711,-0.01793605811616151,0.0,0.0,0.0,0.0,6.705808401107788,6.725492715835571,6.745260238647461,528,8,0000000000000000,0,0,6.665279865264893,1,1,1,1,1,1779092781.658574
6.751281738281235,0,stop_after_4mps,0.0,0.0,0.6273050308227539,0.10566984862089157,0.16109657287597656,13.798410686490918,49.715228074713096,0.0,0.0,0.0,-0.4374611564494194,0.8992373082773738,0.6567437693260045,-0.8370951410233257,0.0,0.0,0.0,0.04024661950120544,0.0,0.0,0.0,0.0,0.0,-0.11039931076204713,0.1964417651244374,-0.11039931076204713,0.1964417651244374,1.2426002025604248,0.8644866943359375,0.13718220591545105,-0.16982129216194153,1.0,0.0,20.0,1.0,1.1411991119384766,1.4557844400405884,0.028775754752545544,0.0,0.0,0.0,0.0,6.705808401107788,6.725492715835571,6.745260238647461,528,8,0000000000000000,0,0,6.765249967575073,1,1,1,1,1,1779092781.7578032
6.801281738281235,0,stop_after_4mps,0.0,0.0,1.1033984422683716,0.10486088693141937,0.15553194284439087,13.803025308558835,49.709348569484476,0.0,0.0,0.0,-0.43737355897626295,0.8992799174386346,0.6486955055116439,-0.8265050875903209,0.0,0.0,0.0,0.023312370059256314,0.0,0.0,0.0,0.0,0.0,-0.11039931076204713,0.1964417651244374,-0.11039931076204713,0.1964417651244374,1.2426002025604248,0.8644866943359375,0.13718220591545105,-0.16982129216194153,1.0,0.0,20.0,1.0,1.1411991119384766,1.4557844400405884,0.028775754752545544,0.0,0.0,0.0,0.0,6.805477619171143,6.825230360031128,6.845123529434204,528,8,0000000000000000,0,0,6.765249967575073,1,1,1,1,1,1779092781.7578032
6.8512817382812345,0,stop_after_4mps,0.0,0.0,1.1033984422683716,0.10486088693141937,0.15553194284439087,13.803025308558835,49.709348569484476,0.0,0.0,0.0,-0.43737355897626295,0.8992799174386346,0.6486955055116439,-0.8265050875903209,0.0,0.0,0.0,0.023312370059256314,0.0,0.0,0.0,0.0,0.0,-0.10604167944870588,0.18588020016558562,-0.10604167944870588,0.18588020016558562,1.237679362297058,0.8752133250236511,0.13124559819698334,-0.162684828042984,1.0,0.0,20.0,1.0,1.1410315036773682,1.0701243877410889,-0.00022360178548042411,0.0,0.0,0.0,0.0,6.805477619171143,6.825230360031128,6.845123529434204,528,8,0000000000000000,0,0,6.865402698516846,1,1,1,1,1,1779092781.858026
6.901281738281234,0,stop_after_4mps,0.0,0.0,1.5612969398498535,0.10803793370723724,0.20055270195007324,13.805007902129045,49.70682295020188,0.0,0.0,0.0,-0.4373381322788393,0.899297146695605,0.6405484626333898,-0.8159925326963886,0.0,0.0,0.0,0.015557276524434612,0.0,0.0,0.0,0.0,0.0,-0.10604167944870588,0.18588020016558562,-0.10604167944870588,0.18588020016558562,1.237679362297058,0.8752133250236511,0.13124559819698334,-0.162684828042984,1.0,0.0,20.0,1.0,1.1410315036773682,1.0701243877410889,-0.00022360178548042411,0.0,0.0,0.0,0.0,6.905673980712891,6.925596714019775,6.945154190063477,528,8,0000000000000000,0,0,6.865402698516846,1,1,1,1,1,1779092781.858026
6.951281738281234,0,stop_after_4mps,0.0,0.0,1.5612969398498535,0.10803793370723724,0.20055270195007324,13.805007902129045,49.70682295020188,0.0,0.0,0.0,-0.4373381322788393,0.899297146695605,0.6405484626333898,-0.8159925326963886,0.0,0.0,0.0,0.015557276524434612,0.0,0.0,0.0,0.0,0.0,-0.1019379490402277,0.17664141526528707,-0.1019379490402277,0.17664141526528707,1.2282401323318481,0.8839173316955566,0.12520428001880646,-0.1561364084482193,1.0,0.0,20.0,1.0,1.1408705711364746,0.7538143992424011,0.0020361997435464777,0.0,0.0,0.0,0.0,6.905673980712891,6.925596714019775,6.945154190063477,528,8,0000000000000000,0,0,6.9652416706085205,1,1,1,1,1,1779092781.9579265
7.001281738281234,0,sine_low_wl5m,2.0,1.990198898700134e-05,1.9428986310958862,0.09106383472681046,0.19770590960979462,13.809713908340397,49.700829557889655,0.0,0.0,0.0,-0.43728081202180996,0.8993250199107921,0.6324389835404269,-0.8054504757683526,0.0,0.0,0.0,0.014950755460073694,0.0,0.0,0.0,0.0,0.0,-0.1019379490402277,0.17664141526528707,-0.1019379490402277,0.17664141526528707,1.2282401323318481,0.8839173316955566,0.12520428001880646,-0.1561364084482193,1.0,0.0,20.0,1.0,1.1408705711364746,0.7538143992424011,0.0020361997435464777,0.0,0.0,0.0,0.0,7.006406307220459,7.02644944190979,7.046295642852783,528,8,0000000000000000,0,0,6.9652416706085205,1,1,1,1,1,1779092781.9579265
7.051281738281234,0,sine_low_wl5m,2.0,0.035248233115854094,1.9428986310958862,0.09106383472681046,0.19770590960979462,13.809713908340397,49.700829557889655,0.0,0.0,0.0,-0.43728081202180996,0.8993250199107921,0.6324389835404269,-0.8054504757683526,0.0,0.0,0.0,0.014950755460073694,0.0,0.0,0.0,0.0,0.0,-0.10049081062628717,0.17359495489778523,-0.10049081062628717,0.17359495489778523,1.2166467905044556,0.889677882194519,0.12226182222366333,-0.15444359183311462,1.0,0.0,20.0,1.0,1.1413919925689697,0.5058742165565491,0.012765663294227307,0.0,0.0,0.0,0.0,7.006406307220459,7.02644944190979,7.046295642852783,528,8,0000000000000000,0,0,7.0665037631988525,1,1,1,1,1,1779092782.0581279
7.101281738281234,0,sine_low_wl5m,2.0,0.08717349674547971,2.253450393676758,0.10021878778934479,0.22193248569965363,13.810355216730347,49.70001283852514,0.0,0.0,0.0,-0.43727363076114417,0.8993285116357462,0.6242381864008895,-0.7949801108072846,0.0,0.0,0.0,0.014801326841615366,0.0,0.0,0.0,0.0,0.0,-0.10049081062628717,0.17359495489778523,-0.10049081062628717,0.17359495489778523,1.2166467905044556,0.889677882194519,0.12226182222366333,-0.15444359183311462,1.0,0.0,20.0,1.0,1.1413919925689697,0.5058742165565491,0.012765663294227307,0.0,0.0,0.0,0.0,7.106513977050781,7.12641978263855,7.146416425704956,528,8,0000000000000000,0,0,7.0665037631988525,1,1,1,1,1,1779092782.0581279
7.1512817382812335,0,sine_low_wl5m,2.0,0.1207541492403812,2.253450393676758,0.10021878778934479,0.22193248569965363,13.810355216730347,49.70001283852514,0.0,0.0,0.0,-0.43727363076114417,0.8993285116357462,0.6242381864008895,-0.7949801108072846,0.0,0.0,0.0,0.014801326841615366,0.0,0.0,0.0,0.0,0.0,-0.10022542448286603,0.17352688100313415,-0.10022542448286603,0.17352688100313415,1.2089980840682983,0.8827865719795227,0.12117234617471695,-0.15318720042705536,1.0,0.0,20.0,1.0,1.1418430805206299,0.3267780542373657,0.003450423397359585,0.0,0.0,0.0,0.0,7.106513977050781,7.12641978263855,7.146416425704956,528,8,0000000000000000,0,0,7.166302680969238,1,1,1,1,1,1779092782.1578522
7.201281738281233,0,sine_low_wl5m,2.0,0.16871653786914786,2.4863808155059814,0.10038018971681595,0.1870764046907425,13.815972568175702,49.69286123342042,0.0,0.0,0.0,-0.43720623460283403,0.8993612780325889,0.6120344876522481,-0.7791979919248233,0.0,0.0,0.0,0.017318822656677738,0.0,0.0,0.0,0.0,0.0,-0.10022542448286603,0.17352688100313415,-0.10022542448286603,0.17352688100313415,1.2089980840682983,0.8827865719795227,0.12117234617471695,-0.15318720042705536,1.0,0.0,20.0,1.0,1.1418430805206299,0.3267780542373657,0.003450423397359585,0.0,0.0,0.0,0.0,7.206673622131348,7.2264463901519775,7.24637508392334,528,8,0000000000000000,0,0,7.166302680969238,1,1,1,1,1,1779092782.1578522
7.251281738281233,0,sine_low_wl5m,2.0,0.19866199201514434,2.4863808155059814,0.10038018971681595,0.1870764046907425,13.815972568175702,49.69286123342042,0.0,0.0,0.0,-0.43720623460283403,0.8993612780325889,0.6120344876522481,-0.7791979919248233,0.0,0.0,0.0,0.017318822656677738,0.0,0.0,0.0,0.0,0.0,-0.08868299807653962,0.18104181772364697,-0.08868299807653962,0.18104181772364697,1.0097826719284058,0.8330651521682739,0.08955055475234985,-0.15081962943077087,1.0,0.0,20.0,1.0,1.1399483680725098,0.207806795835495,0.009979691529125811,0.0,0.0,0.0,0.0,7.206673622131348,7.2264463901519775,7.24637508392334,528,8,0000000000000000,0,0,7.2663023471832275,1,1,1,1,1,1779092782.2584949
7.301281738281233,0,sine_low_wl5m,2.0,0.23968093542903454,2.659494400024414,0.12268295884132385,0.23424550890922546,13.834980084809686,49.66865866691631,0.0,0.0,0.0,-0.43731238704874625,0.8993096664296051,0.5461484564498883,-0.6956546722353673,0.0,0.0,0.0,-0.0066892589571341775,0.0,0.0,0.0,0.0,0.0,-0.08868299807653962,0.18104181772364697,-0.08868299807653962,0.18104181772364697,1.0097826719284058,0.8330651521682739,0.08955055475234985,-0.15081962943077087,1.0,0.0,20.0,1.0,1.1399483680725098,0.207806795835495,0.009979691529125811,0.0,0.0,0.0,0.0,7.3064963817596436,7.326491594314575,7.346453428268433,528,8,0000000000000000,0,0,7.2663023471832275,1,1,1,1,1,1779092782.2584949
7.351281738281233,0,sine_low_wl5m,2.0,0.2640824023305373,2.659494400024414,0.12268295884132385,0.23424550890922546,13.834980084809686,49.66865866691631,0.0,0.0,0.0,-0.43731238704874625,0.8993096664296051,0.5461484564498883,-0.6956546722353673,0.0,0.0,0.0,-0.0066892589571341775,0.0,0.0,0.0,0.0,0.0,-0.08789313585873648,0.19089958732086132,-0.08789313585873648,0.19089958732086132,1.0016639232635498,0.826823353767395,0.08803938329219818,-0.15784023702144623,1.0,0.0,20.0,1.0,1.1403720378875732,0.11931436508893967,-0.005204144494946905,0.0,0.0,0.0,0.0,7.3064963817596436,7.326491594314575,7.346453428268433,528,8,0000000000000000,0,0,7.366223573684692,1,1,1,1,1,1779092782.3580503
7.401281738281233,0,sine_low_wl5m,2.0,0.29559362900282393,2.7818727493286133,0.08477528393268585,0.23820063471794128,13.878002180281808,49.6138811985956,0.0,0.0,0.0,-0.4371340558674504,0.8993963626793655,0.39030306704335266,-0.4967414484562931,0.0,0.0,0.0,0.007731781027920218,0.0,0.0,0.0,0.0,0.0,-0.08789313585873648,0.19089958732086132,-0.08789313585873648,0.19089958732086132,1.0016639232635498,0.826823353767395,0.08803938329219818,-0.15784023702144623,1.0,0.0,20.0,1.0,1.1403720378875732,0.11931436508893967,-0.005204144494946905,0.0,0.0,0.0,0.0,7.4066808223724365,7.426483631134033,7.446284532546997,528,8,0000000000000000,0,0,7.366223573684692,1,1,1,1,1,1779092782.3580503
7.451281738281232,0,sine_low_wl5m,2.0,0.3129021421020918,2.7818727493286133,0.08477528393268585,0.23820063471794128,13.878002180281808,49.6138811985956,0.0,0.0,0.0,-0.4371340558674504,0.8993963626793655,0.39030306704335266,-0.4967414484562931,0.0,0.0,0.0,0.007731781027920218,0.0,0.0,0.0,0.0,0.0,-0.0874490830852695,0.19519723212311624,-0.0874490830852695,0.19519723212311624,0.9988216757774353,0.8243895769119263,0.08734603971242905,-0.16091856360435486,1.0,0.0,20.0,1.0,1.1402297019958496,0.05791971832513809,0.0013794051528562144,0.0,0.0,0.0,0.0,7.4066808223724365,7.426483631134033,7.446284532546997,528,8,0000000000000000,0,0,7.466389417648315,1,1,1,1,1,1779092782.457836
7.501281738281232,0,sine_low_wl5m,2.0,0.33291593731578883,2.8889057636260986,0.08647414296865463,0.21333660185337067,13.92906087402372,49.548968137462126,0.0,0.0,0.0,-0.43673976112347673,0.8995878951240999,0.17274750882987278,-0.21946064450204972,0.0,0.0,0.0,0.003696600056998757,0.0,0.0,0.0,0.0,0.0,-0.0874490830852695,0.19519723212311624,-0.0874490830852695,0.19519723212311624,0.9988216757774353,0.8243895769119263,0.08734603971242905,-0.16091856360435486,1.0,0.0,20.0,1.0,1.1402297019958496,0.05791971832513809,0.0013794051528562144,0.0,0.0,0.0,0.0,7.506633996963501,7.526493787765503,7.54643702507019,528,8,a6000000a5000000,166,165,7.466389417648315,1,1,1,1,1,1779092782.457836
7.551281738281232,0,sine_low_wl5m,2.0,0.3420704417357928,2.8889057636260986,0.08647414296865463,0.21333660185337067,13.92906087402372,49.548968137462126,0.0,0.0,0.0,-0.43673976112347673,0.8995878951240999,0.17274750882987278,-0.21946064450204972,0.0,0.0,0.0,0.003696600056998757,0.0,0.0,0.0,0.0,0.0,-0.08452008369084701,0.19987169411663241,-0.08452008369084701,0.19987169411663241,0.996026337146759,0.8238117694854736,0.08418422937393188,-0.1646566540002823,1.0,0.0,20.0,1.0,1.139167308807373,0.01884755678474903,0.002326405626783053,0.0,0.0,0.0,0.0,7.506633996963501,7.526493787765503,7.54643702507019,528,8,a6000000a5000000,166,165,7.5662453174591064,1,1,1,1,1,1779092782.5579493
7.601281738281232,0,sine_low_wl5m,2.0,0.34931700047980824,2.939946413040161,0.06597072631120682,0.1858500838279724,13.943139576196815,49.531178492590676,0.0,0.0,0.0,-0.43566537745542266,0.9001087039278223,0.2516556025392192,-0.3181404336697413,0.0,0.0,0.0,-0.03851113116852758,0.0,0.0,0.0,0.0,0.0,-0.08452008369084701,0.19987169411663241,-0.08452008369084701,0.19987169411663241,0.996026337146759,0.8238117694854736,0.08418422937393188,-0.1646566540002823,1.0,0.0,20.0,1.0,1.139167308807373,0.01884755678474903,0.002326405626783053,0.0,0.0,0.0,0.0,7.606513977050781,7.626676559448242,7.646227598190308,528,8,a8000000a2000000,168,162,7.5662453174591064,1,1,1,1,1,1779092782.5579493
7.651281738281232,0,sine_low_wl5m,2.0,0.34974666967922025,2.939946413040161,0.06597072631120682,0.1858500838279724,13.943139576196815,49.531178492590676,0.0,0.0,0.0,-0.43566537745542266,0.9001087039278223,0.2516556025392192,-0.3181404336697413,0.0,0.0,0.0,-0.03851113116852758,0.0,0.0,0.0,0.0,0.0,-0.08163287930022073,0.2037950322614542,-0.08163287930022073,0.2037950322614542,0.9933470487594604,0.8236192464828491,0.08108977973461151,-0.16784951090812683,1.0,0.0,20.0,1.0,1.1404626369476318,-0.014403043314814568,-0.0041150121352537435,0.0,0.0,0.0,0.0,7.606513977050781,7.626676559448242,7.646227598190308,528,8,a8000000a2000000,168,162,7.666413068771362,1,1,1,1,1,1779092782.658072
7.7012817382812315,0,sine_low_wl5m,2.0,0.3437783089545748,2.908149480819702,0.10380156338214874,0.17414218187332153,13.9822402998421,49.48152887918021,0.0,0.0,0.0,-0.43649546833269587,0.8997064555314809,0.42393492709718433,-0.5379709506944125,0.0,0.0,0.0,0.04741194009475963,0.0,0.0,0.0,0.0,0.0,-0.08163287930022073,0.2037950322614542,-0.08163287930022073,0.2037950322614542,0.9933470487594604,0.8236192464828491,0.08108977973461151,-0.16784951090812683,1.0,0.0,20.0,1.0,1.1404626369476318,-0.014403043314814568,-0.0041150121352537435,0.0,0.0,0.0,0.0,7.706484079360962,7.726455450057983,7.747953414916992,528,8,aa000000a0000000,170,160,7.666413068771362,1,1,1,1,1,1779092782.658072
7.751281738281231,0,sine_low_wl5m,2.0,0.3354471306312091,2.908149480819702,0.10380156338214874,0.17414218187332153,13.9822402998421,49.48152887918021,0.0,0.0,0.0,-0.43649546833269587,0.8997064555314809,0.42393492709718433,-0.5379709506944125,0.0,0.0,0.0,0.04741194009475963,0.0,0.0,0.0,0.0,0.0,-0.0806917761196352,0.20557912522247387,-0.0806917761196352,0.20557912522247387,0.9922628998756409,0.8229086399078369,0.0800674557685852,-0.16917283833026886,1.0,0.0,20.0,1.0,1.1401846408843994,-0.03368096798658371,0.004002740557141739,0.0,0.0,0.0,0.0,7.706484079360962,7.726455450057983,7.747953414916992,528,8,aa000000a0000000,170,160,7.766247510910034,1,1,1,1,1,1779092782.7578907
7.801281738281231,0,sine_low_wl5m,2.0,0.316630301722972,2.790883779525757,0.10014594346284866,0.17027895152568817,14.013927869821403,49.44149937926778,0.0,0.0,0.0,-0.4347932371944048,0.9005303109224086,0.508678589522824,-0.6405119723152903,0.0,0.0,0.0,0.0314349967543497,0.0,0.0,0.0,0.0,0.0,-0.0806917761196352,0.20557912522247387,-0.0806917761196352,0.20557912522247387,0.9922628998756409,0.8229086399078369,0.0800674557685852,-0.16917283833026886,1.0,0.0,20.0,1.0,1.1401846408843994,-0.03368096798658371,0.004002740557141739,0.0,0.0,0.0,0.0,7.806591033935547,7.826449871063232,7.846338748931885,528,8,ac0000009f000000,172,159,7.766247510910034,1,1,1,1,1,1779092782.7578907
7.851281738281231,0,sine_low_wl5m,2.0,0.30006027036104493,2.790883779525757,0.10014594346284866,0.17027895152568817,14.013927869821403,49.44149937926778,0.0,0.0,0.0,-0.4347932371944048,0.9005303109224086,0.508678589522824,-0.6405119723152903,0.0,0.0,0.0,0.0314349967543497,0.0,0.0,0.0,0.0,0.0,-0.07899949940954146,0.20814964528842655,-0.07899949940954146,0.20814964528842655,0.9908895492553711,0.8222131133079529,0.0782797783613205,-0.17114336788654327,1.0,0.0,20.0,1.0,1.140099048614502,-0.03974057361483574,-0.002478800600543897,0.0,0.0,0.0,0.0,7.806591033935547,7.826449871063232,7.846338748931885,528,8,ac0000009f000000,172,159,7.866332054138184,1,1,1,1,1,1779092782.8582954
7.901281738281231,0,sine_low_wl5m,2.0,0.2695961200228876,2.550715923309326,0.07847440242767334,0.14804691076278687,14.045424223826092,49.40187034679136,0.0,0.0,0.0,-0.4347431201858089,0.9005545066519335,0.5625201902517476,-0.7081457532444587,0.0,0.0,0.0,-0.022370044354589336,0.0,0.0,0.0,0.0,0.0,-0.07899949940954146,0.20814964528842655,-0.07899949940954146,0.20814964528842655,0.9908895492553711,0.8222131133079529,0.0782797783613205,-0.17114336788654327,1.0,0.0,20.0,1.0,1.140099048614502,-0.03974057361483574,-0.002478800600543897,0.0,0.0,0.0,0.0,7.906512022018433,7.926453113555908,7.948038101196289,528,8,ad0000009e000000,173,158,7.866332054138184,1,1,1,1,1,1779092782.8582954
7.951281738281231,0,sine_low_wl5m,2.0,0.2458349300857702,2.550715923309326,0.07847440242767334,0.14804691076278687,14.045424223826092,49.40187034679136,0.0,0.0,0.0,-0.4347431201858089,0.9005545066519335,0.5625201902517476,-0.7081457532444587,0.0,0.0,0.0,-0.022370044354589336,0.0,0.0,0.0,0.0,0.0,-0.07808146582436151,0.2096881641589997,-0.07808146582436151,0.2096881641589997,0.9898712038993835,0.8211345076560974,0.0772905945777893,-0.17218218743801117,1.0,0.0,20.0,1.0,1.1401309967041016,-0.03796115517616272,0.0009992868240507268,0.0,0.0,0.0,0.0,7.906512022018433,7.926453113555908,7.948038101196289,528,8,ad0000009e000000,173,158,7.9662559032440186,1,1,1,1,1,1779092782.9578755
8.00128173828123,0,sine_low_wl5m,2.0,0.2056429296289232,2.2497920989990234,0.11794386059045792,0.12184864282608032,14.061847233550095,49.38117527872812,0.0,0.0,0.0,-0.43508213047540895,0.9003907705774084,0.5743835930658945,-0.7241993090122936,0.0,0.0,0.0,-0.0229680757976257,0.0,0.0,0.0,0.0,0.0,-0.07808146582436151,0.2096881641589997,-0.07808146582436151,0.2096881641589997,0.9898712038993835,0.8211345076560974,0.0772905945777893,-0.17218218743801117,1.0,0.0,20.0,1.0,1.1401309967041016,-0.03796115517616272,0.0009992868240507268,0.0,0.0,0.0,0.0,8.006580352783203,8.026803731918335,8.046533823013306,528,8,ae0000009d000000,174,157,7.9662559032440186,1,1,1,1,1,1779092782.9578755
8.051281738281231,0,sine_low_wl5m,2.0,0.17611164599203488,2.2497920989990234,0.11794386059045792,0.12184864282608032,14.061847233550095,49.38117527872812,0.0,0.0,0.0,-0.43508213047540895,0.9003907705774084,0.5743835930658945,-0.7241993090122936,0.0,0.0,0.0,-0.0229680757976257,0.0,2.0,0.052742339223674786,2.0,0.052742339223674786,2.5325872120397737,0.22001731957689602,0.5325872120397737,0.16727498035322125,0.8595587015151978,0.7658196687698364,-0.17690737545490265,-0.115751251578331,1.0,0.0,20.0,1.0,1.1416597366333008,-0.0335516594350338,-5.539120041205025e-05,166.7295884038126,164.11218306280452,167.0,164.0,8.006580352783203,8.026803731918335,8.046533823013306,528,8,ae0000009d000000,174,157,8.066287755966187,1,1,1,1,1,1779092783.059645
8.101281738281232,0,sine_low_wl5m,2.0,0.12870747810813368,1.829793930053711,0.06497473269701004,0.16986790299415588,14.08417231714758,49.35300240762177,0.0,0.0,0.0,-0.43537513135856043,0.900249129405031,0.6193296079518474,-0.7819133215912353,0.0,0.0,0.0,-0.008187312735611216,0.0,2.0,0.052742339223674786,2.0,0.052742339223674786,2.5325872120397737,0.22001731957689602,0.5325872120397737,0.16727498035322125,0.8595587015151978,0.7658196687698364,-0.17690737545490265,-0.115751251578331,1.0,0.0,20.0,1.0,1.1416597366333008,-0.0335516594350338,-5.539120041205025e-05,166.7295884038126,164.11218306280452,167.0,164.0,8.106717824935913,8.126448631286621,8.146604299545288,528,8,ae0000009d000000,174,157,8.066287755966187,1,1,1,1,1,1779092783.059645
8.151281738281233,0,sine_low_wl5m,2.0,0.09514601965011954,1.829793930053711,0.06497473269701004,0.16986790299415588,14.08417231714758,49.35300240762177,0.0,0.0,0.0,-0.43537513135856043,0.900249129405031,0.6193296079518474,-0.7819133215912353,0.0,0.0,0.0,-0.008187312735611216,0.0,2.0,0.13711792976509443,2.0,0.13711792976509443,2.7462001513235266,0.3680476847910318,0.7462001513235266,0.23092975502593735,0.8277179598808289,0.8158755302429199,-0.27307918667793274,-0.1631631702184677,1.0,0.0,20.0,1.0,1.1424477100372314,0.05004379153251648,-0.036292718016576894,168.8232111420575,162.01856032455964,169.0,162.0,8.106717824935913,8.126448631286621,8.146604299545288,528,8,ae0000009d000000,174,157,8.166242122650146,1,1,1,1,1,1779092783.159084
8.201281738281233,0,sine_low_wl5m,2.0,0.043727377796034854,1.4557844400405884,0.08134233951568604,0.16236482560634613,14.110568771715158,49.31968445106972,0.0,0.0,0.0,-0.4351783852567128,0.9003442524975434,0.6361958672102983,-0.8024863583648326,0.0,0.0,0.0,0.027115130203025337,0.0,2.0,0.13711792976509443,2.0,0.13711792976509443,2.7462001513235266,0.3680476847910318,0.7462001513235266,0.23092975502593735,0.8277179598808289,0.8158755302429199,-0.27307918667793274,-0.1631631702184677,1.0,0.0,20.0,1.0,1.1424477100372314,0.05004379153251648,-0.036292718016576894,168.8232111420575,162.01856032455964,169.0,162.0,8.206628561019897,8.22646164894104,8.246247291564941,528,8,ae0000009d000000,174,157,8.166242122650146,1,1,1,1,1,1779092783.159084
8.251281738281234,0,sine_low_wl5m,2.0,0.00867624221115242,1.4557844400405884,0.08134233951568604,0.16236482560634613,14.110568771715158,49.31968445106972,0.0,0.0,0.0,-0.4351783852567128,0.9003442524975434,0.6361958672102983,-0.8024863583648326,0.0,0.0,0.0,0.027115130203025337,0.0,2.0,0.21290069596020972,2.0,0.21290069596020972,2.7874362941107202,0.4789299754603224,0.7874362941107202,0.2660292795001127,0.8230434656143188,0.8475562334060669,-0.294181227684021,-0.19301939010620117,1.0,0.0,20.0,1.0,1.1407134532928467,0.13785341382026672,0.04772229834798512,170.70361898815494,160.13815247846222,171.0,160.0,8.206628561019897,8.22646164894104,8.246247291564941,528,8,ae0000009d000000,174,157,8.266275882720947,1,1,1,1,1,1779092783.2591238
8.301281738281235,0,sine_low_wl5m,2.0,-0.04400263668990007,1.0701243877410889,0.09811078757047653,0.15912607312202454,14.12727594032971,49.298634946921815,0.0,0.0,0.0,-0.4347625264706791,0.9005451380007734,0.6286649247733388,-0.7914841137382144,0.0,0.0,0.0,0.04290960773919555,0.0,2.0,0.21290069596020972,2.0,0.21290069596020972,2.7874362941107202,0.4789299754603224,0.7874362941107202,0.2660292795001127,0.8230434656143188,0.8475562334060669,-0.294181227684021,-0.19301939010620117,1.0,0.0,20.0,1.0,1.1407134532928467,0.13785341382026672,0.04772229834798512,170.70361898815494,160.13815247846222,171.0,160.0,8.306530952453613,8.326479434967041,8.346513748168945,528,8,ad0000009e000000,173,158,8.266275882720947,1,1,1,1,1,1779092783.2591238
8.351281738281235,0,sine_low_wl5m,2.0,-0.07865809042725096,1.0701243877410889,0.09811078757047653,0.15912607312202454,14.12727594032971,49.298634946921815,0.0,0.0,0.0,-0.4347625264706791,0.9005451380007734,0.6286649247733388,-0.7914841137382144,0.0,0.0,0.0,0.04290960773919555,0.0,2.0,0.2752704156146076,2.0,0.2752704156146076,2.806268016474552,0.5495503957083736,0.8062680164745522,0.27427998009376603,0.8272300362586975,0.8832471370697021,-0.32142919301986694,-0.2101183980703354,1.0,0.0,20.0,1.0,1.1407427787780762,0.4088761806488037,-0.010464396421817896,172.25120712838023,158.59056433823693,172.0,159.0,8.306530952453613,8.326479434967041,8.346513748168945,528,8,ad0000009e000000,173,158,8.366278171539307,1,1,1,1,1,1779092783.3590283
8.401281738281236,0,sine_low_wl5m,2.0,-0.12897627707411827,0.7538143992424011,0.08839716017246246,0.16966314613819122,14.138183332548271,49.28492019418424,0.0,0.0,0.0,-0.43446745554171945,0.9006875318750138,0.6374621503861536,-0.8014808442141177,0.0,0.0,0.0,0.034331553083704586,0.0,2.0,0.2752704156146076,2.0,0.2752704156146076,2.806268016474552,0.5495503957083736,0.8062680164745522,0.27427998009376603,0.8272300362586975,0.8832471370697021,-0.32142919301986694,-0.2101183980703354,1.0,0.0,20.0,1.0,1.1407427787780762,0.4088761806488037,-0.010464396421817896,172.25120712838023,158.59056433823693,172.0,159.0,8.406798362731934,8.426426887512207,8.446259498596191,528,8,ac0000009f000000,172,159,8.366278171539307,1,1,1,1,1,1779092783.3590283
8.451281738281237,0,sine_low_wl5m,2.0,-0.16096496670376875,0.7538143992424011,0.08839716017246246,0.16966314613819122,14.138183332548271,49.28492019418424,0.0,0.0,0.0,-0.43446745554171945,0.9006875318750138,0.6374621503861536,-0.8014808442141177,0.0,0.0,0.0,0.034331553083704586,0.0,2.0,0.320396675039171,2.0,0.320396675039171,2.77003004527217,0.5956223110608492,0.7700300452721698,0.27522563602167815,0.8389409184455872,0.8992366790771484,-0.3238915503025055,-0.2152087539434433,1.0,0.0,20.0,1.0,1.1410996913909912,0.639388382434845,0.0314349967543497,173.3709309989566,157.47084046766057,173.0,157.0,8.406798362731934,8.426426887512207,8.446259498596191,528,8,ac0000009f000000,172,159,8.46635365486145,1,1,1,1,1,1779092783.459211
8.501281738281238,0,sine_low_wl5m,2.0,-0.20584430932510098,0.5058742165565491,0.0897739976644516,0.16465479135513306,14.15422451372002,49.264779081651334,0.0,0.0,0.0,-0.43401126308716886,0.9009074444766678,0.654852149377625,-0.8216356742128448,0.0,0.0,0.0,0.03680248631681024,0.0,2.0,0.320396675039171,2.0,0.320396675039171,2.77003004527217,0.5956223110608492,0.7700300452721698,0.27522563602167815,0.8389409184455872,0.8992366790771484,-0.3238915503025055,-0.2152087539434433,1.0,0.0,20.0,1.0,1.1410996913909912,0.639388382434845,0.0314349967543497,173.3709309989566,157.47084046766057,173.0,157.0,8.506839990615845,8.52656102180481,8.546583414077759,528,8,aa000000a1000000,170,161,8.46635365486145,1,1,1,1,1,1779092783.459211
8.551281738281238,0,sine_low_wl5m,2.0,-0.23323019391797814,0.5058742165565491,0.0897739976644516,0.16465479135513306,14.15422451372002,49.264779081651334,0.0,0.0,0.0,-0.43401126308716886,0.9009074444766678,0.654852149377625,-0.8216356742128448,0.0,0.0,0.0,0.03680248631681024,0.0,2.0,0.3453625487510513,2.0,0.3453625487510513,2.724669422338102,0.6012467928696381,0.7246694223381018,0.2558842441185868,0.8543053269386292,0.9234914183616638,-0.32769960165023804,-0.2098837047815323,1.0,0.0,20.0,1.0,1.1412670612335205,0.8021792769432068,-0.0229680757976257,173.99041254033537,156.8513589262818,174.0,157.0,8.506839990615845,8.52656102180481,8.546583414077759,528,8,aa000000a1000000,170,161,8.56640338897705,1,1,1,1,1,1779092783.5591583
8.601281738281239,0,sine_low_wl5m,2.0,-0.26977850716773655,0.3267780542373657,0.0934738963842392,0.16919879615306854,14.20961738085317,49.19541912410171,0.0,0.0,0.0,-0.4333322040073269,0.9012342653107196,0.6934619999402925,-0.8673934874509335,0.0,0.0,0.0,0.017687503517534748,0.0,2.0,0.3453625487510513,2.0,0.3453625487510513,2.724669422338102,0.6012467928696381,0.7246694223381018,0.2558842441185868,0.8543053269386292,0.9234914183616638,-0.32769960165023804,-0.2098837047815323,1.0,0.0,20.0,1.0,1.1412670612335205,0.8021792769432068,-0.0229680757976257,173.99041254033537,156.8513589262818,174.0,157.0,8.606914758682251,8.626535654067993,8.646348714828491,528,8,a8000000a3000000,168,163,8.56640338897705,1,1,1,1,1,1779092783.5591583
8.65128173828124,0,sine_low_wl5m,2.0,-0.29078348491555245,0.3267780542373657,0.0934738963842392,0.16919879615306854,14.20961738085317,49.19541912410171,0.0,0.0,0.0,-0.4333322040073269,0.9012342653107196,0.6934619999402925,-0.8673934874509335,0.0,0.0,0.0,0.017687503517534748,0.0,2.0,0.34863383219851074,2.0,0.34863383219851074,2.694910846866521,0.6005097071910783,0.694910846866521,0.2518758749925676,0.8611716032028198,0.9237721562385559,-0.3207806944847107,-0.20610031485557556,1.0,0.0,20.0,1.0,1.1417324542999268,0.9206068515777588,0.03688708577709027,174.07158333113986,156.77018813547727,174.0,157.0,8.606914758682251,8.626535654067993,8.646348714828491,528,8,a8000000a3000000,168,163,8.666351079940796,1,1,1,1,1,1779092783.6591969
8.70128173828124,0,sine_low_wl5m,2.0,-0.3167404562387837,0.207806795835495,0.0982961505651474,0.1658264547586441,14.278631628035479,49.10923427401573,0.0,0.0,0.0,-0.43276953196550294,0.901504593555884,0.7236570237683947,-0.9028485289745942,0.0,0.0,0.0,0.014591296226686161,0.0,2.0,0.34863383219851074,2.0,0.34863383219851074,2.694910846866521,0.6005097071910783,0.694910846866521,0.2518758749925676,0.8611716032028198,0.9237721562385559,-0.3207806944847107,-0.20610031485557556,1.0,0.0,20.0,1.0,1.1417324542999268,0.9206068515777588,0.03688708577709027,174.07158333113986,156.77018813547727,174.0,157.0,8.70647644996643,8.726417779922485,8.746248006820679,528,8,a6000000a5000000,166,165,8.666351079940796,1,1,1,1,1,1779092783.6591969
8.751281738281241,0,sine_low_wl5m,2.0,-0.3300864071768744,0.207806795835495,0.0982961505651474,0.1658264547586441,14.278631628035479,49.10923427401573,0.0,0.0,0.0,-0.43276953196550294,0.901504593555884,0.7236570237683947,-0.9028485289745942,0.0,0.0,0.0,0.014591296226686161,0.0,2.0,0.3300010790384126,2.0,0.3300010790384126,2.6162928312720437,0.5708002863379427,0.6162928312720437,0.24079920729953008,0.8743100166320801,0.9082645177841187,-0.28745102882385254,-0.1884365677833557,1.0,0.0,20.0,1.0,1.1411263942718506,1.0041216611862183,0.003976270261833907,173.6092463514308,157.2325251151863,174.0,157.0,8.70647644996643,8.726417779922485,8.746248006820679,528,8,a6000000a5000000,166,165,8.766470909118652,1,1,1,1,1,1779092783.7590828
8.801281738281242,0,sine_low_wl5m,2.0,-0.3438250705689133,0.11931436508893967,0.09763652086257935,0.16367757320404053,14.353223723773727,49.01635383537332,0.0,0.0,0.0,-0.43216557666271704,0.9017942749584194,0.7540271624546188,-0.9381607179030341,0.0,0.0,0.0,0.0156570418576295,0.0,2.0,0.3300010790384126,2.0,0.3300010790384126,2.6162928312720437,0.5708002863379427,0.6162928312720437,0.24079920729953008,0.8743100166320801,0.9082645177841187,-0.28745102882385254,-0.1884365677833557,1.0,0.0,20.0,1.0,1.1411263942718506,1.0041216611862183,0.003976270261833907,173.6092463514308,157.2325251151863,174.0,157.0,8.806560039520264,8.826579570770264,8.846310377120972,528,8,a3000000a7000000,163,167,8.766470909118652,1,1,1,1,1,1779092783.7590828
8.851281738281243,0,sine_low_wl5m,2.0,-0.34865767798376646,0.11931436508893967,0.09763652086257935,0.16367757320404053,14.353223723773727,49.01635383537332,0.0,0.0,0.0,-0.43216557666271704,0.9017942749584194,0.7540271624546188,-0.9381607179030341,0.0,0.0,0.0,0.0156570418576295,0.0,2.0,0.29062734826054537,2.0,0.29062734826054537,2.550137526423525,0.5134767089661835,0.5501375264235251,0.2228493607056381,0.8837995529174805,0.8879846334457397,-0.25381040573120117,-0.16533207893371582,1.0,0.0,20.0,1.0,1.1414406299591064,1.0768893957138062,0.0071116936422105925,172.6322607384459,158.20951072817127,173.0,158.0,8.806560039520264,8.826579570770264,8.846310377120972,528,8,a3000000a7000000,163,167,8.866353034973145,1,1,1,1,1,1779092783.8592188
8.901281738281243,0,sine_low_wl5m,2.0,-0.3493003423258487,0.05791971832513809,0.10025352984666824,0.16311617195606232,14.464988336306451,48.877654833363465,0.0,0.0,0.0,-0.43119800837480216,0.9022573233693391,0.7811001190979071,-0.9675864843311244,0.0,0.0,0.0,0.01601827382816099,0.0,2.0,0.29062734826054537,2.0,0.29062734826054537,2.550137526423525,0.5134767089661835,0.5501375264235251,0.2228493607056381,0.8837995529174805,0.8879846334457397,-0.25381040573120117,-0.16533207893371582,1.0,0.0,20.0,1.0,1.1414406299591064,1.0768893957138062,0.0071116936422105925,172.6322607384459,158.20951072817127,173.0,158.0,8.90669846534729,8.926681995391846,8.94675874710083,528,8,a1000000a9000000,161,169,8.866353034973145,1,1,1,1,1,1779092783.8592188
8.951281738281244,0,sine_low_wl5m,2.0,-0.34529942824248405,0.05791971832513809,0.10025352984666824,0.16311617195606232,14.464988336306451,48.877654833363465,0.0,0.0,0.0,-0.43119800837480216,0.9022573233693391,0.7811001190979071,-0.9675864843311244,0.0,0.0,0.0,0.01601827382816099,0.0,2.0,0.23299443354526683,2.0,0.23299443354526683,2.5044319169111238,0.42602761173572745,0.5044319169111238,0.19303317819046062,0.8887001276016235,0.8679980039596558,-0.22568896412849426,-0.13679668307304382,1.0,0.0,20.0,1.0,1.1412711143493652,1.131623387336731,0.010246427767833554,171.20220756850685,159.63956389811028,171.0,160.0,8.90669846534729,8.926681995391846,8.94675874710083,528,8,a1000000a9000000,161,169,8.96638560295105,1,1,1,1,1,1779092783.959049
9.001281738281245,0,sine_low_wl5m,2.0,-0.33283370264205314,0.01884755678474903,0.09235285967588425,0.16296464204788208,14.532754212478796,48.7937873458646,0.0,0.0,0.0,-0.43087917227671335,0.9024096292139919,0.790145033089185,-0.9773768575125855,0.0,0.0,0.0,0.014325427683906985,0.0,2.0,0.23299443354526683,2.0,0.23299443354526683,2.5044319169111238,0.42602761173572745,0.5044319169111238,0.19303317819046062,0.8887001276016235,0.8679980039596558,-0.22568896412849426,-0.13679668307304382,1.0,0.0,20.0,1.0,1.1412711143493652,1.131623387336731,0.010246427767833554,171.20220756850685,159.63956389811028,171.0,160.0,9.006479024887085,9.026514291763306,9.046218633651733,528,8,a0000000ab000000,160,171,8.96638560295105,1,1,1,1,1,1779092783.959049
9.051281738281245,0,sine_low_wl5m,2.0,-0.32028684389071665,0.01884755678474903,0.09235285967588425,0.16296464204788208,14.532754212478796,48.7937873458646,0.0,0.0,0.0,-0.43087917227671335,0.9024096292139919,0.790145033089185,-0.9773768575125855,0.0,0.0,0.0,0.014325427683906985,0.0,2.0,0.16073120441213723,2.0,0.16073120441213723,2.4048917782856285,0.3232829557634826,0.4048917782856285,0.16255175135134536,0.9001744985580444,0.8193931579589844,-0.16482225060462952,-0.10416463762521744,1.0,0.0,20.0,1.0,1.14127779006958,1.1598719358444214,0.023914322982529837,169.40913046313415,161.43264100348298,169.0,161.0,9.006479024887085,9.026514291763306,9.046218633651733,528,8,a0000000ab000000,160,171,9.066284656524658,1,1,1,1,1,1779092784.0591369
9.101281738281246,0,sine_low_wl5m,2.0,-0.2954467847703457,-0.014403043314814568,0.09306719899177551,0.16301816701889038,14.615825109635033,48.69111481900073,0.0,0.0,0.0,-0.4306808958726001,0.9025042747435463,0.7989402974929275,-0.9873684990238075,0.0,0.0,0.0,0.011759135226180838,0.0,2.0,0.16073120441213723,2.0,0.16073120441213723,2.4048917782856285,0.3232829557634826,0.4048917782856285,0.16255175135134536,0.9001744985580444,0.8193931579589844,-0.16482225060462952,-0.10416463762521744,1.0,0.0,20.0,1.0,1.14127779006958,1.1598719358444214,0.023914322982529837,169.40913046313415,161.43264100348298,169.0,161.0,9.106498718261719,9.126434564590454,9.146327495574951,528,8,9e000000ad000000,158,173,9.066284656524658,1,1,1,1,1,1779092784.0591369
9.151281738281247,0,sine_low_wl5m,2.0,-0.2751236194827273,-0.014403043314814568,0.09306719899177551,0.16301816701889038,14.615825109635033,48.69111481900073,0.0,0.0,0.0,-0.4306808958726001,0.9025042747435463,0.7989402974929275,-0.9873684990238075,0.0,0.0,0.0,0.011759135226180838,0.0,2.0,0.07836431459613195,2.0,0.07836431459613195,2.2160809508260275,0.12088574815462874,0.21608095082602752,0.04252143355849679,0.9406142830848694,0.7502292394638062,-0.08447739481925964,-0.012327708303928375,1.0,0.0,20.0,1.0,1.1395597457885742,1.19159996509552,0.014194330580734946,167.36534988286493,163.47642158375223,167.0,163.0,9.106498718261719,9.126434564590454,9.146327495574951,528,8,9e000000ad000000,158,173,9.166313171386719,1,1,1,1,1,1779092784.1590357
9.201281738281248,0,sine_low_wl5m,2.0,-0.23951322855269933,-0.03368096798658371,0.09165019541978836,0.16261053085327148,14.756491635709533,48.51776964570146,0.0,0.0,0.0,-0.4296885081603687,0.9029771790886616,0.8136920705525911,-1.0010903338719521,0.0,0.0,0.0,0.007546873511812129,0.0,2.0,0.07836431459613195,2.0,0.07836431459613195,2.2160809508260275,0.12088574815462874,0.21608095082602752,0.04252143355849679,0.9406142830848694,0.7502292394638062,-0.08447739481925964,-0.012327708303928375,1.0,0.0,20.0,1.0,1.1395597457885742,1.19159996509552,0.014194330580734946,167.36534988286493,163.47642158375223,167.0,163.0,9.206454515457153,9.226378202438354,9.24624514579773,528,8,9d000000ae000000,157,174,9.166313171386719,1,1,1,1,1,1779092784.1590357
9.251281738281248,0,sine_low_wl5m,2.0,-0.21268493590399873,-0.03368096798658371,0.09165019541978836,0.16261053085327148,14.756491635709533,48.51776964570146,0.0,0.0,0.0,-0.4296885081603687,0.9029771790886616,0.8136920705525911,-1.0010903338719521,0.0,0.0,0.0,0.007546873511812129,0.0,2.0,-0.008933789611869207,2.0,-0.008933789611869207,2.1704002154147264,-0.04343372489633741,0.17040021541472639,-0.0344999352844682,0.9488222599029541,0.7214300036430359,-0.05932403728365898,0.02240060269832611,1.0,0.0,20.0,1.0,1.139937162399292,1.2081915140151978,0.004164901544186239,165.199210424726,165.64256104189116,165.0,166.0,9.206454515457153,9.226378202438354,9.24624514579773,528,8,9d000000ae000000,157,174,9.266225814819336,1,1,1,1,1,1779092784.2591271
9.301281738281249,0,sine_low_wl5m,2.0,-0.16849960982750262,-0.03974057361483574,0.0914955735206604,0.16335920989513397,14.822907095446801,48.43606324412092,0.0,0.0,0.0,-0.4297635507468776,0.9029414656828182,0.8177190945714001,-1.0063865242145387,0.0,0.0,0.0,-0.0061204704915908854,0.0,2.0,-0.008933789611869207,2.0,-0.008933789611869207,2.1704002154147264,-0.04343372489633741,0.17040021541472639,-0.0344999352844682,0.9488222599029541,0.7214300036430359,-0.05932403728365898,0.02240060269832611,1.0,0.0,20.0,1.0,1.139937162399292,1.2081915140151978,0.004164901544186239,165.199210424726,165.64256104189116,165.0,166.0,9.306540489196777,9.326504230499268,9.34822940826416,528,8,9d000000ae000000,157,174,9.266225814819336,1,1,1,1,1,1779092784.2591271
9.35128173828125,0,sine_low_wl5m,2.0,-0.13684549860253775,-0.03974057361483574,0.0914955735206604,0.16335920989513397,14.822907095446801,48.43606324412092,0.0,0.0,0.0,-0.4297635507468776,0.9029414656828182,0.8177190945714001,-1.0063865242145387,0.0,0.0,0.0,-0.0061204704915908854,0.0,2.0,-0.09567192959312454,2.0,-0.09567192959312454,2.104837162066738,-0.20355863799838858,0.1048371620667381,-0.10788670840526404,0.9656448364257812,0.678131103515625,-0.032525137066841125,0.042367514222860336,1.0,0.0,20.0,1.0,1.140228271484375,1.22848379611969,0.01986609580236105,163.04696543334217,167.794806033275,163.0,168.0,9.306540489196777,9.326504230499268,9.34822940826416,528,8,9d000000ae000000,157,174,9.366340398788452,1,1,1,1,1,1779092784.3591223
9.40128173828125,0,sine_low_wl5m,2.0,-0.08691131805262516,-0.03796115517616272,0.0835544541478157,0.16262230277061462,14.923803817612814,48.31207330066561,0.0,0.0,0.0,-0.42907424859524207,0.9032692229852783,0.8318583197156298,-1.02060073888343,0.0,0.0,0.0,0.010349459481292074,0.0,2.0,-0.09567192959312454,2.0,-0.09567192959312454,2.104837162066738,-0.20355863799838858,0.1048371620667381,-0.10788670840526404,0.9656448364257812,0.678131103515625,-0.032525137066841125,0.042367514222860336,1.0,0.0,20.0,1.0,1.140228271484375,1.22848379611969,0.01986609580236105,163.04696543334217,167.794806033275,163.0,168.0,9.40653944015503,9.426550149917603,9.446501970291138,528,8,9d000000ae000000,157,174,9.366340398788452,1,1,1,1,1,1779092784.3591223
9.451281738281251,0,sine_low_wl5m,2.0,-0.0524525218762855,-0.03796115517616272,0.0835544541478157,0.16262230277061462,14.923803817612814,48.31207330066561,0.0,0.0,0.0,-0.42907424859524207,0.9032692229852783,0.8318583197156298,-1.02060073888343,0.0,0.0,0.0,0.010349459481292074,0.0,2.0,-0.17639174156710774,2.0,-0.17639174156710774,2.039050090872992,-0.3920606043383235,0.03905009087299183,-0.21566886277121577,0.9834737777709961,0.6331270337104797,-0.005352295935153961,0.07183242589235306,1.0,0.0,20.0,1.0,1.1400434970855713,1.2427046298980713,0.022120197936667665,161.0440540143978,169.79771745221936,161.0,170.0,9.40653944015503,9.426550149917603,9.446501970291138,528,8,9d000000ae000000,157,174,9.466347455978394,1,1,1,1,1,1779092784.4590752
9.501281738281252,0,stop_after_sine_low,0.0,0.0,-0.0335516594350338,0.08378762006759644,0.163188174366951,14.962288712366671,48.264896442979094,0.0,0.0,0.0,-0.42876750287042936,0.9034148706337838,0.8325512537826337,-1.0200355592402057,0.0,0.0,0.0,0.001507444808799694,0.0,2.0,-0.17639174156710774,2.0,-0.17639174156710774,2.039050090872992,-0.3920606043383235,0.03905009087299183,-0.21566886277121577,0.9834737777709961,0.6331270337104797,-0.005352295935153961,0.07183242589235306,1.0,0.0,20.0,1.0,1.1400434970855713,1.2427046298980713,0.022120197936667665,161.0440540143978,169.79771745221936,161.0,170.0,9.50727367401123,9.527369022369385,9.547307014465332,528,8,9d000000ad000000,157,173,9.466347455978394,1,1,1,1,1,1779092784.4590752
9.551281738281252,0,stop_after_sine_low,0.0,0.0,-0.0335516594350338,0.08378762006759644,0.163188174366951,14.962288712366671,48.264896442979094,0.0,0.0,0.0,-0.42876750287042936,0.9034148706337838,0.8325512537826337,-1.0200355592402057,0.0,0.0,0.0,0.001507444808799694,0.0,2.0,-0.24602501011188654,2.0,-0.24602501011188654,2.002070869745032,-0.5656324579161772,0.0020708697450317892,-0.3196074478042907,0.9937872886657715,0.6023703217506409,0.010367418639361858,0.09469519555568695,1.0,0.0,20.0,1.0,1.139735460281372,1.246888279914856,-0.0148202731371556,159.31623447052039,171.52553699609672,159.0,172.0,9.50727367401123,9.527369022369385,9.547307014465332,528,8,9d000000ad000000,157,173,9.567301273345947,1,1,1,1,1,1779092784.5594676
9.601281738281253,0,stop_after_sine_low,0.0,0.0,0.05004379153251648,0.0834595337510109,0.16145294904708862,15.052330649005146,48.15453079419629,0.0,0.0,0.0,-0.4287559324086405,0.9034203619713236,0.8367823178570095,-1.0251658202510017,0.0,0.0,0.0,0.009077521543235462,0.0,2.0,-0.24602501011188654,2.0,-0.24602501011188654,2.002070869745032,-0.5656324579161772,0.0020708697450317892,-0.3196074478042907,0.9937872886657715,0.6023703217506409,0.010367418639361858,0.09469519555568695,1.0,0.0,20.0,1.0,1.139735460281372,1.246888279914856,-0.0148202731371556,159.31623447052039,171.52553699609672,159.0,172.0,9.6074538230896,9.627410650253296,9.64722228050232,528,8,9f000000ac000000,159,172,9.567301273345947,1,1,1,1,1,1779092784.5594676
9.651281738281254,0,stop_after_sine_low,0.0,0.0,0.05004379153251648,0.0834595337510109,0.16145294904708862,15.052330649005146,48.15453079419629,0.0,0.0,0.0,-0.4287559324086405,0.9034203619713236,0.8367823178570095,-1.0251658202510017,0.0,0.0,0.0,0.009077521543235462,0.0,2.0,-0.3002180382477427,2.0,-0.3002180382477427,1.9748068823974767,-0.7457631025907863,-0.025193117602523296,-0.4455450643430436,1.0045599937438965,0.5613569021224976,0.016188010573387146,0.11842122673988342,1.0,0.0,20.0,1.0,1.1398794651031494,1.2576524019241333,0.027362556608245762,157.97153566329987,172.87023580331726,158.0,173.0,9.6074538230896,9.627410650253296,9.64722228050232,528,8,9f000000ac000000,159,172,9.667237281799316,1,1,1,1,1,1779092784.6591554
9.701281738281255,0,stop_after_sine_low,0.0,0.0,0.13785341382026672,0.10729748010635376,0.16997376084327698,15.14246393963131,48.04429177809288,0.0,0.0,0.0,-0.42813575310078167,0.9037144332790235,0.8381888099727088,-1.024016174347648,0.0,0.0,0.0,0.021264053167170404,0.0,2.0,-0.3002180382477427,2.0,-0.3002180382477427,1.9748068823974767,-0.7457631025907863,-0.025193117602523296,-0.4455450643430436,1.0045599937438965,0.5613569021224976,0.016188010573387146,0.11842122673988342,1.0,0.0,20.0,1.0,1.1398794651031494,1.2576524019241333,0.027362556608245762,157.97153566329987,172.87023580331726,158.0,173.0,9.707549571990967,9.727393865585327,9.747312068939209,528,8,a0000000ab000000,160,171,9.667237281799316,1,1,1,1,1,1779092784.6591554
9.751281738281255,0,stop_after_sine_low,0.0,0.0,0.13785341382026672,0.10729748010635376,0.16997376084327698,15.14246393963131,48.04429177809288,0.0,0.0,0.0,-0.42813575310078167,0.9037144332790235,0.8381888099727088,-1.024016174347648,0.0,0.0,0.0,0.021264053167170404,0.0,2.0,-0.3355269659436561,2.0,-0.3355269659436561,1.9626333775926057,-0.8729731224482216,-0.0373666224073943,-0.5374461565045654,1.0124157667160034,0.5395544171333313,0.012999024242162704,0.1354895383119583,1.0,0.0,20.0,1.0,1.1405956745147705,1.2761245965957642,-0.006615565495314748,157.0954105492372,173.74636091737997,157.0,174.0,9.707549571990967,9.727393865585327,9.747312068939209,528,8,a0000000ab000000,160,171,9.767261266708374,1,1,1,1,1,1779092784.7601166
9.801281738281256,0,stop_after_sine_low,0.0,0.0,0.4088761806488037,0.07069724798202515,0.1614624410867691,15.423932976807668,47.70157575193115,0.0,0.0,0.0,-0.4265749310377391,0.9044522254990299,0.8586385432961429,-1.0416408987814354,0.0,0.0,0.0,0.01484176541276595,0.0,2.0,-0.3355269659436561,2.0,-0.3355269659436561,1.9626333775926057,-0.8729731224482216,-0.0373666224073943,-0.5374461565045654,1.0124157667160034,0.5395544171333313,0.012999024242162704,0.1354895383119583,1.0,0.0,20.0,1.0,1.1405956745147705,1.2761245965957642,-0.006615565495314748,157.0954105492372,173.74636091737997,157.0,174.0,9.80745267868042,9.827598810195923,9.847362041473389,528,8,a2000000a9000000,162,169,9.767261266708374,1,1,1,1,1,1779092784.7601166
9.851281738281257,0,stop_after_sine_low,0.0,0.0,0.4088761806488037,0.07069724798202515,0.1614624410867691,15.423932976807668,47.70157575193115,0.0,0.0,0.0,-0.4265749310377391,0.9044522254990299,0.8586385432961429,-1.0416408987814354,0.0,0.0,0.0,0.01484176541276595,0.0,2.0,-0.34975704261996726,2.0,-0.34975704261996726,1.9558018734494256,-0.9223919790694343,-0.044198126550574424,-0.572634936449467,1.015738606452942,0.5314426422119141,0.013416530564427376,0.1404413878917694,1.0,0.0,20.0,1.0,1.1401124000549316,1.2766392230987549,0.013624265464995677,156.74231776605993,174.0994537005572,157.0,174.0,9.80745267868042,9.827598810195923,9.847362041473389,528,8,a2000000a9000000,162,169,9.867236137390137,1,1,1,1,1,1779092784.859187
9.901281738281257,0,stop_after_sine_low,0.0,0.0,0.639388382434845,0.0760442242026329,0.17515546083450317,15.679358661835723,47.392994931577896,0.0,0.0,0.0,-0.4246501299853359,0.9053575355092801,0.8503074446610851,-1.0226391205692293,0.0,0.0,0.0,0.014552381473405904,0.0,2.0,-0.34975704261996726,2.0,-0.34975704261996726,1.9558018734494256,-0.9223919790694343,-0.044198126550574424,-0.572634936449467,1.015738606452942,0.5314426422119141,0.013416530564427376,0.1404413878917694,1.0,0.0,20.0,1.0,1.1401124000549316,1.2766392230987549,0.013624265464995677,156.74231776605993,174.0994537005572,157.0,174.0,9.907487869262695,9.927387952804565,9.947283267974854,528,8,a4000000a7000000,164,167,9.867236137390137,1,1,1,1,1,1779092784.859187
9.951281738281258,0,stop_after_sine_low,0.0,0.0,0.639388382434845,0.0760442242026329,0.17515546083450317,15.679358661835723,47.392994931577896,0.0,0.0,0.0,-0.4246501299853359,0.9053575355092801,0.8503074446610851,-1.0226391205692293,0.0,0.0,0.0,0.014552381473405904,0.0,2.0,-0.3420090340391977,2.0,-0.3420090340391977,1.9515325184250845,-0.9103865058260792,-0.04846748157491554,-0.5683774717868815,1.018660545349121,0.5294876098632812,0.012050820514559746,0.14002934098243713,1.0,0.0,20.0,1.0,1.139922857284546,1.2847403287887573,0.021264053167170404,156.93457013237497,173.90720133424216,157.0,174.0,9.907487869262695,9.927387952804565,9.947283267974854,528,8,a4000000a7000000,164,167,9.967232942581177,1,1,1,1,1,1779092784.9592147
10.001281738281259,0,stop_after_sine_low,0.0,0.0,0.8021792769432068,0.05475998297333717,0.17956088483333588,15.827588913703927,47.21513356147709,0.0,0.0,0.0,-0.42365007694125734,0.905825928259766,0.7886216886622359,-0.9442017270632215,0.0,0.0,0.0,-0.002938214041883046,0.0,2.0,-0.3420090340391977,2.0,-0.3420090340391977,1.9515325184250845,-0.9103865058260792,-0.04846748157491554,-0.5683774717868815,1.018660545349121,0.5294876098632812,0.012050820514559746,0.14002934098243713,1.0,0.0,20.0,1.0,1.139922857284546,1.2847403287887573,0.021264053167170404,156.93457013237497,173.90720133424216,157.0,174.0,10.007461309432983,10.027433395385742,10.047317743301392,528,8,0000000000000000,0,0,9.967232942581177,1,1,1,1,1,1779092784.9592147
10.05128173828126,0,stop_after_sine_low,0.0,0.0,0.8021792769432068,0.05475998297333717,0.17956088483333588,15.827588913703927,47.21513356147709,0.0,0.0,0.0,-0.42365007694125734,0.905825928259766,0.7886216886622359,-0.9442017270632215,0.0,0.0,0.0,-0.002938214041883046,0.0,2.0,-0.31278095567925274,2.0,-0.31278095567925274,1.9586750809496631,-0.8195567154960332,-0.04132491905033686,-0.5067757598167804,1.0163573026657104,0.5393872261047363,0.009286277927458286,0.12927746772766113,1.0,0.0,20.0,1.0,1.1404685974121094,1.2879558801651,0.04232273527503139,157.65981032396266,173.1819611426545,158.0,173.0,10.007461309432983,10.027433395385742,10.047317743301392,528,8,0000000000000000,0,0,10.067200899124146,1,1,1,1,1,1779092785.0594103
10.10128173828126,0,stop_after_sine_low,0.0,0.0,0.9206068515777588,0.05894061550498009,0.17417903244495392,15.853012447497626,47.184701159728974,0.0,0.0,0.0,-0.42353238054007436,0.9058809649363748,0.7504897054404291,-0.8980725989432813,0.0,0.0,0.0,0.01200415242592579,0.0,2.0,-0.31278095567925274,2.0,-0.31278095567925274,1.9586750809496631,-0.8195567154960332,-0.04132491905033686,-0.5067757598167804,1.0163573026657104,0.5393872261047363,0.009286277927458286,0.12927746772766113,1.0,0.0,20.0,1.0,1.1404685974121094,1.2879558801651,0.04232273527503139,157.65981032396266,173.1819611426545,158.0,173.0,10.107677698135376,10.127395868301392,10.147217273712158,528,8,0000000000000000,0,0,10.067200899124146,1,1,1,1,1,1779092785.0594103
10.151281738281261,0,stop_after_sine_low,0.0,0.0,0.9206068515777588,0.05894061550498009,0.17417903244495392,15.853012447497626,47.184701159728974,0.0,0.0,0.0,-0.42353238054007436,0.9058809649363748,0.7504897054404291,-0.8980725989432813,0.0,0.0,0.0,0.01200415242592579,0.0,2.0,-0.2638970975254313,2.0,-0.2638970975254313,1.9820815385446025,-0.672439674434489,-0.01791846145539755,-0.40854257690905776,1.0094692707061768,0.5676374435424805,-0.0008504051947966218,0.11780484020709991,1.0,0.0,20.0,1.0,1.139984130859375,1.2854666709899902,-0.010984498315720783,158.87277199104264,171.96899947557446,159.0,172.0,10.107677698135376,10.127395868301392,10.147217273712158,528,8,0000000000000000,0,0,10.167198896408081,1,1,1,1,1,1779092785.1590614
10.201281738281262,0,stop_after_sine_low,0.0,0.0,1.0041216611862183,0.050056878477334976,0.18225756287574768,15.869202468161328,47.16533880397983,0.0,0.0,0.0,-0.4232980102723139,0.9059905046409151,0.7296203487019484,-0.8721817764753264,0.0,0.0,0.0,0.02431059112892895,0.0,2.0,-0.2638970975254313,2.0,-0.2638970975254313,1.9820815385446025,-0.672439674434489,-0.01791846145539755,-0.40854257690905776,1.0094692707061768,0.5676374435424805,-0.0008504051947966218,0.11780484020709991,1.0,0.0,20.0,1.0,1.139984130859375,1.2854666709899902,-0.010984498315720783,158.87277199104264,171.96899947557446,159.0,172.0,10.207507610321045,10.227423906326294,10.24724817276001,528,8,0000000000000000,0,0,10.167198896408081,1,1,1,1,1,1779092785.1590614
10.251281738281262,0,stop_after_sine_low,0.0,0.0,1.0041216611862183,0.050056878477334976,0.18225756287574768,15.869202468161328,47.16533880397983,0.0,0.0,0.0,-0.4232980102723139,0.9059905046409151,0.7296203487019484,-0.8721817764753264,0.0,0.0,0.0,0.02431059112892895,0.0,2.0,-0.19843951836355744,2.0,-0.19843951836355744,2.010673929127018,-0.48442082211291654,0.010673929127018145,-0.2859813037493591,1.000402569770813,0.6095674633979797,-0.011483365669846535,0.09684765338897705,1.0,0.0,20.0,1.0,1.139967918395996,1.2909834384918213,0.01733578074877895,160.49697959947994,170.3447918671372,160.0,170.0,10.207507610321045,10.227423906326294,10.24724817276001,528,8,0000000000000000,0,0,10.267166376113892,1,1,1,1,1,1779092785.2590256
10.301281738281263,0,stop_after_sine_low,0.0,0.0,1.0768893957138062,0.05153914541006088,0.18768557906150818,15.876383847330628,47.15675668565007,0.0,0.0,0.0,-0.42323195316799717,0.9060213649895913,0.7169449347773015,-0.8567758056645175,0.0,0.0,0.0,0.005471909577379496,0.0,2.0,-0.19843951836355744,2.0,-0.19843951836355744,2.010673929127018,-0.48442082211291654,0.010673929127018145,-0.2859813037493591,1.000402569770813,0.6095674633979797,-0.011483365669846535,0.09684765338897705,1.0,0.0,20.0,1.0,1.139967918395996,1.2909834384918213,0.01733578074877895,160.49697959947994,170.3447918671372,160.0,170.0,10.307732343673706,10.32735300064087,10.34721565246582,528,8,0000000000000000,0,0,10.267166376113892,1,1,1,1,1,1779092785.2590256
10.351281738281264,0,stop_after_sine_low,0.0,0.0,1.0768893957138062,0.05153914541006088,0.18768557906150818,15.876383847330628,47.15675668565007,0.0,0.0,0.0,-0.42323195316799717,0.9060213649895913,0.7169449347773015,-0.8567758056645175,0.0,0.0,0.0,0.005471909577379496,0.0,2.0,-0.12049238572557745,2.0,-0.12049238572557745,2.044923544202093,-0.2811555351151878,0.04492354420209299,-0.16066314938961035,0.9890268445014954,0.6681393384933472,-0.022484280169010162,0.06735868752002716,1.0,0.0,20.0,1.0,1.1401042938232422,1.3049598932266235,-0.009194486034242968,162.43109215768192,168.41067930893524,162.0,168.0,10.307732343673706,10.32735300064087,10.34721565246582,528,8,0000000000000000,0,0,10.367187023162842,1,1,1,1,1,1779092785.359159
10.401281738281265,0,stop_after_sine_low,0.0,0.0,1.131623387336731,0.047290850430727005,0.1728372424840927,15.88140323625521,47.15075848381321,0.0,0.0,0.0,-0.4232262208795875,0.9060240427052599,0.708420588328037,-0.8465671295893078,0.0,0.0,0.0,0.001238368684634757,0.0,2.0,-0.12049238572557745,2.0,-0.12049238572557745,2.044923544202093,-0.2811555351151878,0.04492354420209299,-0.16066314938961035,0.9890268445014954,0.6681393384933472,-0.022484280169010162,0.06735868752002716,1.0,0.0,20.0,1.0,1.1401042938232422,1.3049598932266235,-0.009194486034242968,162.43109215768192,168.41067930893524,162.0,168.0,10.407525539398193,10.42757511138916,10.44721794128418,528,8,0000000000000000,0,0,10.367187023162842,1,1,1,1,1,1779092785.359159
10.451281738281265,0,stop_after_sine_low,0.0,0.0,1.131623387336731,0.047290850430727005,0.1728372424840927,15.88140323625521,47.15075848381321,0.0,0.0,0.0,-0.4232262208795875,0.9060240427052599,0.708420588328037,-0.8465671295893078,0.0,0.0,0.0,0.001238368684634757,0.0,2.0,-0.03497042953379876,2.0,-0.03497042953379876,2.083183980968452,-0.1068618110510003,0.08318398096845181,-0.07189138151720154,0.9790777564048767,0.7074270248413086,-0.03959909826517105,0.04062650352716446,1.0,0.0,20.0,1.0,1.1427764892578125,1.2987884283065796,0.03484891803059586,164.55315981911528,166.28861164750185,165.0,166.0,10.407525539398193,10.42757511138916,10.44721794128418,528,8,0000000000000000,0,0,10.467231512069702,1,1,1,1,1,1779092785.4592297
10.501281738281266,0,stop_after_sine_low,0.0,0.0,1.1598719358444214,0.054053518921136856,0.1820739507675171,15.882718141952688,47.14918717146923,0.0,0.0,0.0,-0.423225033768328,0.9060245972333189,0.699887592202435,-0.8363656915767667,0.0,0.0,0.0,0.0005870135874392105,0.0,2.0,-0.03497042953379876,2.0,-0.03497042953379876,2.083183980968452,-0.1068618110510003,0.08318398096845181,-0.07189138151720154,0.9790777564048767,0.7074270248413086,-0.03959909826517105,0.04062650352716446,1.0,0.0,20.0,1.0,1.1427764892578125,1.2987884283065796,0.03484891803059586,164.55315981911528,166.28861164750185,165.0,166.0,10.507590293884277,10.527423858642578,10.547213554382324,528,8,0000000000000000,0,0,10.467231512069702,1,1,1,1,1,1779092785.4592297
10.551281738281267,0,stop_after_sine_low,0.0,0.0,1.1598719358444214,0.054053518921136856,0.1820739507675171,15.882718141952688,47.14918717146923,0.0,0.0,0.0,-0.423225033768328,0.9060245972333189,0.699887592202435,-0.8363656915767667,0.0,0.0,0.0,0.0005870135874392105,0.0,0.0,0.0,0.0,0.0,-0.12541158318855367,-0.054232894095700514,-0.12541158318855367,-0.054232894095700514,0.9940305948257446,0.661529541015625,0.12466295063495636,0.03587666153907776,1.0,0.0,20.0,1.0,1.140749216079712,1.2995189428329468,0.037727706302746876,0.0,0.0,0.0,0.0,10.507590293884277,10.527423858642578,10.547213554382324,528,8,0000000000000000,0,0,10.567214012145996,1,1,1,1,1,1779092785.560142
10.601281738281267,0,stop_after_sine_low,0.0,0.0,1.19159996509552,0.04232397302985191,0.17940674722194672,15.887052970198432,47.14400713293559,0.0,0.0,0.0,-0.42322153288402264,0.9060262325690676,0.6956264089388745,-0.8312605249951753,0.0,0.0,0.0,0.0015026497809618945,0.0,0.0,0.0,0.0,0.0,-0.12541158318855367,-0.054232894095700514,-0.12541158318855367,-0.054232894095700514,0.9940305948257446,0.661529541015625,0.12466295063495636,0.03587666153907776,1.0,0.0,20.0,1.0,1.140749216079712,1.2995189428329468,0.037727706302746876,0.0,0.0,0.0,0.0,10.607465505599976,10.627524852752686,10.64714002609253,528,8,0000000000000000,0,0,10.567214012145996,1,1,1,1,1,1779092785.560142
10.651281738281268,0,stop_after_sine_low,0.0,0.0,1.19159996509552,0.04232397302985191,0.17940674722194672,15.887052970198432,47.14400713293559,0.0,0.0,0.0,-0.42322153288402264,0.9060262325690676,0.6956264089388745,-0.8312605249951753,0.0,0.0,0.0,0.0015026497809618945,0.0,0.0,0.0,0.0,0.0,-0.11522506977623724,-0.012690018479473215,-0.11522506977623724,-0.012690018479473215,0.9859471321105957,0.6629754304885864,0.11360582709312439,0.008413170464336872,1.0,0.0,20.0,1.0,1.140932559967041,1.288548231124878,0.02293122169982894,0.0,0.0,0.0,0.0,10.607465505599976,10.627524852752686,10.64714002609253,528,8,0000000000000000,0,0,10.667250394821167,1,1,1,1,1,1779092785.6600134
10.701281738281269,0,stop_after_sine_low,0.0,0.0,1.2081915140151978,0.04841909930109978,0.18261700868606567,15.88829086737772,47.14252787519423,0.0,0.0,0.0,-0.42322059931773437,0.9060266686544816,0.6913604648027694,-0.8261593424243652,0.0,0.0,0.0,0.002234822906015171,0.0,0.0,0.0,0.0,0.0,-0.11522506977623724,-0.012690018479473215,-0.11522506977623724,-0.012690018479473215,0.9859471321105957,0.6629754304885864,0.11360582709312439,0.008413170464336872,1.0,0.0,20.0,1.0,1.140932559967041,1.288548231124878,0.02293122169982894,0.0,0.0,0.0,0.0,10.707554817199707,10.727399349212646,10.74720311164856,528,8,0000000000000000,0,0,10.667250394821167,1,1,1,1,1,1779092785.6600134
10.75128173828127,0,stop_after_sine_low,0.0,0.0,1.2081915140151978,0.04841909930109978,0.18261700868606567,15.88829086737772,47.14252787519423,0.0,0.0,0.0,-0.42322059931773437,0.9060266686544816,0.6913604648027694,-0.8261593424243652,0.0,0.0,0.0,0.002234822906015171,0.0,0.0,0.0,0.0,0.0,-0.1114009799667111,-0.0062744715291136515,-0.1114009799667111,-0.0062744715291136515,0.9804202318191528,0.6684095859527588,0.10921977460384369,0.004193916916847229,1.0,0.0,20.0,1.0,1.1409540176391602,1.2617454528808594,0.009837802203861523,0.0,0.0,0.0,0.0,10.707554817199707,10.727399349212646,10.74720311164856,528,8,0000000000000000,0,0,10.767246961593628,1,1,1,1,1,1779092785.7601562
10.80128173828127,0,stop_after_sine_low,0.0,0.0,1.22848379611969,0.051134757697582245,0.1897752583026886,15.893169125836545,47.1366991195597,0.0,0.0,0.0,-0.4231958356035548,0.906038235797921,0.6871376890514339,-0.8210220328757297,0.0,0.0,0.0,0.009192705308771552,0.0,0.0,0.0,0.0,0.0,-0.1114009799667111,-0.0062744715291136515,-0.1114009799667111,-0.0062744715291136515,0.9804202318191528,0.6684095859527588,0.10921977460384369,0.004193916916847229,1.0,0.0,20.0,1.0,1.1409540176391602,1.2617454528808594,0.009837802203861523,0.0,0.0,0.0,0.0,10.807589054107666,10.827508926391602,10.84723711013794,528,8,0000000000000000,0,0,10.767246961593628,1,1,1,1,1,1779092785.7601562
10.851281738281271,0,stop_after_sine_low,0.0,0.0,1.22848379611969,0.051134757697582245,0.1897752583026886,15.893169125836545,47.1366991195597,0.0,0.0,0.0,-0.4231958356035548,0.906038235797921,0.6871376890514339,-0.8210220328757297,0.0,0.0,0.0,0.009192705308771552,0.0,0.0,0.0,0.0,0.0,-0.10532484407229031,0.0037495575039877375,-0.10532484407229031,0.0037495575039877375,0.9704771041870117,0.6763883233070374,0.10221534967422485,-0.002536156913265586,1.0,0.0,20.0,1.0,1.1410465240478516,1.1633036136627197,0.009192705308771552,0.0,0.0,0.0,0.0,10.807589054107666,10.827508926391602,10.84723711013794,528,8,0000000000000000,0,0,10.867191791534424,1,1,1,1,1,1779092785.8600452
10.901281738281272,0,stop_after_sine_low,0.0,0.0,1.2427046298980713,0.048280902206897736,0.1874898076057434,15.894443582053478,47.13517639720305,0.0,0.0,0.0,-0.4231880123191642,0.9060418898866404,0.6786158192847872,-0.8108112823937167,0.0,0.0,0.0,0.010241849298398713,0.0,0.0,0.0,0.0,0.0,-0.10532484407229031,0.0037495575039877375,-0.10532484407229031,0.0037495575039877375,0.9704771041870117,0.6763883233070374,0.10221534967422485,-0.002536156913265586,1.0,0.0,20.0,1.0,1.1410465240478516,1.1633036136627197,0.009192705308771552,0.0,0.0,0.0,0.0,10.907516479492188,10.927354574203491,10.947258710861206,528,8,0000000000000000,0,0,10.867191791534424,1,1,1,1,1,1779092785.8600452
10.951281738281272,0,stop_after_sine_low,0.0,0.0,1.2427046298980713,0.048280902206897736,0.1874898076057434,15.894443582053478,47.13517639720305,0.0,0.0,0.0,-0.4231880123191642,0.9060418898866404,0.6786158192847872,-0.8108112823937167,0.0,0.0,0.0,0.010241849298398713,0.0,0.0,0.0,0.0,0.0,-0.09850688282636406,0.01925050012510826,-0.09850688282636406,0.01925050012510826,0.9538888931274414,0.6774756908416748,0.09396462142467499,-0.013041745871305466,1.0,0.0,20.0,1.0,1.1413426399230957,0.9166220426559448,0.01499400754266804,0.0,0.0,0.0,0.0,10.907516479492188,10.927354574203491,10.947258710861206,528,8,0000000000000000,0,0,10.96717643737793,1,1,1,1,1,1779092785.960468
11.001281738281273,0,stop_after_sine_low,0.0,0.0,1.246888279914856,0.03048180602490902,0.17507995665073395,15.899203829830562,47.12948960577652,0.0,0.0,0.0,-0.4231582018975165,0.9060558129424813,0.6701324525881751,-0.8005683032640638,0.0,0.0,0.0,0.005517378100861993,0.0,0.0,0.0,0.0,0.0,-0.09850688282636406,0.01925050012510826,-0.09850688282636406,0.01925050012510826,0.9538888931274414,0.6774756908416748,0.09396462142467499,-0.013041745871305466,1.0,0.0,20.0,1.0,1.1413426399230957,0.9166220426559448,0.01499400754266804,0.0,0.0,0.0,0.0,11.007484912872314,11.02756929397583,11.047276020050049,528,8,0000000000000000,0,0,10.96717643737793,1,1,1,1,1,1779092785.960468
11.051281738281274,0,stop_after_sine_low,0.0,0.0,1.246888279914856,0.03048180602490902,0.17507995665073395,15.899203829830562,47.12948960577652,0.0,0.0,0.0,-0.4231582018975165,0.9060558129424813,0.6701324525881751,-0.8005683032640638,0.0,0.0,0.0,0.005517378100861993,0.0,0.0,0.0,0.0,0.0,-0.0949303585525362,0.02750185058467601,-0.0949303585525362,0.02750185058467601,0.9476547837257385,0.6769028902053833,0.0899612084031105,-0.0186160821467638,1.0,0.0,20.0,1.0,1.1410393714904785,0.6339820623397827,0.0057288779720420955,0.0,0.0,0.0,0.0,11.007484912872314,11.02756929397583,11.047276020050049,528,8,0000000000000000,0,0,11.067214965820312,1,1,1,1,1,1779092786.0600255
11.101281738281275,0,stop_after_sine_low,0.0,0.0,1.2576524019241333,0.034160315990448,0.17606128752231598,15.900512760000177,47.127925903732525,0.0,0.0,0.0,-0.4231580914346083,0.9060558645323255,0.6658642869787211,-0.7954689797374789,0.0,0.0,0.0,0.0056384740224966695,0.0,0.0,0.0,0.0,0.0,-0.0949303585525362,0.02750185058467601,-0.0949303585525362,0.02750185058467601,0.9476547837257385,0.6769028902053833,0.0899612084031105,-0.0186160821467638,1.0,0.0,20.0,1.0,1.1410393714904785,0.6339820623397827,0.0057288779720420955,0.0,0.0,0.0,0.0,11.107577800750732,11.127342939376831,11.147168397903442,528,8,0000000000000000,0,0,11.067214965820312,1,1,1,1,1,1779092786.0600255
11.151281738281275,0,stop_after_sine_low,0.0,0.0,1.2576524019241333,0.034160315990448,0.17606128752231598,15.900512760000177,47.127925903732525,0.0,0.0,0.0,-0.4231580914346083,0.9060558645323255,0.6658642869787211,-0.7954689797374789,0.0,0.0,0.0,0.0056384740224966695,0.0,0.0,0.0,0.0,0.0,-0.08631869938262099,0.05078517568887388,-0.08631869938262099,0.05078517568887388,0.9393119215965271,0.6779668927192688,0.08108018338680267,-0.034430667757987976,1.0,0.0,20.0,1.0,1.1409456729888916,0.41899362206459045,0.009758846726826724,0.0,0.0,0.0,0.0,11.107577800750732,11.127342939376831,11.147168397903442,528,8,0000000000000000,0,0,11.167250633239746,1,1,1,1,1,1779092786.1614761
11.201281738281276,0,stop_after_sine_low,0.0,0.0,1.2761245965957642,0.03316351771354675,0.16492994129657745,15.905101434626877,47.12244427849379,0.0,0.0,0.0,-0.42315015949738377,0.9060595689673713,0.6573413143025735,-0.7852591504262011,0.0,0.0,0.0,0.0070135986624707105,0.0,0.0,0.0,0.0,0.0,-0.08631869938262099,0.05078517568887388,-0.08631869938262099,0.05078517568887388,0.9393119215965271,0.6779668927192688,0.08108018338680267,-0.034430667757987976,1.0,0.0,20.0,1.0,1.1409456729888916,0.41899362206459045,0.009758846726826724,0.0,0.0,0.0,0.0,11.207466840744019,11.227370738983154,11.247159242630005,528,8,0000000000000000,0,0,11.167250633239746,1,1,1,1,1,1779092786.1614761
11.251281738281277,0,stop_after_sine_low,0.0,0.0,1.2761245965957642,0.03316351771354675,0.16492994129657745,15.905101434626877,47.12244427849379,0.0,0.0,0.0,-0.42315015949738377,0.9060595689673713,0.6573413143025735,-0.7852591504262011,0.0,0.0,0.0,0.0070135986624707105,0.0,0.0,0.0,0.0,0.0,-0.07915263596733396,0.06385458150037776,-0.07915263596733396,0.06385458150037776,0.9349667429924011,0.679741382598877,0.07400508224964142,-0.04340460151433945,1.0,0.0,20.0,1.0,1.1410255432128906,0.2656855583190918,-0.0010526077450813275,0.0,0.0,0.0,0.0,11.207466840744019,11.227370738983154,11.247159242630005,528,8,0000000000000000,0,0,11.267183780670166,1,1,1,1,1,1779092786.2599883
11.301281738281277,0,stop_after_sine_low,0.0,0.0,1.2766392230987549,0.028907213360071182,0.1782718300819397,15.90576599197599,47.12165041872547,0.0,0.0,0.0,-0.4231446405875562,0.9060621464016847,0.6530823682315531,-0.780152109108029,0.0,0.0,0.0,0.007760421903998571,0.0,0.0,0.0,0.0,0.0,-0.07915263596733396,0.06385458150037776,-0.07915263596733396,0.06385458150037776,0.9349667429924011,0.679741382598877,0.07400508224964142,-0.04340460151433945,1.0,0.0,20.0,1.0,1.1410255432128906,0.2656855583190918,-0.0010526077450813275,0.0,0.0,0.0,0.0,11.307488918304443,11.327394247055054,11.347217559814453,528,8,0000000000000000,0,0,11.267183780670166,1,1,1,1,1,1779092786.2599883
11.351281738281278,0,stop_after_sine_low,0.0,0.0,1.2766392230987549,0.028907213360071182,0.1782718300819397,15.90576599197599,47.12165041872547,0.0,0.0,0.0,-0.4231446405875562,0.9060621464016847,0.6530823682315531,-0.780152109108029,0.0,0.0,0.0,0.007760421903998571,0.0,0.0,0.0,0.0,0.0,-0.07554664460230072,0.0700570866410516,-0.07554664460230072,0.0700570866410516,0.9331710934638977,0.6809858083724976,0.07049794495105743,-0.04770788177847862,1.0,0.0,20.0,1.0,1.1409363746643066,0.15466497838497162,0.002825499726615798,0.0,0.0,0.0,0.0,11.307488918304443,11.327394247055054,11.347217559814453,528,8,0000000000000000,0,0,11.367344617843628,1,1,1,1,1,1779092786.3600516
11.401281738281279,0,stop_after_sine_low,0.0,0.0,1.2847403287887573,0.02873578853905201,0.18254709243774414,15.91093909060716,47.11547201036704,0.0,0.0,0.0,-0.4231007521637184,0.9060826416605142,0.6488889371705919,-0.7749902174594553,0.0,0.0,0.0,0.011245885683042975,0.0,0.0,0.0,0.0,0.0,-0.07554664460230072,0.0700570866410516,-0.07554664460230072,0.0700570866410516,0.9331710934638977,0.6809858083724976,0.07049794495105743,-0.04770788177847862,1.0,0.0,20.0,1.0,1.1409363746643066,0.15466497838497162,0.002825499726615798,0.0,0.0,0.0,0.0,11.407477378845215,11.427465915679932,11.447165727615356,528,8,0000000000000000,0,0,11.367344617843628,1,1,1,1,1,1779092786.3600516
11.45128173828128,0,stop_after_sine_low,0.0,0.0,1.2847403287887573,0.02873578853905201,0.18254709243774414,15.91093909060716,47.11547201036704,0.0,0.0,0.0,-0.4231007521637184,0.9060826416605142,0.6488889371705919,-0.7749902174594553,0.0,0.0,0.0,0.011245885683042975,0.0,0.0,0.0,0.0,0.0,-0.06668339332973018,0.08571359079623124,-0.06668339332973018,0.08571359079623124,0.9301201105117798,0.6851053833961487,0.06202356517314911,-0.0587228424847126,1.0,0.0,20.0,1.0,1.140742301940918,0.07539775222539902,-0.0014015694317900795,0.0,0.0,0.0,0.0,11.407477378845215,11.427465915679932,11.447165727615356,528,8,0000000000000000,0,0,11.467246055603027,1,1,1,1,1,1779092786.460047
11.50128173828128,0,sine_high_wl5m,2.0,4.591852433011467e-05,1.2879558801651,0.03607857599854469,0.16343532502651215,15.912898546921394,47.11313194742016,0.0,0.0,0.0,-0.42308334755517774,0.9060907686437958,0.6361111034530925,-0.7596699209256056,0.0,0.0,0.0,0.010923325093330402,0.0,0.0,0.0,0.0,0.0,-0.06668339332973018,0.08571359079623124,-0.06668339332973018,0.08571359079623124,0.9301201105117798,0.6851053833961487,0.06202356517314911,-0.0587228424847126,1.0,0.0,20.0,1.0,1.140742301940918,0.07539775222539902,-0.0014015694317900795,0.0,0.0,0.0,0.0,11.508311986923218,11.528573989868164,11.548409461975098,528,8,0000000000000000,0,0,11.467246055603027,1,1,1,1,1,1779092786.460047
11.551281738281281,0,sine_high_wl5m,2.0,0.09576620949334094,1.2879558801651,0.03607857599854469,0.16343532502651215,15.912898546921394,47.11313194742016,0.0,0.0,0.0,-0.42308334755517774,0.9060907686437958,0.6361111034530925,-0.7596699209256056,0.0,0.0,0.0,0.010923325093330402,0.0,0.0,0.0,0.0,0.0,-0.05945312959069893,0.10939868718930026,-0.05945312959069893,0.10939868718930026,0.9301664233207703,0.6962354183197021,0.055301304906606674,-0.07616724073886871,1.0,0.0,20.0,1.0,1.1375768184661865,0.02598641812801361,-0.0007400778769948434,0.0,0.0,0.0,0.0,11.508311986923218,11.528573989868164,11.548409461975098,528,8,0000000000000000,0,0,11.56846570968628,1,1,1,1,1,1779092786.560024
11.601281738281282,0,sine_high_wl5m,2.0,0.23660666634309524,1.2854666709899902,0.030491894111037254,0.1881638467311859,15.917922205609367,47.10713398703949,0.0,0.0,0.0,-0.4230276398937044,0.9061167782829994,0.6233950215857851,-0.7442979058127813,0.0,0.0,0.0,0.015623966330665347,0.0,0.0,0.0,0.0,0.0,-0.05945312959069893,0.10939868718930026,-0.05945312959069893,0.10939868718930026,0.9301664233207703,0.6962354183197021,0.055301304906606674,-0.07616724073886871,1.0,0.0,20.0,1.0,1.1375768184661865,0.02598641812801361,-0.0007400778769948434,0.0,0.0,0.0,0.0,11.60854458808899,11.628575086593628,11.648333072662354,528,8,0000000000000000,0,0,11.56846570968628,1,1,1,1,1,1779092786.560024
11.651281738281282,0,sine_high_wl5m,2.0,0.32776398056483963,1.2854666709899902,0.030491894111037254,0.1881638467311859,15.917922205609367,47.10713398703949,0.0,0.0,0.0,-0.4230276398937044,0.9061167782829994,0.6233950215857851,-0.7442979058127813,0.0,0.0,0.0,0.015623966330665347,0.0,0.0,0.0,0.0,0.0,-0.0578870916321805,0.15058453349050058,-0.0578870916321805,0.15058453349050058,0.934627115726471,0.7321926951408386,0.05410284548997879,-0.11025689542293549,1.0,0.0,20.0,1.0,1.1410293579101562,-0.013341020792722702,-0.0005740813466036353,0.0,0.0,0.0,0.0,11.60854458808899,11.628575086593628,11.648333072662354,528,8,0000000000000000,0,0,11.66825819015503,1,1,1,1,1,1779092786.6600556
11.701281738281283,0,sine_high_wl5m,2.0,0.4579698487692541,1.2909834384918213,0.03323045000433922,0.19574879109859467,15.931098422517591,47.09140986713155,0.0,0.0,0.0,-0.42288225980511146,0.9061846359005002,0.5894620994069736,-0.7033253520842563,0.0,0.0,0.0,0.006734558637861687,0.0,0.0,0.0,0.0,0.0,-0.0578870916321805,0.15058453349050058,-0.0578870916321805,0.15058453349050058,0.934627115726471,0.7321926951408386,0.05410284548997879,-0.11025689542293549,1.0,0.0,20.0,1.0,1.1410293579101562,-0.013341020792722702,-0.0005740813466036353,0.0,0.0,0.0,0.0,11.708529233932495,11.7284255027771,11.748468160629272,528,8,0000000000000000,0,0,11.66825819015503,1,1,1,1,1,1779092786.6600556
11.751281738281284,0,sine_high_wl5m,2.0,0.5392273450984016,1.2909834384918213,0.03323045000433922,0.19574879109859467,15.931098422517591,47.09140986713155,0.0,0.0,0.0,-0.42288225980511146,0.9061846359005002,0.5894620994069736,-0.7033253520842563,0.0,0.0,0.0,0.006734558637861687,0.0,0.0,0.0,0.0,0.0,-0.07974970961115695,0.20709605469985165,-0.07974970961115695,0.20709605469985165,0.9916529059410095,0.8231870532035828,0.07908403128385544,-0.17047879099845886,1.0,0.0,20.0,1.0,1.1399106979370117,-0.037991963326931,-0.004178423656206661,0.0,0.0,0.0,0.0,11.708529233932495,11.7284255027771,11.748468160629272,528,8,0000000000000000,0,0,11.76833200454712,1,1,1,1,1,1779092786.7600331
11.801281738281284,0,sine_high_wl5m,2.0,0.6505976584684832,1.3049598932266235,0.026363302022218704,0.1820705533027649,15.975382691287507,47.038622225980674,0.0,0.0,0.0,-0.422503367493232,0.9063613542384069,0.4532267979376817,-0.5398566363234706,0.0,0.0,0.0,0.0008282027417414756,0.0,0.0,0.0,0.0,0.0,-0.07974970961115695,0.20709605469985165,-0.07974970961115695,0.20709605469985165,0.9916529059410095,0.8231870532035828,0.07908403128385544,-0.17047879099845886,1.0,0.0,20.0,1.0,1.1399106979370117,-0.037991963326931,-0.004178423656206661,0.0,0.0,0.0,0.0,11.808597326278687,11.82845163345337,11.84853482246399,528,8,0000000000000000,0,0,11.76833200454712,1,1,1,1,1,1779092786.7600331
11.851281738281285,0,sine_high_wl5m,2.0,0.7168292249866464,1.3049598932266235,0.026363302022218704,0.1820705533027649,15.975382691287507,47.038622225980674,0.0,0.0,0.0,-0.422503367493232,0.9063613542384069,0.4532267979376817,-0.5398566363234706,0.0,0.0,0.0,0.0008282027417414756,0.0,0.0,0.0,0.0,0.0,-0.07884470085082353,0.20846770232735495,-0.07884470085082353,0.20846770232735495,0.990679144859314,0.8222112059593201,0.07810980081558228,-0.17140448093414307,1.0,0.0,20.0,1.0,1.1401441097259521,-0.04318253695964813,0.0008439400383321281,0.0,0.0,0.0,0.0,11.808597326278687,11.82845163345337,11.84853482246399,528,8,0000000000000000,0,0,11.868263244628906,1,1,1,1,1,1779092786.8599107
11.901281738281286,0,sine_high_wl5m,2.0,0.8023125413972617,1.2987884283065796,0.02665884792804718,0.18138426542282104,16.03617582801546,46.96629163092008,0.0,0.0,0.0,-0.4219289419394033,0.9066289031096988,0.08564351391313188,-0.10175128371798511,0.0,0.0,0.0,-7.879278255876372e-06,0.0,0.0,0.0,0.0,0.0,-0.07884470085082353,0.20846770232735495,-0.07884470085082353,0.20846770232735495,0.990679144859314,0.8222112059593201,0.07810980081558228,-0.17140448093414307,1.0,0.0,20.0,1.0,1.1401441097259521,-0.04318253695964813,0.0008439400383321281,0.0,0.0,0.0,0.0,11.908605575561523,11.928548336029053,11.948398113250732,528,8,0000000000000000,0,0,11.868263244628906,1,1,1,1,1,1779092786.8599107
11.951281738281287,0,sine_high_wl5m,2.0,0.8493286699765208,1.2987884283065796,0.02665884792804718,0.18138426542282104,16.03617582801546,46.96629163092008,0.0,0.0,0.0,-0.4219289419394033,0.9066289031096988,0.08564351391313188,-0.10175128371798511,0.0,0.0,0.0,-7.879278255876372e-06,0.0,0.0,0.0,0.0,0.0,-0.07845342001467427,0.2090633513602906,-0.07845342001467427,0.2090633513602906,0.9902781248092651,0.8217549324035645,0.07769070565700531,-0.17179884016513824,1.0,0.0,20.0,1.0,1.1399190425872803,-0.04118134826421738,-0.0007826470799012408,0.0,0.0,0.0,0.0,11.908605575561523,11.928548336029053,11.948398113250732,528,8,0000000000000000,0,0,11.968421697616577,1,1,1,1,1,1779092786.9599826
12.001281738281287,0,sine_high_wl5m,2.0,0.9036173851616954,1.2995189428329468,0.021803757175803185,0.1660197526216507,16.052780080356914,46.94659426121086,0.0,0.0,0.0,-0.42180200196888024,0.9066879679002279,0.3341208103853402,-0.3967364624873922,0.0,0.0,0.0,-0.007769909901156412,0.0,0.0,0.0,0.0,0.0,-0.07845342001467427,0.2090633513602906,-0.07845342001467427,0.2090633513602906,0.9902781248092651,0.8217549324035645,0.07769070565700531,-0.17179884016513824,1.0,0.0,20.0,1.0,1.1399190425872803,-0.04118134826421738,-0.0007826470799012408,0.0,0.0,0.0,0.0,12.00854229927063,12.028417348861694,12.048327922821045,528,8,a8000000a3000000,168,163,11.968421697616577,1,1,1,1,1,1779092786.9599826
12.051281738281288,0,sine_high_wl5m,2.0,0.9284759202525554,1.2995189428329468,0.021803757175803185,0.1660197526216507,16.052780080356914,46.94659426121086,0.0,0.0,0.0,-0.42180200196888024,0.9066879679002279,0.3341208103853402,-0.3967364624873922,0.0,0.0,0.0,-0.007769909901156412,0.0,0.0,0.0,0.0,0.0,-0.07767448344080778,0.21014566962205805,-0.07767448344080778,0.21014566962205805,0.9895429611206055,0.8209561705589294,0.07686223834753036,-0.17252038419246674,1.0,0.0,20.0,1.0,1.1411809921264648,-0.0381145216524601,-0.000569816037028224,0.0,0.0,0.0,0.0,12.00854229927063,12.028417348861694,12.048327922821045,528,8,a8000000a3000000,168,163,12.068288087844849,1,1,1,1,1,1779092787.0600383
12.101281738281289,0,sine_high_wl5m,2.0,0.9481505237156643,1.288548231124878,0.02331017702817917,0.19057199358940125,16.100448226197127,46.89013411214224,0.0,0.0,0.0,-0.4203196047060856,0.9073761237214256,0.5117241449642949,-0.6036079906377061,0.0,0.0,0.0,0.05521006541814859,0.0,0.0,0.0,0.0,0.0,-0.07767448344080778,0.21014566962205805,-0.07767448344080778,0.21014566962205805,0.9895429611206055,0.8209561705589294,0.07686223834753036,-0.17252038419246674,1.0,0.0,20.0,1.0,1.1411809921264648,-0.0381145216524601,-0.000569816037028224,0.0,0.0,0.0,0.0,12.108590126037598,12.128463506698608,12.148457050323486,528,8,ae0000009d000000,174,157,12.068288087844849,1,1,1,1,1,1779092787.0600383
12.15128173828129,0,sine_high_wl5m,2.0,0.9493097548424391,1.288548231124878,0.02331017702817917,0.19057199358940125,16.100448226197127,46.89013411214224,0.0,0.0,0.0,-0.4203196047060856,0.9073761237214256,0.5117241449642949,-0.6036079906377061,0.0,0.0,0.0,0.05521006541814859,0.0,0.0,0.0,0.0,0.0,-0.07674918201902486,0.21108404138497502,-0.07674918201902486,0.21108404138497502,0.988764226436615,0.8205844163894653,0.07588684558868408,-0.17321227490901947,1.0,0.0,20.0,1.0,1.1404004096984863,-0.039459776133298874,-0.0016937921053132908,0.0,0.0,0.0,0.0,12.108590126037598,12.128463506698608,12.148457050323486,528,8,ae0000009d000000,174,157,12.168307542800903,1,1,1,1,1,1779092787.1605434
12.20128173828129,0,sine_high_wl5m,2.0,0.9331121593652482,1.2617454528808594,0.016159651800990105,0.2074732631444931,16.132595351822257,46.85229547414997,0.0,0.0,0.0,-0.4197157498027531,0.9076556006368895,0.5340617113232992,-0.6282595053885048,0.0,0.0,0.0,0.002297897285576267,0.0,0.0,0.0,0.0,0.0,-0.07674918201902486,0.21108404138497502,-0.07674918201902486,0.21108404138497502,0.988764226436615,0.8205844163894653,0.07588684558868408,-0.17321227490901947,1.0,0.0,20.0,1.0,1.1404004096984863,-0.039459776133298874,-0.0016937921053132908,0.0,0.0,0.0,0.0,12.208505868911743,12.228463411331177,12.248572826385498,528,8,b300000098000000,179,152,12.168307542800903,1,1,1,1,1,1779092787.1605434
12.25128173828129,0,sine_high_wl5m,2.0,0.9104538303415044,1.2617454528808594,0.016159651800990105,0.2074732631444931,16.132595351822257,46.85229547414997,0.0,0.0,0.0,-0.4197157498027531,0.9076556006368895,0.5340617113232992,-0.6282595053885048,0.0,0.0,0.0,0.002297897285576267,0.0,0.0,0.0,0.0,0.0,-0.07636609702930296,0.2114752054533167,-0.07636609702930296,0.2114752054533167,0.9884625673294067,0.8203955888748169,0.07548502832651138,-0.17349332571029663,1.0,0.0,20.0,1.0,1.1390414237976074,-0.03703601285815239,0.0013542717104893128,0.0,0.0,0.0,0.0,12.208505868911743,12.228463411331177,12.248572826385498,528,8,b300000098000000,179,152,12.268190860748291,1,1,1,1,1,1779092787.2601264
12.301281738281292,0,sine_high_wl5m,2.0,0.8594564782908737,1.1633036136627197,0.02711525186896324,0.17071101069450378,16.16086411022381,46.81904416986877,0.0,0.0,0.0,-0.41965315254525865,0.9076845440784072,0.5944554348920229,-0.6991100438765386,0.0,0.0,0.0,0.002992151763536341,0.0,0.0,0.0,0.0,0.0,-0.07636609702930296,0.2114752054533167,-0.07636609702930296,0.2114752054533167,0.9884625673294067,0.8203955888748169,0.07548502832651138,-0.17349332571029663,1.0,0.0,20.0,1.0,1.1390414237976074,-0.03703601285815239,0.0013542717104893128,0.0,0.0,0.0,0.0,12.308518409729004,12.328442335128784,12.348430871963501,528,8,b700000094000000,183,148,12.268190860748291,1,1,1,1,1,1779092787.2601264
12.351281738281292,0,sine_high_wl5m,2.0,0.8144328124309268,1.1633036136627197,0.02711525186896324,0.17071101069450378,16.16086411022381,46.81904416986877,0.0,0.0,0.0,-0.41965315254525865,0.9076845440784072,0.5944554348920229,-0.6991100438765386,0.0,0.0,0.0,0.002992151763536341,0.0,0.0,0.0,0.0,0.0,-0.07544897449199824,0.21224070588013058,-0.07544897449199824,0.21224070588013058,0.9877176880836487,0.8203870058059692,0.07452228665351868,-0.1741195172071457,1.0,0.0,20.0,1.0,1.1397931575775146,-0.04511544480919838,-0.00181717561315551,0.0,0.0,0.0,0.0,12.308518409729004,12.328442335128784,12.348430871963501,528,8,b700000094000000,183,148,12.368322372436523,1,1,1,1,1,1779092787.360155
12.401281738281293,0,sine_high_wl5m,2.0,0.7317734068002115,0.9166220426559448,0.0169286597520113,0.19019410014152527,16.173725414665245,46.80392295035463,0.0,0.0,0.0,-0.4195628782139481,0.9077262754954424,0.5945944807840148,-0.6989917888951972,0.0,0.0,0.0,0.007729548963760157,0.0,0.0,0.0,0.0,0.0,-0.07544897449199824,0.21224070588013058,-0.07544897449199824,0.21224070588013058,0.9877176880836487,0.8203870058059692,0.07452228665351868,-0.1741195172071457,1.0,0.0,20.0,1.0,1.1397931575775146,-0.04511544480919838,-0.00181717561315551,0.0,0.0,0.0,0.0,12.408508539199829,12.428432703018188,12.448342084884644,528,8,ba00000090000000,186,144,12.368322372436523,1,1,1,1,1,1779092787.360155
12.451281738281294,0,sine_high_wl5m,2.0,0.6672635620967794,0.9166220426559448,0.0169286597520113,0.19019410014152527,16.173725414665245,46.80392295035463,0.0,0.0,0.0,-0.4195628782139481,0.9077262754954424,0.5945944807840148,-0.6989917888951972,0.0,0.0,0.0,0.007729548963760157,0.0,0.0,0.0,0.0,0.0,-0.07491404757602724,0.21269972697392417,-0.07491404757602724,0.21269972697392417,0.987332284450531,0.8203260898590088,0.07396505773067474,-0.17448313534259796,1.0,0.0,20.0,1.0,1.1406967639923096,-0.045803047716617584,0.001677287030881105,0.0,0.0,0.0,0.0,12.408508539199829,12.428432703018188,12.448342084884644,528,8,ba00000090000000,186,144,12.46817660331726,1,1,1,1,1,1779092787.4606087
12.501281738281294,0,sine_high_wl5m,2.0,0.5581145484376965,0.6339820623397827,0.019626621156930923,0.1671852469444275,16.196850603289885,46.77675678910834,0.0,0.0,0.0,-0.419211377234254,0.9078886612340524,0.6339487896936695,-0.7440875060267855,0.0,0.0,0.0,0.03661749901095814,0.0,0.0,0.0,0.0,0.0,-0.07491404757602724,0.21269972697392417,-0.07491404757602724,0.21269972697392417,0.987332284450531,0.8203260898590088,0.07396505773067474,-0.17448313534259796,1.0,0.0,20.0,1.0,1.1406967639923096,-0.045803047716617584,0.001677287030881105,0.0,0.0,0.0,0.0,12.508793115615845,12.528433561325073,12.549188137054443,528,8,bc0000008e000000,188,142,12.46817660331726,1,1,1,1,1,1779092787.4606087
12.551281738281295,0,sine_high_wl5m,2.0,0.4762607897327936,0.6339820623397827,0.019626621156930923,0.1671852469444275,16.196850603289885,46.77675678910834,0.0,0.0,0.0,-0.419211377234254,0.9078886612340524,0.6339487896936695,-0.7440875060267855,0.0,0.0,0.0,0.03661749901095814,0.0,2.0,0.14309779885938018,2.0,0.14309779885938018,2.58477429562122,0.3683409011467221,0.5847742956212199,0.2252431022873419,0.852480411529541,0.7936239242553711,-0.20346945524215698,-0.1492263525724411,1.0,0.0,20.0,1.0,1.1408934593200684,-0.04940946027636528,-0.0011350343097065274,168.97159042837941,161.87018103823775,169.0,162.0,12.508793115615845,12.528433561325073,12.549188137054443,528,8,bc0000008e000000,188,142,12.568248987197876,1,1,1,1,1,1779092787.5614684
12.601281738281296,0,sine_high_wl5m,2.0,0.3493617957650164,0.41899362206459045,0.022972188889980316,0.16743463277816772,16.230923834073202,46.73686008429085,0.0,0.0,0.0,-0.4183380309696342,0.908291413503645,0.674279599099686,-0.7883483802458358,0.0,0.0,0.0,0.027744689616315238,0.0,2.0,0.14309779885938018,2.0,0.14309779885938018,2.58477429562122,0.3683409011467221,0.5847742956212199,0.2252431022873419,0.852480411529541,0.7936239242553711,-0.20346945524215698,-0.1492263525724411,1.0,0.0,20.0,1.0,1.1408934593200684,-0.04940946027636528,-0.0011350343097065274,168.97159042837941,161.87018103823775,169.0,162.0,12.608649492263794,12.628413915634155,12.649398803710938,528,8,bd0000008e000000,189,142,12.568248987197876,1,1,1,1,1,1779092787.5614684
12.651281738281297,0,sine_high_wl5m,2.0,0.25691027686858187,0.41899362206459045,0.022972188889980316,0.16743463277816772,16.230923834073202,46.73686008429085,0.0,0.0,0.0,-0.4183380309696342,0.908291413503645,0.674279599099686,-0.7883483802458358,0.0,0.0,0.0,0.027744689616315238,0.0,2.0,0.3721657005357292,2.0,0.3721657005357292,2.8208087800591946,0.6927469568297949,0.8208087800591946,0.3205812562940657,0.8273340463638306,0.8787877559661865,-0.3337511420249939,-0.23661184310913086,1.0,0.0,20.0,1.0,1.1408300399780273,0.06287923455238342,-0.0015018290745021244,174.6554827066352,156.18628875998195,175.0,156.0,12.608649492263794,12.628413915634155,12.649398803710938,528,8,bd0000008e000000,189,142,12.6683030128479,1,1,1,1,1,1779092787.6611001
12.701281738281297,0,sine_high_wl5m,2.0,0.11868040994138353,0.2656855583190918,0.01972024142742157,0.1667655110359192,16.252439330339396,46.71173067444487,0.0,0.0,0.0,-0.417991675681668,0.9084508567120355,0.6921852163580136,-0.8080348259380902,0.0,0.0,0.0,0.018333033541992314,0.0,2.0,0.3721657005357292,2.0,0.3721657005357292,2.8208087800591946,0.6927469568297949,0.8208087800591946,0.3205812562940657,0.8273340463638306,0.8787877559661865,-0.3337511420249939,-0.23661184310913086,1.0,0.0,20.0,1.0,1.1408300399780273,0.06287923455238342,-0.0015018290745021244,174.6554827066352,156.18628875998195,175.0,156.0,12.708583354949951,12.728484153747559,12.748390674591064,528,8,bc0000008f000000,188,143,12.6683030128479,1,1,1,1,1,1779092787.6611001
12.751281738281298,0,sine_high_wl5m,2.0,0.023489994658872852,0.2656855583190918,0.01972024142742157,0.1667655110359192,16.252439330339396,46.71173067444487,0.0,0.0,0.0,-0.417991675681668,0.9084508567120355,0.6921852163580136,-0.8080348259380902,0.0,0.0,0.0,0.018333033541992314,0.0,2.0,0.5778713050234234,2.0,0.5778713050234234,2.8656344076089013,0.9210046249874079,0.8656344076089013,0.34313331996398444,0.8362650275230408,0.9284248352050781,-0.3964298367500305,-0.2772122621536255,1.0,0.0,20.0,1.0,1.1410717964172363,0.33745723962783813,0.0026867396268740636,179.75968320083425,151.08208826578291,180.0,151.0,12.708583354949951,12.728484153747559,12.748390674591064,528,8,bc0000008f000000,188,143,12.768351793289185,1,1,1,1,1,1779092787.7612123
12.801281738281299,0,sine_high_wl5m,2.0,-0.11941912379217977,0.15466497838497162,0.026397820562124252,0.1649520993232727,16.275063769982108,46.685338140793625,0.0,0.0,0.0,-0.41778292271959067,0.9085468779781682,0.6968849583448173,-0.8127648719125864,0.0,0.0,0.0,0.008316532355304133,0.0,2.0,0.5778713050234234,2.0,0.5778713050234234,2.8656344076089013,0.9210046249874079,0.8656344076089013,0.34313331996398444,0.8362650275230408,0.9284248352050781,-0.3964298367500305,-0.2772122621536255,1.0,0.0,20.0,1.0,1.1410717964172363,0.33745723962783813,0.0026867396268740636,179.75968320083425,151.08208826578291,180.0,151.0,12.808626174926758,12.828487634658813,12.848396062850952,528,8,ba00000091000000,186,145,12.768351793289185,1,1,1,1,1,1779092787.7612123
12.8512817382813,0,sine_high_wl5m,2.0,-0.21347305237423014,0.15466497838497162,0.026397820562124252,0.1649520993232727,16.275063769982108,46.685338140793625,0.0,0.0,0.0,-0.41778292271959067,0.9085468779781682,0.6968849583448173,-0.8127648719125864,0.0,0.0,0.0,0.008316532355304133,0.0,2.0,0.7472104847310339,2.0,0.7472104847310339,2.8621316435189015,1.0,0.8621316435189015,0.2527895152689661,0.8429657220840454,0.9120746850967407,-0.41267886757850647,-0.3035968840122223,1.0,0.0,20.0,1.0,1.1406452655792236,0.5791143178939819,0.03340994345942905,183.96151876532193,146.8802527012952,184.0,147.0,12.808626174926758,12.828487634658813,12.848396062850952,528,8,ba00000091000000,186,145,12.86934494972229,1,1,1,1,1,1779092787.861117
12.9012817382813,0,sine_high_wl5m,2.0,-0.3500658146716578,0.07539775222539902,0.02431831695139408,0.16369977593421936,16.31790872464836,46.6354260853292,0.0,0.0,0.0,-0.41729788309405924,0.9087697600411321,0.728089319882059,-0.8473256534229285,0.0,0.0,0.0,0.024739069998516532,0.0,2.0,0.7472104847310339,2.0,0.7472104847310339,2.8621316435189015,1.0,0.8621316435189015,0.2527895152689661,0.8429657220840454,0.9120746850967407,-0.41267886757850647,-0.3035968840122223,1.0,0.0,20.0,1.0,1.1406452655792236,0.5791143178939819,0.03340994345942905,183.96151876532193,146.8802527012952,184.0,147.0,12.908713340759277,12.928634405136108,12.948466062545776,528,8,b600000095000000,182,149,12.86934494972229,1,1,1,1,1,1779092787.861117
12.9512817382813,0,sine_high_wl5m,2.0,-0.43695164294323363,0.07539775222539902,0.02431831695139408,0.16369977593421936,16.31790872464836,46.6354260853292,0.0,0.0,0.0,-0.41729788309405924,0.9087697600411321,0.728089319882059,-0.8473256534229285,0.0,0.0,0.0,0.024739069998516532,0.0,2.0,0.8696522896915433,2.0,0.8696522896915433,2.802596636788957,1.0,0.802596636788957,0.1303477103084567,0.8606030344963074,0.8822222948074341,-0.4119231700897217,-0.31518301367759705,1.0,0.0,20.0,1.0,1.140927791595459,0.7588459253311157,0.002992151763536341,186.99968353942478,143.84208792719232,187.0,144.0,12.908713340759277,12.928634405136108,12.948466062545776,528,8,b600000095000000,182,149,12.968441486358643,1,1,1,1,1,1779092787.961812
13.001281738281302,0,sine_high_wl5m,2.0,-0.5586971438919294,0.02598641812801361,0.03395755961537361,0.16321900486946106,16.357469925819746,46.58948877307318,0.0,0.0,0.0,-0.4164691706424849,0.9091498390828439,0.7556914745456335,-0.8762107906320066,0.0,0.0,0.0,0.037246104445038515,0.0,2.0,0.8696522896915433,2.0,0.8696522896915433,2.802596636788957,1.0,0.802596636788957,0.1303477103084567,0.8606030344963074,0.8822222948074341,-0.4119231700897217,-0.31518301367759705,1.0,0.0,20.0,1.0,1.140927791595459,0.7588459253311157,0.002992151763536341,186.99968353942478,143.84208792719232,187.0,144.0,13.008769750595093,13.028591871261597,13.048460245132446,528,8,b10000009a000000,177,154,12.968441486358643,1,1,1,1,1,1779092787.961812
13.051281738281302,0,sine_high_wl5m,2.0,-0.6329865982047695,0.02598641812801361,0.03395755961537361,0.16321900486946106,16.357469925819746,46.58948877307318,0.0,0.0,0.0,-0.4164691706424849,0.9091498390828439,0.7556914745456335,-0.8762107906320066,0.0,0.0,0.0,0.037246104445038515,0.0,2.0,0.937412031873618,2.0,0.937412031873618,2.7170510100868195,1.0,0.7170510100868195,0.06258796812638201,0.8824977874755859,0.8513721227645874,-0.3977915048599243,-0.3197552561759949,1.0,0.0,20.0,1.0,1.1412556171417236,0.8911235332489014,0.03882212042121399,188.68101502474772,142.16075644186944,189.0,142.0,13.008769750595093,13.028591871261597,13.048460245132446,528,8,b10000009a000000,177,154,13.068280220031738,1,1,1,1,1,1779092788.0610793
13.101281738281303,0,sine_high_wl5m,2.0,-0.7322442019210904,-0.013341020792722702,0.033191658556461334,0.16296488046646118,16.438582782726144,46.4956736232247,0.0,0.0,0.0,-0.4155649847027494,0.9095634906310849,0.7879038559277796,-0.9098956028852085,0.0,0.0,0.0,0.009115941580691872,0.0,2.0,0.937412031873618,2.0,0.937412031873618,2.7170510100868195,1.0,0.7170510100868195,0.06258796812638201,0.8824977874755859,0.8513721227645874,-0.3977915048599243,-0.3197552561759949,1.0,0.0,20.0,1.0,1.1412556171417236,0.8911235332489014,0.03882212042121399,188.68101502474772,142.16075644186944,189.0,142.0,13.108603954315186,13.128425598144531,13.148354768753052,528,8,ac0000009f000000,172,159,13.068280220031738,1,1,1,1,1,1779092788.0610793
13.151281738281304,0,sine_high_wl5m,2.0,-0.789267615952207,-0.013341020792722702,0.033191658556461334,0.16296488046646118,16.438582782726144,46.4956736232247,0.0,0.0,0.0,-0.4155649847027494,0.9095634906310849,0.7879038559277796,-0.9098956028852085,0.0,0.0,0.0,0.009115941580691872,0.0,2.0,0.9462885687786149,2.0,0.9462885687786149,2.6802682833416474,1.0,0.6802682833416474,0.05371143122138511,0.8911303281784058,0.8441482782363892,-0.38846835494041443,-0.3192075490951538,1.0,0.0,20.0,1.0,1.1407139301300049,0.9910966753959656,0.018605999490419797,188.90126971430806,141.94050175230907,189.0,142.0,13.108603954315186,13.128425598144531,13.148354768753052,528,8,ac0000009f000000,172,159,13.168265342712402,1,1,1,1,1,1779092788.1625884
13.201281738281304,0,sine_high_wl5m,2.0,-0.8597430016691848,-0.037991963326931,0.032043181359767914,0.1621457189321518,16.52793363107955,46.39283103282531,0.0,0.0,0.0,-0.41438058776355957,0.9101036910620278,0.820833071372585,-0.9429510572765015,0.0,0.0,0.0,0.028791886700390713,0.0,2.0,0.9462885687786149,2.0,0.9462885687786149,2.6802682833416474,1.0,0.6802682833416474,0.05371143122138511,0.8911303281784058,0.8441482782363892,-0.38846835494041443,-0.3192075490951538,1.0,0.0,20.0,1.0,1.1407139301300049,0.9910966753959656,0.018605999490419797,188.90126971430806,141.94050175230907,189.0,142.0,13.20859694480896,13.228670835494995,13.249395608901978,528,8,a6000000a5000000,166,165,13.168265342712402,1,1,1,1,1,1779092788.1625884
13.251281738281305,0,sine_high_wl5m,2.0,-0.8966657945087276,-0.037991963326931,0.032043181359767914,0.1621457189321518,16.52793363107955,46.39283103282531,0.0,0.0,0.0,-0.41438058776355957,0.9101036910620278,0.820833071372585,-0.9429510572765015,0.0,0.0,0.0,0.028791886700390713,0.0,2.0,0.895731791567035,2.0,0.895731791567035,2.6020263985110423,1.0,0.6020263985110423,0.10426820843296503,0.9055359363555908,0.8461853861808777,-0.35622841119766235,-0.31028103828430176,1.0,0.0,20.0,1.0,1.1412858963012695,1.060739517211914,0.026657995838313714,187.64679768438393,143.19497378223323,188.0,143.0,13.20859694480896,13.228670835494995,13.249395608901978,528,8,a6000000a5000000,166,165,13.268270492553711,1,1,1,1,1,1779092788.260794
13.301281738281306,0,sine_high_wl5m,2.0,-0.933227179329588,-0.04318253695964813,0.03199951350688934,0.16178494691848755,16.571253143931838,46.34318760701883,0.0,0.0,0.0,-0.4136655721109927,0.9104289068620818,0.8223134369247113,-0.941660362833061,0.0,0.0,0.0,0.008535790050783131,0.0,2.0,0.895731791567035,2.0,0.895731791567035,2.6020263985110423,1.0,0.6020263985110423,0.10426820843296503,0.9055359363555908,0.8461853861808777,-0.35622841119766235,-0.31028103828430176,1.0,0.0,20.0,1.0,1.1412858963012695,1.060739517211914,0.026657995838313714,187.64679768438393,143.19497378223323,188.0,143.0,13.30863642692566,13.32839035987854,13.34850549697876,528,8,a0000000ab000000,160,171,13.268270492553711,1,1,1,1,1,1779092788.260794
13.351281738281306,0,sine_high_wl5m,2.0,-0.9463626990705666,-0.04318253695964813,0.03199951350688934,0.16178494691848755,16.571253143931838,46.34318760701883,0.0,0.0,0.0,-0.4136655721109927,0.9104289068620818,0.8223134369247113,-0.941660362833061,0.0,0.0,0.0,0.008535790050783131,0.0,2.0,0.7888202301832793,2.0,0.7888202301832793,2.552079347504988,1.0,0.5520793475049879,0.2111797698167207,0.9101776480674744,0.8661351203918457,-0.32284557819366455,-0.2898479104042053,1.0,0.0,20.0,1.0,1.142594337463379,1.1091296672821045,0.025509289029326927,184.99398690749913,145.84778455911803,185.0,146.0,13.30863642692566,13.32839035987854,13.34850549697876,528,8,a0000000ab000000,160,171,13.368272304534912,1,1,1,1,1,1779092788.3625832
13.401281738281307,0,sine_high_wl5m,2.0,-0.9481035916557479,-0.04118134826421738,0.03048420324921608,0.16021987795829773,16.606053747168467,46.30335427713611,0.0,0.0,0.0,-0.4135215603211041,0.9104943268080254,0.8313624729683405,-0.951415073231227,0.0,0.0,0.0,0.00920886614508279,0.0,2.0,0.7888202301832793,2.0,0.7888202301832793,2.552079347504988,1.0,0.5520793475049879,0.2111797698167207,0.9101776480674744,0.8661351203918457,-0.32284557819366455,-0.2898479104042053,1.0,0.0,20.0,1.0,1.142594337463379,1.1091296672821045,0.025509289029326927,184.99398690749913,145.84778455911803,185.0,146.0,13.408634901046753,13.428674936294556,13.448447227478027,528,8,9b000000b0000000,155,176,13.368272304534912,1,1,1,1,1,1779092788.3625832
13.451281738281308,0,sine_high_wl5m,2.0,-0.937292529934834,-0.04118134826421738,0.03048420324921608,0.16021987795829773,16.606053747168467,46.30335427713611,0.0,0.0,0.0,-0.4135215603211041,0.9104943268080254,0.8313624729683405,-0.951415073231227,0.0,0.0,0.0,0.00920886614508279,0.0,2.0,0.6324922981225697,2.0,0.6324922981225697,2.511177570913089,0.9857328857926458,0.5111775709130888,0.35324058767007616,0.9134343862533569,0.896504819393158,-0.29379594326019287,-0.25122198462486267,1.0,0.0,20.0,1.0,1.1408545970916748,1.1515134572982788,0.025526525773899942,181.11500115954826,149.72677030706888,181.0,150.0,13.408634901046753,13.428674936294556,13.448447227478027,528,8,9b000000b0000000,155,176,13.468371391296387,1,1,1,1,1,1779092788.4607713
13.501281738281309,0,sine_high_wl5m,2.0,-0.903361619444547,-0.0381145216524601,0.029741641134023666,0.16136477887630463,16.71658449151902,46.17712807184221,0.0,0.0,0.0,-0.41277827929502625,0.9108315388381307,0.8416819707107653,-0.9600572907228626,0.0,0.0,0.0,0.00898161735881705,0.0,2.0,0.6324922981225697,2.0,0.6324922981225697,2.511177570913089,0.9857328857926458,0.5111775709130888,0.35324058767007616,0.9134343862533569,0.896504819393158,-0.29379594326019287,-0.25122198462486267,1.0,0.0,20.0,1.0,1.1408545970916748,1.1515134572982788,0.025526525773899942,181.11500115954826,149.72677030706888,181.0,150.0,13.508669137954712,13.528462171554565,13.548502922058105,528,8,96000000b5000000,150,181,13.468371391296387,1,1,1,1,1,1779092788.4607713
13.55128173828131,0,sine_high_wl5m,2.0,-0.8693150246284154,-0.0381145216524601,0.029741641134023666,0.16136477887630463,16.71658449151902,46.17712807184221,0.0,0.0,0.0,-0.41277827929502625,0.9108315388381307,0.8416819707107653,-0.9600572907228626,0.0,0.0,0.0,0.00898161735881705,0.0,2.0,0.43629117385403154,2.0,0.43629117385403154,2.42474815589022,0.7180094910626624,0.42474815589021997,0.2817183172086309,0.9250532984733582,0.8816269636154175,-0.24302127957344055,-0.19672535359859467,1.0,0.0,20.0,1.0,1.1417245864868164,1.175230622291565,0.00920886614508279,176.2466365957924,154.59513487082475,176.0,155.0,13.508669137954712,13.528462171554565,13.548502922058105,528,8,96000000b5000000,150,181,13.568313837051392,1,1,1,1,1,1779092788.5621457
13.60128173828131,0,sine_high_wl5m,2.0,-0.8019147277117247,-0.039459776133298874,0.025247538462281227,0.16042710840702057,16.814228237938686,46.06590094008573,0.0,0.0,0.0,-0.41228713459043775,0.9110539603400044,0.8514950311191375,-0.969140265509301,0.0,0.0,0.0,0.002944458808205934,0.0,2.0,0.43629117385403154,2.0,0.43629117385403154,2.42474815589022,0.7180094910626624,0.42474815589021997,0.2817183172086309,0.9250532984733582,0.8816269636154175,-0.24302127957344055,-0.19672535359859467,1.0,0.0,20.0,1.0,1.1417245864868164,1.175230622291565,0.00920886614508279,176.2466365957924,154.59513487082475,176.0,155.0,13.608698844909668,13.628372192382812,13.648452997207642,528,8,92000000b9000000,146,185,13.568313837051392,1,1,1,1,1,1779092788.5621457
13.65128173828131,0,sine_high_wl5m,2.0,-0.7467384526289247,-0.039459776133298874,0.025247538462281227,0.16042710840702057,16.814228237938686,46.06590094008573,0.0,0.0,0.0,-0.41228713459043775,0.9110539603400044,0.8514950311191375,-0.969140265509301,0.0,0.0,0.0,0.002944458808205934,0.0,2.0,0.21265875426811057,2.0,0.21265875426811057,2.270052110757805,0.3870491656581347,0.2700521107578049,0.17439041139002412,0.944075345993042,0.8117235898971558,-0.14310023188591003,-0.1015181839466095,1.0,0.0,20.0,1.0,1.1401116847991943,1.1974540948867798,0.021228374511264032,170.69761565680452,160.14415580981264,171.0,160.0,13.608698844909668,13.628372192382812,13.648452997207642,528,8,92000000b9000000,146,185,13.668281555175781,1,1,1,1,1,1779092788.6611857
13.701281738281311,0,sine_high_wl5m,2.0,-0.6500962914342343,-0.03703601285815239,0.02504122257232666,0.16096645593643188,16.854877847489863,46.01965479099964,0.0,0.0,0.0,-0.41220506614331476,0.9110910950315482,0.8692298138132335,-0.988965956475614,0.0,0.0,0.0,0.0018981259885489303,0.0,2.0,0.21265875426811057,2.0,0.21265875426811057,2.270052110757805,0.3870491656581347,0.2700521107578049,0.17439041139002412,0.944075345993042,0.8117235898971558,-0.14310023188591003,-0.1015181839466095,1.0,0.0,20.0,1.0,1.1401116847991943,1.1974540948867798,0.021228374511264032,170.69761565680452,160.14415580981264,171.0,160.0,13.708929300308228,13.72849726676941,13.748486042022705,528,8,8f000000bc000000,143,188,13.668281555175781,1,1,1,1,1,1779092788.6611857
13.751281738281312,0,sine_high_wl5m,2.0,-0.5772084808526691,-0.03703601285815239,0.02504122257232666,0.16096645593643188,16.854877847489863,46.01965479099964,0.0,0.0,0.0,-0.41220506614331476,0.9110910950315482,0.8692298138132335,-0.988965956475614,0.0,0.0,0.0,0.0018981259885489303,0.0,2.0,-0.024297892572486428,2.0,-0.024297892572486428,2.162304870648199,-0.061849667776954165,0.1623048706481991,-0.03755177520446774,0.9511635303497314,0.7287277579307556,-0.0567055344581604,0.02077367715537548,1.0,0.0,20.0,1.0,1.1400105953216553,1.2099562883377075,0.00883777375733382,164.81797889668957,166.0237925699276,165.0,166.0,13.708929300308228,13.72849726676941,13.748486042022705,528,8,8f000000bc000000,143,188,13.76839303970337,1,1,1,1,1,1779092788.7612317
13.801281738281313,0,sine_high_wl5m,2.0,-0.4573578186684169,-0.04511544480919838,0.013321999460458755,0.16100987792015076,16.930386667190866,45.93371647367611,0.0,0.0,0.0,-0.4123696891788794,0.9110165966910342,0.8644841100900245,-0.984283659403069,0.0,0.0,0.0,0.004805356498327593,0.0,2.0,-0.024297892572486428,2.0,-0.024297892572486428,2.162304870648199,-0.061849667776954165,0.1623048706481991,-0.03755177520446774,0.9511635303497314,0.7287277579307556,-0.0567055344581604,0.02077367715537548,1.0,0.0,20.0,1.0,1.1400105953216553,1.2099562883377075,0.00883777375733382,164.81797889668957,166.0237925699276,165.0,166.0,13.808619022369385,13.82838225364685,13.848386764526367,528,8,8e000000bd000000,142,189,13.76839303970337,1,1,1,1,1,1779092788.7612317
13.851281738281314,0,sine_high_wl5m,2.0,-0.3714752585529927,-0.04511544480919838,0.013321999460458755,0.16100987792015076,16.930386667190866,45.93371647367611,0.0,0.0,0.0,-0.4123696891788794,0.9110165966910342,0.8644841100900245,-0.984283659403069,0.0,0.0,0.0,0.004805356498327593,0.0,2.0,-0.25965176772687404,2.0,-0.25965176772687404,2.006765015982714,-0.5816214397390885,0.006765015982713951,-0.3219696720122145,0.990917444229126,0.6034141182899475,0.011461539193987846,0.09130682051181793,1.0,0.0,20.0,1.0,1.140056848526001,1.2154687643051147,0.0018981259885489303,158.97811192336874,171.8636595432484,159.0,172.0,13.808619022369385,13.82838225364685,13.848386764526367,528,8,8e000000bd000000,142,189,13.868356466293335,1,1,1,1,1,1779092788.862111
13.901281738281314,0,sine_high_wl5m,2.0,-0.23588430780744576,-0.045803047716617584,0.012574691325426102,0.161367729306221,17.024047388909377,45.827170488145605,0.0,0.0,0.0,-0.4120386644749098,0.9111663618559087,0.8783747377394681,-0.9986347387637744,0.0,0.0,0.0,0.004082358515517319,0.0,2.0,-0.25965176772687404,2.0,-0.25965176772687404,2.006765015982714,-0.5816214397390885,0.006765015982713951,-0.3219696720122145,0.990917444229126,0.6034141182899475,0.011461539193987846,0.09130682051181793,1.0,0.0,20.0,1.0,1.140056848526001,1.2154687643051147,0.0018981259885489303,158.97811192336874,171.8636595432484,159.0,172.0,13.908711671829224,13.928451776504517,13.948370218276978,528,8,8e000000bd000000,142,189,13.868356466293335,1,1,1,1,1,1779092788.862111
13.951281738281315,0,sine_high_wl5m,2.0,-0.14237966689738005,-0.045803047716617584,0.012574691325426102,0.161367729306221,17.024047388909377,45.827170488145605,0.0,0.0,0.0,-0.4120386644749098,0.9111663618559087,0.8783747377394681,-0.9986347387637744,0.0,0.0,0.0,0.004082358515517319,0.0,2.0,-0.4788275282916915,2.0,-0.4788275282916915,1.9373368244413873,-1.0,-0.06266317555861267,-0.5211724717083085,1.0197112560272217,0.4941388964653015,0.024475833401083946,0.17312347888946533,1.0,0.0,20.0,1.0,1.140233039855957,1.2293142080307007,0.004806694096228481,153.5396746567832,177.30209680983396,154.0,177.0,13.908711671829224,13.928451776504517,13.948370218276978,528,8,8e000000bd000000,142,189,13.968464136123657,1,1,1,1,1,1779092788.9612942
14.001281738281316,0,s0_stop,0.0,0.0,-0.04940946027636528,0.01912805438041687,0.1613084375858307,17.095957012917637,45.745479318419385,0.0,0.0,0.0,-0.4118168408838341,0.9112666402126541,0.8788608424172917,-0.9982069630243219,0.0,0.0,0.0,-0.005123193323209947,0.0,2.0,-0.4788275282916915,2.0,-0.4788275282916915,1.9373368244413873,-1.0,-0.06266317555861267,-0.5211724717083085,1.0197112560272217,0.4941388964653015,0.024475833401083946,0.17312347888946533,1.0,0.0,20.0,1.0,1.140233039855957,1.2293142080307007,0.004806694096228481,153.5396746567832,177.30209680983396,154.0,177.0,14.009927749633789,14.03015661239624,14.050142526626587,528,8,90000000bb000000,144,187,13.968464136123657,1,1,1,1,1,1779092788.9612942
14.051281738281316,0,s0_stop,0.0,0.0,-0.04940946027636528,0.01912805438041687,0.1613084375858307,17.095957012917637,45.745479318419385,0.0,0.0,0.0,-0.4118168408838341,0.9112666402126541,0.8788608424172917,-0.9982069630243219,0.0,0.0,0.0,-0.005123193323209947,0.0,2.0,-0.6677883500723729,2.0,-0.6677883500723729,1.8596665856546442,-1.0,-0.14033341434535584,-0.3322116499276271,1.0537174940109253,0.4301062822341919,0.04043678566813469,0.21967777609825134,1.0,0.0,20.0,1.0,1.139949083328247,1.2355546951293945,0.004082358515517319,148.85096468060505,181.99080678601206,149.0,182.0,14.009927749633789,14.03015661239624,14.050142526626587,528,8,90000000bb000000,144,187,14.070036888122559,1,1,1,1,1,1779092789.0611405
14.101281738281317,0,s0_stop,0.0,0.0,0.06287923455238342,0.012042679823935032,0.16006839275360107,17.183103171352368,45.64647373254371,0.0,0.0,0.0,-0.4118728264494142,0.9112413373155164,0.8875255620312459,-1.0082980957461056,0.0,0.0,0.0,-0.012482322351104639,0.0,2.0,-0.6677883500723729,2.0,-0.6677883500723729,1.8596665856546442,-1.0,-0.14033341434535584,-0.3322116499276271,1.0537174940109253,0.4301062822341919,0.04043678566813469,0.21967777609825134,1.0,0.0,20.0,1.0,1.139949083328247,1.2355546951293945,0.004082358515517319,148.85096468060505,181.99080678601206,149.0,182.0,14.110697269439697,14.130452394485474,14.150068044662476,528,8,93000000b8000000,147,184,14.070036888122559,1,1,1,1,1,1779092789.0611405
14.151281738281318,0,s0_stop,0.0,0.0,0.06287923455238342,0.012042679823935032,0.16006839275360107,17.183103171352368,45.64647373254371,0.0,0.0,0.0,-0.4118728264494142,0.9112413373155164,0.8875255620312459,-1.0082980957461056,0.0,0.0,0.0,-0.012482322351104639,0.0,2.0,-0.8148289690941519,2.0,-0.8148289690941519,1.7941601160055074,-1.0,-0.2058398839944926,-0.18517103090584808,1.0863252878189087,0.3764045238494873,0.05095849558711052,0.25836610794067383,1.0,0.0,20.0,1.0,1.1401009559631348,1.2504167556762695,-0.0183042389150178,145.20242626500158,185.63934520161558,145.0,186.0,14.110697269439697,14.130452394485474,14.150068044662476,528,8,93000000b8000000,147,184,14.169716358184814,1,1,1,1,1,1779092789.1610622
14.201281738281319,0,s0_stop,0.0,0.0,0.33745723962783813,0.021415909752249718,0.16803890466690063,17.351378107126813,45.45546103035455,0.0,0.0,0.0,-0.41150926297845397,0.9114055773819522,0.9191134857813171,-1.0425061083385418,0.0,0.0,0.0,-0.0035803834459833908,0.0,2.0,-0.8148289690941519,2.0,-0.8148289690941519,1.7941601160055074,-1.0,-0.2058398839944926,-0.18517103090584808,1.0863252878189087,0.3764045238494873,0.05095849558711052,0.25836610794067383,1.0,0.0,20.0,1.0,1.1401009559631348,1.2504167556762695,-0.0183042389150178,145.20242626500158,185.63934520161558,145.0,186.0,14.210071086883545,14.229899644851685,14.249752521514893,528,8,97000000b4000000,151,180,14.169716358184814,1,1,1,1,1,1779092789.1610622
14.25128173828132,0,s0_stop,0.0,0.0,0.33745723962783813,0.021415909752249718,0.16803890466690063,17.351378107126813,45.45546103035455,0.0,0.0,0.0,-0.41150926297845397,0.9114055773819522,0.9191134857813171,-1.0425061083385418,0.0,0.0,0.0,-0.0035803834459833908,0.0,2.0,-0.9106992528568653,2.0,-0.9106992528568653,1.7599833989987244,-1.0,-0.24001660100127564,-0.08930074714313474,1.1039478778839111,0.3522242307662964,0.057070061564445496,0.27608639001846313,1.0,0.0,20.0,1.0,1.140094518661499,1.2648042440414429,-0.0016986750395611618,142.82358417667183,188.0181872899453,143.0,188.0,14.210071086883545,14.229899644851685,14.249752521514893,528,8,97000000b4000000,151,180,14.269685506820679,1,1,1,1,1,1779092789.261121
14.30128173828132,0,s0_stop,0.0,0.0,0.5791143178939819,0.02246149629354477,0.1681821048259735,17.61825560784268,45.15318558984243,0.0,0.0,0.0,-0.41058931101094454,0.9118203867448664,0.9344388888665631,-1.0555864889146542,0.0,0.0,0.0,0.04393329653439671,0.0,2.0,-0.9106992528568653,2.0,-0.9106992528568653,1.7599833989987244,-1.0,-0.24001660100127564,-0.08930074714313474,1.1039478778839111,0.3522242307662964,0.057070061564445496,0.27608639001846313,1.0,0.0,20.0,1.0,1.140094518661499,1.2648042440414429,-0.0016986750395611618,142.82358417667183,188.0181872899453,143.0,188.0,14.310649156570435,14.3304443359375,14.349726676940918,528,8,9c000000af000000,156,175,14.269685506820679,1,1,1,1,1,1779092789.261121
14.35128173828132,0,s0_stop,0.0,0.0,0.5791143178939819,0.02246149629354477,0.1681821048259735,17.61825560784268,45.15318558984243,0.0,0.0,0.0,-0.41058931101094454,0.9118203867448664,0.9344388888665631,-1.0555864889146542,0.0,0.0,0.0,0.04393329653439671,0.0,2.0,-0.9493388793517787,2.0,-0.9493388793517787,1.7529328449145818,-1.0,-0.2470671550854182,-0.05066112064822126,1.1078097820281982,0.34578651189804077,0.05808384716510773,0.2807338833808899,1.0,0.0,20.0,1.0,1.1396520137786865,1.2909061908721924,0.025246978711339414,141.8648139907929,188.9769574758242,142.0,189.0,14.310649156570435,14.3304443359375,14.349726676940918,528,8,9c000000af000000,156,175,14.369714498519897,1,1,1,1,1,1779092789.3611002
14.401281738281321,0,s0_stop,0.0,0.0,0.7588459253311157,0.012317582964897156,0.16524532437324524,17.9047788076295,44.830899446603546,0.0,0.0,0.0,-0.4087469962134648,0.912647737676739,0.9254114832541219,-1.0369195592376785,0.0,0.0,0.0,0.017210850231214075,0.0,2.0,-0.9493388793517787,2.0,-0.9493388793517787,1.7529328449145818,-1.0,-0.2470671550854182,-0.05066112064822126,1.1078097820281982,0.34578651189804077,0.05808384716510773,0.2807338833808899,1.0,0.0,20.0,1.0,1.1396520137786865,1.2909061908721924,0.025246978711339414,141.8648139907929,188.9769574758242,142.0,189.0,14.409927368164062,14.429924488067627,14.44987154006958,528,8,a2000000a9000000,162,169,14.369714498519897,1,1,1,1,1,1779092789.3611002
14.451281738281322,0,s0_stop,0.0,0.0,0.7588459253311157,0.012317582964897156,0.16524532437324524,17.9047788076295,44.830899446603546,0.0,0.0,0.0,-0.4087469962134648,0.912647737676739,0.9254114832541219,-1.0369195592376785,0.0,0.0,0.0,0.017210850231214075,0.0,2.0,-0.9283233764957126,2.0,-0.9283233764957126,1.759226149422095,-1.0,-0.2407738505779049,-0.07167662350428738,1.1053119897842407,0.34733718633651733,0.05550624430179596,0.2797822058200836,1.0,0.0,20.0,1.0,1.1398909091949463,1.3123372793197632,-0.021521842382414,142.3862744552801,188.45549701133706,142.0,188.0,14.409927368164062,14.429924488067627,14.44987154006958,528,8,a2000000a9000000,162,169,14.469646453857422,1,1,1,1,1,1779092789.4610891
14.501281738281323,0,s0_stop,0.0,0.0,0.8911235332489014,0.016802340745925903,0.1609552502632141,18.131003981938616,44.57834523903418,0.0,0.0,0.0,-0.40738409062675623,0.9132569204250307,0.8663069017712934,-0.9648785963481176,0.0,0.0,0.0,0.02560173722955199,0.0,2.0,-0.9283233764957126,2.0,-0.9283233764957126,1.759226149422095,-1.0,-0.2407738505779049,-0.07167662350428738,1.1053119897842407,0.34733718633651733,0.05550624430179596,0.2797822058200836,1.0,0.0,20.0,1.0,1.1398909091949463,1.3123372793197632,-0.021521842382414,142.3862744552801,188.45549701133706,142.0,188.0,14.509922504425049,14.53004789352417,14.549772262573242,528,8,0000000000000000,0,0,14.469646453857422,1,1,1,1,1,1779092789.4610891
14.551281738281324,0,s0_stop,0.0,0.0,0.8911235332489014,0.016802340745925903,0.1609552502632141,18.131003981938616,44.57834523903418,0.0,0.0,0.0,-0.40738409062675623,0.9132569204250307,0.8663069017712934,-0.9648785963481176,0.0,0.0,0.0,0.02560173722955199,0.0,2.0,-0.8489868812486162,2.0,-0.8489868812486162,1.7853232348238806,-1.0,-0.21467676517611944,-0.1510131187513838,1.0930705070495605,0.36098712682724,0.04851582646369934,0.26929548382759094,1.0,0.0,20.0,1.0,1.1403708457946777,1.3284305334091187,0.017148968167167968,144.35486145249274,186.4869100141244,144.0,186.0,14.509922504425049,14.53004789352417,14.549772262573242,528,8,0000000000000000,0,0,14.569736003875732,1,1,1,1,1,1779092789.561185
14.601281738281324,0,s0_stop,0.0,0.0,0.9910966753959656,0.01100220624357462,0.17497459053993225,18.18020634806497,44.52360076540231,0.0,0.0,0.0,-0.4070588869852363,0.9134019172994661,0.8003019682419051,-0.8900874743155959,0.0,0.0,0.0,-2.0874426667660123e-05,0.0,2.0,-0.8489868812486162,2.0,-0.8489868812486162,1.7853232348238806,-1.0,-0.21467676517611944,-0.1510131187513838,1.0930705070495605,0.36098712682724,0.04851582646369934,0.26929548382759094,1.0,0.0,20.0,1.0,1.1403708457946777,1.3284305334091187,0.017148968167167968,144.35486145249274,186.4869100141244,144.0,186.0,14.610238075256348,14.63015866279602,14.650055646896362,528,8,0000000000000000,0,0,14.569736003875732,1,1,1,1,1,1779092789.561185
14.651281738281325,0,s0_stop,0.0,0.0,0.9910966753959656,0.01100220624357462,0.17497459053993225,18.18020634806497,44.52360076540231,0.0,0.0,0.0,-0.4070588869852363,0.9134019172994661,0.8003019682419051,-0.8900874743155959,0.0,0.0,0.0,-2.0874426667660123e-05,0.0,2.0,-0.7162965274243062,2.0,-0.7162965274243062,1.8111004123953238,-1.0,-0.18889958760467618,-0.28370347257569384,1.0816400051116943,0.38352638483047485,0.04104134067893028,0.2527795732021332,1.0,0.0,20.0,1.0,1.139613389968872,1.3409451246261597,0.004724253221134434,147.64732483117533,183.19444663544184,148.0,183.0,14.610238075256348,14.63015866279602,14.650055646896362,528,8,0000000000000000,0,0,14.669743299484253,1,1,1,1,1,1779092789.6613073
14.701281738281326,0,s0_stop,0.0,0.0,1.060739517211914,0.009233403019607067,0.18168078362941742,18.19822849741226,44.50356304082025,0.0,0.0,0.0,-0.4069261616744745,0.9134610549688911,0.7649801299453374,-0.8503057574720551,0.0,0.0,0.0,0.015461756815214903,0.0,2.0,-0.7162965274243062,2.0,-0.7162965274243062,1.8111004123953238,-1.0,-0.18889958760467618,-0.28370347257569384,1.0816400051116943,0.38352638483047485,0.04104134067893028,0.2527795732021332,1.0,0.0,20.0,1.0,1.139613389968872,1.3409451246261597,0.004724253221134434,147.64732483117533,183.19444663544184,148.0,183.0,14.710214614868164,14.730119466781616,14.749974489212036,528,8,0000000000000000,0,0,14.669743299484253,1,1,1,1,1,1779092789.6613073
14.751281738281326,0,s0_stop,0.0,0.0,1.060739517211914,0.009233403019607067,0.18168078362941742,18.19822849741226,44.50356304082025,0.0,0.0,0.0,-0.4069261616744745,0.9134610549688911,0.7649801299453374,-0.8503057574720551,0.0,0.0,0.0,0.015461756815214903,0.0,2.0,-0.5385740848800054,2.0,-0.5385740848800054,1.8653299286940097,-1.0,-0.1346700713059903,-0.46142591511999465,1.0587670803070068,0.4342629909515381,0.025050077587366104,0.2112269401550293,1.0,0.0,20.0,1.0,1.139338731765747,1.3406076431274414,0.022235416931568216,152.0571754102301,178.78459605638707,152.0,179.0,14.710214614868164,14.730119466781616,14.749974489212036,528,8,0000000000000000,0,0,14.769789695739746,1,1,1,1,1,1779092789.761194
14.801281738281327,0,s0_stop,0.0,0.0,1.1091296672821045,0.008997829630970955,0.17827491462230682,18.211784745467778,44.488499828895854,0.0,0.0,0.0,-0.406803802332286,0.9135155534570796,0.7429634793566269,-0.8253885604827451,0.0,0.0,0.0,0.0210400416483114,0.0,2.0,-0.5385740848800054,2.0,-0.5385740848800054,1.8653299286940097,-1.0,-0.1346700713059903,-0.46142591511999465,1.0587670803070068,0.4342629909515381,0.025050077587366104,0.2112269401550293,1.0,0.0,20.0,1.0,1.139338731765747,1.3406076431274414,0.022235416931568216,152.0571754102301,178.78459605638707,152.0,179.0,14.810394763946533,14.830080032348633,14.850014448165894,528,8,0000000000000000,0,0,14.769789695739746,1,1,1,1,1,1779092789.761194
14.851281738281328,0,s0_stop,0.0,0.0,1.1091296672821045,0.008997829630970955,0.17827491462230682,18.211784745467778,44.488499828895854,0.0,0.0,0.0,-0.406803802332286,0.9135155534570796,0.7429634793566269,-0.8253885604827451,0.0,0.0,0.0,0.0210400416483114,0.0,2.0,-0.3270027645420613,2.0,-0.3270027645420613,1.943682870483556,-0.8921758404018864,-0.056317129516443964,-0.565173075859825,1.0288379192352295,0.5286474227905273,0.00026535987854003906,0.14464369416236877,1.0,0.0,20.0,1.0,1.1401135921478271,1.3438472747802734,0.00309276144139781,157.30692269114033,173.53484877547683,157.0,174.0,14.810394763946533,14.830080032348633,14.850014448165894,528,8,0000000000000000,0,0,14.869688510894775,1,1,1,1,1,1779092789.8612003
14.901281738281329,0,s0_stop,0.0,0.0,1.1515134572982788,0.015148935839533806,0.15979298949241638,18.21642971593531,44.48334109957422,0.0,0.0,0.0,-0.40673518964498573,0.9135461047503063,0.7341882051496482,-0.8153933911910052,0.0,0.0,0.0,0.021960665575002793,0.0,2.0,-0.3270027645420613,2.0,-0.3270027645420613,1.943682870483556,-0.8921758404018864,-0.056317129516443964,-0.565173075859825,1.0288379192352295,0.5286474227905273,0.00026535987854003906,0.14464369416236877,1.0,0.0,20.0,1.0,1.1401135921478271,1.3438472747802734,0.00309276144139781,157.30692269114033,173.53484877547683,157.0,174.0,14.910423278808594,14.93046498298645,14.949932098388672,528,8,0000000000000000,0,0,14.869688510894775,1,1,1,1,1,1779092789.8612003
14.95128173828133,0,s0_stop,0.0,0.0,1.1515134572982788,0.015148935839533806,0.15979298949241638,18.21642971593531,44.48334109957422,0.0,0.0,0.0,-0.40673518964498573,0.9135461047503063,0.7341882051496482,-0.8153933911910052,0.0,0.0,0.0,0.021960665575002793,0.0,2.0,-0.09488970650565379,2.0,-0.09488970650565379,2.0537012404042896,-0.2795138181957987,0.053701240404289585,-0.1846241116901449,0.9964714646339417,0.6486376523971558,-0.04645468294620514,0.08641348034143448,1.0,0.0,20.0,1.0,1.139969825744629,1.335739016532898,0.02755046279359255,163.06637483873774,167.77539662787942,163.0,168.0,14.910423278808594,14.93046498298645,14.949932098388672,528,8,0000000000000000,0,0,14.96968698501587,1,1,1,1,1,1779092789.9611475
15.00128173828133,0,s0_stop,0.0,0.0,1.175230622291565,-0.00020954571664333344,0.18137182295322418,18.217149851280453,44.48254135104076,0.0,0.0,0.0,-0.40672448969807024,0.9135508685781237,0.7297575643109253,-0.8104345186975879,0.0,0.0,0.0,0.0221042615364354,0.0,2.0,-0.09488970650565379,2.0,-0.09488970650565379,2.0537012404042896,-0.2795138181957987,0.053701240404289585,-0.1846241116901449,0.9964714646339417,0.6486376523971558,-0.04645468294620514,0.08641348034143448,1.0,0.0,20.0,1.0,1.139969825744629,1.335739016532898,0.02755046279359255,163.06637483873774,167.77539662787942,163.0,168.0,15.01006817817688,15.029816389083862,15.04979658126831,528,8,0000000000000000,0,0,14.96968698501587,1,1,1,1,1,1779092789.9611475
15.05128173828133,0,s0_stop,0.0,0.0,1.175230622291565,-0.00020954571664333344,0.18137182295322418,18.217149851280453,44.48254135104076,0.0,0.0,0.0,-0.40672448969807024,0.9135508685781237,0.7297575643109253,-0.8104345186975879,0.0,0.0,0.0,0.0221042615364354,0.0,0.0,0.0,0.0,0.0,-0.11600681705908257,-0.054285032448038846,-0.11600681705908257,-0.054285032448038846,0.9958969354629517,0.6654356122016907,0.1155308336019516,0.03612319380044937,1.0,0.0,20.0,1.0,1.141282320022583,1.3232768774032593,0.022841406489423465,0.0,0.0,0.0,0.0,15.01006817817688,15.029816389083862,15.04979658126831,528,8,0000000000000000,0,0,15.069685220718384,1,1,1,1,1,1779092790.0627084
15.101281738281331,0,s0_stop,0.0,0.0,1.1974540948867798,0.0037462152540683746,0.17869576811790466,18.22341553198304,44.475584980262596,0.0,0.0,0.0,-0.4066591839478518,0.9135799407336324,0.7209725284240742,-0.8004481023933773,0.0,0.0,0.0,0.011725152249410488,0.0,0.0,0.0,0.0,0.0,-0.11600681705908257,-0.054285032448038846,-0.11600681705908257,-0.054285032448038846,0.9958969354629517,0.6654356122016907,0.1155308336019516,0.03612319380044937,1.0,0.0,20.0,1.0,1.141282320022583,1.3232768774032593,0.022841406489423465,0.0,0.0,0.0,0.0,15.10993766784668,15.130236625671387,15.149839162826538,528,8,0000000000000000,0,0,15.069685220718384,1,1,1,1,1,1779092790.0627084
15.151281738281332,0,s0_stop,0.0,0.0,1.1974540948867798,0.0037462152540683746,0.17869576811790466,18.22341553198304,44.475584980262596,0.0,0.0,0.0,-0.4066591839478518,0.9135799407336324,0.7209725284240742,-0.8004481023933773,0.0,0.0,0.0,0.011725152249410488,0.0,0.0,0.0,0.0,0.0,-0.10513720295780832,-0.01844904719285551,-0.10513720295780832,-0.01844904719285551,1.005098581314087,0.6598109006881714,0.10567325353622437,0.012172882445156574,1.0,0.0,20.0,1.0,1.1415634155273438,1.3123992681503296,-0.002302653515707043,0.0,0.0,0.0,0.0,15.10993766784668,15.130236625671387,15.149839162826538,528,8,0000000000000000,0,0,15.169665813446045,1,1,1,1,1,1779092790.162522
15.201281738281333,0,s0_stop,0.0,0.0,1.2099562883377075,0.009112121537327766,0.1722448617219925,18.224141303393672,44.47477920413472,0.0,0.0,0.0,-0.40665922455271075,0.9135799226593084,0.7120715627366316,-0.7905660903524772,0.0,0.0,0.0,0.008333780211699731,0.0,0.0,0.0,0.0,0.0,-0.10513720295780832,-0.01844904719285551,-0.10513720295780832,-0.01844904719285551,1.005098581314087,0.6598109006881714,0.10567325353622437,0.012172882445156574,1.0,0.0,20.0,1.0,1.1415634155273438,1.3123992681503296,-0.002302653515707043,0.0,0.0,0.0,0.0,15.210048198699951,15.230187892913818,15.249964237213135,528,8,0000000000000000,0,0,15.169665813446045,1,1,1,1,1,1779092790.162522
15.251281738281333,0,s0_stop,0.0,0.0,1.2099562883377075,0.009112121537327766,0.1722448617219925,18.224141303393672,44.47477920413472,0.0,0.0,0.0,-0.40665922455271075,0.9135799226593084,0.7120715627366316,-0.7905660903524772,0.0,0.0,0.0,0.008333780211699731,0.0,0.0,0.0,0.0,0.0,-0.10139881218536428,-0.013226793255268935,-0.10139881218536428,-0.013226793255268935,0.999095618724823,0.6661458015441895,0.10130710899829865,0.008810972794890404,1.0,0.0,20.0,1.0,1.1414363384246826,1.280240774154663,0.03390311160947884,0.0,0.0,0.0,0.0,15.210048198699951,15.230187892913818,15.249964237213135,528,8,0000000000000000,0,0,15.269716024398804,1,1,1,1,1,1779092790.2625027
15.301281738281334,0,s0_stop,0.0,0.0,1.2154687643051147,0.011813785880804062,0.18186816573143005,18.2290887870794,44.46928646464608,0.0,0.0,0.0,-0.40665404163139757,0.913582229700671,0.7076300294282928,-0.7856170232955876,0.0,0.0,0.0,-0.002833706035146443,0.0,0.0,0.0,0.0,0.0,-0.10139881218536428,-0.013226793255268935,-0.10139881218536428,-0.013226793255268935,0.999095618724823,0.6661458015441895,0.10130710899829865,0.008810972794890404,1.0,0.0,20.0,1.0,1.1414363384246826,1.280240774154663,0.03390311160947884,0.0,0.0,0.0,0.0,15.3099946975708,15.329911947250366,15.349653720855713,528,8,0000000000000000,0,0,15.269716024398804,1,1,1,1,1,1779092790.2625027
15.351281738281335,0,s0_stop,0.0,0.0,1.2154687643051147,0.011813785880804062,0.18186816573143005,18.2290887870794,44.46928646464608,0.0,0.0,0.0,-0.40665404163139757,0.913582229700671,0.7076300294282928,-0.7856170232955876,0.0,0.0,0.0,-0.002833706035146443,0.0,0.0,0.0,0.0,0.0,-0.09560088987094477,0.00032224728535105117,-0.09560088987094477,0.00032224728535105117,0.9860439896583557,0.6748282313346863,0.09426668286323547,-0.00021746156562585384,1.0,0.0,20.0,1.0,1.14133620262146,1.1682466268539429,0.0221042615364354,0.0,0.0,0.0,0.0,15.3099946975708,15.329911947250366,15.349653720855713,528,8,0000000000000000,0,0,15.36977505683899,1,1,1,1,1,1779092790.3624032
15.401281738281336,0,s0_stop,0.0,0.0,1.2293142080307007,0.0015330580063164234,0.16041627526283264,18.23071489361373,44.46748119070735,0.0,0.0,0.0,-0.40664854280396917,0.9135846773208318,0.6987383609634126,-0.7757266368516093,0.0,0.0,0.0,0.0018069986855544498,0.0,0.0,0.0,0.0,0.0,-0.09560088987094477,0.00032224728535105117,-0.09560088987094477,0.00032224728535105117,0.9860439896583557,0.6748282313346863,0.09426668286323547,-0.00021746156562585384,1.0,0.0,20.0,1.0,1.14133620262146,1.1682466268539429,0.0221042615364354,0.0,0.0,0.0,0.0,15.40992259979248,15.429833889007568,15.449732303619385,528,8,0000000000000000,0,0,15.36977505683899,1,1,1,1,1,1779092790.3624032
15.451281738281336,0,s0_stop,0.0,0.0,1.2293142080307007,0.0015330580063164234,0.16041627526283264,18.23071489361373,44.46748119070735,0.0,0.0,0.0,-0.40664854280396917,0.9135846773208318,0.6987383609634126,-0.7757266368516093,0.0,0.0,0.0,0.0018069986855544498,0.0,0.0,0.0,0.0,0.0,-0.08961086655349133,0.015939201505920486,-0.08961086655349133,0.015939201505920486,0.9697520732879639,0.6771619319915771,0.08690032362937927,-0.010793420486152172,1.0,0.0,20.0,1.0,1.1417419910430908,0.9125583171844482,0.017286286985290417,0.0,0.0,0.0,0.0,15.40992259979248,15.429833889007568,15.449732303619385,528,8,0000000000000000,0,0,15.469884634017944,1,1,1,1,1,1779092790.4624631
15.501281738281337,0,s0_stop,0.0,0.0,1.2355546951293945,0.015062220394611359,0.1768004298210144,18.23531908427763,44.46237006700572,0.0,0.0,0.0,-0.40663231506067915,0.913591900329897,0.6898644417662979,-0.7658202617168925,0.0,0.0,0.0,0.00777555332682013,0.0,0.0,0.0,0.0,0.0,-0.08961086655349133,0.015939201505920486,-0.08961086655349133,0.015939201505920486,0.9697520732879639,0.6771619319915771,0.08690032362937927,-0.010793420486152172,1.0,0.0,20.0,1.0,1.1417419910430908,0.9125583171844482,0.017286286985290417,0.0,0.0,0.0,0.0,15.510079622268677,15.529889822006226,15.549750328063965,528,8,0000000000000000,0,0,15.469884634017944,1,1,1,1,1,1779092790.4624631
15.551281738281338,0,s0_stop,0.0,0.0,1.2355546951293945,0.015062220394611359,0.1768004298210144,18.23531908427763,44.46237006700572,0.0,0.0,0.0,-0.40663231506067915,0.913591900329897,0.6898644417662979,-0.7658202617168925,0.0,0.0,0.0,0.00777555332682013,0.0,0.0,0.0,0.0,0.0,-0.08622677237292511,0.022466843825648355,-0.08622677237292511,0.022466843825648355,0.9621661305427551,0.6760822534561157,0.08296447992324829,-0.01518943440169096,1.0,0.0,20.0,1.0,1.1415188312530518,0.6410473585128784,0.010965728405862732,0.0,0.0,0.0,0.0,15.510079622268677,15.529889822006226,15.549750328063965,528,8,0000000000000000,0,0,15.569626331329346,1,1,1,1,1,1779092790.5625567
15.601281738281338,0,s0_stop,0.0,0.0,1.2504167556762695,0.006615387741476297,0.16709135472774506,18.23668966551674,44.46084861469527,0.0,0.0,0.0,-0.4066273299042139,0.9135941191661479,0.6854220070962131,-0.7608720056654158,0.0,0.0,0.0,0.007585306277144931,0.0,0.0,0.0,0.0,0.0,-0.08622677237292511,0.022466843825648355,-0.08622677237292511,0.022466843825648355,0.9621661305427551,0.6760822534561157,0.08296447992324829,-0.01518943440169096,1.0,0.0,20.0,1.0,1.1415188312530518,0.6410473585128784,0.010965728405862732,0.0,0.0,0.0,0.0,15.610020637512207,15.630299091339111,15.650043964385986,528,8,0000000000000000,0,0,15.569626331329346,1,1,1,1,1,1779092790.5625567
15.65128173828134,0,s0_stop,0.0,0.0,1.2504167556762695,0.006615387741476297,0.16709135472774506,18.23668966551674,44.46084861469527,0.0,0.0,0.0,-0.4066273299042139,0.9135941191661479,0.6854220070962131,-0.7608720056654158,0.0,0.0,0.0,0.007585306277144931,0.0,0.0,0.0,0.0,0.0,-0.0785979903159529,0.03970701981466632,-0.0785979903159529,0.03970701981466632,0.9504075646400452,0.675362229347229,0.07470012456178665,-0.02681662142276764,1.0,0.0,20.0,1.0,1.1423792839050293,0.4228183925151825,-0.00732680178383265,0.0,0.0,0.0,0.0,15.610020637512207,15.630299091339111,15.650043964385986,528,8,0000000000000000,0,0,15.669828414916992,1,1,1,1,1,1779092790.662551
15.70128173828134,0,s0_stop,0.0,0.0,1.2648042440414429,0.00815992709249258,0.19701576232910156,18.24205709926063,44.45489103014045,0.0,0.0,0.0,-0.4066011568142945,0.9136057679750481,0.6765634506908303,-0.7509517874867537,0.0,0.0,0.0,0.01119039823506589,0.0,0.0,0.0,0.0,0.0,-0.0785979903159529,0.03970701981466632,-0.0785979903159529,0.03970701981466632,0.9504075646400452,0.675362229347229,0.07470012456178665,-0.02681662142276764,1.0,0.0,20.0,1.0,1.1423792839050293,0.4228183925151825,-0.00732680178383265,0.0,0.0,0.0,0.0,15.710302352905273,15.730448007583618,15.74974536895752,528,8,0000000000000000,0,0,15.669828414916992,1,1,1,1,1,1779092790.662551
15.75128173828134,0,s0_stop,0.0,0.0,1.2648042440414429,0.00815992709249258,0.19701576232910156,18.24205709926063,44.45489103014045,0.0,0.0,0.0,-0.4066011568142945,0.9136057679750481,0.6765634506908303,-0.7509517874867537,0.0,0.0,0.0,0.01119039823506589,0.0,0.0,0.0,0.0,0.0,-0.07204703806473145,0.054338172764164513,-0.07204703806473145,0.054338172764164513,0.9443860054016113,0.6755228042602539,0.06804021447896957,-0.036706674844026566,1.0,0.0,20.0,1.0,1.1417019367218018,0.26400357484817505,0.0034917646596398146,0.0,0.0,0.0,0.0,15.710302352905273,15.730448007583618,15.74974536895752,528,8,0000000000000000,0,0,15.76972484588623,1,1,1,1,1,1779092790.7625127
15.801281738281341,0,s0_stop,0.0,0.0,1.2909061908721924,0.013525010086596012,0.1774032860994339,18.24333490892658,44.45347278266033,0.0,0.0,0.0,-0.4065919136034213,0.9136098816192325,0.6632251198040772,-0.7361169507328943,0.0,0.0,0.0,0.01285976892925262,0.0,0.0,0.0,0.0,0.0,-0.07204703806473145,0.054338172764164513,-0.07204703806473145,0.054338172764164513,0.9443860054016113,0.6755228042602539,0.06804021447896957,-0.036706674844026566,1.0,0.0,20.0,1.0,1.1417019367218018,0.26400357484817505,0.0034917646596398146,0.0,0.0,0.0,0.0,15.810201168060303,15.8299880027771,15.849831819534302,528,8,0000000000000000,0,0,15.76972484588623,1,1,1,1,1,1779092790.7625127
15.851281738281342,0,s0_stop,0.0,0.0,1.2909061908721924,0.013525010086596012,0.1774032860994339,18.24333490892658,44.45347278266033,0.0,0.0,0.0,-0.4065919136034213,0.9136098816192325,0.6632251198040772,-0.7361169507328943,0.0,0.0,0.0,0.01285976892925262,0.0,0.0,0.0,0.0,0.0,-0.06899819690546845,0.06064902767505067,-0.06899819690546845,0.06064902767505067,0.9415916204452515,0.6761211156845093,0.06496812403202057,-0.04100608825683594,1.0,0.0,20.0,1.0,1.1414568424224854,0.14887884259223938,0.0034547939051295202,0.0,0.0,0.0,0.0,15.810201168060303,15.8299880027771,15.849831819534302,528,8,0000000000000000,0,0,15.869800090789795,1,1,1,1,1,1779092790.8625355
15.901281738281343,0,s0_stop,0.0,0.0,1.3123372793197632,0.014621644280850887,0.2006191611289978,18.24799218728484,44.44830462971132,0.0,0.0,0.0,-0.4065486603448527,0.9136291297741144,0.6588431733671165,-0.7311141888972212,0.0,0.0,0.0,0.01624945495804801,0.0,0.0,0.0,0.0,0.0,-0.06899819690546845,0.06064902767505067,-0.06899819690546845,0.06064902767505067,0.9415916204452515,0.6761211156845093,0.06496812403202057,-0.04100608825683594,1.0,0.0,20.0,1.0,1.1414568424224854,0.14887884259223938,0.0034547939051295202,0.0,0.0,0.0,0.0,15.91009783744812,15.93005895614624,15.94985580444336,528,8,0000000000000000,0,0,15.869800090789795,1,1,1,1,1,1779092790.8625355
15.951281738281343,0,s0_stop,0.0,0.0,1.3123372793197632,0.014621644280850887,0.2006191611289978,18.24799218728484,44.44830462971132,0.0,0.0,0.0,-0.4065486603448527,0.9136291297741144,0.6588431733671165,-0.7311141888972212,0.0,0.0,0.0,0.01624945495804801,0.0,0.0,0.0,0.0,0.0,-0.06110520014625698,0.07685646509469803,-0.06110520014625698,0.07685646509469803,0.9360233545303345,0.6790413856506348,0.05719589442014694,-0.05218872055411339,1.0,0.0,20.0,1.0,1.1416339874267578,0.07398796081542969,0.0034547939051295202,0.0,0.0,0.0,0.0,15.91009783744812,15.93005895614624,15.94985580444336,528,8,0000000000000000,0,0,15.969752311706543,1,1,1,1,1,1779092790.9625251
16.001281738281342,0,s0_stop,0.0,0.0,1.3284305334091187,0.01871746964752674,0.20115385949611664,18.249219952520022,44.44694225666703,0.0,0.0,0.0,-0.40653691589502866,0.913634355754291,0.649958429506844,-0.7212175576400163,0.0,0.0,0.0,0.017186496803013096,0.0,0.0,0.0,0.0,0.0,-0.06110520014625698,0.07685646509469803,-0.06110520014625698,0.07685646509469803,0.9360233545303345,0.6790413856506348,0.05719589442014694,-0.05218872055411339,1.0,0.0,20.0,1.0,1.1416339874267578,0.07398796081542969,0.0034547939051295202,0.0,0.0,0.0,0.0,16.010056972503662,16.030101537704468,16.050108671188354,528,8,0000000000000000,0,0,15.969752311706543,1,1,1,1,1,1779092790.9625251
16.051281738281343,0,s0_stop,0.0,0.0,1.3284305334091187,0.01871746964752674,0.20115385949611664,18.249219952520022,44.44694225666703,0.0,0.0,0.0,-0.40653691589502866,0.913634355754291,0.649958429506844,-0.7212175576400163,0.0,0.0,0.0,0.017186496803013096,0.0,0.0,0.0,0.0,0.0,-0.05827147122752771,0.10157321848587454,-0.05827147122752771,0.10157321848587454,0.9322985410690308,0.6918132305145264,0.05432640761137009,-0.07026969641447067,1.0,0.0,20.0,1.0,1.1415038108825684,0.02238360047340393,0.0014407431996074865,0.0,0.0,0.0,0.0,16.010056972503662,16.030101537704468,16.050108671188354,528,8,0000000000000000,0,0,16.069814205169678,1,1,1,1,1,1779092791.0625486
16.101281738281344,0,s0_stop,0.0,0.0,1.3409451246261597,0.028841961175203323,0.16212546825408936,18.25434879053388,44.44125315811907,0.0,0.0,0.0,-0.40645518605546765,0.9136707184366889,0.6367294893259373,-0.7062841141370696,0.0,0.0,0.0,0.023762201217238533,0.0,0.0,0.0,0.0,0.0,-0.05827147122752771,0.10157321848587454,-0.05827147122752771,0.10157321848587454,0.9322985410690308,0.6918132305145264,0.05432640761137009,-0.07026969641447067,1.0,0.0,20.0,1.0,1.1415038108825684,0.02238360047340393,0.0014407431996074865,0.0,0.0,0.0,0.0,16.110032081604004,16.130138158798218,16.149763584136963,528,8,0000000000000000,0,0,16.069814205169678,1,1,1,1,1,1779092791.0625486
16.151281738281345,0,s0_stop,0.0,0.0,1.3409451246261597,0.028841961175203323,0.16212546825408936,18.25434879053388,44.44125315811907,0.0,0.0,0.0,-0.40645518605546765,0.9136707184366889,0.6367294893259373,-0.7062841141370696,0.0,0.0,0.0,0.023762201217238533,0.0,0.0,0.0,0.0,0.0,-0.05716138479313538,0.1477721198947293,-0.05716138479313538,0.1477721198947293,0.9355625510215759,0.7311499714851379,0.05347805097699165,-0.10804358124732971,1.0,0.0,20.0,1.0,1.1414813995361328,-0.01194637082517147,-0.000354653589112072,0.0,0.0,0.0,0.0,16.110032081604004,16.130138158798218,16.149763584136963,528,8,0000000000000000,0,0,16.169726848602295,1,1,1,1,1,1779092791.1624672
16.201281738281345,0,s0_stop,0.0,0.0,1.3406076431274414,0.007807714398950338,0.18410572409629822,18.255678915862692,44.4397779115471,0.0,0.0,0.0,-0.40642776105613665,0.9136829182177457,0.6323189376785878,-0.7013071061759981,0.0,0.0,0.0,0.02485472933899429,0.0,0.0,0.0,0.0,0.0,-0.05716138479313538,0.1477721198947293,-0.05716138479313538,0.1477721198947293,0.9355625510215759,0.7311499714851379,0.05347805097699165,-0.10804358124732971,1.0,0.0,20.0,1.0,1.1414813995361328,-0.01194637082517147,-0.000354653589112072,0.0,0.0,0.0,0.0,16.210129499435425,16.230037689208984,16.250040292739868,528,8,0000000000000000,0,0,16.169726848602295,1,1,1,1,1,1779092791.1624672
16.251281738281346,0,s0_stop,0.0,0.0,1.3406076431274414,0.007807714398950338,0.18410572409629822,18.255678915862692,44.4397779115471,0.0,0.0,0.0,-0.40642776105613665,0.9136829182177457,0.6323189376785878,-0.7013071061759981,0.0,0.0,0.0,0.02485472933899429,0.0,0.0,0.0,0.0,0.0,-0.07984069975274986,0.20707601500287914,-0.07984069975274986,0.20707601500287914,0.9917628765106201,0.8231172561645508,0.07918304204940796,-0.17044784128665924,1.0,0.0,20.0,1.0,1.1399834156036377,-0.03697975352406502,-0.000354653589112072,0.0,0.0,0.0,0.0,16.210129499435425,16.230037689208984,16.250040292739868,528,8,0000000000000000,0,0,16.269912242889404,1,1,1,1,1,1779092791.2624078
16.301281738281347,0,s0_stop,0.0,0.0,1.3438472747802734,0.019155612215399742,0.1588328778743744,18.26132512700034,44.43351872641707,0.0,0.0,0.0,-0.40631717800634626,0.9137321001568015,0.6280345274073849,-0.6962163261806337,0.0,0.0,0.0,0.026436194782997247,0.0,0.0,0.0,0.0,0.0,-0.07984069975274986,0.20707601500287914,-0.07984069975274986,0.20707601500287914,0.9917628765106201,0.8231172561645508,0.07918304204940796,-0.17044784128665924,1.0,0.0,20.0,1.0,1.1399834156036377,-0.03697975352406502,-0.000354653589112072,0.0,0.0,0.0,0.0,16.310248851776123,16.330031633377075,16.349969148635864,528,8,0000000000000000,0,0,16.269912242889404,1,1,1,1,1,1779092791.2624078
16.351281738281347,0,s0_stop,0.0,0.0,1.3438472747802734,0.019155612215399742,0.1588328778743744,18.26132512700034,44.43351872641707,0.0,0.0,0.0,-0.40631717800634626,0.9137321001568015,0.6280345274073849,-0.6962163261806337,0.0,0.0,0.0,0.026436194782997247,0.0,0.0,0.0,0.0,0.0,-0.07862891579184392,0.20846484223279865,-0.07862891579184392,0.20846484223279865,0.9905346632003784,0.8225488662719727,0.07788466662168503,-0.17147251963615417,1.0,0.0,20.0,1.0,1.139798879623413,-0.05067651718854904,-0.0012579676292483607,0.0,0.0,0.0,0.0,16.310248851776123,16.330031633377075,16.349969148635864,528,8,0000000000000000,0,0,16.369819402694702,1,1,1,1,1,1779092791.3622549
16.401281738281348,0,s0_stop,0.0,0.0,1.335739016532898,0.008509211242198944,0.17159630358219147,18.262571155765336,44.4321375589254,0.0,0.0,0.0,-0.40629499228305943,0.9137419653522042,0.6147051791498962,-0.6813733633244068,0.0,0.0,0.0,0.025575860914261984,0.0,0.0,0.0,0.0,0.0,-0.07862891579184392,0.20846484223279865,-0.07862891579184392,0.20846484223279865,0.9905346632003784,0.8225488662719727,0.07788466662168503,-0.17147251963615417,1.0,0.0,20.0,1.0,1.139798879623413,-0.05067651718854904,-0.0012579676292483607,0.0,0.0,0.0,0.0,16.41045069694519,16.430176258087158,16.449907064437866,528,8,0000000000000000,0,0,16.369819402694702,1,1,1,1,1,1779092791.3622549
16.45128173828135,0,s0_stop,0.0,0.0,1.335739016532898,0.008509211242198944,0.17159630358219147,18.262571155765336,44.4321375589254,0.0,0.0,0.0,-0.40629499228305943,0.9137419653522042,0.6147051791498962,-0.6813733633244068,0.0,0.0,0.0,0.025575860914261984,0.0,0.0,0.0,0.0,0.0,-0.07806651471983662,0.2091127245208398,-0.07806651471983662,0.2091127245208398,0.9899663925170898,0.8222752809524536,0.07728322595357895,-0.17194822430610657,1.0,0.0,20.0,1.0,1.1399364471435547,-0.05740496516227722,-0.0010979786391504102,0.0,0.0,0.0,0.0,16.41045069694519,16.430176258087158,16.449907064437866,528,8,0000000000000000,0,0,16.469812154769897,1,1,1,1,1,1779092791.4628541
16.50128173828135,0,s0_stop,0.0,0.0,1.3232768774032593,0.0048394897021353245,0.19733986258506775,18.26730357592888,44.42689366464465,0.0,0.0,0.0,-0.4062177375944335,0.9137763127065945,0.6014547246118537,-0.666459207239166,0.0,0.0,0.0,0.01976676803272749,0.0,0.0,0.0,0.0,0.0,-0.07806651471983662,0.2091127245208398,-0.07806651471983662,0.2091127245208398,0.9899663925170898,0.8222752809524536,0.07728322595357895,-0.17194822430610657,1.0,0.0,20.0,1.0,1.1399364471435547,-0.05740496516227722,-0.0010979786391504102,0.0,0.0,0.0,0.0,16.510477542877197,16.53016233444214,16.550012588500977,528,8,0000000000000000,0,0,16.469812154769897,1,1,1,1,1,1779092791.4628541
16.55128173828135,0,s0_stop,0.0,0.0,1.3232768774032593,0.0048394897021353245,0.19733986258506775,18.26730357592888,44.42689366464465,0.0,0.0,0.0,-0.4062177375944335,0.9137763127065945,0.6014547246118537,-0.666459207239166,0.0,0.0,0.0,0.01976676803272749,0.0,0.0,0.0,0.0,0.0,-0.07713202306523428,0.21029351186811635,-0.07713202306523428,0.21029351186811635,0.9890678524971008,0.8215848207473755,0.07628880441188812,-0.17277395725250244,1.0,0.0,20.0,1.0,1.140174388885498,-0.05651845782995224,-0.0010979786391504102,0.0,0.0,0.0,0.0,16.510477542877197,16.53016233444214,16.550012588500977,528,8,0000000000000000,0,0,16.569806337356567,1,1,1,1,1,1779092791.5624235
16.60128173828135,0,s0_stop,0.0,0.0,1.3123992681503296,-0.00721342908218503,0.18259893357753754,18.269502781267068,44.42445705541797,0.0,0.0,0.0,-0.40619129827740574,0.913788065802851,0.5925822784768661,-0.6565514471240298,0.0,0.0,0.0,0.016055934714046424,0.0,0.0,0.0,0.0,0.0,-0.07713202306523428,0.21029351186811635,-0.07713202306523428,0.21029351186811635,0.9890678524971008,0.8215848207473755,0.07628880441188812,-0.17277395725250244,1.0,0.0,20.0,1.0,1.140174388885498,-0.05651845782995224,-0.0010979786391504102,0.0,0.0,0.0,0.0,16.610051155090332,16.630043268203735,16.64993906021118,528,8,0000000000000000,0,0,16.569806337356567,1,1,1,1,1,1779092791.5624235
16.65128173828135,0,s0_stop,0.0,0.0,1.3123992681503296,-0.00721342908218503,0.18259893357753754,18.269502781267068,44.42445705541797,0.0,0.0,0.0,-0.40619129827740574,0.913788065802851,0.5925822784768661,-0.6565514471240298,0.0,0.0,0.0,0.016055934714046424,0.0,0.0,0.0,0.0,0.0,-0.07630878742018232,0.21128833686357767,-0.07630878742018232,0.21128833686357767,0.9883180856704712,0.8209563493728638,0.07541735470294952,-0.1734585016965866,1.0,0.0,20.0,1.0,1.140089511871338,-0.054476298391819,0.0013876125794966985,0.0,0.0,0.0,0.0,16.610051155090332,16.630043268203735,16.64993906021118,528,8,0000000000000000,0,0,16.669896364212036,1,1,1,1,1,1779092791.6626277
16.701281738281352,0,s0_stop,0.0,0.0,1.280240774154663,0.0028685200959444046,0.16996271908283234,18.27438938242642,44.419044476851155,0.0,0.0,0.0,-0.40612704772975466,0.913816623345359,0.583762198492541,-0.6465964093734461,0.0,0.0,0.0,0.015764774759056167,0.0,0.0,0.0,0.0,0.0,-0.07630878742018232,0.21128833686357767,-0.07630878742018232,0.21128833686357767,0.9883180856704712,0.8209563493728638,0.07541735470294952,-0.1734585016965866,1.0,0.0,20.0,1.0,1.140089511871338,-0.054476298391819,0.0013876125794966985,0.0,0.0,0.0,0.0,16.709999799728394,16.73000454902649,16.74981379508972,528,8,0000000000000000,0,0,16.669896364212036,1,1,1,1,1,1779092791.6626277
16.751281738281353,0,s0_stop,0.0,0.0,1.280240774154663,0.0028685200959444046,0.16996271908283234,18.27438938242642,44.419044476851155,0.0,0.0,0.0,-0.40612704772975466,0.913816623345359,0.583762198492541,-0.6465964093734461,0.0,0.0,0.0,0.015764774759056167,0.0,0.0,0.0,0.0,0.0,-0.07585375128556696,0.2116344764133292,-0.07585375128556696,0.2116344764133292,0.9880270957946777,0.8209291696548462,0.07494556158781052,-0.17373691499233246,1.0,0.0,20.0,1.0,1.1400377750396729,-0.050692830234766006,-0.0007259279538101754,0.0,0.0,0.0,0.0,16.709999799728394,16.73000454902649,16.74981379508972,528,8,0000000000000000,0,0,16.769670009613037,1,1,1,1,1,1779092791.7625473
16.801281738281354,0,s0_stop,0.0,0.0,1.1682466268539429,-0.005867375060915947,0.1764068752527237,18.275460372775328,44.417858296295584,0.0,0.0,0.0,-0.4061102620582265,0.9138240832080311,0.5748731897095151,-0.6367035895759858,0.0,0.0,0.0,0.017286286985290417,0.0,0.0,0.0,0.0,0.0,-0.07585375128556696,0.2116344764133292,-0.07585375128556696,0.2116344764133292,0.9880270957946777,0.8209291696548462,0.07494556158781052,-0.17373691499233246,1.0,0.0,20.0,1.0,1.1400377750396729,-0.050692830234766006,-0.0007259279538101754,0.0,0.0,0.0,0.0,16.809921503067017,16.829955339431763,16.84975814819336,528,8,0000000000000000,0,0,16.769670009613037,1,1,1,1,1,1779092791.7625473
16.851281738281354,0,s0_stop,0.0,0.0,1.1682466268539429,-0.005867375060915947,0.1764068752527237,18.275460372775328,44.417858296295584,0.0,0.0,0.0,-0.4061102620582265,0.9138240832080311,0.5748731897095151,-0.6367035895759858,0.0,0.0,0.0,0.017286286985290417,0.0,0.0,0.0,0.0,0.0,-0.07512371728537481,0.21235233450388388,-0.07512371728537481,0.21235233450388388,0.9874825477600098,0.820663571357727,0.07418335974216461,-0.17426982522010803,1.0,0.0,20.0,1.0,1.1402523517608643,-0.051291290670633316,-0.0007259279538101754,0.0,0.0,0.0,0.0,16.809921503067017,16.829955339431763,16.84975814819336,528,8,0000000000000000,0,0,16.869751453399658,1,1,1,1,1,1779092791.8626451
16.901281738281355,0,s0_stop,0.0,0.0,0.9125583171844482,-0.005292714573442936,0.18227413296699524,18.280821118422693,44.41192320491262,0.0,0.0,0.0,-0.4060249414978671,0.9138619955341472,0.5660774650485164,-0.6267265238654859,0.0,0.0,0.0,0.02011993888710491,0.0,0.0,0.0,0.0,0.0,-0.07512371728537481,0.21235233450388388,-0.07512371728537481,0.21235233450388388,0.9874825477600098,0.820663571357727,0.07418335974216461,-0.17426982522010803,1.0,0.0,20.0,1.0,1.1402523517608643,-0.051291290670633316,-0.0007259279538101754,0.0,0.0,0.0,0.0,16.91016411781311,16.930566787719727,16.94997000694275,528,8,0000000000000000,0,0,16.869751453399658,1,1,1,1,1,1779092791.8626451
16.951281738281356,0,s0_stop,0.0,0.0,0.9125583171844482,-0.005292714573442936,0.18227413296699524,18.280821118422693,44.41192320491262,0.0,0.0,0.0,-0.4060249414978671,0.9138619955341472,0.5660774650485164,-0.6267265238654859,0.0,0.0,0.0,0.02011993888710491,0.0,0.0,0.0,0.0,0.0,-0.0748557276015411,0.21280254883529623,-0.0748557276015411,0.21280254883529623,0.9873210787773132,0.8202072978019714,0.07390663772821426,-0.17454220354557037,1.0,0.0,20.0,1.0,1.1400339603424072,-0.04229117929935455,0.0008797390820504763,0.0,0.0,0.0,0.0,16.91016411781311,16.930566787719727,16.94997000694275,528,8,0000000000000000,0,0,16.969645023345947,1,1,1,1,1,1779092791.9625075
17.001281738281357,0,s0_stop,0.0,0.0,0.6410473585128784,-0.020416660234332085,0.1745833307504654,18.28280875146304,44.40972284216446,0.0,0.0,0.0,-0.40600184475827145,0.9138722569664102,0.557194039009695,-0.6168286509843209,0.0,0.0,0.0,0.015612721529769337,0.0,0.0,0.0,0.0,0.0,-0.0748557276015411,0.21280254883529623,-0.0748557276015411,0.21280254883529623,0.9873210787773132,0.8202072978019714,0.07390663772821426,-0.17454220354557037,1.0,0.0,20.0,1.0,1.1400339603424072,-0.04229117929935455,0.0008797390820504763,0.0,0.0,0.0,0.0,17.010064840316772,17.029872179031372,17.049779415130615,528,8,0000000000000000,0,0,16.969645023345947,1,1,1,1,1,1779092791.9625075
17.051281738281357,0,s0_stop,0.0,0.0,0.6410473585128784,-0.020416660234332085,0.1745833307504654,18.28280875146304,44.40972284216446,0.0,0.0,0.0,-0.40600184475827145,0.9138722569664102,0.557194039009695,-0.6168286509843209,0.0,0.0,0.0,0.015612721529769337,0.0,0.0,0.0,0.0,0.0,-0.07464621803476086,0.2129811617610456,-0.07464621803476086,0.2129811617610456,0.9871869683265686,0.8201941847801208,0.0736897736787796,-0.17468591034412384,1.0,0.0,20.0,1.0,1.140113353729248,-0.04214867949485779,0.0008797390820504763,0.0,0.0,0.0,0.0,17.010064840316772,17.029872179031372,17.049779415130615,528,8,0000000000000000,0,0,17.06977605819702,1,1,1,1,1,1779092792.062601
17.101281738281358,0,s0_stop,0.0,0.0,0.4228183925151825,-0.020954521372914314,0.17577481269836426,18.28746278620341,44.40457178243035,0.0,0.0,0.0,-0.40595415989811373,0.913893440211394,0.5483422716274204,-0.6069021727301965,0.0,0.0,0.0,0.006804126387943688,0.0,0.0,0.0,0.0,0.0,-0.07464621803476086,0.2129811617610456,-0.07464621803476086,0.2129811617610456,0.9871869683265686,0.8201941847801208,0.0736897736787796,-0.17468591034412384,1.0,0.0,20.0,1.0,1.140113353729248,-0.04214867949485779,0.0008797390820504763,0.0,0.0,0.0,0.0,17.109903812408447,17.129844665527344,17.149813890457153,528,8,0000000000000000,0,0,17.06977605819702,1,1,1,1,1,1779092792.062601
17.15128173828136,0,s0_stop,0.0,0.0,0.4228183925151825,-0.020954521372914314,0.17577481269836426,18.28746278620341,44.40457178243035,0.0,0.0,0.0,-0.40595415989811373,0.913893440211394,0.5483422716274204,-0.6069021727301965,0.0,0.0,0.0,0.006804126387943688,0.0,0.0,0.0,0.0,0.0,-0.07436853835789689,0.21321243035701076,-0.07436853835789689,0.21321243035701076,0.9870548248291016,0.8201919794082642,0.07340582460165024,-0.17487512528896332,1.0,0.0,20.0,1.0,1.1399900913238525,-0.04051632806658745,-0.0008400441316827896,0.0,0.0,0.0,0.0,17.109903812408447,17.129844665527344,17.149813890457153,528,8,0000000000000000,0,0,17.16974687576294,1,1,1,1,1,1779092792.1625388
17.20128173828136,0,s0_stop,0.0,0.0,0.26400357484817505,-0.029469845816493034,0.17492356896400452,18.288855497455874,44.403030403525364,0.0,0.0,0.0,-0.40594440457842357,0.913897773490815,0.5349807104181749,-0.592088259613165,0.0,0.0,0.0,0.007041830247944878,0.0,0.0,0.0,0.0,0.0,-0.07436853835789689,0.21321243035701076,-0.07436853835789689,0.21321243035701076,0.9870548248291016,0.8201919794082642,0.07340582460165024,-0.17487512528896332,1.0,0.0,20.0,1.0,1.1399900913238525,-0.04051632806658745,-0.0008400441316827896,0.0,0.0,0.0,0.0,17.21019673347473,17.229854345321655,17.249769687652588,528,8,0000000000000000,0,0,17.16974687576294,1,1,1,1,1,1779092792.1625388
17.25128173828136,0,s0_stop,0.0,0.0,0.26400357484817505,-0.029469845816493034,0.17492356896400452,18.288855497455874,44.403030403525364,0.0,0.0,0.0,-0.40594440457842357,0.913897773490815,0.5349807104181749,-0.592088259613165,0.0,0.0,0.0,0.007041830247944878,0.0,0.0,0.0,0.0,0.0,-0.07418156346762221,0.21334005282580565,-0.07418156346762221,0.21334005282580565,0.9869521260261536,0.820246696472168,0.07321365177631378,-0.17499147355556488,1.0,0.0,20.0,1.0,1.1400766372680664,-0.04099389910697937,-0.0016796853641391418,0.0,0.0,0.0,0.0,17.21019673347473,17.229854345321655,17.249769687652588,528,8,0000000000000000,0,0,17.26978087425232,1,1,1,1,1,1779092792.26287
17.30128173828136,0,s0_stop,0.0,0.0,0.14887884259223938,-0.02811446413397789,0.17330580949783325,18.294010080317026,44.397327004536926,0.0,0.0,0.0,-0.4058878261296508,0.9139229029845715,0.5216776660198486,-0.5772214654057036,0.0,0.0,0.0,0.016173570031513745,0.0,0.0,0.0,0.0,0.0,-0.07418156346762221,0.21334005282580565,-0.07418156346762221,0.21334005282580565,0.9869521260261536,0.820246696472168,0.07321365177631378,-0.17499147355556488,1.0,0.0,20.0,1.0,1.1400766372680664,-0.04099389910697937,-0.0016796853641391418,0.0,0.0,0.0,0.0,17.309894800186157,17.32979989051819,17.34982132911682,528,8,0000000000000000,0,0,17.26978087425232,1,1,1,1,1,1779092792.26287
17.35128173828136,0,s0_stop,0.0,0.0,0.14887884259223938,-0.02811446413397789,0.17330580949783325,18.294010080317026,44.397327004536926,0.0,0.0,0.0,-0.4058878261296508,0.9139229029845715,0.5216776660198486,-0.5772214654057036,0.0,0.0,0.0,0.016173570031513745,0.0,0.0,0.0,0.0,0.0,-0.07412416222315459,0.21338086388166153,-0.07412416222315459,0.21338086388166153,0.9869135022163391,0.8202639818191528,0.07315413653850555,-0.17502863705158234,1.0,0.0,20.0,1.0,1.1398241519927979,-0.04346741735935211,-0.0016796853641391418,0.0,0.0,0.0,0.0,17.309894800186157,17.32979989051819,17.34982132911682,528,8,0000000000000000,0,0,17.369686603546143,1,1,1,1,1,1779092792.362595
17.401281738281362,0,s0_stop,0.0,0.0,0.07398796081542969,-0.0337853878736496,0.1689334362745285,18.296081641595556,44.39503514495505,0.0,0.0,0.0,-0.40586165096967053,0.913934527344368,0.5127925965999108,-0.5673250597087314,0.0,0.0,0.0,0.01785875559545419,0.0,0.0,0.0,0.0,0.0,-0.07412416222315459,0.21338086388166153,-0.07412416222315459,0.21338086388166153,0.9869135022163391,0.8202639818191528,0.07315413653850555,-0.17502863705158234,1.0,0.0,20.0,1.0,1.1398241519927979,-0.04346741735935211,-0.0016796853641391418,0.0,0.0,0.0,0.0,17.410049200057983,17.4298837184906,17.449710369110107,528,8,0000000000000000,0,0,17.369686603546143,1,1,1,1,1,1779092792.362595
17.451281738281363,0,s0_stop,0.0,0.0,0.07398796081542969,-0.0337853878736496,0.1689334362745285,18.296081641595556,44.39503514495505,0.0,0.0,0.0,-0.40586165096967053,0.913934527344368,0.5127925965999108,-0.5673250597087314,0.0,0.0,0.0,0.01785875559545419,0.0,0.0,0.0,0.0,0.0,-0.07401848432251895,0.2134691562879162,-0.07401848432251895,0.2134691562879162,0.9868130683898926,0.8202942609786987,0.07304240763187408,-0.17510752379894257,1.0,0.0,20.0,1.0,1.1401362419128418,-0.043648138642311096,-0.0002687769687239774,0.0,0.0,0.0,0.0,17.410049200057983,17.4298837184906,17.449710369110107,528,8,0000000000000000,0,0,17.469692945480347,1,1,1,1,1,1779092792.4625762
17.501281738281364,0,s0_stop,0.0,0.0,0.02238360047340393,-0.03467820584774017,0.16953620314598083,18.300688779620906,44.38993910376601,0.0,0.0,0.0,-0.4058153187751513,0.9139551012207451,0.5039309823260683,-0.5574074464962959,0.0,0.0,0.0,0.008700099362389715,0.0,0.0,0.0,0.0,0.0,-0.07401848432251895,0.2134691562879162,-0.07401848432251895,0.2134691562879162,0.9868130683898926,0.8202942609786987,0.07304240763187408,-0.17510752379894257,1.0,0.0,20.0,1.0,1.1401362419128418,-0.043648138642311096,-0.0002687769687239774,0.0,0.0,0.0,0.0,17.50992488861084,17.529955625534058,17.549773454666138,528,8,0000000000000000,0,0,17.469692945480347,1,1,1,1,1,1779092792.4625762
17.551281738281364,0,s0_stop,0.0,0.0,0.02238360047340393,-0.03467820584774017,0.16953620314598083,18.300688779620906,44.38993910376601,0.0,0.0,0.0,-0.4058153187751513,0.9139551012207451,0.5039309823260683,-0.5574074464962959,0.0,0.0,0.0,0.008700099362389715,0.0,0.0,0.0,0.0,0.0,-0.07417948080100818,0.213458207783299,-0.07417948080100818,0.213458207783299,0.9869386553764343,0.8200680613517761,0.07321059703826904,-0.1750502586364746,1.0,0.0,20.0,1.0,1.1401221752166748,-0.03807123750448227,0.0008003925341099626,0.0,0.0,0.0,0.0,17.50992488861084,17.529955625534058,17.549773454666138,528,8,0000000000000000,0,0,17.56976079940796,1,1,1,1,1,1779092792.5625737
17.601281738281365,0,s0_stop,0.0,0.0,-0.01194637082517147,-0.027060968801379204,0.16896237432956696,18.30256889352317,44.38785958522489,0.0,0.0,0.0,-0.4058032427535734,0.913960463133217,0.4950263189400933,-0.5475287467110508,0.0,0.0,0.0,0.0055217997642872585,0.0,0.0,0.0,0.0,0.0,-0.07417948080100818,0.213458207783299,-0.07417948080100818,0.213458207783299,0.9869386553764343,0.8200680613517761,0.07321059703826904,-0.1750502586364746,1.0,0.0,20.0,1.0,1.1401221752166748,-0.03807123750448227,0.0008003925341099626,0.0,0.0,0.0,0.0,17.610369443893433,17.630229234695435,17.650004863739014,528,8,0000000000000000,0,0,17.56976079940796,1,1,1,1,1,1779092792.5625737
17.651281738281366,0,s0_stop,0.0,0.0,-0.01194637082517147,-0.027060968801379204,0.16896237432956696,18.30256889352317,44.38785958522489,0.0,0.0,0.0,-0.4058032427535734,0.913960463133217,0.4950263189400933,-0.5475287467110508,0.0,0.0,0.0,0.0055217997642872585,0.0,0.0,0.0,0.0,0.0,-0.07418298234905363,0.21344791952319322,-0.07418298234905363,0.21344791952319322,0.9869425892829895,0.8200822472572327,0.0732143446803093,-0.17504484951496124,1.0,0.0,20.0,1.0,1.1403131484985352,-0.03848131746053696,-0.0006432123211657083,0.0,0.0,0.0,0.0,17.610369443893433,17.630229234695435,17.650004863739014,528,8,0000000000000000,0,0,17.669941186904907,1,1,1,1,1,1779092792.6627653
17.701281738281367,0,s0_stop,0.0,0.0,-0.03697975352406502,-0.028128033503890038,0.16961169242858887,18.30696925122222,44.38299285175413,0.0,0.0,0.0,-0.4057880337600979,0.9139672158546572,0.4816649589895114,-0.5327146422913214,0.0,0.0,0.0,0.004575189852370722,0.0,0.0,0.0,0.0,0.0,-0.07418298234905363,0.21344791952319322,-0.07418298234905363,0.21344791952319322,0.9869425892829895,0.8200822472572327,0.0732143446803093,-0.17504484951496124,1.0,0.0,20.0,1.0,1.1403131484985352,-0.03848131746053696,-0.0006432123211657083,0.0,0.0,0.0,0.0,17.71041512489319,17.729904651641846,17.749881267547607,528,8,0000000000000000,0,0,17.669941186904907,1,1,1,1,1,1779092792.6627653
17.751281738281367,0,s0_stop,0.0,0.0,-0.03697975352406502,-0.028128033503890038,0.16961169242858887,18.30696925122222,44.38299285175413,0.0,0.0,0.0,-0.4057880337600979,0.9139672158546572,0.4816649589895114,-0.5327146422913214,0.0,0.0,0.0,0.004575189852370722,0.0,0.0,0.0,0.0,0.0,-0.07425381683238451,0.21339057050180818,-0.07425381683238451,0.21339057050180818,0.987033486366272,0.8200695514678955,0.07329100370407104,-0.17499510943889618,1.0,0.0,20.0,1.0,1.140040397644043,-0.036010485142469406,-0.0006432123211657083,0.0,0.0,0.0,0.0,17.71041512489319,17.729904651641846,17.749881267547607,528,8,0000000000000000,0,0,17.769681930541992,1,1,1,1,1,1779092792.7624629
17.801281738281368,0,s0_stop,0.0,0.0,-0.05067651718854904,-0.024657078087329865,0.16878828406333923,18.309318959778103,44.380394263630784,0.0,0.0,0.0,-0.4057743553320085,0.9139732887535023,0.46830087882015875,-0.5179029964408436,0.0,0.0,0.0,0.008191822344176848,0.0,0.0,0.0,0.0,0.0,-0.07425381683238451,0.21339057050180818,-0.07425381683238451,0.21339057050180818,0.987033486366272,0.8200695514678955,0.07329100370407104,-0.17499510943889618,1.0,0.0,20.0,1.0,1.140040397644043,-0.036010485142469406,-0.0006432123211657083,0.0,0.0,0.0,0.0,17.810014009475708,17.829889059066772,17.84975814819336,528,8,0000000000000000,0,0,17.769681930541992,1,1,1,1,1,1779092792.7624629
17.85128173828137,0,s0_stop,0.0,0.0,-0.05067651718854904,-0.024657078087329865,0.16878828406333923,18.309318959778103,44.380394263630784,0.0,0.0,0.0,-0.4057743553320085,0.9139732887535023,0.46830087882015875,-0.5179029964408436,0.0,0.0,0.0,0.008191822344176848,0.0,0.0,0.0,0.0,0.0,-0.07427523564012775,0.2133436884894605,-0.07427523564012775,0.2133436884894605,0.9870654344558716,0.8201199173927307,0.07331451773643494,-0.17496740818023682,1.0,0.0,20.0,1.0,1.1400182247161865,-0.03629186749458313,-0.0016928951584243236,0.0,0.0,0.0,0.0,17.810014009475708,17.829889059066772,17.84975814819336,528,8,0000000000000000,0,0,17.86972951889038,1,1,1,1,1,1779092792.8627174
17.90128173828137,0,s0_stop,0.0,0.0,-0.05740496516227722,-0.02548687532544136,0.16926372051239014,18.31351087022105,44.375759081939705,0.0,0.0,0.0,-0.40573840058416866,0.9139892506432451,0.4237376602919064,-0.4685455644953273,0.0,0.0,0.0,0.008114127089852395,0.0,0.0,0.0,0.0,0.0,-0.07427523564012775,0.2133436884894605,-0.07427523564012775,0.2133436884894605,0.9870654344558716,0.8201199173927307,0.07331451773643494,-0.17496740818023682,1.0,0.0,20.0,1.0,1.1400182247161865,-0.03629186749458313,-0.0016928951584243236,0.0,0.0,0.0,0.0,17.909903287887573,17.93002724647522,17.949779272079468,528,8,0000000000000000,0,0,17.86972951889038,1,1,1,1,1,1779092792.8627174
17.95128173828137,0,s0_stop,0.0,0.0,-0.05740496516227722,-0.02548687532544136,0.16926372051239014,18.31351087022105,44.375759081939705,0.0,0.0,0.0,-0.40573840058416866,0.9139892506432451,0.4237376602919064,-0.4685455644953273,0.0,0.0,0.0,0.008114127089852395,0.0,0.0,0.0,0.0,0.0,-0.07432817663830739,0.21337023035762806,-0.07432817663830739,0.21337023035762806,0.9870467185974121,0.8200095891952515,0.07336538285017014,-0.17496563494205475,1.0,0.0,20.0,1.0,1.1403493881225586,-0.0361747220158577,0.0012683208165676556,0.0,0.0,0.0,0.0,17.909903287887573,17.93002724647522,17.949779272079468,528,8,0000000000000000,0,0,17.96970510482788,1,1,1,1,1,1779092792.9624643
