timestamp,state,segment,cmd_ideal_v,cmd_ideal_omega,vn_body_vx,vn_body_vy,vn_body_vz,odom_pose_x,odom_pose_y,odom_pose_z,odom_qx,odom_qy,odom_qz,odom_qw,odom_linear_x,odom_linear_y,odom_linear_z,odom_angular_x,odom_angular_y,odom_omega_z,controller_controller_state,controller_base_v,controller_base_omega,controller_applied_v,controller_applied_omega,controller_model_corrected_v,controller_model_corrected_omega,controller_delta_v,controller_delta_omega,controller_a_v,controller_a_omega,controller_b_v,controller_b_omega,controller_used_model_estimate,controller_used_model_applied,controller_history_len,controller_history_ready,controller_history_span_sec,controller_latest_meas_v,controller_latest_meas_omega,controller_right_rpm,controller_left_rpm,controller_can_right_rpm,controller_can_left_rpm,velocity_timestamp,odom_timestamp,can_timestamp,can_id,can_dlc,can_data_hex,can_right_rpm,can_left_rpm,debug_timestamp,valid_cmd,valid_velocity_body,valid_odom,valid_can,valid_debug,controller_node_time_sec
0.001628875732421875,1,forward_2mps,2.0,0.0,-0.0312582366168499,-0.02738061547279358,-0.09460825473070145,14.281290850611278,-1.3301542317021442,0.0,0.0,0.0,-0.020995967076119608,0.9997795603864577,0.0,-0.0,0.0,0.0,0.0,0.0003186304565239418,nan,nan,nan,nan,nan,nan,nan,nan,nan,nan,nan,nan,nan,nan,nan,nan,nan,nan,nan,nan,nan,nan,nan,nan,0.042388200759887695,0.06231093406677246,,,,,,,nan,1,1,1,0,0,nan
0.05162887573242188,1,forward_2mps,2.0,0.0,-0.0312582366168499,-0.02738061547279358,-0.09460825473070145,14.281290850611278,-1.3301542317021442,0.0,0.0,0.0,-0.020995967076119608,0.9997795603864577,0.0,-0.0,0.0,0.0,0.0,0.0003186304565239418,1.0,2.0,0.0,2.0,0.0,1.9281094096577758,0.16075283489153658,-0.07189059034222423,0.16075283489153658,0.9878134727478027,0.819705605506897,0.0953875482082367,-0.13176999986171722,1.0,0.0,20.0,1.0,1.2442796230316162,-0.03075532801449299,-0.0007744421472415416,226.4465016188093,225.51318585637807,226.0,226.0,0.042388200759887695,0.06231093406677246,0.08214807510375977,528,8,0000000000000000,0,0,0.10211300849914551,1,1,1,1,1,1779078358.0665984
0.10162887573242188,1,forward_2mps,2.0,0.0,-0.030898280441761017,-0.025345414876937866,-0.09309180825948715,14.281290850611278,-1.3301542317021442,0.0,0.0,0.0,-0.020995967076119608,0.9997795603864577,0.0,-0.0,0.0,0.0,0.0,0.0003186304565239418,1.0,2.0,0.0,2.0,0.0,1.9281094096577758,0.16075283489153658,-0.07189059034222423,0.16075283489153658,0.9878134727478027,0.819705605506897,0.0953875482082367,-0.13176999986171722,1.0,0.0,20.0,1.0,1.2442796230316162,-0.03075532801449299,-0.0007744421472415416,226.4465016188093,225.51318585637807,226.0,226.0,0.14243412017822266,0.06231093406677246,0.08214807510375977,528,8,0000000000000000,0,0,0.10211300849914551,1,1,1,1,1,1779078358.0665984
0.1516288757324219,1,forward_2mps,2.0,0.0,-0.030898280441761017,-0.025345414876937866,-0.09309180825948715,14.281290850611278,-1.3301542317021442,0.0,0.0,0.0,-0.022500269316692217,0.9997468368945592,0.0,-0.0,0.0,0.0,0.0,-0.04552399762355788,1.0,2.0,0.0,2.0,0.0,1.9281094096577758,0.16075283489153658,-0.07189059034222423,0.16075283489153658,0.9878134727478027,0.819705605506897,0.0953875482082367,-0.13176999986171722,1.0,0.0,20.0,1.0,1.2442796230316162,-0.03075532801449299,-0.0007744421472415416,226.4465016188093,225.51318585637807,226.0,226.0,0.14243412017822266,0.16231369972229004,0.18216347694396973,528,8,e2000000e2000000,226,226,0.10211300849914551,1,1,1,1,1,1779078358.0665984
0.20162887573242189,1,forward_2mps,2.0,0.0,-0.010459335520863533,-0.011027435772120953,-0.10301563143730164,14.281290850611278,-1.3301542317021442,0.0,0.0,0.0,-0.022500269316692217,0.9997468368945592,0.0,-0.0,0.0,0.0,0.0,-0.04552399762355788,1.0,2.0,0.0,2.0,0.0,1.9281094096577758,0.16075283489153658,-0.07189059034222423,0.16075283489153658,0.9878134727478027,0.819705605506897,0.0953875482082367,-0.13176999986171722,1.0,0.0,20.0,1.0,1.2442796230316162,-0.0312582366168499,0.0003186304565239418,226.4465016188093,225.51318585637807,226.0,226.0,0.24237966537475586,0.16231369972229004,0.18216347694396973,528,8,e2000000e2000000,226,226,0.20212149620056152,1,1,1,1,1,1779078358.0870407
0.2516288757324219,1,forward_2mps,2.0,0.0,-0.010459335520863533,-0.011027435772120953,-0.10301563143730164,14.282108977038774,-1.3301911357358707,0.0,0.0,0.0,-0.022536805300805655,0.9997460139489597,0.4052280287378218,-0.018279019399508906,0.0,0.0,0.0,-0.03731197211955714,1.0,2.0,0.0,2.0,0.0,1.9281094096577758,0.16075283489153658,-0.07189059034222423,0.16075283489153658,0.9878134727478027,0.819705605506897,0.0953875482082367,-0.13176999986171722,1.0,0.0,20.0,1.0,1.2442796230316162,-0.0312582366168499,0.0003186304565239418,226.4465016188093,225.51318585637807,226.0,226.0,0.24237966537475586,0.26230883598327637,0.2821648120880127,528,8,e2000000e2000000,226,226,0.20212149620056152,1,1,1,1,1,1779078358.0870407
0.30162887573242186,1,forward_2mps,2.0,0.0,0.13073571026325226,0.10642346739768982,-0.09358200430870056,14.282108977038774,-1.3301911357358707,0.0,0.0,0.0,-0.022536805300805655,0.9997460139489597,0.4052280287378218,-0.018279019399508906,0.0,0.0,0.0,-0.03731197211955714,1.0,2.0,0.0,2.0,0.0,1.9281094096577758,0.16075283489153658,-0.07189059034222423,0.16075283489153658,0.9878134727478027,0.819705605506897,0.0953875482082367,-0.13176999986171722,1.0,0.0,20.0,1.0,1.2442796230316162,-0.0312582366168499,0.0003186304565239418,226.4465016188093,225.51318585637807,226.0,226.0,0.3442816734313965,0.26230883598327637,0.2821648120880127,528,8,e2000000e2000000,226,226,0.30210113525390625,1,1,1,1,1,1779078358.1067982
0.35162887573242185,1,forward_2mps,2.0,0.0,0.13073571026325226,0.10642346739768982,-0.09358200430870056,14.28674973792098,-1.3304011791900008,0.0,0.0,0.0,-0.022612920421474128,0.9997442952225394,0.3321518366485246,-0.01503337940397196,0.0,0.0,0.0,0.0028110066139921844,1.0,2.0,0.0,2.0,0.0,1.9281094096577758,0.16075283489153658,-0.07189059034222423,0.16075283489153658,0.9878134727478027,0.819705605506897,0.0953875482082367,-0.13176999986171722,1.0,0.0,20.0,1.0,1.2442796230316162,-0.0312582366168499,0.0003186304565239418,226.4465016188093,225.51318585637807,226.0,226.0,0.3442816734313965,0.3622763156890869,0.38216495513916016,528,8,e2000000e2000000,226,226,0.30210113525390625,1,1,1,1,1,1779078358.1067982
0.40162887573242184,1,forward_2mps,2.0,0.0,0.28711166977882385,0.26927393674850464,-0.08446255326271057,14.28674973792098,-1.3304011791900008,0.0,0.0,0.0,-0.022612920421474128,0.9997442952225394,0.3321518366485246,-0.01503337940397196,0.0,0.0,0.0,0.0028110066139921844,1.0,2.0,0.0,2.0,0.0,2.5021353052678563,0.13217680130285359,0.5021353052678563,0.13217680130285359,0.8642275333404541,0.7466286420822144,-0.16241422295570374,-0.09868698567152023,1.0,0.0,20.0,1.0,1.2444381713867188,-0.030898280441761017,0.0003186304565239418,226.4465016188093,225.51318585637807,226.0,226.0,0.44242048263549805,0.3622763156890869,0.38216495513916016,528,8,e2000000e2000000,226,226,0.4021022319793701,1,1,1,1,1,1779078358.1265996
0.45162887573242183,1,forward_2mps,2.0,0.0,0.28711166977882385,0.26927393674850464,-0.08446255326271057,14.377937471345636,-1.3343110115022572,0.0,0.0,0.0,-0.020357930179689867,0.9997927558643336,0.9102725874934289,-0.037085590467941514,0.0,0.0,0.0,0.004819211217891976,1.0,2.0,0.0,2.0,0.0,2.5021353052678563,0.13217680130285359,0.5021353052678563,0.13217680130285359,0.8642275333404541,0.7466286420822144,-0.16241422295570374,-0.09868698567152023,1.0,0.0,20.0,1.0,1.2444381713867188,-0.030898280441761017,0.0003186304565239418,226.4465016188093,225.51318585637807,226.0,226.0,0.44242048263549805,0.4622802734375,0.4821939468383789,528,8,e2000000e2000000,226,226,0.4021022319793701,1,1,1,1,1,1779078358.1265996
0.5016288757324219,1,forward_2mps,2.0,0.0,0.4377365708351135,0.41779524087905884,-0.09098821878433228,14.377937471345636,-1.3343110115022572,0.0,0.0,0.0,-0.020357930179689867,0.9997927558643336,0.9102725874934289,-0.037085590467941514,0.0,0.0,0.0,0.004819211217891976,1.0,2.0,0.0,2.0,0.0,2.5021353052678563,0.13217680130285359,0.5021353052678563,0.13217680130285359,0.8642275333404541,0.7466286420822144,-0.16241422295570374,-0.09868698567152023,1.0,0.0,20.0,1.0,1.2444381713867188,-0.030898280441761017,0.0003186304565239418,226.4465016188093,225.51318585637807,226.0,226.0,0.5425755977630615,0.4622802734375,0.4821939468383789,528,8,e2000000e2000000,226,226,0.5021882057189941,1,1,1,1,1,1779078358.1468143
0.5516288757324219,1,forward_2mps,2.0,0.0,0.4377365708351135,0.41779524087905884,-0.09098821878433228,14.485913270728703,-1.3388114261608661,0.0,0.0,0.0,-0.021445680605461554,0.9997700149451215,1.1493636801883997,-0.04933181211814226,0.0,0.0,0.0,-0.025411184793797014,1.0,2.0,0.0,2.0,0.0,2.5021353052678563,0.13217680130285359,0.5021353052678563,0.13217680130285359,0.8642275333404541,0.7466286420822144,-0.16241422295570374,-0.09868698567152023,1.0,0.0,20.0,1.0,1.2444381713867188,-0.030898280441761017,0.0003186304565239418,226.4465016188093,225.51318585637807,226.0,226.0,0.5425755977630615,0.5624244213104248,0.5822093486785889,528,8,e2000000e2000000,226,226,0.5021882057189941,1,1,1,1,1,1779078358.1468143
0.601628875732422,1,forward_2mps,2.0,0.0,0.581254243850708,0.5683627724647522,-0.09637799113988876,14.485913270728703,-1.3388114261608661,0.0,0.0,0.0,-0.021445680605461554,0.9997700149451215,1.1493636801883997,-0.04933181211814226,0.0,0.0,0.0,-0.025411184793797014,1.0,2.0,0.0,2.0,0.0,2.5021353052678563,0.13217680130285359,0.5021353052678563,0.13217680130285359,0.8642275333404541,0.7466286420822144,-0.16241422295570374,-0.09868698567152023,1.0,0.0,20.0,1.0,1.2444381713867188,-0.030898280441761017,0.0003186304565239418,226.4465016188093,225.51318585637807,226.0,226.0,0.6424820423126221,0.5624244213104248,0.5822093486785889,528,8,e2000000e2000000,226,226,0.6021895408630371,1,1,1,1,1,1779078358.16651
0.651628875732422,1,forward_2mps,2.0,0.0,0.581254243850708,0.5683627724647522,-0.09637799113988876,14.587123784584481,-1.3431624664562876,0.0,0.0,0.0,-0.021250618072863173,0.9997741801184512,1.3752731122993616,-0.05849043520352254,0.0,0.0,0.0,0.024591709555577247,1.0,2.0,0.0,2.0,0.0,2.5021353052678563,0.13217680130285359,0.5021353052678563,0.13217680130285359,0.8642275333404541,0.7466286420822144,-0.16241422295570374,-0.09868698567152023,1.0,0.0,20.0,1.0,1.2444381713867188,-0.030898280441761017,0.0003186304565239418,226.4465016188093,225.51318585637807,226.0,226.0,0.6424820423126221,0.6624734401702881,0.6822800636291504,528,8,e2000000e2000000,226,226,0.6021895408630371,1,1,1,1,1,1779078358.16651
0.701628875732422,1,forward_2mps,2.0,0.0,0.7135484218597412,0.6910542845726013,-0.08548177778720856,14.587123784584481,-1.3431624664562876,0.0,0.0,0.0,-0.021250618072863173,0.9997741801184512,1.3752731122993616,-0.05849043520352254,0.0,0.0,0.0,0.024591709555577247,1.0,2.0,0.0,2.0,0.0,2.6117713272393814,0.13770261416432175,0.6117713272393814,0.13770261416432175,0.8452762961387634,0.7482603192329407,-0.20766839385032654,-0.10303740203380585,1.0,0.0,20.0,1.0,1.244156837463379,-0.010459335520863533,0.0028110066139921844,226.4465016188093,225.51318585637807,226.0,226.0,0.7427480220794678,0.6624734401702881,0.6822800636291504,528,8,e2000000e2000000,226,226,0.7022106647491455,1,1,1,1,1,1779078358.1867058
0.7516288757324221,1,forward_2mps,2.0,0.0,0.7135484218597412,0.6910542845726013,-0.08548177778720856,14.709560267898418,-1.348227764789194,0.0,0.0,0.0,-0.020250116865521802,0.9997949453597637,1.5414970145268128,-0.06246942094517069,0.0,0.0,0.0,0.022461779027124283,1.0,2.0,0.0,2.0,0.0,2.6117713272393814,0.13770261416432175,0.6117713272393814,0.13770261416432175,0.8452762961387634,0.7482603192329407,-0.20766839385032654,-0.10303740203380585,1.0,0.0,20.0,1.0,1.244156837463379,-0.010459335520863533,0.0028110066139921844,226.4465016188093,225.51318585637807,226.0,226.0,0.7427480220794678,0.7622826099395752,0.7821686267852783,528,8,e2000000e2000000,226,226,0.7022106647491455,1,1,1,1,1,1779078358.1867058
0.8016288757324221,1,forward_2mps,2.0,0.0,0.8035491108894348,0.7977575063705444,-0.059642259031534195,14.709560267898418,-1.348227764789194,0.0,0.0,0.0,-0.020250116865521802,0.9997949453597637,1.5414970145268128,-0.06246942094517069,0.0,0.0,0.0,0.022461779027124283,1.0,2.0,0.0,2.0,0.0,2.6117713272393814,0.13770261416432175,0.6117713272393814,0.13770261416432175,0.8452762961387634,0.7482603192329407,-0.20766839385032654,-0.10303740203380585,1.0,0.0,20.0,1.0,1.244156837463379,-0.010459335520863533,0.017845989626697152,226.4465016188093,225.51318585637807,226.0,226.0,0.8424990177154541,0.7622826099395752,0.7821686267852783,528,8,e2000000e2000000,226,226,0.8021314144134521,1,1,1,1,1,1779078358.2068107
0.8516288757324222,1,forward_2mps,2.0,0.0,0.8035491108894348,0.7977575063705444,-0.059642259031534195,14.787358178172138,-1.351331285611915,0.0,0.0,0.0,-0.019686862548122495,0.9998061949413053,1.627947299520029,-0.06413564128707558,0.0,0.0,0.0,-0.0009429583294056532,1.0,2.0,0.0,2.0,0.0,2.6117713272393814,0.13770261416432175,0.6117713272393814,0.13770261416432175,0.8452762961387634,0.7482603192329407,-0.20766839385032654,-0.10303740203380585,1.0,0.0,20.0,1.0,1.244156837463379,-0.010459335520863533,0.017845989626697152,226.4465016188093,225.51318585637807,226.0,226.0,0.8424990177154541,0.8623180389404297,0.882206916809082,528,8,e2000000e2000000,226,226,0.8021314144134521,1,1,1,1,1,1779078358.2068107
0.9016288757324222,1,forward_2mps,2.0,0.0,0.8995392322540283,0.9125574827194214,-0.08737637847661972,14.787358178172138,-1.351331285611915,0.0,0.0,0.0,-0.019686862548122495,0.9998061949413053,1.627947299520029,-0.06413564128707558,0.0,0.0,0.0,-0.0009429583294056532,1.0,2.0,0.0,2.0,0.0,2.6117713272393814,0.13770261416432175,0.6117713272393814,0.13770261416432175,0.8452762961387634,0.7482603192329407,-0.20766839385032654,-0.10303740203380585,1.0,0.0,20.0,1.0,1.244156837463379,0.13073571026325226,0.03971977550796669,226.4465016188093,225.51318585637807,226.0,226.0,0.9426860809326172,0.8623180389404297,0.882206916809082,528,8,e2000000e2000000,226,226,0.9021804332733154,1,1,1,1,1,1779078358.226638
0.9516288757324223,1,forward_2mps,2.0,0.0,0.8995392322540283,0.9125574827194214,-0.08737637847661972,14.88541592606652,-1.3551711139047498,0.0,0.0,0.0,-0.019737966298088452,0.9998051873672268,1.7010319512514787,-0.06718909305433608,0.0,0.0,0.0,-0.019812272825827707,1.0,2.0,0.0,2.0,0.0,2.6117713272393814,0.13770261416432175,0.6117713272393814,0.13770261416432175,0.8452762961387634,0.7482603192329407,-0.20766839385032654,-0.10303740203380585,1.0,0.0,20.0,1.0,1.244156837463379,0.13073571026325226,0.03971977550796669,226.4465016188093,225.51318585637807,226.0,226.0,0.9426860809326172,0.9623534679412842,0.9822266101837158,528,8,e2000000e2000000,226,226,0.9021804332733154,1,1,1,1,1,1779078358.226638
1.0016288757324223,1,forward_2mps,2.0,0.0,0.9786160588264465,0.9852870106697083,-0.10273592174053192,14.88541592606652,-1.3551711139047498,0.0,0.0,0.0,-0.019737966298088452,0.9998051873672268,1.7010319512514787,-0.06718909305433608,0.0,0.0,0.0,-0.019812272825827707,1.0,2.0,0.0,2.0,0.0,2.640783764010983,0.1384658708080059,0.6407837640109828,0.1384658708080059,0.8404686450958252,0.7526447772979736,-0.219495952129364,-0.10421561449766159,1.0,0.0,20.0,1.0,1.2446720600128174,0.13073571026325226,0.05169485021795583,226.4465016188093,225.51318585637807,226.0,226.0,1.0425360202789307,0.9623534679412842,0.9822266101837158,528,8,e2000000e2000000,226,226,1.002131700515747,1,1,1,1,1,1779078358.2468123
1.0516288757324224,1,forward_2mps,2.0,0.0,0.9786160588264465,0.9852870106697083,-0.10273592174053192,14.99721231558468,-1.3596336829854554,0.0,0.0,0.0,-0.020092974356353308,0.9997981158121448,1.787361891493766,-0.0718703647030697,0.0,0.0,0.0,0.004983756578616793,1.0,2.0,0.0,2.0,0.0,2.640783764010983,0.1384658708080059,0.6407837640109828,0.1384658708080059,0.8404686450958252,0.7526447772979736,-0.219495952129364,-0.10421561449766159,1.0,0.0,20.0,1.0,1.2446720600128174,0.13073571026325226,0.05169485021795583,226.4465016188093,225.51318585637807,226.0,226.0,1.0425360202789307,1.0623621940612793,1.0821666717529297,528,8,e2000000e2000000,226,226,1.002131700515747,1,1,1,1,1,1779078358.2468123
1.1016288757324224,1,forward_2mps,2.0,0.0,1.0364934206008911,1.0665520429611206,-0.07679273933172226,14.99721231558468,-1.3596336829854554,0.0,0.0,0.0,-0.020092974356353308,0.9997981158121448,1.787361891493766,-0.0718703647030697,0.0,0.0,0.0,0.004983756578616793,1.0,2.0,0.0,2.0,0.0,2.640783764010983,0.1384658708080059,0.6407837640109828,0.1384658708080059,0.8404686450958252,0.7526447772979736,-0.219495952129364,-0.10421561449766159,1.0,0.0,20.0,1.0,1.2446720600128174,0.13073571026325226,0.05653009992410331,226.4465016188093,225.51318585637807,226.0,226.0,1.1426200866699219,1.0623621940612793,1.0821666717529297,528,8,e2000000e2000000,226,226,1.1021239757537842,1,1,1,1,1,1779078358.2666032
1.1516288757324225,1,forward_2mps,2.0,0.0,1.0364934206008911,1.0665520429611206,-0.07679273933172226,15.142026705895638,-1.3652054289142341,0.0,0.0,0.0,-0.018082172948083026,0.9998365041452906,1.8408004298076595,-0.06660401369048756,0.0,0.0,0.0,0.035577945413329044,1.0,2.0,0.0,2.0,0.0,2.640783764010983,0.1384658708080059,0.6407837640109828,0.1384658708080059,0.8404686450958252,0.7526447772979736,-0.219495952129364,-0.10421561449766159,1.0,0.0,20.0,1.0,1.2446720600128174,0.13073571026325226,0.05653009992410331,226.4465016188093,225.51318585637807,226.0,226.0,1.1426200866699219,1.162391185760498,1.182183027267456,528,8,e2000000e2000000,226,226,1.1021239757537842,1,1,1,1,1,1779078358.2666032
1.2016288757324225,1,forward_2mps,2.0,0.0,1.101010799407959,1.1183795928955078,-0.10316500067710876,15.142026705895638,-1.3652054289142341,0.0,0.0,0.0,-0.018082172948083026,0.9998365041452906,1.8408004298076595,-0.06660401369048756,0.0,0.0,0.0,0.035577945413329044,1.0,2.0,0.0,2.0,0.0,2.640783764010983,0.1384658708080059,0.6407837640109828,0.1384658708080059,0.8404686450958252,0.7526447772979736,-0.219495952129364,-0.10421561449766159,1.0,0.0,20.0,1.0,1.2446720600128174,0.28711166977882385,0.03717546016316823,226.4465016188093,225.51318585637807,226.0,226.0,1.2424156665802002,1.162391185760498,1.182183027267456,528,8,e2000000e2000000,226,226,1.2021470069885254,1,1,1,1,1,1779078358.2871318
1.2516288757324225,1,forward_2mps,2.0,0.0,1.101010799407959,1.1183795928955078,-0.10316500067710876,15.27389439802425,-1.3698506653916251,0.0,0.0,0.0,-0.017689746966249534,0.9998435241837945,1.9073089014644877,-0.06751131702532,0.0,0.0,0.0,-0.07238401785767046,1.0,2.0,0.0,2.0,0.0,2.640783764010983,0.1384658708080059,0.6407837640109828,0.1384658708080059,0.8404686450958252,0.7526447772979736,-0.219495952129364,-0.10421561449766159,1.0,0.0,20.0,1.0,1.2446720600128174,0.28711166977882385,0.03717546016316823,226.4465016188093,225.51318585637807,226.0,226.0,1.2424156665802002,1.2622575759887695,1.2822027206420898,528,8,e2000000e2000000,226,226,1.2021470069885254,1,1,1,1,1,1779078358.2871318
1.3016288757324226,1,forward_2mps,2.0,0.0,1.1334724426269531,1.1863371133804321,-0.10470660775899887,15.27389439802425,-1.3698506653916251,0.0,0.0,0.0,-0.017689746966249534,0.9998435241837945,1.9073089014644877,-0.06751131702532,0.0,0.0,0.0,-0.07238401785767046,1.0,2.0,0.0,2.0,0.0,2.6619460597036237,0.11884003822760811,0.6619460597036237,0.11884003822760811,0.8373754620552063,0.7749244570732117,-0.22904831171035767,-0.09209205210208893,1.0,0.0,20.0,1.0,1.244337797164917,0.4377365708351135,-0.023541662264007467,226.4465016188093,225.51318585637807,226.0,226.0,1.3424761295318604,1.2622575759887695,1.2822027206420898,528,8,e2000000e2000000,226,226,1.3021681308746338,1,1,1,1,1,1779078358.3666897
1.3516288757324226,1,forward_2mps,2.0,0.0,1.1334724426269531,1.1863371133804321,-0.10470660775899887,15.577366385903645,-1.380792218378706,0.0,0.0,0.0,-0.017358893609719178,0.9998493230545523,1.9804572915338368,-0.06878819079004121,0.0,0.0,0.0,0.036786606790730925,1.0,2.0,0.0,2.0,0.0,2.6619460597036237,0.11884003822760811,0.6619460597036237,0.11884003822760811,0.8373754620552063,0.7749244570732117,-0.22904831171035767,-0.09209205210208893,1.0,0.0,20.0,1.0,1.244337797164917,0.4377365708351135,-0.023541662264007467,226.4465016188093,225.51318585637807,226.0,226.0,1.3424761295318604,1.3623182773590088,1.382258415222168,528,8,e2000000e2000000,226,226,1.3021681308746338,1,1,1,1,1,1779078358.3666897
1.4016288757324227,1,forward_2mps,2.0,0.0,1.179455041885376,1.2136143445968628,-0.08173494786024094,15.577366385903645,-1.380792218378706,0.0,0.0,0.0,-0.017358893609719178,0.9998493230545523,1.9804572915338368,-0.06878819079004121,0.0,0.0,0.0,0.036786606790730925,1.0,2.0,0.0,2.0,0.0,2.627436495627428,0.10317226959422288,0.6274364956274279,0.10317226959422288,0.8442181944847107,0.7786806225776672,-0.2181296944618225,-0.0803382471203804,1.0,0.0,20.0,1.0,1.2444782257080078,0.7135484218597412,0.001107042234547724,226.4465016188093,225.51318585637807,226.0,226.0,1.4425597190856934,1.3623182773590088,1.382258415222168,528,8,e2000000e2000000,226,226,1.402209758758545,1,1,1,1,1,1779078358.4667056
1.4516288757324227,1,forward_2mps,2.0,0.0,1.179455041885376,1.2136143445968628,-0.08173494786024094,15.798155394993424,-1.38800410382421,0.0,0.0,0.0,-0.016042613696137,0.9998713089922106,2.0205100284649737,-0.06485356299701361,0.0,0.0,0.0,-0.011109266821811386,1.0,2.0,0.0,2.0,0.0,2.627436495627428,0.10317226959422288,0.6274364956274279,0.10317226959422288,0.8442181944847107,0.7786806225776672,-0.2181296944618225,-0.0803382471203804,1.0,0.0,20.0,1.0,1.2444782257080078,0.7135484218597412,0.001107042234547724,226.4465016188093,225.51318585637807,226.0,226.0,1.4425597190856934,1.4624698162078857,1.4822726249694824,528,8,e2000000e2000000,226,226,1.402209758758545,1,1,1,1,1,1779078358.4667056
1.5016288757324228,1,forward_2mps,2.0,0.0,1.206748604774475,1.2568299770355225,-0.07181866466999054,15.798155394993424,-1.38800410382421,0.0,0.0,0.0,-0.016042613696137,0.9998713089922106,2.0205100284649737,-0.06485356299701361,0.0,0.0,0.0,-0.011109266821811386,1.0,2.0,0.0,2.0,0.0,2.5364855854370005,0.08206696027254033,0.5364855854370005,0.08206696027254033,0.8612046837806702,0.7724493741989136,-0.18443326652050018,-0.06339257210493088,1.0,0.0,20.0,1.0,1.2437520027160645,0.8995392322540283,0.01172182391824418,226.4465016188093,225.51318585637807,226.0,226.0,1.542658805847168,1.4624698162078857,1.4822726249694824,528,8,e2000000e2000000,226,226,1.5022623538970947,1,1,1,1,1,1779078358.5665674
1.5516288757324228,1,forward_2mps,2.0,0.0,1.206748604774475,1.2568299770355225,-0.07181866466999054,15.99437191496248,-1.3943323036603255,0.0,0.0,0.0,-0.015658694671054525,0.9998773951246216,2.033852388847756,-0.06371838463767655,0.0,0.0,0.0,0.026442572291561335,1.0,2.0,0.0,2.0,0.0,2.5364855854370005,0.08206696027254033,0.5364855854370005,0.08206696027254033,0.8612046837806702,0.7724493741989136,-0.18443326652050018,-0.06339257210493088,1.0,0.0,20.0,1.0,1.2437520027160645,0.8995392322540283,0.01172182391824418,226.4465016188093,225.51318585637807,226.0,226.0,1.542658805847168,1.562516689300537,1.582207441329956,528,8,e2000000e2000000,226,226,1.5022623538970947,1,1,1,1,1,1779078358.5665674
1.6016288757324229,1,forward_2mps,2.0,0.0,1.2431890964508057,1.2741377353668213,-0.04545821622014046,15.99437191496248,-1.3943323036603255,0.0,0.0,0.0,-0.015658694671054525,0.9998773951246216,2.033852388847756,-0.06371838463767655,0.0,0.0,0.0,0.026442572291561335,1.0,2.0,0.0,2.0,0.0,2.464626150419413,0.06385437136917338,0.4646261504194129,0.06385437136917338,0.8763351440429688,0.7752585411071777,-0.1598385125398636,-0.04950364679098129,1.0,0.0,20.0,1.0,1.2446165084838867,1.0364934206008911,-0.0038531956917133526,226.4465016188093,225.51318585637807,226.0,226.0,1.6426417827606201,1.562516689300537,1.582207441329956,528,8,e2000000e2000000,226,226,1.602280616760254,1,1,1,1,1,1779078358.6668558
1.651628875732423,1,forward_2mps,2.0,0.0,1.2431890964508057,1.2741377353668213,-0.04545821622014046,16.216264251719352,-1.4007652492014655,0.0,0.0,0.0,-0.01419709103508409,0.999899216224386,2.060618606877097,-0.05852727629503193,0.0,0.0,0.0,-0.05180771562211483,1.0,2.0,0.0,2.0,0.0,2.464626150419413,0.06385437136917338,0.4646261504194129,0.06385437136917338,0.8763351440429688,0.7752585411071777,-0.1598385125398636,-0.04950364679098129,1.0,0.0,20.0,1.0,1.2446165084838867,1.0364934206008911,-0.0038531956917133526,226.4465016188093,225.51318585637807,226.0,226.0,1.6426417827606201,1.6624062061309814,1.6822600364685059,528,8,e2000000e2000000,226,226,1.602280616760254,1,1,1,1,1,1779078358.6668558
1.701628875732423,1,forward_2mps,2.0,0.0,1.2980059385299683,1.3143134117126465,-0.07833195477724075,16.216264251719352,-1.4007652492014655,0.0,0.0,0.0,-0.01419709103508409,0.999899216224386,2.060618606877097,-0.05852727629503193,0.0,0.0,0.0,-0.05180771562211483,1.0,2.0,0.0,2.0,0.0,2.4221844281351137,0.053590282956761756,0.4221844281351137,0.053590282956761756,0.8861839175224304,0.7742962837219238,-0.14650088548660278,-0.04149475693702698,1.0,0.0,20.0,1.0,1.2444591522216797,1.1334724426269531,-0.011781038645836912,226.4465016188093,225.51318585637807,226.0,226.0,1.7426018714904785,1.6624062061309814,1.6822600364685059,528,8,e2000000e2000000,226,226,1.702188491821289,1,1,1,1,1,1779078358.766591
1.751628875732423,1,forward_2mps,2.0,0.0,1.2980059385299683,1.3143134117126465,-0.07833195477724075,16.45392688875524,-1.4075043173918254,0.0,0.0,0.0,-0.013579975681411994,0.9999077878787085,2.087278819289601,-0.056706078658188344,0.0,0.0,0.0,0.04216214815769367,1.0,2.0,0.0,2.0,0.0,2.4221844281351137,0.053590282956761756,0.4221844281351137,0.053590282956761756,0.8861839175224304,0.7742962837219238,-0.14650088548660278,-0.04149475693702698,1.0,0.0,20.0,1.0,1.2444591522216797,1.1334724426269531,-0.011781038645836912,226.4465016188093,225.51318585637807,226.0,226.0,1.7426018714904785,1.7624144554138184,1.7822396755218506,528,8,e2000000e2000000,226,226,1.702188491821289,1,1,1,1,1,1779078358.766591
1.801628875732423,1,forward_2mps,2.0,0.0,1.3008259534835815,1.3327921628952026,-0.07113458216190338,16.45392688875524,-1.4075043173918254,0.0,0.0,0.0,-0.013579975681411994,0.9999077878787085,2.087278819289601,-0.056706078658188344,0.0,0.0,0.0,0.04216214815769367,1.0,2.0,0.0,2.0,0.0,2.342410589353567,0.03650012248299213,0.34241058935356694,0.03650012248299213,0.9022228717803955,0.7613421678543091,-0.11337640881538391,-0.027789082378149033,1.0,0.0,20.0,1.0,1.2445189952850342,1.206748604774475,-0.003536894908364313,226.4465016188093,225.51318585637807,226.0,226.0,1.8424103260040283,1.7624144554138184,1.7822396755218506,528,8,e2000000e2000000,226,226,1.8022196292877197,1,1,1,1,1,1779078358.8666706
1.851628875732423,1,forward_2mps,2.0,0.0,1.3008259534835815,1.3327921628952026,-0.07113458216190338,16.69236945860172,-1.4134558788564782,0.0,0.0,0.0,-0.011817540471065412,0.999930170430523,2.0874657475992118,-0.0493477599475732,0.0,0.0,0.0,0.0013517082880311372,1.0,2.0,0.0,2.0,0.0,2.342410589353567,0.03650012248299213,0.34241058935356694,0.03650012248299213,0.9022228717803955,0.7613421678543091,-0.11337640881538391,-0.027789082378149033,1.0,0.0,20.0,1.0,1.2445189952850342,1.206748604774475,-0.003536894908364313,226.4465016188093,225.51318585637807,226.0,226.0,1.8424103260040283,1.8623020648956299,1.8821101188659668,528,8,e2000000e2000000,226,226,1.8022196292877197,1,1,1,1,1,1779078358.8666706
1.9016288757324231,1,forward_2mps,2.0,0.0,1.3302185535430908,1.3798496723175049,-0.07240889221429825,16.69236945860172,-1.4134558788564782,0.0,0.0,0.0,-0.011817540471065412,0.999930170430523,2.0874657475992118,-0.0493477599475732,0.0,0.0,0.0,0.0013517082880311372,1.0,2.0,0.0,2.0,0.0,2.27714851455201,0.01451092395652513,0.27714851455200984,0.01451092395652513,0.9202689528465271,0.7635504603385925,-0.09558907896280289,-0.011079822666943073,1.0,0.0,20.0,1.0,1.2446489334106445,1.2980059385299683,0.009173940821279484,226.4465016188093,225.51318585637807,226.0,226.0,1.9426536560058594,1.8623020648956299,1.8821101188659668,528,8,e2000000e2000000,226,226,1.9021203517913818,1,1,1,1,1,1779078358.9667666
1.9516288757324232,1,forward_2mps,2.0,0.0,1.3302185535430908,1.3798496723175049,-0.07240889221429825,16.832038250146,-1.4167155873034123,0.0,0.0,0.0,-0.011549864763400444,0.9999332980874011,2.1140841217220756,-0.04884454569986994,0.0,0.0,0.0,0.00805710670859881,1.0,2.0,0.0,2.0,0.0,2.27714851455201,0.01451092395652513,0.27714851455200984,0.01451092395652513,0.9202689528465271,0.7635504603385925,-0.09558907896280289,-0.011079822666943073,1.0,0.0,20.0,1.0,1.2446489334106445,1.2980059385299683,0.009173940821279484,226.4465016188093,225.51318585637807,226.0,226.0,1.9426536560058594,1.9622876644134521,1.982131004333496,528,8,e2000000e2000000,226,226,1.9021203517913818,1,1,1,1,1,1779078358.9667666
2.001628875732423,1,stop_after_2mps,0.0,0.0,1.331239104270935,1.3940942287445068,-0.05555465444922447,16.832038250146,-1.4167155873034123,0.0,0.0,0.0,-0.011549864763400444,0.9999332980874011,2.1140841217220756,-0.04884454569986994,0.0,0.0,0.0,0.00805710670859881,1.0,2.0,0.0,2.0,0.0,2.2396577662495893,0.004428663482904379,0.23965776624958934,0.004428663482904379,0.9279494881629944,0.7527379989624023,-0.07828927785158157,-0.0033336232881993055,1.0,0.0,20.0,1.0,1.244429111480713,1.3302185535430908,0.036786606790730925,226.4465016188093,225.51318585637807,226.0,226.0,2.043297529220581,1.9622876644134521,1.982131004333496,528,8,e2000000e2000000,226,226,2.0028700828552246,1,1,1,1,1,1779078359.0667326
2.051628875732423,1,stop_after_2mps,0.0,0.0,1.331239104270935,1.3940942287445068,-0.05555465444922447,17.158966013472867,-1.4240431077535782,0.0,0.0,0.0,-0.010250679741435778,0.9999474604022146,2.1075554678783384,-0.043214563823766844,0.0,0.0,0.0,0.026339537872945788,1.0,2.0,0.0,2.0,0.0,2.2396577662495893,0.004428663482904379,0.23965776624958934,0.004428663482904379,0.9279494881629944,0.7527379989624023,-0.07828927785158157,-0.0033336232881993055,1.0,0.0,20.0,1.0,1.244429111480713,1.3302185535430908,0.036786606790730925,226.4465016188093,225.51318585637807,226.0,226.0,2.043297529220581,2.063262701034546,2.0832271575927734,528,8,e2000000e2000000,226,226,2.0028700828552246,1,1,1,1,1,1779078359.0667326
2.101628875732423,1,stop_after_2mps,0.0,0.0,1.35140061378479,1.413215160369873,-0.08947660028934479,17.158966013472867,-1.4240431077535782,0.0,0.0,0.0,-0.010250679741435778,0.9999474604022146,2.1075554678783384,-0.043214563823766844,0.0,0.0,0.0,0.026339537872945788,1.0,2.0,0.0,2.0,0.0,2.1844673893993396,-0.008419714176540659,0.1844673893993396,-0.008419714176540659,0.9434130191802979,0.7469149231910706,-0.06085497513413429,0.006288810167461634,1.0,0.0,20.0,1.0,1.244758129119873,1.35140061378479,-0.011109266821811386,226.4465016188093,225.51318585637807,226.0,226.0,2.143401622772217,2.063262701034546,2.0832271575927734,528,8,e2000000e2000000,226,226,2.10304594039917,1,1,1,1,1,1779078359.1667643
2.1516288757324227,1,stop_after_2mps,0.0,0.0,1.35140061378479,1.413215160369873,-0.08947660028934479,17.586226436865388,-1.4318122280537051,0.0,0.0,0.0,-0.008474648299166446,0.9999640895233215,2.1143445605906512,-0.035840514264597945,0.0,0.0,0.0,-0.014467676049231454,1.0,2.0,0.0,2.0,0.0,2.1844673893993396,-0.008419714176540659,0.1844673893993396,-0.008419714176540659,0.9434130191802979,0.7469149231910706,-0.06085497513413429,0.006288810167461634,1.0,0.0,20.0,1.0,1.244758129119873,1.35140061378479,-0.011109266821811386,226.4465016188093,225.51318585637807,226.0,226.0,2.143401622772217,2.163245677947998,2.1831161975860596,528,8,e2000000e2000000,226,226,2.10304594039917,1,1,1,1,1,1779078359.1667643
2.2016288757324225,1,stop_after_2mps,0.0,0.0,1.3684402704238892,1.4211047887802124,-0.10024514049291611,17.586226436865388,-1.4318122280537051,0.0,0.0,0.0,-0.008474648299166446,0.9999640895233215,2.1143445605906512,-0.035840514264597945,0.0,0.0,0.0,-0.014467676049231454,1.0,2.0,0.0,2.0,0.0,2.100187621902295,-0.02929588938265254,0.10018762190229502,-0.02929588938265254,0.9739663004875183,0.7248663306236267,-0.045511968433856964,0.021235603839159012,1.0,0.0,20.0,1.0,1.1402044296264648,1.3865556716918945,0.026442572291561335,226.4465016188093,225.51318585637807,226.0,226.0,2.243417978286743,2.163245677947998,2.1831161975860596,528,8,e2000000e2000000,226,226,2.203047037124634,1,1,1,1,1,1779078359.266804
2.2516288757324223,1,stop_after_2mps,0.0,0.0,1.3684402704238892,1.4211047887802124,-0.10024514049291611,17.769536008573525,-1.434823972167321,0.0,0.0,0.0,-0.007664809723867727,0.9999706249145006,2.1542941755866662,-0.033027420468616904,0.0,0.0,0.0,0.05057329165098141,1.0,2.0,0.0,2.0,0.0,2.100187621902295,-0.02929588938265254,0.10018762190229502,-0.02929588938265254,0.9739663004875183,0.7248663306236267,-0.045511968433856964,0.021235603839159012,1.0,0.0,20.0,1.0,1.1402044296264648,1.3865556716918945,0.026442572291561335,226.4465016188093,225.51318585637807,226.0,226.0,2.243417978286743,2.2632670402526855,2.2831075191497803,528,8,e2000000e2000000,226,226,2.203047037124634,1,1,1,1,1,1779078359.266804
2.301628875732422,1,stop_after_2mps,0.0,0.0,1.3865556716918945,1.432759404182434,-0.08001872152090073,17.769536008573525,-1.434823972167321,0.0,0.0,0.0,-0.007664809723867727,0.9999706249145006,2.1542941755866662,-0.033027420468616904,0.0,0.0,0.0,0.05057329165098141,1.0,2.0,0.0,2.0,0.0,2.083721887130932,-0.024281374112497985,0.08372188713093198,-0.024281374112497985,0.9791570901870728,0.7143222689628601,-0.040291059762239456,0.017344726249575615,1.0,0.0,20.0,1.0,1.1398274898529053,1.4095914363861084,-0.043523439082095126,226.4465016188093,225.51318585637807,226.0,226.0,2.3433663845062256,2.2632670402526855,2.2831075191497803,528,8,e2000000e2000000,226,226,2.3030283451080322,1,1,1,1,1,1779078359.3668876
2.351628875732422,1,stop_after_2mps,0.0,0.0,1.3865556716918945,1.432759404182434,-0.08001872152090073,17.96326956371986,-1.4375190915994545,0.0,0.0,0.0,-0.006371820225335067,0.9999796997474579,2.1277751923680874,-0.02711725348385155,0.0,0.0,0.0,0.017568339168470438,1.0,2.0,0.0,2.0,0.0,2.083721887130932,-0.024281374112497985,0.08372188713093198,-0.024281374112497985,0.9791570901870728,0.7143222689628601,-0.040291059762239456,0.017344726249575615,1.0,0.0,20.0,1.0,1.1398274898529053,1.4095914363861084,-0.043523439082095126,226.4465016188093,225.51318585637807,226.0,226.0,2.3433663845062256,2.3634402751922607,2.3831794261932373,528,8,e2000000e2000000,226,226,2.3030283451080322,1,1,1,1,1,1779078359.3668876
2.401628875732422,1,stop_after_2mps,0.0,0.0,1.3961601257324219,1.4555869102478027,-0.12518222630023956,17.96326956371986,-1.4375190915994545,0.0,0.0,0.0,-0.006371820225335067,0.9999796997474579,2.1277751923680874,-0.02711725348385155,0.0,0.0,0.0,0.017568339168470438,1.0,2.0,0.0,2.0,0.0,2.08321945125942,-0.026085204681784307,0.08321945125942021,-0.026085204681784307,0.9801007509231567,0.7273374795913696,-0.04176494851708412,0.018972747027873993,1.0,0.0,20.0,1.0,1.139829158782959,1.4204903841018677,0.03839536730827093,226.4465016188093,225.51318585637807,226.0,226.0,2.443449020385742,2.3634402751922607,2.3831794261932373,528,8,e2000000e2000000,226,226,2.403143882751465,1,1,1,1,1,1779078359.4669688
2.4516288757324216,1,stop_after_2mps,0.0,0.0,1.3961601257324219,1.4555869102478027,-0.12518222630023956,18.310094003393964,-1.4415608898571832,0.0,0.0,0.0,-0.005225393773096432,0.9999863475367632,1.9682443928063258,-0.02057054650792836,0.0,0.0,0.0,0.04440437915185501,1.0,2.0,0.0,2.0,0.0,2.08321945125942,-0.026085204681784307,0.08321945125942021,-0.026085204681784307,0.9801007509231567,0.7273374795913696,-0.04176494851708412,0.018972747027873993,1.0,0.0,20.0,1.0,1.139829158782959,1.4204903841018677,0.03839536730827093,226.4465016188093,225.51318585637807,226.0,226.0,2.443449020385742,2.4635262489318848,2.483181953430176,528,8,e2000000e2000000,226,226,2.403143882751465,1,1,1,1,1,1779078359.4669688
2.5016288757324214,1,stop_after_2mps,0.0,0.0,1.4095914363861084,1.4664199352264404,-0.11612533032894135,18.310094003393964,-1.4415608898571832,0.0,0.0,0.0,-0.005225393773096432,0.9999863475367632,1.9682443928063258,-0.02057054650792836,0.0,0.0,0.0,0.04440437915185501,1.0,2.0,0.0,2.0,0.0,2.0684555056850575,-0.02322748655222934,0.06845550568505754,-0.02322748655222934,0.9852071404457092,0.7245713472366333,-0.03785713389515877,0.016829971224069595,1.0,0.0,20.0,1.0,1.1403355598449707,1.4542030096054077,0.04975009132401953,226.4465016188093,225.51318585637807,226.0,226.0,2.5435147285461426,2.4635262489318848,2.483181953430176,528,8,e2000000e2000000,226,226,2.5031325817108154,1,1,1,1,1,1779078359.5669942
2.5516288757324213,1,stop_after_2mps,0.0,0.0,1.4095914363861084,1.4664199352264404,-0.11612533032894135,18.475847862958993,-1.442849232630463,0.0,0.0,0.0,-0.002848669367399375,0.9999959425331861,1.7089804862358318,-0.00973675924113939,0.0,0.0,0.0,0.022510327818881348,1.0,2.0,0.0,2.0,0.0,2.0684555056850575,-0.02322748655222934,0.06845550568505754,-0.02322748655222934,0.9852071404457092,0.7245713472366333,-0.03785713389515877,0.016829971224069595,1.0,0.0,20.0,1.0,1.1403355598449707,1.4542030096054077,0.04975009132401953,226.4465016188093,225.51318585637807,226.0,226.0,2.5435147285461426,2.5632402896881104,2.583070755004883,528,8,0000000000000000,0,0,2.5031325817108154,1,1,1,1,1,1779078359.5669942
2.601628875732421,1,stop_after_2mps,0.0,0.0,1.3960251808166504,1.4545392990112305,-0.04101099446415901,18.475847862958993,-1.442849232630463,0.0,0.0,0.0,-0.002848669367399375,0.9999959425331861,1.7089804862358318,-0.00973675924113939,0.0,0.0,0.0,0.022510327818881348,1.0,2.0,0.0,2.0,0.0,2.0722726994169296,-0.024693353576964297,0.0722726994169296,-0.024693353576964297,0.9842883348464966,0.730251669883728,-0.039713844656944275,0.018032362684607506,1.0,0.0,20.0,1.0,1.1379318237304688,1.446950912475586,0.01554872145510988,226.4465016188093,225.51318585637807,226.0,226.0,2.6433968544006348,2.5632402896881104,2.583070755004883,528,8,0000000000000000,0,0,2.6030309200286865,1,1,1,1,1,1779078359.6668596
2.651628875732421,1,stop_after_2mps,0.0,0.0,1.3960251808166504,1.4545392990112305,-0.04101099446415901,18.548899397135685,-1.4432533649284889,0.0,0.0,0.0,-0.0027112040363394953,0.9999963246795827,1.5560390858766922,-0.008437571933116984,0.0,0.0,0.0,0.0012872233090187209,1.0,2.0,0.0,2.0,0.0,2.0722726994169296,-0.024693353576964297,0.0722726994169296,-0.024693353576964297,0.9842883348464966,0.730251669883728,-0.039713844656944275,0.018032362684607506,1.0,0.0,20.0,1.0,1.1379318237304688,1.446950912475586,0.01554872145510988,226.4465016188093,225.51318585637807,226.0,226.0,2.6433968544006348,2.6632580757141113,2.6830790042877197,528,8,0000000000000000,0,0,2.6030309200286865,1,1,1,1,1,1779078359.6668596
2.7016288757324207,1,stop_after_2mps,0.0,0.0,1.4204903841018677,1.4611707925796509,-0.09631113708019257,18.548899397135685,-1.4432533649284889,0.0,0.0,0.0,-0.0027112040363394953,0.9999963246795827,1.5560390858766922,-0.008437571933116984,0.0,0.0,0.0,0.0012872233090187209,1.0,2.0,0.0,2.0,0.0,2.0740432836318914,-0.027832170086274696,0.07404328363189139,-0.027832170086274696,0.9842596054077148,0.7364196181297302,-0.04139702394604683,0.020496156066656113,1.0,0.0,20.0,1.0,1.13956880569458,1.4625797271728516,0.05689332799547515,226.4465016188093,225.51318585637807,226.0,226.0,2.743601083755493,2.6632580757141113,2.6830790042877197,528,8,0000000000000000,0,0,2.703030824661255,1,1,1,1,1,1779078359.7666645
2.7516288757324205,1,stop_after_2mps,0.0,0.0,1.4204903841018677,1.4611707925796509,-0.09631113708019257,18.62921646136276,-1.4436862192751603,0.0,0.0,0.0,-0.002867213995229326,0.9999958895335048,1.38314344660462,-0.007931634303314165,0.0,0.0,0.0,-0.012926335182698735,1.0,2.0,0.0,2.0,0.0,2.0740432836318914,-0.027832170086274696,0.07404328363189139,-0.027832170086274696,0.9842596054077148,0.7364196181297302,-0.04139702394604683,0.020496156066656113,1.0,0.0,20.0,1.0,1.13956880569458,1.4625797271728516,0.05689332799547515,226.4465016188093,225.51318585637807,226.0,226.0,2.743601083755493,2.763522148132324,2.7832815647125244,528,8,0000000000000000,0,0,2.703030824661255,1,1,1,1,1,1779078359.7666645
2.8016288757324204,1,stop_after_2mps,0.0,0.0,1.4339269399642944,1.4568159580230713,-0.08949507772922516,18.62921646136276,-1.4436862192751603,0.0,0.0,0.0,-0.002867213995229326,0.9999958895335048,1.38314344660462,-0.007931634303314165,0.0,0.0,0.0,-0.012926335182698735,1.0,2.0,0.0,2.0,0.0,2.0660965796788835,-0.02500717903093907,0.0660965796788835,-0.02500717903093907,0.9869288802146912,0.7295912504196167,-0.03909038379788399,0.018245019018650055,1.0,0.0,20.0,1.0,1.1400020122528076,1.4656957387924194,0.034027322949130884,226.4465016188093,225.51318585637807,226.0,226.0,2.843404769897461,2.763522148132324,2.7832815647125244,528,8,0000000000000000,0,0,2.80303955078125,1,1,1,1,1,1779078359.8666093
2.85162887573242,1,stop_after_2mps,0.0,0.0,1.4339269399642944,1.4568159580230713,-0.08949507772922516,18.673495354533507,-1.4439393064390424,0.0,0.0,0.0,-0.0028193180820345978,0.9999960257148787,1.243499833696516,-0.007011726732209635,0.0,0.0,0.0,0.0024769918663427506,1.0,2.0,0.0,2.0,0.0,2.0660965796788835,-0.02500717903093907,0.0660965796788835,-0.02500717903093907,0.9869288802146912,0.7295912504196167,-0.03909038379788399,0.018245019018650055,1.0,0.0,20.0,1.0,1.1400020122528076,1.4656957387924194,0.034027322949130884,226.4465016188093,225.51318585637807,226.0,226.0,2.843404769897461,2.863525629043579,2.8832314014434814,528,8,0000000000000000,0,0,2.80303955078125,1,1,1,1,1,1779078359.8666093
2.90162887573242,1,stop_after_2mps,0.0,0.0,1.4542030096054077,1.460249662399292,-0.12768012285232544,18.673495354533507,-1.4439393064390424,0.0,0.0,0.0,-0.0028193180820345978,0.9999960257148787,1.243499833696516,-0.007011726732209635,0.0,0.0,0.0,0.0024769918663427506,1.0,2.0,0.0,2.0,0.0,2.0686010073404577,-0.02579832437485071,0.06860100734045771,-0.02579832437485071,0.9862329363822937,0.7338845133781433,-0.04012244567275047,0.018932990729808807,1.0,0.0,20.0,1.0,1.1401634216308594,1.4649877548217773,0.035520927054565395,226.4465016188093,225.51318585637807,226.0,226.0,2.9435367584228516,2.863525629043579,2.8832314014434814,528,8,0000000000000000,0,0,2.903071403503418,1,1,1,1,1,1779078359.966919
2.95162887573242,1,stop_after_2mps,0.0,0.0,1.4542030096054077,1.460249662399292,-0.12768012285232544,18.701122329511463,-1.4440859458207458,0.0,0.0,0.0,-0.0024977356070730178,0.9999968806535534,1.1903060504395986,-0.005946195255781857,0.0,0.0,0.0,0.01608408629618007,1.0,2.0,0.0,2.0,0.0,2.0686010073404577,-0.02579832437485071,0.06860100734045771,-0.02579832437485071,0.9862329363822937,0.7338845133781433,-0.04012244567275047,0.018932990729808807,1.0,0.0,20.0,1.0,1.1401634216308594,1.4649877548217773,0.035520927054565395,226.4465016188093,225.51318585637807,226.0,226.0,2.9435367584228516,2.964531421661377,2.9833080768585205,528,8,0000000000000000,0,0,2.903071403503418,1,1,1,1,1,1779078359.966919
3.0016288757324197,1,stop_after_2mps,0.0,0.0,1.4553416967391968,1.4727896451950073,-0.09619005024433136,18.701122329511463,-1.4440859458207458,0.0,0.0,0.0,-0.0024977356070730178,0.9999968806535534,1.1903060504395986,-0.005946195255781857,0.0,0.0,0.0,0.01608408629618007,1.0,0.0,0.0,0.0,0.0,0.026824779143169688,-0.0202242818332078,0.026824779143169688,-0.0202242818332078,0.9587118029594421,0.7503689527511597,-0.02571723237633705,0.015175673179328442,1.0,0.0,20.0,1.0,1.1397426128387451,1.4693050384521484,0.015532899647416231,0.0,0.0,0.0,0.0,3.0437397956848145,2.964531421661377,2.9833080768585205,528,8,0000000000000000,0,0,3.003113269805908,1,1,1,1,1,1779078360.0672097
3.0516288757324195,1,stop_after_2mps,0.0,0.0,1.4553416967391968,1.4727896451950073,-0.09619005024433136,18.71260327363784,-1.4441426373095985,0.0,0.0,0.0,-0.0024622112271181613,0.9999969687533423,1.1504079290156723,-0.005665146154594376,0.0,0.0,0.0,0.015286859872527269,1.0,0.0,0.0,0.0,0.0,0.026824779143169688,-0.0202242818332078,0.026824779143169688,-0.0202242818332078,0.9587118029594421,0.7503689527511597,-0.02571723237633705,0.015175673179328442,1.0,0.0,20.0,1.0,1.1397426128387451,1.4693050384521484,0.015532899647416231,0.0,0.0,0.0,0.0,3.0437397956848145,3.063511610031128,3.0832951068878174,528,8,0000000000000000,0,0,3.003113269805908,1,1,1,1,1,1779078360.0672097
3.1016288757324193,1,stop_after_2mps,0.0,0.0,1.446950912475586,1.4579445123672485,-0.06035609170794487,18.71260327363784,-1.4441426373095985,0.0,0.0,0.0,-0.0024622112271181613,0.9999969687533423,1.1504079290156723,-0.005665146154594376,0.0,0.0,0.0,0.015286859872527269,1.0,0.0,0.0,0.0,0.0,-0.12715947734417218,-0.012249454254286581,-0.12715947734417218,-0.012249454254286581,1.007272481918335,0.6626051664352417,0.1280842423439026,0.008116551674902439,1.0,0.0,20.0,1.0,1.140819787979126,1.4714479446411133,0.020818915153614687,0.0,0.0,0.0,0.0,3.143392324447632,3.063511610031128,3.0832951068878174,528,8,0000000000000000,0,0,3.1030850410461426,1,1,1,1,1,1779078360.167371
3.151628875732419,1,stop_after_2mps,0.0,0.0,1.446950912475586,1.4579445123672485,-0.06035609170794487,18.719567764754675,-1.44417620622268,0.0,0.0,0.0,-0.0024099837349352738,0.999997095984982,1.1371089940954058,-0.0054808761109229115,0.0,0.0,0.0,0.02946874589830014,1.0,0.0,0.0,0.0,0.0,-0.12715947734417218,-0.012249454254286581,-0.12715947734417218,-0.012249454254286581,1.007272481918335,0.6626051664352417,0.1280842423439026,0.008116551674902439,1.0,0.0,20.0,1.0,1.140819787979126,1.4714479446411133,0.020818915153614687,0.0,0.0,0.0,0.0,3.143392324447632,3.1634435653686523,3.1831016540527344,528,8,0000000000000000,0,0,3.1030850410461426,1,1,1,1,1,1779078360.167371
3.201628875732419,1,stop_after_2mps,0.0,0.0,1.4655654430389404,1.467841386795044,-0.0792308822274208,18.719567764754675,-1.44417620622268,0.0,0.0,0.0,-0.0024099837349352738,0.999997095984982,1.1371089940954058,-0.0054808761109229115,0.0,0.0,0.0,0.02946874589830014,1.0,0.0,0.0,0.0,0.0,-0.12238303584529868,-0.004559489397013298,-0.12238303584529868,-0.004559489397013298,1.0000826120376587,0.6692671775817871,0.12239314615726471,0.0030515165999531746,1.0,0.0,20.0,1.0,1.140331745147705,1.4658886194229126,-0.02507576402712342,0.0,0.0,0.0,0.0,3.243549108505249,3.1634435653686523,3.1831016540527344,528,8,0000000000000000,0,0,3.2031209468841553,1,1,1,1,1,1779078360.2673705
3.2516288757324188,1,stop_after_2mps,0.0,0.0,1.4655654430389404,1.467841386795044,-0.0792308822274208,18.720728200324956,-1.4441817636250924,0.0,0.0,0.0,-0.0023945123530148935,0.9999971331511862,1.123809640769017,-0.0053819984226888985,0.0,0.0,0.0,0.03344093045522941,1.0,0.0,0.0,0.0,0.0,-0.12238303584529868,-0.004559489397013298,-0.12238303584529868,-0.004559489397013298,1.0000826120376587,0.6692671775817871,0.12239314615726471,0.0030515165999531746,1.0,0.0,20.0,1.0,1.140331745147705,1.4658886194229126,-0.02507576402712342,0.0,0.0,0.0,0.0,3.243549108505249,3.2634012699127197,3.283212184906006,528,8,0000000000000000,0,0,3.2031209468841553,1,1,1,1,1,1779078360.2673705
3.3016288757324186,1,stop_after_2mps,0.0,0.0,1.4625797271728516,1.453402042388916,-0.10972637683153152,18.720728200324956,-1.4441817636250924,0.0,0.0,0.0,-0.0023945123530148935,0.9999971331511862,1.123809640769017,-0.0053819984226888985,0.0,0.0,0.0,0.03344093045522941,1.0,0.0,0.0,0.0,0.0,-0.11449486999335354,0.010083131868201598,-0.11449486999335354,0.010083131868201598,0.9896042943000793,0.6810171008110046,0.11330461502075195,-0.006866785231977701,1.0,0.0,20.0,1.0,1.1404080390930176,1.4405230283737183,0.030053088423474636,0.0,0.0,0.0,0.0,3.34355092048645,3.2634012699127197,3.283212184906006,528,8,0000000000000000,0,0,3.3030989170074463,1,1,1,1,1,1779078360.3673217
3.3516288757324184,1,stop_after_2mps,0.0,0.0,1.4625797271728516,1.453402042388916,-0.10972637683153152,18.729584647992297,-1.444220513784447,0.0,0.0,0.0,-0.0021876650000836793,0.9999976070580606,1.1105122235251734,-0.004858892328311768,0.0,0.0,0.0,0.061832602161422806,1.0,0.0,0.0,0.0,0.0,-0.11449486999335354,0.010083131868201598,-0.11449486999335354,0.010083131868201598,0.9896042943000793,0.6810171008110046,0.11330461502075195,-0.006866785231977701,1.0,0.0,20.0,1.0,1.1404080390930176,1.4405230283737183,0.030053088423474636,0.0,0.0,0.0,0.0,3.34355092048645,3.363368272781372,3.3832082748413086,528,8,0000000000000000,0,0,3.3030989170074463,1,1,1,1,1,1779078360.3673217
3.4016288757324182,1,stop_after_2mps,0.0,0.0,1.4700143337249756,1.4763991832733154,-0.11614079773426056,18.729584647992297,-1.444220513784447,0.0,0.0,0.0,-0.0021876650000836793,0.9999976070580606,1.1105122235251734,-0.004858892328311768,0.0,0.0,0.0,0.061832602161422806,1.0,0.0,0.0,0.0,0.0,-0.10900975280048535,0.017399135181917567,-0.10900975280048535,0.017399135181917567,0.9791239500045776,0.6872810125350952,0.10673405975103378,-0.011958095245063305,1.0,0.0,20.0,1.0,1.1408259868621826,1.3471475839614868,0.011072583650756678,0.0,0.0,0.0,0.0,3.443476438522339,3.363368272781372,3.3832082748413086,528,8,0000000000000000,0,0,3.4031097888946533,1,1,1,1,1,1779078360.4673593
3.451628875732418,1,stop_after_2mps,0.0,0.0,1.4700143337249756,1.4763991832733154,-0.11614079773426056,18.730680798491903,-1.4442252372528526,0.0,0.0,0.0,-0.0021545561110954997,0.9999976789412884,1.103862767130683,-0.0047567016632415315,0.0,0.0,0.0,0.06517518587807634,1.0,0.0,0.0,0.0,0.0,-0.10900975280048535,0.017399135181917567,-0.10900975280048535,0.017399135181917567,0.9791239500045776,0.6872810125350952,0.10673405975103378,-0.011958095245063305,1.0,0.0,20.0,1.0,1.1408259868621826,1.3471475839614868,0.011072583650756678,0.0,0.0,0.0,0.0,3.443476438522339,3.463313341140747,3.483177423477173,528,8,0000000000000000,0,0,3.4031097888946533,1,1,1,1,1,1779078360.4673593
3.501628875732418,1,stop_after_2mps,0.0,0.0,1.4656957387924194,1.4689548015594482,-0.09497693926095963,18.730680798491903,-1.4442252372528526,0.0,0.0,0.0,-0.0021545561110954997,0.9999976789412884,1.103862767130683,-0.0047567016632415315,0.0,0.0,0.0,0.06517518587807634,1.0,0.0,0.0,0.0,0.0,-0.1054132440564146,0.029029085153934465,-0.1054132440564146,0.029029085153934465,0.9660807847976685,0.6887983679771423,0.10183770954608917,-0.01999518647789955,1.0,0.0,20.0,1.0,1.1407899856567383,1.131510853767395,-0.006535274874353132,0.0,0.0,0.0,0.0,3.54353404045105,3.463313341140747,3.483177423477173,528,8,0000000000000000,0,0,3.503168821334839,1,1,1,1,1,1779078360.567367
3.5516288757324177,1,stop_after_2mps,0.0,0.0,1.4656957387924194,1.4689548015594482,-0.09497693926095963,18.739302651912507,-1.4442582790037974,0.0,0.0,0.0,-0.001916152325753775,0.9999981641784471,1.0839155438493353,-0.004153917458102738,0.0,0.0,0.0,0.05366524306466686,1.0,0.0,0.0,0.0,0.0,-0.1054132440564146,0.029029085153934465,-0.1054132440564146,0.029029085153934465,0.9660807847976685,0.6887983679771423,0.10183770954608917,-0.01999518647789955,1.0,0.0,20.0,1.0,1.1407899856567383,1.131510853767395,-0.006535274874353132,0.0,0.0,0.0,0.0,3.54353404045105,3.5633957386016846,3.5831656455993652,528,8,0000000000000000,0,0,3.503168821334839,1,1,1,1,1,1779078360.567367
3.6016288757324175,1,stop_after_2mps,0.0,0.0,1.4770609140396118,1.4786146879196167,-0.09754010289907455,18.739302651912507,-1.4442582790037974,0.0,0.0,0.0,-0.001916152325753775,0.9999981641784471,1.0839155438493353,-0.004153917458102738,0.0,0.0,0.0,0.05366524306466686,1.0,0.0,0.0,0.0,0.0,-0.09853042637529465,0.04634862386990639,-0.09853042637529465,0.04634862386990639,0.9466797709465027,0.6878228187561035,0.09327676147222519,-0.031879641115665436,1.0,0.0,20.0,1.0,1.1404180526733398,0.8777431845664978,0.04505627757497793,0.0,0.0,0.0,0.0,3.643341541290283,3.5633957386016846,3.5831656455993652,528,8,0000000000000000,0,0,3.6030447483062744,1,1,1,1,1,1779078360.667357
3.6516288757324173,1,stop_after_2mps,0.0,0.0,1.4770609140396118,1.4786146879196167,-0.09754010289907455,18.740377529852253,-1.444262335169821,0.0,0.0,0.0,-0.0018867930086315528,0.9999982200044871,1.0706162056985122,-0.004040083917685722,0.0,0.0,0.0,0.051170926936052574,1.0,0.0,0.0,0.0,0.0,-0.09853042637529465,0.04634862386990639,-0.09853042637529465,0.04634862386990639,0.9466797709465027,0.6878228187561035,0.09327676147222519,-0.031879641115665436,1.0,0.0,20.0,1.0,1.1404180526733398,0.8777431845664978,0.04505627757497793,0.0,0.0,0.0,0.0,3.643341541290283,3.663231134414673,3.683074951171875,528,8,0000000000000000,0,0,3.6030447483062744,1,1,1,1,1,1779078360.667357
3.701628875732417,1,stop_after_2mps,0.0,0.0,1.4649877548217773,1.47566556930542,-0.10190018266439438,18.740377529852253,-1.444262335169821,0.0,0.0,0.0,-0.0018867930086315528,0.9999982200044871,1.0706162056985122,-0.004040083917685722,0.0,0.0,0.0,0.051170926936052574,1.0,0.0,0.0,0.0,0.0,-0.09315751738870003,0.05382087111023704,-0.09315751738870003,0.05382087111023704,0.9405486583709717,0.6861617565155029,0.08761917799711227,-0.03692982345819473,1.0,0.0,20.0,1.0,1.1408236026763916,0.6458351016044617,-0.013580878172015441,0.0,0.0,0.0,0.0,3.7433230876922607,3.663231134414673,3.683074951171875,528,8,0000000000000000,0,0,3.7030622959136963,1,1,1,1,1,1779078360.7673726
3.751628875732417,1,stop_after_2mps,0.0,0.0,1.4649877548217773,1.47566556930542,-0.10190018266439438,18.748748195686364,-1.4442916812451905,0.0,0.0,0.0,-0.00175290357389905,0.9999984636633501,1.0506678594287326,-0.0036834558686404217,0.0,0.0,0.0,0.025072888740474877,1.0,0.0,0.0,0.0,0.0,-0.09315751738870003,0.05382087111023704,-0.09315751738870003,0.05382087111023704,0.9405486583709717,0.6861617565155029,0.08761917799711227,-0.03692982345819473,1.0,0.0,20.0,1.0,1.1408236026763916,0.6458351016044617,-0.013580878172015441,0.0,0.0,0.0,0.0,3.7433230876922607,3.7632741928100586,3.7831153869628906,528,8,0000000000000000,0,0,3.7030622959136963,1,1,1,1,1,1779078360.7673726
3.801628875732417,1,stop_after_2mps,0.0,0.0,1.4844523668289185,1.4910706281661987,-0.11488758027553558,18.748748195686364,-1.4442916812451905,0.0,0.0,0.0,-0.00175290357389905,0.9999984636633501,1.0506678594287326,-0.0036834558686404217,0.0,0.0,0.0,0.025072888740474877,1.0,0.0,0.0,0.0,0.0,-0.08789414098162969,0.06817821500073669,-0.08789414098162969,0.06817821500073669,0.9370555281639099,0.6877243518829346,0.08236169070005417,-0.04688781872391701,1.0,0.0,20.0,1.0,1.1412203311920166,0.4492526650428772,0.016198507986167555,0.0,0.0,0.0,0.0,3.843334436416626,3.7632741928100586,3.7831153869628906,528,8,0000000000000000,0,0,3.8030667304992676,1,1,1,1,1,1779078360.8673522
3.8516288757324166,1,stop_after_2mps,0.0,0.0,1.4844523668289185,1.4910706281661987,-0.11488758027553558,18.759161260571485,-1.444324243675137,0.0,0.0,0.0,-0.0015635315299048042,0.9999987776838305,1.0240699594343583,-0.0032023430836398857,0.0,0.0,0.0,0.04505627757497793,1.0,0.0,0.0,0.0,0.0,-0.08789414098162969,0.06817821500073669,-0.08789414098162969,0.06817821500073669,0.9370555281639099,0.6877243518829346,0.08236169070005417,-0.04688781872391701,1.0,0.0,20.0,1.0,1.1412203311920166,0.4492526650428772,0.016198507986167555,0.0,0.0,0.0,0.0,3.843334436416626,3.863586664199829,3.8830742835998535,528,8,0000000000000000,0,0,3.8030667304992676,1,1,1,1,1,1779078360.8673522
3.9016288757324165,1,stop_after_2mps,0.0,0.0,1.4693050384521484,1.4710566997528076,-0.08149087429046631,18.759161260571485,-1.444324243675137,0.0,0.0,0.0,-0.0015635315299048042,0.9999987776838305,1.0240699594343583,-0.0032023430836398857,0.0,0.0,0.0,0.04505627757497793,1.0,0.0,0.0,0.0,0.0,-0.08031281035941,0.08268181943752606,-0.08031281035941,0.08268181943752606,0.9334849119186401,0.690428614616394,0.0749707967042923,-0.05708589404821396,1.0,0.0,20.0,1.0,1.1405515670776367,0.3116835355758667,0.017293697396938,0.0,0.0,0.0,0.0,3.9434664249420166,3.863586664199829,3.8830742835998535,528,8,0000000000000000,0,0,3.9030985832214355,1,1,1,1,1,1779078360.96742
3.9516288757324163,1,stop_after_2mps,0.0,0.0,1.4693050384521484,1.4710566997528076,-0.08149087429046631,18.768873686487822,-1.4443500420667412,0.0,0.0,0.0,-0.0013281091443491612,0.9999991180626614,0.9841724698152229,-0.002614183830197615,0.0,0.0,0.0,0.04278136837850615,1.0,0.0,0.0,0.0,0.0,-0.08031281035941,0.08268181943752606,-0.08031281035941,0.08268181943752606,0.9334849119186401,0.690428614616394,0.0749707967042923,-0.05708589404821396,1.0,0.0,20.0,1.0,1.1405515670776367,0.3116835355758667,0.017293697396938,0.0,0.0,0.0,0.0,3.9434664249420166,3.963387966156006,3.983186721801758,528,8,0000000000000000,0,0,3.9030985832214355,1,1,1,1,1,1779078360.96742
4.0016288757324165,1,forward_4mps,4.0,0.0,1.4713294506072998,1.5028005838394165,-0.1262606978416443,18.768873686487822,-1.4443500420667412,0.0,0.0,0.0,-0.0013281091443491612,0.9999991180626614,0.9841724698152229,-0.002614183830197615,0.0,0.0,0.0,0.04278136837850615,1.0,0.0,0.0,0.0,0.0,-0.07186114788758838,0.09577030221533217,-0.07186114788758838,0.09577030221533217,0.933358907699585,0.6959110498428345,0.06707224249839783,-0.06664761155843735,1.0,0.0,20.0,1.0,1.1405634880065918,0.21622724831104279,-0.0066471645535900025,0.0,0.0,0.0,0.0,4.044863224029541,3.963387966156006,3.983186721801758,528,8,0000000000000000,0,0,4.004263401031494,1,1,1,1,1,1779078361.0674353
4.051628875732416,1,forward_4mps,4.0,0.0,1.4713294506072998,1.5028005838394165,-0.1262606978416443,18.776651453910084,-1.4443685570996099,0.0,0.0,0.0,-0.001190251168366185,0.9999992916508272,0.9708735159747325,-0.002311171584800023,0.0,0.0,0.0,0.03253787819535108,1.0,0.0,0.0,0.0,0.0,-0.07186114788758838,0.09577030221533217,-0.07186114788758838,0.09577030221533217,0.933358907699585,0.6959110498428345,0.06707224249839783,-0.06664761155843735,1.0,0.0,20.0,1.0,1.1405634880065918,0.21622724831104279,-0.0066471645535900025,0.0,0.0,0.0,0.0,4.044863224029541,4.064633846282959,4.084512233734131,528,8,0000000000000000,0,0,4.004263401031494,1,1,1,1,1,1779078361.0674353
4.101628875732416,1,forward_4mps,4.0,0.0,1.4714479446411133,1.4979526996612549,-0.10694511979818344,18.776651453910084,-1.4443685570996099,0.0,0.0,0.0,-0.001190251168366185,0.9999992916508272,0.9708735159747325,-0.002311171584800023,0.0,0.0,0.0,0.03253787819535108,1.0,0.0,0.0,0.0,0.0,-0.06571494581372277,0.1166511833758351,-0.06571494581372277,0.1166511833758351,0.9339234232902527,0.7070451974868774,0.061372727155685425,-0.08247765898704529,1.0,0.0,20.0,1.0,1.1405837535858154,0.12617672979831696,0.007487812643747104,0.0,0.0,0.0,0.0,4.144826412200928,4.064633846282959,4.084512233734131,528,8,0000000000000000,0,0,4.104445219039917,1,1,1,1,1,1779078361.1673727
4.151628875732416,1,forward_4mps,4.0,0.0,1.4714479446411133,1.4979526996612549,-0.10694511979818344,18.777642290756685,-1.4443708840118277,0.0,0.0,0.0,-0.0011742131983080559,0.9999993106114449,0.9575739513945227,-0.002248796595051866,0.0,0.0,0.0,0.03123321871554843,1.0,0.0,0.0,0.0,0.0,-0.06571494581372277,0.1166511833758351,-0.06571494581372277,0.1166511833758351,0.9339234232902527,0.7070451974868774,0.061372727155685425,-0.08247765898704529,1.0,0.0,20.0,1.0,1.1405837535858154,0.12617672979831696,0.007487812643747104,0.0,0.0,0.0,0.0,4.144826412200928,4.1648430824279785,4.184587001800537,528,8,0000000000000000,0,0,4.104445219039917,1,1,1,1,1,1779078361.1673727
4.201628875732416,1,forward_4mps,4.0,0.0,1.476297378540039,1.495710849761963,-0.08566183596849442,18.777642290756685,-1.4443708840118277,0.0,0.0,0.0,-0.0011742131983080559,0.9999993106114449,0.9575739513945227,-0.002248796595051866,0.0,0.0,0.0,0.03123321871554843,1.0,0.0,0.0,0.0,0.0,-0.08393691094497643,0.20363509539471752,-0.08393691094497643,0.20363509539471752,0.9959698915481567,0.8225052952766418,0.08359863609075546,-0.16749094426631927,1.0,0.0,20.0,1.0,1.1400928497314453,0.07719912379980087,0.007487812643747104,0.0,0.0,0.0,0.0,4.244775056838989,4.1648430824279785,4.184587001800537,528,8,0000000000000000,0,0,4.20447039604187,1,1,1,1,1,1779078361.2674406
4.251628875732416,1,forward_4mps,4.0,0.0,1.476297378540039,1.495710849761963,-0.08566183596849442,18.965900697925864,-1.4446971626833534,0.0,0.0,0.0,-0.0004910541029041485,0.9999998794329268,0.12634685050645492,-0.00012408632354259997,0.0,0.0,0.0,-0.0066471645535900025,1.0,0.0,0.0,0.0,0.0,-0.08393691094497643,0.20363509539471752,-0.08393691094497643,0.20363509539471752,0.9959698915481567,0.8225052952766418,0.08359863609075546,-0.16749094426631927,1.0,0.0,20.0,1.0,1.1400928497314453,0.07719912379980087,0.007487812643747104,0.0,0.0,0.0,0.0,4.244775056838989,4.264542102813721,4.2843101024627686,528,8,0000000000000000,0,0,4.20447039604187,1,1,1,1,1,1779078361.2674406
4.3016288757324155,1,forward_4mps,4.0,0.0,1.4658886194229126,1.4821830987930298,-0.07471288740634918,18.965900697925864,-1.4446971626833534,0.0,0.0,0.0,-0.0004910541029041485,0.9999998794329268,0.12634685050645492,-0.00012408632354259997,0.0,0.0,0.0,-0.0066471645535900025,1.0,0.0,0.0,0.0,0.0,-0.08264429047062538,0.20522654181850103,-0.08264429047062538,0.20522654181850103,0.9944915175437927,0.8216029405593872,0.08218904584646225,-0.1686147302389145,1.0,0.0,20.0,1.0,1.1400747299194336,0.049319732934236526,0.0009570765567489608,0.0,0.0,0.0,0.0,4.344576120376587,4.264542102813721,4.2843101024627686,528,8,0000000000000000,0,0,4.30431866645813,1,1,1,1,1,1779078361.3674376
4.351628875732415,1,forward_4mps,4.0,0.0,1.4658886194229126,1.4821830987930298,-0.07471288740634918,19.209701633940856,-1.445104363742532,0.0,0.0,0.0,-0.00013057210730743775,0.9999999914754624,2.972477236195788,-0.0007762452531583404,0.0,0.0,0.0,0.0020889184601701354,1.0,0.0,0.0,0.0,0.0,-0.08264429047062538,0.20522654181850103,-0.08264429047062538,0.20522654181850103,0.9944915175437927,0.8216029405593872,0.08218904584646225,-0.1686147302389145,1.0,0.0,20.0,1.0,1.1400747299194336,0.049319732934236526,0.0009570765567489608,0.0,0.0,0.0,0.0,4.344576120376587,4.364537239074707,4.3843677043914795,528,8,0000000000000000,0,0,4.30431866645813,1,1,1,1,1,1779078361.3674376
4.401628875732415,1,forward_4mps,4.0,0.0,1.4687411785125732,1.4702353477478027,-0.06507261097431183,19.209701633940856,-1.445104363742532,0.0,0.0,0.0,-0.00013057210730743775,0.9999999914754624,2.972477236195788,-0.0007762452531583404,0.0,0.0,0.0,0.0020889184601701354,1.0,0.0,0.0,0.0,0.0,-0.08167443300332378,0.2060980779020141,-0.08167443300332378,0.2060980779020141,0.9934060573577881,0.8216245770454407,0.08113587647676468,-0.1693352460861206,1.0,0.0,20.0,1.0,1.1398842334747314,0.022509615868330002,0.0009652890284446658,0.0,0.0,0.0,0.0,4.444594860076904,4.364537239074707,4.3843677043914795,528,8,0000000000000000,0,0,4.404309988021851,1,1,1,1,1,1779078361.467474
4.451628875732415,1,forward_4mps,4.0,0.0,1.4687411785125732,1.4702353477478027,-0.06507261097431183,19.482980740634588,-1.4455785253278042,0.0,0.0,0.0,-0.0016792490386770785,0.9999985900603391,1.47625558684331,-0.004958022521644225,0.0,0.0,0.0,0.023434687887621358,1.0,0.0,0.0,0.0,0.0,-0.08167443300332378,0.2060980779020141,-0.08167443300332378,0.2060980779020141,0.9934060573577881,0.8216245770454407,0.08113587647676468,-0.1693352460861206,1.0,0.0,20.0,1.0,1.1398842334747314,0.022509615868330002,0.0009652890284446658,0.0,0.0,0.0,0.0,4.444594860076904,4.464513778686523,4.484341859817505,528,8,0000000000000000,0,0,4.404309988021851,1,1,1,1,1,1779078361.467474
4.501628875732415,1,forward_4mps,4.0,0.0,1.4405230283737183,1.4626675844192505,-0.061671048402786255,19.482980740634588,-1.4455785253278042,0.0,0.0,0.0,-0.0016792490386770785,0.9999985900603391,1.47625558684331,-0.004958022521644225,0.0,0.0,0.0,0.023434687887621358,1.0,0.0,0.0,0.0,0.0,-0.08039535290613704,0.2076528037009013,-0.08039535290613704,0.2076528037009013,0.9920259714126587,0.8210682272911072,0.07975427806377411,-0.1704971194267273,1.0,0.0,20.0,1.0,1.1398041248321533,0.00022972922306507826,-0.0020403927623982585,0.0,0.0,0.0,0.0,4.544632196426392,4.464513778686523,4.484341859817505,528,8,0000000000000000,0,0,4.504312038421631,1,1,1,1,1,1779078361.567526
4.551628875732415,1,forward_4mps,4.0,0.0,1.4405230283737183,1.4626675844192505,-0.061671048402786255,19.66731801854384,-1.4461901829736494,0.0,0.0,0.0,-0.001732261569315432,0.9999984996338022,3.165303626875175,-0.010966317016600023,0.0,0.0,0.0,-0.009681098510234356,1.0,0.0,0.0,0.0,0.0,-0.08039535290613704,0.2076528037009013,-0.08039535290613704,0.2076528037009013,0.9920259714126587,0.8210682272911072,0.07975427806377411,-0.1704971194267273,1.0,0.0,20.0,1.0,1.1398041248321533,0.00022972922306507826,-0.0020403927623982585,0.0,0.0,0.0,0.0,4.544632196426392,4.564510345458984,4.584364414215088,528,8,a7010000a6010000,423,422,4.504312038421631,1,1,1,1,1,1779078361.567526
4.601628875732414,1,forward_4mps,4.0,0.0,1.4159082174301147,1.4355645179748535,-0.04923240840435028,19.66731801854384,-1.4461901829736494,0.0,0.0,0.0,-0.001732261569315432,0.9999984996338022,3.165303626875175,-0.010966317016600023,0.0,0.0,0.0,-0.009681098510234356,1.0,0.0,0.0,0.0,0.0,-0.07925299751724682,0.20900992775115668,-0.07925299751724682,0.20900992775115668,0.9909327030181885,0.8205690383911133,0.07853438705205917,-0.1715070754289627,1.0,0.0,20.0,1.0,1.139922857284546,-0.011545764282345772,0.00024478571612293376,0.0,0.0,0.0,0.0,4.6446027755737305,4.564510345458984,4.584364414215088,528,8,a7010000a6010000,423,422,4.6043055057525635,1,1,1,1,1,1779078361.667398
4.651628875732414,1,forward_4mps,4.0,0.0,1.4159082174301147,1.4355645179748535,-0.04923240840435028,20.034180187930534,-1.4476472810222096,0.0,0.0,0.0,-0.002204725457690407,0.9999975695898746,2.6067109363992773,-0.011494247731915081,0.0,0.0,0.0,-0.04073627290169362,1.0,0.0,0.0,0.0,0.0,-0.07925299751724682,0.20900992775115668,-0.07925299751724682,0.20900992775115668,0.9909327030181885,0.8205690383911133,0.07853438705205917,-0.1715070754289627,1.0,0.0,20.0,1.0,1.139922857284546,-0.011545764282345772,0.00024478571612293376,0.0,0.0,0.0,0.0,4.6446027755737305,4.664525508880615,4.684366703033447,528,8,a7010000a6010000,423,422,4.6043055057525635,1,1,1,1,1,1779078361.667398
4.701628875732414,1,forward_4mps,4.0,0.0,1.3471475839614868,1.3821669816970825,-0.07154548913240433,20.034180187930534,-1.4476472810222096,0.0,0.0,0.0,-0.002204725457690407,0.9999975695898746,2.6067109363992773,-0.011494247731915081,0.0,0.0,0.0,-0.04073627290169362,1.0,0.0,0.0,0.0,0.0,-0.07871141390999473,0.20955077301986313,-0.07871141390999473,0.20955077301986313,0.9904136061668396,0.8204102516174316,0.07795685529708862,-0.1719176024198532,1.0,0.0,20.0,1.0,1.1396377086639404,-0.016429735347628593,0.00024478571612293376,0.0,0.0,0.0,0.0,4.744607925415039,4.664525508880615,4.684366703033447,528,8,a7010000a6010000,423,422,4.704319477081299,1,1,1,1,1,1779078361.7674441
4.751628875732414,1,forward_4mps,4.0,0.0,1.3471475839614868,1.3821669816970825,-0.07154548913240433,20.317900794337604,-1.4483654402037103,0.0,0.0,0.0,-0.00020839990419320992,0.9999999782847397,2.9059787106935375,-0.001211211448697398,0.0,0.0,0.0,0.0033590447144665678,1.0,0.0,0.0,0.0,0.0,-0.07871141390999473,0.20955077301986313,-0.07871141390999473,0.20955077301986313,0.9904136061668396,0.8204102516174316,0.07795685529708862,-0.1719176024198532,1.0,0.0,20.0,1.0,1.1396377086639404,-0.016429735347628593,0.00024478571612293376,0.0,0.0,0.0,0.0,4.744607925415039,4.764697790145874,4.784469127655029,528,8,a7010000a6010000,423,422,4.704319477081299,1,1,1,1,1,1779078361.7674441
4.801628875732414,1,forward_4mps,4.0,0.0,1.256166934967041,1.298176646232605,-0.0940059944987297,20.317900794337604,-1.4483654402037103,0.0,0.0,0.0,-0.00020839990419320992,0.9999999782847397,2.9059787106935375,-0.001211211448697398,0.0,0.0,0.0,0.0033590447144665678,1.0,0.0,0.0,0.0,0.0,-0.07785015600524901,0.2104744024622051,-0.07785015600524901,0.2104744024622051,0.989690363407135,0.8200257420539856,0.07704754918813705,-0.17259442806243896,1.0,0.0,20.0,1.0,1.1398463249206543,-0.01857835426926613,0.001229689864629825,0.0,0.0,0.0,0.0,4.844631910324097,4.764697790145874,4.784469127655029,528,8,a7010000a6010000,423,422,4.8043129444122314,1,1,1,1,1,1779078361.867373
4.8516288757324135,1,forward_4mps,4.0,0.0,1.256166934967041,1.298176646232605,-0.0940059944987297,20.563707547140684,-1.4484689713634884,0.0,0.0,0.0,-0.0013572177435106397,0.9999990789795742,1.8087491212179485,-0.0049097463676867886,0.0,0.0,0.0,-0.021777646190593386,1.0,0.0,0.0,0.0,0.0,-0.07785015600524901,0.2104744024622051,-0.07785015600524901,0.2104744024622051,0.989690363407135,0.8200257420539856,0.07704754918813705,-0.17259442806243896,1.0,0.0,20.0,1.0,1.1398463249206543,-0.01857835426926613,0.001229689864629825,0.0,0.0,0.0,0.0,4.844631910324097,4.864502429962158,4.8843958377838135,528,8,a7010000a6010000,423,422,4.8043129444122314,1,1,1,1,1,1779078361.867373
4.901628875732413,1,forward_4mps,4.0,0.0,1.131510853767395,1.1699738502502441,-0.05142318829894066,20.563707547140684,-1.4484689713634884,0.0,0.0,0.0,-0.0013572177435106397,0.9999990789795742,1.8087491212179485,-0.0049097463676867886,0.0,0.0,0.0,-0.021777646190593386,1.0,0.0,0.0,0.0,0.0,-0.07705177728295814,0.21123058856445429,-0.07705177728295814,0.21123058856445429,0.9890884160995483,0.819764256477356,0.07621102035045624,-0.17315928637981415,1.0,0.0,20.0,1.0,1.1394944190979004,-0.016358796507120132,-0.0012497112704258106,0.0,0.0,0.0,0.0,4.944907903671265,4.864502429962158,4.8843958377838135,528,8,a7010000a6010000,423,422,4.904339790344238,1,1,1,1,1,1779078361.967451
4.951628875732413,1,forward_4mps,4.0,0.0,1.131510853767395,1.1699738502502441,-0.05142318829894066,20.865324706621884,-1.4486817419471223,0.0,0.0,0.0,0.0018178530887225741,0.9999983477037089,1.7156467215079148,0.0062376183028976335,0.0,0.0,0.0,0.04810639397122539,1.0,0.0,0.0,0.0,0.0,-0.07705177728295814,0.21123058856445429,-0.07705177728295814,0.21123058856445429,0.9890884160995483,0.819764256477356,0.07621102035045624,-0.17315928637981415,1.0,0.0,20.0,1.0,1.1394944190979004,-0.016358796507120132,-0.0012497112704258106,0.0,0.0,0.0,0.0,4.944907903671265,4.964507102966309,4.984460830688477,528,8,a7010000a6010000,423,422,4.904339790344238,1,1,1,1,1,1779078361.967451
5.001628875732413,1,stop_after_4mps,0.0,0.0,0.8777431845664978,0.9233115315437317,-0.03836580738425255,20.865324706621884,-1.4486817419471223,0.0,0.0,0.0,0.0018178530887225741,0.9999983477037089,1.7156467215079148,0.0062376183028976335,0.0,0.0,0.0,0.04810639397122539,1.0,4.0,0.0,4.0,0.0,3.0,0.1542363048948761,-1.0,0.1542363048948761,0.9968151450157166,0.7855762243270874,0.08588040620088577,-0.12116437405347824,1.0,0.0,20.0,1.0,1.1404509544372559,-0.015245833434164524,-0.0012497112704258106,423.3761274917957,421.50949596693334,423.0,422.0,5.045883417129517,4.964507102966309,4.984460830688477,528,8,a7010000a6010000,423,422,5.005516767501831,1,1,1,1,1,1779078362.0686998
5.051628875732413,1,stop_after_4mps,0.0,0.0,0.8777431845664978,0.9233115315437317,-0.03836580738425255,20.91924874538178,-1.4484809121837272,0.0,0.0,0.0,0.0015976810046053195,0.9999987237068892,0.12634626641720167,0.0004037236055247589,0.0,0.0,0.0,-0.03644247966267271,1.0,4.0,0.0,4.0,0.0,3.0,0.1542363048948761,-1.0,0.1542363048948761,0.9968151450157166,0.7855762243270874,0.08588040620088577,-0.12116437405347824,1.0,0.0,20.0,1.0,1.1404509544372559,-0.015245833434164524,-0.0012497112704258106,423.3761274917957,421.50949596693334,423.0,422.0,5.045883417129517,5.065811634063721,5.08563232421875,528,8,a7010000a6010000,423,422,5.005516767501831,1,1,1,1,1,1779078362.0686998
5.101628875732413,1,stop_after_4mps,0.0,0.0,0.6458351016044617,0.6595542430877686,-0.11128383874893188,20.91924874538178,-1.4484809121837272,0.0,0.0,0.0,0.0015976810046053195,0.9999987237068892,0.12634626641720167,0.0004037236055247589,0.0,0.0,0.0,-0.03644247966267271,1.0,4.0,0.0,4.0,0.0,3.0,0.2009191864122796,-1.0,0.2009191864122796,1.1981256008148193,0.8862236738204956,0.12920230627059937,-0.17805933952331543,1.0,0.0,20.0,1.0,1.141348123550415,-0.007980006746947765,-0.028180353166831196,423.3761274917957,421.50949596693334,423.0,422.0,5.145876169204712,5.065811634063721,5.08563232421875,528,8,a7010000a6010000,423,422,5.105694532394409,1,1,1,1,1,1779078362.1687975
5.1516288757324125,1,stop_after_4mps,0.0,0.0,0.6458351016044617,0.6595542430877686,-0.11128383874893188,20.95813533887056,-1.4483425698381167,0.0,0.0,0.0,0.002430918488718016,0.9999970453132855,0.5319807081246486,0.0025864264043048055,0.0,0.0,0.0,0.058536252532755025,1.0,4.0,0.0,4.0,0.0,3.0,0.2009191864122796,-1.0,0.2009191864122796,1.1981256008148193,0.8862236738204956,0.12920230627059937,-0.17805933952331543,1.0,0.0,20.0,1.0,1.141348123550415,-0.007980006746947765,-0.028180353166831196,423.3761274917957,421.50949596693334,423.0,422.0,5.145876169204712,5.165800333023071,5.185584306716919,528,8,a7010000a6010000,423,422,5.105694532394409,1,1,1,1,1,1779078362.1687975
5.201628875732412,1,stop_after_4mps,0.0,0.0,0.4492526650428772,0.45590075850486755,-0.09797491133213043,20.95813533887056,-1.4483425698381167,0.0,0.0,0.0,0.002430918488718016,0.9999970453132855,0.5319807081246486,0.0025864264043048055,0.0,0.0,0.0,0.058536252532755025,1.0,4.0,0.0,4.0,0.0,3.0,0.19133180077319692,-1.0,0.19133180077319692,1.1867924928665161,0.9117110967636108,0.10094866901636124,-0.17443932592868805,1.0,0.0,20.0,1.0,1.1412937641143799,0.009171617217361927,0.04409627547696367,423.3761274917957,421.50949596693334,423.0,422.0,5.2462241649627686,5.165800333023071,5.185584306716919,528,8,a7010000a6010000,423,422,5.205568313598633,1,1,1,1,1,1779078362.2687948
5.251628875732412,1,stop_after_4mps,0.0,0.0,0.4492526650428772,0.45590075850486755,-0.09797491133213043,20.998812715584293,-1.4480280581719789,0.0,0.0,0.0,0.005580643589262341,0.9999844280873226,0.3590688552116596,0.004007857840890255,0.0,0.0,0.0,0.02051037860447036,1.0,4.0,0.0,4.0,0.0,3.0,0.19133180077319692,-1.0,0.19133180077319692,1.1867924928665161,0.9117110967636108,0.10094866901636124,-0.17443932592868805,1.0,0.0,20.0,1.0,1.1412937641143799,0.009171617217361927,0.04409627547696367,423.3761274917957,421.50949596693334,423.0,422.0,5.2462241649627686,5.265715599060059,5.285548448562622,528,8,a7010000a6010000,423,422,5.205568313598633,1,1,1,1,1,1779078362.2687948
5.301628875732412,1,stop_after_4mps,0.0,0.0,0.3116835355758667,0.29476961493492126,-0.10065343976020813,20.998812715584293,-1.4480280581719789,0.0,0.0,0.0,0.005580643589262341,0.9999844280873226,0.3590688552116596,0.004007857840890255,0.0,0.0,0.0,0.02051037860447036,1.0,4.0,0.0,4.0,0.0,3.0,0.1889949138451323,-1.0,0.1889949138451323,1.1854652166366577,0.916683554649353,0.09597145020961761,-0.1732485294342041,1.0,0.0,20.0,1.0,1.140202522277832,0.20446369051933289,-0.055644086323740655,423.3761274917957,421.50949596693334,423.0,422.0,5.345775604248047,5.265715599060059,5.285548448562622,528,8,a7010000a6010000,423,422,5.305478096008301,1,1,1,1,1,1779078362.3686194
5.351628875732412,1,stop_after_4mps,0.0,0.0,0.3116835355758667,0.29476961493492126,-0.10065343976020813,21.02748664047211,-1.4476718135514122,0.0,0.0,0.0,0.006760274476641715,0.9999771490834181,0.36570762973850224,0.004944906900016017,0.0,0.0,0.0,0.027838511283731028,1.0,4.0,0.0,4.0,0.0,3.0,0.1889949138451323,-1.0,0.1889949138451323,1.1854652166366577,0.916683554649353,0.09597145020961761,-0.1732485294342041,1.0,0.0,20.0,1.0,1.140202522277832,0.20446369051933289,-0.055644086323740655,423.3761274917957,421.50949596693334,423.0,422.0,5.345775604248047,5.36571741104126,5.3856377601623535,528,8,a7010000a6010000,423,422,5.305478096008301,1,1,1,1,1,1779078362.3686194
5.401628875732412,1,stop_after_4mps,0.0,0.0,0.21622724831104279,0.19592930376529694,-0.09583824872970581,21.02748664047211,-1.4476718135514122,0.0,0.0,0.0,0.006760274476641715,0.9999771490834181,0.36570762973850224,0.004944906900016017,0.0,0.0,0.0,0.027838511283731028,1.0,4.0,0.0,4.0,0.0,3.0,0.17902525645110487,-1.0,0.17902525645110487,1.1846133470535278,0.9160935282707214,0.09145088493824005,-0.1640038788318634,1.0,0.0,20.0,1.0,1.1411278247833252,0.5050950050354004,-0.05108739446550389,423.3761274917957,421.50949596693334,423.0,422.0,5.4458513259887695,5.36571741104126,5.3856377601623535,528,8,a7010000a6010000,423,422,5.405585050582886,1,1,1,1,1,1779078362.4685926
5.451628875732411,1,stop_after_4mps,0.0,0.0,0.21622724831104279,0.19592930376529694,-0.09583824872970581,21.05737211557426,-1.4471971363028853,0.0,0.0,0.0,0.009422362861238643,0.9999556085537553,0.1396217904225897,0.0026314847968284512,0.0,0.0,0.0,0.08324563594001487,1.0,4.0,0.0,4.0,0.0,3.0,0.17902525645110487,-1.0,0.17902525645110487,1.1846133470535278,0.9160935282707214,0.09145088493824005,-0.1640038788318634,1.0,0.0,20.0,1.0,1.1411278247833252,0.5050950050354004,-0.05108739446550389,423.3761274917957,421.50949596693334,423.0,422.0,5.4458513259887695,5.46575927734375,5.48558497428894,528,8,a7010000a6010000,423,422,5.405585050582886,1,1,1,1,1,1779078362.4685926
5.501628875732411,1,stop_after_4mps,0.0,0.0,0.12617672979831696,0.13659366965293884,-0.09775762259960175,21.05737211557426,-1.4471971363028853,0.0,0.0,0.0,0.009422362861238643,0.9999556085537553,0.1396217904225897,0.0026314847968284512,0.0,0.0,0.0,0.08324563594001487,1.0,4.0,0.0,4.0,0.0,3.0,0.17093618666093507,-1.0,0.17093618666093507,1.1853468418121338,0.9201332330703735,0.08243627846240997,-0.15728406608104706,1.0,0.0,20.0,1.0,1.1411869525909424,0.8197822570800781,-0.028411949079374152,423.3761274917957,421.50949596693334,423.0,422.0,5.5459089279174805,5.46575927734375,5.48558497428894,528,8,a7010000a6010000,423,422,5.505551099777222,1,1,1,1,1,1779078362.5686345
5.551628875732411,1,stop_after_4mps,0.0,0.0,0.12617672979831696,0.13659366965293884,-0.09775762259960175,21.139830267369035,-1.4452591294344461,0.0,0.0,0.0,0.01225491258162411,0.9999249057392344,3.35715923064234,0.08230192745958277,0.0,0.0,0.0,0.04139819181027183,1.0,4.0,0.0,4.0,0.0,3.0,0.17093618666093507,-1.0,0.17093618666093507,1.1853468418121338,0.9201332330703735,0.08243627846240997,-0.15728406608104706,1.0,0.0,20.0,1.0,1.1411869525909424,0.8197822570800781,-0.028411949079374152,423.3761274917957,421.50949596693334,423.0,422.0,5.5459089279174805,5.5657243728637695,5.585544109344482,528,8,0000000000000000,0,0,5.505551099777222,1,1,1,1,1,1779078362.5686345
5.601628875732411,1,stop_after_4mps,0.0,0.0,0.07719912379980087,0.08266404271125793,-0.09854763746261597,21.139830267369035,-1.4452591294344461,0.0,0.0,0.0,0.01225491258162411,0.9999249057392344,3.35715923064234,0.08230192745958277,0.0,0.0,0.0,0.04139819181027183,1.0,4.0,0.0,4.0,0.0,3.0,0.1641082541315261,-1.0,0.1641082541315261,1.1895419359207153,0.9140487313270569,0.08193036168813705,-0.15000294148921967,1.0,0.0,20.0,1.0,1.1408262252807617,1.1286909580230713,0.041558580974154886,423.3761274917957,421.50949596693334,423.0,422.0,5.645799875259399,5.5657243728637695,5.585544109344482,528,8,0000000000000000,0,0,5.605529069900513,1,1,1,1,1,1779078362.668602
5.651628875732411,1,stop_after_4mps,0.0,0.0,0.07719912379980087,0.08266404271125793,-0.09854763746261597,21.43457609011925,-1.4377125584284665,0.0,0.0,0.0,0.013340789400351495,0.9999110077092739,2.825174925290151,0.07540025811716804,0.0,0.0,0.0,0.02360003714196556,1.0,4.0,0.0,4.0,0.0,3.0,0.1641082541315261,-1.0,0.1641082541315261,1.1895419359207153,0.9140487313270569,0.08193036168813705,-0.15000294148921967,1.0,0.0,20.0,1.0,1.1408262252807617,1.1286909580230713,0.041558580974154886,423.3761274917957,421.50949596693334,423.0,422.0,5.645799875259399,5.665650367736816,5.685544490814209,528,8,0000000000000000,0,0,5.605529069900513,1,1,1,1,1,1779078362.668602
5.7016288757324105,1,stop_after_4mps,0.0,0.0,0.049319732934236526,0.04064079374074936,-0.09827852249145508,21.43457609011925,-1.4377125584284665,0.0,0.0,0.0,0.013340789400351495,0.9999110077092739,2.825174925290151,0.07540025811716804,0.0,0.0,0.0,0.02360003714196556,1.0,4.0,0.0,4.0,0.0,3.0,0.136566660293432,-1.0,0.136566660293432,1.202216386795044,0.8816137313842773,0.09061738848686218,-0.12039904296398163,1.0,0.0,20.0,1.0,1.1411495208740234,1.4837079048156738,0.00016286994349867627,423.3761274917957,421.50949596693334,423.0,422.0,5.745771884918213,5.665650367736816,5.685544490814209,528,8,0000000000000000,0,0,5.705601453781128,1,1,1,1,1,1779078362.768612
5.75162887573241,1,stop_after_4mps,0.0,0.0,0.049319732934236526,0.04064079374074936,-0.09827852249145508,21.634996445176185,-1.4319794540708992,0.0,0.0,0.0,0.015303404125064713,0.9998828960544255,2.499167749398402,0.07651843097071763,0.0,0.0,0.0,0.05159458430475418,1.0,4.0,0.0,4.0,0.0,3.0,0.136566660293432,-1.0,0.136566660293432,1.202216386795044,0.8816137313842773,0.09061738848686218,-0.12039904296398163,1.0,0.0,20.0,1.0,1.1411495208740234,1.4837079048156738,0.00016286994349867627,423.3761274917957,421.50949596693334,423.0,422.0,5.745771884918213,5.765771150588989,5.785555601119995,528,8,0000000000000000,0,0,5.705601453781128,1,1,1,1,1,1779078362.768612
5.80162887573241,1,stop_after_4mps,0.0,0.0,0.022509615868330002,0.013139665126800537,-0.10020307451486588,21.634996445176185,-1.4319794540708992,0.0,0.0,0.0,0.015303404125064713,0.9998828960544255,2.499167749398402,0.07651843097071763,0.0,0.0,0.0,0.05159458430475418,1.0,4.0,0.0,4.0,0.0,3.0,0.1222436702645329,-1.0,0.1222436702645329,1.220558524131775,0.8785578608512878,0.07663901895284653,-0.1073981374502182,1.0,0.0,20.0,1.0,1.1412856578826904,1.7408874034881592,0.003951362382228414,423.3761274917957,421.50949596693334,423.0,422.0,5.845792293548584,5.765771150588989,5.785555601119995,528,8,0000000000000000,0,0,5.8055243492126465,1,1,1,1,1,1779078362.8686032
5.85162887573241,1,stop_after_4mps,0.0,0.0,0.022509615868330002,0.013139665126800537,-0.10020307451486588,21.807902625742628,-1.4264080509065267,0.0,0.0,0.0,0.016833025329648005,0.9998583145917482,2.173264553661783,0.07319634859283564,0.0,0.0,0.0,0.03127094849960385,1.0,4.0,0.0,4.0,0.0,3.0,0.1222436702645329,-1.0,0.1222436702645329,1.220558524131775,0.8785578608512878,0.07663901895284653,-0.1073981374502182,1.0,0.0,20.0,1.0,1.1412856578826904,1.7408874034881592,0.003951362382228414,423.3761274917957,421.50949596693334,423.0,422.0,5.845792293548584,5.8656816482543945,5.885542869567871,528,8,0000000000000000,0,0,5.8055243492126465,1,1,1,1,1,1779078362.8686032
5.90162887573241,1,stop_after_4mps,0.0,0.0,0.00022972922306507826,-0.0029760808683931828,-0.09930923581123352,21.807902625742628,-1.4264080509065267,0.0,0.0,0.0,0.016833025329648005,0.9998583145917482,2.173264553661783,0.07319634859283564,0.0,0.0,0.0,0.03127094849960385,1.0,4.0,0.0,4.0,0.0,3.0,0.11553299977403148,-1.0,0.11553299977403148,1.2306430339813232,0.8546280860900879,0.07814057916402817,-0.09873774647712708,1.0,0.0,20.0,1.0,1.1414308547973633,2.040721893310547,-0.018324075368842698,423.3761274917957,421.50949596693334,423.0,422.0,5.945794343948364,5.8656816482543945,5.885542869567871,528,8,0000000000000000,0,0,5.905514717102051,1,1,1,1,1,1779078362.9686239
5.95162887573241,1,stop_after_4mps,0.0,0.0,0.00022972922306507826,-0.0029760808683931828,-0.09930923581123352,21.989323268864247,-1.4201227703715642,0.0,0.0,0.0,0.017738713060189346,0.9998426566510193,1.8408457543201249,0.06533931298473566,0.0,0.0,0.0,0.037974552604485054,1.0,4.0,0.0,4.0,0.0,3.0,0.11553299977403148,-1.0,0.11553299977403148,1.2306430339813232,0.8546280860900879,0.07814057916402817,-0.09873774647712708,1.0,0.0,20.0,1.0,1.1414308547973633,2.040721893310547,-0.018324075368842698,423.3761274917957,421.50949596693334,423.0,422.0,5.945794343948364,5.965698480606079,5.985568284988403,528,8,0000000000000000,0,0,5.905514717102051,1,1,1,1,1,1779078362.9686239
6.001628875732409,1,stop_after_4mps,0.0,0.0,-0.011545764282345772,-0.01653909869492054,-0.09957821667194366,21.989323268864247,-1.4201227703715642,0.0,0.0,0.0,0.017738713060189346,0.9998426566510193,1.8408457543201249,0.06533931298473566,0.0,0.0,0.0,0.037974552604485054,1.0,0.0,0.0,0.0,0.0,-0.10990071614658958,0.11111578941520067,-0.10990071614658958,0.11111578941520067,1.2828189134597778,0.8046075701713562,0.1409827172756195,-0.08940460532903671,1.0,0.0,20.0,1.0,1.1413350105285645,2.2940125465393066,0.02517762046317398,0.0,0.0,0.0,0.0,6.045868635177612,5.965698480606079,5.985568284988403,528,8,0000000000000000,0,0,6.005496978759766,1,1,1,1,1,1779078363.0698357
6.051628875732409,1,stop_after_4mps,0.0,0.0,-0.011545764282345772,-0.01653909869492054,-0.09957821667194366,22.07124197975464,-1.417178871340663,0.0,0.0,0.0,0.01813813666012085,0.9998354904675563,1.6414291035090594,0.05957433404476048,0.0,0.0,0.0,0.007310827321312554,1.0,0.0,0.0,0.0,0.0,-0.10990071614658958,0.11111578941520067,-0.10990071614658958,0.11111578941520067,1.2828189134597778,0.8046075701713562,0.1409827172756195,-0.08940460532903671,1.0,0.0,20.0,1.0,1.1413350105285645,2.2940125465393066,0.02517762046317398,0.0,0.0,0.0,0.0,6.045868635177612,6.065974950790405,6.085777759552002,528,8,0000000000000000,0,0,6.005496978759766,1,1,1,1,1,1779078363.0698357
6.101628875732409,1,stop_after_4mps,0.0,0.0,-0.016429735347628593,-0.024176014587283134,-0.09922338277101517,22.07124197975464,-1.417178871340663,0.0,0.0,0.0,0.01813813666012085,0.9998354904675563,1.6414291035090594,0.05957433404476048,0.0,0.0,0.0,0.007310827321312554,1.0,0.0,0.0,0.0,0.0,-0.11941577382582995,0.22727262437463686,-0.11941577382582995,0.22727262437463686,1.2902511358261108,0.8293935656547546,0.15407633781433105,-0.18849845230579376,1.0,0.0,20.0,1.0,1.1418557167053223,2.4966719150543213,0.04469462850880704,0.0,0.0,0.0,0.0,6.146092414855957,6.065974950790405,6.085777759552002,528,8,0000000000000000,0,0,6.105738639831543,1,1,1,1,1,1779078363.1699924
6.151628875732409,1,stop_after_4mps,0.0,0.0,-0.016429735347628593,-0.024176014587283134,-0.09922338277101517,22.160441295703805,-1.4139089823703743,0.0,0.0,0.0,0.01858349721836518,0.9998273119049784,1.5018252456452204,0.05584726468880983,0.0,0.0,0.0,0.03854640124430928,1.0,0.0,0.0,0.0,0.0,-0.11941577382582995,0.22727262437463686,-0.11941577382582995,0.22727262437463686,1.2902511358261108,0.8293935656547546,0.15407633781433105,-0.18849845230579376,1.0,0.0,20.0,1.0,1.1418557167053223,2.4966719150543213,0.04469462850880704,0.0,0.0,0.0,0.0,6.146092414855957,6.166035413742065,6.185757160186768,528,8,0000000000000000,0,0,6.105738639831543,1,1,1,1,1,1779078363.1699924
6.201628875732409,1,stop_after_4mps,0.0,0.0,-0.01857835426926613,-0.026130815967917442,-0.09934535622596741,22.160441295703805,-1.4139089823703743,0.0,0.0,0.0,0.01858349721836518,0.9998273119049784,1.5018252456452204,0.05584726468880983,0.0,0.0,0.0,0.03854640124430928,1.0,0.0,0.0,0.0,0.0,-0.11840493015697588,0.23719125304787014,-0.11840493015697588,0.23719125304787014,1.2842179536819458,0.8252211809158325,0.1520577371120453,-0.19573524594306946,1.0,0.0,20.0,1.0,1.1417436599731445,2.628901481628418,0.0625982122284943,0.0,0.0,0.0,0.0,6.246171236038208,6.166035413742065,6.185757160186768,528,8,0000000000000000,0,0,6.205820798873901,1,1,1,1,1,1779078363.2700014
6.2516288757324086,1,stop_after_4mps,0.0,0.0,-0.01857835426926613,-0.026130815967917442,-0.09934535622596741,22.208389484944558,-1.4121031073642487,0.0,0.0,0.0,0.01908694196877394,0.9998178277297723,1.3489334209898318,0.05152218730399482,0.0,0.0,0.0,0.048885078426499445,1.0,0.0,0.0,0.0,0.0,-0.11840493015697588,0.23719125304787014,-0.11840493015697588,0.23719125304787014,1.2842179536819458,0.8252211809158325,0.1520577371120453,-0.19573524594306946,1.0,0.0,20.0,1.0,1.1417436599731445,2.628901481628418,0.0625982122284943,0.0,0.0,0.0,0.0,6.246171236038208,6.2659454345703125,6.2857420444488525,528,8,0000000000000000,0,0,6.205820798873901,1,1,1,1,1,1779078363.2700014
6.301628875732408,1,stop_after_4mps,0.0,0.0,-0.016358796507120132,-0.023564497008919716,-0.09907311201095581,22.208389484944558,-1.4121031073642487,0.0,0.0,0.0,0.01908694196877394,0.9998178277297723,1.3489334209898318,0.05152218730399482,0.0,0.0,0.0,0.048885078426499445,1.0,0.0,0.0,0.0,0.0,-0.1159091852401383,0.24828078614648164,-0.1159091852401383,0.24828078614648164,1.275221824645996,0.8277133107185364,0.1478099226951599,-0.20550531148910522,1.0,0.0,20.0,1.0,1.1410400867462158,2.6425445079803467,0.03712638639888238,0.0,0.0,0.0,0.0,6.346015691757202,6.2659454345703125,6.2857420444488525,528,8,0000000000000000,0,0,6.305757761001587,1,1,1,1,1,1779078363.36979
6.351628875732408,1,stop_after_4mps,0.0,0.0,-0.016358796507120132,-0.023564497008919716,-0.09907311201095581,22.237284929519944,-1.4109873519637386,0.0,0.0,0.0,0.019367062895008717,0.9998124408481927,1.2625213025076159,0.04893019258177238,0.0,0.0,0.0,0.01906301883965407,1.0,0.0,0.0,0.0,0.0,-0.1159091852401383,0.24828078614648164,-0.1159091852401383,0.24828078614648164,1.275221824645996,0.8277133107185364,0.1478099226951599,-0.20550531148910522,1.0,0.0,20.0,1.0,1.1410400867462158,2.6425445079803467,0.03712638639888238,0.0,0.0,0.0,0.0,6.346015691757202,6.365986108779907,6.385759353637695,528,8,0000000000000000,0,0,6.305757761001587,1,1,1,1,1,1779078363.36979
6.401628875732408,1,stop_after_4mps,0.0,0.0,-0.015245833434164524,-0.02250470034778118,-0.09986165165901184,22.237284929519944,-1.4109873519637386,0.0,0.0,0.0,0.019367062895008717,0.9998124408481927,1.2625213025076159,0.04893019258177238,0.0,0.0,0.0,0.01906301883965407,1.0,0.0,0.0,0.0,0.0,-0.11288223696591716,0.2474333197542202,-0.11288223696591716,0.2474333197542202,1.2700432538986206,0.8370653986930847,0.14336532354354858,-0.20711787045001984,1.0,0.0,20.0,1.0,1.1412513256072998,2.613215446472168,0.04065994969794325,0.0,0.0,0.0,0.0,6.445952415466309,6.365986108779907,6.385759353637695,528,8,0000000000000000,0,0,6.405646800994873,1,1,1,1,1,1779078363.4699602
6.451628875732408,1,stop_after_4mps,0.0,0.0,-0.015245833434164524,-0.02250470034778118,-0.09986165165901184,22.274024891528608,-1.4095455234138927,0.0,0.0,0.0,0.019743041601466303,0.9998050871586536,1.196037611030268,0.047254473929913395,0.0,0.0,0.0,0.016562934251863528,1.0,0.0,0.0,0.0,0.0,-0.11288223696591716,0.2474333197542202,-0.11288223696591716,0.2474333197542202,1.2700432538986206,0.8370653986930847,0.14336532354354858,-0.20711787045001984,1.0,0.0,20.0,1.0,1.1412513256072998,2.613215446472168,0.04065994969794325,0.0,0.0,0.0,0.0,6.445952415466309,6.465991497039795,6.485743284225464,528,8,0000000000000000,0,0,6.405646800994873,1,1,1,1,1,1779078363.4699602
6.501628875732408,1,stop_after_4mps,0.0,0.0,-0.007980006746947765,-0.02546169050037861,-0.10026063770055771,22.274024891528608,-1.4095455234138927,0.0,0.0,0.0,0.019743041601466303,0.9998050871586536,1.196037611030268,0.047254473929913395,0.0,0.0,0.0,0.016562934251863528,1.0,0.0,0.0,0.0,0.0,-0.11221650704310165,0.2467070842943052,-0.11221650704310165,0.2467070842943052,1.2669718265533447,0.8411158323287964,0.14217515289783478,-0.20750923454761505,1.0,0.0,20.0,1.0,1.141252040863037,2.4971275329589844,0.014191192150139342,0.0,0.0,0.0,0.0,6.546149969100952,6.465991497039795,6.485743284225464,528,8,0000000000000000,0,0,6.50586462020874,1,1,1,1,1,1779078363.569988
6.5516288757324075,1,stop_after_4mps,0.0,0.0,-0.007980006746947765,-0.02546169050037861,-0.10026063770055771,22.282563470150585,-1.4092068188662057,0.0,0.0,0.0,0.01982208671813189,0.9998035231374907,1.1827409005438094,0.04691644118829461,0.0,0.0,0.0,0.024797906677032223,1.0,0.0,0.0,0.0,0.0,-0.11221650704310165,0.2467070842943052,-0.11221650704310165,0.2467070842943052,1.2669718265533447,0.8411158323287964,0.14217515289783478,-0.20750923454761505,1.0,0.0,20.0,1.0,1.141252040863037,2.4971275329589844,0.014191192150139342,0.0,0.0,0.0,0.0,6.546149969100952,6.566009998321533,6.585867166519165,528,8,0000000000000000,0,0,6.50586462020874,1,1,1,1,1,1779078363.569988
6.601628875732407,1,stop_after_4mps,0.0,0.0,0.009171617217361927,-0.018261805176734924,-0.1009414866566658,22.282563470150585,-1.4092068188662057,0.0,0.0,0.0,0.01982208671813189,0.9998035231374907,1.1827409005438094,0.04691644118829461,0.0,0.0,0.0,0.024797906677032223,1.0,0.0,0.0,0.0,0.0,-0.11335968956961251,0.2449536594272812,-0.11335968956961251,0.2449536594272812,1.2580878734588623,0.8479151129722595,0.14261645078659058,-0.20769990980625153,1.0,0.0,20.0,1.0,1.141702651977539,2.2203171253204346,0.05307325477236984,0.0,0.0,0.0,0.0,6.646225690841675,6.566009998321533,6.585867166519165,528,8,0000000000000000,0,0,6.605720520019531,1,1,1,1,1,1779078363.6700664
6.651628875732407,1,stop_after_4mps,0.0,0.0,0.009171617217361927,-0.018261805176734924,-0.1009414866566658,22.283723913824158,-1.4091607607971284,0.0,0.0,0.0,0.019833314421936556,0.9998033004741685,1.169450634751989,0.046415555829611446,0.0,0.0,0.0,0.024615740090418264,1.0,0.0,0.0,0.0,0.0,-0.11335968956961251,0.2449536594272812,-0.11335968956961251,0.2449536594272812,1.2580878734588623,0.8479151129722595,0.14261645078659058,-0.20769990980625153,1.0,0.0,20.0,1.0,1.141702651977539,2.2203171253204346,0.05307325477236984,0.0,0.0,0.0,0.0,6.646225690841675,6.665994644165039,6.685743570327759,528,8,0000000000000000,0,0,6.605720520019531,1,1,1,1,1,1779078363.6700664
6.701628875732407,1,stop_after_4mps,0.0,0.0,0.20446369051933289,0.1668020635843277,-0.11331623792648315,22.283723913824158,-1.4091607607971284,0.0,0.0,0.0,0.019833314421936556,0.9998033004741685,1.169450634751989,0.046415555829611446,0.0,0.0,0.0,0.024615740090418264,1.0,0.0,0.0,0.0,0.0,-0.11472248928265628,0.24344119225412977,-0.11472248928265628,0.24344119225412977,1.246752142906189,0.8492411375045776,0.14303050935268402,-0.20674027502536774,1.0,0.0,20.0,1.0,1.1414501667022705,1.9047958850860596,0.03127094849960385,0.0,0.0,0.0,0.0,6.746273517608643,6.665994644165039,6.685743570327759,528,8,0000000000000000,0,0,6.705911159515381,1,1,1,1,1,1779078363.7700505
6.751628875732407,1,stop_after_4mps,0.0,0.0,0.20446369051933289,0.1668020635843277,-0.11331623792648315,22.292592897587916,-1.408806952170686,0.0,0.0,0.0,0.019934510183536612,0.9998012879086237,1.1495075577474292,0.045857079111315945,0.0,0.0,0.0,0.026444659209080804,1.0,0.0,0.0,0.0,0.0,-0.11472248928265628,0.24344119225412977,-0.11472248928265628,0.24344119225412977,1.246752142906189,0.8492411375045776,0.14303050935268402,-0.20674027502536774,1.0,0.0,20.0,1.0,1.1414501667022705,1.9047958850860596,0.03127094849960385,0.0,0.0,0.0,0.0,6.746273517608643,6.766173601150513,6.785711050033569,528,8,0000000000000000,0,0,6.705911159515381,1,1,1,1,1,1779078363.7700505
6.801628875732407,1,stop_after_4mps,0.0,0.0,0.5050950050354004,0.4910806715488434,-0.13594695925712585,22.292592897587916,-1.408806952170686,0.0,0.0,0.0,0.019934510183536612,0.9998012879086237,1.1495075577474292,0.045857079111315945,0.0,0.0,0.0,0.026444659209080804,1.0,0.0,0.0,0.0,0.0,-0.1127861742630126,0.23598654116023904,-0.1127861742630126,0.23598654116023904,1.2380791902542114,0.8571231365203857,0.13963821530342102,-0.2022695243358612,1.0,0.0,20.0,1.0,1.1412177085876465,1.5765807628631592,0.032245497525373396,0.0,0.0,0.0,0.0,6.846234321594238,6.766173601150513,6.785711050033569,528,8,0000000000000000,0,0,6.805799245834351,1,1,1,1,1,1779078363.8699539
6.851628875732406,1,stop_after_4mps,0.0,0.0,0.5050950050354004,0.4910806715488434,-0.13594695925712585,22.302561899901722,-1.4084070464713496,0.0,0.0,0.0,0.020045367288387933,0.9997990714389935,1.1229193866366753,0.0450458178738293,0.0,0.0,0.0,0.02178789340731989,1.0,0.0,0.0,0.0,0.0,-0.1127861742630126,0.23598654116023904,-0.1127861742630126,0.23598654116023904,1.2380791902542114,0.8571231365203857,0.13963821530342102,-0.2022695243358612,1.0,0.0,20.0,1.0,1.1412177085876465,1.5765807628631592,0.032245497525373396,0.0,0.0,0.0,0.0,6.846234321594238,6.865768909454346,6.885648488998413,528,8,0000000000000000,0,0,6.805799245834351,1,1,1,1,1,1779078363.8699539
6.901628875732406,1,stop_after_4mps,0.0,0.0,0.8197822570800781,0.8111369609832764,-0.11875175684690475,22.302561899901722,-1.4084070464713496,0.0,0.0,0.0,0.020045367288387933,0.9997990714389935,1.1229193866366753,0.0450458178738293,0.0,0.0,0.0,0.02178789340731989,1.0,0.0,0.0,0.0,0.0,-0.1061430066731274,0.22039898916165945,-0.1061430066731274,0.22039898916165945,1.2304600477218628,0.8708505034446716,0.13060472905635834,-0.19193457067012787,1.0,0.0,20.0,1.0,1.141188144683838,1.2747501134872437,0.03535417197637705,0.0,0.0,0.0,0.0,6.945932626724243,6.865768909454346,6.885648488998413,528,8,0000000000000000,0,0,6.905680179595947,1,1,1,1,1,1779078363.969963
6.951628875732406,1,stop_after_4mps,0.0,0.0,0.8197822570800781,0.8111369609832764,-0.11875175684690475,22.311692381212286,-1.4080390304257941,0.0,0.0,0.0,0.02014089200604917,0.999797151660876,1.0896885466318194,0.04392132858916689,0.0,0.0,0.0,0.02449578578133266,1.0,0.0,0.0,0.0,0.0,-0.1061430066731274,0.22039898916165945,-0.1061430066731274,0.22039898916165945,1.2304600477218628,0.8708505034446716,0.13060472905635834,-0.19193457067012787,1.0,0.0,20.0,1.0,1.141188144683838,1.2747501134872437,0.03535417197637705,0.0,0.0,0.0,0.0,6.945932626724243,6.9658544063568115,6.985645532608032,528,8,0000000000000000,0,0,6.905680179595947,1,1,1,1,1,1779078363.969963
7.001628875732406,1,sine_low_wl5m,2.0,3.2932184759090855e-05,1.1286909580230713,1.1332415342330933,-0.10161417722702026,22.311692381212286,-1.4080390304257941,0.0,0.0,0.0,0.02014089200604917,0.999797151660876,1.0896885466318194,0.04392132858916689,0.0,0.0,0.0,0.02449578578133266,1.0,0.0,0.0,0.0,0.0,-0.10244655720826512,0.21099332524468783,-0.10244655720826512,0.21099332524468783,1.2212904691696167,0.8815202713012695,0.1251170039176941,-0.18599489331245422,1.0,0.0,20.0,1.0,1.141071081161499,0.9934031963348389,0.026444659209080804,0.0,0.0,0.0,0.0,7.047572374343872,6.9658544063568115,6.985645532608032,528,8,0000000000000000,0,0,7.006848573684692,1,1,1,1,1,1779078364.0699434
7.051628875732406,1,sine_low_wl5m,2.0,0.03531552106563053,1.1286909580230713,1.1332415342330933,-0.10161417722702026,22.32110620416971,-1.4076582344359156,0.0,0.0,0.0,0.02021296674833361,0.9997956971177815,1.0697489917533878,0.04327212526501655,0.0,0.0,0.0,0.01350089478589353,1.0,0.0,0.0,0.0,0.0,-0.10244655720826512,0.21099332524468783,-0.10244655720826512,0.21099332524468783,1.2212904691696167,0.8815202713012695,0.1251170039176941,-0.18599489331245422,1.0,0.0,20.0,1.0,1.141071081161499,0.9934031963348389,0.026444659209080804,0.0,0.0,0.0,0.0,7.047572374343872,7.067070245742798,7.086885690689087,528,8,0000000000000000,0,0,7.006848573684692,1,1,1,1,1,1779078364.0699434
7.1016288757324055,1,sine_low_wl5m,2.0,0.08718047825267293,1.4837079048156738,1.457627534866333,-0.15057304501533508,22.32110620416971,-1.4076582344359156,0.0,0.0,0.0,0.02021296674833361,0.9997956971177815,1.0697489917533878,0.04327212526501655,0.0,0.0,0.0,0.01350089478589353,1.0,0.0,0.0,0.0,0.0,-0.10122999846554713,0.20913067004795446,-0.10122999846554713,0.20913067004795446,1.2166013717651367,0.8843041658401489,0.12315655499696732,-0.18493512272834778,1.0,0.0,20.0,1.0,1.1412353515625,0.7525618672370911,0.006933717928288832,0.0,0.0,0.0,0.0,7.147157669067383,7.067070245742798,7.086885690689087,528,8,0000000000000000,0,0,7.106852293014526,1,1,1,1,1,1779078364.170132
7.151628875732405,1,sine_low_wl5m,2.0,0.1207565353204558,1.4837079048156738,1.457627534866333,-0.15057304501533508,22.323270858311727,-1.4075706649362028,0.0,0.0,0.0,0.020214733815390636,0.999795661391253,1.0564600333352,0.04273831777099197,0.0,0.0,0.0,0.008455970532970748,1.0,0.0,0.0,0.0,0.0,-0.10122999846554713,0.20913067004795446,-0.10122999846554713,0.20913067004795446,1.2166013717651367,0.8843041658401489,0.12315655499696732,-0.18493512272834778,1.0,0.0,20.0,1.0,1.1412353515625,0.7525618672370911,0.006933717928288832,0.0,0.0,0.0,0.0,7.147157669067383,7.167160749435425,7.186857461929321,528,8,0000000000000000,0,0,7.106852293014526,1,1,1,1,1,1779078364.170132
7.201628875732405,1,sine_low_wl5m,2.0,0.1687454328853134,1.7408874034881592,1.7560842037200928,-0.030395057052373886,22.323270858311727,-1.4075706649362028,0.0,0.0,0.0,0.020214733815390636,0.999795661391253,1.0564600333352,0.04273831777099197,0.0,0.0,0.0,0.008455970532970748,1.0,0.0,0.0,0.0,0.0,-0.09189963450437927,0.1801910722974913,-0.09189963450437927,0.1801910722974913,1.0179388523101807,0.8366292715072632,0.09354820847511292,-0.15075312554836273,1.0,0.0,20.0,1.0,1.140122652053833,0.5427431464195251,0.010928388127132135,0.0,0.0,0.0,0.0,7.247143268585205,7.167160749435425,7.186857461929321,528,8,0000000000000000,0,0,7.206891775131226,1,1,1,1,1,1779078364.2710588
7.251628875732405,1,sine_low_wl5m,2.0,0.19865137491852955,1.7408874034881592,1.7560842037200928,-0.030395057052373886,22.350888331699636,-1.406455897637244,0.0,0.0,0.0,0.020153233235557472,0.999796902970875,0.9567987471160466,0.038588689957147274,0.0,0.0,0.0,0.0027159048728818695,1.0,0.0,0.0,0.0,0.0,-0.09189963450437927,0.1801910722974913,-0.09189963450437927,0.1801910722974913,1.0179388523101807,0.8366292715072632,0.09354820847511292,-0.15075312554836273,1.0,0.0,20.0,1.0,1.140122652053833,0.5427431464195251,0.010928388127132135,0.0,0.0,0.0,0.0,7.247143268585205,7.267168045043945,7.286869525909424,528,8,0000000000000000,0,0,7.206891775131226,1,1,1,1,1,1779078364.2710588
7.301628875732405,1,sine_low_wl5m,2.0,0.23969476450966948,2.040721893310547,2.055361747741699,-0.058842629194259644,22.350888331699636,-1.406455897637244,0.0,0.0,0.0,0.020153233235557472,0.999796902970875,0.9567987471160466,0.038588689957147274,0.0,0.0,0.0,0.0027159048728818695,1.0,0.0,0.0,0.0,0.0,-0.09022709865408467,0.18515000491845263,-0.09022709865408467,0.18515000491845263,1.010269284248352,0.8313343524932861,0.09115366637706757,-0.15392155945301056,1.0,0.0,20.0,1.0,1.1394984722137451,0.3766365349292755,0.004874863725979293,0.0,0.0,0.0,0.0,7.347482681274414,7.267168045043945,7.286869525909424,528,8,0000000000000000,0,0,7.306913614273071,1,1,1,1,1,1779078364.370134
7.351628875732405,1,sine_low_wl5m,2.0,0.26409038898230547,2.040721893310547,2.055361747741699,-0.058842629194259644,22.466804729421195,-1.4017496317639044,0.0,0.0,0.0,0.020730554788035198,0.9997850989578612,0.5448179900937704,0.0226033318691175,0.0,0.0,0.0,0.005529647800875938,1.0,0.0,0.0,0.0,0.0,-0.09022709865408467,0.18515000491845263,-0.09022709865408467,0.18515000491845263,1.010269284248352,0.8313343524932861,0.09115366637706757,-0.15392155945301056,1.0,0.0,20.0,1.0,1.1394984722137451,0.3766365349292755,0.004874863725979293,0.0,0.0,0.0,0.0,7.347482681274414,7.367384195327759,7.386958360671997,528,8,0000000000000000,0,0,7.306913614273071,1,1,1,1,1,1779078364.370134
7.4016288757324045,1,sine_low_wl5m,2.0,0.2958211120115708,2.2940125465393066,2.3333168029785156,-0.1632269322872162,22.466804729421195,-1.4017496317639044,0.0,0.0,0.0,0.020730554788035198,0.9997850989578612,0.5448179900937704,0.0226033318691175,0.0,0.0,0.0,0.005529647800875938,1.0,0.0,0.0,0.0,0.0,-0.08906880396543937,0.188965282394487,-0.08906880396543937,0.188965282394487,1.006141185760498,0.8289703130722046,0.08961579203605652,-0.15664660930633545,1.0,0.0,20.0,1.0,1.1399767398834229,0.2601764500141144,-0.0020324492889998626,0.0,0.0,0.0,0.0,7.447155952453613,7.367384195327759,7.386958360671997,528,8,0000000000000000,0,0,7.407351016998291,1,1,1,1,1,1779078364.4700344
7.451628875732404,1,sine_low_wl5m,2.0,0.31290634144030777,2.2940125465393066,2.3333168029785156,-0.1632269322872162,22.543110860305177,-1.398560225771767,0.0,0.0,0.0,0.02154853170181424,0.9997678034331251,0.232528165924018,0.010028267238432314,0.0,0.0,0.0,0.04723613510057525,1.0,0.0,0.0,0.0,0.0,-0.08906880396543937,0.188965282394487,-0.08906880396543937,0.188965282394487,1.006141185760498,0.8289703130722046,0.08961579203605652,-0.15664660930633545,1.0,0.0,20.0,1.0,1.1399767398834229,0.2601764500141144,-0.0020324492889998626,0.0,0.0,0.0,0.0,7.447155952453613,7.466946125030518,7.486958026885986,528,8,0000000000000000,0,0,7.407351016998291,1,1,1,1,1,1779078364.4700344
7.501628875732404,1,sine_low_wl5m,2.0,0.33292135024646385,2.4966719150543213,2.5329525470733643,-0.09213347733020782,22.543110860305177,-1.398560225771767,0.0,0.0,0.0,0.02154853170181424,0.9997678034331251,0.232528165924018,0.010028267238432314,0.0,0.0,0.0,0.04723613510057525,1.0,0.0,0.0,0.0,0.0,-0.08858591485096094,0.19573020501459407,-0.08858591485096094,0.19573020501459407,1.0006077289581299,0.823654294013977,0.0886397510766983,-0.16121402382850647,1.0,0.0,20.0,1.0,1.1402819156646729,0.18222135305404663,0.006045764444405731,0.0,0.0,0.0,0.0,7.547297239303589,7.466946125030518,7.486958026885986,528,8,0000000000000000,0,0,7.507073640823364,1,1,1,1,1,1779078364.5703201
7.551628875732404,1,sine_low_wl5m,2.0,0.342073393392307,2.4966719150543213,2.5329525470733643,-0.09213347733020782,22.667654743559467,-1.392872223946138,0.0,0.0,0.0,0.02414423340033429,0.9997084855064051,1.1025860234182108,0.053288796486117,0.0,0.0,0.0,0.09013126372276223,1.0,0.0,0.0,0.0,0.0,-0.08858591485096094,0.19573020501459407,-0.08858591485096094,0.19573020501459407,1.0006077289581299,0.823654294013977,0.0886397510766983,-0.16121402382850647,1.0,0.0,20.0,1.0,1.1402819156646729,0.18222135305404663,0.006045764444405731,0.0,0.0,0.0,0.0,7.547297239303589,7.567132472991943,7.587071180343628,528,8,15010000b0000000,277,176,7.507073640823364,1,1,1,1,1,1779078364.5703201
7.601628875732404,1,sine_low_wl5m,2.0,0.3493174640962271,2.628901481628418,2.662367343902588,-0.11200179904699326,22.667654743559467,-1.392872223946138,0.0,0.0,0.0,0.02414423340033429,0.9997084855064051,1.1025860234182108,0.053288796486117,0.0,0.0,0.0,0.09013126372276223,1.0,0.0,0.0,0.0,0.0,-0.08633415007775841,0.19943399522396563,-0.08633415007775841,0.19943399522396563,0.9982219338417053,0.8226529955863953,0.08618064224720001,-0.16406497359275818,1.0,0.0,20.0,1.0,1.14021635055542,0.12683939933776855,-0.0005459140656804684,0.0,0.0,0.0,0.0,7.647155046463013,7.567132472991943,7.587071180343628,528,8,15010000b0000000,277,176,7.606817007064819,1,1,1,1,1,1779078364.6701605
7.651628875732404,1,sine_low_wl5m,2.0,0.34974755327886764,2.628901481628418,2.662367343902588,-0.11200179904699326,22.800202749797723,-1.3858099272200266,0.0,0.0,0.0,0.028626070289451393,0.9995901900778056,1.2082868980596697,0.06926217596513623,0.0,0.0,0.0,0.09430953197010794,1.0,0.0,0.0,0.0,0.0,-0.08633415007775841,0.19943399522396563,-0.08633415007775841,0.19943399522396563,0.9982219338417053,0.8226529955863953,0.08618064224720001,-0.16406497359275818,1.0,0.0,20.0,1.0,1.14021635055542,0.12683939933776855,-0.0005459140656804684,0.0,0.0,0.0,0.0,7.647155046463013,7.6672751903533936,7.686929941177368,528,8,2c01000098000000,300,152,7.606817007064819,1,1,1,1,1,1779078364.6701605
7.701628875732403,1,sine_low_wl5m,2.0,0.3437336290219517,2.6425445079803467,2.6960690021514893,-0.07377022504806519,22.800202749797723,-1.3858099272200266,0.0,0.0,0.0,0.028626070289451393,0.9995901900778056,1.2082868980596697,0.06926217596513623,0.0,0.0,0.0,0.09430953197010794,1.0,0.0,0.0,0.0,0.0,-0.08482824971353072,0.2013865855505154,-0.08482824971353072,0.2013865855505154,0.996586263179779,0.8226889371871948,0.08453866839408875,-0.16567851603031158,1.0,0.0,20.0,1.0,1.1401455402374268,0.0802120715379715,0.003889013068612596,0.0,0.0,0.0,0.0,7.747294187545776,7.6672751903533936,7.686929941177368,528,8,2c01000098000000,300,152,7.707066297531128,1,1,1,1,1,1779078364.7703342
7.751628875732403,1,sine_low_wl5m,2.0,0.3354460336715844,2.6425445079803467,2.6960690021514893,-0.07377022504806519,22.94580594011568,-1.376499418852195,0.0,0.0,0.0,0.03548554336623395,0.9993701897755422,1.459279838982973,0.10376276976392258,0.0,0.0,0.0,0.1807968702593696,1.0,0.0,0.0,0.0,0.0,-0.08482824971353072,0.2013865855505154,-0.08482824971353072,0.2013865855505154,0.996586263179779,0.8226889371871948,0.08453866839408875,-0.16567851603031158,1.0,0.0,20.0,1.0,1.1401455402374268,0.0802120715379715,0.003889013068612596,0.0,0.0,0.0,0.0,7.747294187545776,7.766993284225464,7.786880254745483,528,8,3201000092000000,306,146,7.707066297531128,1,1,1,1,1,1779078364.7703342
7.801628875732403,1,sine_low_wl5m,2.0,0.3166327022268049,2.613215446472168,2.647278308868408,-0.10372833907604218,22.94580594011568,-1.376499418852195,0.0,0.0,0.0,0.03548554336623395,0.9993701897755422,1.459279838982973,0.10376276976392258,0.0,0.0,0.0,0.1807968702593696,1.0,0.0,0.0,0.0,0.0,-0.08301994418327309,0.20442191154130948,-0.08301994418327309,0.20442191154130948,0.9948002696037292,0.8215428590774536,0.08258826285600662,-0.1679413616657257,1.0,0.0,20.0,1.0,1.1399943828582764,0.053604066371917725,-0.002581124360845544,0.0,0.0,0.0,0.0,7.847420930862427,7.766993284225464,7.786880254745483,528,8,3201000092000000,306,146,7.8068461418151855,1,1,1,1,1,1779078364.8703423
7.851628875732403,1,sine_low_wl5m,2.0,0.30006087806352977,2.613215446472168,2.647278308868408,-0.10372833907604218,23.072263573649536,-1.3665118233829556,0.0,0.0,0.0,0.042684411068922276,0.999088605205614,1.623273465716183,0.13895699334553788,0.0,0.0,0.0,0.1597506716033981,1.0,0.0,0.0,0.0,0.0,-0.08301994418327309,0.20442191154130948,-0.08301994418327309,0.20442191154130948,0.9948002696037292,0.8215428590774536,0.08258826285600662,-0.1679413616657257,1.0,0.0,20.0,1.0,1.1399943828582764,0.053604066371917725,-0.002581124360845544,0.0,0.0,0.0,0.0,7.847420930862427,7.867053031921387,7.886895179748535,528,8,350100008f000000,309,143,7.8068461418151855,1,1,1,1,1,1779078364.8703423
7.901628875732403,1,sine_low_wl5m,2.0,0.2694655899324018,2.4971275329589844,2.5218777656555176,-0.13017785549163818,23.072263573649536,-1.3665118233829556,0.0,0.0,0.0,0.042684411068922276,0.999088605205614,1.623273465716183,0.13895699334553788,0.0,0.0,0.0,0.1597506716033981,1.0,0.0,0.0,0.0,0.0,-0.08157337167744758,0.20684033893778783,-0.08157337167744758,0.20684033893778783,0.9931797981262207,0.8204652070999146,0.08101702481508255,-0.16970530152320862,1.0,0.0,20.0,1.0,1.1401808261871338,0.03381076455116272,0.002333476638378146,0.0,0.0,0.0,0.0,7.947303533554077,7.867053031921387,7.886895179748535,528,8,350100008f000000,309,143,7.907100200653076,1,1,1,1,1,1779078364.970123
7.9516288757324025,1,sine_low_wl5m,2.0,0.24583034740515236,2.4971275329589844,2.5218777656555176,-0.13017785549163818,23.217576493645293,-1.3528568557794625,0.0,0.0,0.0,0.05106002794411069,0.9986955860252645,1.7662486571595672,0.18107832337465563,0.0,0.0,0.0,0.23522287666581562,1.0,0.0,0.0,0.0,0.0,-0.08157337167744758,0.20684033893778783,-0.08157337167744758,0.20684033893778783,0.9931797981262207,0.8204652070999146,0.08101702481508255,-0.16970530152320862,1.0,0.0,20.0,1.0,1.1401808261871338,0.03381076455116272,0.002333476638378146,0.0,0.0,0.0,0.0,7.947303533554077,7.9675726890563965,7.986937761306763,528,8,370100008d000000,311,141,7.907100200653076,1,1,1,1,1,1779078364.970123
8.001628875732402,1,sine_low_wl5m,2.0,0.20559494650744506,2.2203171253204346,2.2975075244903564,-0.06082061678171158,23.217576493645293,-1.3528568557794625,0.0,0.0,0.0,0.05106002794411069,0.9986955860252645,1.7662486571595672,0.18107832337465563,0.0,0.0,0.0,0.23522287666581562,1.0,2.0,3.2932184759090855e-05,2.0,3.2932184759090855e-05,1.910331243896298,0.15042419669190982,-0.08966875610370195,0.15039126450715073,0.9914247989654541,0.8196630477905273,0.10605023056268692,-0.12326422333717346,1.0,0.0,20.0,1.0,1.1400442123413086,0.02092684991657734,-0.0003637536529692402,226.4465016188093,225.51318585637807,226.0,226.0,8.047342538833618,7.9675726890563965,7.986937761306763,528,8,370100008d000000,311,141,8.007248640060425,1,1,1,1,1,1779078365.071426
8.051628875732403,1,sine_low_wl5m,2.0,0.1761471852772388,2.2203171253204346,2.2975075244903564,-0.06082061678171158,23.400491376963956,-1.3319035717102694,0.0,0.0,0.0,0.0623802132446025,0.998052458037932,1.9332387699071525,0.2426100954593028,0.0,0.0,0.0,0.24925936206564517,1.0,2.0,3.2932184759090855e-05,2.0,3.2932184759090855e-05,1.910331243896298,0.15042419669190982,-0.08966875610370195,0.15039126450715073,0.9914247989654541,0.8196630477905273,0.10605023056268692,-0.12326422333717346,1.0,0.0,20.0,1.0,1.1400442123413086,0.02092684991657734,-0.0003637536529692402,226.4465016188093,225.51318585637807,226.0,226.0,8.047342538833618,8.067203044891357,8.087334871292114,528,8,380100008c000000,312,140,8.007248640060425,1,1,1,1,1,1779078365.071426
8.101628875732404,1,sine_low_wl5m,2.0,0.1287185555174729,1.9047958850860596,1.9518022537231445,-0.09815618395805359,23.400491376963956,-1.3319035717102694,0.0,0.0,0.0,0.0623802132446025,0.998052458037932,1.9332387699071525,0.2426100954593028,0.0,0.0,0.0,0.24925936206564517,1.0,2.0,0.08718047825267293,2.0,0.08718047825267293,2.6608985868897355,0.2876582527716617,0.6608985868897355,0.20047777451898874,0.8388245701789856,0.7827053070068359,-0.2320271134376526,-0.1379711627960205,1.0,0.0,20.0,1.0,1.1419792175292969,0.013905216008424759,-0.000858796835618053,287.49898680627575,164.7500489399423,287.0,165.0,8.147153377532959,8.067203044891357,8.087334871292114,528,8,380100008c000000,312,140,8.106832504272461,1,1,1,1,1,1779078365.1714323
8.151628875732404,1,sine_low_wl5m,2.0,0.0954111309641992,1.9047958850860596,1.9518022537231445,-0.09815618395805359,23.564141938994783,-1.309489232767385,0.0,0.0,0.0,0.07307793036246388,0.9973262335334105,2.0328529310074215,0.2995180407421877,0.0,0.0,0.0,0.26637939782005854,1.0,2.0,0.08718047825267293,2.0,0.08718047825267293,2.6608985868897355,0.2876582527716617,0.6608985868897355,0.20047777451898874,0.8388245701789856,0.7827053070068359,-0.2320271134376526,-0.1379711627960205,1.0,0.0,20.0,1.0,1.1419792175292969,0.013905216008424759,-0.000858796835618053,287.49898680627575,164.7500489399423,287.0,165.0,8.147153377532959,8.16752028465271,8.186856269836426,528,8,380100008c000000,312,140,8.106832504272461,1,1,1,1,1,1779078365.1714323
8.201628875732405,1,sine_low_wl5m,2.0,0.04373890772257311,1.5765807628631592,1.6017351150512695,-0.108824722468853,23.564141938994783,-1.309489232767385,0.0,0.0,0.0,0.07307793036246388,0.9973262335334105,2.0328529310074215,0.2995180407421877,0.0,0.0,0.0,0.26637939782005854,1.0,2.0,0.1687454328853134,2.0,0.1687454328853134,2.7773107890976854,0.4120953443154465,0.7773107890976854,0.24334991143013307,0.8238630890846252,0.8339412212371826,-0.28812384605407715,-0.17491786181926727,1.0,0.0,20.0,1.0,1.1415514945983887,0.09048233181238174,-0.024617318803794024,301.57286297061773,150.74287361050241,302.0,151.0,8.247336626052856,8.16752028465271,8.186856269836426,528,8,380100008c000000,312,140,8.206817865371704,1,1,1,1,1,1779078365.271593
8.251628875732406,1,sine_low_wl5m,2.0,0.008655258534272436,1.5765807628631592,1.6017351150512695,-0.108824722468853,23.712938214115724,-1.286081228391128,0.0,0.0,0.0,0.0818929212243966,0.9966411337353756,2.0994060263237717,0.3473570948303619,0.0,0.0,0.0,0.24768131198351243,1.0,2.0,0.1687454328853134,2.0,0.1687454328853134,2.7773107890976854,0.4120953443154465,0.7773107890976854,0.24334991143013307,0.8238630890846252,0.8339412212371826,-0.28812384605407715,-0.17491786181926727,1.0,0.0,20.0,1.0,1.1415514945983887,0.09048233181238174,-0.024617318803794024,301.57286297061773,150.74287361050241,302.0,151.0,8.247336626052856,8.267825365066528,8.286837816238403,528,8,370100008d000000,311,141,8.206817865371704,1,1,1,1,1,1779078365.271593
8.301628875732407,1,sine_low_wl5m,2.0,-0.04397266043507736,1.2747501134872437,1.30791437625885,-0.13009117543697357,23.712938214115724,-1.286081228391128,0.0,0.0,0.0,0.0818929212243966,0.9966411337353756,2.0994060263237717,0.3473570948303619,0.0,0.0,0.0,0.24768131198351243,1.0,2.0,0.23969476450966948,2.0,0.23969476450966948,2.79634913006629,0.5159644873355945,0.7963491300662899,0.27626972282592505,0.8235317468643188,0.8544555902481079,-0.30288228392601013,-0.20117397606372833,1.0,0.0,20.0,1.0,1.1422204971313477,0.1698857992887497,0.043649510607271694,306.823904050113,145.51671898162087,307.0,146.0,8.347212314605713,8.267825365066528,8.286837816238403,528,8,370100008d000000,311,141,8.306788921356201,1,1,1,1,1,1779078365.3720777
8.351628875732407,1,sine_low_wl5m,2.0,-0.0786235574051874,1.2747501134872437,1.30791437625885,-0.13009117543697357,23.946522353398063,-1.2437090333996568,0.0,0.0,0.0,0.09590536850151098,0.9953904561992692,2.186715570745157,0.4253262847972606,0.0,0.0,0.0,0.2270765529172862,1.0,2.0,0.23969476450966948,2.0,0.23969476450966948,2.79634913006629,0.5159644873355945,0.7963491300662899,0.27626972282592505,0.8235317468643188,0.8544555902481079,-0.30288228392601013,-0.20117397606372833,1.0,0.0,20.0,1.0,1.1422204971313477,0.1698857992887497,0.043649510607271694,306.823904050113,145.51671898162087,307.0,146.0,8.347212314605713,8.367084264755249,8.387155294418335,528,8,350100008f000000,309,143,8.306788921356201,1,1,1,1,1,1779078365.3720777
8.401628875732408,1,sine_low_wl5m,2.0,-0.12935279431449412,0.9934031963348389,1.0340800285339355,-0.08854871988296509,23.946522353398063,-1.2437090333996568,0.0,0.0,0.0,0.09590536850151098,0.9953904561992692,2.186715570745157,0.4253262847972606,0.0,0.0,0.0,0.2270765529172862,1.0,2.0,0.2958211120115708,2.0,0.2958211120115708,2.7787698226672246,0.5749347550084273,0.7787698226672246,0.2791136429968565,0.832811713218689,0.8829531669616699,-0.3141920566558838,-0.2118193507194519,1.0,0.0,20.0,1.0,1.1412200927734375,0.43988537788391113,0.08349690199405636,309.78947297726626,142.56520488350628,310.0,143.0,8.447311639785767,8.367084264755249,8.387155294418335,528,8,350100008f000000,309,143,8.40739107131958,1,1,1,1,1,1779078365.4723477
8.451628875732409,1,sine_low_wl5m,2.0,-0.1610819351606407,0.9934031963348389,1.0340800285339355,-0.08854871988296509,24.208903567306205,-1.1886856676975088,0.0,0.0,0.0,0.10850434657800587,0.9940959746290495,2.2531604572521258,0.4977897510248266,0.0,0.0,0.0,0.15267288640754276,1.0,2.0,0.2958211120115708,2.0,0.2958211120115708,2.7787698226672246,0.5749347550084273,0.7787698226672246,0.2791136429968565,0.832811713218689,0.8829531669616699,-0.3141920566558838,-0.2118193507194519,1.0,0.0,20.0,1.0,1.1412200927734375,0.43988537788391113,0.08349690199405636,309.78947297726626,142.56520488350628,310.0,143.0,8.447311639785767,8.467067241668701,8.486867189407349,528,8,3201000093000000,306,147,8.40739107131958,1,1,1,1,1,1779078365.4723477
8.50162887573241,1,sine_low_wl5m,2.0,-0.2059109809932517,0.7525618672370911,0.7557511329650879,-0.0879160687327385,24.208903567306205,-1.1886856676975088,0.0,0.0,0.0,0.10850434657800587,0.9940959746290495,2.2531604572521258,0.4977897510248266,0.0,0.0,0.0,0.15267288640754276,1.0,2.0,0.33292135024646385,2.0,0.33292135024646385,2.7262018410631907,0.6053003012496694,0.7262018410631907,0.2723789510032055,0.8480080366134644,0.9001145362854004,-0.31184107065200806,-0.21191824972629547,1.0,0.0,20.0,1.0,1.1413788795471191,0.6748576760292053,0.1120382060453269,311.4389310191567,140.92356417830723,311.0,141.0,8.54706859588623,8.467067241668701,8.486867189407349,528,8,3201000093000000,306,147,8.506944179534912,1,1,1,1,1,1779078365.5713859
8.55162887573241,1,sine_low_wl5m,2.0,-0.2331934202829435,0.7525618672370911,0.7557511329650879,-0.0879160687327385,24.427388037195215,-1.1392529342688396,0.0,0.0,0.0,0.11275026159749463,0.9936233584762872,2.3071518812539127,0.5304328024532011,0.0,0.0,0.0,0.047859588821638,1.0,2.0,0.33292135024646385,2.0,0.33292135024646385,2.7262018410631907,0.6053003012496694,0.7262018410631907,0.2723789510032055,0.8480080366134644,0.9001145362854004,-0.31184107065200806,-0.21191824972629547,1.0,0.0,20.0,1.0,1.1413788795471191,0.6748576760292053,0.1120382060453269,311.4389310191567,140.92356417830723,311.0,141.0,8.54706859588623,8.567130327224731,8.587157726287842,528,8,2b01000099000000,299,153,8.506944179534912,1,1,1,1,1,1779078365.5713859
8.60162887573241,1,sine_low_wl5m,2.0,-0.2697563109157208,0.5427431464195251,0.5470592975616455,-0.09820400923490524,24.427388037195215,-1.1392529342688396,0.0,0.0,0.0,0.11275026159749463,0.9936233584762872,2.3071518812539127,0.5304328024532011,0.0,0.0,0.0,0.047859588821638,1.0,2.0,0.3493174640962271,2.0,0.3493174640962271,2.658804836887621,0.618044884462028,0.6588048368876209,0.2687274203658009,0.863196849822998,0.8998712301254272,-0.29507195949554443,-0.20684334635734558,1.0,0.0,20.0,1.0,1.1418986320495605,0.8792402148246765,0.1773256871502748,312.1111359284417,140.25454507427946,312.0,140.0,8.647400379180908,8.567130327224731,8.587157726287842,528,8,2b01000099000000,299,153,8.606797695159912,1,1,1,1,1,1779078365.671706
8.651628875732412,1,sine_low_wl5m,2.0,-0.29078543095161774,0.5427431464195251,0.5470592975616455,-0.09820400923490524,24.63639831619474,-1.0913481800788776,0.0,0.0,0.0,0.11138983813499882,0.9937767877950555,2.3539893408304584,0.5344192227775114,0.0,0.0,0.0,-0.05699257235627658,1.0,2.0,0.3493174640962271,2.0,0.3493174640962271,2.658804836887621,0.618044884462028,0.6588048368876209,0.2687274203658009,0.863196849822998,0.8998712301254272,-0.29507195949554443,-0.20684334635734558,1.0,0.0,20.0,1.0,1.1418986320495605,0.8792402148246765,0.1773256871502748,312.1111359284417,140.25454507427946,312.0,140.0,8.647400379180908,8.667290449142456,8.686939001083374,528,8,c100000003010000,193,259,8.606797695159912,1,1,1,1,1,1779078365.671706
8.701628875732412,1,sine_low_wl5m,2.0,-0.31674907385303835,0.3766365349292755,0.37882381677627563,-0.10277803242206573,24.63639831619474,-1.0913481800788776,0.0,0.0,0.0,0.11138983813499882,0.9937767877950555,2.3539893408304584,0.5344192227775114,0.0,0.0,0.0,-0.05699257235627658,1.0,2.0,0.3437336290219517,2.0,0.3437336290219517,2.558559707912398,0.5911322315165262,0.5585597079123978,0.24739860249457446,0.8853451013565063,0.8979925513267517,-0.26520830392837524,-0.18709871172904968,1.0,0.0,20.0,1.0,1.141817331314087,1.0207276344299316,0.17860543169463125,311.88564239765793,140.47896991534384,312.0,140.0,8.747146844863892,8.667290449142456,8.686939001083374,528,8,c100000003010000,193,259,8.706895589828491,1,1,1,1,1,1779078365.771863
8.751628875732413,1,sine_low_wl5m,2.0,-0.3300934492071804,0.3766365349292755,0.37882381677627563,-0.10277803242206573,24.955861058992898,-1.0197687720586273,0.0,0.0,0.0,0.10963958670360661,0.9939714085563338,2.4272466085437108,0.5420681729941103,0.0,0.0,0.0,-0.013114020649658897,1.0,2.0,0.3437336290219517,2.0,0.3437336290219517,2.558559707912398,0.5911322315165262,0.5585597079123978,0.24739860249457446,0.8853451013565063,0.8979925513267517,-0.26520830392837524,-0.18709871172904968,1.0,0.0,20.0,1.0,1.141817331314087,1.0207276344299316,0.17860543169463125,311.88564239765793,140.47896991534384,312.0,140.0,8.747146844863892,8.76702880859375,8.78705644607544,528,8,b400000010010000,180,272,8.706895589828491,1,1,1,1,1,1779078365.771863
8.801628875732414,1,sine_low_wl5m,2.0,-0.343838174772508,0.2601764500141144,0.2566804885864258,-0.09434904158115387,24.955861058992898,-1.0197687720586273,0.0,0.0,0.0,0.10963958670360661,0.9939714085563338,2.4272466085437108,0.5420681729941103,0.0,0.0,0.0,-0.013114020649658897,1.0,2.0,0.3166327022268049,2.0,0.3166327022268049,2.4413882282053203,0.5570816731725835,0.4413882282053203,0.2404489709457786,0.9110626578330994,0.873996913433075,-0.22425764799118042,-0.17025496065616608,1.0,0.0,20.0,1.0,1.1413683891296387,1.1643939018249512,0.23597793561210337,310.73864414074546,141.62053216156013,311.0,142.0,8.847331523895264,8.76702880859375,8.78705644607544,528,8,b400000010010000,180,272,8.806915044784546,1,1,1,1,1,1779078365.871472
8.851628875732414,1,sine_low_wl5m,2.0,-0.34865753451484477,0.2601764500141144,0.2566804885864258,-0.09434904158115387,25.276869665171695,-0.949585206484682,0.0,0.0,0.0,0.10519844263274244,0.9944512495178663,2.431992509263385,0.5203618334840718,0.0,0.0,0.0,-0.07789151231662139,1.0,2.0,0.3166327022268049,2.0,0.3166327022268049,2.4413882282053203,0.5570816731725835,0.4413882282053203,0.2404489709457786,0.9110626578330994,0.873996913433075,-0.22425764799118042,-0.17025496065616608,1.0,0.0,20.0,1.0,1.1413683891296387,1.1643939018249512,0.23597793561210337,310.73864414074546,141.62053216156013,311.0,142.0,8.847331523895264,8.867075204849243,8.88694429397583,528,8,9f00000024010000,159,292,8.806915044784546,1,1,1,1,1,1779078365.871472
8.901628875732415,1,sine_low_wl5m,2.0,-0.349299313769159,0.18222135305404663,0.16737201809883118,-0.10037092864513397,25.276869665171695,-0.949585206484682,0.0,0.0,0.0,0.10519844263274244,0.9944512495178663,2.431992509263385,0.5203618334840718,0.0,0.0,0.0,-0.07789151231662139,1.0,2.0,0.2694655899324018,2.0,0.2694655899324018,2.36216881340666,0.48631794965092534,0.36216881340665985,0.21685235971852357,0.9248677492141724,0.853900671005249,-0.18469375371932983,-0.1458016335964203,1.0,0.0,20.0,1.0,1.14125394821167,1.2921693325042725,0.2538110183564326,308.48203998442733,143.8664415114502,308.0,144.0,8.947220802307129,8.867075204849243,8.88694429397583,528,8,9f00000024010000,159,292,8.906885147094727,1,1,1,1,1,1779078365.9719827
8.951628875732416,1,sine_low_wl5m,2.0,-0.34531612251371696,0.18222135305404663,0.16737201809883118,-0.10037092864513397,25.496301905458584,-0.90354886111897,0.0,0.0,0.0,0.10085422101442106,0.9949012142436928,2.410386762756887,0.49376100574768217,0.0,0.0,0.0,-0.11107425589025732,1.0,2.0,0.2694655899324018,2.0,0.2694655899324018,2.36216881340666,0.48631794965092534,0.36216881340665985,0.21685235971852357,0.9248677492141724,0.853900671005249,-0.18469375371932983,-0.1458016335964203,1.0,0.0,20.0,1.0,1.14125394821167,1.2921693325042725,0.2538110183564326,308.48203998442733,143.8664415114502,308.0,144.0,8.947220802307129,8.967018842697144,8.986899375915527,528,8,990000002b010000,153,299,8.906885147094727,1,1,1,1,1,1779078365.9719827
9.001628875732417,1,sine_low_wl5m,2.0,-0.3328226504744658,0.12683939933776855,0.10443510115146637,-0.10228485614061356,25.496301905458584,-0.90354886111897,0.0,0.0,0.0,0.10085422101442106,0.9949012142436928,2.410386762756887,0.49376100574768217,0.0,0.0,0.0,-0.11107425589025732,1.0,2.0,0.20559494650744506,2.0,0.20559494650744506,2.2554582247076627,0.38243025749843934,0.25545822470766266,0.17683531099099428,0.9432199597358704,0.8247212171554565,-0.1273932158946991,-0.10980340093374252,1.0,0.0,20.0,1.0,1.1414515972137451,1.4065885543823242,0.2435137572971924,304.5959424723586,147.73412149976508,305.0,148.0,9.047402143478394,8.967018842697144,8.986899375915527,528,8,990000002b010000,153,299,9.006892204284668,1,1,1,1,1,1779078366.072133
9.051628875732417,1,sine_low_wl5m,2.0,-0.3202725015544933,0.12683939933776855,0.10443510115146637,-0.10228485614061356,25.664189252283435,-0.8699069561089445,0.0,0.0,0.0,0.09664987389055664,0.995318442447913,2.407947339504552,0.47209644908252163,0.0,0.0,0.0,-0.10809409047160266,1.0,2.0,0.20559494650744506,2.0,0.20559494650744506,2.2554582247076627,0.38243025749843934,0.25545822470766266,0.17683531099099428,0.9432199597358704,0.8247212171554565,-0.1273932158946991,-0.10980340093374252,1.0,0.0,20.0,1.0,1.1414515972137451,1.4065885543823242,0.2435137572971924,304.5959424723586,147.73412149976508,305.0,148.0,9.047402143478394,9.067631721496582,9.086832761764526,528,8,950000002e010000,149,302,9.006892204284668,1,1,1,1,1,1779078366.072133
9.101628875732418,1,sine_low_wl5m,2.0,-0.29543915345277755,0.0802120715379715,0.06593837589025497,-0.10216269642114639,25.664189252283435,-0.8699069561089445,0.0,0.0,0.0,0.09664987389055664,0.995318442447913,2.407947339504552,0.47209644908252163,0.0,0.0,0.0,-0.10809409047160266,1.0,2.0,0.1287185555174729,2.0,0.1287185555174729,2.138895884356843,0.2672137289675679,0.13889588435684308,0.138495173450095,0.9602683186531067,0.775115430355072,-0.05391395464539528,-0.07840292900800705,1.0,0.0,20.0,1.0,1.141230821609497,1.5247561931610107,0.23972829718293062,296.9087298723085,155.38490181261108,297.0,155.0,9.147272109985352,9.067631721496582,9.086832761764526,528,8,950000002e010000,149,302,9.106843948364258,1,1,1,1,1,1779078366.1713078
9.151628875732419,1,sine_low_wl5m,2.0,-0.27511484865054336,0.0802120715379715,0.06593837589025497,-0.10216269642114639,25.878888434713357,-0.8291513584022847,0.0,0.0,0.0,0.09086780789705382,0.9958629632072798,2.4198083547519915,0.44529967790584335,0.0,0.0,0.0,-0.13538691719912366,1.0,2.0,0.1287185555174729,2.0,0.1287185555174729,2.138895884356843,0.2672137289675679,0.13889588435684308,0.138495173450095,0.9602683186531067,0.775115430355072,-0.05391395464539528,-0.07840292900800705,1.0,0.0,20.0,1.0,1.141230821609497,1.5247561931610107,0.23972829718293062,296.9087298723085,155.38490181261108,297.0,155.0,9.147272109985352,9.167245626449585,9.187077045440674,528,8,9300000031010000,147,305,9.106843948364258,1,1,1,1,1,1779078366.1713078
9.20162887573242,1,sine_low_wl5m,2.0,-0.23944953076003148,0.053604066371917725,0.038261543959379196,-0.1028716191649437,25.878888434713357,-0.8291513584022847,0.0,0.0,0.0,0.09086780789705382,0.9958629632072798,2.4198083547519915,0.44529967790584335,0.0,0.0,0.0,-0.13538691719912366,1.0,2.0,0.04373890772257311,2.0,0.04373890772257311,2.052890196792096,0.12681294371284083,0.052890196792096056,0.08307403599026772,0.9775009155273438,0.7204492092132568,-0.00670204684138298,-0.04762337729334831,1.0,0.0,20.0,1.0,1.1405518054962158,1.586527705192566,0.20302253675409943,192.50544698861097,259.2933824077603,193.0,259.0,9.247230052947998,9.167245626449585,9.187077045440674,528,8,9300000031010000,147,305,9.206878185272217,1,1,1,1,1,1779078366.271854
9.25162887573242,1,sine_low_wl5m,2.0,-0.21261552987018373,0.053604066371917725,0.038261543959379196,-0.1028716191649437,26.224354353263273,-0.7688238328949593,0.0,0.0,0.0,0.08171873106311708,0.9966554314272481,2.421017437878563,0.39969990311644377,0.0,0.0,0.0,-0.15743114177885986,1.0,2.0,0.04373890772257311,2.0,0.04373890772257311,2.052890196792096,0.12681294371284083,0.052890196792096056,0.08307403599026772,0.9775009155273438,0.7204492092132568,-0.00670204684138298,-0.04762337729334831,1.0,0.0,20.0,1.0,1.1405518054962158,1.586527705192566,0.20302253675409943,192.50544698861097,259.2933824077603,193.0,259.0,9.247230052947998,9.267191648483276,9.286876201629639,528,8,9200000032010000,146,306,9.206878185272217,1,1,1,1,1,1779078366.271854
9.30162887573242,1,sine_low_wl5m,2.0,-0.16842942770205405,0.03381076455116272,0.01538645476102829,-0.1026206985116005,26.224354353263273,-0.7688238328949593,0.0,0.0,0.0,0.08171873106311708,0.9966554314272481,2.421017437878563,0.39969990311644377,0.0,0.0,0.0,-0.15743114177885986,1.0,2.0,-0.04397266043507736,2.0,-0.04397266043507736,2.021802988965412,-0.05288501016838376,0.021802988965411885,-0.008912349733306402,0.9937629103660583,0.7283324003219604,-0.009192822501063347,-0.00545479403808713,1.0,0.0,20.0,1.0,1.1394834518432617,1.6202189922332764,0.07675940758970946,171.45455520186172,280.2445069348567,171.0,280.0,9.347480535507202,9.267191648483276,9.286876201629639,528,8,9200000032010000,146,306,9.306904792785645,1,1,1,1,1,1779078366.3722734
9.351628875732422,1,sine_low_wl5m,2.0,-0.13684466711921747,0.03381076455116272,0.01538645476102829,-0.1026206985116005,26.449388225049685,-0.7334061248905748,0.0,0.0,0.0,0.07447505639051037,0.9972228767811288,2.4068417462355858,0.3615140526670914,0.0,0.0,0.0,-0.17053457387874116,1.0,2.0,-0.04397266043507736,2.0,-0.04397266043507736,2.021802988965412,-0.05288501016838376,0.021802988965411885,-0.008912349733306402,0.9937629103660583,0.7283324003219604,-0.009192822501063347,-0.00545479403808713,1.0,0.0,20.0,1.0,1.1394834518432617,1.6202189922332764,0.07675940758970946,171.45455520186172,280.2445069348567,171.0,280.0,9.347480535507202,9.36717176437378,9.386896848678589,528,8,9100000032010000,145,306,9.306904792785645,1,1,1,1,1,1779078366.3722734
9.401628875732422,1,sine_low_wl5m,2.0,-0.0869236878453961,0.02092684991657734,0.00033519137650728226,-0.10362269729375839,26.449388225049685,-0.7334061248905748,0.0,0.0,0.0,0.07447505639051037,0.9972228767811288,2.4068417462355858,0.3615140526670914,0.0,0.0,0.0,-0.17053457387874116,1.0,2.0,-0.12935279431449412,2.0,-0.12935279431449412,1.9938953972213331,-0.23779914670129573,-0.006104602778666868,-0.10844635238680161,1.0040339231491089,0.7162614464759827,-0.0019386180210858583,0.040973566472530365,1.0,0.0,20.0,1.0,1.1397590637207031,1.655333399772644,-0.0661908787483529,157.59511799565743,294.0382596045388,158.0,294.0,9.447415590286255,9.36717176437378,9.386896848678589,528,8,9100000032010000,145,306,9.406810283660889,1,1,1,1,1,1779078366.4720526
9.451628875732423,1,sine_low_wl5m,2.0,-0.05243967358860279,0.02092684991657734,0.00033519137650728226,-0.10362269729375839,26.62381295189985,-0.7082890731926105,0.0,0.0,0.0,0.06887783971609719,0.9976251015266424,2.4107474625935623,0.33447910741457204,0.0,0.0,0.0,-0.14692183791954624,1.0,2.0,-0.12935279431449412,2.0,-0.12935279431449412,1.9938953972213331,-0.23779914670129573,-0.006104602778666868,-0.10844635238680161,1.0040339231491089,0.7162614464759827,-0.0019386180210858583,0.040973566472530365,1.0,0.0,20.0,1.0,1.1397590637207031,1.655333399772644,-0.0661908787483529,157.59511799565743,294.0382596045388,158.0,294.0,9.447415590286255,9.467013597488403,9.48695993423462,528,8,9200000032010000,146,306,9.406810283660889,1,1,1,1,1,1779078366.4720526
9.501628875732424,1,stop_after_sine_low,0.0,0.0,0.013905216008424759,-0.007105328608304262,-0.10261967033147812,26.62381295189985,-0.7082890731926105,0.0,0.0,0.0,0.06887783971609719,0.9976251015266424,2.4107474625935623,0.33447910741457204,0.0,0.0,0.0,-0.14692183791954624,1.0,2.0,-0.2059109809932517,2.0,-0.2059109809932517,1.9407457025242674,-0.43451214445701,-0.05925429747573263,-0.22860116346375828,1.0251432657241821,0.6481731534004211,0.010457612574100494,0.07572812587022781,1.0,0.0,20.0,1.0,1.1396996974945068,1.7003791332244873,0.009578003408366113,151.97834036389185,299.6284174371017,152.0,300.0,9.548538208007812,9.467013597488403,9.48695993423462,528,8,9200000032010000,146,306,9.507853507995605,1,1,1,1,1,1779078366.5718334
9.551628875732424,1,stop_after_sine_low,0.0,0.0,0.013905216008424759,-0.007105328608304262,-0.10261967033147812,27.033085518948763,-0.6567313376346879,0.0,0.0,0.0,0.05692136968790819,0.998378664471979,2.4577094876755763,0.28116068840198166,0.0,0.0,0.0,-0.14994973171170384,1.0,2.0,-0.2059109809932517,2.0,-0.2059109809932517,1.9407457025242674,-0.43451214445701,-0.05925429747573263,-0.22860116346375828,1.0251432657241821,0.6481731534004211,0.010457612574100494,0.07572812587022781,1.0,0.0,20.0,1.0,1.1396996974945068,1.7003791332244873,0.009578003408366113,151.97834036389185,299.6284174371017,152.0,300.0,9.548538208007812,9.568220376968384,9.588093280792236,528,8,9300000030010000,147,304,9.507853507995605,1,1,1,1,1,1779078366.5718334
9.601628875732425,1,stop_after_sine_low,0.0,0.0,0.09048233181238174,0.06179429963231087,-0.10963921993970871,27.033085518948763,-0.6567313376346879,0.0,0.0,0.0,0.05692136968790819,0.998378664471979,2.4577094876755763,0.28116068840198166,0.0,0.0,0.0,-0.14994973171170384,1.0,2.0,-0.2697563109157208,2.0,-0.2697563109157208,1.885097607655868,-0.6807895571211636,-0.11490239234413191,-0.41103324620544285,1.052943229675293,0.5747397541999817,0.015099236741662025,0.1215205118060112,1.0,0.0,20.0,1.0,1.140899658203125,1.7544578313827515,-0.08377819024245735,148.64331370376587,302.9476382836725,149.0,303.0,9.648382663726807,9.568220376968384,9.588093280792236,528,8,9300000030010000,147,304,9.607980012893677,1,1,1,1,1,1779078366.6721919
9.651628875732426,1,stop_after_sine_low,0.0,0.0,0.09048233181238174,0.06179429963231087,-0.10963921993970871,27.262148717126152,-0.6318990354767162,0.0,0.0,0.0,0.051366830247648876,0.9986798529810789,2.4673000977555435,0.2544830799171574,0.0,0.0,0.0,-0.1048271722076852,1.0,2.0,-0.2697563109157208,2.0,-0.2697563109157208,1.885097607655868,-0.6807895571211636,-0.11490239234413191,-0.41103324620544285,1.052943229675293,0.5747397541999817,0.015099236741662025,0.1215205118060112,1.0,0.0,20.0,1.0,1.140899658203125,1.7544578313827515,-0.08377819024245735,148.64331370376587,302.9476382836725,149.0,303.0,9.648382663726807,9.668175458908081,9.688040494918823,528,8,950000002e010000,149,302,9.607980012893677,1,1,1,1,1,1779078366.6721919
9.701628875732426,1,stop_after_sine_low,0.0,0.0,0.1698857992887497,0.14972184598445892,-0.11471758037805557,27.262148717126152,-0.6318990354767162,0.0,0.0,0.0,0.051366830247648876,0.9986798529810789,2.4673000977555435,0.2544830799171574,0.0,0.0,0.0,-0.1048271722076852,1.0,2.0,-0.31674907385303835,2.0,-0.31674907385303835,1.8688905155600049,-0.8869529418132415,-0.13110948443999515,-0.5702038679602031,1.063651442527771,0.5305197238922119,0.012151907198131084,0.1537969559431076,1.0,0.0,20.0,1.0,1.139587640762329,1.7268668413162231,-0.027251502289451304,146.60352890362736,304.97775585727015,147.0,305.0,9.748266696929932,9.668175458908081,9.688040494918823,528,8,950000002e010000,149,302,9.70799446105957,1,1,1,1,1,1779078366.7715545
9.751628875732427,1,stop_after_sine_low,0.0,0.0,0.1698857992887497,0.14972184598445892,-0.11471758037805557,27.488675491972426,-0.6091337755931404,0.0,0.0,0.0,0.049633401917702456,0.9987675031828357,2.428466170147272,0.24196109176352903,0.0,0.0,0.0,0.005741386529945886,1.0,2.0,-0.31674907385303835,2.0,-0.31674907385303835,1.8688905155600049,-0.8869529418132415,-0.13110948443999515,-0.5702038679602031,1.063651442527771,0.5305197238922119,0.012151907198131084,0.1537969559431076,1.0,0.0,20.0,1.0,1.139587640762329,1.7268668413162231,-0.027251502289451304,146.60352890362736,304.97775585727015,147.0,305.0,9.748266696929932,9.768157005310059,9.788056373596191,528,8,990000002a010000,153,298,9.70799446105957,1,1,1,1,1,1779078366.7715545
9.801628875732428,1,stop_after_sine_low,0.0,0.0,0.43988537788391113,0.41145771741867065,-0.08835866302251816,27.488675491972426,-0.6091337755931404,0.0,0.0,0.0,0.049633401917702456,0.9987675031828357,2.428466170147272,0.24196109176352903,0.0,0.0,0.0,0.005741386529945886,1.0,2.0,-0.343838174772508,2.0,-0.343838174772508,1.8575570407860296,-0.9759103651416573,-0.14244295921397043,-0.6320721903691493,1.0687909126281738,0.5216442346572876,0.014659915119409561,0.1652398407459259,1.0,0.0,20.0,1.0,1.1397247314453125,1.7229267358779907,-0.11153426660154761,145.53818935933052,306.03804639898726,146.0,306.0,9.848265171051025,9.768157005310059,9.788056373596191,528,8,990000002a010000,153,298,9.807993173599243,1,1,1,1,1,1779078366.871798
9.851628875732429,1,stop_after_sine_low,0.0,0.0,0.43988537788391113,0.41145771741867065,-0.08835866302251816,27.73333578251587,-0.5849842243894523,0.0,0.0,0.0,0.04831602600593871,0.9988320988189123,2.2834826096272693,0.22143375090665154,0.0,0.0,0.0,-0.05015044515537384,1.0,2.0,-0.343838174772508,2.0,-0.343838174772508,1.8575570407860296,-0.9759103651416573,-0.14244295921397043,-0.6320721903691493,1.0687909126281738,0.5216442346572876,0.014659915119409561,0.1652398407459259,1.0,0.0,20.0,1.0,1.1397247314453125,1.7229267358779907,-0.11153426660154761,145.53818935933052,306.03804639898726,146.0,306.0,9.848265171051025,9.868133544921875,9.888200998306274,528,8,a000000023010000,160,291,9.807993173599243,1,1,1,1,1,1779078366.871798
9.90162887573243,1,stop_after_sine_low,0.0,0.0,0.6748576760292053,0.6353122591972351,-0.10371080040931702,27.73333578251587,-0.5849842243894523,0.0,0.0,0.0,0.04831602600593871,0.9988320988189123,2.2834826096272693,0.22143375090665154,0.0,0.0,0.0,-0.05015044515537384,1.0,2.0,-0.349299313769159,2.0,-0.349299313769159,1.8477844485803214,-1.0,-0.15221555141967857,-0.650700686230841,1.0736008882522583,0.5130664706230164,0.016216974705457687,0.1765345185995102,1.0,0.0,20.0,1.0,1.1391985416412354,1.7354257106781006,-0.15556415600011075,145.33151986645646,306.24373641559185,145.0,306.0,9.948329210281372,9.868133544921875,9.888200998306274,528,8,a000000023010000,160,291,9.908022165298462,1,1,1,1,1,1779078366.9716868
9.95162887573243,1,stop_after_sine_low,0.0,0.0,0.6748576760292053,0.6353122591972351,-0.10371080040931702,27.865166708795382,-0.5724976586499934,0.0,0.0,0.0,0.04596165644911055,0.9989432046600317,2.138822739835231,0.19723319782705465,0.0,0.0,0.0,-0.10822985388604922,1.0,2.0,-0.349299313769159,2.0,-0.349299313769159,1.8477844485803214,-1.0,-0.15221555141967857,-0.650700686230841,1.0736008882522583,0.5130664706230164,0.016216974705457687,0.1765345185995102,1.0,0.0,20.0,1.0,1.1391985416412354,1.7354257106781006,-0.15556415600011075,145.33151986645646,306.24373641559185,145.0,306.0,9.948329210281372,9.968390226364136,9.988025665283203,528,8,bf00000005010000,191,261,9.908022165298462,1,1,1,1,1,1779078366.9716868
10.00162887573243,1,stop_after_sine_low,0.0,0.0,0.8792402148246765,0.827761709690094,-0.13579420745372772,27.865166708795382,-0.5724976586499934,0.0,0.0,0.0,0.04596165644911055,0.9989432046600317,2.138822739835231,0.19723319782705465,0.0,0.0,0.0,-0.10822985388604922,1.0,2.0,-0.3328226504744658,2.0,-0.3328226504744658,1.8482328325363806,-0.9947314623339066,-0.1517671674636194,-0.6619088118594408,1.073919653892517,0.5118173956871033,0.015146436169743538,0.17629821598529816,1.0,0.0,20.0,1.0,1.1404578685760498,1.7327879667282104,-0.10915959210423429,145.96303284895927,305.6152163856127,146.0,306.0,10.048192739486694,9.968390226364136,9.988025665283203,528,8,bf00000005010000,191,261,10.007981538772583,1,1,1,1,1,1779078367.071888
10.051628875732431,1,stop_after_sine_low,0.0,0.0,0.8792402148246765,0.827761709690094,-0.13579420745372772,27.9706056242824,-0.5630190818964673,0.0,0.0,0.0,0.04401339448338373,0.9990309410153672,2.026966519977356,0.17894775509473657,0.0,0.0,0.0,-0.04485825263750367,1.0,2.0,-0.3328226504744658,2.0,-0.3328226504744658,1.8482328325363806,-0.9947314623339066,-0.1517671674636194,-0.6619088118594408,1.073919653892517,0.5118173956871033,0.015146436169743538,0.17629821598529816,1.0,0.0,20.0,1.0,1.1404578685760498,1.7327879667282104,-0.10915959210423429,145.96303284895927,305.6152163856127,146.0,306.0,10.048192739486694,10.068302869796753,10.088128566741943,528,8,0000000000000000,0,0,10.007981538772583,1,1,1,1,1,1779078367.071888
10.101628875732432,1,stop_after_sine_low,0.0,0.0,1.0207276344299316,1.0031788349151611,-0.12315556406974792,27.9706056242824,-0.5630190818964673,0.0,0.0,0.0,0.04401339448338373,0.9990309410153672,2.026966519977356,0.17894775509473657,0.0,0.0,0.0,-0.04485825263750367,1.0,2.0,-0.29543915345277755,2.0,-0.29543915345277755,1.8606814485205945,-0.8782791844504626,-0.13931855147940553,-0.5828400309976851,1.0686814785003662,0.5266278982162476,0.011524198576807976,0.16708716750144958,1.0,0.0,20.0,1.0,1.139728307723999,1.7242376804351807,-0.1406787979340014,147.4947826141166,304.0907260980154,147.0,304.0,10.148303508758545,10.068302869796753,10.088128566741943,528,8,0000000000000000,0,0,10.108019590377808,1,1,1,1,1,1779078367.1717348
10.151628875732433,1,stop_after_sine_low,0.0,0.0,1.0207276344299316,1.0031788349151611,-0.12315556406974792,28.112240878761824,-0.5507689402260643,0.0,0.0,0.0,0.042502753205584845,0.999096349693034,1.815472431527676,0.154744785412433,0.0,0.0,0.0,-0.011453889390867358,1.0,2.0,-0.29543915345277755,2.0,-0.29543915345277755,1.8606814485205945,-0.8782791844504626,-0.13931855147940553,-0.5828400309976851,1.0686814785003662,0.5266278982162476,0.011524198576807976,0.16708716750144958,1.0,0.0,20.0,1.0,1.139728307723999,1.7242376804351807,-0.1406787979340014,147.4947826141166,304.0907260980154,147.0,304.0,10.148303508758545,10.168190240859985,10.188075065612793,528,8,0000000000000000,0,0,10.108019590377808,1,1,1,1,1,1779078367.1717348
10.201628875732434,1,stop_after_sine_low,0.0,0.0,1.1643939018249512,1.1501824855804443,-0.10523638129234314,28.112240878761824,-0.5507689402260643,0.0,0.0,0.0,0.042502753205584845,0.999096349693034,1.815472431527676,0.154744785412433,0.0,0.0,0.0,-0.011453889390867358,1.0,2.0,-0.23944953076003148,2.0,-0.23944953076003148,1.8935021874167608,-0.7025619901505135,-0.1064978125832392,-0.46311245939048196,1.0588810443878174,0.5632799863815308,-0.004993573762476444,0.15628957748413086,1.0,0.0,20.0,1.0,1.140340805053711,1.7357951402664185,-0.1719783145602711,150.1267832025586,301.47119944601144,150.0,301.0,10.248293161392212,10.168190240859985,10.188075065612793,528,8,0000000000000000,0,0,10.208012580871582,1,1,1,1,1,1779078367.2715974
10.251628875732434,1,stop_after_sine_low,0.0,0.0,1.1643939018249512,1.1501824855804443,-0.10523638129234314,28.26749599380807,-0.5373876276206963,0.0,0.0,0.0,0.043318999644436605,0.9990612915481238,1.5170975495546,0.13180960504661923,0.0,0.0,0.0,-0.007927066892835646,1.0,2.0,-0.23944953076003148,2.0,-0.23944953076003148,1.8935021874167608,-0.7025619901505135,-0.1064978125832392,-0.46311245939048196,1.0588810443878174,0.5632799863815308,-0.004993573762476444,0.15628957748413086,1.0,0.0,20.0,1.0,1.140340805053711,1.7357951402664185,-0.1719783145602711,150.1267832025586,301.47119944601144,150.0,301.0,10.248293161392212,10.268240213394165,10.28807258605957,528,8,0000000000000000,0,0,10.208012580871582,1,1,1,1,1,1779078367.2715974
10.301628875732435,1,stop_after_sine_low,0.0,0.0,1.2921693325042725,1.2848891019821167,-0.08510161936283112,28.26749599380807,-0.5373876276206963,0.0,0.0,0.0,0.043318999644436605,0.9990612915481238,1.5170975495546,0.13180960504661923,0.0,0.0,0.0,-0.007927066892835646,1.0,2.0,-0.16842942770205405,2.0,-0.16842942770205405,1.916824502395435,-0.49564037570634945,-0.08317549760456511,-0.3272109480042954,1.0498963594436646,0.6079973578453064,-0.012467066757380962,0.1329186111688614,1.0,0.0,20.0,1.0,1.139758586883545,1.7414729595184326,-0.14940081956439086,154.41386131313504,297.2044392411724,154.0,297.0,10.348254680633545,10.268240213394165,10.28807258605957,528,8,0000000000000000,0,0,10.30801796913147,1,1,1,1,1,1779078367.3716364
10.351628875732436,1,stop_after_sine_low,0.0,0.0,1.2921693325042725,1.2848891019821167,-0.08510161936283112,28.349212711352617,-0.5302630613086187,0.0,0.0,0.0,0.04355077164287014,0.9990512150482129,1.3249224707329201,0.11573231144173066,0.0,0.0,0.0,-0.0157246170100939,1.0,2.0,-0.16842942770205405,2.0,-0.16842942770205405,1.916824502395435,-0.49564037570634945,-0.08317549760456511,-0.3272109480042954,1.0498963594436646,0.6079973578453064,-0.012467066757380962,0.1329186111688614,1.0,0.0,20.0,1.0,1.139758586883545,1.7414729595184326,-0.14940081956439086,154.41386131313504,297.2044392411724,154.0,297.0,10.348254680633545,10.368228673934937,10.388102293014526,528,8,0000000000000000,0,0,10.30801796913147,1,1,1,1,1,1779078367.3716364
10.401628875732436,1,stop_after_sine_low,0.0,0.0,1.4065885543823242,1.3957313299179077,-0.10812073945999146,28.349212711352617,-0.5302630613086187,0.0,0.0,0.0,0.04355077164287014,0.9990512150482129,1.3249224707329201,0.11573231144173066,0.0,0.0,0.0,-0.0157246170100939,1.0,2.0,-0.0869236878453961,2.0,-0.0869236878453961,1.941611021757703,-0.2948313761666614,-0.05838897824229705,-0.20790768832126527,1.040512204170227,0.6540167331695557,-0.020269963890314102,0.10590096563100815,1.0,0.0,20.0,1.0,1.1401643753051758,1.7421936988830566,-0.11989917241137726,162.44277271142033,289.2135795556752,162.0,289.0,10.448306560516357,10.368228673934937,10.388102293014526,528,8,0000000000000000,0,0,10.408010721206665,1,1,1,1,1,1779078367.4715874
10.451628875732437,1,stop_after_sine_low,0.0,0.0,1.4065885543823242,1.3957313299179077,-0.10812073945999146,28.41345836529542,-0.5246754588169069,0.0,0.0,0.0,0.043265733202206266,0.9990635997425167,1.1726146398301356,0.10175400103625297,0.0,0.0,0.0,0.024463337280737334,1.0,2.0,-0.0869236878453961,2.0,-0.0869236878453961,1.941611021757703,-0.2948313761666614,-0.05838897824229705,-0.20790768832126527,1.040512204170227,0.6540167331695557,-0.020269963890314102,0.10590096563100815,1.0,0.0,20.0,1.0,1.1401643753051758,1.7421936988830566,-0.11989917241137726,162.44277271142033,289.2135795556752,162.0,289.0,10.448306560516357,10.468294620513916,10.488032341003418,528,8,0000000000000000,0,0,10.408010721206665,1,1,1,1,1,1779078367.4715874
10.501628875732438,1,stop_after_sine_low,0.0,0.0,1.5247561931610107,1.4592626094818115,-0.13461825251579285,28.41345836529542,-0.5246754588169069,0.0,0.0,0.0,0.043265733202206266,0.9990635997425167,1.1726146398301356,0.10175400103625297,0.0,0.0,0.0,0.024463337280737334,1.0,0.0,0.0,0.0,0.0,0.030681921745342833,-0.05498038358311505,0.030681921745342833,-0.05498038358311505,1.0163460969924927,0.7409326434135437,-0.031183451414108276,0.040736760944128036,1.0,0.0,20.0,1.0,1.1398260593414307,1.7396913766860962,-0.10605195550043492,0.0,0.0,0.0,0.0,10.548393726348877,10.468294620513916,10.488032341003418,528,8,0000000000000000,0,0,10.50806999206543,1,1,1,1,1,1779078367.572329
10.551628875732439,1,stop_after_sine_low,0.0,0.0,1.5247561931610107,1.4592626094818115,-0.13461825251579285,28.433983889204704,-0.5228869064944383,0.0,0.0,0.0,0.04352707496425589,0.9990522477553694,1.0996902062945568,0.0960056511251135,0.0,0.0,0.0,0.022543689795145077,1.0,0.0,0.0,0.0,0.0,0.030681921745342833,-0.05498038358311505,0.030681921745342833,-0.05498038358311505,1.0163460969924927,0.7409326434135437,-0.031183451414108276,0.040736760944128036,1.0,0.0,20.0,1.0,1.1398260593414307,1.7396913766860962,-0.10605195550043492,0.0,0.0,0.0,0.0,10.548393726348877,10.568302869796753,10.588089227676392,528,8,0000000000000000,0,0,10.50806999206543,1,1,1,1,1,1779078367.572329
10.60162887573244,1,stop_after_sine_low,0.0,0.0,1.586527705192566,1.5319758653640747,-0.11264395713806152,28.433983889204704,-0.5228869064944383,0.0,0.0,0.0,0.04352707496425589,0.9990522477553694,1.0996902062945568,0.0960056511251135,0.0,0.0,0.0,0.022543689795145077,1.0,0.0,0.0,0.0,0.0,-0.07904123756426686,0.05455253587908087,-0.07904123756426686,0.05455253587908087,1.0589685440063477,0.6972078084945679,0.08370218425989151,-0.038034453988075256,1.0,0.0,20.0,1.0,1.1410317420959473,1.735772967338562,0.003928594522264152,0.0,0.0,0.0,0.0,10.648632764816284,10.568302869796753,10.588089227676392,528,8,0000000000000000,0,0,10.608247518539429,1,1,1,1,1,1779078367.6725004
10.65162887573244,1,stop_after_sine_low,0.0,0.0,1.586527705192566,1.5319758653640747,-0.11264395713806152,28.442665527360283,-0.5221267500498318,0.0,0.0,0.0,0.04365430578399551,0.9990466963993813,1.0864167330758572,0.09512567402329747,0.0,0.0,0.0,0.03406156021628182,1.0,0.0,0.0,0.0,0.0,-0.07904123756426686,0.05455253587908087,-0.07904123756426686,0.05455253587908087,1.0589685440063477,0.6972078084945679,0.08370218425989151,-0.038034453988075256,1.0,0.0,20.0,1.0,1.1410317420959473,1.735772967338562,0.003928594522264152,0.0,0.0,0.0,0.0,10.648632764816284,10.668369054794312,10.688198328018188,528,8,0000000000000000,0,0,10.608247518539429,1,1,1,1,1,1779078367.6725004
10.70162887573244,1,stop_after_sine_low,0.0,0.0,1.6202189922332764,1.588608741760254,-0.10510962456464767,28.442665527360283,-0.5221267500498318,0.0,0.0,0.0,0.04365430578399551,0.9990466963993813,1.0864167330758572,0.09512567402329747,0.0,0.0,0.0,0.03406156021628182,1.0,0.0,0.0,0.0,0.0,-0.0776407164339708,0.05986801363012037,-0.0776407164339708,0.05986801363012037,1.0582168102264404,0.7057862281799316,0.08216071128845215,-0.042254019528627396,1.0,0.0,20.0,1.0,1.1400110721588135,1.7211822271347046,-0.05152516377218959,0.0,0.0,0.0,0.0,10.748377799987793,10.668369054794312,10.688198328018188,528,8,0000000000000000,0,0,10.708138942718506,1,1,1,1,1,1779078367.7723527
10.751628875732441,1,stop_after_sine_low,0.0,0.0,1.6202189922332764,1.588608741760254,-0.10510962456464767,28.44381741945947,-0.5220258487138015,0.0,0.0,0.0,0.04367268090579871,0.9990458933114635,1.073164291244666,0.09400508158974652,0.0,0.0,0.0,0.03602185546259556,1.0,0.0,0.0,0.0,0.0,-0.0776407164339708,0.05986801363012037,-0.0776407164339708,0.05986801363012037,1.0582168102264404,0.7057862281799316,0.08216071128845215,-0.042254019528627396,1.0,0.0,20.0,1.0,1.1400110721588135,1.7211822271347046,-0.05152516377218959,0.0,0.0,0.0,0.0,10.748377799987793,10.768363237380981,10.788193941116333,528,8,0000000000000000,0,0,10.708138942718506,1,1,1,1,1,1779078367.7723527
10.801628875732442,1,stop_after_sine_low,0.0,0.0,1.655333399772644,1.6254771947860718,-0.1106579378247261,28.44381741945947,-0.5220258487138015,0.0,0.0,0.0,0.04367268090579871,0.9990458933114635,1.073164291244666,0.09400508158974652,0.0,0.0,0.0,0.03602185546259556,1.0,0.0,0.0,0.0,0.0,-0.07592642575095898,0.06386424222082916,-0.07592642575095898,0.06386424222082916,1.0575798749923706,0.7171057462692261,0.08029825985431671,-0.04579741507768631,1.0,0.0,20.0,1.0,1.1403107643127441,1.6443110704421997,-0.07665092706607299,0.0,0.0,0.0,0.0,10.84842824935913,10.768363237380981,10.788193941116333,528,8,0000000000000000,0,0,10.808130502700806,1,1,1,1,1,1779078367.872294
10.851628875732443,1,stop_after_sine_low,0.0,0.0,1.655333399772644,1.6254771947860718,-0.1106579378247261,28.45219756757353,-0.5212888127903262,0.0,0.0,0.0,0.04384818741777723,0.9990382057059557,1.05988266307008,0.09321692012110766,0.0,0.0,0.0,0.05101134494481888,1.0,0.0,0.0,0.0,0.0,-0.07592642575095898,0.06386424222082916,-0.07592642575095898,0.06386424222082916,1.0575798749923706,0.7171057462692261,0.08029825985431671,-0.04579741507768631,1.0,0.0,20.0,1.0,1.1403107643127441,1.6443110704421997,-0.07665092706607299,0.0,0.0,0.0,0.0,10.84842824935913,10.86832571029663,10.88822889328003,528,8,0000000000000000,0,0,10.808130502700806,1,1,1,1,1,1779078367.872294
10.901628875732444,1,stop_after_sine_low,0.0,0.0,1.7003791332244873,1.6743184328079224,-0.08202363550662994,28.45219756757353,-0.5212888127903262,0.0,0.0,0.0,0.04384818741777723,0.9990382057059557,1.05988266307008,0.09321692012110766,0.0,0.0,0.0,0.05101134494481888,1.0,0.0,0.0,0.0,0.0,-0.07613137338894371,0.06713266854934087,-0.07613137338894371,0.06713266854934087,1.0427581071853638,0.7273890376091003,0.07938660681247711,-0.04883156716823578,1.0,0.0,20.0,1.0,1.1410417556762695,1.472153663635254,0.0038949245361206523,0.0,0.0,0.0,0.0,10.948391199111938,10.86832571029663,10.88822889328003,528,8,0000000000000000,0,0,10.908100128173828,1,1,1,1,1,1779078367.97228
10.951628875732444,1,stop_after_sine_low,0.0,0.0,1.7003791332244873,1.6743184328079224,-0.08202363550662994,28.453235887093737,-0.5211974462053748,0.0,0.0,0.0,0.0438702180424446,0.9990372385296298,1.0466300689438226,0.09209786895656247,0.0,0.0,0.0,0.049802646062418694,1.0,0.0,0.0,0.0,0.0,-0.07613137338894371,0.06713266854934087,-0.07613137338894371,0.06713266854934087,1.0427581071853638,0.7273890376091003,0.07938660681247711,-0.04883156716823578,1.0,0.0,20.0,1.0,1.1410417556762695,1.472153663635254,0.0038949245361206523,0.0,0.0,0.0,0.0,10.948391199111938,10.968284130096436,10.988147258758545,528,8,0000000000000000,0,0,10.908100128173828,1,1,1,1,1,1779078367.97228
11.001628875732445,1,stop_after_sine_low,0.0,0.0,1.7544578313827515,1.733460783958435,-0.12416961789131165,28.453235887093737,-0.5211974462053748,0.0,0.0,0.0,0.0438702180424446,0.9990372385296298,1.0466300689438226,0.09209786895656247,0.0,0.0,0.0,0.049802646062418694,1.0,0.0,0.0,0.0,0.0,-0.07500007257408071,0.06933846489656952,-0.07500007257408071,0.06933846489656952,1.0266172885894775,0.7281379699707031,0.07699637115001678,-0.05048796907067299,1.0,0.0,20.0,1.0,1.1415245532989502,1.2792047262191772,0.01055179692749133,0.0,0.0,0.0,0.0,11.048393249511719,10.968284130096436,10.988147258758545,528,8,0000000000000000,0,0,11.008138656616211,1,1,1,1,1,1779078368.0722976
11.051628875732446,1,stop_after_sine_low,0.0,0.0,1.7544578313827515,1.733460783958435,-0.12416961789131165,28.461518094920418,-0.5204656820735485,0.0,0.0,0.0,0.044048200768947395,0.9990294069791031,1.0333491214649027,0.09130027144527138,0.0,0.0,0.0,0.04003748616584401,1.0,0.0,0.0,0.0,0.0,-0.07500007257408071,0.06933846489656952,-0.07500007257408071,0.06933846489656952,1.0266172885894775,0.7281379699707031,0.07699637115001678,-0.05048796907067299,1.0,0.0,20.0,1.0,1.1415245532989502,1.2792047262191772,0.01055179692749133,0.0,0.0,0.0,0.0,11.048393249511719,11.06824779510498,11.088232517242432,528,8,0000000000000000,0,0,11.008138656616211,1,1,1,1,1,1779078368.0722976
11.101628875732446,1,stop_after_sine_low,0.0,0.0,1.7268668413162231,1.7648340463638306,-0.0882912427186966,28.461518094920418,-0.5204656820735485,0.0,0.0,0.0,0.044048200768947395,0.9990294069791031,1.0333491214649027,0.09130027144527138,0.0,0.0,0.0,0.04003748616584401,1.0,0.0,0.0,0.0,0.0,-0.07056351534413946,0.07105041020185938,-0.07056351534413946,0.07105041020185938,0.9979550242424011,0.7248426675796509,0.07041921466588974,-0.05150036886334419,1.0,0.0,20.0,1.0,1.1403558254241943,1.0256510972976685,0.030563563069753944,0.0,0.0,0.0,0.0,11.148719072341919,11.06824779510498,11.088232517242432,528,8,0000000000000000,0,0,11.108139514923096,1,1,1,1,1,1779078368.1723113
11.151628875732447,1,stop_after_sine_low,0.0,0.0,1.7268668413162231,1.7648340463638306,-0.0882912427186966,28.463576131809756,-0.5202836761495585,0.0,0.0,0.0,0.044089297374285,0.9990275941419445,1.0200936370947686,0.09021368175548777,0.0,0.0,0.0,0.037153596721015765,1.0,0.0,0.0,0.0,0.0,-0.07056351534413946,0.07105041020185938,-0.07056351534413946,0.07105041020185938,0.9979550242424011,0.7248426675796509,0.07041921466588974,-0.05150036886334419,1.0,0.0,20.0,1.0,1.1403558254241943,1.0256510972976685,0.030563563069753944,0.0,0.0,0.0,0.0,11.148719072341919,11.168410539627075,11.188204288482666,528,8,0000000000000000,0,0,11.108139514923096,1,1,1,1,1,1779078368.1723113
11.201628875732448,1,stop_after_sine_low,0.0,0.0,1.7229267358779907,1.7604831457138062,-0.040596649050712585,28.463576131809756,-0.5202836761495585,0.0,0.0,0.0,0.044089297374285,0.9990275941419445,1.0200936370947686,0.09021368175548777,0.0,0.0,0.0,0.037153596721015765,1.0,0.0,0.0,0.0,0.0,-0.06435331950019901,0.08651560576517925,-0.06435331950019901,0.08651560576517925,0.9757492542266846,0.7214367389678955,0.06279270350933075,-0.06241553649306297,1.0,0.0,20.0,1.0,1.140681505203247,0.7882574796676636,0.0336879948093927,0.0,0.0,0.0,0.0,11.248440027236938,11.168410539627075,11.188204288482666,528,8,0000000000000000,0,0,11.208101987838745,1,1,1,1,1,1779078368.2723157
11.251628875732449,1,stop_after_sine_low,0.0,0.0,1.7229267358779907,1.7604831457138062,-0.040596649050712585,28.470626268818812,-0.5196584506525189,0.0,0.0,0.0,0.0442112592532862,0.9990222042353407,1.0068238970935104,0.08928790613330882,0.0,0.0,0.0,0.03500239152670235,1.0,0.0,0.0,0.0,0.0,-0.06435331950019901,0.08651560576517925,-0.06435331950019901,0.08651560576517925,0.9757492542266846,0.7214367389678955,0.06279270350933075,-0.06241553649306297,1.0,0.0,20.0,1.0,1.140681505203247,0.7882574796676636,0.0336879948093927,0.0,0.0,0.0,0.0,11.248440027236938,11.268248796463013,11.288253545761108,528,8,0000000000000000,0,0,11.208101987838745,1,1,1,1,1,1779078368.2723157
11.30162887573245,1,stop_after_sine_low,0.0,0.0,1.7354257106781006,1.748220682144165,-0.060876719653606415,28.470626268818812,-0.5196584506525189,0.0,0.0,0.0,0.0442112592532862,0.9990222042353407,1.0068238970935104,0.08928790613330882,0.0,0.0,0.0,0.03500239152670235,1.0,0.0,0.0,0.0,0.0,-0.06087319921500836,0.09124791033928752,-0.06087319921500836,0.09124791033928752,0.9687490463256836,0.7195791006088257,0.0589708536863327,-0.06566008925437927,1.0,0.0,20.0,1.0,1.1403489112854004,0.5587894320487976,-0.026421668277353514,0.0,0.0,0.0,0.0,11.34851861000061,11.268248796463013,11.288253545761108,528,8,0000000000000000,0,0,11.308099508285522,1,1,1,1,1,1779078368.3724267
11.35162887573245,1,stop_after_sine_low,0.0,0.0,1.7354257106781006,1.748220682144165,-0.060876719653606415,28.47248179230336,-0.5194937544280461,0.0,0.0,0.0,0.044249537267037994,0.9990205095250312,0.9935694591254927,0.08818920376499442,0.0,0.0,0.0,0.03838138187177695,1.0,0.0,0.0,0.0,0.0,-0.06087319921500836,0.09124791033928752,-0.06087319921500836,0.09124791033928752,0.9687490463256836,0.7195791006088257,0.0589708536863327,-0.06566008925437927,1.0,0.0,20.0,1.0,1.1403489112854004,0.5587894320487976,-0.026421668277353514,0.0,0.0,0.0,0.0,11.34851861000061,11.368298053741455,11.388260841369629,528,8,0000000000000000,0,0,11.308099508285522,1,1,1,1,1,1779078368.3724267
11.40162887573245,1,stop_after_sine_low,0.0,0.0,1.7327879667282104,1.752069354057312,-0.10151339322328568,28.47248179230336,-0.5194937544280461,0.0,0.0,0.0,0.044249537267037994,0.9990205095250312,0.9935694591254927,0.08818920376499442,0.0,0.0,0.0,0.03838138187177695,1.0,0.0,0.0,0.0,0.0,-0.054903954839899516,0.10335472321549062,-0.054903954839899516,0.10335472321549062,0.9572938680648804,0.7199364900588989,0.05255921930074692,-0.07440883666276932,1.0,0.0,20.0,1.0,1.1405696868896484,0.3881779909133911,0.01248324827187901,0.0,0.0,0.0,0.0,11.44867992401123,11.368298053741455,11.388260841369629,528,8,0000000000000000,0,0,11.408143997192383,1,1,1,1,1,1779078368.472882
11.451628875732451,1,stop_after_sine_low,0.0,0.0,1.7327879667282104,1.752069354057312,-0.10151339322328568,28.480349493679512,-0.5187925976770784,0.0,0.0,0.0,0.04442715366521823,0.999012626555444,0.9802908639398455,0.08736192749341937,0.0,0.0,0.0,0.0508961022121723,1.0,0.0,0.0,0.0,0.0,-0.054903954839899516,0.10335472321549062,-0.054903954839899516,0.10335472321549062,0.9572938680648804,0.7199364900588989,0.05255921930074692,-0.07440883666276932,1.0,0.0,20.0,1.0,1.1405696868896484,0.3881779909133911,0.01248324827187901,0.0,0.0,0.0,0.0,11.44867992401123,11.46850061416626,11.488238334655762,528,8,0000000000000000,0,0,11.408143997192383,1,1,1,1,1,1779078368.472882
11.501628875732452,1,sine_high_wl5m,2.0,8.319389731771097e-05,1.7242376804351807,1.747812032699585,-0.09537011384963989,28.480349493679512,-0.5187925976770784,0.0,0.0,0.0,0.04442715366521823,0.999012626555444,0.9802908639398455,0.08736192749341937,0.0,0.0,0.0,0.0508961022121723,1.0,0.0,0.0,0.0,0.0,-0.05078085846671643,0.12207247522950826,-0.05078085846671643,0.12207247522950826,0.9484886527061462,0.7297995090484619,0.04816506803035736,-0.08908843249082565,1.0,0.0,20.0,1.0,1.1407482624053955,0.26041367650032043,-0.004632863039016182,0.0,0.0,0.0,0.0,11.550283908843994,11.46850061416626,11.488238334655762,528,8,0000000000000000,0,0,11.509630680084229,1,1,1,1,1,1779078368.572574
11.551628875732453,1,sine_high_wl5m,2.0,0.09579156261587646,1.7242376804351807,1.747812032699585,-0.09537011384963989,28.483314310085618,-0.5185278980097399,0.0,0.0,0.0,0.04450739313366193,0.9990090549922186,0.960406341627532,0.08574535631114771,0.0,0.0,0.0,0.0516187752865113,1.0,0.0,0.0,0.0,0.0,-0.05078085846671643,0.12207247522950826,-0.05078085846671643,0.12207247522950826,0.9484886527061462,0.7297995090484619,0.04816506803035736,-0.08908843249082565,1.0,0.0,20.0,1.0,1.1407482624053955,0.26041367650032043,-0.004632863039016182,0.0,0.0,0.0,0.0,11.550283908843994,11.570195436477661,11.590065240859985,528,8,0000000000000000,0,0,11.509630680084229,1,1,1,1,1,1779078368.572574
11.601628875732453,1,sine_high_wl5m,2.0,0.23681202686477615,1.7357951402664185,1.7542717456817627,-0.12008083611726761,28.483314310085618,-0.5185278980097399,0.0,0.0,0.0,0.04450739313366193,0.9990090549922186,0.960406341627532,0.08574535631114771,0.0,0.0,0.0,0.0516187752865113,1.0,0.0,0.0,0.0,0.0,-0.04886180706719859,0.14633180635763568,-0.04886180706719859,0.14633180635763568,0.9446585774421692,0.7472233176231384,0.046157725155353546,-0.1093425378203392,1.0,0.0,20.0,1.0,1.1410009860992432,0.17437085509300232,-0.008443900547613415,0.0,0.0,0.0,0.0,11.650176763534546,11.570195436477661,11.590065240859985,528,8,0000000000000000,0,0,11.609866380691528,1,1,1,1,1,1779078368.6727192
11.651628875732454,1,sine_high_wl5m,2.0,0.3278742578960603,1.7357951402664185,1.7542717456817627,-0.12008083611726761,28.489781392671834,-0.5179484018356392,0.0,0.0,0.0,0.0446693140152201,0.999001828019053,0.9471318956562393,0.08486969241297174,0.0,0.0,0.0,0.04329917193657268,1.0,0.0,0.0,0.0,0.0,-0.04886180706719859,0.14633180635763568,-0.04886180706719859,0.14633180635763568,0.9446585774421692,0.7472233176231384,0.046157725155353546,-0.1093425378203392,1.0,0.0,20.0,1.0,1.1410009860992432,0.17437085509300232,-0.008443900547613415,0.0,0.0,0.0,0.0,11.650176763534546,11.669808626174927,11.689758777618408,528,8,0000000000000000,0,0,11.609866380691528,1,1,1,1,1,1779078368.6727192
11.701628875732455,1,sine_high_wl5m,2.0,0.4579758733120963,1.7414729595184326,1.7337263822555542,-0.15152370929718018,28.489781392671834,-0.5179484018356392,0.0,0.0,0.0,0.0446693140152201,0.999001828019053,0.9471318956562393,0.08486969241297174,0.0,0.0,0.0,0.04329917193657268,1.0,0.0,0.0,0.0,0.0,-0.08558735174275066,0.2022060682423733,-0.08558735174275066,0.2022060682423733,0.9986506104469299,0.8228334188461304,0.08547186106443405,-0.16638191044330597,1.0,0.0,20.0,1.0,1.140021562576294,0.12071288377046585,0.006738194577829997,0.0,0.0,0.0,0.0,11.749909162521362,11.669808626174927,11.689758777618408,528,8,0000000000000000,0,0,11.70958662033081,1,1,1,1,1,1779078368.772631
11.751628875732456,1,sine_high_wl5m,2.0,0.539124207072459,1.7414729595184326,1.7337263822555542,-0.15152370929718018,28.51264457238199,-0.5158904394006875,0.0,0.0,0.0,0.04499879659016355,0.998987041109862,0.8874695437573824,0.08011366078057088,0.0,0.0,0.0,0.03165913537458803,1.0,0.0,0.0,0.0,0.0,-0.08558735174275066,0.2022060682423733,-0.08558735174275066,0.2022060682423733,0.9986506104469299,0.8228334188461304,0.08547186106443405,-0.16638191044330597,1.0,0.0,20.0,1.0,1.140021562576294,0.12071288377046585,0.006738194577829997,0.0,0.0,0.0,0.0,11.749909162521362,11.769854068756104,11.78966760635376,528,8,0000000000000000,0,0,11.70958662033081,1,1,1,1,1,1779078368.772631
11.801628875732456,1,sine_high_wl5m,2.0,0.6506515027130968,1.7421936988830566,1.748045802116394,-0.1283993124961853,28.51264457238199,-0.5158904394006875,0.0,0.0,0.0,0.04499879659016355,0.998987041109862,0.8874695437573824,0.08011366078057088,0.0,0.0,0.0,0.03165913537458803,1.0,0.0,0.0,0.0,0.0,-0.0839838557042028,0.2040598273552055,-0.0839838557042028,0.2040598273552055,0.9964765906333923,0.8218611478805542,0.08368794620037079,-0.1677088439464569,1.0,0.0,20.0,1.0,1.1400558948516846,0.07644526660442352,-0.0007423992487300484,0.0,0.0,0.0,0.0,11.850061655044556,11.769854068756104,11.78966760635376,528,8,0000000000000000,0,0,11.809605598449707,1,1,1,1,1,1779078368.8724577
11.851628875732457,1,sine_high_wl5m,2.0,0.7168456921423123,1.7421936988830566,1.748045802116394,-0.1283993124961853,28.59091397514526,-0.5087498363677843,0.0,0.0,0.0,0.04526969424754542,0.9989748018757699,0.5960323637157341,0.05413094752339867,0.0,0.0,0.0,-0.026421668277353514,1.0,0.0,0.0,0.0,0.0,-0.0839838557042028,0.2040598273552055,-0.0839838557042028,0.2040598273552055,0.9964765906333923,0.8218611478805542,0.08368794620037079,-0.1677088439464569,1.0,0.0,20.0,1.0,1.1400558948516846,0.07644526660442352,-0.0007423992487300484,0.0,0.0,0.0,0.0,11.850061655044556,11.870044708251953,11.889659643173218,528,8,0000000000000000,0,0,11.809605598449707,1,1,1,1,1,1779078368.8724577
11.901628875732458,1,sine_high_wl5m,2.0,0.8023008232807181,1.7396913766860962,1.751301884651184,-0.14756283164024353,28.59091397514526,-0.5087498363677843,0.0,0.0,0.0,0.04526969424754542,0.9989748018757699,0.5960323637157341,0.05413094752339867,0.0,0.0,0.0,-0.026421668277353514,1.0,0.0,0.0,0.0,0.0,-0.08304847333245656,0.20510360380328624,-0.08304847333245656,0.20510360380328624,0.9952590465545654,0.8215387463569641,0.08265474438667297,-0.16850055754184723,1.0,0.0,20.0,1.0,1.1402621269226074,0.05048549547791481,0.002203188264261944,0.0,0.0,0.0,0.0,11.950255155563354,11.870044708251953,11.889659643173218,528,8,0000000000000000,0,0,11.909660816192627,1,1,1,1,1,1779078368.9729917
11.951628875732458,1,sine_high_wl5m,2.0,0.8493156656557995,1.7396913766860962,1.751301884651184,-0.14756283164024353,28.670747854936277,-0.5014790545642158,0.0,0.0,0.0,0.045813742394791,0.9989499992531077,0.0,0.0,0.0,0.0,0.0,-0.0028023819326155235,1.0,0.0,0.0,0.0,0.0,-0.08304847333245656,0.20510360380328624,-0.08304847333245656,0.20510360380328624,0.9952590465545654,0.8215387463569641,0.08265474438667297,-0.16850055754184723,1.0,0.0,20.0,1.0,1.1402621269226074,0.05048549547791481,0.002203188264261944,0.0,0.0,0.0,0.0,11.950255155563354,11.96983289718628,11.989830493927002,528,8,0000000000000000,0,0,11.909660816192627,1,1,1,1,1,1779078368.9729917
12.00162887573246,1,sine_high_wl5m,2.0,0.904343323108758,1.735772967338562,1.7568562030792236,-0.1527055948972702,28.670747854936277,-0.5014790545642158,0.0,0.0,0.0,0.045813742394791,0.9989499992531077,0.0,0.0,0.0,0.0,0.0,-0.0028023819326155235,1.0,0.0,0.0,0.0,0.0,-0.08169016501053025,0.20667069957516127,-0.08169016501053025,0.20667069957516127,0.9935568571090698,0.820807933807373,0.08116382360458374,-0.16963694989681244,1.0,0.0,20.0,1.0,1.139678716659546,0.03038829378783703,-0.0016685398526655511,0.0,0.0,0.0,0.0,12.049808263778687,11.96983289718628,11.989830493927002,528,8,0000000000000000,0,0,12.010555267333984,1,1,1,1,1,1779078369.0726795
12.05162887573246,1,sine_high_wl5m,2.0,0.9284715021297864,1.735772967338562,1.7568562030792236,-0.1527055948972702,28.770557159037484,-0.49229623997348987,0.0,0.0,0.0,0.05126772698355183,0.9986849454006704,0.952542841962879,0.0980564312053382,0.0,0.0,0.0,0.10715131938912228,1.0,0.0,0.0,0.0,0.0,-0.08169016501053025,0.20667069957516127,-0.08169016501053025,0.20667069957516127,0.9935568571090698,0.820807933807373,0.08116382360458374,-0.16963694989681244,1.0,0.0,20.0,1.0,1.139678716659546,0.03038829378783703,-0.0016685398526655511,0.0,0.0,0.0,0.0,12.049808263778687,12.069795608520508,12.089723348617554,528,8,2f01000095000000,303,149,12.010555267333984,1,1,1,1,1,1779078369.0726795
12.10162887573246,1,sine_high_wl5m,2.0,0.948145279199292,1.7211822271347046,1.7252514362335205,-0.15251709520816803,28.770557159037484,-0.49229623997348987,0.0,0.0,0.0,0.05126772698355183,0.9986849454006704,0.952542841962879,0.0980564312053382,0.0,0.0,0.0,0.10715131938912228,1.0,0.0,0.0,0.0,0.0,-0.08064392069785732,0.20813558203289015,-0.08064392069785732,0.20813558203289015,0.9922905564308167,0.819941520690918,0.08002220094203949,-0.17065900564193726,1.0,0.0,20.0,1.0,1.1397769451141357,0.02225527912378311,0.0006854117005595752,0.0,0.0,0.0,0.0,12.149886131286621,12.069795608520508,12.089723348617554,528,8,2f01000095000000,303,149,12.109541654586792,1,1,1,1,1,1779078369.1726518
12.151628875732461,1,sine_high_wl5m,2.0,0.9493123603371778,1.7211822271347046,1.7252514362335205,-0.15251709520816803,28.942282643648213,-0.47441958126648837,0.0,0.0,0.0,0.053918045683829074,0.9985453641921516,1.52718101363235,0.16540740442729307,0.0,0.0,0.0,0.20571702682013893,1.0,0.0,0.0,0.0,0.0,-0.08064392069785732,0.20813558203289015,-0.08064392069785732,0.20813558203289015,0.9922905564308167,0.819941520690918,0.08002220094203949,-0.17065900564193726,1.0,0.0,20.0,1.0,1.1397769451141357,0.02225527912378311,0.0006854117005595752,0.0,0.0,0.0,0.0,12.149886131286621,12.16972279548645,12.189635992050171,528,8,3b0100008a000000,315,138,12.109541654586792,1,1,1,1,1,1779078369.1726518
12.201628875732462,1,sine_high_wl5m,2.0,0.9331143415467515,1.6443110704421997,1.6556340456008911,-0.09328404814004898,28.942282643648213,-0.47441958126648837,0.0,0.0,0.0,0.053918045683829074,0.9985453641921516,1.52718101363235,0.16540740442729307,0.0,0.0,0.0,0.20571702682013893,1.0,0.0,0.0,0.0,0.0,-0.08005986050758258,0.20867834085810455,-0.08005986050758258,0.20867834085810455,0.9917726516723633,0.8198627233505249,0.0794011801481247,-0.1710875928401947,1.0,0.0,20.0,1.0,1.14019775390625,0.016090471297502518,-0.0028023819326155235,0.0,0.0,0.0,0.0,12.25001072883606,12.16972279548645,12.189635992050171,528,8,3b0100008a000000,315,138,12.209652662277222,1,1,1,1,1,1779078369.2726295
12.251628875732463,1,sine_high_wl5m,2.0,0.9105215996129935,1.6443110704421997,1.6556340456008911,-0.09328404814004898,29.084769252425243,-0.45717328825607884,0.0,0.0,0.0,0.06401700992008108,0.9979488075251617,1.345447935063352,0.17333044066627842,0.0,0.0,0.0,0.04319239251343817,1.0,0.0,0.0,0.0,0.0,-0.08005986050758258,0.20867834085810455,-0.08005986050758258,0.20867834085810455,0.9917726516723633,0.8198627233505249,0.0794011801481247,-0.1710875928401947,1.0,0.0,20.0,1.0,1.14019775390625,0.016090471297502518,-0.0028023819326155235,0.0,0.0,0.0,0.0,12.25001072883606,12.269741535186768,12.289596796035767,528,8,4001000084000000,320,132,12.209652662277222,1,1,1,1,1,1779078369.2726295
12.301628875732463,1,sine_high_wl5m,2.0,0.8594441249995404,1.472153663635254,1.5125093460083008,-0.11569025367498398,29.084769252425243,-0.45717328825607884,0.0,0.0,0.0,0.06401700992008108,0.9979488075251617,1.345447935063352,0.17333044066627842,0.0,0.0,0.0,0.04319239251343817,1.0,0.0,0.0,0.0,0.0,-0.0791151164787844,0.20972377237115575,-0.0791151164787844,0.20972377237115575,0.9907814860343933,0.8193783164024353,0.07838579267263412,-0.17184311151504517,1.0,0.0,20.0,1.0,1.1407945156097412,0.010098216123878956,0.0005327996793909602,0.0,0.0,0.0,0.0,12.350036382675171,12.269741535186768,12.289596796035767,528,8,4001000084000000,320,132,12.309654235839844,1,1,1,1,1,1779078369.3725753
12.351628875732464,1,sine_high_wl5m,2.0,0.8144591405426028,1.472153663635254,1.5125093460083008,-0.11569025367498398,29.25891400240186,-0.43294291255228523,0.0,0.0,0.0,0.07655392214844628,0.9970654426885377,1.649545559573185,0.2548037742651773,0.0,0.0,0.0,0.34864128903761776,1.0,0.0,0.0,0.0,0.0,-0.0791151164787844,0.20972377237115575,-0.0791151164787844,0.20972377237115575,0.9907814860343933,0.8193783164024353,0.07838579267263412,-0.17184311151504517,1.0,0.0,20.0,1.0,1.1407945156097412,0.010098216123878956,0.0005327996793909602,0.0,0.0,0.0,0.0,12.350036382675171,12.370067596435547,12.389784097671509,528,8,4501000080000000,325,128,12.309654235839844,1,1,1,1,1,1779078369.3725753
12.401628875732465,1,sine_high_wl5m,2.0,0.7317589330347866,1.2792047262191772,1.2864586114883423,-0.08104037493467331,29.25891400240186,-0.43294291255228523,0.0,0.0,0.0,0.07655392214844628,0.9970654426885377,1.649545559573185,0.2548037742651773,0.0,0.0,0.0,0.34864128903761776,1.0,0.0,0.0,0.0,0.0,-0.07837233870684254,0.2105182453677474,-0.07837233870684254,0.2105182453677474,0.9902329444885254,0.8190205693244934,0.07760687172412872,-0.1724187731742859,1.0,0.0,20.0,1.0,1.1404154300689697,0.012563596479594707,-0.0012415129633171315,0.0,0.0,0.0,0.0,12.450000286102295,12.370067596435547,12.389784097671509,528,8,4501000080000000,325,128,12.409574747085571,1,1,1,1,1,1779078369.472699
12.451628875732466,1,sine_high_wl5m,2.0,0.6672107956910853,1.2792047262191772,1.2864586114883423,-0.08104037493467331,29.466815856121894,-0.3972084276358441,0.0,0.0,0.0,0.09233624378347577,0.9957278835525089,1.9413240630101654,0.363170318210493,0.0,0.0,0.0,0.3606143238524463,1.0,0.0,0.0,0.0,0.0,-0.07837233870684254,0.2105182453677474,-0.07837233870684254,0.2105182453677474,0.9902329444885254,0.8190205693244934,0.07760687172412872,-0.1724187731742859,1.0,0.0,20.0,1.0,1.1404154300689697,0.012563596479594707,-0.0012415129633171315,0.0,0.0,0.0,0.0,12.450000286102295,12.469743251800537,12.489620208740234,528,8,470100007d000000,327,125,12.409574747085571,1,1,1,1,1,1779078369.472699
12.501628875732466,1,sine_high_wl5m,2.0,0.5581316901653882,1.0256510972976685,1.050111174583435,-0.0905042290687561,29.466815856121894,-0.3972084276358441,0.0,0.0,0.0,0.09233624378347577,0.9957278835525089,1.9413240630101654,0.363170318210493,0.0,0.0,0.0,0.3606143238524463,1.0,2.0,8.319389731771097e-05,2.0,8.319389731771097e-05,1.9180545660040222,0.15551869443628422,-0.08194543399597776,0.15543550053896651,0.9899290204048157,0.8187874555587769,0.10126212239265442,-0.12725356221199036,1.0,0.0,20.0,1.0,1.1398429870605469,0.011232584714889526,-0.001254290935559057,226.4465016188093,225.51318585637807,226.0,226.0,12.549876689910889,12.469743251800537,12.489620208740234,528,8,470100007d000000,327,125,12.509548425674438,1,1,1,1,1,1779078369.5743184
12.551628875732467,1,sine_high_wl5m,2.0,0.4781991423931081,1.0256510972976685,1.050111174583435,-0.0905042290687561,29.631141057324644,-0.3632764035016515,0.0,0.0,0.0,0.10968100205704985,0.9939668393803495,1.9988717640683131,0.44657565773212876,0.0,0.0,0.0,0.3411557281077987,1.0,2.0,8.319389731771097e-05,2.0,8.319389731771097e-05,1.9180545660040222,0.15551869443628422,-0.08194543399597776,0.15543550053896651,0.9899290204048157,0.8187874555587769,0.10126212239265442,-0.12725356221199036,1.0,0.0,20.0,1.0,1.1398429870605469,0.011232584714889526,-0.001254290935559057,226.4465016188093,225.51318585637807,226.0,226.0,12.549876689910889,12.570116758346558,12.589823484420776,528,8,490100007c000000,329,124,12.509548425674438,1,1,1,1,1,1779078369.5743184
12.601628875732468,1,sine_high_wl5m,2.0,0.34939097251836015,0.7882574796676636,0.7867448925971985,-0.11187578737735748,29.631141057324644,-0.3632764035016515,0.0,0.0,0.0,0.10968100205704985,0.9939668393803495,1.9988717640683131,0.44657565773212876,0.0,0.0,0.0,0.3411557281077987,1.0,2.0,0.23681202686477615,2.0,0.23681202686477615,2.7276408303496638,0.520706284058785,0.7276408303496638,0.2838942571940089,0.8347539305686951,0.8295060992240906,-0.27690890431404114,-0.1951170116662979,1.0,0.0,20.0,1.0,1.1419599056243896,0.011146907694637775,-0.0010715543523378166,306.6508647551372,145.68893818515133,307.0,146.0,12.649933099746704,12.570116758346558,12.589823484420776,528,8,490100007c000000,329,124,12.609585046768188,1,1,1,1,1,1779078369.6744237
12.651628875732468,1,sine_high_wl5m,2.0,0.25890770504266286,0.7882574796676636,0.7867448925971985,-0.11187578737735748,29.74638165683952,-0.3364213014752896,0.0,0.0,0.0,0.11838450695690757,0.9929678285385534,2.055375174131175,0.49716230441101233,0.0,0.0,0.0,0.3698798145363039,1.0,2.0,0.23681202686477615,2.0,0.23681202686477615,2.7276408303496638,0.520706284058785,0.7276408303496638,0.2838942571940089,0.8347539305686951,0.8295060992240906,-0.27690890431404114,-0.1951170116662979,1.0,0.0,20.0,1.0,1.1419599056243896,0.011146907694637775,-0.0010715543523378166,306.6508647551372,145.68893818515133,307.0,146.0,12.649933099746704,12.670145511627197,12.689663171768188,528,8,490100007c000000,329,124,12.609585046768188,1,1,1,1,1,1779078369.6744237
12.70162887573247,1,sine_high_wl5m,2.0,0.11872422509426761,0.5587894320487976,0.5720633864402771,-0.10877770930528641,29.74638165683952,-0.3364213014752896,0.0,0.0,0.0,0.11838450695690757,0.9929678285385534,2.055375174131175,0.49716230441101233,0.0,0.0,0.0,0.3698798145363039,1.0,2.0,0.4579758733120963,2.0,0.4579758733120963,2.865160174081646,0.7851059088603539,0.8651601740816459,0.3271300355482576,0.827732503414154,0.9101916551589966,-0.3715862035751343,-0.25662097334861755,1.0,0.0,20.0,1.0,1.1418733596801758,0.08333077281713486,-0.12358117623082378,315.96552493613876,136.41842331306444,316.0,136.0,12.749863862991333,12.670145511627197,12.689663171768188,528,8,490100007c000000,329,124,12.70954942703247,1,1,1,1,1,1779078369.7744207
12.75162887573247,1,sine_high_wl5m,2.0,0.023537254861123593,0.5587894320487976,0.5720633864402771,-0.10877770930528641,29.93557494099057,-0.2863589133572652,0.0,0.0,0.0,0.13896979152741748,0.9902966207368508,2.109685414190878,0.604005186290303,0.0,0.0,0.0,0.43347263562033017,1.0,2.0,0.4579758733120963,2.0,0.4579758733120963,2.865160174081646,0.7851059088603539,0.8651601740816459,0.3271300355482576,0.827732503414154,0.9101916551589966,-0.3715862035751343,-0.25662097334861755,1.0,0.0,20.0,1.0,1.1418733596801758,0.08333077281713486,-0.12358117623082378,315.96552493613876,136.41842331306444,316.0,136.0,12.749863862991333,12.769754648208618,12.789596557617188,528,8,470100007d000000,327,125,12.70954942703247,1,1,1,1,1,1779078369.7744207
12.80162887573247,1,sine_high_wl5m,2.0,-0.11939067362790907,0.3881779909133911,0.3985971510410309,-0.11123046278953552,29.93557494099057,-0.2863589133572652,0.0,0.0,0.0,0.13896979152741748,0.9902966207368508,2.109685414190878,0.604005186290303,0.0,0.0,0.0,0.43347263562033017,1.0,2.0,0.6506515027130968,2.0,0.6506515027130968,2.858758048271358,1.0,0.8587580482713579,0.3493484972869032,0.8400598168373108,0.9177039861679077,-0.4015277624130249,-0.29028990864753723,1.0,0.0,20.0,1.0,1.1414015293121338,0.299588680267334,0.25731379868946824,321.40666905599477,131.00306660609874,321.0,131.0,12.84988522529602,12.769754648208618,12.789596557617188,528,8,470100007d000000,327,125,12.809585332870483,1,1,1,1,1,1779078369.874387
12.851628875732471,1,sine_high_wl5m,2.0,-0.21338191573398793,0.3881779909133911,0.3985971510410309,-0.11123046278953552,30.221673763028253,-0.19517988275418413,0.0,0.0,0.0,0.16849874136167098,0.9857018688018871,2.1890101514666167,0.7709188995410333,0.0,0.0,0.0,0.539369523527518,1.0,2.0,0.6506515027130968,2.0,0.6506515027130968,2.858758048271358,1.0,0.8587580482713579,0.3493484972869032,0.8400598168373108,0.9177039861679077,-0.4015277624130249,-0.29028990864753723,1.0,0.0,20.0,1.0,1.1414015293121338,0.299588680267334,0.25731379868946824,321.40666905599477,131.00306660609874,321.0,131.0,12.84988522529602,12.869748830795288,12.889639854431152,528,8,4401000080000000,324,128,12.809585332870483,1,1,1,1,1,1779078369.874387
12.901628875732472,1,sine_high_wl5m,2.0,-0.35004729426888787,0.26041367650032043,0.2779105007648468,-0.10804827511310577,30.221673763028253,-0.19517988275418413,0.0,0.0,0.0,0.16849874136167098,0.9857018688018871,2.1890101514666167,0.7709188995410333,0.0,0.0,0.0,0.539369523527518,1.0,2.0,0.8023008232807181,2.0,0.8023008232807181,2.8527705807244983,1.0,0.8527705807244983,0.19769917671928194,0.8476434946060181,0.9029334187507629,-0.4181324243545532,-0.3099204897880554,1.0,0.0,20.0,1.0,1.1415791511535645,0.5456104874610901,-0.0727211875190951,325.18050951352825,127.24711164836403,325.0,127.0,12.949878931045532,12.869748830795288,12.889639854431152,528,8,4401000080000000,324,128,12.909564733505249,1,1,1,1,1,1779078369.9738781
12.951628875732473,1,sine_high_wl5m,2.0,-0.4368966707868784,0.26041367650032043,0.2779105007648468,-0.10804827511310577,30.397122863131322,-0.1292843204435811,0.0,0.0,0.0,0.1862838886778254,0.9824959607138686,2.20922891431724,0.8689910622410447,0.0,0.0,0.0,0.40225511176706763,1.0,2.0,0.8023008232807181,2.0,0.8023008232807181,2.8527705807244983,1.0,0.8527705807244983,0.19769917671928194,0.8476434946060181,0.9029334187507629,-0.4181324243545532,-0.3099204897880554,1.0,0.0,20.0,1.0,1.1415791511535645,0.5456104874610901,-0.0727211875190951,325.18050951352825,127.24711164836403,325.0,127.0,12.949878931045532,12.969768047332764,12.989646911621094,528,8,4001000084000000,320,132,12.909564733505249,1,1,1,1,1,1779078369.9738781
13.001628875732473,1,sine_high_wl5m,2.0,-0.5586633091209388,0.17437085509300232,0.18721158802509308,-0.11267191171646118,30.397122863131322,-0.1292843204435811,0.0,0.0,0.0,0.1862838886778254,0.9824959607138686,2.20922891431724,0.8689910622410447,0.0,0.0,0.0,0.40225511176706763,1.0,2.0,0.904343323108758,2.0,0.904343323108758,2.718711475786206,1.0,0.7187114757862059,0.09565667689124202,0.883741021156311,0.8586924076080322,-0.402636855840683,-0.3185103237628937,1.0,0.0,20.0,1.0,1.1425626277923584,0.7340373992919922,0.2912558319772879,327.6691930391179,124.77022283142641,328.0,125.0,13.0498685836792,12.969768047332764,12.989646911621094,528,8,4001000084000000,320,132,13.009560108184814,1,1,1,1,1,1779078370.0750499
13.051628875732474,1,sine_high_wl5m,2.0,-0.6329646438039599,0.17437085509300232,0.18721158802509308,-0.11267191171646118,30.581445965950333,-0.05286618645506788,0.0,0.0,0.0,0.2025528258553041,0.9792713376475546,2.24633937129393,0.9708009512289443,0.0,0.0,0.0,0.3653246435003916,1.0,2.0,0.904343323108758,2.0,0.904343323108758,2.718711475786206,1.0,0.7187114757862059,0.09565667689124202,0.883741021156311,0.8586924076080322,-0.402636855840683,-0.3185103237628937,1.0,0.0,20.0,1.0,1.1425626277923584,0.7340373992919922,0.2912558319772879,327.6691930391179,124.77022283142641,328.0,125.0,13.0498685836792,13.069797039031982,13.08974289894104,528,8,3a0100008b000000,314,139,13.009560108184814,1,1,1,1,1,1779078370.0750499
13.101628875732475,1,sine_high_wl5m,2.0,-0.7321990478786788,0.12071288377046585,0.11400941014289856,-0.11124612390995026,30.581445965950333,-0.05286618645506788,0.0,0.0,0.0,0.2025528258553041,0.9792713376475546,2.24633937129393,0.9708009512289443,0.0,0.0,0.0,0.3653246435003916,1.0,2.0,0.948145279199292,2.0,0.948145279199292,2.694931752261162,1.0,0.6949317522611622,0.051854720800707965,0.8921866416931152,0.847528874874115,-0.4043821096420288,-0.3215973675251007,1.0,0.0,20.0,1.0,1.1401653289794922,0.9092734456062317,0.10798462897180296,328.75171145439197,123.69283483518211,329.0,124.0,13.14987063407898,13.069797039031982,13.08974289894104,528,8,3a0100008b000000,314,139,13.109586000442505,1,1,1,1,1,1779078370.173809
13.151628875732476,1,sine_high_wl5m,2.0,-0.7892579032811947,0.12071288377046585,0.11400941014289856,-0.11124612390995026,30.773529794520158,0.03239934541341821,0.0,0.0,0.0,0.2100475438362231,0.9776911727781784,2.285772179170123,1.0296785757618017,0.0,0.0,0.0,0.06285296513020508,1.0,2.0,0.948145279199292,2.0,0.948145279199292,2.694931752261162,1.0,0.6949317522611622,0.051854720800707965,0.8921866416931152,0.847528874874115,-0.4043821096420288,-0.3215973675251007,1.0,0.0,20.0,1.0,1.1401653289794922,0.9092734456062317,0.10798462897180296,328.75171145439197,123.69283483518211,329.0,124.0,13.14987063407898,13.17003870010376,13.189664602279663,528,8,2d01000097000000,301,151,13.109586000442505,1,1,1,1,1,1779078370.173809
13.201628875732476,1,sine_high_wl5m,2.0,-0.859738071133035,0.07644526660442352,0.06879151612520218,-0.11294117569923401,30.773529794520158,0.03239934541341821,0.0,0.0,0.0,0.2100475438362231,0.9776911727781784,2.285772179170123,1.0296785757618017,0.0,0.0,0.0,0.06285296513020508,1.0,2.0,0.9331143415467515,2.0,0.9331143415467515,2.536792347898485,1.0,0.5367923478984848,0.06688565845324845,0.9329670071601868,0.8280225992202759,-0.3667435646057129,-0.3179319500923157,1.0,0.0,20.0,1.0,1.1415815353393555,1.0757890939712524,0.3528884132675642,328.3784590283704,124.06431829236001,328.0,124.0,13.249868154525757,13.17003870010376,13.189664602279663,528,8,2d01000097000000,301,151,13.209597110748291,1,1,1,1,1,1779078370.2741203
13.251628875732477,1,sine_high_wl5m,2.0,-0.8959547408384332,0.07644526660442352,0.06879151612520218,-0.11294117569923401,31.200996373056185,0.22281724553141433,0.0,0.0,0.0,0.20353245789608884,0.9790681991479331,2.2931834954892683,0.9964958434067426,0.0,0.0,0.0,-0.1274669851967906,1.0,2.0,0.9331143415467515,2.0,0.9331143415467515,2.536792347898485,1.0,0.5367923478984848,0.06688565845324845,0.9329670071601868,0.8280225992202759,-0.3667435646057129,-0.3179319500923157,1.0,0.0,20.0,1.0,1.1415815353393555,1.0757890939712524,0.3528884132675642,328.3784590283704,124.06431829236001,328.0,124.0,13.249868154525757,13.269737243652344,13.289640426635742,528,8,a50000001f010000,165,287,13.209597110748291,1,1,1,1,1,1779078370.2741203
13.301628875732478,1,sine_high_wl5m,2.0,-0.9332331156023835,0.05048549547791481,0.03176221251487732,-0.11202707141637802,31.200996373056185,0.22281724553141433,0.0,0.0,0.0,0.20353245789608884,0.9790681991479331,2.2931834954892683,0.9964958434067426,0.0,0.0,0.0,-0.1274669851967906,1.0,2.0,0.8594441249995404,2.0,0.8594441249995404,2.3929231001639764,1.0,0.39292310016397636,0.14055587500045963,0.9690410494804382,0.8320093154907227,-0.31884071230888367,-0.30546876788139343,1.0,0.0,20.0,1.0,1.1414084434509277,1.2446671724319458,0.3448115349173016,326.5716454604388,125.86256876281324,327.0,126.0,13.350300312042236,13.269737243652344,13.289640426635742,528,8,a50000001f010000,165,287,13.309541940689087,1,1,1,1,1,1779078370.3740385
13.351628875732478,1,sine_high_wl5m,2.0,-0.9463936444913102,0.05048549547791481,0.03176221251487732,-0.11202707141637802,31.41326077799166,0.3130541752245613,0.0,0.0,0.0,0.19599231781268536,0.9806054310263692,2.283692072359998,0.9508615972649835,0.0,0.0,0.0,-0.19373703427739208,1.0,2.0,0.8594441249995404,2.0,0.8594441249995404,2.3929231001639764,1.0,0.39292310016397636,0.14055587500045963,0.9690410494804382,0.8320093154907227,-0.31884071230888367,-0.30546876788139343,1.0,0.0,20.0,1.0,1.1414084434509277,1.2446671724319458,0.3448115349173016,326.5716454604388,125.86256876281324,327.0,126.0,13.350300312042236,13.369999408721924,13.389647960662842,528,8,9300000031010000,147,305,13.309541940689087,1,1,1,1,1,1779078370.3740385
13.401628875732479,1,sine_high_wl5m,2.0,-0.9481028234657556,0.03038829378783703,0.01034569088369608,-0.11299499869346619,31.41326077799166,0.3130541752245613,0.0,0.0,0.0,0.19599231781268536,0.9806054310263692,2.283692072359998,0.9508615972649835,0.0,0.0,0.0,-0.19373703427739208,1.0,2.0,0.7317589330347866,2.0,0.7317589330347866,2.295051803526503,1.0,0.29505180352650306,0.26824106696521344,0.9901579022407532,0.8504951000213623,-0.27246367931365967,-0.28003430366516113,1.0,0.0,20.0,1.0,1.1415038108825684,1.373401403427124,0.30390259358201605,323.45053255361364,128.9688896653406,323.0,129.0,13.449850797653198,13.369999408721924,13.389647960662842,528,8,9300000031010000,147,305,13.409581899642944,1,1,1,1,1,1779078370.4738574
13.45162887573248,1,sine_high_wl5m,2.0,-0.9372981164992018,0.03038829378783703,0.01034569088369608,-0.11299499869346619,31.526557808947913,0.359535122380698,0.0,0.0,0.0,0.19086218943331829,0.9816168420747069,2.3058416088236835,0.9319111963473375,0.0,0.0,0.0,-0.22862967929330316,1.0,2.0,0.7317589330347866,2.0,0.7317589330347866,2.295051803526503,1.0,0.29505180352650306,0.26824106696521344,0.9901579022407532,0.8504951000213623,-0.27246367931365967,-0.28003430366516113,1.0,0.0,20.0,1.0,1.1415038108825684,1.373401403427124,0.30390259358201605,323.45053255361364,128.9688896653406,323.0,129.0,13.449850797653198,13.469740867614746,13.489615678787231,528,8,8c00000038010000,140,312,13.409581899642944,1,1,1,1,1,1779078370.4738574
13.50162887573248,1,sine_high_wl5m,2.0,-0.9033958492466179,0.02225527912378311,-0.011502382345497608,-0.11158207058906555,31.526557808947913,0.359535122380698,0.0,0.0,0.0,0.19086218943331829,0.9816168420747069,2.3058416088236835,0.9319111963473375,0.0,0.0,0.0,-0.22862967929330316,1.0,2.0,0.5581316901653882,2.0,0.5581316901653882,2.1775427272758314,0.9082202680445624,0.17754272727583142,0.35008857787917413,1.0124019384384155,0.8644593954086304,-0.20454847812652588,-0.22698785364627838,1.0,0.0,20.0,1.0,1.1413679122924805,1.4996874332427979,0.484940243309506,318.93570976882745,133.46231518574393,319.0,133.0,13.550106763839722,13.469740867614746,13.489615678787231,528,8,8c00000038010000,140,312,13.509571313858032,1,1,1,1,1,1779078370.5744417
13.551628875732481,1,sine_high_wl5m,2.0,-0.8693454867390193,0.02225527912378311,-0.011502382345497608,-0.11158207058906555,31.70697315887615,0.43021005082200414,0.0,0.0,0.0,0.1807702569136143,0.9835253500624098,2.312066373643082,0.8796228409847858,0.0,0.0,0.0,-0.26975876209953736,1.0,2.0,0.5581316901653882,2.0,0.5581316901653882,2.1775427272758314,0.9082202680445624,0.17754272727583142,0.35008857787917413,1.0124019384384155,0.8644593954086304,-0.20454847812652588,-0.22698785364627838,1.0,0.0,20.0,1.0,1.1413679122924805,1.4996874332427979,0.484940243309506,318.93570976882745,133.46231518574393,319.0,133.0,13.550106763839722,13.56980013847351,13.589719295501709,528,8,870000003d010000,135,317,13.509571313858032,1,1,1,1,1,1779078370.5744417
13.601628875732482,1,sine_high_wl5m,2.0,-0.8019196817560709,0.016090471297502518,-0.01929352432489395,-0.11172686517238617,31.70697315887615,0.43021005082200414,0.0,0.0,0.0,0.1807702569136143,0.9835253500624098,2.312066373643082,0.8796228409847858,0.0,0.0,0.0,-0.26975876209953736,1.0,2.0,0.34939097251836015,2.0,0.34939097251836015,2.0694017471612116,0.5786737258991739,0.06940174716121161,0.22928275338081372,1.026046872138977,0.8555833697319031,-0.12330318987369537,-0.14571264386177063,1.0,0.0,20.0,1.0,1.1412811279296875,1.5830613374710083,0.4355839538758158,312.11408176965136,140.25161319440258,312.0,140.0,13.64986777305603,13.56980013847351,13.589719295501709,528,8,870000003d010000,135,317,13.609569311141968,1,1,1,1,1,1779078370.673864
13.651628875732483,1,sine_high_wl5m,2.0,-0.7467729637383207,0.016090471297502518,-0.01929352432489395,-0.11172686517238617,32.03676788755375,0.5465323588455202,0.0,0.0,0.0,0.15685631640198572,0.9876214335487055,2.358334842984787,0.7684973511421834,0.0,0.0,0.0,-0.42107891348757676,1.0,2.0,0.34939097251836015,2.0,0.34939097251836015,2.0694017471612116,0.5786737258991739,0.06940174716121161,0.22928275338081372,1.026046872138977,0.8555833697319031,-0.12330318987369537,-0.14571264386177063,1.0,0.0,20.0,1.0,1.1412811279296875,1.5830613374710083,0.4355839538758158,312.11408176965136,140.25161319440258,312.0,140.0,13.64986777305603,13.669725179672241,13.689817428588867,528,8,8400000040010000,132,320,13.609569311141968,1,1,1,1,1,1779078370.673864
13.701628875732483,1,sine_high_wl5m,2.0,-0.6500688785599199,0.010098216123878956,-0.018691696226596832,-0.11095364391803741,32.03676788755375,0.5465323588455202,0.0,0.0,0.0,0.15685631640198572,0.9876214335487055,2.358334842984787,0.7684973511421834,0.0,0.0,0.0,-0.42107891348757676,1.0,2.0,0.11872422509426761,2.0,0.11872422509426761,1.9465005018616472,0.24638942565254138,-0.05349949813835275,0.12766520055827377,1.0297996997833252,0.7592920064926147,-0.004505632445216179,-0.06835729628801346,1.0,0.0,20.0,1.0,1.139737844467163,1.638218879699707,0.48893293687863804,295.32320354582225,156.96291379631785,295.0,157.0,13.75039553642273,13.669725179672241,13.689817428588867,528,8,8400000040010000,132,320,13.709562540054321,1,1,1,1,1,1779078370.7738328
13.751628875732484,1,sine_high_wl5m,2.0,-0.5772433657742478,0.010098216123878956,-0.018691696226596832,-0.11095364391803741,32.38238102174732,0.6464564180525773,0.0,0.0,0.0,0.12392949971050012,0.9922910254061079,2.3784168463948383,0.6035053867602241,0.0,0.0,0.0,-0.5168008106027224,1.0,2.0,0.11872422509426761,2.0,0.11872422509426761,1.9465005018616472,0.24638942565254138,-0.05349949813835275,0.12766520055827377,1.0297996997833252,0.7592920064926147,-0.004505632445216179,-0.06835729628801346,1.0,0.0,20.0,1.0,1.139737844467163,1.638218879699707,0.48893293687863804,295.32320354582225,156.96291379631785,295.0,157.0,13.75039553642273,13.770174741744995,13.789846658706665,528,8,8200000042010000,130,322,13.709562540054321,1,1,1,1,1,1779078370.7738328
13.801628875732485,1,sine_high_wl5m,2.0,-0.45726762460454834,0.012563596479594707,-0.016794532537460327,-0.11109283566474915,32.38238102174732,0.6464564180525773,0.0,0.0,0.0,0.12392949971050012,0.9922910254061079,2.3784168463948383,0.6035053867602241,0.0,0.0,0.0,-0.5168008106027224,1.0,2.0,-0.11939067362790907,2.0,-0.11939067362790907,1.929408577867819,-0.14833832385416357,-0.07059142213218106,-0.028947650226254493,1.0073145627975464,0.66070157289505,0.05647864192724228,-0.021383309736847878,1.0,0.0,20.0,1.0,1.1397786140441895,1.7011164426803589,0.4397403847178582,158.5631176547489,293.0748476215567,159.0,293.0,13.849971771240234,13.770174741744995,13.789846658706665,528,8,8200000042010000,130,322,13.809724569320679,1,1,1,1,1,1779078370.8741252
13.851628875732485,1,sine_high_wl5m,2.0,-0.3713631694382273,0.012563596479594707,-0.016794532537460327,-0.11109283566474915,32.61523315123553,0.6988959227484572,0.0,0.0,0.0,0.09895470656370506,0.9950919384905552,2.4383328594770037,0.48979267987059494,0.0,0.0,0.0,-0.48785122085876764,1.0,2.0,-0.11939067362790907,2.0,-0.11939067362790907,1.929408577867819,-0.14833832385416357,-0.07059142213218106,-0.028947650226254493,1.0073145627975464,0.66070157289505,0.05647864192724228,-0.021383309736847878,1.0,0.0,20.0,1.0,1.1397786140441895,1.7011164426803589,0.4397403847178582,158.5631176547489,293.0748476215567,159.0,293.0,13.849971771240234,13.869888305664062,13.88962984085083,528,8,8100000043010000,129,323,13.809724569320679,1,1,1,1,1,1779078370.8741252
13.901628875732486,1,sine_high_wl5m,2.0,-0.2357966270288976,0.011232584714889526,-0.01541120745241642,-0.11064334958791733,32.61523315123553,0.6988959227484572,0.0,0.0,0.0,0.09895470656370506,0.9950919384905552,2.4383328594770037,0.48979267987059494,0.0,0.0,0.0,-0.48785122085876764,1.0,2.0,-0.35004729426888787,2.0,-0.35004729426888787,1.9244198242256574,-0.7008490043621571,-0.07558017577434262,-0.35080171009326927,1.0179572105407715,0.5918532609939575,0.04102296382188797,0.0647524744272232,1.0,0.0,20.0,1.0,1.1398632526397705,1.7454687356948853,0.13407613989198028,145.30341009593914,306.271712964448,145.0,306.0,13.950001001358032,13.869888305664062,13.88962984085083,528,8,8100000043010000,129,323,13.909645557403564,1,1,1,1,1,1779078370.9738896
13.951628875732487,1,sine_high_wl5m,2.0,-0.14230509610099823,0.011232584714889526,-0.01541120745241642,-0.11064334958791733,32.774827381800314,0.7281075781658616,0.0,0.0,0.0,0.08210128579213971,0.9966239907162969,2.479751583610018,0.4113524805447882,0.0,0.0,0.0,-0.5609224722903787,1.0,2.0,-0.35004729426888787,2.0,-0.35004729426888787,1.9244198242256574,-0.7008490043621571,-0.07558017577434262,-0.35080171009326927,1.0179572105407715,0.5918532609939575,0.04102296382188797,0.0647524744272232,1.0,0.0,20.0,1.0,1.1398632526397705,1.7454687356948853,0.13407613989198028,145.30341009593914,306.271712964448,145.0,306.0,13.950001001358032,13.969829559326172,13.989635944366455,528,8,8200000042010000,130,322,13.909645557403564,1,1,1,1,1,1779078370.9738896
14.001628875732488,1,s1_stop,0.0,0.0,0.011146907694637775,-0.015138117596507072,-0.11163376271724701,32.774827381800314,0.7281075781658616,0.0,0.0,0.0,0.08210128579213971,0.9966239907162969,2.479751583610018,0.4113524805447882,0.0,0.0,0.0,-0.5609224722903787,1.0,2.0,-0.5586633091209388,2.0,-0.5586633091209388,1.8748929775689074,-1.0,-0.12510702243109262,-0.44133669087906124,1.050085425376892,0.5024861097335815,0.03120221011340618,0.160987988114357,1.0,0.0,20.0,1.0,1.1399600505828857,1.77051842212677,-0.1298476554220426,138.72085925446706,312.8230668825007,139.0,313.0,14.05101203918457,13.969829559326172,13.989635944366455,528,8,8200000042010000,130,322,14.010583877563477,1,1,1,1,1,1779078371.074067
14.051628875732488,1,s1_stop,0.0,0.0,0.011146907694637775,-0.015138117596507072,-0.11163376271724701,33.00121102444894,0.7594518124101242,0.0,0.0,0.0,0.056536159394256026,0.9984005522238794,2.53060631645499,0.2875218896095828,0.0,0.0,0.0,-0.6125378581417248,1.0,2.0,-0.5586633091209388,2.0,-0.5586633091209388,1.8748929775689074,-1.0,-0.12510702243109262,-0.44133669087906124,1.050085425376892,0.5024861097335815,0.03120221011340618,0.160987988114357,1.0,0.0,20.0,1.0,1.1399600505828857,1.77051842212677,-0.1298476554220426,138.72085925446706,312.8230668825007,139.0,313.0,14.05101203918457,14.07090425491333,14.090801239013672,528,8,8400000040010000,132,320,14.010583877563477,1,1,1,1,1,1779078371.074067
14.101628875732489,1,s1_stop,0.0,0.0,0.04690234363079071,0.026211895048618317,-0.11234115064144135,33.00121102444894,0.7594518124101242,0.0,0.0,0.0,0.056536159394256026,0.9984005522238794,2.53060631645499,0.2875218896095828,0.0,0.0,0.0,-0.6125378581417248,1.0,2.0,-0.7321990478786788,2.0,-0.7321990478786788,1.795071345195598,-1.0,-0.20492865480440203,-0.26780095212132116,1.0958260297775269,0.4135669469833374,0.032914094626903534,0.23226724565029144,1.0,0.0,20.0,1.0,1.1400134563446045,1.8003981113433838,-0.13730087228379206,134.24759930993102,317.27512654293946,134.0,317.0,14.150994062423706,14.07090425491333,14.090801239013672,528,8,8400000040010000,132,320,14.110710382461548,1,1,1,1,1,1779078371.1737816
14.15162887573249,1,s1_stop,0.0,0.0,0.04690234363079071,0.026211895048618317,-0.11234115064144135,33.233763080448455,0.7794010258848388,0.0,0.0,0.0,0.030855045834704536,0.9995238697232489,2.548675470126194,0.15750400990371058,0.0,0.0,0.0,-0.5346009071343282,1.0,2.0,-0.7321990478786788,2.0,-0.7321990478786788,1.795071345195598,-1.0,-0.20492865480440203,-0.26780095212132116,1.0958260297775269,0.4135669469833374,0.032914094626903534,0.23226724565029144,1.0,0.0,20.0,1.0,1.1400134563446045,1.8003981113433838,-0.13730087228379206,134.24759930993102,317.27512654293946,134.0,317.0,14.150994062423706,14.17085337638855,14.190754413604736,528,8,870000003c010000,135,316,14.110710382461548,1,1,1,1,1,1779078371.1737816
14.20162887573249,1,s1_stop,0.0,0.0,0.20171144604682922,0.15007787942886353,-0.09920569509267807,33.233763080448455,0.7794010258848388,0.0,0.0,0.0,0.030855045834704536,0.9995238697232489,2.548675470126194,0.15750400990371058,0.0,0.0,0.0,-0.5346009071343282,1.0,2.0,-0.859738071133035,2.0,-0.859738071133035,1.7843938738096863,-1.0,-0.21560612619031372,-0.14026192886696498,1.1062885522842407,0.3823143243789673,0.02594548463821411,0.2511385679244995,1.0,0.0,20.0,1.0,1.1398701667785645,1.7763066291809082,-0.16234146595408364,131.1561320940405,320.3519422554371,131.0,320.0,14.251012563705444,14.17085337638855,14.190754413604736,528,8,870000003c010000,135,316,14.210768938064575,1,1,1,1,1,1779078371.2738562
14.251628875732491,1,s1_stop,0.0,0.0,0.20171144604682922,0.15007787942886353,-0.09920569509267807,33.58814910313337,0.7876200327118358,0.0,0.0,0.0,-0.0043840675948544116,0.9999903899294852,2.520191511215904,-0.022098016966842344,0.0,0.0,0.0,-0.454225346741683,1.0,2.0,-0.859738071133035,2.0,-0.859738071133035,1.7843938738096863,-1.0,-0.21560612619031372,-0.14026192886696498,1.1062885522842407,0.3823143243789673,0.02594548463821411,0.2511385679244995,1.0,0.0,20.0,1.0,1.1398701667785645,1.7763066291809082,-0.16234146595408364,131.1561320940405,320.3519422554371,131.0,320.0,14.251012563705444,14.271015882492065,14.290855169296265,528,8,8c00000037010000,140,311,14.210768938064575,1,1,1,1,1,1779078371.2738562
14.301628875732492,1,s1_stop,0.0,0.0,0.41026586294174194,0.36022013425827026,-0.10639691352844238,33.58814910313337,0.7876200327118358,0.0,0.0,0.0,-0.0043840675948544116,0.9999903899294852,2.520191511215904,-0.022098016966842344,0.0,0.0,0.0,-0.454225346741683,1.0,2.0,-0.9332331156023835,2.0,-0.9332331156023835,1.7957887650235742,-1.0,-0.2042112349764258,-0.06676688439761647,1.1050024032592773,0.3774198293685913,0.01564909890294075,0.24866655468940735,1.0,0.0,20.0,1.0,1.1399343013763428,1.7474483251571655,-0.2816493895139557,129.3809781505779,322.1186831470349,129.0,322.0,14.351047992706299,14.271015882492065,14.290855169296265,528,8,8c00000037010000,140,311,14.31204080581665,1,1,1,1,1,1779078371.3738267
14.351628875732493,1,s1_stop,0.0,0.0,0.41026586294174194,0.36022013425827026,-0.10639691352844238,33.87211967475091,0.7771085784491987,0.0,0.0,0.0,-0.031004979833173893,0.9995192300428964,2.316331270156909,-0.14384310823511018,0.0,0.0,0.0,-0.4115272895294144,1.0,2.0,-0.9332331156023835,2.0,-0.9332331156023835,1.7957887650235742,-1.0,-0.2042112349764258,-0.06676688439761647,1.1050024032592773,0.3774198293685913,0.01564909890294075,0.24866655468940735,1.0,0.0,20.0,1.0,1.1399343013763428,1.7474483251571655,-0.2816493895139557,129.3809781505779,322.1186831470349,129.0,322.0,14.351047992706299,14.370943069458008,14.392021179199219,528,8,940000002f010000,148,303,14.31204080581665,1,1,1,1,1,1779078371.3738267
14.401628875732493,1,s1_stop,0.0,0.0,0.6541357040405273,0.589338481426239,-0.08887510001659393,33.87211967475091,0.7771085784491987,0.0,0.0,0.0,-0.031004979833173893,0.9995192300428964,2.316331270156909,-0.14384310823511018,0.0,0.0,0.0,-0.4115272895294144,1.0,2.0,-0.9481028234657556,2.0,-0.9481028234657556,1.7850879988445865,-1.0,-0.21491200115541353,-0.051897176534244416,1.1127376556396484,0.3700840473175049,0.013665365055203438,0.25508880615234375,1.0,0.0,20.0,1.0,1.1403584480285645,1.733790397644043,-0.3268597608005415,129.0191247874356,322.4788215653282,129.0,322.0,14.451089859008789,14.370943069458008,14.392021179199219,528,8,940000002f010000,148,303,14.410705327987671,1,1,1,1,1,1779078371.4743714
14.451628875732494,1,s1_stop,0.0,0.0,0.6541357040405273,0.589338481426239,-0.08887510001659393,34.07061413447388,0.7605520323922967,0.0,0.0,0.0,-0.05149539497694664,0.9986732319914098,2.1100477309344043,-0.2181843071082982,0.0,0.0,0.0,-0.4085160405177568,1.0,2.0,-0.9481028234657556,2.0,-0.9481028234657556,1.7850879988445865,-1.0,-0.21491200115541353,-0.051897176534244416,1.1127376556396484,0.3700840473175049,0.013665365055203438,0.25508880615234375,1.0,0.0,20.0,1.0,1.1403584480285645,1.733790397644043,-0.3268597608005415,129.0191247874356,322.4788215653282,129.0,322.0,14.451089859008789,14.470966100692749,14.490912675857544,528,8,aa00000019010000,170,281,14.410705327987671,1,1,1,1,1,1779078371.4743714
14.501628875732495,1,s1_stop,0.0,0.0,0.8237825036048889,0.7748650312423706,-0.118125319480896,34.07061413447388,0.7605520323922967,0.0,0.0,0.0,-0.05149539497694664,0.9986732319914098,2.1100477309344043,-0.2181843071082982,0.0,0.0,0.0,-0.4085160405177568,1.0,2.0,-0.9033958492466179,2.0,-0.9033958492466179,1.7873055060009582,-1.0,-0.21269449399904183,-0.09660415075338213,1.1203734874725342,0.38353490829467773,-0.002449702937155962,0.24193912744522095,1.0,0.0,20.0,1.0,1.1399211883544922,1.7554103136062622,-0.43655742453524243,130.1036454671857,321.399440794013,130.0,321.0,14.551101207733154,14.470966100692749,14.490912675857544,528,8,aa00000019010000,170,281,14.510710954666138,1,1,1,1,1,1779078371.5739741
14.551628875732495,1,s1_stop,0.0,0.0,0.8237825036048889,0.7748650312423706,-0.118125319480896,34.23761092462266,0.7407080645017691,0.0,0.0,0.0,-0.06593586985691026,0.9978238627464331,1.9116848110430074,-0.25375502339201617,0.0,0.0,0.0,-0.35324824371697494,1.0,2.0,-0.9033958492466179,2.0,-0.9033958492466179,1.7873055060009582,-1.0,-0.21269449399904183,-0.09660415075338213,1.1203734874725342,0.38353490829467773,-0.002449702937155962,0.24193912744522095,1.0,0.0,20.0,1.0,1.1399211883544922,1.7554103136062622,-0.43655742453524243,130.1036454671857,321.399440794013,130.0,321.0,14.551101207733154,14.570952415466309,14.590829849243164,528,8,0000000000000000,0,0,14.510710954666138,1,1,1,1,1,1779078371.5739741
14.601628875732496,1,s1_stop,0.0,0.0,1.0041697025299072,0.9448794722557068,-0.10388980060815811,34.23761092462266,0.7407080645017691,0.0,0.0,0.0,-0.06593586985691026,0.9978238627464331,1.9116848110430074,-0.25375502339201617,0.0,0.0,0.0,-0.35324824371697494,1.0,2.0,-0.8019196817560709,2.0,-0.8019196817560709,1.8027416685903999,-1.0,-0.19725833140960014,-0.19808031824392913,1.1174838542938232,0.4037383794784546,-0.014534708112478256,0.22395597398281097,1.0,0.0,20.0,1.0,1.1398522853851318,1.7643369436264038,-0.5214656982368668,132.54980710738235,318.9648723369452,133.0,319.0,14.651017189025879,14.570952415466309,14.590829849243164,528,8,0000000000000000,0,0,14.610817193984985,1,1,1,1,1,1779078371.6738462
14.651628875732497,1,s1_stop,0.0,0.0,1.0041697025299072,0.9448794722557068,-0.10388980060815811,34.396038503923634,0.7175283773160992,0.0,0.0,0.0,-0.07732641069749278,0.9970058305790607,1.5900159194477588,-0.2481315226502131,0.0,0.0,0.0,-0.16708835092221158,1.0,2.0,-0.8019196817560709,2.0,-0.8019196817560709,1.8027416685903999,-1.0,-0.19725833140960014,-0.19808031824392913,1.1174838542938232,0.4037383794784546,-0.014534708112478256,0.22395597398281097,1.0,0.0,20.0,1.0,1.1398522853851318,1.7643369436264038,-0.5214656982368668,132.54980710738235,318.9648723369452,133.0,319.0,14.651017189025879,14.671173810958862,14.69105863571167,528,8,0000000000000000,0,0,14.610817193984985,1,1,1,1,1,1779078371.6738462
14.701628875732498,1,s1_stop,0.0,0.0,1.1537861824035645,1.1170376539230347,-0.08094272762537003,34.396038503923634,0.7175283773160992,0.0,0.0,0.0,-0.07732641069749278,0.9970058305790607,1.5900159194477588,-0.2481315226502131,0.0,0.0,0.0,-0.16708835092221158,1.0,2.0,-0.6500688785599199,2.0,-0.6500688785599199,1.7976091714421023,-1.0,-0.2023908285578977,-0.3499311214400801,1.1151188611984253,0.4230659008026123,-0.004547892138361931,0.2239280641078949,1.0,0.0,20.0,1.0,1.1408989429473877,1.802651286125183,-0.48785122085876764,136.30399604991536,315.2284757590687,136.0,315.0,14.75133728981018,14.671173810958862,14.69105863571167,528,8,0000000000000000,0,0,14.710864305496216,1,1,1,1,1,1779078371.7738338
14.751628875732498,1,s1_stop,0.0,0.0,1.1537861824035645,1.1170376539230347,-0.08094272762537003,34.457393087356934,0.7077467548131543,0.0,0.0,0.0,-0.08022077858280663,0.9967771198635973,1.4638275428984582,-0.23715420036435436,0.0,0.0,0.0,-0.12845478636207283,1.0,2.0,-0.6500688785599199,2.0,-0.6500688785599199,1.7976091714421023,-1.0,-0.2023908285578977,-0.3499311214400801,1.1151188611984253,0.4230659008026123,-0.004547892138361931,0.2239280641078949,1.0,0.0,20.0,1.0,1.1408989429473877,1.802651286125183,-0.48785122085876764,136.30399604991536,315.2284757590687,136.0,315.0,14.75133728981018,14.773198127746582,14.790971517562866,528,8,0000000000000000,0,0,14.710864305496216,1,1,1,1,1,1779078371.7738338
14.801628875732499,1,s1_stop,0.0,0.0,1.3208781480789185,1.2590278387069702,-0.09283361583948135,34.457393087356934,0.7077467548131543,0.0,0.0,0.0,-0.08022077858280663,0.9967771198635973,1.4638275428984582,-0.23715420036435436,0.0,0.0,0.0,-0.12845478636207283,1.0,2.0,-0.45726762460454834,2.0,-0.45726762460454834,1.8726676344114495,-1.0,-0.12733236558855054,-0.5427323753954516,1.0939536094665527,0.5020270347595215,-0.04861151799559593,0.18878315389156342,1.0,0.0,20.0,1.0,1.1398043632507324,1.8087457418441772,-0.5325774437887646,141.6670658217784,309.89082337948946,142.0,310.0,14.851034879684448,14.773198127746582,14.790971517562866,528,8,0000000000000000,0,0,14.810916662216187,1,1,1,1,1,1779078371.8738933
14.8516288757325,1,s1_stop,0.0,0.0,1.3208781480789185,1.2590278387069702,-0.09283361583948135,34.52953906326498,0.6958531628162657,0.0,0.0,0.0,-0.08260766222972703,0.9965821462081986,1.2921387834099096,-0.21569530169662243,0.0,0.0,0.0,-0.06190275287778147,1.0,2.0,-0.45726762460454834,2.0,-0.45726762460454834,1.8726676344114495,-1.0,-0.12733236558855054,-0.5427323753954516,1.0939536094665527,0.5020270347595215,-0.04861151799559593,0.18878315389156342,1.0,0.0,20.0,1.0,1.1398043632507324,1.8087457418441772,-0.5325774437887646,141.6670658217784,309.89082337948946,142.0,310.0,14.851034879684448,14.871034860610962,14.890921354293823,528,8,0000000000000000,0,0,14.810916662216187,1,1,1,1,1,1779078371.8738933
14.9016288757325,1,s1_stop,0.0,0.0,1.4677056074142456,1.397900938987732,-0.17997395992279053,34.52953906326498,0.6958531628162657,0.0,0.0,0.0,-0.08260766222972703,0.9965821462081986,1.2921387834099096,-0.21569530169662243,0.0,0.0,0.0,-0.06190275287778147,1.0,2.0,-0.2357966270288976,2.0,-0.2357966270288976,1.9726309532260402,-0.606735469090811,-0.027369046773959793,-0.3709388420619134,1.0646779537200928,0.6085816025733948,-0.10021668672561646,0.1334514170885086,1.0,0.0,20.0,1.0,1.140735149383545,1.8389275074005127,-0.5271073304547204,150.31663195877488,301.2822504469337,150.0,301.0,14.95132827758789,14.871034860610962,14.890921354293823,528,8,0000000000000000,0,0,14.910767555236816,1,1,1,1,1,1779078371.9738657
14.951628875732501,1,s1_stop,0.0,0.0,1.4677056074142456,1.397900938987732,-0.17997395992279053,34.56573907315032,0.6897824504533475,0.0,0.0,0.0,-0.08320376257016764,0.996532555360921,1.2066288659258695,-0.20290525965954775,0.0,0.0,0.0,-0.030027379288108457,1.0,2.0,-0.2357966270288976,2.0,-0.2357966270288976,1.9726309532260402,-0.606735469090811,-0.027369046773959793,-0.3709388420619134,1.0646779537200928,0.6085816025733948,-0.10021668672561646,0.1334514170885086,1.0,0.0,20.0,1.0,1.140735149383545,1.8389275074005127,-0.5271073304547204,150.31663195877488,301.2822504469337,150.0,301.0,14.95132827758789,14.972450971603394,14.990788221359253,528,8,0000000000000000,0,0,14.910767555236816,1,1,1,1,1,1779078371.9738657
15.001628875732502,1,s1_stop,0.0,0.0,1.5363609790802002,1.490873098373413,-0.09226475656032562,34.56573907315032,0.6897824504533475,0.0,0.0,0.0,-0.08320376257016764,0.996532555360921,1.2066288659258695,-0.20290525965954775,0.0,0.0,0.0,-0.030027379288108457,1.0,0.0,0.0,0.0,0.0,0.13971124657223405,-0.0879869299208111,0.13971124657223405,-0.0879869299208111,1.0286328792572021,0.7382904887199402,-0.14371158182621002,0.06495991349220276,1.0,0.0,20.0,1.0,1.1401326656341553,1.852234125137329,-0.5206222954135384,0.0,0.0,0.0,0.0,15.051012992858887,14.972450971603394,14.990788221359253,528,8,0000000000000000,0,0,15.010788440704346,1,1,1,1,1,1779078372.0750163
15.051628875732503,1,s1_stop,0.0,0.0,1.5363609790802002,1.490873098373413,-0.09226475656032562,34.59358963405452,0.685098731057418,0.0,0.0,0.0,-0.08309859940530012,0.9965413301900115,1.1345336837799223,-0.19053560662469443,0.0,0.0,0.0,0.038588610418838376,1.0,0.0,0.0,0.0,0.0,0.13971124657223405,-0.0879869299208111,0.13971124657223405,-0.0879869299208111,1.0286328792572021,0.7382904887199402,-0.14371158182621002,0.06495991349220276,1.0,0.0,20.0,1.0,1.1401326656341553,1.852234125137329,-0.5206222954135384,0.0,0.0,0.0,0.0,15.051012992858887,15.07093858718872,15.090872287750244,528,8,0000000000000000,0,0,15.010788440704346,1,1,1,1,1,1779078372.0750163
15.101628875732503,1,s1_stop,0.0,0.0,1.620693564414978,1.567705512046814,-0.06334502249956131,34.59358963405452,0.685098731057418,0.0,0.0,0.0,-0.08309859940530012,0.9965413301900115,1.1345336837799223,-0.19053560662469443,0.0,0.0,0.0,0.038588610418838376,1.0,0.0,0.0,0.0,0.0,-0.001508723742333764,0.22107486219785935,-0.001508723742333764,0.22107486219785935,1.1344048976898193,0.8126845955848694,0.0017115036025643349,-0.17966413497924805,1.0,0.0,20.0,1.0,1.141113042831421,1.8699836730957031,-0.44907484680507265,0.0,0.0,0.0,0.0,15.151082038879395,15.07093858718872,15.090872287750244,528,8,0000000000000000,0,0,15.110747337341309,1,1,1,1,1,1779078372.1750143
15.151628875732504,1,s1_stop,0.0,0.0,1.620693564414978,1.567705512046814,-0.06334502249956131,34.597016807149764,0.6845235654575715,0.0,0.0,0.0,-0.08304204506444204,0.9965460444713606,1.1214390561784038,-0.18820559963321987,0.0,0.0,0.0,0.03853895010034849,1.0,0.0,0.0,0.0,0.0,-0.001508723742333764,0.22107486219785935,-0.001508723742333764,0.22107486219785935,1.1344048976898193,0.8126845955848694,0.0017115036025643349,-0.17966413497924805,1.0,0.0,20.0,1.0,1.141113042831421,1.8699836730957031,-0.44907484680507265,0.0,0.0,0.0,0.0,15.151082038879395,15.171241283416748,15.190872430801392,528,8,0000000000000000,0,0,15.110747337341309,1,1,1,1,1,1779078372.1750143
15.201628875732505,1,s1_stop,0.0,0.0,1.6714268922805786,1.6212095022201538,-0.11061393469572067,34.597016807149764,0.6845235654575715,0.0,0.0,0.0,-0.08304204506444204,0.9965460444713606,1.1214390561784038,-0.18820559963321987,0.0,0.0,0.0,0.03853895010034849,1.0,0.0,0.0,0.0,0.0,0.0007583018408982543,0.22416574946710474,0.0007583018408982543,0.22416574946710474,1.1303175687789917,0.8124266862869263,-0.0008571218932047486,-0.1821182370185852,1.0,0.0,20.0,1.0,1.140859603881836,1.7991617918014526,-0.40585932544416237,0.0,0.0,0.0,0.0,15.251151084899902,15.171241283416748,15.190872430801392,528,8,0000000000000000,0,0,15.210805654525757,1,1,1,1,1,1779078372.2749822
15.251628875732505,1,s1_stop,0.0,0.0,1.6714268922805786,1.6212095022201538,-0.11061393469572067,34.602560547231086,0.6835941030544309,0.0,0.0,0.0,-0.08296194828996471,0.9965527156833869,1.108352695460013,-0.185826201217517,0.0,0.0,0.0,0.033579718094412965,1.0,0.0,0.0,0.0,0.0,0.0007583018408982543,0.22416574946710474,0.0007583018408982543,0.22416574946710474,1.1303175687789917,0.8124266862869263,-0.0008571218932047486,-0.1821182370185852,1.0,0.0,20.0,1.0,1.140859603881836,1.7991617918014526,-0.40585932544416237,0.0,0.0,0.0,0.0,15.251151084899902,15.27105450630188,15.290948629379272,528,8,0000000000000000,0,0,15.210805654525757,1,1,1,1,1,1779078372.2749822
15.301628875732506,1,s1_stop,0.0,0.0,1.7109243869781494,1.6993592977523804,-0.12429018318653107,34.602560547231086,0.6835941030544309,0.0,0.0,0.0,-0.08296194828996471,0.9965527156833869,1.108352695460013,-0.185826201217517,0.0,0.0,0.0,0.033579718094412965,1.0,0.0,0.0,0.0,0.0,0.0002355523647360797,0.22747836139452948,0.0002355523647360797,0.22747836139452948,1.125783920288086,0.8155674934387207,-0.0002651810646057129,-0.18552395701408386,1.0,0.0,20.0,1.0,1.1414227485656738,1.6480631828308105,-0.3802972797853566,0.0,0.0,0.0,0.0,15.3511962890625,15.27105450630188,15.290948629379272,528,8,0000000000000000,0,0,15.310797691345215,1,1,1,1,1,1779078372.3750494
15.351628875732507,1,s1_stop,0.0,0.0,1.7109243869781494,1.6993592977523804,-0.12429018318653107,34.60458141085868,0.6832554086459315,0.0,0.0,0.0,-0.08293240125371995,0.9965551750015109,1.0952469823831819,-0.18356212848520093,0.0,0.0,0.0,0.03175029359877757,1.0,0.0,0.0,0.0,0.0,0.0002355523647360797,0.22747836139452948,0.0002355523647360797,0.22747836139452948,1.125783920288086,0.8155674934387207,-0.0002651810646057129,-0.18552395701408386,1.0,0.0,20.0,1.0,1.1414227485656738,1.6480631828308105,-0.3802972797853566,0.0,0.0,0.0,0.0,15.3511962890625,15.371216773986816,15.390955209732056,528,8,0000000000000000,0,0,15.310797691345215,1,1,1,1,1,1779078372.3750494
15.401628875732507,1,s1_stop,0.0,0.0,1.7632761001586914,1.7644433975219727,-0.1202392429113388,34.60458141085868,0.6832554086459315,0.0,0.0,0.0,-0.08293240125371995,0.9965551750015109,1.0952469823831819,-0.18356212848520093,0.0,0.0,0.0,0.03175029359877757,1.0,0.0,0.0,0.0,0.0,-0.0038563248519739197,0.22351638102027283,-0.0038563248519739197,0.22351638102027283,1.1163432598114014,0.8217469453811646,0.004304982256144285,-0.1836739033460617,1.0,0.0,20.0,1.0,1.1411612033843994,1.4597266912460327,-0.33686806099859323,0.0,0.0,0.0,0.0,15.451341390609741,15.371216773986816,15.390955209732056,528,8,0000000000000000,0,0,15.41087007522583,1,1,1,1,1,1779078372.474962
15.451628875732508,1,s1_stop,0.0,0.0,1.7632761001586914,1.7644433975219727,-0.1202392429113388,34.61323886305938,0.6818071716406934,0.0,0.0,0.0,-0.08277889022362792,0.996567938142375,1.06906866852734,-0.17883607913849267,0.0,0.0,0.0,0.04250632638957444,1.0,0.0,0.0,0.0,0.0,-0.0038563248519739197,0.22351638102027283,-0.0038563248519739197,0.22351638102027283,1.1163432598114014,0.8217469453811646,0.004304982256144285,-0.1836739033460617,1.0,0.0,20.0,1.0,1.1411612033843994,1.4597266912460327,-0.33686806099859323,0.0,0.0,0.0,0.0,15.451341390609741,15.471168279647827,15.490955114364624,528,8,0000000000000000,0,0,15.41087007522583,1,1,1,1,1,1779078372.474962
15.501628875732509,1,s1_stop,0.0,0.0,1.7931702136993408,1.7937145233154297,-0.08629028499126434,34.61323886305938,0.6818071716406934,0.0,0.0,0.0,-0.08277889022362792,0.996567938142375,1.06906866852734,-0.17883607913849267,0.0,0.0,0.0,0.04250632638957444,1.0,0.0,0.0,0.0,0.0,-0.00792426440692222,0.21884595027611062,-0.00792426440692222,0.21884595027611062,1.1012438535690308,0.8327814936637878,0.008726547472178936,-0.18225085735321045,1.0,0.0,20.0,1.0,1.140838384628296,1.2460013628005981,-0.1267272882365976,0.0,0.0,0.0,0.0,15.551149368286133,15.471168279647827,15.490955114364624,528,8,0000000000000000,0,0,15.510786294937134,1,1,1,1,1,1779078372.575039
15.55162887573251,1,s1_stop,0.0,0.0,1.7931702136993408,1.7937145233154297,-0.08629028499126434,34.614278759980124,0.6816332746860227,0.0,0.0,0.0,-0.0827512896288044,0.9965702303725361,1.0625198085875447,-0.1776800712698206,0.0,0.0,0.0,0.04491049396054561,1.0,0.0,0.0,0.0,0.0,-0.00792426440692222,0.21884595027611062,-0.00792426440692222,0.21884595027611062,1.1012438535690308,0.8327814936637878,0.008726547472178936,-0.18225085735321045,1.0,0.0,20.0,1.0,1.140838384628296,1.2460013628005981,-0.1267272882365976,0.0,0.0,0.0,0.0,15.551149368286133,15.571045398712158,15.590929508209229,528,8,0000000000000000,0,0,15.510786294937134,1,1,1,1,1,1779078372.575039
15.60162887573251,1,s1_stop,0.0,0.0,1.7885301113128662,1.796104073524475,-0.09244713932275772,34.614278759980124,0.6816332746860227,0.0,0.0,0.0,-0.0827512896288044,0.9965702303725361,1.0625198085875447,-0.1776800712698206,0.0,0.0,0.0,0.04491049396054561,1.0,0.0,0.0,0.0,0.0,-0.007750209250374645,0.21217096118430984,-0.007750209250374645,0.21217096118430984,1.0532983541488647,0.8426133394241333,0.00816328264772892,-0.17877808213233948,1.0,0.0,20.0,1.0,1.141270399093628,0.967224657535553,-0.0033405693551494184,0.0,0.0,0.0,0.0,15.651064157485962,15.571045398712158,15.590929508209229,528,8,0000000000000000,0,0,15.610793352127075,1,1,1,1,1,1779078372.6750326
15.651628875732511,1,s1_stop,0.0,0.0,1.7885301113128662,1.796104073524475,-0.09244713932275772,34.62262896202818,0.6802407746820631,0.0,0.0,0.0,-0.0825269606912696,0.9965888323471529,1.0494811773632666,-0.1750140338190091,0.0,0.0,0.0,0.06445540996016805,1.0,0.0,0.0,0.0,0.0,-0.007750209250374645,0.21217096118430984,-0.007750209250374645,0.21217096118430984,1.0532983541488647,0.8426133394241333,0.00816328264772892,-0.17877808213233948,1.0,0.0,20.0,1.0,1.141270399093628,0.967224657535553,-0.0033405693551494184,0.0,0.0,0.0,0.0,15.651064157485962,15.671094417572021,15.690840244293213,528,8,0000000000000000,0,0,15.610793352127075,1,1,1,1,1,1779078372.6750326
15.701628875732512,1,s1_stop,0.0,0.0,1.7621649503707886,1.7655305862426758,-0.10332340002059937,34.62262896202818,0.6802407746820631,0.0,0.0,0.0,-0.0825269606912696,0.9965888323471529,1.0494811773632666,-0.1750140338190091,0.0,0.0,0.0,0.06445540996016805,1.0,0.0,0.0,0.0,0.0,-0.0015653929936589258,0.20965718918547022,-0.0015653929936589258,0.20965718918547022,1.0002484321594238,0.8420785665512085,0.0015657818876206875,-0.1765478253364563,1.0,0.0,20.0,1.0,1.1412484645843506,0.7264679074287415,0.07288695805649113,0.0,0.0,0.0,0.0,15.751043796539307,15.671094417572021,15.690840244293213,528,8,0000000000000000,0,0,15.71074628829956,1,1,1,1,1,1779078372.7751033
15.751628875732512,1,s1_stop,0.0,0.0,1.7621649503707886,1.7655305862426758,-0.10332340002059937,34.623658094617944,0.6800692193541515,0.0,0.0,0.0,-0.08249618607132783,0.996591380297705,1.0363733343969972,-0.1727623524803396,0.0,0.0,0.0,0.06570309157493495,1.0,0.0,0.0,0.0,0.0,-0.0015653929936589258,0.20965718918547022,-0.0015653929936589258,0.20965718918547022,1.0002484321594238,0.8420785665512085,0.0015657818876206875,-0.1765478253364563,1.0,0.0,20.0,1.0,1.1412484645843506,0.7264679074287415,0.07288695805649113,0.0,0.0,0.0,0.0,15.751043796539307,15.77156949043274,15.790955066680908,528,8,0000000000000000,0,0,15.71074628829956,1,1,1,1,1,1779078372.7751033
15.801628875732513,1,s1_stop,0.0,0.0,1.7329961061477661,1.7642796039581299,-0.08460944890975952,34.623658094617944,0.6800692193541515,0.0,0.0,0.0,-0.08249618607132783,0.996591380297705,1.0363733343969972,-0.1727623524803396,0.0,0.0,0.0,0.06570309157493495,1.0,0.0,0.0,0.0,0.0,-0.0015268360163008285,0.2068906618764508,-0.0015268360163008285,0.2068906618764508,0.9908494353294373,0.835240364074707,0.0015128646045923233,-0.17280343174934387,1.0,0.0,20.0,1.0,1.142204999923706,0.5162592530250549,-0.024801862749961788,0.0,0.0,0.0,0.0,15.851109981536865,15.77156949043274,15.790955066680908,528,8,0000000000000000,0,0,15.811007738113403,1,1,1,1,1,1779078372.875113
15.851628875732514,1,s1_stop,0.0,0.0,1.7329961061477661,1.7642796039581299,-0.08460944890975952,34.630923635646056,0.6788615743786831,0.0,0.0,0.0,-0.08226173761670053,0.9966107597875317,1.023334826434219,-0.17009403106844434,0.0,0.0,0.0,0.06257735336580048,1.0,0.0,0.0,0.0,0.0,-0.0015268360163008285,0.2068906618764508,-0.0015268360163008285,0.2068906618764508,0.9908494353294373,0.835240364074707,0.0015128646045923233,-0.17280343174934387,1.0,0.0,20.0,1.0,1.142204999923706,0.5162592530250549,-0.024801862749961788,0.0,0.0,0.0,0.0,15.851109981536865,15.871137857437134,15.890898942947388,528,8,0000000000000000,0,0,15.811007738113403,1,1,1,1,1,1779078372.875113
15.901628875732515,1,s1_stop,0.0,0.0,1.7540488243103027,1.7469611167907715,-0.12270297855138779,34.630923635646056,0.6788615743786831,0.0,0.0,0.0,-0.08226173761670053,0.9966107597875317,1.023334826434219,-0.17009403106844434,0.0,0.0,0.0,0.06257735336580048,1.0,0.0,0.0,0.0,0.0,0.005736572717337093,0.20960745148473478,0.005736572717337093,0.20960745148473478,0.9712507128715515,0.8375687599182129,-0.005571650341153145,-0.17556065320968628,1.0,0.0,20.0,1.0,1.1413569450378418,0.3564387559890747,0.026999895359664874,0.0,0.0,0.0,0.0,15.95104432106018,15.871137857437134,15.890898942947388,528,8,0000000000000000,0,0,15.910730361938477,1,1,1,1,1,1779078372.97501
15.951628875732515,1,s1_stop,0.0,0.0,1.7540488243103027,1.7469611167907715,-0.12270297855138779,34.63280811467652,0.6785485728764684,0.0,0.0,0.0,-0.08220307396099095,0.9966156002347966,1.0102349099421153,-0.16779440858193184,0.0,0.0,0.0,0.06302652807306947,1.0,0.0,0.0,0.0,0.0,0.005736572717337093,0.20960745148473478,0.005736572717337093,0.20960745148473478,0.9712507128715515,0.8375687599182129,-0.005571650341153145,-0.17556065320968628,1.0,0.0,20.0,1.0,1.1413569450378418,0.3564387559890747,0.026999895359664874,0.0,0.0,0.0,0.0,15.95104432106018,15.971266269683838,15.991000652313232,528,8,0000000000000000,0,0,15.910730361938477,1,1,1,1,1,1779078372.97501
16.001628875732514,1,s1_stop,0.0,0.0,1.7577875852584839,1.7438424825668335,-0.07814881950616837,34.63280811467652,0.6785485728764684,0.0,0.0,0.0,-0.08220307396099095,0.9966156002347966,1.0102349099421153,-0.16779440858193184,0.0,0.0,0.0,0.06302652807306947,1.0,0.0,0.0,0.0,0.0,0.002911680444176321,0.22564345771480906,0.002911680444176321,0.22564345771480906,0.9684513211250305,0.865060567855835,-0.002819820772856474,-0.1951952576637268,1.0,0.0,20.0,1.0,1.1415698528289795,0.24931496381759644,0.001855779969514013,0.0,0.0,0.0,0.0,16.05123782157898,15.971266269683838,15.991000652313232,528,8,0000000000000000,0,0,16.010881185531616,1,1,1,1,1,1779078373.076223
16.051628875732515,1,s1_stop,0.0,0.0,1.7577875852584839,1.7438424825668335,-0.07814881950616837,34.64192622100862,0.6770396232368943,0.0,0.0,0.0,-0.08190962013827738,0.9966397614628885,0.9906517254535552,-0.16394232635836,0.0,0.0,0.0,0.06587719214655571,1.0,0.0,0.0,0.0,0.0,0.002911680444176321,0.22564345771480906,0.002911680444176321,0.22564345771480906,0.9684513211250305,0.865060567855835,-0.002819820772856474,-0.1951952576637268,1.0,0.0,20.0,1.0,1.1415698528289795,0.24931496381759644,0.001855779969514013,0.0,0.0,0.0,0.0,16.05123782157898,16.071147680282593,16.09083318710327,528,8,0000000000000000,0,0,16.010881185531616,1,1,1,1,1,1779078373.076223
16.101628875732516,1,s1_stop,0.0,0.0,1.7874715328216553,1.7124910354614258,-0.11114296317100525,34.64192622100862,0.6770396232368943,0.0,0.0,0.0,-0.08190962013827738,0.9966397614628885,0.9906517254535552,-0.16394232635836,0.0,0.0,0.0,0.06587719214655571,1.0,0.0,0.0,0.0,0.0,-0.008427304841079793,0.22907308044290675,-0.008427304841079793,0.22907308044290675,0.9741363525390625,0.8907912373542786,0.008209343999624252,-0.2040562927722931,1.0,0.0,20.0,1.0,1.1412453651428223,0.15994098782539368,-0.017417933201957263,0.0,0.0,0.0,0.0,16.151245594024658,16.071147680282593,16.09083318710327,528,8,0000000000000000,0,0,16.11084222793579,1,1,1,1,1,1779078373.1751318
16.151628875732516,1,s1_stop,0.0,0.0,1.7874715328216553,1.7124910354614258,-0.11114296317100525,34.651506908608454,0.6754607652471544,0.0,0.0,0.0,-0.08157321924299096,0.9966673516787509,0.9579554763694794,-0.15786713029936658,0.0,0.0,0.0,0.07106409173662451,1.0,0.0,0.0,0.0,0.0,-0.008427304841079793,0.22907308044290675,-0.008427304841079793,0.22907308044290675,0.9741363525390625,0.8907912373542786,0.008209343999624252,-0.2040562927722931,1.0,0.0,20.0,1.0,1.1412453651428223,0.15994098782539368,-0.017417933201957263,0.0,0.0,0.0,0.0,16.151245594024658,16.17140030860901,16.190937757492065,528,8,0000000000000000,0,0,16.11084222793579,1,1,1,1,1,1779078373.1751318
16.201628875732517,1,s1_stop,0.0,0.0,1.807883381843567,1.73101007938385,-0.1525718867778778,34.651506908608454,0.6754607652471544,0.0,0.0,0.0,-0.08157321924299096,0.9966673516787509,0.9579554763694794,-0.15786713029936658,0.0,0.0,0.0,0.07106409173662451,1.0,0.0,0.0,0.0,0.0,-0.08653743352470561,0.20555670286284386,-0.08653743352470561,0.20555670286284386,1.0046218633651733,0.8231469392776489,0.08693739771842957,-0.16920337080955505,1.0,0.0,20.0,1.0,1.140263557434082,0.1037282794713974,0.01096644827993863,0.0,0.0,0.0,0.0,16.25114393234253,16.17140030860901,16.190937757492065,528,8,0000000000000000,0,0,16.2108416557312,1,1,1,1,1,1779078373.2752955
16.251628875732518,1,s1_stop,0.0,0.0,1.807883381843567,1.73101007938385,-0.1525718867778778,34.65989212939558,0.6740845000790905,0.0,0.0,0.0,-0.08125005136002295,0.9966937489289244,0.9383715338401604,-0.15401479454298805,0.0,0.0,0.0,0.07597968084082773,1.0,0.0,0.0,0.0,0.0,-0.08653743352470561,0.20555670286284386,-0.08653743352470561,0.20555670286284386,1.0046218633651733,0.8231469392776489,0.08693739771842957,-0.16920337080955505,1.0,0.0,20.0,1.0,1.140263557434082,0.1037282794713974,0.01096644827993863,0.0,0.0,0.0,0.0,16.25114393234253,16.27109408378601,16.291006803512573,528,8,0000000000000000,0,0,16.2108416557312,1,1,1,1,1,1779078373.2752955
16.30162887573252,1,s1_stop,0.0,0.0,1.813232421875,1.7162458896636963,-0.09776663035154343,34.65989212939558,0.6740845000790905,0.0,0.0,0.0,-0.08125005136002295,0.9966937489289244,0.9383715338401604,-0.15401479454298805,0.0,0.0,0.0,0.07597968084082773,1.0,0.0,0.0,0.0,0.0,-0.084232391667506,0.20623898560302376,-0.084232391667506,0.20623898560302376,1.0001140832901,0.8225512504577637,0.08424200117588043,-0.1696421355009079,1.0,0.0,20.0,1.0,1.1401031017303467,0.060645200312137604,-0.0057109793027088915,0.0,0.0,0.0,0.0,16.35111927986145,16.27109408378601,16.291006803512573,528,8,0000000000000000,0,0,16.310762882232666,1,1,1,1,1,1779078373.3750982
16.35162887573252,1,s1_stop,0.0,0.0,1.813232421875,1.7162458896636963,-0.09776663035154343,34.66981320500562,0.6724643789073588,0.0,0.0,0.0,-0.08084774459156983,0.9967264630752293,0.9122439354483208,-0.1489703104478537,0.0,0.0,0.0,0.07288695805649113,1.0,0.0,0.0,0.0,0.0,-0.084232391667506,0.20623898560302376,-0.084232391667506,0.20623898560302376,1.0001140832901,0.8225512504577637,0.08424200117588043,-0.1696421355009079,1.0,0.0,20.0,1.0,1.1401031017303467,0.060645200312137604,-0.0057109793027088915,0.0,0.0,0.0,0.0,16.35111927986145,16.3711256980896,16.390854835510254,528,8,0000000000000000,0,0,16.310762882232666,1,1,1,1,1,1779078373.3750982
16.40162887573252,1,s1_stop,0.0,0.0,1.8432245254516602,1.7111679315567017,-0.12087085098028183,34.66981320500562,0.6724643789073588,0.0,0.0,0.0,-0.08084774459156983,0.9967264630752293,0.9122439354483208,-0.1489703104478537,0.0,0.0,0.0,0.07288695805649113,1.0,0.0,0.0,0.0,0.0,-0.08351245081080984,0.20675898599394948,-0.08351245081080984,0.20675898599394948,0.9980973601341248,0.8216057419776917,0.08335355669260025,-0.169874370098114,1.0,0.0,20.0,1.0,1.14113450050354,0.034366317093372345,0.004670382884815429,0.0,0.0,0.0,0.0,16.45112156867981,16.3711256980896,16.390854835510254,528,8,0000000000000000,0,0,16.410876989364624,1,1,1,1,1,1779078373.4751768
16.45162887573252,1,s1_stop,0.0,0.0,1.8432245254516602,1.7111679315567017,-0.12087085098028183,34.678942375126084,0.670979985744307,0.0,0.0,0.0,-0.08050691658375157,0.9967540500956978,0.8992183258874703,-0.14621192478889392,0.0,0.0,0.0,0.06360639830101074,1.0,0.0,0.0,0.0,0.0,-0.08351245081080984,0.20675898599394948,-0.08351245081080984,0.20675898599394948,0.9980973601341248,0.8216057419776917,0.08335355669260025,-0.169874370098114,1.0,0.0,20.0,1.0,1.14113450050354,0.034366317093372345,0.004670382884815429,0.0,0.0,0.0,0.0,16.45112156867981,16.47251796722412,16.4909029006958,528,8,0000000000000000,0,0,16.410876989364624,1,1,1,1,1,1779078373.4751768
16.50162887573252,1,s1_stop,0.0,0.0,1.8516457080841064,1.7336132526397705,-0.1063837856054306,34.678942375126084,0.670979985744307,0.0,0.0,0.0,-0.08050691658375157,0.9967540500956978,0.8992183258874703,-0.14621192478889392,0.0,0.0,0.0,0.06360639830101074,1.0,0.0,0.0,0.0,0.0,-0.0820636852170594,0.20734852242871865,-0.0820636852170594,0.20734852242871865,0.99504554271698,0.8207879662513733,0.08165710419416428,-0.17018917202949524,1.0,0.0,20.0,1.0,1.1402616500854492,0.01862480863928795,-4.813998552959784e-05,0.0,0.0,0.0,0.0,16.551083087921143,16.47251796722412,16.4909029006958,528,8,0000000000000000,0,0,16.51084280014038,1,1,1,1,1,1779078373.5751836
16.551628875732522,1,s1_stop,0.0,0.0,1.8516457080841064,1.7336132526397705,-0.1063837856054306,34.68057925370982,0.6707140311996024,0.0,0.0,0.0,-0.08044754917934664,0.9967588433673596,0.8861082074460345,-0.1439718908973333,0.0,0.0,0.0,0.061783541314565524,1.0,0.0,0.0,0.0,0.0,-0.0820636852170594,0.20734852242871865,-0.0820636852170594,0.20734852242871865,0.99504554271698,0.8207879662513733,0.08165710419416428,-0.17018917202949524,1.0,0.0,20.0,1.0,1.1402616500854492,0.01862480863928795,-4.813998552959784e-05,0.0,0.0,0.0,0.0,16.551083087921143,16.57127618789673,16.59082794189453,528,8,0000000000000000,0,0,16.51084280014038,1,1,1,1,1,1779078373.5751836
16.601628875732523,1,s1_stop,0.0,0.0,1.843574047088623,1.7056618928909302,-0.08469270169734955,34.68057925370982,0.6707140311996024,0.0,0.0,0.0,-0.08044754917934664,0.9967588433673596,0.8861082074460345,-0.1439718908973333,0.0,0.0,0.0,0.061783541314565524,1.0,0.0,0.0,0.0,0.0,-0.08045122867534332,0.20817794429123057,-0.08045122867534332,0.20817794429123057,0.9924612641334534,0.8205486536026001,0.07984472811222076,-0.17082013189792633,1.0,0.0,20.0,1.0,1.140129804611206,0.006655734498053789,-0.0014406841940409949,0.0,0.0,0.0,0.0,16.651087760925293,16.57127618789673,16.59082794189453,528,8,0000000000000000,0,0,16.61076784133911,1,1,1,1,1,1779078373.6751983
16.651628875732523,1,s1_stop,0.0,0.0,1.843574047088623,1.7056618928909302,-0.08469270169734955,34.687595120720886,0.6695771212185857,0.0,0.0,0.0,-0.08023958997694675,0.996775605740997,0.8730397872175611,-0.14147469533668333,0.0,0.0,0.0,0.047363290999198386,1.0,0.0,0.0,0.0,0.0,-0.08045122867534332,0.20817794429123057,-0.08045122867534332,0.20817794429123057,0.9924612641334534,0.8205486536026001,0.07984472811222076,-0.17082013189792633,1.0,0.0,20.0,1.0,1.140129804611206,0.006655734498053789,-0.0014406841940409949,0.0,0.0,0.0,0.0,16.651087760925293,16.670961618423462,16.690916299819946,528,8,0000000000000000,0,0,16.61076784133911,1,1,1,1,1,1779078373.6751983
16.701628875732524,1,s1_stop,0.0,0.0,1.7282373905181885,1.6445144414901733,-0.159549742937088,34.687595120720886,0.6695771212185857,0.0,0.0,0.0,-0.08023958997694675,0.996775605740997,0.8730397872175611,-0.14147469533668333,0.0,0.0,0.0,0.047363290999198386,1.0,0.0,0.0,0.0,0.0,-0.08012831607336385,0.208656625772027,-0.08012831607336385,0.208656625772027,0.9918354749679565,0.8198826313018799,0.07947410643100739,-0.17107394337654114,1.0,0.0,20.0,1.0,1.1410603523254395,0.011259539052844048,0.0019682256745277033,0.0,0.0,0.0,0.0,16.751549005508423,16.670961618423462,16.690916299819946,528,8,0000000000000000,0,0,16.71087646484375,1,1,1,1,1,1779078373.7750237
16.751628875732525,1,s1_stop,0.0,0.0,1.7282373905181885,1.6445144414901733,-0.159549742937088,34.68943005542041,0.6692798744719228,0.0,0.0,0.0,-0.0802127334442979,0.9967777673049264,0.8599188770882115,-0.13930091826986507,0.0,0.0,0.0,0.03946636543140571,1.0,0.0,0.0,0.0,0.0,-0.08012831607336385,0.208656625772027,-0.08012831607336385,0.208656625772027,0.9918354749679565,0.8198826313018799,0.07947410643100739,-0.17107394337654114,1.0,0.0,20.0,1.0,1.1410603523254395,0.011259539052844048,0.0019682256745277033,0.0,0.0,0.0,0.0,16.751549005508423,16.77149987220764,16.79085946083069,528,8,0000000000000000,0,0,16.71087646484375,1,1,1,1,1,1779078373.7750237
16.801628875732526,1,s1_stop,0.0,0.0,1.5525318384170532,1.4868862628936768,-0.08647102117538452,34.68943005542041,0.6692798744719228,0.0,0.0,0.0,-0.0802127334442979,0.9967777673049264,0.8599188770882115,-0.13930091826986507,0.0,0.0,0.0,0.03946636543140571,1.0,0.0,0.0,0.0,0.0,-0.07904243441468416,0.2096564941374822,-0.07904243441468416,0.2096564941374822,0.9907219409942627,0.819552481174469,0.0783090740442276,-0.17182449996471405,1.0,0.0,20.0,1.0,1.140380859375,0.007340144366025925,-0.00034755261390177696,0.0,0.0,0.0,0.0,16.851046085357666,16.77149987220764,16.79085946083069,528,8,0000000000000000,0,0,16.81094717979431,1,1,1,1,1,1779078373.8751879
16.851628875732526,1,s1_stop,0.0,0.0,1.5525318384170532,1.4868862628936768,-0.08647102117538452,34.697795121614845,0.667926530292964,0.0,0.0,0.0,-0.08011178356166095,0.9967858858022467,0.8402536306061286,-0.13594062896790332,0.0,0.0,0.0,0.009661379294014446,1.0,0.0,0.0,0.0,0.0,-0.07904243441468416,0.2096564941374822,-0.07904243441468416,0.2096564941374822,0.9907219409942627,0.819552481174469,0.0783090740442276,-0.17182449996471405,1.0,0.0,20.0,1.0,1.140380859375,0.007340144366025925,-0.00034755261390177696,0.0,0.0,0.0,0.0,16.851046085357666,16.871168851852417,16.890906810760498,528,8,0000000000000000,0,0,16.81094717979431,1,1,1,1,1,1779078373.8751879
16.901628875732527,1,s1_stop,0.0,0.0,1.3485521078109741,1.3106893301010132,-0.05623999983072281,34.697795121614845,0.667926530292964,0.0,0.0,0.0,-0.08011178356166095,0.9967858858022467,0.8402536306061286,-0.13594062896790332,0.0,0.0,0.0,0.009661379294014446,1.0,0.0,0.0,0.0,0.0,-0.07838958972610524,0.21050182606978232,-0.07838958972610524,0.21050182606978232,0.9901828765869141,0.8190592527389526,0.07762002944946289,-0.17241346836090088,1.0,0.0,20.0,1.0,1.1390526294708252,0.00904940813779831,0.0014609319545852448,0.0,0.0,0.0,0.0,16.951019048690796,16.871168851852417,16.890906810760498,528,8,0000000000000000,0,0,16.91075110435486,1,1,1,1,1,1779078373.975137
16.951628875732528,1,s1_stop,0.0,0.0,1.3485521078109741,1.3106893301010132,-0.05623999983072281,34.700547157247016,0.6674813731186513,0.0,0.0,0.0,-0.08009739146469828,0.99678704239198,0.8205640193477881,-0.13273082511186884,0.0,0.0,0.0,0.008981774181253952,1.0,0.0,0.0,0.0,0.0,-0.07838958972610524,0.21050182606978232,-0.07838958972610524,0.21050182606978232,0.9901828765869141,0.8190592527389526,0.07762002944946289,-0.17241346836090088,1.0,0.0,20.0,1.0,1.1390526294708252,0.00904940813779831,0.0014609319545852448,0.0,0.0,0.0,0.0,16.951019048690796,16.970920085906982,16.99081540107727,528,8,0000000000000000,0,0,16.91075110435486,1,1,1,1,1,1779078373.975137
17.00162887573253,1,s1_stop,0.0,0.0,1.1051639318466187,1.0703078508377075,-0.13007350265979767,34.700547157247016,0.6674813731186513,0.0,0.0,0.0,-0.08009739146469828,0.99678704239198,0.8205640193477881,-0.13273082511186884,0.0,0.0,0.0,0.008981774181253952,1.0,0.0,0.0,0.0,0.0,-0.07798697587052171,0.2107794266912068,-0.07798697587052171,0.2107794266912068,0.9899105429649353,0.819077730178833,0.07720012962818146,-0.1726447343826294,1.0,0.0,20.0,1.0,1.1403307914733887,0.009029596112668514,-0.0013503529050491834,0.0,0.0,0.0,0.0,17.051258087158203,16.970920085906982,16.99081540107727,528,8,0000000000000000,0,0,17.010836601257324,1,1,1,1,1,1779078374.0751674
17.05162887573253,1,s1_stop,0.0,0.0,1.1051639318466187,1.0703078508377075,-0.13007350265979767,34.70899894975768,0.6661149396642215,0.0,0.0,0.0,-0.08005766434732177,0.9967902338903866,0.8008808064214733,-0.12948144734086392,0.0,0.0,0.0,0.003040281794657508,1.0,0.0,0.0,0.0,0.0,-0.07798697587052171,0.2107794266912068,-0.07798697587052171,0.2107794266912068,0.9899105429649353,0.819077730178833,0.07720012962818146,-0.1726447343826294,1.0,0.0,20.0,1.0,1.1403307914733887,0.009029596112668514,-0.0013503529050491834,0.0,0.0,0.0,0.0,17.051258087158203,17.0712890625,17.09108567237854,528,8,0000000000000000,0,0,17.010836601257324,1,1,1,1,1,1779078374.0751674
17.10162887573253,1,s1_stop,0.0,0.0,0.8510779142379761,0.8383551836013794,-0.09376323968172073,34.70899894975768,0.6661149396642215,0.0,0.0,0.0,-0.08005766434732177,0.9967902338903866,0.8008808064214733,-0.12948144734086392,0.0,0.0,0.0,0.003040281794657508,1.0,0.0,0.0,0.0,0.0,-0.07730414205867554,0.2113820596831596,-0.07730414205867554,0.2113820596831596,0.9893741607666016,0.8190191388130188,0.07648272067308426,-0.1731259524822235,1.0,0.0,20.0,1.0,1.139941692352295,0.0050155664794147015,3.1532499182415803e-06,0.0,0.0,0.0,0.0,17.151416063308716,17.0712890625,17.09108567237854,528,8,0000000000000000,0,0,17.110991954803467,1,1,1,1,1,1779078374.1751451
17.15162887573253,1,s1_stop,0.0,0.0,0.8510779142379761,0.8383551836013794,-0.09376323968172073,34.709797912892896,0.6659857666088069,0.0,0.0,0.0,-0.08005866452952472,0.9967901535597896,0.787751357287606,-0.12736038152744444,0.0,0.0,0.0,0.0011810160881609113,1.0,0.0,0.0,0.0,0.0,-0.07730414205867554,0.2113820596831596,-0.07730414205867554,0.2113820596831596,0.9893741607666016,0.8190191388130188,0.07648272067308426,-0.1731259524822235,1.0,0.0,20.0,1.0,1.139941692352295,0.0050155664794147015,3.1532499182415803e-06,0.0,0.0,0.0,0.0,17.151416063308716,17.171271324157715,17.19096803665161,528,8,0000000000000000,0,0,17.110991954803467,1,1,1,1,1,1779078374.1751451
17.20162887573253,1,s1_stop,0.0,0.0,0.6225007176399231,0.611093282699585,-0.11116592586040497,34.709797912892896,0.6659857666088069,0.0,0.0,0.0,-0.08005866452952472,0.9967901535597896,0.787751357287606,-0.12736038152744444,0.0,0.0,0.0,0.0011810160881609113,1.0,0.0,0.0,0.0,0.0,-0.07686465391051975,0.21177096015483213,-0.07686465391051975,0.21177096015483213,0.9890693426132202,0.8189549446105957,0.07602447271347046,-0.17343087494373322,1.0,0.0,20.0,1.0,1.1399297714233398,0.005367489997297525,-0.0003509403829985018,0.0,0.0,0.0,0.0,17.251184463500977,17.171271324157715,17.19096803665161,528,8,0000000000000000,0,0,17.210806608200073,1,1,1,1,1,1779078374.2751768
17.251628875732532,1,s1_stop,0.0,0.0,0.6225007176399231,0.611093282699585,-0.11116592586040497,34.71764073097041,0.6647166886388288,0.0,0.0,0.0,-0.08012576804645793,0.9967847617690417,0.7746052990273153,-0.12534200216146826,0.0,0.0,0.0,-0.017473649959138506,1.0,0.0,0.0,0.0,0.0,-0.07686465391051975,0.21177096015483213,-0.07686465391051975,0.21177096015483213,0.9890693426132202,0.8189549446105957,0.07602447271347046,-0.17343087494373322,1.0,0.0,20.0,1.0,1.1399297714233398,0.005367489997297525,-0.0003509403829985018,0.0,0.0,0.0,0.0,17.251184463500977,17.271249294281006,17.29097008705139,528,8,0000000000000000,0,0,17.210806608200073,1,1,1,1,1,1779078374.2751768
17.301628875732533,1,s1_stop,0.0,0.0,0.42935803532600403,0.4388085603713989,-0.118217833340168,34.71764073097041,0.6647166886388288,0.0,0.0,0.0,-0.08012576804645793,0.9967847617690417,0.7746052990273153,-0.12534200216146826,0.0,0.0,0.0,-0.017473649959138506,1.0,0.0,0.0,0.0,0.0,-0.076622309609672,0.21193411632202772,-0.076622309609672,0.21193411632202772,0.988869845867157,0.8190187215805054,0.07576949149370193,-0.17357800900936127,1.0,0.0,20.0,1.0,1.1404078006744385,0.0027897360268980265,0.00019570884623639143,0.0,0.0,0.0,0.0,17.35112476348877,17.271249294281006,17.29097008705139,528,8,0000000000000000,0,0,17.310898065567017,1,1,1,1,1,1779078374.3750732
17.351628875732533,1,s1_stop,0.0,0.0,0.42935803532600403,0.4388085603713989,-0.118217833340168,34.719077691605094,0.6644841139277909,0.0,0.0,0.0,-0.08014412920335981,0.9967832856515177,0.7614718557045521,-0.12324561475744779,0.0,0.0,0.0,-0.020960131037650417,1.0,0.0,0.0,0.0,0.0,-0.076622309609672,0.21193411632202772,-0.076622309609672,0.21193411632202772,0.988869845867157,0.8190187215805054,0.07576949149370193,-0.17357800900936127,1.0,0.0,20.0,1.0,1.1404078006744385,0.0027897360268980265,0.00019570884623639143,0.0,0.0,0.0,0.0,17.35112476348877,17.371150016784668,17.390939235687256,528,8,0000000000000000,0,0,17.310898065567017,1,1,1,1,1,1779078374.3750732
17.401628875732534,1,s1_stop,0.0,0.0,0.3001631498336792,0.3064161539077759,-0.11665613949298859,34.719077691605094,0.6644841139277909,0.0,0.0,0.0,-0.08014412920335981,0.9967832856515177,0.7614718557045521,-0.12324561475744779,0.0,0.0,0.0,-0.020960131037650417,1.0,0.0,0.0,0.0,0.0,-0.07637938851817809,0.21218010068508655,-0.07637938851817809,0.21218010068508655,0.9887101054191589,0.8189600706100464,0.07551707327365875,-0.17376703023910522,1.0,0.0,20.0,1.0,1.140291452407837,0.003255399875342846,0.0008683793536922411,0.0,0.0,0.0,0.0,17.451348781585693,17.371150016784668,17.390939235687256,528,8,0000000000000000,0,0,17.410831451416016,1,1,1,1,1,1779078374.4751444
17.451628875732535,1,s1_stop,0.0,0.0,0.3001631498336792,0.3064161539077759,-0.11665613949298859,34.72796580522805,0.6630431382103518,0.0,0.0,0.0,-0.08027626190137402,0.9967726530032522,0.7417467621964405,-0.12025488401197804,0.0,0.0,0.0,-0.01750436552220829,1.0,0.0,0.0,0.0,0.0,-0.07637938851817809,0.21218010068508655,-0.07637938851817809,0.21218010068508655,0.9887101054191589,0.8189600706100464,0.07551707327365875,-0.17376703023910522,1.0,0.0,20.0,1.0,1.140291452407837,0.003255399875342846,0.0008683793536922411,0.0,0.0,0.0,0.0,17.451348781585693,17.471117973327637,17.49089503288269,528,8,0000000000000000,0,0,17.410831451416016,1,1,1,1,1,1779078374.4751444
17.501628875732536,1,s1_stop,0.0,0.0,0.19894149899482727,0.23013702034950256,-0.12060685455799103,34.72796580522805,0.6630431382103518,0.0,0.0,0.0,-0.08027626190137402,0.9967726530032522,0.7417467621964405,-0.12025488401197804,0.0,0.0,0.0,-0.01750436552220829,1.0,0.0,0.0,0.0,0.0,-0.07629931483155884,0.21230827911053007,-0.07629931483155884,0.21230827911053007,0.9886893033981323,0.8188527822494507,0.0754363164305687,-0.1738492250442505,1.0,0.0,20.0,1.0,1.1387836933135986,0.0065909395925700665,0.0007237822378461455,0.0,0.0,0.0,0.0,17.551263332366943,17.471117973327637,17.49089503288269,528,8,0000000000000000,0,0,17.510788679122925,1,1,1,1,1,1779078374.5751858
17.551628875732536,1,s1_stop,0.0,0.0,0.19894149899482727,0.23013702034950256,-0.12060685455799103,34.72950353095666,0.6627937730330739,0.0,0.0,0.0,-0.0802961803490401,0.9967710486472581,0.7286137793043511,-0.11815559879321538,0.0,0.0,0.0,-0.014031851339544373,1.0,0.0,0.0,0.0,0.0,-0.07629931483155884,0.21230827911053007,-0.07629931483155884,0.21230827911053007,0.9886893033981323,0.8188527822494507,0.0754363164305687,-0.1738492250442505,1.0,0.0,20.0,1.0,1.1387836933135986,0.0065909395925700665,0.0007237822378461455,0.0,0.0,0.0,0.0,17.551263332366943,17.57121729850769,17.590917825698853,528,8,0000000000000000,0,0,17.510788679122925,1,1,1,1,1,1779078374.5751858
17.601628875732537,1,s1_stop,0.0,0.0,0.13160167634487152,0.1612042635679245,-0.12344302237033844,34.72950353095666,0.6627937730330739,0.0,0.0,0.0,-0.0802961803490401,0.9967710486472581,0.7286137793043511,-0.11815559879321538,0.0,0.0,0.0,-0.014031851339544373,1.0,0.0,0.0,0.0,0.0,-0.07626714469760042,0.21232662233266458,-0.07626714469760042,0.21232662233266458,0.9886914491653442,0.8188658356666565,0.07540467381477356,-0.17386701703071594,1.0,0.0,20.0,1.0,1.1409826278686523,0.00693053612485528,-0.0001859249761012407,0.0,0.0,0.0,0.0,17.65128207206726,17.57121729850769,17.590917825698853,528,8,0000000000000000,0,0,17.610928773880005,1,1,1,1,1,1779078374.675088
17.651628875732538,1,s1_stop,0.0,0.0,0.13160167634487152,0.1612042635679245,-0.12344302237033844,34.73843137869473,0.6613445142927802,0.0,0.0,0.0,-0.08037640715274458,0.9967645826238091,0.7154669165647369,-0.11614184209271505,0.0,0.0,0.0,-0.016456955814234595,1.0,0.0,0.0,0.0,0.0,-0.07626714469760042,0.21232662233266458,-0.07626714469760042,0.21232662233266458,0.9886914491653442,0.8188658356666565,0.07540467381477356,-0.17386701703071594,1.0,0.0,20.0,1.0,1.1409826278686523,0.00693053612485528,-0.0001859249761012407,0.0,0.0,0.0,0.0,17.65128207206726,17.671164751052856,17.69102931022644,528,8,0000000000000000,0,0,17.610928773880005,1,1,1,1,1,1779078374.675088
17.70162887573254,1,s1_stop,0.0,0.0,0.07701394706964493,0.10911109298467636,-0.12217126786708832,34.73843137869473,0.6613445142927802,0.0,0.0,0.0,-0.08037640715274458,0.9967645826238091,0.7154669165647369,-0.11614184209271505,0.0,0.0,0.0,-0.016456955814234595,1.0,0.0,0.0,0.0,0.0,-0.07613663454124811,0.21237822229661868,-0.07613663454124811,0.21237822229661868,0.9885923862457275,0.8189797401428223,0.07526809722185135,-0.1739334613084793,1.0,0.0,20.0,1.0,1.139983892440796,0.004197556991130114,-0.0006691755764480626,0.0,0.0,0.0,0.0,17.751516103744507,17.671164751052856,17.69102931022644,528,8,0000000000000000,0,0,17.711095333099365,1,1,1,1,1,1779078374.7751935
17.75162887573254,1,s1_stop,0.0,0.0,0.07701394706964493,0.10911109298467636,-0.12217126786708832,34.73947944772526,0.6611743506644431,0.0,0.0,0.0,-0.08039051028430877,0.9967634452849023,0.7023358566933416,-0.11403067374804425,0.0,0.0,0.0,-0.01902044369890111,1.0,0.0,0.0,0.0,0.0,-0.07613663454124811,0.21237822229661868,-0.07613663454124811,0.21237822229661868,0.9885923862457275,0.8189797401428223,0.07526809722185135,-0.1739334613084793,1.0,0.0,20.0,1.0,1.139983892440796,0.004197556991130114,-0.0006691755764480626,0.0,0.0,0.0,0.0,17.751516103744507,17.77132558822632,17.791155338287354,528,8,0000000000000000,0,0,17.711095333099365,1,1,1,1,1,1779078374.7751935
17.80162887573254,1,s1_stop,0.0,0.0,0.045010756701231,0.07648856192827225,-0.12349511682987213,34.73947944772526,0.6611743506644431,0.0,0.0,0.0,-0.08039051028430877,0.9967634452849023,0.7023358566933416,-0.11403067374804425,0.0,0.0,0.0,-0.01902044369890111,1.0,0.0,0.0,0.0,0.0,-0.0761512551583025,0.21242422316874568,-0.0761512551583025,0.21242422316874568,0.9885667562484741,0.8188902139663696,0.07528059929609299,-0.173952117562294,1.0,0.0,20.0,1.0,1.1391282081604004,0.0041877394542098045,0.001392204479225797,0.0,0.0,0.0,0.0,17.851619958877563,17.77132558822632,17.791155338287354,528,8,0000000000000000,0,0,17.81100296974182,1,1,1,1,1,1779078374.8753822
17.85162887573254,1,s1_stop,0.0,0.0,0.045010756701231,0.07648856192827225,-0.12349511682987213,34.746955945759765,0.6599585356124842,0.0,0.0,0.0,-0.08051630577116632,0.9967532916950734,0.6826162000072072,-0.11100585419124344,0.0,0.0,0.0,-0.024151180620596683,1.0,0.0,0.0,0.0,0.0,-0.0761512551583025,0.21242422316874568,-0.0761512551583025,0.21242422316874568,0.9885667562484741,0.8188902139663696,0.07528059929609299,-0.173952117562294,1.0,0.0,20.0,1.0,1.1391282081604004,0.0041877394542098045,0.001392204479225797,0.0,0.0,0.0,0.0,17.851619958877563,17.873534440994263,17.89104413986206,528,8,0000000000000000,0,0,17.81100296974182,1,1,1,1,1,1779078374.8753822
17.90162887573254,1,s1_stop,0.0,0.0,0.02690129540860653,0.06336338818073273,-0.12358839064836502,34.746955945759765,0.6599585356124842,0.0,0.0,0.0,-0.08051630577116632,0.9967532916950734,0.6826162000072072,-0.11100585419124344,0.0,0.0,0.0,-0.024151180620596683,1.0,0.0,0.0,0.0,0.0,-0.07608586492328591,0.21245531985167257,-0.07608586492328591,0.21245531985167257,0.9884939193725586,0.8189441561698914,0.07521041482686996,-0.17398904263973236,1.0,0.0,20.0,1.0,1.140399694442749,0.001965054776519537,0.002072937180681183,0.0,0.0,0.0,0.0,17.951473236083984,17.873534440994263,17.89104413986206,528,8,0000000000000000,0,0,17.910971641540527,1,1,1,1,1,1779078374.9750512
17.951628875732542,1,s1_stop,0.0,0.0,0.02690129540860653,0.06336338818073273,-0.12358839064836502,34.748275577143666,0.6597438715434429,0.0,0.0,0.0,-0.08054129495164594,0.9967512727895119,0.6497928142788032,-0.10570161580605775,0.0,0.0,0.0,-0.024801862749961788,1.0,0.0,0.0,0.0,0.0,-0.07608586492328591,0.21245531985167257,-0.07608586492328591,0.21245531985167257,0.9884939193725586,0.8189441561698914,0.07521041482686996,-0.17398904263973236,1.0,0.0,20.0,1.0,1.140399694442749,0.001965054776519537,0.002072937180681183,0.0,0.0,0.0,0.0,17.951473236083984,17.97341752052307,17.991093397140503,528,8,0000000000000000,0,0,17.910971641540527,1,1,1,1,1,1779078374.9750512
