timestamp,state,segment,cmd_ideal_v,cmd_ideal_omega,vn_body_vx,vn_body_vy,vn_body_vz,odom_pose_x,odom_pose_y,odom_pose_z,odom_qx,odom_qy,odom_qz,odom_qw,odom_linear_x,odom_linear_y,odom_linear_z,odom_angular_x,odom_angular_y,odom_omega_z,controller_controller_state,controller_base_v,controller_base_omega,controller_applied_v,controller_applied_omega,controller_model_corrected_v,controller_model_corrected_omega,controller_delta_v,controller_delta_omega,controller_a_v,controller_a_omega,controller_b_v,controller_b_omega,controller_used_model_estimate,controller_used_model_applied,controller_history_len,controller_history_ready,controller_history_span_sec,controller_latest_meas_v,controller_latest_meas_omega,controller_right_rpm,controller_left_rpm,controller_can_right_rpm,controller_can_left_rpm,velocity_timestamp,odom_timestamp,can_timestamp,can_id,can_dlc,can_data_hex,can_right_rpm,can_left_rpm,debug_timestamp,valid_cmd,valid_velocity_body,valid_odom,valid_can,valid_debug,controller_node_time_sec
0.0014591217041015625,2,forward_2mps,2.0,0.0,-0.01839970424771309,-0.04911084473133087,0.15086877346038818,10.800249980437927,36.81054142380372,0.0,0.0,0.0,0.8581604769141086,0.5133815305039223,-0.0,0.0,0.0,0.0,0.0,-0.000397157161652811,nan,nan,nan,nan,nan,nan,nan,nan,nan,nan,nan,nan,nan,nan,nan,nan,nan,nan,nan,nan,nan,nan,nan,nan,0.042307376861572266,0.06224679946899414,,,,,,,nan,1,1,1,0,0,nan
0.051459121704101565,2,forward_2mps,2.0,0.0,-0.01839970424771309,-0.04911084473133087,0.15086877346038818,10.800249980437927,36.81054142380372,0.0,0.0,0.0,0.8581604769141086,0.5133815305039223,-0.0,0.0,0.0,0.0,0.0,-0.000397157161652811,2.0,2.0,0.0,1.9270302700822095,0.16061345146592923,1.9270302700822095,0.16061345146592923,-0.0729697299177905,0.16061345146592923,0.9881781339645386,0.8193066120147705,0.0957508236169815,-0.13159166276454926,1.0,1.0,20.0,1.0,1.239821434020996,-0.018415821716189384,0.0009042707987226661,163.37084996627465,155.4002041456213,163.0,155.0,0.042307376861572266,0.06224679946899414,0.08206844329833984,528,8,a30000009b000000,163,155,0.10196876525878906,1,1,1,1,1,1779092740.2525723
0.10145912170410157,2,forward_2mps,2.0,0.0,-0.022679513320326805,-0.0509040467441082,0.14911922812461853,10.800249980437927,36.81054142380372,0.0,0.0,0.0,0.8581604769141086,0.5133815305039223,-0.0,0.0,0.0,0.0,0.0,-0.000397157161652811,2.0,2.0,0.0,1.9270302700822095,0.16061345146592923,1.9270302700822095,0.16061345146592923,-0.0729697299177905,0.16061345146592923,0.9881781339645386,0.8193066120147705,0.0957508236169815,-0.13159166276454926,1.0,1.0,20.0,1.0,1.239821434020996,-0.018415821716189384,0.0009042707987226661,163.37084996627465,155.4002041456213,163.0,155.0,0.14235568046569824,0.06224679946899414,0.08206844329833984,528,8,a30000009b000000,163,155,0.10196876525878906,1,1,1,1,1,1779092740.2525723
0.15145912170410158,2,forward_2mps,2.0,0.0,-0.022679513320326805,-0.0509040467441082,0.14911922812461853,10.800249980437927,36.81054142380372,0.0,0.0,0.0,0.8582344244911065,0.5132579006877722,-0.0,0.0,0.0,0.0,0.0,-0.052342191207901984,2.0,2.0,0.0,1.9270302700822095,0.16061345146592923,1.9270302700822095,0.16061345146592923,-0.0729697299177905,0.16061345146592923,0.9881781339645386,0.8193066120147705,0.0957508236169815,-0.13159166276454926,1.0,1.0,20.0,1.0,1.239821434020996,-0.018415821716189384,0.0009042707987226661,163.37084996627465,155.4002041456213,163.0,155.0,0.14235568046569824,0.16214442253112793,0.18204927444458008,528,8,a30000009b000000,163,155,0.10196876525878906,1,1,1,1,1,1779092740.2525723
0.20145912170410157,2,forward_2mps,2.0,0.0,-0.01505084428936243,-0.04875478893518448,0.14905811846256256,10.800249980437927,36.81054142380372,0.0,0.0,0.0,0.8582344244911065,0.5132579006877722,-0.0,0.0,0.0,0.0,0.0,-0.052342191207901984,2.0,2.0,0.0,1.9270302700822095,0.16061345146592923,1.9270302700822095,0.16061345146592923,-0.0729697299177905,0.16061345146592923,0.9881781339645386,0.8193066120147705,0.0957508236169815,-0.13159166276454926,1.0,1.0,20.0,1.0,1.239821434020996,-0.018415821716189384,0.0009042707987226661,163.37084996627465,155.4002041456213,163.0,155.0,0.24219012260437012,0.16214442253112793,0.18204927444458008,528,8,a30000009b000000,163,155,0.20221662521362305,1,1,1,1,1,1779092740.2726333
0.25145912170410156,2,forward_2mps,2.0,0.0,-0.01505084428936243,-0.04875478893518448,0.14905811846256256,10.800249980437927,36.81054142380372,0.0,0.0,0.0,0.855922252305305,0.5171045329608064,-0.0,0.0,0.0,0.0,0.0,0.028792282767963813,2.0,2.0,0.0,1.9270302700822095,0.16061345146592923,1.9270302700822095,0.16061345146592923,-0.0729697299177905,0.16061345146592923,0.9881781339645386,0.8193066120147705,0.0957508236169815,-0.13159166276454926,1.0,1.0,20.0,1.0,1.239821434020996,-0.018415821716189384,0.0009042707987226661,163.37084996627465,155.4002041456213,163.0,155.0,0.24219012260437012,0.26226019859313965,0.28203630447387695,528,8,a30000009b000000,163,155,0.20221662521362305,1,1,1,1,1,1779092740.2726333
0.30145912170410155,2,forward_2mps,2.0,0.0,0.04911699518561363,-0.024993479251861572,0.15296851098537445,10.800249980437927,36.81054142380372,0.0,0.0,0.0,0.855922252305305,0.5171045329608064,-0.0,0.0,0.0,0.0,0.0,0.028792282767963813,2.0,2.0,0.0,1.9270302700822095,0.16061345146592923,1.9270302700822095,0.16061345146592923,-0.0729697299177905,0.16061345146592923,0.9881781339645386,0.8193066120147705,0.0957508236169815,-0.13159166276454926,1.0,1.0,20.0,1.0,1.239821434020996,-0.01839970424771309,-0.000397157161652811,163.37084996627465,155.4002041456213,163.0,155.0,0.3423125743865967,0.26226019859313965,0.28203630447387695,528,8,a30000009b000000,163,155,0.30197811126708984,1,1,1,1,1,1779092740.2928128
0.35145912170410154,2,forward_2mps,2.0,0.0,0.04911699518561363,-0.024993479251861572,0.15296851098537445,10.79979329526735,36.8114098375654,0.0,0.0,0.0,0.8559928017156554,0.516987740097367,-0.07428358169906904,0.14125460770399315,0.0,0.0,0.0,0.051377032960322366,2.0,2.0,0.0,1.9270302700822095,0.16061345146592923,1.9270302700822095,0.16061345146592923,-0.0729697299177905,0.16061345146592923,0.9881781339645386,0.8193066120147705,0.0957508236169815,-0.13159166276454926,1.0,1.0,20.0,1.0,1.239821434020996,-0.01839970424771309,-0.000397157161652811,163.37084996627465,155.4002041456213,163.0,155.0,0.3423125743865967,0.3621516227722168,0.382063627243042,528,8,a30000009b000000,163,155,0.30197811126708984,1,1,1,1,1,1779092740.2928128
0.40145912170410153,2,forward_2mps,2.0,0.0,0.180118128657341,-0.07849156856536865,0.15927858650684357,10.79979329526735,36.8114098375654,0.0,0.0,0.0,0.8559928017156554,0.516987740097367,-0.07428358169906904,0.14125460770399315,0.0,0.0,0.0,0.051377032960322366,2.0,2.0,0.0,2.5049841164765203,0.14437162851161453,2.5049841164765203,0.14437162851161453,0.5049841164765203,0.14437162851161453,0.869066596031189,0.7520438432693481,-0.17699801921844482,-0.1085737943649292,1.0,1.0,20.0,1.0,1.2405240535736084,-0.01839970424771309,-0.000397157161652811,210.7706580471804,203.60603324823498,211.0,204.0,0.4423668384552002,0.3621516227722168,0.382063627243042,528,8,a30000009b000000,163,155,0.4020545482635498,1,1,1,1,1,1779092740.3134632
0.4514591217041015,2,forward_2mps,2.0,0.0,0.180118128657341,-0.07849156856536865,0.15927858650684357,10.796680319515108,36.81730531752131,0.0,0.0,0.0,0.856426106763753,0.5162696230202594,-0.20803617873121702,0.3939873675310711,0.0,0.0,0.0,0.15590497994875377,2.0,2.0,0.0,2.5049841164765203,0.14437162851161453,2.5049841164765203,0.14437162851161453,0.5049841164765203,0.14437162851161453,0.869066596031189,0.7520438432693481,-0.17699801921844482,-0.1085737943649292,1.0,1.0,20.0,1.0,1.2405240535736084,-0.01839970424771309,-0.000397157161652811,210.7706580471804,203.60603324823498,211.0,204.0,0.4423668384552002,0.4623866081237793,0.48205041885375977,528,8,a30000009b000000,163,155,0.4020545482635498,1,1,1,1,1,1779092740.3134632
0.5014591217041016,2,forward_2mps,2.0,0.0,0.34103500843048096,-0.0425923652946949,0.15648767352104187,10.796680319515108,36.81730531752131,0.0,0.0,0.0,0.856426106763753,0.5162696230202594,-0.20803617873121702,0.3939873675310711,0.0,0.0,0.0,0.15590497994875377,2.0,2.0,0.0,2.5049841164765203,0.14437162851161453,2.5049841164765203,0.14437162851161453,0.5049841164765203,0.14437162851161453,0.869066596031189,0.7520438432693481,-0.17699801921844482,-0.1085737943649292,1.0,1.0,20.0,1.0,1.2405240535736084,-0.01839970424771309,-0.000397157161652811,210.7706580471804,203.60603324823498,211.0,204.0,0.5422492027282715,0.4623866081237793,0.48205041885375977,528,8,a30000009b000000,163,155,0.501896858215332,1,1,1,1,1,1779092740.332687
0.5514591217041016,2,forward_2mps,2.0,0.0,0.34103500843048096,-0.0425923652946949,0.15648767352104187,10.789060981205365,36.83159671507232,0.0,0.0,0.0,0.8579951226057889,0.513657833177571,-0.25440424171422193,0.4747716499957132,0.0,0.0,0.0,0.16762269218673023,2.0,2.0,0.0,2.5049841164765203,0.14437162851161453,2.5049841164765203,0.14437162851161453,0.5049841164765203,0.14437162851161453,0.869066596031189,0.7520438432693481,-0.17699801921844482,-0.1085737943649292,1.0,1.0,20.0,1.0,1.2405240535736084,-0.01839970424771309,-0.000397157161652811,210.7706580471804,203.60603324823498,211.0,204.0,0.5422492027282715,0.5621325969696045,0.5819900035858154,528,8,d3000000cc000000,211,204,0.501896858215332,1,1,1,1,1,1779092740.332687
0.6014591217041017,2,forward_2mps,2.0,0.0,0.5291935205459595,-0.04297834634780884,0.16117841005325317,10.789060981205365,36.83159671507232,0.0,0.0,0.0,0.8579951226057889,0.513657833177571,-0.25440424171422193,0.4747716499957132,0.0,0.0,0.0,0.16762269218673023,2.0,2.0,0.0,2.5049841164765203,0.14437162851161453,2.5049841164765203,0.14437162851161453,0.5049841164765203,0.14437162851161453,0.869066596031189,0.7520438432693481,-0.17699801921844482,-0.1085737943649292,1.0,1.0,20.0,1.0,1.2405240535736084,-0.022679513320326805,-0.000397157161652811,210.7706580471804,203.60603324823498,211.0,204.0,0.6423308849334717,0.5621325969696045,0.5819900035858154,528,8,d3000000cc000000,211,204,0.6020073890686035,1,1,1,1,1,1779092740.3531625
0.6514591217041017,2,forward_2mps,2.0,0.0,0.5291935205459595,-0.04297834634780884,0.16117841005325317,10.748369695812299,36.90729635187708,0.0,0.0,0.0,0.8571616886639822,0.5150474147947064,-0.44017120878987537,0.8278851655928712,0.0,0.0,0.0,-0.10092304788950777,2.0,2.0,0.0,2.5049841164765203,0.14437162851161453,2.5049841164765203,0.14437162851161453,0.5049841164765203,0.14437162851161453,0.869066596031189,0.7520438432693481,-0.17699801921844482,-0.1085737943649292,1.0,1.0,20.0,1.0,1.2405240535736084,-0.022679513320326805,-0.000397157161652811,210.7706580471804,203.60603324823498,211.0,204.0,0.6423308849334717,0.6621043682098389,0.6820037364959717,528,8,d3000000d0000000,211,208,0.6020073890686035,1,1,1,1,1,1779092740.3531625
0.7014591217041017,2,forward_2mps,2.0,0.0,0.6910281181335449,-0.05108935758471489,0.1563594788312912,10.748369695812299,36.90729635187708,0.0,0.0,0.0,0.8571616886639822,0.5150474147947064,-0.44017120878987537,0.8278851655928712,0.0,0.0,0.0,-0.10092304788950777,2.0,2.0,0.0,2.463903065763737,0.08075796648053767,2.463903065763737,0.08075796648053767,0.46390306576373685,0.08075796648053767,0.8960536122322083,0.8220807313919067,-0.20778924226760864,-0.06638956815004349,1.0,1.0,20.0,1.0,1.239962100982666,-0.022679513320326805,-0.052342191207901984,205.79437190161062,201.78665559804116,206.0,202.0,0.7422072887420654,0.6621043682098389,0.6820037364959717,528,8,d3000000d0000000,211,208,0.7019898891448975,1,1,1,1,1,1779092740.3728247
0.7514591217041018,2,forward_2mps,2.0,0.0,0.6910281181335449,-0.05108935758471489,0.1563594788312912,10.727537983875875,36.94659930496076,0.0,0.0,0.0,0.856872438588296,0.5155284899864866,-0.47350855319160157,0.8930041097299778,0.0,0.0,0.0,0.0477032285100231,2.0,2.0,0.0,2.463903065763737,0.08075796648053767,2.463903065763737,0.08075796648053767,0.46390306576373685,0.08075796648053767,0.8960536122322083,0.8220807313919067,-0.20778924226760864,-0.06638956815004349,1.0,1.0,20.0,1.0,1.239962100982666,-0.022679513320326805,-0.052342191207901984,205.79437190161062,201.78665559804116,206.0,202.0,0.7422072887420654,0.762354850769043,0.782031774520874,528,8,c5000000c3000000,197,195,0.7019898891448975,1,1,1,1,1,1779092740.3728247
0.8014591217041018,2,forward_2mps,2.0,0.0,0.8288286924362183,-0.04484640806913376,0.16421258449554443,10.727537983875875,36.94659930496076,0.0,0.0,0.0,0.856872438588296,0.5155284899864866,-0.47350855319160157,0.8930041097299778,0.0,0.0,0.0,0.0477032285100231,2.0,2.0,0.0,2.463903065763737,0.08075796648053767,2.463903065763737,0.08075796648053767,0.46390306576373685,0.08075796648053767,0.8960536122322083,0.8220807313919067,-0.20778924226760864,-0.06638956815004349,1.0,1.0,20.0,1.0,1.239962100982666,-0.01505084428936243,-0.052342191207901984,205.79437190161062,201.78665559804116,206.0,202.0,0.8422219753265381,0.762354850769043,0.782031774520874,528,8,c5000000c3000000,197,195,0.8019392490386963,1,1,1,1,1,1779092740.3927176
0.8514591217041019,2,forward_2mps,2.0,0.0,0.8288286924362183,-0.04484640806913376,0.16421258449554443,10.704276233083668,36.99026035747489,0.0,0.0,0.0,0.8578483534472658,0.5139029115385657,-0.49885356608336484,0.9322443271194611,0.0,0.0,0.0,0.09363502881174893,2.0,2.0,0.0,2.463903065763737,0.08075796648053767,2.463903065763737,0.08075796648053767,0.46390306576373685,0.08075796648053767,0.8960536122322083,0.8220807313919067,-0.20778924226760864,-0.06638956815004349,1.0,1.0,20.0,1.0,1.239962100982666,-0.01505084428936243,-0.052342191207901984,205.79437190161062,201.78665559804116,206.0,202.0,0.8422219753265381,0.862328052520752,0.8822555541992188,528,8,c9000000c8000000,201,200,0.8019392490386963,1,1,1,1,1,1779092740.3927176
0.9014591217041019,2,forward_2mps,2.0,0.0,0.9381301999092102,-0.04283186048269272,0.15649764239788055,10.704276233083668,36.99026035747489,0.0,0.0,0.0,0.8578483534472658,0.5139029115385657,-0.49885356608336484,0.9322443271194611,0.0,0.0,0.0,0.09363502881174893,2.0,2.0,0.0,2.463903065763737,0.08075796648053767,2.463903065763737,0.08075796648053767,0.46390306576373685,0.08075796648053767,0.8960536122322083,0.8220807313919067,-0.20778924226760864,-0.06638956815004349,1.0,1.0,20.0,1.0,1.239962100982666,-0.01505084428936243,-0.052342191207901984,205.79437190161062,201.78665559804116,206.0,202.0,0.942326545715332,0.862328052520752,0.8822555541992188,528,8,c9000000c8000000,201,200,0.901975154876709,1,1,1,1,1,1779092740.4127402
0.951459121704102,2,forward_2mps,2.0,0.0,0.9381301999092102,-0.04283186048269272,0.15649764239788055,10.700622693572782,36.99707952908032,0.0,0.0,0.0,0.8580270908741268,0.5136044307889907,-0.5057851554385442,0.9436189690337666,0.0,0.0,0.0,0.09913544932271244,2.0,2.0,0.0,2.463903065763737,0.08075796648053767,2.463903065763737,0.08075796648053767,0.46390306576373685,0.08075796648053767,0.8960536122322083,0.8220807313919067,-0.20778924226760864,-0.06638956815004349,1.0,1.0,20.0,1.0,1.239962100982666,-0.01505084428936243,-0.052342191207901984,205.79437190161062,201.78665559804116,206.0,202.0,0.942326545715332,0.9622063636779785,0.9819948673248291,528,8,bf000000bf000000,191,191,0.901975154876709,1,1,1,1,1,1779092740.4127402
1.001459121704102,2,forward_2mps,2.0,0.0,1.0404163599014282,-0.03495590016245842,0.15576353669166565,10.700622693572782,36.99707952908032,0.0,0.0,0.0,0.8580270908741268,0.5136044307889907,-0.5057851554385442,0.9436189690337666,0.0,0.0,0.0,0.09913544932271244,2.0,2.0,0.0,2.529106628867606,0.06600807448768813,2.529106628867606,0.06600807448768813,0.5291066288676061,0.06600807448768813,0.8787225484848022,0.827686071395874,-0.2223830223083496,-0.054633963853120804,1.0,1.0,20.0,1.0,1.239844799041748,-0.01505084428936243,-0.052342191207901984,210.82139645272628,207.54566220853522,211.0,208.0,1.0421738624572754,0.9622063636779785,0.9819948673248291,528,8,bf000000bf000000,191,191,1.0021188259124756,1,1,1,1,1,1779092740.4327297
1.051459121704102,2,forward_2mps,2.0,0.0,1.0404163599014282,-0.03495590016245842,0.15576353669166565,10.668797243931971,37.05617264422154,0.0,0.0,0.0,0.8586566956938405,0.5125511476332244,-0.5491261517636743,1.0184671932714071,0.0,0.0,0.0,-0.022278313255314097,2.0,2.0,0.0,2.529106628867606,0.06600807448768813,2.529106628867606,0.06600807448768813,0.5291066288676061,0.06600807448768813,0.8787225484848022,0.827686071395874,-0.2223830223083496,-0.054633963853120804,1.0,1.0,20.0,1.0,1.239844799041748,-0.01505084428936243,-0.052342191207901984,210.82139645272628,207.54566220853522,211.0,208.0,1.0421738624572754,1.0621895790100098,1.0820345878601074,528,8,bb000000bc000000,187,188,1.0021188259124756,1,1,1,1,1,1779092740.4327297
1.101459121704102,2,forward_2mps,2.0,0.0,1.118126630783081,-0.03549128770828247,0.16108167171478271,10.668797243931971,37.05617264422154,0.0,0.0,0.0,0.8586566956938405,0.5125511476332244,-0.5491261517636743,1.0184671932714071,0.0,0.0,0.0,-0.022278313255314097,2.0,2.0,0.0,2.529106628867606,0.06600807448768813,2.529106628867606,0.06600807448768813,0.5291066288676061,0.06600807448768813,0.8787225484848022,0.827686071395874,-0.2223830223083496,-0.054633963853120804,1.0,1.0,20.0,1.0,1.239844799041748,0.04911699518561363,-0.052342191207901984,210.82139645272628,207.54566220853522,211.0,208.0,1.142362117767334,1.0621895790100098,1.0820345878601074,528,8,bb000000bc000000,187,188,1.1019649505615234,1,1,1,1,1,1779092740.453461
1.1514591217041021,2,forward_2mps,2.0,0.0,1.118126630783081,-0.03549128770828247,0.16108167171478271,10.648903352868322,37.09312775243382,0.0,0.0,0.0,0.8583427976839392,0.5130766430701248,-0.5762174792709768,1.071852749684927,0.0,0.0,0.0,-0.051997969083592756,2.0,2.0,0.0,2.529106628867606,0.06600807448768813,2.529106628867606,0.06600807448768813,0.5291066288676061,0.06600807448768813,0.8787225484848022,0.827686071395874,-0.2223830223083496,-0.054633963853120804,1.0,1.0,20.0,1.0,1.239844799041748,0.04911699518561363,-0.052342191207901984,210.82139645272628,207.54566220853522,211.0,208.0,1.142362117767334,1.1621339321136475,1.182189702987671,528,8,b7000000b8000000,183,184,1.1019649505615234,1,1,1,1,1,1779092740.453461
1.2014591217041022,2,forward_2mps,2.0,0.0,1.1902934312820435,-0.04259040206670761,0.16746900975704193,10.648903352868322,37.09312775243382,0.0,0.0,0.0,0.8583427976839392,0.5130766430701248,-0.5762174792709768,1.071852749684927,0.0,0.0,0.0,-0.051997969083592756,2.0,2.0,0.0,2.529106628867606,0.06600807448768813,2.529106628867606,0.06600807448768813,0.5291066288676061,0.06600807448768813,0.8787225484848022,0.827686071395874,-0.2223830223083496,-0.054633963853120804,1.0,1.0,20.0,1.0,1.239844799041748,0.04911699518561363,0.028792282767963813,210.82139645272628,207.54566220853522,211.0,208.0,1.242401361465454,1.1621339321136475,1.182189702987671,528,8,b7000000b8000000,183,184,1.2019472122192383,1,1,1,1,1,1779092740.4728737
1.2514591217041022,2,forward_2mps,2.0,0.0,1.1902934312820435,-0.04259040206670761,0.16746900975704193,10.59562330989008,37.19259277912406,0.0,0.0,0.0,0.8579564257660539,0.5137224654292799,-0.6154223568392282,1.1489228993370617,0.0,0.0,0.0,0.03504271550618778,2.0,2.0,0.0,2.529106628867606,0.06600807448768813,2.529106628867606,0.06600807448768813,0.5291066288676061,0.06600807448768813,0.8787225484848022,0.827686071395874,-0.2223830223083496,-0.054633963853120804,1.0,1.0,20.0,1.0,1.239844799041748,0.04911699518561363,0.028792282767963813,210.82139645272628,207.54566220853522,211.0,208.0,1.242401361465454,1.2620906829833984,1.2821099758148193,528,8,b4000000b4000000,180,180,1.2019472122192383,1,1,1,1,1,1779092740.4728737
1.3014591217041023,2,forward_2mps,2.0,0.0,1.235303282737732,-0.03816689923405647,0.15537147223949432,10.59562330989008,37.19259277912406,0.0,0.0,0.0,0.8579564257660539,0.5137224654292799,-0.6154223568392282,1.1489228993370617,0.0,0.0,0.0,0.03504271550618778,2.0,2.0,0.0,2.44531290766139,0.0454725253195231,2.44531290766139,0.0454725253195231,0.44531290766139,0.0454725253195231,0.8875474333763123,0.7771407961845398,-0.1703311949968338,-0.03533855453133583,1.0,1.0,20.0,1.0,1.2397499084472656,0.34103500843048096,0.1408042314410396,203.38122935245252,201.1245977279868,203.0,201.0,1.3426315784454346,1.2620906829833984,1.2821099758148193,528,8,b4000000b4000000,180,180,1.301924705505371,1,1,1,1,1,1779092740.5526552
1.3514591217041023,2,forward_2mps,2.0,0.0,1.235303282737732,-0.03816689923405647,0.15537147223949432,10.531515105951243,37.311503960551256,0.0,0.0,0.0,0.8591378774487778,0.5117441817283405,-0.6492125637583197,1.1987004433727835,0.0,0.0,0.0,0.0303891878237446,2.0,2.0,0.0,2.44531290766139,0.0454725253195231,2.44531290766139,0.0454725253195231,0.44531290766139,0.0454725253195231,0.8875474333763123,0.7771407961845398,-0.1703311949968338,-0.03533855453133583,1.0,1.0,20.0,1.0,1.2397499084472656,0.34103500843048096,0.1408042314410396,203.38122935245252,201.1245977279868,203.0,201.0,1.3426315784454346,1.362281084060669,1.3820035457611084,528,8,b2000000b3000000,178,179,1.301924705505371,1,1,1,1,1,1779092740.5526552
1.4014591217041024,2,forward_2mps,2.0,0.0,1.283679723739624,-0.043053705245256424,0.1422642320394516,10.531515105951243,37.311503960551256,0.0,0.0,0.0,0.8591378774487778,0.5117441817283405,-0.6492125637583197,1.1987004433727835,0.0,0.0,0.0,0.0303891878237446,2.0,2.0,0.0,2.425852102889073,0.028439608986981835,2.425852102889073,0.028439608986981835,0.42585210288907316,0.028439608986981835,0.9194480180740356,0.915545642375946,-0.23044490814208984,-0.026037760078907013,1.0,1.0,20.0,1.0,1.2415838241577148,0.6910281181335449,-0.10092304788950777,201.34897755524017,199.93762596267948,201.0,200.0,1.4424853324890137,1.362281084060669,1.3820035457611084,528,8,b2000000b3000000,178,179,1.4019193649291992,1,1,1,1,1,1779092740.6527762
1.4514591217041024,2,forward_2mps,2.0,0.0,1.283679723739624,-0.043053705245256424,0.1422642320394516,10.506400250699281,37.357838343484296,0.0,0.0,0.0,0.8592392756743696,0.5115739117063971,-0.6591952422669612,1.2159812240658285,0.0,0.0,0.0,0.00012822638256063633,2.0,2.0,0.0,2.425852102889073,0.028439608986981835,2.425852102889073,0.028439608986981835,0.42585210288907316,0.028439608986981835,0.9194480180740356,0.915545642375946,-0.23044490814208984,-0.026037760078907013,1.0,1.0,20.0,1.0,1.2415838241577148,0.6910281181335449,-0.10092304788950777,201.34897755524017,199.93762596267948,201.0,200.0,1.4424853324890137,1.4621248245239258,1.482039451599121,528,8,b0000000b1000000,176,177,1.4019193649291992,1,1,1,1,1,1779092740.6527762
1.5014591217041025,2,forward_2mps,2.0,0.0,1.3038667440414429,-0.03420460224151611,0.15374232828617096,10.506400250699281,37.357838343484296,0.0,0.0,0.0,0.8592392756743696,0.5115739117063971,-0.6591952422669612,1.2159812240658285,0.0,0.0,0.0,0.00012822638256063633,2.0,2.0,0.0,2.306272731276209,-0.0017548282361339004,2.306272731276209,-0.0017548282361339004,0.3062727312762088,-0.0017548282361339004,0.9379567503929138,0.8597314953804016,-0.16318407654762268,0.0015086811035871506,1.0,1.0,20.0,1.0,1.2401409149169922,0.9381301999092102,0.09913544932271244,190.70929618897395,190.79638176131326,191.0,191.0,1.5424890518188477,1.4621248245239258,1.482039451599121,528,8,b0000000b1000000,176,177,1.5019521713256836,1,1,1,1,1,1779092740.7526586
1.5514591217041025,2,forward_2mps,2.0,0.0,1.3038667440414429,-0.03420460224151611,0.15374232828617096,10.40921457573415,37.5370907836323,0.0,0.0,0.0,0.8594515448689523,0.5112172160856591,-0.6792488295035111,1.2504941536162906,0.0,0.0,0.0,0.02431260529340974,2.0,2.0,0.0,2.306272731276209,-0.0017548282361339004,2.306272731276209,-0.0017548282361339004,0.3062727312762088,-0.0017548282361339004,0.9379567503929138,0.8597314953804016,-0.16318407654762268,0.0015086811035871506,1.0,1.0,20.0,1.0,1.2401409149169922,0.9381301999092102,0.09913544932271244,190.70929618897395,190.79638176131326,191.0,191.0,1.5424890518188477,1.5621705055236816,1.5819666385650635,528,8,ae000000af000000,174,175,1.5019521713256836,1,1,1,1,1,1779092740.7526586
1.6014591217041025,2,forward_2mps,2.0,0.0,1.3396302461624146,-0.03926216810941696,0.14371946454048157,10.40921457573415,37.5370907836323,0.0,0.0,0.0,0.8594515448689523,0.5112172160856591,-0.6792488295035111,1.2504941536162906,0.0,0.0,0.0,0.02431260529340974,2.0,2.0,0.0,2.2507571981553225,-0.006924378374550777,2.2507571981553225,-0.006924378374550777,0.2507571981553225,-0.006924378374550777,0.955353319644928,0.8768900036811829,-0.15026836097240448,0.006071918178349733,1.0,1.0,20.0,1.0,1.2396361827850342,1.118126630783081,-0.051997969083592756,185.98930912415608,186.33294016531732,186.0,186.0,1.6424496173858643,1.5621705055236816,1.5819666385650635,528,8,ae000000af000000,174,175,1.601926326751709,1,1,1,1,1,1779092740.852664
1.6514591217041026,2,forward_2mps,2.0,0.0,1.3396302461624146,-0.03926216810941696,0.14371946454048157,10.345970050808353,37.65312866572587,0.0,0.0,0.0,0.8600299641996894,0.5102435307563251,-0.6916414004054483,1.2664610814919328,0.0,0.0,0.0,0.017905147619332897,2.0,2.0,0.0,2.2507571981553225,-0.006924378374550777,2.2507571981553225,-0.006924378374550777,0.2507571981553225,-0.006924378374550777,0.955353319644928,0.8768900036811829,-0.15026836097240448,0.006071918178349733,1.0,1.0,20.0,1.0,1.2396361827850342,1.118126630783081,-0.051997969083592756,185.98930912415608,186.33294016531732,186.0,186.0,1.6424496173858643,1.6621267795562744,1.682006597518921,528,8,ab000000ac000000,171,172,1.601926326751709,1,1,1,1,1,1779092740.852664
1.7014591217041026,2,forward_2mps,2.0,0.0,1.359095573425293,-0.041123341768980026,0.14995457231998444,10.345970050808353,37.65312866572587,0.0,0.0,0.0,0.8600299641996894,0.5102435307563251,-0.6916414004054483,1.2664610814919328,0.0,0.0,0.0,0.017905147619332897,2.0,2.0,0.0,2.2179476973464425,-0.01200156369221598,2.2179476973464425,-0.01200156369221598,0.21794769734644248,-0.01200156369221598,0.9598801136016846,0.8606923818588257,-0.1289638876914978,0.010329654440283775,1.0,1.0,20.0,1.0,1.2408065795898438,1.235303282737732,0.038027030205670484,183.1496399081777,183.74523269702303,183.0,184.0,1.7424521446228027,1.6621267795562744,1.682006597518921,528,8,ab000000ac000000,171,172,1.7020037174224854,1,1,1,1,1,1779092740.9529216
1.7514591217041027,2,forward_2mps,2.0,0.0,1.359095573425293,-0.041123341768980026,0.14995457231998444,10.281484716238644,37.771137545307226,0.0,0.0,0.0,0.8602192987041356,0.5099242670602813,-0.6925813875330333,1.2659472814186787,0.0,0.0,0.0,0.021779804814186808,2.0,2.0,0.0,2.2179476973464425,-0.01200156369221598,2.2179476973464425,-0.01200156369221598,0.21794769734644248,-0.01200156369221598,0.9598801136016846,0.8606923818588257,-0.1289638876914978,0.010329654440283775,1.0,1.0,20.0,1.0,1.2408065795898438,1.235303282737732,0.038027030205670484,183.1496399081777,183.74523269702303,183.0,184.0,1.7424521446228027,1.7623684406280518,1.7820031642913818,528,8,aa000000ad000000,170,173,1.7020037174224854,1,1,1,1,1,1779092740.9529216
1.8014591217041027,2,forward_2mps,2.0,0.0,1.3743069171905518,-0.04642116650938988,0.15407155454158783,10.281484716238644,37.771137545307226,0.0,0.0,0.0,0.8602192987041356,0.5099242670602813,-0.6925813875330333,1.2659472814186787,0.0,0.0,0.0,0.021779804814186808,2.0,2.0,0.0,2.1755530950310633,-0.0167081730648979,2.1755530950310633,-0.0167081730648979,0.1755530950310633,-0.0167081730648979,0.9659062027931213,0.8292863368988037,-0.10138022899627686,0.013855859637260437,1.0,1.0,20.0,1.0,1.2401540279388428,1.3038667440414429,0.021310623414116037,179.52637785183256,180.35554208804678,180.0,180.0,1.8423213958740234,1.7623684406280518,1.7820031642913818,528,8,aa000000ad000000,170,173,1.8020594120025635,1,1,1,1,1,1779092741.0527139
1.8514591217041028,2,forward_2mps,2.0,0.0,1.3743069171905518,-0.04642116650938988,0.15407155454158783,10.246899671219753,37.83429932235657,0.0,0.0,0.0,0.8603914644024642,0.5096337194332644,-0.6870451983562346,1.2538157843330455,0.0,0.0,0.0,0.010819669391067828,2.0,2.0,0.0,2.1755530950310633,-0.0167081730648979,2.1755530950310633,-0.0167081730648979,0.1755530950310633,-0.0167081730648979,0.9659062027931213,0.8292863368988037,-0.10138022899627686,0.013855859637260437,1.0,1.0,20.0,1.0,1.2401540279388428,1.3038667440414429,0.021310623414116037,179.52637785183256,180.35554208804678,180.0,180.0,1.8423213958740234,1.8621933460235596,1.8821401596069336,528,8,aa000000ad000000,170,173,1.8020594120025635,1,1,1,1,1,1779092741.0527139
1.9014591217041028,2,forward_2mps,2.0,0.0,1.3853816986083984,-0.03656257688999176,0.15582191944122314,10.246899671219753,37.83429932235657,0.0,0.0,0.0,0.8603914644024642,0.5096337194332644,-0.6870451983562346,1.2538157843330455,0.0,0.0,0.0,0.010819669391067828,2.0,2.0,0.0,2.1417927387430638,-0.0185202912213159,2.1417927387430638,-0.0185202912213159,0.14179273874306375,-0.0185202912213159,0.9736005663871765,0.8228052258491516,-0.085250623524189,0.015238592401146889,1.0,1.0,20.0,1.0,1.2392094135284424,1.359095573425293,0.017588904798148456,176.68907950334284,177.60817239670354,177.0,178.0,1.9422907829284668,1.8621933460235596,1.8821401596069336,528,8,aa000000ad000000,170,173,1.901940107345581,1,1,1,1,1,1779092741.1523874
1.9514591217041029,2,forward_2mps,2.0,0.0,1.3853816986083984,-0.03656257688999176,0.15582191944122314,10.187512066224906,37.94250705012816,0.0,0.0,0.0,0.8606836351516941,0.50914013805834,-0.6884830564955446,1.253026817967437,0.0,0.0,0.0,0.012925430819800562,2.0,2.0,0.0,2.1417927387430638,-0.0185202912213159,2.1417927387430638,-0.0185202912213159,0.14179273874306375,-0.0185202912213159,0.9736005663871765,0.8228052258491516,-0.085250623524189,0.015238592401146889,1.0,1.0,20.0,1.0,1.2392094135284424,1.359095573425293,0.017588904798148456,176.68907950334284,177.60817239670354,177.0,178.0,1.9422907829284668,1.9621996879577637,1.982025146484375,528,8,aa000000ad000000,170,173,1.901940107345581,1,1,1,1,1,1779092741.1523874
2.001459121704103,2,stop_after_2mps,0.0,0.0,1.3875643014907837,-0.03392868861556053,0.15706588327884674,10.187512066224906,37.94250705012816,0.0,0.0,0.0,0.8606836351516941,0.50914013805834,-0.6884830564955446,1.253026817967437,0.0,0.0,0.0,0.012925430819800562,2.0,2.0,0.0,2.130160693990747,-0.019321192626820305,2.130160693990747,-0.019321192626820305,0.13016069399074714,-0.019321192626820305,0.9757908582687378,0.8151369094848633,-0.07859133183956146,0.01574941724538803,1.0,1.0,20.0,1.0,1.2397406101226807,1.3853816986083984,0.02734589099630711,175.70711505745143,176.6659536967772,176.0,177.0,2.043631076812744,1.9621996879577637,1.982025146484375,528,8,aa000000ad000000,170,173,2.0027785301208496,1,1,1,1,1,1779092741.2528179
2.0514591217041027,2,stop_after_2mps,0.0,0.0,1.3875643014907837,-0.03392868861556053,0.15706588327884674,10.144637703309405,38.020358422921795,0.0,0.0,0.0,0.8610752523313036,0.5084775411191549,-0.6968335141595964,1.2636117090437682,0.0,0.0,0.0,0.02029192357608145,2.0,2.0,0.0,2.130160693990747,-0.019321192626820305,2.130160693990747,-0.019321192626820305,0.13016069399074714,-0.019321192626820305,0.9757908582687378,0.8151369094848633,-0.07859133183956146,0.01574941724538803,1.0,1.0,20.0,1.0,1.2397406101226807,1.3853816986083984,0.02734589099630711,175.70711505745143,176.6659536967772,176.0,177.0,2.043631076812744,2.0631515979766846,2.083028554916382,528,8,aa000000ac000000,170,172,2.0027785301208496,1,1,1,1,1,1779092741.2528179
2.1014591217041025,2,stop_after_2mps,0.0,0.0,1.402093768119812,-0.035039279609918594,0.16277967393398285,10.144637703309405,38.020358422921795,0.0,0.0,0.0,0.8610752523313036,0.5084775411191549,-0.6968335141595964,1.2636117090437682,0.0,0.0,0.0,0.02029192357608145,2.0,2.0,0.0,2.105417118575053,-0.02193993706597798,2.105417118575053,-0.02193993706597798,0.10541711857505298,-0.02193993706597798,0.9816316366195679,0.8089821338653564,-0.06674405187368393,0.017749017104506493,1.0,1.0,20.0,1.0,1.2397358417510986,1.402093768119812,0.011872252755197463,173.5955837230197,174.6843808697359,174.0,175.0,2.1434977054595947,2.0631515979766846,2.083028554916382,528,8,aa000000ac000000,170,172,2.102962017059326,1,1,1,1,1,1779092741.3529701
2.1514591217041024,2,stop_after_2mps,0.0,0.0,1.402093768119812,-0.035039279609918594,0.16277967393398285,9.98336766806752,38.31170509413003,0.0,0.0,0.0,0.861917509608615,0.5070485249264444,-0.70102172931221,1.261293000345536,0.0,0.0,0.0,0.01916011558142074,2.0,2.0,0.0,2.105417118575053,-0.02193993706597798,2.105417118575053,-0.02193993706597798,0.10541711857505298,-0.02193993706597798,0.9816316366195679,0.8089821338653564,-0.06674405187368393,0.017749017104506493,1.0,1.0,20.0,1.0,1.2397358417510986,1.402093768119812,0.011872252755197463,173.5955837230197,174.6843808697359,174.0,175.0,2.1434977054595947,2.1633284091949463,2.183025598526001,528,8,aa000000ac000000,170,172,2.102962017059326,1,1,1,1,1,1779092741.3529701
2.201459121704102,2,stop_after_2mps,0.0,0.0,1.3984426259994507,-0.03344811499118805,0.16573314368724823,9.98336766806752,38.31170509413003,0.0,0.0,0.0,0.861917509608615,0.5070485249264444,-0.70102172931221,1.261293000345536,0.0,0.0,0.0,0.01916011558142074,2.0,2.0,0.0,2.077104560883646,-0.04519081479411014,2.077104560883646,-0.04519081479411014,0.07710456088364603,-0.04519081479411014,0.9904542565345764,0.7561651468276978,-0.05727705359458923,0.03417171910405159,1.0,1.0,20.0,1.0,1.1401598453521729,1.4118597507476807,0.010819669391067828,170.6769124194961,172.91956380257162,171.0,173.0,2.24324107170105,2.1633284091949463,2.183025598526001,528,8,aa000000ac000000,170,172,2.202972888946533,1,1,1,1,1,1779092741.453623
2.251459121704102,2,stop_after_2mps,0.0,0.0,1.3984426259994507,-0.03344811499118805,0.16573314368724823,9.863292024897225,38.527234641436245,0.0,0.0,0.0,0.8623992291578914,0.5062287719478958,-0.6936942861400709,1.2425388677973135,0.0,0.0,0.0,0.02908020207476781,2.0,2.0,0.0,2.077104560883646,-0.04519081479411014,2.077104560883646,-0.04519081479411014,0.07710456088364603,-0.04519081479411014,0.9904542565345764,0.7561651468276978,-0.05727705359458923,0.03417171910405159,1.0,1.0,20.0,1.0,1.1401598453521729,1.4118597507476807,0.010819669391067828,170.6769124194961,172.91956380257162,171.0,173.0,2.24324107170105,2.263129711151123,2.2831335067749023,528,8,aa000000ac000000,170,172,2.202972888946533,1,1,1,1,1,1779092741.453623
2.301459121704102,2,stop_after_2mps,0.0,0.0,1.4118597507476807,-0.04238271340727806,0.16408179700374603,9.863292024897225,38.527234641436245,0.0,0.0,0.0,0.8623992291578914,0.5062287719478958,-0.6936942861400709,1.2425388677973135,0.0,0.0,0.0,0.02908020207476781,2.0,2.0,0.0,2.0743023026614105,-0.045719126813549234,2.0743023026614105,-0.045719126813549234,0.07430230266141047,-0.045719126813549234,0.9904782176017761,0.7487188577651978,-0.054551247507333755,0.03423077240586281,1.0,1.0,20.0,1.0,1.14005708694458,1.4103962182998657,0.012925430819800562,170.4320273245784,172.70089686031366,170.0,173.0,2.3439128398895264,2.263129711151123,2.2831335067749023,528,8,aa000000ac000000,170,172,2.3029603958129883,1,1,1,1,1,1779092741.5528998
2.3514591217041017,2,stop_after_2mps,0.0,0.0,1.4118597507476807,-0.04238271340727806,0.16408179700374603,9.663485272557951,38.88330816231288,0.0,0.0,0.0,0.8635535617721135,0.504257122855688,-0.6993646989486615,1.2393561306076881,0.0,0.0,0.0,0.030016216765526797,2.0,2.0,0.0,2.0743023026614105,-0.045719126813549234,2.0743023026614105,-0.045719126813549234,0.07430230266141047,-0.045719126813549234,0.9904782176017761,0.7487188577651978,-0.054551247507333755,0.03423077240586281,1.0,1.0,20.0,1.0,1.14005708694458,1.4103962182998657,0.012925430819800562,170.4320273245784,172.70089686031366,170.0,173.0,2.3439128398895264,2.3632447719573975,2.383044481277466,528,8,aa000000ac000000,170,172,2.3029603958129883,1,1,1,1,1,1779092741.5528998
2.4014591217041015,2,stop_after_2mps,0.0,0.0,1.4080510139465332,-0.03599487990140915,0.14701221883296967,9.663485272557951,38.88330816231288,0.0,0.0,0.0,0.8635535617721135,0.504257122855688,-0.6993646989486615,1.2393561306076881,0.0,0.0,0.0,0.030016216765526797,2.0,2.0,0.0,2.0731293476384107,-0.044619585207162124,2.0731293476384107,-0.044619585207162124,0.07312934763841072,-0.044619585207162124,0.9910970330238342,0.7428464889526367,-0.05467234551906586,0.03314550220966339,1.0,1.0,20.0,1.0,1.139934778213501,1.407534122467041,-0.00896257623689375,170.3622947671278,172.5765981589343,170.0,173.0,2.4432244300842285,2.3632447719573975,2.383044481277466,528,8,aa000000ac000000,170,172,2.402968645095825,1,1,1,1,1,1779092741.6525104
2.4514591217041013,2,stop_after_2mps,0.0,0.0,1.4080510139465332,-0.03599487990140915,0.14701221883296967,9.526999492675237,39.12454194887365,0.0,0.0,0.0,0.8641446169570866,0.5032435603006662,-0.6727363031036954,1.1856582865101268,0.0,0.0,0.0,0.02941633246315465,2.0,2.0,0.0,2.0731293476384107,-0.044619585207162124,2.0731293476384107,-0.044619585207162124,0.07312934763841072,-0.044619585207162124,0.9910970330238342,0.7428464889526367,-0.05467234551906586,0.03314550220966339,1.0,1.0,20.0,1.0,1.139934778213501,1.407534122467041,-0.00896257623689375,170.3622947671278,172.5765981589343,170.0,173.0,2.4432244300842285,2.463097333908081,2.4832303524017334,528,8,aa000000ac000000,170,172,2.402968645095825,1,1,1,1,1,1779092741.6525104
2.501459121704101,2,stop_after_2mps,0.0,0.0,1.4103962182998657,-0.0289613027125597,0.15495489537715912,9.526999492675237,39.12454194887365,0.0,0.0,0.0,0.8641446169570866,0.5032435603006662,-0.6727363031036954,1.1856582865101268,0.0,0.0,0.0,0.02941633246315465,2.0,2.0,0.0,2.070165924629381,-0.045274430560553205,2.070165924629381,-0.045274430560553205,0.07016592462938087,-0.045274430560553205,0.9925843477249146,0.7401077747344971,-0.05481429398059845,0.03350795805454254,1.0,1.0,20.0,1.0,1.1383981704711914,1.399265170097351,0.02180388194145876,170.10093997289326,172.34774089421262,170.0,172.0,2.5432562828063965,2.463097333908081,2.4832303524017334,528,8,aa000000ac000000,170,172,2.5031630992889404,1,1,1,1,1,1779092741.7527916
2.551459121704101,2,stop_after_2mps,0.0,0.0,1.4103962182998657,-0.0289613027125597,0.15495489537715912,9.476776753476376,39.212883255842655,0.0,0.0,0.0,0.8645390594476177,0.5025656322207366,-0.6219440204634461,1.0921448302887535,0.0,0.0,0.0,0.03351370684389486,2.0,2.0,0.0,2.070165924629381,-0.045274430560553205,2.070165924629381,-0.045274430560553205,0.07016592462938087,-0.045274430560553205,0.9925843477249146,0.7401077747344971,-0.05481429398059845,0.03350795805454254,1.0,1.0,20.0,1.0,1.1383981704711914,1.399265170097351,0.02180388194145876,170.10093997289326,172.34774089421262,170.0,172.0,2.5432562828063965,2.5632262229919434,2.5829732418060303,528,8,0000000000000000,0,0,2.5031630992889404,1,1,1,1,1,1779092741.7527916
2.6014591217041008,2,stop_after_2mps,0.0,0.0,1.3951917886734009,-0.01950337551534176,0.17406624555587769,9.476776753476376,39.212883255842655,0.0,0.0,0.0,0.8645390594476177,0.5025656322207366,-0.6219440204634461,1.0921448302887535,0.0,0.0,0.0,0.03351370684389486,2.0,2.0,0.0,2.0698508176984842,-0.04534022325818983,2.0698508176984842,-0.04534022325818983,0.06985081769848422,-0.04534022325818983,0.9927468299865723,0.7416548132896423,-0.05483783781528473,0.03362679481506348,1.0,1.0,20.0,1.0,1.139383316040039,1.4023529291152954,0.0004460046932094029,170.07324481614074,172.32331078335548,170.0,172.0,2.6435792446136475,2.5632262229919434,2.5829732418060303,528,8,0000000000000000,0,0,2.602924108505249,1,1,1,1,1,1779092741.8526108
2.6514591217041006,2,stop_after_2mps,0.0,0.0,1.3951917886734009,-0.01950337551534176,0.17406624555587769,9.459357923811288,39.24344314999418,0.0,0.0,0.0,0.8646955695863583,0.5022962989488609,-0.5863869243189793,1.0282157192246597,0.0,0.0,0.0,0.01858283502975294,2.0,2.0,0.0,2.0698508176984842,-0.04534022325818983,2.0698508176984842,-0.04534022325818983,0.06985081769848422,-0.04534022325818983,0.9927468299865723,0.7416548132896423,-0.05483783781528473,0.03362679481506348,1.0,1.0,20.0,1.0,1.139383316040039,1.4023529291152954,0.0004460046932094029,170.07324481614074,172.32331078335548,170.0,172.0,2.6435792446136475,2.6631383895874023,2.683337926864624,528,8,0000000000000000,0,0,2.602924108505249,1,1,1,1,1,1779092741.8526108
2.7014591217041004,2,stop_after_2mps,0.0,0.0,1.407534122467041,-0.03165232017636299,0.16484434902668,9.459357923811288,39.24344314999418,0.0,0.0,0.0,0.8646955695863583,0.5022962989488609,-0.5863869243189793,1.0282157192246597,0.0,0.0,0.0,0.01858283502975294,2.0,2.0,0.0,2.0689142989601046,-0.045142871103454864,2.0689142989601046,-0.045142871103454864,0.06891429896010459,-0.045142871103454864,0.9934457540512085,0.738926887512207,-0.055354125797748566,0.03335728123784065,1.0,1.0,20.0,1.0,1.1395111083984375,1.3981146812438965,0.011304621542411616,170.00068186177214,172.24095397851556,170.0,172.0,2.743288516998291,2.6631383895874023,2.683337926864624,528,8,0000000000000000,0,0,2.7029612064361572,1,1,1,1,1,1779092741.9526737
2.7514591217041002,2,stop_after_2mps,0.0,0.0,1.407534122467041,-0.03165232017636299,0.16484434902668,9.445085635512969,39.26845985343272,0.0,0.0,0.0,0.8647632674715897,0.5021797399655424,-0.5570013031163744,0.9760771603306114,0.0,0.0,0.0,0.01441490439751758,2.0,2.0,0.0,2.0689142989601046,-0.045142871103454864,2.0689142989601046,-0.045142871103454864,0.06891429896010459,-0.045142871103454864,0.9934457540512085,0.738926887512207,-0.055354125797748566,0.03335728123784065,1.0,1.0,20.0,1.0,1.1395111083984375,1.3981146812438965,0.011304621542411616,170.00068186177214,172.24095397851556,170.0,172.0,2.743288516998291,2.763253927230835,2.7829816341400146,528,8,0000000000000000,0,0,2.7029612064361572,1,1,1,1,1,1779092741.9526737
2.8014591217041,2,stop_after_2mps,0.0,0.0,1.3988251686096191,-0.037986528128385544,0.17402148246765137,9.445085635512969,39.26845985343272,0.0,0.0,0.0,0.8647632674715897,0.5021797399655424,-0.5570013031163744,0.9760771603306114,0.0,0.0,0.0,0.01441490439751758,2.0,2.0,0.0,2.069380528324469,-0.04418798770874396,2.069380528324469,-0.04418798770874396,0.06938052832446884,-0.04418798770874396,0.9936264753341675,0.7363064289093018,-0.056191280484199524,0.03253589943051338,1.0,1.0,20.0,1.0,1.1391527652740479,1.3969361782073975,0.02033545588186693,170.0629375475149,172.25582236718077,170.0,172.0,2.8432319164276123,2.763253927230835,2.7829816341400146,528,8,0000000000000000,0,0,2.802988052368164,1,1,1,1,1,1779092742.052724
2.8514591217041,2,stop_after_2mps,0.0,0.0,1.3988251686096191,-0.037986528128385544,0.17402148246765137,9.435380854709338,39.285456412874716,0.0,0.0,0.0,0.8648663520774237,0.5020021843023095,-0.5343143951082947,0.9354286068682197,0.0,0.0,0.0,0.027745562241225194,2.0,2.0,0.0,2.069380528324469,-0.04418798770874396,2.069380528324469,-0.04418798770874396,0.06938052832446884,-0.04418798770874396,0.9936264753341675,0.7363064289093018,-0.056191280484199524,0.03253589943051338,1.0,1.0,20.0,1.0,1.1391527652740479,1.3969361782073975,0.02033545588186693,170.0629375475149,172.25582236718077,170.0,172.0,2.8432319164276123,2.863177537918091,2.8830175399780273,528,8,0000000000000000,0,0,2.802988052368164,1,1,1,1,1,1779092742.052724
2.9014591217040997,2,stop_after_2mps,0.0,0.0,1.399265170097351,-0.024917909875512123,0.18442581593990326,9.435380854709338,39.285456412874716,0.0,0.0,0.0,0.8648663520774237,0.5020021843023095,-0.5343143951082947,0.9354286068682197,0.0,0.0,0.0,0.027745562241225194,2.0,2.0,0.0,2.068115695862574,-0.04318029959290822,2.068115695862574,-0.04318029959290822,0.06811569586257393,-0.04318029959290822,0.9943183064460754,0.739238440990448,-0.05636529624462128,0.03192053735256195,1.0,1.0,20.0,1.0,1.1400704383850098,1.3968913555145264,0.029663680465000557,169.9833265935391,172.12620361500564,170.0,172.0,2.943267822265625,2.863177537918091,2.8830175399780273,528,8,0000000000000000,0,0,2.9029459953308105,1,1,1,1,1,1779092742.153489
2.9514591217040995,2,stop_after_2mps,0.0,0.0,1.399265170097351,-0.024917909875512123,0.18442581593990326,9.434382250393774,39.287204497394875,0.0,0.0,0.0,0.8648774994416881,0.501982978754751,-0.5310574458203476,0.9296307715545508,0.0,0.0,0.0,0.027649372052157953,2.0,2.0,0.0,2.068115695862574,-0.04318029959290822,2.068115695862574,-0.04318029959290822,0.06811569586257393,-0.04318029959290822,0.9943183064460754,0.739238440990448,-0.05636529624462128,0.03192053735256195,1.0,1.0,20.0,1.0,1.1400704383850098,1.3968913555145264,0.029663680465000557,169.9833265935391,172.12620361500564,170.0,172.0,2.943267822265625,2.963186502456665,2.983067512512207,528,8,0000000000000000,0,0,2.9029459953308105,1,1,1,1,1,1779092742.153489
3.0014591217040993,2,stop_after_2mps,0.0,0.0,1.3992812633514404,-0.027262471616268158,0.17517215013504028,9.434382250393774,39.287204497394875,0.0,0.0,0.0,0.8648774994416881,0.501982978754751,-0.5310574458203476,0.9296307715545508,0.0,0.0,0.0,0.027649372052157953,2.0,0.0,0.0,0.0,0.0,0.03229293805081749,-0.03504309837424197,0.03229293805081749,-0.03504309837424197,0.973576545715332,0.7549468874931335,-0.0314396470785141,0.026455678045749664,1.0,0.0,20.0,1.0,1.1394858360290527,1.3973240852355957,0.03498838955396531,0.0,0.0,0.0,0.0,3.043250799179077,2.963186502456665,2.983067512512207,528,8,0000000000000000,0,0,3.003060817718506,1,1,1,1,1,1779092742.25321
3.051459121704099,2,stop_after_2mps,0.0,0.0,1.3992812633514404,-0.027262471616268158,0.17517215013504028,9.431090066544835,39.292965728952986,0.0,0.0,0.0,0.8649117852542513,0.5019239023281357,-0.5278851550709821,0.9237845618590272,0.0,0.0,0.0,0.020551131050241436,2.0,0.0,0.0,0.0,0.0,0.03229293805081749,-0.03504309837424197,0.03229293805081749,-0.03504309837424197,0.973576545715332,0.7549468874931335,-0.0314396470785141,0.026455678045749664,1.0,0.0,20.0,1.0,1.1394858360290527,1.3973240852355957,0.03498838955396531,0.0,0.0,0.0,0.0,3.043250799179077,3.0632786750793457,3.0830788612365723,528,8,0000000000000000,0,0,3.003060817718506,1,1,1,1,1,1779092742.25321
3.101459121704099,2,stop_after_2mps,0.0,0.0,1.4023529291152954,-0.01594291627407074,0.15774868428707123,9.431090066544835,39.292965728952986,0.0,0.0,0.0,0.8649117852542513,0.5019239023281357,-0.5278851550709821,0.9237845618590272,0.0,0.0,0.0,0.020551131050241436,2.0,0.0,0.0,0.0,0.0,-0.12303091699534949,0.005962974056937021,-0.12303091699534949,0.005962974056937021,1.0234448909759521,0.6525846123695374,0.12591536343097687,-0.003891345113515854,1.0,0.0,20.0,1.0,1.1408441066741943,1.3925975561141968,-0.003578408203212755,0.0,0.0,0.0,0.0,3.1432855129241943,3.0632786750793457,3.0830788612365723,528,8,0000000000000000,0,0,3.1029627323150635,1,1,1,1,1,1779092742.353467
3.151459121704099,2,stop_after_2mps,0.0,0.0,1.4023529291152954,-0.01594291627407074,0.15774868428707123,9.42914965281237,39.29636091271157,0.0,0.0,0.0,0.8649272949785468,0.5018971751276289,-0.5213429684026348,0.9122050361518623,0.0,0.0,0.0,0.018733434780486335,2.0,0.0,0.0,0.0,0.0,-0.12303091699534949,0.005962974056937021,-0.12303091699534949,0.005962974056937021,1.0234448909759521,0.6525846123695374,0.12591536343097687,-0.003891345113515854,1.0,0.0,20.0,1.0,1.1408441066741943,1.3925975561141968,-0.003578408203212755,0.0,0.0,0.0,0.0,3.1432855129241943,3.163386821746826,3.183012008666992,528,8,0000000000000000,0,0,3.1029627323150635,1,1,1,1,1,1779092742.353467
3.2014591217040986,2,stop_after_2mps,0.0,0.0,1.4017442464828491,-0.018687324598431587,0.17453227937221527,9.42914965281237,39.29636091271157,0.0,0.0,0.0,0.8649272949785468,0.5018971751276289,-0.5213429684026348,0.9122050361518623,0.0,0.0,0.0,0.018733434780486335,2.0,0.0,0.0,0.0,0.0,-0.12068566422776437,0.012376837071496744,-0.12068566422776437,0.012376837071496744,1.0144193172454834,0.6633557081222534,0.1224258691072464,-0.00821024551987648,1.0,0.0,20.0,1.0,1.1409153938293457,1.3760902881622314,0.012500802514809561,0.0,0.0,0.0,0.0,3.2432548999786377,3.163386821746826,3.183012008666992,528,8,0000000000000000,0,0,3.2030022144317627,1,1,1,1,1,1779092742.4534364
3.2514591217040985,2,stop_after_2mps,0.0,0.0,1.4017442464828491,-0.018687324598431587,0.17453227937221527,9.426463071290366,39.30106078038681,0.0,0.0,0.0,0.8649480407330036,0.5018614219404979,-0.5148181480295329,0.9006155788446634,0.0,0.0,0.0,0.015928080558584065,2.0,0.0,0.0,0.0,0.0,-0.12068566422776437,0.012376837071496744,-0.12068566422776437,0.012376837071496744,1.0144193172454834,0.6633557081222534,0.1224258691072464,-0.00821024551987648,1.0,0.0,20.0,1.0,1.1409153938293457,1.3760902881622314,0.012500802514809561,0.0,0.0,0.0,0.0,3.2432548999786377,3.2631797790527344,3.2830705642700195,528,8,0000000000000000,0,0,3.2030022144317627,1,1,1,1,1,1779092742.4534364
3.3014591217040983,2,stop_after_2mps,0.0,0.0,1.3981146812438965,-0.009444089606404305,0.14698772132396698,9.426463071290366,39.30106078038681,0.0,0.0,0.0,0.8649480407330036,0.5018614219404979,-0.5148181480295329,0.9006155788446634,0.0,0.0,0.0,0.015928080558584065,2.0,0.0,0.0,0.0,0.0,-0.11266809594440577,0.026147208880650856,-0.11266809594440577,0.026147208880650856,0.9994035959243774,0.6779316663742065,0.1126009002327919,-0.017726020887494087,1.0,0.0,20.0,1.0,1.1401548385620117,1.3412843942642212,0.014544484953162212,0.0,0.0,0.0,0.0,3.344381332397461,3.2631797790527344,3.2830705642700195,528,8,0000000000000000,0,0,3.3030011653900146,1,1,1,1,1,1779092742.553374
3.351459121704098,2,stop_after_2mps,0.0,0.0,1.3981146812438965,-0.009444089606404305,0.14698772132396698,9.424534834349792,39.304433541274825,0.0,0.0,0.0,0.8649630899062801,0.5018354840979067,-0.5082712363496676,0.8890387433158884,0.0,0.0,0.0,0.01543429986429815,2.0,0.0,0.0,0.0,0.0,-0.11266809594440577,0.026147208880650856,-0.11266809594440577,0.026147208880650856,0.9994035959243774,0.6779316663742065,0.1126009002327919,-0.017726020887494087,1.0,0.0,20.0,1.0,1.1401548385620117,1.3412843942642212,0.014544484953162212,0.0,0.0,0.0,0.0,3.344381332397461,3.363211154937744,3.383026361465454,528,8,0000000000000000,0,0,3.3030011653900146,1,1,1,1,1,1779092742.553374
3.401459121704098,2,stop_after_2mps,0.0,0.0,1.4102346897125244,-0.015648499131202698,0.1601712852716446,9.424534834349792,39.304433541274825,0.0,0.0,0.0,0.8649630899062801,0.5018354840979067,-0.5082712363496676,0.8890387433158884,0.0,0.0,0.0,0.01543429986429815,2.0,0.0,0.0,0.0,0.0,-0.10573373830740576,0.0435073273504774,-0.10573373830740576,0.0435073273504774,0.9832010865211487,0.6859697103500366,0.10395752638578415,-0.029844708740711212,1.0,0.0,20.0,1.0,1.1406257152557373,1.1577987670898438,0.018733434780486335,0.0,0.0,0.0,0.0,3.4433231353759766,3.363211154937744,3.383026361465454,528,8,0000000000000000,0,0,3.4029290676116943,1,1,1,1,1,1779092742.6535075
3.4514591217040977,2,stop_after_2mps,0.0,0.0,1.4102346897125244,-0.015648499131202698,0.1601712852716446,9.421124859558962,39.310397322614676,0.0,0.0,0.0,0.864976685003244,0.5018120508724346,-0.5017178554419074,0.8774656024431998,0.0,0.0,0.0,0.009903594839015506,2.0,0.0,0.0,0.0,0.0,-0.10573373830740576,0.0435073273504774,-0.10573373830740576,0.0435073273504774,0.9832010865211487,0.6859697103500366,0.10395752638578415,-0.029844708740711212,1.0,0.0,20.0,1.0,1.1406257152557373,1.1577987670898438,0.018733434780486335,0.0,0.0,0.0,0.0,3.4433231353759766,3.4643075466156006,3.483069896697998,528,8,0000000000000000,0,0,3.4029290676116943,1,1,1,1,1,1779092742.6535075
3.5014591217040976,2,stop_after_2mps,0.0,0.0,1.3969361782073975,-0.019401192665100098,0.14898809790611267,9.421124859558962,39.310397322614676,0.0,0.0,0.0,0.864976685003244,0.5018120508724346,-0.5017178554419074,0.8774656024431998,0.0,0.0,0.0,0.009903594839015506,2.0,0.0,0.0,0.0,0.0,-0.10221036018661163,0.05237621741452904,-0.10221036018661163,0.05237621741452904,0.9732135534286499,0.6881392598152161,0.09947250783443451,-0.03604213148355484,1.0,0.0,20.0,1.0,1.140284776687622,0.8816168904304504,0.005403709709395173,0.0,0.0,0.0,0.0,3.543491840362549,3.4643075466156006,3.483069896697998,528,8,0000000000000000,0,0,3.5029351711273193,1,1,1,1,1,1779092742.7534437
3.5514591217040974,2,stop_after_2mps,0.0,0.0,1.3969361782073975,-0.019401192665100098,0.14898809790611267,9.420508946011097,39.31147448940213,0.0,0.0,0.0,0.8649785138464434,0.5018088984703222,-0.49842343381512133,0.8716891694519556,0.0,0.0,0.0,0.009654390884756742,2.0,0.0,0.0,0.0,0.0,-0.10221036018661163,0.05237621741452904,-0.10221036018661163,0.05237621741452904,0.9732135534286499,0.6881392598152161,0.09947250783443451,-0.03604213148355484,1.0,0.0,20.0,1.0,1.140284776687622,0.8816168904304504,0.005403709709395173,0.0,0.0,0.0,0.0,3.543491840362549,3.563241481781006,3.5830483436584473,528,8,0000000000000000,0,0,3.5029351711273193,1,1,1,1,1,1779092742.7534437
3.601459121704097,2,stop_after_2mps,0.0,0.0,1.402489423751831,-0.020211322233080864,0.1846139132976532,9.420508946011097,39.31147448940213,0.0,0.0,0.0,0.8649785138464434,0.5018088984703222,-0.49842343381512133,0.8716891694519556,0.0,0.0,0.0,0.009654390884756742,2.0,0.0,0.0,0.0,0.0,-0.0949443202917811,0.06437668662822343,-0.0949443202917811,0.06437668662822343,0.9587695002555847,0.6879280805587769,0.09102971851825714,-0.04428653046488762,1.0,0.0,20.0,1.0,1.1402943134307861,0.6176260113716125,0.005178333790338321,0.0,0.0,0.0,0.0,3.6433794498443604,3.563241481781006,3.5830483436584473,528,8,0000000000000000,0,0,3.6029725074768066,1,1,1,1,1,1779092742.8533382
3.651459121704097,2,stop_after_2mps,0.0,0.0,1.402489423751831,-0.020211322233080864,0.1846139132976532,9.417031127273146,39.31755622964957,0.0,0.0,0.0,0.864989037637787,0.501790757952411,-0.49185787651685825,0.8601229877196364,0.0,0.0,0.0,0.006764411070888763,2.0,0.0,0.0,0.0,0.0,-0.0949443202917811,0.06437668662822343,-0.0949443202917811,0.06437668662822343,0.9587695002555847,0.6879280805587769,0.09102971851825714,-0.04428653046488762,1.0,0.0,20.0,1.0,1.1402943134307861,0.6176260113716125,0.005178333790338321,0.0,0.0,0.0,0.0,3.6433794498443604,3.663182020187378,3.683053970336914,528,8,0000000000000000,0,0,3.6029725074768066,1,1,1,1,1,1779092742.8533382
3.701459121704097,2,stop_after_2mps,0.0,0.0,1.3968913555145264,-0.01598639413714409,0.16089287400245667,9.417031127273146,39.31755622964957,0.0,0.0,0.0,0.864989037637787,0.501790757952411,-0.49185787651685825,0.8601229877196364,0.0,0.0,0.0,0.006764411070888763,2.0,0.0,0.0,0.0,0.0,-0.0859237386439641,0.08209220315488183,-0.0859237386439641,0.08209220315488183,0.9465934038162231,0.6897847652435303,0.08133484423160553,-0.05662595108151436,1.0,0.0,20.0,1.0,1.1409173011779785,0.4300011694431305,0.012200133301192306,0.0,0.0,0.0,0.0,3.7432639598846436,3.663182020187378,3.683053970336914,528,8,0000000000000000,0,0,3.7029290199279785,1,1,1,1,1,1779092742.9535537
3.7514591217040967,2,stop_after_2mps,0.0,0.0,1.3968913555145264,-0.01598639413714409,0.16089287400245667,9.415090661304621,39.32094949155793,0.0,0.0,0.0,0.8649914208535799,0.5017866497324385,-0.4819627034790885,0.8428004971464848,0.0,0.0,0.0,0.002844041056986444,2.0,0.0,0.0,0.0,0.0,-0.0859237386439641,0.08209220315488183,-0.0859237386439641,0.08209220315488183,0.9465934038162231,0.6897847652435303,0.08133484423160553,-0.05662595108151436,1.0,0.0,20.0,1.0,1.1409173011779785,0.4300011694431305,0.012200133301192306,0.0,0.0,0.0,0.0,3.7432639598846436,3.763274669647217,3.783076286315918,528,8,0000000000000000,0,0,3.7029290199279785,1,1,1,1,1,1779092742.9535537
3.8014591217040965,2,stop_after_2mps,0.0,0.0,1.4088438749313354,-0.010527504608035088,0.15410421788692474,9.415090661304621,39.32094949155793,0.0,0.0,0.0,0.8649914208535799,0.5017866497324385,-0.4819627034790885,0.8428004971464848,0.0,0.0,0.0,0.002844041056986444,2.0,0.0,0.0,0.0,0.0,-0.08242334094029524,0.08698973070245038,-0.08242334094029524,0.08698973070245038,0.9441301822662354,0.6908314228057861,0.077818363904953,-0.06009523943066597,1.0,0.0,20.0,1.0,1.1410319805145264,0.29233384132385254,-0.0042603694181544615,0.0,0.0,0.0,0.0,3.84364914894104,3.763274669647217,3.783076286315918,528,8,0000000000000000,0,0,3.803027629852295,1,1,1,1,1,1779092743.0536172
3.8514591217040963,2,stop_after_2mps,0.0,0.0,1.4088438749313354,-0.010527504608035088,0.15410421788692474,9.411386285579656,39.327427207503426,0.0,0.0,0.0,0.864992536420356,0.5017847266877292,-0.4753641707426163,0.8312531712117737,0.0,0.0,0.0,0.002375699813440709,2.0,0.0,0.0,0.0,0.0,-0.08242334094029524,0.08698973070245038,-0.08242334094029524,0.08698973070245038,0.9441301822662354,0.6908314228057861,0.077818363904953,-0.06009523943066597,1.0,0.0,20.0,1.0,1.1410319805145264,0.29233384132385254,-0.0042603694181544615,0.0,0.0,0.0,0.0,3.84364914894104,3.8631527423858643,3.8830106258392334,528,8,0000000000000000,0,0,3.803027629852295,1,1,1,1,1,1779092743.0536172
3.901459121704096,2,stop_after_2mps,0.0,0.0,1.3973240852355957,-0.005566368345171213,0.15672937035560608,9.411386285579656,39.327427207503426,0.0,0.0,0.0,0.864992536420356,0.5017847266877292,-0.4753641707426163,0.8312531712117737,0.0,0.0,0.0,0.002375699813440709,2.0,0.0,0.0,0.0,0.0,-0.07462290690331583,0.09834485061869462,-0.07462290690331583,0.09834485061869462,0.94105064868927,0.6939902305603027,0.07022393494844437,-0.06825036555528641,1.0,0.0,20.0,1.0,1.140298843383789,0.20268361270427704,0.003450393150538333,0.0,0.0,0.0,0.0,3.9432644844055176,3.8631527423858643,3.8830106258392334,528,8,0000000000000000,0,0,3.9029977321624756,1,1,1,1,1,1779092743.1533504
3.951459121704096,2,stop_after_2mps,0.0,0.0,1.3973240852355957,-0.005566368345171213,0.15672937035560608,9.41035493001143,39.32923065743098,0.0,0.0,0.0,0.8649953244885601,0.5017799204959588,-0.46877099970072705,0.8197027790361038,0.0,0.0,0.0,0.005809431648917019,2.0,0.0,0.0,0.0,0.0,-0.07462290690331583,0.09834485061869462,-0.07462290690331583,0.09834485061869462,0.94105064868927,0.6939902305603027,0.07022393494844437,-0.06825036555528641,1.0,0.0,20.0,1.0,1.140298843383789,0.20268361270427704,0.003450393150538333,0.0,0.0,0.0,0.0,3.9432644844055176,3.9632785320281982,3.983093500137329,528,8,0000000000000000,0,0,3.9029977321624756,1,1,1,1,1,1779092743.1533504
4.001459121704096,2,forward_4mps,4.0,0.0,1.4093002080917358,-0.007887138053774834,0.15086469054222107,9.41035493001143,39.32923065743098,0.0,0.0,0.0,0.8649953244885601,0.5017799204959588,-0.46877099970072705,0.8197027790361038,0.0,0.0,0.0,0.005809431648917019,2.0,0.0,0.0,0.0,0.0,-0.0653038205991452,0.11190462731673197,-0.0653038205991452,0.11190462731673197,0.9391813278198242,0.699097752571106,0.06133212894201279,-0.07823227345943451,1.0,0.0,20.0,1.0,1.1409659385681152,0.1308741569519043,0.003450393150538333,0.0,0.0,0.0,0.0,4.044350862503052,3.9632785320281982,3.983093500137329,528,8,0000000000000000,0,0,4.0038535594940186,1,1,1,1,1,1779092743.2536612
4.051459121704096,2,forward_4mps,4.0,0.0,1.4093002080917358,-0.007887138053774834,0.15086469054222107,9.407069729607095,39.33497392982695,0.0,0.0,0.0,0.8650197530958224,0.5017378067816324,-0.46224728091191264,0.8081126634066763,0.0,0.0,0.0,0.015194000775077267,2.0,0.0,0.0,0.0,0.0,-0.0653038205991452,0.11190462731673197,-0.0653038205991452,0.11190462731673197,0.9391813278198242,0.699097752571106,0.06133212894201279,-0.07823227345943451,1.0,0.0,20.0,1.0,1.1409659385681152,0.1308741569519043,0.003450393150538333,0.0,0.0,0.0,0.0,4.044350862503052,4.064319133758545,4.0841028690338135,528,8,0000000000000000,0,0,4.0038535594940186,1,1,1,1,1,1779092743.2536612
4.101459121704096,2,forward_4mps,4.0,0.0,1.3925975561141968,-0.026287443935871124,0.13933072984218597,9.407069729607095,39.33497392982695,0.0,0.0,0.0,0.8650197530958224,0.5017378067816324,-0.46224728091191264,0.8081126634066763,0.0,0.0,0.0,0.015194000775077267,2.0,0.0,0.0,0.0,0.0,-0.06155130649763699,0.12385315066829802,-0.06155130649763699,0.12385315066829802,0.9387623071670532,0.7068651914596558,0.057782046496868134,-0.08754748106002808,1.0,0.0,20.0,1.0,1.1408462524414062,0.0900769904255867,0.0026079889016190063,0.0,0.0,0.0,0.0,4.1442742347717285,4.064319133758545,4.0841028690338135,528,8,0000000000000000,0,0,4.104077100753784,1,1,1,1,1,1779092743.353388
4.151459121704096,2,forward_4mps,4.0,0.0,1.3925975561141968,-0.026287443935871124,0.13933072984218597,9.39231491879863,39.360741794294164,0.0,0.0,0.0,0.8651945549669953,0.5014363190430695,-0.4198351659656277,0.7327811853281192,0.0,0.0,0.0,0.014817102244804207,2.0,0.0,0.0,0.0,0.0,-0.06155130649763699,0.12385315066829802,-0.06155130649763699,0.12385315066829802,0.9387623071670532,0.7068651914596558,0.057782046496868134,-0.08754748106002808,1.0,0.0,20.0,1.0,1.1408462524414062,0.0900769904255867,0.0026079889016190063,0.0,0.0,0.0,0.0,4.1442742347717285,4.164372682571411,4.184152364730835,528,8,0000000000000000,0,0,4.104077100753784,1,1,1,1,1,1779092743.353388
4.2014591217040955,2,forward_4mps,4.0,0.0,1.397828459739685,-0.020077114924788475,0.1285589188337326,9.39231491879863,39.360741794294164,0.0,0.0,0.0,0.8651945549669953,0.5014363190430695,-0.4198351659656277,0.7327811853281192,0.0,0.0,0.0,0.014817102244804207,2.0,0.0,0.0,0.0,0.0,-0.08336950075750231,0.2047303062469028,-0.08336950075750231,0.2047303062469028,0.9953355193138123,0.8215111494064331,0.08298062533140182,-0.16818822920322418,1.0,0.0,20.0,1.0,1.1405754089355469,0.056564103811979294,-0.00013382825356651122,0.0,0.0,0.0,0.0,4.244431495666504,4.164372682571411,4.184152364730835,528,8,0000000000000000,0,0,4.203988075256348,1,1,1,1,1,1779092743.45352
4.251459121704095,2,forward_4mps,4.0,0.0,1.397828459739685,-0.020077114924788475,0.1285589188337326,9.349364781662478,39.435652319114894,0.0,0.0,0.0,0.8653310733174318,0.501200691890286,-0.24486087451498464,0.42684156686829416,0.0,0.0,0.0,0.0032490417044285223,2.0,0.0,0.0,0.0,0.0,-0.08336950075750231,0.2047303062469028,-0.08336950075750231,0.2047303062469028,0.9953355193138123,0.8215111494064331,0.08298062533140182,-0.16818822920322418,1.0,0.0,20.0,1.0,1.1405754089355469,0.056564103811979294,-0.00013382825356651122,0.0,0.0,0.0,0.0,4.244431495666504,4.26421594619751,4.28408408164978,528,8,0000000000000000,0,0,4.203988075256348,1,1,1,1,1,1779092743.45352
4.301459121704095,2,forward_4mps,4.0,0.0,1.3760902881622314,-0.011394510976970196,0.14738419651985168,9.349364781662478,39.435652319114894,0.0,0.0,0.0,0.8653310733174318,0.501200691890286,-0.24486087451498464,0.42684156686829416,0.0,0.0,0.0,0.0032490417044285223,2.0,0.0,0.0,0.0,0.0,-0.08186818979191966,0.20625207642688137,-0.08186818979191966,0.20625207642688137,0.9936812520027161,0.8211535811424255,0.0813508853316307,-0.16936463117599487,1.0,0.0,20.0,1.0,1.1397943496704102,0.03505304083228111,-0.0015240810017171198,0.0,0.0,0.0,0.0,4.34462833404541,4.26421594619751,4.28408408164978,528,8,0000000000000000,0,0,4.304042339324951,1,1,1,1,1,1779092743.5534198
4.351459121704095,2,forward_4mps,4.0,0.0,1.3760902881622314,-0.011394510976970196,0.14738419651985168,9.319722390048623,39.487248663364305,0.0,0.0,0.0,0.8655426814538132,0.5008351690743601,-0.0,0.0,0.0,0.0,0.0,9.945362759021786e-05,2.0,0.0,0.0,0.0,0.0,-0.08186818979191966,0.20625207642688137,-0.08186818979191966,0.20625207642688137,0.9936812520027161,0.8211535811424255,0.0813508853316307,-0.16936463117599487,1.0,0.0,20.0,1.0,1.1397943496704102,0.03505304083228111,-0.0015240810017171198,0.0,0.0,0.0,0.0,4.34462833404541,4.364362955093384,4.384183645248413,528,8,0000000000000000,0,0,4.304042339324951,1,1,1,1,1,1779092743.5534198
4.401459121704095,2,forward_4mps,4.0,0.0,1.3745248317718506,-0.011653270572423935,0.14589619636535645,9.319722390048623,39.487248663364305,0.0,0.0,0.0,0.8655426814538132,0.5008351690743601,-0.0,0.0,0.0,0.0,0.0,9.945362759021786e-05,2.0,0.0,0.0,0.0,0.0,-0.08133489902791452,0.20695814144461533,-0.08133489902791452,0.20695814144461533,0.9930842518806458,0.8207768797874451,0.08077240735292435,-0.16986645758152008,1.0,0.0,20.0,1.0,1.1402106285095215,0.021284272894263268,0.0007850876545956824,0.0,0.0,0.0,0.0,4.444563865661621,4.364362955093384,4.384183645248413,528,8,0000000000000000,0,0,4.404005289077759,1,1,1,1,1,1779092743.6535373
4.451459121704095,2,forward_4mps,4.0,0.0,1.3745248317718506,-0.011653270572423935,0.14589619636535645,9.249339144804006,39.60964766612853,0.0,0.0,0.0,0.8650528226400324,0.5016807889908808,-0.521799298025143,0.9119440834087141,0.0,0.0,0.0,0.062016064433039565,2.0,0.0,0.0,0.0,0.0,-0.08133489902791452,0.20695814144461533,-0.08133489902791452,0.20695814144461533,0.9930842518806458,0.8207768797874451,0.08077240735292435,-0.16986645758152008,1.0,0.0,20.0,1.0,1.1402106285095215,0.021284272894263268,0.0007850876545956824,0.0,0.0,0.0,0.0,4.444563865661621,4.464224100112915,4.4841368198394775,528,8,0000000000000000,0,0,4.404005289077759,1,1,1,1,1,1779092743.6535373
4.5014591217040945,2,forward_4mps,4.0,0.0,1.3412843942642212,-0.012661018408834934,0.15576563775539398,9.249339144804006,39.60964766612853,0.0,0.0,0.0,0.8650528226400324,0.5016807889908808,-0.521799298025143,0.9119440834087141,0.0,0.0,0.0,0.062016064433039565,2.0,0.0,0.0,0.0,0.0,-0.08040062151863316,0.2082878533969151,-0.08040062151863316,0.2082878533969151,0.9920255541801453,0.8199800252914429,0.07975947111845016,-0.1707918792963028,1.0,0.0,20.0,1.0,1.138627290725708,0.022723328322172165,0.0007850876545956824,0.0,0.0,0.0,0.0,4.54433012008667,4.464224100112915,4.4841368198394775,528,8,0000000000000000,0,0,4.5041491985321045,1,1,1,1,1,1779092743.753662
4.551459121704094,2,forward_4mps,4.0,0.0,1.3412843942642212,-0.012661018408834934,0.15576563775539398,9.197470072510418,39.69948984417252,0.0,0.0,0.0,0.8665086036141192,0.49916213784972646,-0.6371860618320918,1.0987247491658334,0.0,0.0,0.0,-0.002406448898537028,2.0,0.0,0.0,0.0,0.0,-0.08040062151863316,0.2082878533969151,-0.08040062151863316,0.2082878533969151,0.9920255541801453,0.8199800252914429,0.07975947111845016,-0.1707918792963028,1.0,0.0,20.0,1.0,1.138627290725708,0.022723328322172165,0.0007850876545956824,0.0,0.0,0.0,0.0,4.54433012008667,4.564844131469727,4.5841429233551025,528,8,fa000000f6000000,250,246,4.5041491985321045,1,1,1,1,1,1779092743.753662
4.601459121704094,2,forward_4mps,4.0,0.0,1.2797900438308716,-0.010955432429909706,0.1518186330795288,9.197470072510418,39.69948984417252,0.0,0.0,0.0,0.8665086036141192,0.49916213784972646,-0.6371860618320918,1.0987247491658334,0.0,0.0,0.0,-0.002406448898537028,2.0,0.0,0.0,0.0,0.0,-0.07974981073343566,0.20926559420332244,-0.07974981073343566,0.20926559420332244,0.9914605021476746,0.8191986680030823,0.07906878739595413,-0.1714300960302353,1.0,0.0,20.0,1.0,1.140132188796997,0.02546212635934353,-0.002631745060480474,0.0,0.0,0.0,0.0,4.644477844238281,4.564844131469727,4.5841429233551025,528,8,fa000000f6000000,250,246,4.604001760482788,1,1,1,1,1,1779092743.8534315
4.651459121704094,2,forward_4mps,4.0,0.0,1.2797900438308716,-0.010955432429909706,0.1518186330795288,9.150560117045295,39.78058036177055,0.0,0.0,0.0,0.8659720305738672,0.5000924337197807,-0.7212405715985863,1.2498414041664125,0.0,0.0,0.0,-0.026878222811013725,2.0,0.0,0.0,0.0,0.0,-0.07974981073343566,0.20926559420332244,-0.07974981073343566,0.20926559420332244,0.9914605021476746,0.8191986680030823,0.07906878739595413,-0.1714300960302353,1.0,0.0,20.0,1.0,1.140132188796997,0.02546212635934353,-0.002631745060480474,0.0,0.0,0.0,0.0,4.644477844238281,4.664278507232666,4.684065580368042,528,8,fb000000f6000000,251,246,4.604001760482788,1,1,1,1,1,1779092743.8534315
4.701459121704094,2,forward_4mps,4.0,0.0,1.1577987670898438,-0.015737241134047508,0.13872641324996948,9.150560117045295,39.78058036177055,0.0,0.0,0.0,0.8659720305738672,0.5000924337197807,-0.7212405715985863,1.2498414041664125,0.0,0.0,0.0,-0.026878222811013725,2.0,0.0,0.0,0.0,0.0,-0.0793776618712391,0.20970548191770536,-0.0793776618712391,0.20970548191770536,0.991126298904419,0.818935751914978,0.07867328822612762,-0.17173531651496887,1.0,0.0,20.0,1.0,1.1401324272155762,0.022017262876033783,0.00025828885530031047,0.0,0.0,0.0,0.0,4.744323968887329,4.664278507232666,4.684065580368042,528,8,fb000000f6000000,251,246,4.704022407531738,1,1,1,1,1,1779092743.9533322
4.751459121704094,2,forward_4mps,4.0,0.0,1.1577987670898438,-0.015737241134047508,0.13872641324996948,9.107299756282247,39.85560412627713,0.0,0.0,0.0,0.8659403917311146,0.5001472162959261,-0.7842186791754155,1.3593737566911226,0.0,0.0,0.0,0.025049593091827728,2.0,0.0,0.0,0.0,0.0,-0.0793776618712391,0.20970548191770536,-0.0793776618712391,0.20970548191770536,0.991126298904419,0.818935751914978,0.07867328822612762,-0.17173531651496887,1.0,0.0,20.0,1.0,1.1401324272155762,0.022017262876033783,0.00025828885530031047,0.0,0.0,0.0,0.0,4.744323968887329,4.764345169067383,4.784164190292358,528,8,fb000000f5000000,251,245,4.704022407531738,1,1,1,1,1,1779092743.9533322
4.801459121704093,2,forward_4mps,4.0,0.0,1.0342824459075928,-0.018826168030500412,0.15027861297130585,9.107299756282247,39.85560412627713,0.0,0.0,0.0,0.8659403917311146,0.5001472162959261,-0.7842186791754155,1.3593737566911226,0.0,0.0,0.0,0.025049593091827728,2.0,0.0,0.0,0.0,0.0,-0.07844738979275086,0.21059044989980208,-0.07844738979275086,0.21059044989980208,0.9902982115745544,0.8187183141708374,0.07768630981445312,-0.17241425812244415,1.0,0.0,20.0,1.0,1.1401617527008057,0.02178329788148403,0.00025828885530031047,0.0,0.0,0.0,0.0,4.8443052768707275,4.764345169067383,4.784164190292358,528,8,fb000000f5000000,251,245,4.804019927978516,1,1,1,1,1,1779092744.0536914
4.851459121704093,2,forward_4mps,4.0,0.0,1.0342824459075928,-0.018826168030500412,0.15027861297130585,9.049763217971272,39.95503010855548,0.0,0.0,0.0,0.8665623270198849,0.49906886638006387,-0.8543464871853511,1.4724524281748217,0.0,0.0,0.0,0.03259605380440722,2.0,0.0,0.0,0.0,0.0,-0.07844738979275086,0.21059044989980208,-0.07844738979275086,0.21059044989980208,0.9902982115745544,0.8187183141708374,0.07768630981445312,-0.17241425812244415,1.0,0.0,20.0,1.0,1.1401617527008057,0.02178329788148403,0.00025828885530031047,0.0,0.0,0.0,0.0,4.8443052768707275,4.864341735839844,4.884073734283447,528,8,fb000000f5000000,251,245,4.804019927978516,1,1,1,1,1,1779092744.0536914
4.901459121704093,2,forward_4mps,4.0,0.0,0.8816168904304504,-0.0022642803378403187,0.14940309524536133,9.049763217971272,39.95503010855548,0.0,0.0,0.0,0.8665623270198849,0.49906886638006387,-0.8543464871853511,1.4724524281748217,0.0,0.0,0.0,0.03259605380440722,2.0,0.0,0.0,0.0,0.0,-0.07791723905802972,0.21109990185825617,-0.07791723905802972,0.21109990185825617,0.9899112582206726,0.818562388420105,0.07713115215301514,-0.17279843986034393,1.0,0.0,20.0,1.0,1.1398651599884033,0.02200869284570217,9.945362759021786e-05,0.0,0.0,0.0,0.0,4.945677757263184,4.864341735839844,4.884073734283447,528,8,fb000000f5000000,251,245,4.904073238372803,1,1,1,1,1,1779092744.1535835
4.951459121704093,2,forward_4mps,4.0,0.0,0.8816168904304504,-0.0022642803378403187,0.14940309524536133,9.017332841892046,40.010832798033626,0.0,0.0,0.0,0.866846185237718,0.49857566240122075,-0.8861162663976495,1.5232108195753273,0.0,0.0,0.0,0.020905230839127174,2.0,0.0,0.0,0.0,0.0,-0.07791723905802972,0.21109990185825617,-0.07791723905802972,0.21109990185825617,0.9899112582206726,0.818562388420105,0.07713115215301514,-0.17279843986034393,1.0,0.0,20.0,1.0,1.1398651599884033,0.02200869284570217,9.945362759021786e-05,0.0,0.0,0.0,0.0,4.945677757263184,4.964367151260376,4.98416805267334,528,8,fa000000f6000000,250,246,4.904073238372803,1,1,1,1,1,1779092744.1535835
5.001459121704093,2,stop_after_4mps,0.0,0.0,0.6176260113716125,-0.013421475887298584,0.1323658674955368,9.017332841892046,40.010832798033626,0.0,0.0,0.0,0.866846185237718,0.49857566240122075,-0.8861162663976495,1.5232108195753273,0.0,0.0,0.0,0.020905230839127174,2.0,4.0,0.0,3.0,0.15371024788669652,3.0,0.15371024788669652,-1.0,0.15371024788669652,0.9973825812339783,0.7846065759658813,0.08693933486938477,-0.1206020712852478,1.0,1.0,20.0,1.0,1.1401257514953613,0.02240486815571785,9.945362759021786e-05,251.94536140271842,244.31729579720727,252.0,244.0,5.045403957366943,4.964367151260376,4.98416805267334,528,8,fa000000f6000000,250,246,5.004811525344849,1,1,1,1,1,1779092744.2545416
5.0514591217040925,2,stop_after_4mps,0.0,0.0,0.6176260113716125,-0.013421475887298584,0.1323658674955368,8.955020574445548,40.11768200672974,0.0,0.0,0.0,0.8672153432501899,0.49793327708785984,-0.9286005781076561,1.5908121458418256,0.0,0.0,0.0,-0.021304685428916597,2.0,4.0,0.0,3.0,0.15371024788669652,3.0,0.15371024788669652,-1.0,0.15371024788669652,0.9973825812339783,0.7846065759658813,0.08693933486938477,-0.1206020712852478,1.0,1.0,20.0,1.0,1.1401257514953613,0.02240486815571785,9.945362759021786e-05,251.94536140271842,244.31729579720727,252.0,244.0,5.045403957366943,5.0653722286224365,5.085019111633301,528,8,f9000000f7000000,249,247,5.004811525344849,1,1,1,1,1,1779092744.2545416
5.101459121704092,2,stop_after_4mps,0.0,0.0,0.4300011694431305,-0.014363422058522701,0.14340035617351532,8.955020574445548,40.11768200672974,0.0,0.0,0.0,0.8672153432501899,0.49793327708785984,-0.9286005781076561,1.5908121458418256,0.0,0.0,0.0,-0.021304685428916597,2.0,4.0,0.0,3.0,0.09030433126974992,3.0,0.09030433126974992,-1.0,0.09030433126974992,1.080543875694275,0.8403910398483276,0.006848249584436417,-0.07589095085859299,1.0,1.0,20.0,1.0,1.1418037414550781,0.012152254581451416,0.00037806543964922433,250.3720619695923,245.89059523033342,250.0,246.0,5.14518928527832,5.0653722286224365,5.085019111633301,528,8,f9000000f7000000,249,247,5.104946136474609,1,1,1,1,1,1779092744.3551233
5.151459121704092,2,stop_after_4mps,0.0,0.0,0.4300011694431305,-0.014363422058522701,0.14340035617351532,8.872478060127886,40.2591071780107,0.0,0.0,0.0,0.8672528313912018,0.49786798093866586,-0.97243189432963,1.6653247850073298,0.0,0.0,0.0,0.012464058147768419,2.0,4.0,0.0,3.0,0.09030433126974992,3.0,0.09030433126974992,-1.0,0.09030433126974992,1.080543875694275,0.8403910398483276,0.006848249584436417,-0.07589095085859299,1.0,1.0,20.0,1.0,1.1418037414550781,0.012152254581451416,0.00037806543964922433,250.3720619695923,245.89059523033342,250.0,246.0,5.14518928527832,5.165442943572998,5.185053825378418,528,8,f9000000f8000000,249,248,5.104946136474609,1,1,1,1,1,1779092744.3551233
5.201459121704092,2,stop_after_4mps,0.0,0.0,0.29233384132385254,-0.019213346764445305,0.14249485731124878,8.872478060127886,40.2591071780107,0.0,0.0,0.0,0.8672528313912018,0.49786798093866586,-0.97243189432963,1.6653247850073298,0.0,0.0,0.0,0.012464058147768419,2.0,4.0,0.0,3.0,0.11958353415045568,3.0,0.11958353415045568,-1.0,0.11958353415045568,1.1010520458221436,0.9172683358192444,-0.01829351857304573,-0.10969018936157227,1.0,1.0,20.0,1.0,1.1407043933868408,0.31791380047798157,-0.08937890292127364,251.09857072070602,245.1640864792197,251.0,245.0,5.2455527782440186,5.165442943572998,5.185053825378418,528,8,f9000000f8000000,249,248,5.204941034317017,1,1,1,1,1,1779092744.4543753
5.251459121704092,2,stop_after_4mps,0.0,0.0,0.29233384132385254,-0.019213346764445305,0.14249485731124878,8.705840487333758,40.54307357014726,0.0,0.0,0.0,0.868081533596016,0.4964216464152111,-1.0319358454448166,1.7537742109657821,0.0,0.0,0.0,0.030863318273379056,2.0,4.0,0.0,3.0,0.11958353415045568,3.0,0.11958353415045568,-1.0,0.11958353415045568,1.1010520458221436,0.9172683358192444,-0.01829351857304573,-0.10969018936157227,1.0,1.0,20.0,1.0,1.1407043933868408,0.31791380047798157,-0.08937890292127364,251.09857072070602,245.1640864792197,251.0,245.0,5.2455527782440186,5.2651238441467285,5.284985780715942,528,8,f8000000f8000000,248,248,5.204941034317017,1,1,1,1,1,1779092744.4543753
5.301459121704092,2,stop_after_4mps,0.0,0.0,0.20268361270427704,-0.018797492608428,0.13966111838817596,8.705840487333758,40.54307357014726,0.0,0.0,0.0,0.868081533596016,0.4964216464152111,-1.0319358454448166,1.7537742109657821,0.0,0.0,0.0,0.030863318273379056,2.0,4.0,0.0,3.0,0.12520672106888428,3.0,0.12520672106888428,-1.0,0.12520672106888428,1.1259722709655762,0.9288669228553772,-0.012027367949485779,-0.11630038172006607,1.0,1.0,20.0,1.0,1.140733003616333,0.7655524611473083,0.06969317877342338,251.23809960480955,245.02455759511614,251.0,245.0,5.345253944396973,5.2651238441467285,5.284985780715942,528,8,f8000000f8000000,248,248,5.304998874664307,1,1,1,1,1,1779092744.5545683
5.351459121704091,2,stop_after_4mps,0.0,0.0,0.20268361270427704,-0.018797492608428,0.13966111838817596,8.516989845548908,40.8621942302628,0.0,0.0,0.0,0.8690506704359602,0.49472308639764134,-1.0591556405363833,1.7840330475394865,0.0,0.0,0.0,0.01010825203864508,2.0,4.0,0.0,3.0,0.12520672106888428,3.0,0.12520672106888428,-1.0,0.12520672106888428,1.1259722709655762,0.9288669228553772,-0.012027367949485779,-0.11630038172006607,1.0,1.0,20.0,1.0,1.140733003616333,0.7655524611473083,0.06969317877342338,251.23809960480955,245.02455759511614,251.0,245.0,5.345253944396973,5.365175485610962,5.385004997253418,528,8,f8000000f8000000,248,248,5.304998874664307,1,1,1,1,1,1779092744.5545683
5.401459121704091,2,stop_after_4mps,0.0,0.0,0.1308741569519043,-0.01925737038254738,0.14053894579410553,8.516989845548908,40.8621942302628,0.0,0.0,0.0,0.8690506704359602,0.49472308639764134,-1.0591556405363833,1.7840330475394865,0.0,0.0,0.0,0.01010825203864508,2.0,4.0,0.0,3.0,0.10945451987761032,3.0,0.10945451987761032,-1.0,0.10945451987761032,1.1625365018844604,0.9569494724273682,-0.01994374766945839,-0.10474244505167007,1.0,1.0,20.0,1.0,1.1410398483276367,1.136802315711975,-0.02865383283297603,250.8472381438131,245.41541905611263,251.0,245.0,5.445618152618408,5.365175485610962,5.385004997253418,528,8,f8000000f8000000,248,248,5.405136346817017,1,1,1,1,1,1779092744.6545577
5.451459121704091,2,stop_after_4mps,0.0,0.0,0.1308741569519043,-0.01925737038254738,0.14053894579410553,8.35959770041065,41.1260782970626,0.0,0.0,0.0,0.8699356975864626,0.49316516712431613,-1.0279747436046587,1.717461723806371,0.0,0.0,0.0,0.020825601724039924,2.0,4.0,0.0,3.0,0.10945451987761032,3.0,0.10945451987761032,-1.0,0.10945451987761032,1.1625365018844604,0.9569494724273682,-0.01994374766945839,-0.10474244505167007,1.0,1.0,20.0,1.0,1.1410398483276367,1.136802315711975,-0.02865383283297603,250.8472381438131,245.41541905611263,251.0,245.0,5.445618152618408,5.465167284011841,5.485113620758057,528,8,f8000000f8000000,248,248,5.405136346817017,1,1,1,1,1,1779092744.6545577
5.501459121704091,2,stop_after_4mps,0.0,0.0,0.0900769904255867,-0.014429510571062565,0.1396339237689972,8.35959770041065,41.1260782970626,0.0,0.0,0.0,0.8699356975864626,0.49316516712431613,-1.0279747436046587,1.717461723806371,0.0,0.0,0.0,0.020825601724039924,2.0,4.0,0.0,3.0,0.06935961875086348,3.0,0.06935961875086348,-1.0,0.06935961875086348,1.197280764579773,0.9413756132125854,-0.024068865925073624,-0.06529345363378525,1.0,1.0,20.0,1.0,1.1411707401275635,1.402909278869629,0.019781394518547775,249.8523580351467,246.410299164779,250.0,246.0,5.54522705078125,5.465167284011841,5.485113620758057,528,8,f8000000f8000000,248,248,5.5050883293151855,1,1,1,1,1,1779092744.7548697
5.551459121704091,2,stop_after_4mps,0.0,0.0,0.0900769904255867,-0.014429510571062565,0.1396339237689972,8.255791915548526,41.29923157186395,0.0,0.0,0.0,0.870373598220209,0.49239191658800235,-0.935116163928412,1.5560383457050473,0.0,0.0,0.0,0.036137313700201554,2.0,4.0,0.0,3.0,0.06935961875086348,3.0,0.06935961875086348,-1.0,0.06935961875086348,1.197280764579773,0.9413756132125854,-0.024068865925073624,-0.06529345363378525,1.0,1.0,20.0,1.0,1.1411707401275635,1.402909278869629,0.019781394518547775,249.8523580351467,246.410299164779,250.0,246.0,5.54522705078125,5.566147327423096,5.585092782974243,528,8,0000000000000000,0,0,5.5050883293151855,1,1,1,1,1,1779092744.7548697
5.6014591217040905,2,stop_after_4mps,0.0,0.0,0.056564103811979294,-0.014264639467000961,0.1400989592075348,8.255791915548526,41.29923157186395,0.0,0.0,0.0,0.870373598220209,0.49239191658800235,-0.935116163928412,1.5560383457050473,0.0,0.0,0.0,0.036137313700201554,2.0,4.0,0.0,3.0,0.04825432947849695,3.0,0.04825432947849695,-1.0,0.04825432947849695,1.2078275680541992,0.9297173023223877,-0.024797886610031128,-0.044862885028123856,1.0,1.0,20.0,1.0,1.1406590938568115,1.609706163406372,0.04440180814188733,249.3286696883828,246.93398751154288,249.0,247.0,5.645430326461792,5.566147327423096,5.585092782974243,528,8,0000000000000000,0,0,5.604930639266968,1,1,1,1,1,1779092744.8545997
5.65145912170409,2,stop_after_4mps,0.0,0.0,0.056564103811979294,-0.014264639467000961,0.1400989592075348,8.185307341002863,41.41612940848206,0.0,0.0,0.0,0.8711167894519054,0.49107589956645675,-0.8227687751025005,1.3597652266340376,0.0,0.0,0.0,0.039757586300026466,2.0,4.0,0.0,3.0,0.04825432947849695,3.0,0.04825432947849695,-1.0,0.04825432947849695,1.2078275680541992,0.9297173023223877,-0.024797886610031128,-0.044862885028123856,1.0,1.0,20.0,1.0,1.1406590938568115,1.609706163406372,0.04440180814188733,249.3286696883828,246.93398751154288,249.0,247.0,5.645430326461792,5.665182828903198,5.685128450393677,528,8,0000000000000000,0,0,5.604930639266968,1,1,1,1,1,1779092744.8545997
5.70145912170409,2,stop_after_4mps,0.0,0.0,0.03505304083228111,-0.012140254490077496,0.13944362103939056,8.185307341002863,41.41612940848206,0.0,0.0,0.0,0.8711167894519054,0.49107589956645675,-0.8227687751025005,1.3597652266340376,0.0,0.0,0.0,0.039757586300026466,2.0,4.0,0.0,3.0,0.024789890149373488,3.0,0.024789890149373488,-1.0,0.024789890149373488,1.2229593992233276,0.9193713068962097,-0.03266683220863342,-0.022791113704442978,1.0,1.0,20.0,1.0,1.1408467292785645,1.765795111656189,-0.010513176614735739,248.74644343782398,247.51621376210173,249.0,248.0,5.74524998664856,5.665182828903198,5.685128450393677,528,8,0000000000000000,0,0,5.705043315887451,1,1,1,1,1,1779092744.954936
5.75145912170409,2,stop_after_4mps,0.0,0.0,0.03505304083228111,-0.012140254490077496,0.13944362103939056,8.133839040249354,41.50104725367785,0.0,0.0,0.0,0.8713809652875337,0.49060698459618973,-0.7069772187281795,1.165565492833039,0.0,0.0,0.0,-0.0033686849404345365,2.0,4.0,0.0,3.0,0.024789890149373488,3.0,0.024789890149373488,-1.0,0.024789890149373488,1.2229593992233276,0.9193713068962097,-0.03266683220863342,-0.022791113704442978,1.0,1.0,20.0,1.0,1.1408467292785645,1.765795111656189,-0.010513176614735739,248.74644343782398,247.51621376210173,249.0,248.0,5.74524998664856,5.765970945358276,5.785163640975952,528,8,0000000000000000,0,0,5.705043315887451,1,1,1,1,1,1779092744.954936
5.80145912170409,2,stop_after_4mps,0.0,0.0,0.021284272894263268,-0.011892778798937798,0.13972337543964386,8.133839040249354,41.50104725367785,0.0,0.0,0.0,0.8713809652875337,0.49060698459618973,-0.7069772187281795,1.165565492833039,0.0,0.0,0.0,-0.0033686849404345365,2.0,4.0,0.0,3.0,0.007545727653553774,3.0,0.007545727653553774,-1.0,0.007545727653553774,1.2243335247039795,0.9021604061126709,-0.03190423548221588,-0.006807456724345684,1.0,1.0,20.0,1.0,1.1409783363342285,1.872022271156311,0.02821136568569077,248.3185617427558,247.9440954571699,248.0,248.0,5.845362424850464,5.765970945358276,5.785163640975952,528,8,0000000000000000,0,0,5.804937362670898,1,1,1,1,1,1779092745.0546076
5.85145912170409,2,stop_after_4mps,0.0,0.0,0.021284272894263268,-0.011892778798937798,0.13972337543964386,8.106293708737844,41.546462533035495,0.0,0.0,0.0,0.8714169377100554,0.49054308747757264,-0.6450570893640251,1.0631285680369247,0.0,0.0,0.0,0.016399753312994293,2.0,4.0,0.0,3.0,0.007545727653553774,3.0,0.007545727653553774,-1.0,0.007545727653553774,1.2243335247039795,0.9021604061126709,-0.03190423548221588,-0.006807456724345684,1.0,1.0,20.0,1.0,1.1409783363342285,1.872022271156311,0.02821136568569077,248.3185617427558,247.9440954571699,248.0,248.0,5.845362424850464,5.865150213241577,5.884976387023926,528,8,0000000000000000,0,0,5.804937362670898,1,1,1,1,1,1779092745.0546076
5.9014591217040895,2,stop_after_4mps,0.0,0.0,0.022723328322172165,-0.009244751185178757,0.13903337717056274,8.106293708737844,41.546462533035495,0.0,0.0,0.0,0.8714169377100554,0.49054308747757264,-0.6450570893640251,1.0631285680369247,0.0,0.0,0.0,0.016399753312994293,2.0,4.0,0.0,3.0,0.0021487235532457083,3.0,0.0021487235532457083,-1.0,0.0021487235532457083,1.221534252166748,0.9005857110023499,-0.03307593613862991,-0.0019351097289472818,1.0,1.0,20.0,1.0,1.141122817993164,1.9539278745651245,-0.006227021315376866,248.18464516296893,248.07801203695678,248.0,248.0,5.945255279541016,5.865150213241577,5.884976387023926,528,8,0000000000000000,0,0,5.9051008224487305,1,1,1,1,1,1779092745.15512
5.951459121704089,2,stop_after_4mps,0.0,0.0,0.022723328322172165,-0.009244751185178757,0.13903337717056274,8.08589556422695,41.580054391504085,0.0,0.0,0.0,0.8715490734975696,0.49030828310923735,-0.5938413822176271,0.9775310190306846,0.0,0.0,0.0,0.010999818075118451,2.0,4.0,0.0,3.0,0.0021487235532457083,3.0,0.0021487235532457083,-1.0,0.0021487235532457083,1.221534252166748,0.9005857110023499,-0.03307593613862991,-0.0019351097289472818,1.0,1.0,20.0,1.0,1.141122817993164,1.9539278745651245,-0.006227021315376866,248.18464516296893,248.07801203695678,248.0,248.0,5.945255279541016,5.96538233757019,5.985634803771973,528,8,0000000000000000,0,0,5.9051008224487305,1,1,1,1,1,1779092745.15512
6.001459121704089,2,stop_after_4mps,0.0,0.0,0.02546212635934353,-0.008955159224569798,0.13939587771892548,8.08589556422695,41.580054391504085,0.0,0.0,0.0,0.8715490734975696,0.49030828310923735,-0.5938413822176271,0.9775310190306846,0.0,0.0,0.0,0.010999818075118451,2.0,0.0,0.0,0.0,0.0,-0.023491998768733834,0.03106305535942946,-0.023491998768733834,0.03106305535942946,1.2226234674453735,0.8740783929824829,0.028721868991851807,-0.027151545509696007,1.0,0.0,20.0,1.0,1.1432740688323975,2.0214338302612305,0.009044191877585199,0.0,0.0,0.0,0.0,6.045367240905762,5.96538233757019,5.985634803771973,528,8,0000000000000000,0,0,6.004938125610352,1,1,1,1,1,1779092745.2551837
6.051459121704089,2,stop_after_4mps,0.0,0.0,0.02546212635934353,-0.008955159224569798,0.13939587771892548,8.07677801621654,41.595056447137175,0.0,0.0,0.0,0.8716185036425174,0.49018484687715397,-0.5664848334562382,0.9319040429302059,0.0,0.0,0.0,0.015629436323633335,2.0,0.0,0.0,0.0,0.0,-0.023491998768733834,0.03106305535942946,-0.023491998768733834,0.03106305535942946,1.2226234674453735,0.8740783929824829,0.028721868991851807,-0.027151545509696007,1.0,0.0,20.0,1.0,1.1432740688323975,2.0214338302612305,0.009044191877585199,0.0,0.0,0.0,0.0,6.045367240905762,6.065311431884766,6.085016250610352,528,8,0000000000000000,0,0,6.004938125610352,1,1,1,1,1,1779092745.2551837
6.101459121704089,2,stop_after_4mps,0.0,0.0,0.022017262876033783,-0.012274590320885181,0.13944470882415771,8.07677801621654,41.595056447137175,0.0,0.0,0.0,0.8716185036425174,0.49018484687715397,-0.5664848334562382,0.9319040429302059,0.0,0.0,0.0,0.015629436323633335,2.0,0.0,0.0,0.0,0.0,-0.11107414670804422,0.26645640155649764,-0.11107414670804422,0.26645640155649764,1.2906172275543213,0.7957203388214111,0.14335420727729797,-0.2120247781276703,1.0,0.0,20.0,1.0,1.1416394710540771,2.081465721130371,-0.024144747812712634,0.0,0.0,0.0,0.0,6.1467437744140625,6.065311431884766,6.085016250610352,528,8,0000000000000000,0,0,6.105291128158569,1,1,1,1,1,1779092745.3554006
6.151459121704089,2,stop_after_4mps,0.0,0.0,0.022017262876033783,-0.012274590320885181,0.13944470882415771,8.075063718832197,41.59787642305542,0.0,0.0,0.0,0.8716244332732325,0.4901743029995722,-0.5595987529252783,0.920525820980506,0.0,0.0,0.0,0.01164742846699858,2.0,0.0,0.0,0.0,0.0,-0.11107414670804422,0.26645640155649764,-0.11107414670804422,0.26645640155649764,1.2906172275543213,0.7957203388214111,0.14335420727729797,-0.2120247781276703,1.0,0.0,20.0,1.0,1.1416394710540771,2.081465721130371,-0.024144747812712634,0.0,0.0,0.0,0.0,6.1467437744140625,6.1657798290252686,6.185349225997925,528,8,0000000000000000,0,0,6.105291128158569,1,1,1,1,1,1779092745.3554006
6.201459121704088,2,stop_after_4mps,0.0,0.0,0.02178329788148403,-0.012032252736389637,0.14057046175003052,8.075063718832197,41.59787642305542,0.0,0.0,0.0,0.8716244332732325,0.4901743029995722,-0.5595987529252783,0.920525820980506,0.0,0.0,0.0,0.01164742846699858,2.0,0.0,0.0,0.0,0.0,-0.11191772176103001,0.2689578079554731,-0.11191772176103001,0.2689578079554731,1.284275770187378,0.8117182850837708,0.1437332183122635,-0.21831797063350677,1.0,0.0,20.0,1.0,1.140336275100708,2.084808588027954,0.015537773895076133,0.0,0.0,0.0,0.0,6.245346307754517,6.1657798290252686,6.185349225997925,528,8,0000000000000000,0,0,6.205799102783203,1,1,1,1,1,1779092745.4555237
6.251459121704088,2,stop_after_4mps,0.0,0.0,0.02178329788148403,-0.012032252736389637,0.14057046175003052,8.071157482984862,41.6043013654317,0.0,0.0,0.0,0.8716365725821873,0.4901527163417309,-0.5492805632098064,0.9034518408417928,0.0,0.0,0.0,0.0020702311206648545,2.0,0.0,0.0,0.0,0.0,-0.11191772176103001,0.2689578079554731,-0.11191772176103001,0.2689578079554731,1.284275770187378,0.8117182850837708,0.1437332183122635,-0.21831797063350677,1.0,0.0,20.0,1.0,1.140336275100708,2.084808588027954,0.015537773895076133,0.0,0.0,0.0,0.0,6.245346307754517,6.265608787536621,6.285068511962891,528,8,0000000000000000,0,0,6.205799102783203,1,1,1,1,1,1779092745.4555237
6.301459121704088,2,stop_after_4mps,0.0,0.0,0.02200869284570217,-0.0035223988816142082,0.14009162783622742,8.071157482984862,41.6043013654317,0.0,0.0,0.0,0.8716365725821873,0.4901527163417309,-0.5492805632098064,0.9034518408417928,0.0,0.0,0.0,0.0020702311206648545,2.0,0.0,0.0,0.0,0.0,-0.10335954871438982,0.271046043185997,-0.10335954871438982,0.271046043185997,1.2738815546035767,0.8271501064300537,0.131667822599411,-0.22419576346874237,1.0,0.0,20.0,1.0,1.1404333114624023,2.0629191398620605,0.02094567257363805,0.0,0.0,0.0,0.0,6.3461761474609375,6.265608787536621,6.285068511962891,528,8,0000000000000000,0,0,6.305163383483887,1,1,1,1,1,1779092745.5554357
6.351459121704088,2,stop_after_4mps,0.0,0.0,0.02200869284570217,-0.0035223988816142082,0.14009162783622742,8.069614567732009,41.60683920311872,0.0,0.0,0.0,0.871633818569626,0.49015761375881156,-0.5423613490363223,0.8920937614816311,0.0,0.0,0.0,-0.0033204295290910576,2.0,0.0,0.0,0.0,0.0,-0.10335954871438982,0.271046043185997,-0.10335954871438982,0.271046043185997,1.2738815546035767,0.8271501064300537,0.131667822599411,-0.22419576346874237,1.0,0.0,20.0,1.0,1.1404333114624023,2.0629191398620605,0.02094567257363805,0.0,0.0,0.0,0.0,6.3461761474609375,6.365198135375977,6.385107040405273,528,8,0000000000000000,0,0,6.305163383483887,1,1,1,1,1,1779092745.5554357
6.401459121704088,2,stop_after_4mps,0.0,0.0,0.02240486815571785,-0.003607341554015875,0.14052502810955048,8.069614567732009,41.60683920311872,0.0,0.0,0.0,0.871633818569626,0.49015761375881156,-0.5423613490363223,0.8920937614816311,0.0,0.0,0.0,-0.0033204295290910576,2.0,0.0,0.0,0.0,0.0,-0.1001305655485353,0.271154555990351,-0.1001305655485353,0.271154555990351,1.2629156112670898,0.8387265205383301,0.12645645439624786,-0.2274245172739029,1.0,0.0,20.0,1.0,1.1404802799224854,1.948358178138733,0.02207166690424542,0.0,0.0,0.0,0.0,6.4454803466796875,6.365198135375977,6.385107040405273,528,8,0000000000000000,0,0,6.405066728591919,1,1,1,1,1,1779092745.6557672
6.4514591217040875,2,stop_after_4mps,0.0,0.0,0.02240486815571785,-0.003607341554015875,0.14052502810955048,8.065851291344746,41.61302890389169,0.0,0.0,0.0,0.871638385340605,0.4901494927068914,-0.5320140619570253,0.8750374704531803,0.0,0.0,0.0,0.003925230762050665,2.0,0.0,0.0,0.0,0.0,-0.1001305655485353,0.271154555990351,-0.1001305655485353,0.271154555990351,1.2629156112670898,0.8387265205383301,0.12645645439624786,-0.2274245172739029,1.0,0.0,20.0,1.0,1.1404802799224854,1.948358178138733,0.02207166690424542,0.0,0.0,0.0,0.0,6.4454803466796875,6.46540904045105,6.485341310501099,528,8,0000000000000000,0,0,6.405066728591919,1,1,1,1,1,1779092745.6557672
6.501459121704087,2,stop_after_4mps,0.0,0.0,0.012152254581451416,-0.006620469503104687,0.1400175839662552,8.065851291344746,41.61302890389169,0.0,0.0,0.0,0.871638385340605,0.4901494927068914,-0.5320140619570253,0.8750374704531803,0.0,0.0,0.0,0.003925230762050665,2.0,0.0,0.0,0.0,0.0,-0.09982439693887103,0.2711638905005084,-0.09982439693887103,0.2711638905005084,1.255613088607788,0.8435506224632263,0.12534081935882568,-0.22874046862125397,1.0,0.0,20.0,1.0,1.1403403282165527,1.67154860496521,0.0005161327026239526,0.0,0.0,0.0,0.0,6.545272588729858,6.46540904045105,6.485341310501099,528,8,0000000000000000,0,0,6.504987478256226,1,1,1,1,1,1779092745.7554543
6.551459121704087,2,stop_after_4mps,0.0,0.0,0.012152254581451416,-0.006620469503104687,0.1400175839662552,8.06480767786246,41.614745366238274,0.0,0.0,0.0,0.8716406245746641,0.490145510630353,-0.5216579910869534,0.8579865196208042,0.0,0.0,0.0,0.007695777671525748,2.0,0.0,0.0,0.0,0.0,-0.09982439693887103,0.2711638905005084,-0.09982439693887103,0.2711638905005084,1.255613088607788,0.8435506224632263,0.12534081935882568,-0.22874046862125397,1.0,0.0,20.0,1.0,1.1403403282165527,1.67154860496521,0.0005161327026239526,0.0,0.0,0.0,0.0,6.545272588729858,6.565672874450684,6.585096120834351,528,8,0000000000000000,0,0,6.504987478256226,1,1,1,1,1,1779092745.7554543
6.601459121704087,2,stop_after_4mps,0.0,0.0,0.31791380047798157,0.009153231047093868,0.15040957927703857,8.06480767786246,41.614745366238274,0.0,0.0,0.0,0.8716406245746641,0.490145510630353,-0.5216579910869534,0.8579865196208042,0.0,0.0,0.0,0.007695777671525748,2.0,0.0,0.0,0.0,0.0,-0.10083395577281085,0.2696590816014201,-0.10083395577281085,0.2696590816014201,1.238173484802246,0.8492338061332703,0.12484993040561676,-0.22900360822677612,1.0,0.0,20.0,1.0,1.140655279159546,1.3418893814086914,0.012252710810606098,0.0,0.0,0.0,0.0,6.6454176902771,6.565672874450684,6.585096120834351,528,8,0000000000000000,0,0,6.605058193206787,1,1,1,1,1,1779092745.8554642
6.651459121704087,2,stop_after_4mps,0.0,0.0,0.31791380047798157,0.009153231047093868,0.15040957927703857,8.06168816398886,41.61987512859514,0.0,0.0,0.0,0.8716617352705585,0.4901079669472012,-0.5148215431081747,0.8465781142027856,0.0,0.0,0.0,0.01853900536294221,2.0,0.0,0.0,0.0,0.0,-0.10083395577281085,0.2696590816014201,-0.10083395577281085,0.2696590816014201,1.238173484802246,0.8492338061332703,0.12484993040561676,-0.22900360822677612,1.0,0.0,20.0,1.0,1.140655279159546,1.3418893814086914,0.012252710810606098,0.0,0.0,0.0,0.0,6.6454176902771,6.665194988250732,6.68508243560791,528,8,0000000000000000,0,0,6.605058193206787,1,1,1,1,1,1779092745.8554642
6.701459121704087,2,stop_after_4mps,0.0,0.0,0.7655524611473083,0.012958148494362831,0.15125060081481934,8.06168816398886,41.61987512859514,0.0,0.0,0.0,0.8716617352705585,0.4901079669472012,-0.5148215431081747,0.8465781142027856,0.0,0.0,0.0,0.01853900536294221,2.0,0.0,0.0,0.0,0.0,-0.09980276278885404,0.26023288470808237,-0.09980276278885404,0.26023288470808237,1.2222237586975098,0.8618670701980591,0.12198130786418915,-0.22428615391254425,1.0,0.0,20.0,1.0,1.140735387802124,0.9866920113563538,0.009486920167364233,0.0,0.0,0.0,0.0,6.745281934738159,6.665194988250732,6.68508243560791,528,8,0000000000000000,0,0,6.704972267150879,1,1,1,1,1,1779092745.9556506
6.7514591217040865,2,stop_after_4mps,0.0,0.0,0.7655524611473083,0.012958148494362831,0.15125060081481934,8.060131199147406,41.62243505448897,0.0,0.0,0.0,0.8716772004832758,0.4900804609017167,-0.507963897197568,0.8351825930436342,0.0,0.0,0.0,0.020562730383585612,2.0,0.0,0.0,0.0,0.0,-0.09980276278885404,0.26023288470808237,-0.09980276278885404,0.26023288470808237,1.2222237586975098,0.8618670701980591,0.12198130786418915,-0.22428615391254425,1.0,0.0,20.0,1.0,1.140735387802124,0.9866920113563538,0.009486920167364233,0.0,0.0,0.0,0.0,6.745281934738159,6.765186548233032,6.785035610198975,528,8,0000000000000000,0,0,6.704972267150879,1,1,1,1,1,1779092745.9556506
6.801459121704086,2,stop_after_4mps,0.0,0.0,1.136802315711975,0.013653761707246304,0.15693014860153198,8.060131199147406,41.62243505448897,0.0,0.0,0.0,0.8716772004832758,0.4900804609017167,-0.507963897197568,0.8351825930436342,0.0,0.0,0.0,0.020562730383585612,2.0,0.0,0.0,0.0,0.0,-0.0992065971439824,0.25628961770419056,-0.0992065971439824,0.25628961770419056,1.2167954444885254,0.8671534061431885,0.12071413546800613,-0.22224241495132446,1.0,0.0,20.0,1.0,1.1416747570037842,0.7111204266548157,0.004832192984185673,0.0,0.0,0.0,0.0,6.8456926345825195,6.765186548233032,6.785035610198975,528,8,0000000000000000,0,0,6.804950475692749,1,1,1,1,1,1779092746.0553315
6.851459121704086,2,stop_after_4mps,0.0,0.0,1.136802315711975,0.013653761707246304,0.15693014860153198,8.056186691009202,41.628918832339885,0.0,0.0,0.0,0.8717055869559095,0.4900299681344534,-0.5046044548784853,0.8294426258952576,0.0,0.0,0.0,0.01271474284114403,2.0,0.0,0.0,0.0,0.0,-0.0992065971439824,0.25628961770419056,-0.0992065971439824,0.25628961770419056,1.2167954444885254,0.8671534061431885,0.12071413546800613,-0.22224241495132446,1.0,0.0,20.0,1.0,1.1416747570037842,0.7111204266548157,0.004832192984185673,0.0,0.0,0.0,0.0,6.8456926345825195,6.865171909332275,6.88508677482605,528,8,0000000000000000,0,0,6.804950475692749,1,1,1,1,1,1779092746.0553315
6.901459121704086,2,stop_after_4mps,0.0,0.0,1.402909278869629,0.021550703793764114,0.1586296558380127,8.056186691009202,41.628918832339885,0.0,0.0,0.0,0.8717055869559095,0.4900299681344534,-0.5046044548784853,0.8294426258952576,0.0,0.0,0.0,0.01271474284114403,2.0,0.0,0.0,0.0,0.0,-0.09884779523457475,0.2537712860902425,-0.09884779523457475,0.2537712860902425,1.2062803506851196,0.872882604598999,0.11923815310001373,-0.2215125411748886,1.0,0.0,20.0,1.0,1.1407644748687744,0.5020214915275574,0.005324200878444473,0.0,0.0,0.0,0.0,6.945490837097168,6.865171909332275,6.88508677482605,528,8,0000000000000000,0,0,6.9049623012542725,1,1,1,1,1,1779092746.155655
6.951459121704086,2,stop_after_4mps,0.0,0.0,1.402909278869629,0.021550703793764114,0.1586296558380127,8.054562910425084,41.63158780523515,0.0,0.0,0.0,0.8717102090222858,0.49002174593207887,-0.4977074977414744,0.8180710092451424,0.0,0.0,0.0,0.006704442148757867,2.0,0.0,0.0,0.0,0.0,-0.09884779523457475,0.2537712860902425,-0.09884779523457475,0.2537712860902425,1.2062803506851196,0.872882604598999,0.11923815310001373,-0.2215125411748886,1.0,0.0,20.0,1.0,1.1407644748687744,0.5020214915275574,0.005324200878444473,0.0,0.0,0.0,0.0,6.945490837097168,6.965195655822754,6.985069990158081,528,8,0000000000000000,0,0,6.9049623012542725,1,1,1,1,1,1779092746.155655
7.001459121704086,2,sine_low_wl5m,2.0,1.815677229430214e-05,1.609706163406372,0.020716845989227295,0.15119603276252747,8.054562910425084,41.63158780523515,0.0,0.0,0.0,0.8717102090222858,0.49002174593207887,-0.4977074977414744,0.8180710092451424,0.0,0.0,0.0,0.006704442148757867,2.0,0.0,0.0,0.0,0.0,-0.09912173591942175,0.2543771631027783,-0.09912173591942175,0.2543771631027783,1.1957521438598633,0.8763918876647949,0.11852502822875977,-0.2229340821504593,1.0,0.0,20.0,1.0,1.1407864093780518,0.35171839594841003,0.004658502349323775,0.0,0.0,0.0,0.0,7.046427011489868,6.965195655822754,6.985069990158081,528,8,0000000000000000,0,0,7.0057783126831055,1,1,1,1,1,1779092746.25538
7.051459121704085,2,sine_low_wl5m,2.0,0.03526042426520394,1.609706163406372,0.020716845989227295,0.15119603276252747,8.050937859941094,41.637546099202154,0.0,0.0,0.0,0.8717124515375405,0.4900177566521555,-0.49080227719428415,0.8067044197355284,0.0,0.0,0.0,0.0010828657398241702,2.0,0.0,0.0,0.0,0.0,-0.09912173591942175,0.2543771631027783,-0.09912173591942175,0.2543771631027783,1.1957521438598633,0.8763918876647949,0.11852502822875977,-0.2229340821504593,1.0,0.0,20.0,1.0,1.1407864093780518,0.35171839594841003,0.004658502349323775,0.0,0.0,0.0,0.0,7.046427011489868,7.066200017929077,7.0859551429748535,528,8,0000000000000000,0,0,7.0057783126831055,1,1,1,1,1,1779092746.25538
7.101459121704085,2,sine_low_wl5m,2.0,0.08716359222941038,1.765795111656189,0.02566765621304512,0.1448218673467636,8.050937859941094,41.637546099202154,0.0,0.0,0.0,0.8717124515375405,0.4900177566521555,-0.49080227719428415,0.8067044197355284,0.0,0.0,0.0,0.0010828657398241702,2.0,0.0,0.0,0.0,0.0,-0.09994669925945242,0.25505749295826796,-0.09994669925945242,0.25505749295826796,1.1904548406600952,0.8757357597351074,0.11898203194141388,-0.2233629673719406,1.0,0.0,20.0,1.0,1.1414482593536377,0.23827925324440002,0.004670461046453901,0.0,0.0,0.0,0.0,7.146416187286377,7.066200017929077,7.0859551429748535,528,8,0000000000000000,0,0,7.106069087982178,1,1,1,1,1,1779092746.3558497
7.151459121704085,2,sine_low_wl5m,2.0,0.12073705432075263,1.765795111656189,0.02566765621304512,0.1448218673467636,8.049307232832696,41.640226243148014,0.0,0.0,0.0,0.8717135551216759,0.4900157934364247,-0.483893151497394,0.7953402060770026,0.0,0.0,0.0,0.002585651464335273,2.0,0.0,0.0,0.0,0.0,-0.09994669925945242,0.25505749295826796,-0.09994669925945242,0.25505749295826796,1.1904548406600952,0.8757357597351074,0.11898203194141388,-0.2233629673719406,1.0,0.0,20.0,1.0,1.1414482593536377,0.23827925324440002,0.004670461046453901,0.0,0.0,0.0,0.0,7.146416187286377,7.166195631027222,7.186014413833618,528,8,0000000000000000,0,0,7.106069087982178,1,1,1,1,1,1779092746.3558497
7.201459121704085,2,sine_low_wl5m,2.0,0.16869957918201753,1.872022271156311,0.02822684496641159,0.1609366536140442,8.049307232832696,41.640226243148014,0.0,0.0,0.0,0.8717135551216759,0.4900157934364247,-0.483893151497394,0.7953402060770026,0.0,0.0,0.0,0.002585651464335273,2.0,0.0,0.0,0.0,0.0,-0.08787866255316494,0.1973280123033428,-0.08787866255316494,0.1973280123033428,1.0012784004211426,0.824587881565094,0.08799100667238235,-0.16271428763866425,1.0,0.0,20.0,1.0,1.140106201171875,0.1598776876926422,0.002161216628577986,0.0,0.0,0.0,0.0,7.2478227615356445,7.166195631027222,7.186014413833618,528,8,0000000000000000,0,0,7.205899715423584,1,1,1,1,1,1779092746.4561048
7.251459121704085,2,sine_low_wl5m,2.0,0.19866738447114016,1.872022271156311,0.02822684496641159,0.1609366536140442,8.031121012343023,41.67010211143945,0.0,0.0,0.0,0.8718108773704779,0.4898426217659275,-0.43578818537236863,0.7156331071991403,0.0,0.0,0.0,0.0071965277722931655,2.0,0.0,0.0,0.0,0.0,-0.08787866255316494,0.1973280123033428,-0.08787866255316494,0.1973280123033428,1.0012784004211426,0.824587881565094,0.08799100667238235,-0.16271428763866425,1.0,0.0,20.0,1.0,1.140106201171875,0.1598776876926422,0.002161216628577986,0.0,0.0,0.0,0.0,7.2478227615356445,7.266162633895874,7.2859485149383545,528,8,0000000000000000,0,0,7.205899715423584,1,1,1,1,1,1779092746.4561048
7.3014591217040845,2,sine_low_wl5m,2.0,0.2396884038871583,1.9539278745651245,0.02656892128288746,0.197254478931427,8.031121012343023,41.67010211143945,0.0,0.0,0.0,0.8718108773704779,0.4898426217659275,-0.43578818537236863,0.7156331071991403,0.0,0.0,0.0,0.0071965277722931655,2.0,0.0,0.0,0.0,0.0,-0.08587608469215176,0.20004006385892426,-0.08587608469215176,0.20004006385892426,0.9982078075408936,0.8233158588409424,0.0857221782207489,-0.16469615697860718,1.0,0.0,20.0,1.0,1.1388113498687744,0.1181190013885498,0.002242110278775159,0.0,0.0,0.0,0.0,7.346178770065308,7.266162633895874,7.2859485149383545,528,8,0000000000000000,0,0,7.306315660476685,1,1,1,1,1,1779092746.5555623
7.351459121704084,2,sine_low_wl5m,2.0,0.2640653011061428,1.9539278745651245,0.02656892128288746,0.197254478931427,7.9912711016961735,41.735457675938854,0.0,0.0,0.0,0.8720221141411773,0.48946647734931925,-0.25283809018800213,0.4143948377259206,0.0,0.0,0.0,0.01097918435408622,2.0,0.0,0.0,0.0,0.0,-0.08587608469215176,0.20004006385892426,-0.08587608469215176,0.20004006385892426,0.9982078075408936,0.8233158588409424,0.0857221782207489,-0.16469615697860718,1.0,0.0,20.0,1.0,1.1388113498687744,0.1181190013885498,0.002242110278775159,0.0,0.0,0.0,0.0,7.346178770065308,7.366125822067261,7.3860023021698,528,8,0000000000000000,0,0,7.306315660476685,1,1,1,1,1,1779092746.5555623
7.401459121704084,2,sine_low_wl5m,2.0,0.29558577203928155,2.0214338302612305,0.029017793014645576,0.1615184098482132,7.9912711016961735,41.735457675938854,0.0,0.0,0.0,0.8720221141411773,0.48946647734931925,-0.25283809018800213,0.4143948377259206,0.0,0.0,0.0,0.01097918435408622,2.0,0.0,0.0,0.0,0.0,-0.0851209730556413,0.20124843815748328,-0.0851209730556413,0.20124843815748328,0.997331440448761,0.8228426575660706,0.08489382266998291,-0.16559579968452454,1.0,0.0,20.0,1.0,1.1399974822998047,0.08578779548406601,-0.0006358435857969808,0.0,0.0,0.0,0.0,7.446740388870239,7.366125822067261,7.3860023021698,528,8,0000000000000000,0,0,7.405930757522583,1,1,1,1,1,1779092746.6554248
7.451459121704084,2,sine_low_wl5m,2.0,0.3129145396512976,2.0214338302612305,0.029017793014645576,0.1615184098482132,7.9572567113567265,41.791150731169296,0.0,0.0,0.0,0.8722589063199133,0.48904437461807976,-0.0,0.0,0.0,0.0,0.0,0.002161216628577986,2.0,0.0,0.0,0.0,0.0,-0.0851209730556413,0.20124843815748328,-0.0851209730556413,0.20124843815748328,0.997331440448761,0.8228426575660706,0.08489382266998291,-0.16559579968452454,1.0,0.0,20.0,1.0,1.1399974822998047,0.08578779548406601,-0.0006358435857969808,0.0,0.0,0.0,0.0,7.446740388870239,7.466146945953369,7.485944747924805,528,8,0000000000000000,0,0,7.405930757522583,1,1,1,1,1,1779092746.6554248
7.501459121704084,2,sine_low_wl5m,2.0,0.33291520271508857,2.081465721130371,0.012364913709461689,0.18478769063949585,7.9572567113567265,41.791150731169296,0.0,0.0,0.0,0.8722589063199133,0.48904437461807976,-0.0,0.0,0.0,0.0,0.0,0.002161216628577986,2.0,0.0,0.0,0.0,0.0,-0.08365356928996802,0.20388386824541932,-0.08365356928996802,0.20388386824541932,0.9954861998558044,0.8212659955024719,0.08327597379684448,-0.16744288802146912,1.0,0.0,20.0,1.0,1.1401488780975342,0.06055741384625435,0.0009688796742304859,0.0,0.0,0.0,0.0,7.546167373657227,7.466146945953369,7.485944747924805,528,8,0000000000000000,0,0,7.506373643875122,1,1,1,1,1,1779092746.7554498
7.551459121704084,2,sine_low_wl5m,2.0,0.34206164963912516,2.081465721130371,0.012364913709461689,0.18478769063949585,7.927096165325624,41.84055718449005,0.0,0.0,0.0,0.871985079031986,0.4895324523926695,-0.3601183521227124,0.5904252269690288,0.0,0.0,0.0,0.01674392892708549,2.0,0.0,0.0,0.0,0.0,-0.08365356928996802,0.20388386824541932,-0.08365356928996802,0.20388386824541932,0.9954861998558044,0.8212659955024719,0.08327597379684448,-0.16744288802146912,1.0,0.0,20.0,1.0,1.1401488780975342,0.06055741384625435,0.0009688796742304859,0.0,0.0,0.0,0.0,7.546167373657227,7.566145658493042,7.586069345474243,528,8,cf000000c6000000,207,198,7.506373643875122,1,1,1,1,1,1779092746.7554498
7.601459121704083,2,sine_low_wl5m,2.0,0.3493172379642337,2.084808588027954,0.0044338284060359,0.1460506021976471,7.927096165325624,41.84055718449005,0.0,0.0,0.0,0.871985079031986,0.4895324523926695,-0.3601183521227124,0.5904252269690288,0.0,0.0,0.0,0.01674392892708549,2.0,0.0,0.0,0.0,0.0,-0.08214234310090156,0.20614139277898055,-0.08214234310090156,0.20614139277898055,0.9938818216323853,0.8204766511917114,0.08163978159427643,-0.1691341996192932,1.0,0.0,20.0,1.0,1.140075445175171,0.0471036322414875,-0.002345872811544029,0.0,0.0,0.0,0.0,7.646234035491943,7.566145658493042,7.586069345474243,528,8,cf000000c6000000,207,198,7.605942964553833,1,1,1,1,1,1779092746.855458
7.651459121704083,2,sine_low_wl5m,2.0,0.34974667459812636,2.084808588027954,0.0044338284060359,0.1460506021976471,7.890481075468529,41.9003121507453,0.0,0.0,0.0,0.8729315753266168,0.48784266397865517,-0.49830375392563053,0.8099105267146975,0.0,0.0,0.0,0.04091265774896977,2.0,0.0,0.0,0.0,0.0,-0.08214234310090156,0.20614139277898055,-0.08214234310090156,0.20614139277898055,0.9938818216323853,0.8204766511917114,0.08163978159427643,-0.1691341996192932,1.0,0.0,20.0,1.0,1.140075445175171,0.0471036322414875,-0.002345872811544029,0.0,0.0,0.0,0.0,7.646234035491943,7.666193246841431,7.685952425003052,528,8,da000000cc000000,218,204,7.605942964553833,1,1,1,1,1,1779092746.855458
7.701459121704083,2,sine_low_wl5m,2.0,0.3437855892096665,2.0629191398620605,0.032699692994356155,0.14090293645858765,7.890481075468529,41.9003121507453,0.0,0.0,0.0,0.8729315753266168,0.48784266397865517,-0.49830375392563053,0.8099105267146975,0.0,0.0,0.0,0.04091265774896977,2.0,0.0,0.0,0.0,0.0,-0.08162270313757329,0.20712890887690286,-0.08162270313757329,0.20712890887690286,0.9932247996330261,0.8198565244674683,0.0810696929693222,-0.16981598734855652,1.0,0.0,20.0,1.0,1.1401281356811523,0.029185932129621506,0.0018155128324218687,0.0,0.0,0.0,0.0,7.746291875839233,7.666193246841431,7.685952425003052,528,8,da000000cc000000,218,204,7.705883979797363,1,1,1,1,1,1779092746.9554696
7.751459121704083,2,sine_low_wl5m,2.0,0.33544776469041804,2.0629191398620605,0.032699692994356155,0.14090293645858765,7.841556203638233,41.97971098647935,0.0,0.0,0.0,0.873095443558591,0.4875493271836474,-0.5651284005570235,0.9171414516045063,0.0,0.0,0.0,-0.009662574107610813,2.0,0.0,0.0,0.0,0.0,-0.08162270313757329,0.20712890887690286,-0.08162270313757329,0.20712890887690286,0.9932247996330261,0.8198565244674683,0.0810696929693222,-0.16981598734855652,1.0,0.0,20.0,1.0,1.1401281356811523,0.029185932129621506,0.0018155128324218687,0.0,0.0,0.0,0.0,7.746291875839233,7.766129016876221,7.7859814167022705,528,8,d6000000c6000000,214,198,7.705883979797363,1,1,1,1,1,1779092746.9554696
7.801459121704083,2,sine_low_wl5m,2.0,0.31663748087480226,1.948358178138733,0.0075325439684093,0.14006951451301575,7.841556203638233,41.97971098647935,0.0,0.0,0.0,0.873095443558591,0.4875493271836474,-0.5651284005570235,0.9171414516045063,0.0,0.0,0.0,-0.009662574107610813,2.0,0.0,0.0,0.0,0.0,-0.08028750654005053,0.20865962933104387,-0.08028750654005053,0.20865962933104387,0.9919220805168152,0.8194901943206787,0.07963895052671432,-0.17099452018737793,1.0,0.0,20.0,1.0,1.1406586170196533,0.02380412630736828,-0.001214982143041524,0.0,0.0,0.0,0.0,7.846338987350464,7.766129016876221,7.7859814167022705,528,8,d6000000c6000000,214,198,7.806086778640747,1,1,1,1,1,1779092747.0554996
7.8514591217040826,2,sine_low_wl5m,2.0,0.30005452056525933,1.948358178138733,0.0075325439684093,0.14006951451301575,7.819212939929447,42.015979404898864,0.0,0.0,0.0,0.8730977797488572,0.4875451435483859,-0.6035107027973846,0.9794107047771573,0.0,0.0,0.0,0.023092856249159445,2.0,0.0,0.0,0.0,0.0,-0.08028750654005053,0.20865962933104387,-0.08028750654005053,0.20865962933104387,0.9919220805168152,0.8194901943206787,0.07963895052671432,-0.17099452018737793,1.0,0.0,20.0,1.0,1.1406586170196533,0.02380412630736828,-0.001214982143041524,0.0,0.0,0.0,0.0,7.846338987350464,7.866199493408203,7.8859686851501465,528,8,d2000000bf000000,210,191,7.806086778640747,1,1,1,1,1,1779092747.0554996
7.901459121704082,2,sine_low_wl5m,2.0,0.26960530777502434,1.67154860496521,-0.000850953278131783,0.17053665220737457,7.819212939929447,42.015979404898864,0.0,0.0,0.0,0.8730977797488572,0.4875451435483859,-0.6035107027973846,0.9794107047771573,0.0,0.0,0.0,0.023092856249159445,2.0,0.0,0.0,0.0,0.0,-0.07942153942619522,0.20965141491380349,-0.07942153942619522,0.20965141491380349,0.9910867214202881,0.8189987540245056,0.07871363312005997,-0.1717042475938797,1.0,0.0,20.0,1.0,1.1382591724395752,0.023424282670021057,0.00021063483866287102,0.0,0.0,0.0,0.0,7.9463090896606445,7.866199493408203,7.8859686851501465,528,8,d2000000bf000000,210,191,7.905918836593628,1,1,1,1,1,1779092747.1553922
7.951459121704082,2,sine_low_wl5m,2.0,0.24584169344145973,1.67154860496521,-0.000850953278131783,0.17053665220737457,7.792110319203463,42.05987106894647,0.0,0.0,0.0,0.8734545326113714,0.48690571927289034,-0.6329186341373222,1.0237756086650271,0.0,0.0,0.0,0.02816904722384876,2.0,0.0,0.0,0.0,0.0,-0.07942153942619522,0.20965141491380349,-0.07942153942619522,0.20965141491380349,0.9910867214202881,0.8189987540245056,0.07871363312005997,-0.1717042475938797,1.0,0.0,20.0,1.0,1.1382591724395752,0.023424282670021057,0.00021063483866287102,0.0,0.0,0.0,0.0,7.9463090896606445,7.966159343719482,7.986019134521484,528,8,c5000000b1000000,197,177,7.905918836593628,1,1,1,1,1,1779092747.1553922
8.001459121704082,2,sine_low_wl5m,2.0,0.20562434627431994,1.3418893814086914,0.01436664443463087,0.14888490736484528,7.792110319203463,42.05987106894647,0.0,0.0,0.0,0.8734545326113714,0.48690571927289034,-0.6329186341373222,1.0237756086650271,0.0,0.0,0.0,0.02816904722384876,2.0,2.0,1.815677229430214e-05,1.9149657581849702,0.15364512965967797,1.9149657581849702,0.15364512965967797,-0.08503424181502983,0.15362697288738367,0.9905439615249634,0.8185686469078064,0.10314223170280457,-0.12575092911720276,1.0,1.0,20.0,1.0,1.1399333477020264,0.02202429808676243,-0.0010601225295112744,162.20008294949423,154.57524891842033,162.0,155.0,8.04642391204834,7.966159343719482,7.986019134521484,528,8,c5000000b1000000,197,177,8.005944013595581,1,1,1,1,1,1779092747.256366
8.051459121704083,2,sine_low_wl5m,2.0,0.17614784050368137,1.3418893814086914,0.01436664443463087,0.14888490736484528,7.772367736133166,42.091768362075214,0.0,0.0,0.0,0.8736520346774582,0.48655125352211087,-0.6547575330171794,1.057181901884575,0.0,0.0,0.0,0.032678075919421595,2.0,2.0,1.815677229430214e-05,1.9149657581849702,0.15364512965967797,1.9149657581849702,0.15364512965967797,-0.08503424181502983,0.15362697288738367,0.9905439615249634,0.8185686469078064,0.10314223170280457,-0.12575092911720276,1.0,1.0,20.0,1.0,1.1399333477020264,0.02202429808676243,-0.0010601225295112744,162.20008294949423,154.57524891842033,162.0,155.0,8.04642391204834,8.066206455230713,8.08600664138794,528,8,c0000000aa000000,192,170,8.005944013595581,1,1,1,1,1,1779092747.256366
8.101459121704083,2,sine_low_wl5m,2.0,0.1287312859288817,0.9866920113563538,-0.017393684014678,0.16096429526805878,7.772367736133166,42.091768362075214,0.0,0.0,0.0,0.8736520346774582,0.48655125352211087,-0.6547575330171794,1.057181901884575,0.0,0.0,0.0,0.032678075919421595,2.0,2.0,0.08716359222941038,2.4571983061579936,0.20880813726501685,2.4571983061579936,0.20880813726501685,0.4571983061579936,0.12164454503560647,0.907130777835846,0.8660885095596313,-0.22900021076202393,-0.09368273615837097,1.0,1.0,20.0,1.0,1.140937089920044,0.032326839864254,0.00045336837423702554,208.4171441657256,198.05477606131518,208.0,198.0,8.146249055862427,8.066206455230713,8.08600664138794,528,8,c0000000aa000000,192,170,8.105966806411743,1,1,1,1,1,1779092747.357071
8.151459121704084,2,sine_low_wl5m,2.0,0.09540694923639709,0.9866920113563538,-0.017393684014678,0.16096429526805878,7.751646272620542,42.12518891545749,0.0,0.0,0.0,0.8738286742241906,0.48623394380029994,-0.6765581125452639,1.0906110634786381,0.0,0.0,0.0,0.022510510666773124,2.0,2.0,0.08716359222941038,2.4571983061579936,0.20880813726501685,2.4571983061579936,0.20880813726501685,0.4571983061579936,0.12164454503560647,0.907130777835846,0.8660885095596313,-0.22900021076202393,-0.09368273615837097,1.0,1.0,20.0,1.0,1.140937089920044,0.032326839864254,0.00045336837423702554,208.4171441657256,198.05477606131518,208.0,198.0,8.146249055862427,8.166135787963867,8.186015605926514,528,8,bb000000a5000000,187,165,8.105966806411743,1,1,1,1,1,1779092747.357071
8.201459121704085,2,sine_low_wl5m,2.0,0.043742174424386125,0.7111204266548157,-0.020958377048373222,0.15698722004890442,7.751646272620542,42.12518891545749,0.0,0.0,0.0,0.8738286742241906,0.48623394380029994,-0.6765581125452639,1.0906110634786381,0.0,0.0,0.0,0.022510510666773124,2.0,2.0,0.16869957918201753,2.4653742300102826,0.2518400150946387,2.4653742300102826,0.2518400150946387,0.46537423001028255,0.08314043591262119,0.92539381980896,0.9745693802833557,-0.2814420759677887,-0.07673598825931549,1.0,1.0,20.0,1.0,1.139557123184204,0.15391620993614197,0.026770034945115546,210.16113415019402,197.66325464218048,210.0,198.0,8.246233940124512,8.166135787963867,8.186015605926514,528,8,bb000000a5000000,187,165,8.205984354019165,1,1,1,1,1,1779092747.4563878
8.251459121704086,2,sine_low_wl5m,2.0,0.008671248235710964,0.7111204266548157,-0.020958377048373222,0.15698722004890442,7.70128032929162,42.20624197291685,0.0,0.0,0.0,0.8741883151037484,0.48558705680451314,-0.7062825234653208,1.1347734901573134,0.0,0.0,0.0,0.028090773446844363,2.0,2.0,0.16869957918201753,2.4653742300102826,0.2518400150946387,2.4653742300102826,0.2518400150946387,0.46537423001028255,0.08314043591262119,0.92539381980896,0.9745693802833557,-0.2814420759677887,-0.07673598825931549,1.0,1.0,20.0,1.0,1.139557123184204,0.15391620993614197,0.026770034945115546,210.16113415019402,197.66325464218048,210.0,198.0,8.246233940124512,8.26625394821167,8.285941362380981,528,8,c6000000af000000,198,175,8.205984354019165,1,1,1,1,1,1779092747.4563878
8.301459121704086,2,sine_low_wl5m,2.0,-0.04396817225875098,0.5020214915275574,-0.020859282463788986,0.14752373099327087,7.70128032929162,42.20624197291685,0.0,0.0,0.0,0.8741883151037484,0.48558705680451314,-0.7062825234653208,1.1347734901573134,0.0,0.0,0.0,0.028090773446844363,2.0,2.0,0.2396884038871583,2.4904434559565303,0.3387161180816306,2.4904434559565303,0.3387161180816306,0.49044345595653027,0.09902771419447229,0.9223037958145142,0.9953707456588745,-0.2969454526901245,-0.09745971113443375,1.0,1.0,20.0,1.0,1.1398143768310547,0.5351552963256836,0.03993918878361985,214.39028921630737,197.58107313674395,214.0,198.0,8.34624171257019,8.26625394821167,8.285941362380981,528,8,c6000000af000000,198,175,8.305945873260498,1,1,1,1,1,1779092747.5580306
8.351459121704087,2,sine_low_wl5m,2.0,-0.07859634991055431,0.5020214915275574,-0.020859282463788986,0.14752373099327087,7.665171014410098,42.264184013332944,0.0,0.0,0.0,0.8744220603291203,0.4851660132467817,-0.7355293878037427,1.1792307260859967,0.0,0.0,0.0,0.015801765708118105,2.0,2.0,0.2396884038871583,2.4904434559565303,0.3387161180816306,2.4904434559565303,0.3387161180816306,0.49044345595653027,0.09902771419447229,0.9223037958145142,0.9953707456588745,-0.2969454526901245,-0.09745971113443375,1.0,1.0,20.0,1.0,1.1398143768310547,0.5351552963256836,0.03993918878361985,214.39028921630737,197.58107313674395,214.0,198.0,8.34624171257019,8.36612319946289,8.386082172393799,528,8,c2000000ad000000,194,173,8.305945873260498,1,1,1,1,1,1779092747.5580306
8.401459121704088,2,sine_low_wl5m,2.0,-0.12896477790588037,0.35171839594841003,-0.02026437409222126,0.14221800863742828,7.665171014410098,42.264184013332944,0.0,0.0,0.0,0.8744220603291203,0.4851660132467817,-0.7355293878037427,1.1792307260859967,0.0,0.0,0.0,0.015801765708118105,2.0,2.0,0.29558577203928155,2.4257843070266505,0.40191556285397956,2.4257843070266505,0.40191556285397956,0.4257843070266505,0.10632979081469801,0.9386260509490967,1.0045034885406494,-0.2769043445587158,-0.10813981294631958,1.0,1.0,20.0,1.0,1.1402287483215332,0.8644082546234131,0.010106760775898798,210.61047859275033,190.66491007355836,211.0,191.0,8.446310043334961,8.36612319946289,8.386082172393799,528,8,c2000000ad000000,194,173,8.406291961669922,1,1,1,1,1,1779092747.6564872
8.451459121704088,2,sine_low_wl5m,2.0,-0.1609590381272855,0.35171839594841003,-0.02026437409222126,0.14221800863742828,7.636458986147485,42.31015970246014,0.0,0.0,0.0,0.8746056070467247,0.484835056614546,-0.7364217283207435,1.1786736714313018,0.0,0.0,0.0,0.020946011924623212,2.0,2.0,0.29558577203928155,2.4257843070266505,0.40191556285397956,2.4257843070266505,0.40191556285397956,0.4257843070266505,0.10632979081469801,0.9386260509490967,1.0045034885406494,-0.2769043445587158,-0.10813981294631958,1.0,1.0,20.0,1.0,1.1402287483215332,0.8644082546234131,0.010106760775898798,210.61047859275033,190.66491007355836,211.0,191.0,8.446310043334961,8.466222047805786,8.485933303833008,528,8,bd000000ab000000,189,171,8.406291961669922,1,1,1,1,1,1779092747.6564872
8.50145912170409,2,sine_low_wl5m,2.0,-0.20582193491246764,0.23827925324440002,-0.01586201600730419,0.14210844039916992,7.636458986147485,42.31015970246014,0.0,0.0,0.0,0.8746056070467247,0.484835056614546,-0.7364217283207435,1.1786736714313018,0.0,0.0,0.0,0.020946011924623212,2.0,2.0,0.33291520271508857,2.3523571646348143,0.44684267968318586,2.3523571646348143,0.44684267968318586,0.35235716463481426,0.1139274769680973,0.9520715475082397,0.9929322600364685,-0.23961232602596283,-0.11076930910348892,1.0,1.0,20.0,1.0,1.1426687240600586,1.0737229585647583,0.0398036333924404,205.65206964598835,183.476936088997,206.0,183.0,8.546265602111816,8.466222047805786,8.485933303833008,528,8,bd000000ab000000,189,171,8.506809949874878,1,1,1,1,1,1779092747.7580822
8.55145912170409,2,sine_low_wl5m,2.0,-0.23319806906082835,0.23827925324440002,-0.01586201600730419,0.14210844039916992,7.6224828863298715,42.33252098071566,0.0,0.0,0.0,0.8746665945051455,0.4847250235512618,-0.7402432374546007,1.1841270441583882,0.0,0.0,0.0,0.015286870492976678,2.0,2.0,0.33291520271508857,2.3523571646348143,0.44684267968318586,2.3523571646348143,0.44684267968318586,0.35235716463481426,0.1139274769680973,0.9520715475082397,0.9929322600364685,-0.23961232602596283,-0.11076930910348892,1.0,1.0,20.0,1.0,1.1426687240600586,1.0737229585647583,0.0398036333924404,205.65206964598835,183.476936088997,206.0,183.0,8.546265602111816,8.566120147705078,8.586039304733276,528,8,ad000000a2000000,173,162,8.506809949874878,1,1,1,1,1,1779092747.7580822
8.60145912170409,2,sine_low_wl5m,2.0,-0.269763459067753,0.1598776876926422,-0.015660159289836884,0.14103049039840698,7.6224828863298715,42.33252098071566,0.0,0.0,0.0,0.8746665945051455,0.4847250235512618,-0.7402432374546007,1.1841270441583882,0.0,0.0,0.0,0.015286870492976678,2.0,2.0,0.3493172379642337,2.186707671689153,0.4402652957915928,2.186707671689153,0.4402652957915928,0.18670767168915292,0.0909480578273591,1.0047627687454224,1.0181982517242432,-0.1971224546432495,-0.09896011650562286,1.0,1.0,20.0,1.0,1.140592098236084,1.2306091785430908,0.014310153851316326,191.78792122344265,169.93919866719793,192.0,170.0,8.646345615386963,8.566120147705078,8.586039304733276,528,8,ad000000a2000000,173,162,8.606770753860474,1,1,1,1,1,1779092747.856402
8.651459121704091,2,sine_low_wl5m,2.0,-0.2907666454760366,0.1598776876926422,-0.015660159289836884,0.14103049039840698,7.585504995092701,42.391580492463646,0.0,0.0,0.0,0.8749313383531153,0.48424699603366306,-0.7591925509940376,1.2114915584279626,0.0,0.0,0.0,0.030748590095938135,2.0,2.0,0.3493172379642337,2.186707671689153,0.4402652957915928,2.186707671689153,0.4402652957915928,0.18670767168915292,0.0909480578273591,1.0047627687454224,1.0181982517242432,-0.1971224546432495,-0.09896011650562286,1.0,1.0,20.0,1.0,1.140592098236084,1.2306091785430908,0.014310153851316326,191.78792122344265,169.93919866719793,192.0,170.0,8.646345615386963,8.66639494895935,8.686181545257568,528,8,ac000000a7000000,172,167,8.606770753860474,1,1,1,1,1,1779092747.856402
8.701459121704092,2,sine_low_wl5m,2.0,-0.3167404038422167,0.1181190013885498,-0.019020700827240944,0.14002582430839539,7.585504995092701,42.391580492463646,0.0,0.0,0.0,0.8749313383531153,0.48424699603366306,-0.7591925509940376,1.2114915584279626,0.0,0.0,0.0,0.030748590095938135,2.0,2.0,0.3437855892096665,2.1219798293319463,0.43862790019246084,2.1219798293319463,0.43862790019246084,0.12197982933194629,0.09484231098279433,1.0203906297683716,0.9973015785217285,-0.1652483344078064,-0.09365870803594589,1.0,1.0,20.0,1.0,1.1409368515014648,1.3401776552200317,0.02114097783152197,186.39362380172946,164.626159074576,186.0,165.0,8.746249437332153,8.66639494895935,8.686181545257568,528,8,ac000000a7000000,172,167,8.706093311309814,1,1,1,1,1,1779092747.9570413
8.751459121704093,2,sine_low_wl5m,2.0,-0.3300922086996302,0.1181190013885498,-0.019020700827240944,0.14002582430839539,7.470660804382057,42.57413588307055,0.0,0.0,0.0,0.8756528823381975,0.48294102088433827,-0.7734481462223423,1.226093515943457,0.0,0.0,0.0,0.014087942013830129,2.0,2.0,0.3437855892096665,2.1219798293319463,0.43862790019246084,2.1219798293319463,0.43862790019246084,0.12197982933194629,0.09484231098279433,1.0203906297683716,0.9973015785217285,-0.1652483344078064,-0.09365870803594589,1.0,1.0,20.0,1.0,1.1409368515014648,1.3401776552200317,0.02114097783152197,186.39362380172946,164.626159074576,186.0,165.0,8.746249437332153,8.766239643096924,8.785974264144897,528,8,a7000000ab000000,167,171,8.706093311309814,1,1,1,1,1,1779092747.9570413
8.801459121704093,2,sine_low_wl5m,2.0,-0.3438239138759527,0.08578779548406601,-0.018874017521739006,0.14071527123451233,7.470660804382057,42.57413588307055,0.0,0.0,0.0,0.8756528823381975,0.48294102088433827,-0.7734481462223423,1.226093515943457,0.0,0.0,0.0,0.014087942013830129,2.0,2.0,0.31663748087480226,2.0921092323914516,0.42102915203368513,2.0921092323914516,0.42102915203368513,0.09210923239145163,0.10439167115888287,1.0205403566360474,0.9607952833175659,-0.13508190214633942,-0.08788534253835678,1.0,1.0,20.0,1.0,1.1405258178710938,1.4068262577056885,0.01720226466661713,183.4863334238565,162.59222884916971,183.0,163.0,8.846214532852173,8.766239643096924,8.785974264144897,528,8,a7000000ab000000,167,171,8.807251453399658,1,1,1,1,1,1779092748.056695
8.851459121704094,2,sine_low_wl5m,2.0,-0.34865715717962786,0.08578779548406601,-0.018874017521739006,0.14071527123451233,7.369443084793019,42.734136626927146,0.0,0.0,0.0,0.8761889155846582,0.48196782486653694,-0.7904124131364674,1.2468373417704486,0.0,0.0,0.0,0.022591798392924706,2.0,2.0,0.31663748087480226,2.0921092323914516,0.42102915203368513,2.0921092323914516,0.42102915203368513,0.09210923239145163,0.10439167115888287,1.0205403566360474,0.9607952833175659,-0.13508190214633942,-0.08788534253835678,1.0,1.0,20.0,1.0,1.1405258178710938,1.4068262577056885,0.01720226466661713,183.4863334238565,162.59222884916971,183.0,163.0,8.846214532852173,8.866189956665039,8.88605785369873,528,8,9f000000ad000000,159,173,8.807251453399658,1,1,1,1,1,1779092748.056695
8.901459121704095,2,sine_low_wl5m,2.0,-0.349302370751692,0.06055741384625435,-0.014342281967401505,0.13934463262557983,7.369443084793019,42.734136626927146,0.0,0.0,0.0,0.8761889155846582,0.48196782486653694,-0.7904124131364674,1.2468373417704486,0.0,0.0,0.0,0.022591798392924706,2.0,2.0,0.26960530777502434,2.211916449390547,0.4156983720453738,2.211916449390547,0.4156983720453738,0.211916449390547,0.14609306427034946,0.9704079031944275,0.8984153866767883,-0.14646120369434357,-0.10386450588703156,1.0,1.0,20.0,1.0,1.1404683589935303,1.449262022972107,0.008101316585593689,193.26336804837567,172.6338101778836,193.0,173.0,8.946297407150269,8.866189956665039,8.88605785369873,528,8,9f000000ad000000,159,173,8.906237125396729,1,1,1,1,1,1779092748.1567276
8.951459121704096,2,sine_low_wl5m,2.0,-0.3453164747661859,0.06055741384625435,-0.014342281967401505,0.13934463262557983,7.293539415814818,42.853665639316944,0.0,0.0,0.0,0.876446391888735,0.48149945186388105,-0.7881783590150119,1.240379137322416,0.0,0.0,0.0,0.014936137976397031,2.0,2.0,0.26960530777502434,2.211916449390547,0.4156983720453738,2.211916449390547,0.4156983720453738,0.211916449390547,0.14609306427034946,0.9704079031944275,0.8984153866767883,-0.14646120369434357,-0.10386450588703156,1.0,1.0,20.0,1.0,1.1404683589935303,1.449262022972107,0.008101316585593689,193.26336804837567,172.6338101778836,193.0,173.0,8.946297407150269,8.966153383255005,8.98605489730835,528,8,93000000b1000000,147,177,8.906237125396729,1,1,1,1,1,1779092748.1567276
9.001459121704096,2,sine_low_wl5m,2.0,-0.33282349887994184,0.0471036322414875,-0.01424348633736372,0.13999296724796295,7.293539415814818,42.853665639316944,0.0,0.0,0.0,0.876446391888735,0.48149945186388105,-0.7881783590150119,1.240379137322416,0.0,0.0,0.0,0.014936137976397031,2.0,2.0,0.20562434627431994,2.172616798727189,0.3364847983007919,2.172616798727189,0.3364847983007919,0.17261679872718894,0.13086045202647198,0.974495530128479,0.8710311651229858,-0.11720535904169083,-0.08746439963579178,1.0,1.0,20.0,1.0,1.1406855583190918,1.4765698909759521,0.014562399013841806,188.0473396078651,171.34885559665193,188.0,171.0,9.046294927597046,8.966153383255005,8.98605489730835,528,8,93000000b1000000,147,177,9.0062894821167,1,1,1,1,1,1779092748.2564654
9.051459121704097,2,sine_low_wl5m,2.0,-0.3202816010490691,0.0471036322414875,-0.01424348633736372,0.13999296724796295,7.236580091671867,42.94313635152489,0.0,0.0,0.0,0.8767192103909491,0.48100252195957416,-0.7895841801228088,1.2394847124608233,0.0,0.0,0.0,0.0067487272697345415,2.0,2.0,0.20562434627431994,2.172616798727189,0.3364847983007919,2.172616798727189,0.3364847983007919,0.17261679872718894,0.13086045202647198,0.974495530128479,0.8710311651229858,-0.11720535904169083,-0.08746439963579178,1.0,1.0,20.0,1.0,1.1406855583190918,1.4765698909759521,0.014562399013841806,188.0473396078651,171.34885559665193,188.0,171.0,9.046294927597046,9.06621789932251,9.085984706878662,528,8,83000000b5000000,131,181,9.0062894821167,1,1,1,1,1,1779092748.2564654
9.101459121704098,2,sine_low_wl5m,2.0,-0.2954394449241383,0.029185932129621506,-0.006993587128818035,0.1380050927400589,7.236580091671867,42.94313635152489,0.0,0.0,0.0,0.8767192103909491,0.48100252195957416,-0.7895841801228088,1.2394847124608233,0.0,0.0,0.0,0.0067487272697345415,2.0,2.0,0.1287312859288817,2.1124816688969195,0.2121103225671539,2.1124816688969195,0.2121103225671539,0.11248166889691946,0.0833790366382722,0.9846124053001404,0.8373044729232788,-0.0799756571650505,-0.04886963590979576,1.0,1.0,20.0,1.0,1.1419551372528076,1.4846700429916382,0.007597594063280263,179.9874159969886,169.46117276731772,180.0,169.0,9.146234273910522,9.06621789932251,9.085984706878662,528,8,83000000b5000000,131,181,9.106022357940674,1,1,1,1,1,1779092748.3574338
9.151459121704098,2,sine_low_wl5m,2.0,-0.27513197881180723,0.029185932129621506,-0.006993587128818035,0.1380050927400589,7.142113154761964,43.091142936135775,0.0,0.0,0.0,0.8771245598883395,0.480262955515712,-0.7845092670979104,1.2269461448212693,0.0,0.0,0.0,0.023979194658623235,2.0,2.0,0.1287312859288817,2.1124816688969195,0.2121103225671539,2.1124816688969195,0.2121103225671539,0.11248166889691946,0.0833790366382722,0.9846124053001404,0.8373044729232788,-0.0799756571650505,-0.04886963590979576,1.0,1.0,20.0,1.0,1.1419551372528076,1.4846700429916382,0.007597594063280263,179.9874159969886,169.46117276731772,180.0,169.0,9.146234273910522,9.166217565536499,9.186225414276123,528,8,81000000b2000000,129,178,9.106022357940674,1,1,1,1,1,1779092748.3574338
9.201459121704099,2,sine_low_wl5m,2.0,-0.23950559299412313,0.02380412630736828,-0.007114805281162262,0.13834720849990845,7.142113154761964,43.091142936135775,0.0,0.0,0.0,0.8771245598883395,0.480262955515712,-0.7845092670979104,1.2269461448212693,0.0,0.0,0.0,0.023979194658623235,2.0,2.0,0.043742174424386125,2.0527499557197606,0.07019827938562921,2.0527499557197606,0.07019827938562921,0.0527499557197606,0.026456104961243086,1.004173994064331,0.7958993911743164,-0.06131812185049057,-0.012128593400120735,1.0,1.0,20.0,1.0,1.1400341987609863,1.4914168119430542,0.014936137976397031,171.5256971650251,168.04201869914758,172.0,168.0,9.246260404586792,9.166217565536499,9.186225414276123,528,8,81000000b2000000,129,178,9.206050395965576,1,1,1,1,1,1779092748.456538
9.2514591217041,2,sine_low_wl5m,2.0,-0.2126782229481282,0.02380412630736828,-0.007114805281162262,0.13834720849990845,6.912402789438937,43.44908300288695,0.0,0.0,0.0,0.8777692985257277,0.479083561151551,-0.7914020367502912,1.230425608104262,0.0,0.0,0.0,-4.036330338639583e-05,2.0,2.0,0.043742174424386125,2.0527499557197606,0.07019827938562921,2.0527499557197606,0.07019827938562921,0.0527499557197606,0.026456104961243086,1.004173994064331,0.7958993911743164,-0.06131812185049057,-0.012128593400120735,1.0,1.0,20.0,1.0,1.1400341987609863,1.4914168119430542,0.014936137976397031,171.5256971650251,168.04201869914758,172.0,168.0,9.246260404586792,9.266193628311157,9.285978555679321,528,8,80000000b2000000,128,178,9.206050395965576,1,1,1,1,1,1779092748.456538
9.3014591217041,2,sine_low_wl5m,2.0,-0.16850775997951647,0.023424282670021057,-0.01612965017557144,0.1374165564775467,6.912402789438937,43.44908300288695,0.0,0.0,0.0,0.8777692985257277,0.479083561151551,-0.7914020367502912,1.230425608104262,0.0,0.0,0.0,-4.036330338639583e-05,2.0,2.0,-0.04396817225875098,2.0392187366538583,-0.11337534338379955,2.0392187366538583,-0.11337534338379955,0.03921873665385833,-0.06940717112504857,0.9978848695755005,0.7120019197463989,-0.03490552306175232,0.036755289882421494,1.0,1.0,20.0,1.0,1.1397981643676758,1.4971225261688232,0.01369565405854238,165.85148735218993,171.47788226904981,166.0,171.0,9.346264123916626,9.266193628311157,9.285978555679321,528,8,80000000b2000000,128,178,9.305943727493286,1,1,1,1,1,1779092748.5564296
9.351459121704101,2,sine_low_wl5m,2.0,-0.13683827106545482,0.023424282670021057,-0.01612965017557144,0.1374165564775467,6.820673301872588,43.591476441489796,0.0,0.0,0.0,0.878121527834951,0.47843764729880034,-0.7896061463950399,1.2236722461629381,0.0,0.0,0.0,0.016434509267282918,2.0,2.0,-0.04396817225875098,2.0392187366538583,-0.11337534338379955,2.0392187366538583,-0.11337534338379955,0.03921873665385833,-0.06940717112504857,0.9978848695755005,0.7120019197463989,-0.03490552306175232,0.036755289882421494,1.0,1.0,20.0,1.0,1.1397981643676758,1.4971225261688232,0.01369565405854238,165.85148735218993,171.47788226904981,166.0,171.0,9.346264123916626,9.366095066070557,9.385993719100952,528,8,81000000b2000000,129,178,9.305943727493286,1,1,1,1,1,1779092748.5564296
9.401459121704102,2,sine_low_wl5m,2.0,-0.08691406179263864,0.02202429808676243,-0.01621909625828266,0.13783042132854462,6.820673301872588,43.591476441489796,0.0,0.0,0.0,0.878121527834951,0.47843764729880034,-0.7896061463950399,1.2236722461629381,0.0,0.0,0.0,0.016434509267282918,2.0,2.0,-0.12896477790588037,2.004253869592372,-0.3742900926582753,2.004253869592372,-0.3742900926582753,0.0042538695923721725,-0.2453253147523949,1.0049331188201904,0.6054808497428894,-0.014141092076897621,0.09766070544719696,1.0,1.0,20.0,1.0,1.1417152881622314,1.4822198152542114,0.023979194658623235,156.48541537388056,175.0600349685008,156.0,175.0,9.446243286132812,9.366095066070557,9.385993719100952,528,8,81000000b2000000,129,178,9.406034708023071,1,1,1,1,1,1779092748.6581063
9.451459121704103,2,sine_low_wl5m,2.0,-0.05245422998880481,0.02202429808676243,-0.01621909625828266,0.13783042132854462,6.757517964706266,43.68921259227867,0.0,0.0,0.0,0.8783670442077173,0.47798675258818435,-0.7872509650036476,1.2172769868991165,0.0,0.0,0.0,0.0047849407501703665,2.0,2.0,-0.12896477790588037,2.004253869592372,-0.3742900926582753,2.004253869592372,-0.3742900926582753,0.0042538695923721725,-0.2453253147523949,1.0049331188201904,0.6054808497428894,-0.014141092076897621,0.09766070544719696,1.0,1.0,20.0,1.0,1.1417152881622314,1.4822198152542114,0.023979194658623235,156.48541537388056,175.0600349685008,156.0,175.0,9.446243286132812,9.466161966323853,9.486064195632935,528,8,81000000b3000000,129,179,9.406034708023071,1,1,1,1,1,1779092748.6581063
9.501459121704103,2,stop_after_sine_low,0.0,0.0,0.032326839864254,-0.015967613086104393,0.1363239735364914,6.757517964706266,43.68921259227867,0.0,0.0,0.0,0.8783670442077173,0.47798675258818435,-0.7872509650036476,1.2172769868991165,0.0,0.0,0.0,0.0047849407501703665,2.0,2.0,-0.20582193491246764,1.9534522124521494,-0.6352368590050002,1.9534522124521494,-0.6352368590050002,-0.046547787547850605,-0.4294149240925325,1.0204923152923584,0.5367887020111084,0.0065170289017260075,0.13516603410243988,1.0,1.0,20.0,1.0,1.1395907402038574,1.477374792098999,0.010765504509038468,145.80868103070512,177.3331141908207,146.0,177.0,9.547956228256226,9.466161966323853,9.486064195632935,528,8,81000000b3000000,129,179,9.50691270828247,1,1,1,1,1,1779092748.757415
9.551459121704104,2,stop_after_sine_low,0.0,0.0,0.032326839864254,-0.015967613086104393,0.1363239735364914,6.715691121266244,43.753873483430354,0.0,0.0,0.0,0.878434079949021,0.4778635445230332,-0.7875924145462819,1.2170560929071939,0.0,0.0,0.0,0.010858934039793487,2.0,2.0,-0.20582193491246764,1.9534522124521494,-0.6352368590050002,1.9534522124521494,-0.6352368590050002,-0.046547787547850605,-0.4294149240925325,1.0204923152923584,0.5367887020111084,0.0065170289017260075,0.13516603410243988,1.0,1.0,20.0,1.0,1.1395907402038574,1.477374792098999,0.010765504509038468,145.80868103070512,177.3331141908207,146.0,177.0,9.547956228256226,9.567282676696777,9.587031364440918,528,8,82000000b4000000,130,180,9.50691270828247,1,1,1,1,1,1779092748.757415
9.601459121704105,2,stop_after_sine_low,0.0,0.0,0.15391620993614197,-0.005132805556058884,0.12601611018180847,6.715691121266244,43.753873483430354,0.0,0.0,0.0,0.878434079949021,0.4778635445230332,-0.7875924145462819,1.2170560929071939,0.0,0.0,0.0,0.010858934039793487,2.0,2.0,-0.269763459067753,1.8807017527389533,-1.0,1.8807017527389533,-1.0,-0.11929824726104665,-0.730236540932247,1.0475928783416748,0.44402843713760376,0.029790237545967102,0.19962285459041595,1.0,1.0,20.0,1.0,1.1395952701568604,1.478139042854309,0.007609072174036162,130.74054200913548,180.36680772912803,131.0,180.0,9.64725399017334,9.567282676696777,9.587031364440918,528,8,82000000b4000000,130,180,9.607118606567383,1,1,1,1,1,1779092748.8567271
9.651459121704105,2,stop_after_sine_low,0.0,0.0,0.15391620993614197,-0.005132805556058884,0.12601611018180847,6.589164031694979,43.94891425905509,0.0,0.0,0.0,0.8788937205409231,0.47701763908028993,-0.797181420126231,1.226689098450287,0.0,0.0,0.0,0.0047425185257223045,2.0,2.0,-0.269763459067753,1.8807017527389533,-1.0,1.8807017527389533,-1.0,-0.11929824726104665,-0.730236540932247,1.0475928783416748,0.44402843713760376,0.029790237545967102,0.19962285459041595,1.0,1.0,20.0,1.0,1.1395952701568604,1.478139042854309,0.007609072174036162,130.74054200913548,180.36680772912803,131.0,180.0,9.64725399017334,9.667377710342407,9.687095165252686,528,8,83000000b5000000,131,181,9.607118606567383,1,1,1,1,1,1779092748.8567271
9.701459121704106,2,stop_after_sine_low,0.0,0.0,0.5351552963256836,-0.015013824217021465,0.14516307413578033,6.589164031694979,43.94891425905509,0.0,0.0,0.0,0.8788937205409231,0.47701763908028993,-0.797181420126231,1.226689098450287,0.0,0.0,0.0,0.0047425185257223045,2.0,2.0,-0.3167404038422167,1.8498765316821835,-1.0,1.8498765316821835,-1.0,-0.15012346831781653,-0.6832595961577833,1.0586884021759033,0.41658610105514526,0.04155717045068741,0.22335708141326904,1.0,1.0,20.0,1.0,1.141012191772461,1.4851387739181519,0.0061469203388262415,128.19097432406753,177.81724004406013,128.0,178.0,9.74727725982666,9.667377710342407,9.687095165252686,528,8,83000000b5000000,131,181,9.707008123397827,1,1,1,1,1,1779092748.9573977
9.751459121704107,2,stop_after_sine_low,0.0,0.0,0.5351552963256836,-0.015013824217021465,0.14516307413578033,6.469151568253876,44.13332773467934,0.0,0.0,0.0,0.879250003862875,0.47636060994496005,-0.7953823309941047,1.2199256452737848,0.0,0.0,0.0,0.0037157620610703576,2.0,2.0,-0.3167404038422167,1.8498765316821835,-1.0,1.8498765316821835,-1.0,-0.15012346831781653,-0.6832595961577833,1.0586884021759033,0.41658610105514526,0.04155717045068741,0.22335708141326904,1.0,1.0,20.0,1.0,1.141012191772461,1.4851387739181519,0.0061469203388262415,128.19097432406753,177.81724004406013,128.0,178.0,9.74727725982666,9.76729440689087,9.787100553512573,528,8,89000000b2000000,137,178,9.707008123397827,1,1,1,1,1,1779092748.9573977
9.801459121704108,2,stop_after_sine_low,0.0,0.0,0.8644082546234131,-0.011828170157968998,0.15911880135536194,6.469151568253876,44.13332773467934,0.0,0.0,0.0,0.879250003862875,0.47636060994496005,-0.7953823309941047,1.2199256452737848,0.0,0.0,0.0,0.0037157620610703576,2.0,2.0,-0.3438239138759527,1.8498610622226914,-1.0,1.8498610622226914,-1.0,-0.15013893777730858,-0.6561760861240473,1.0590085983276367,0.4132363796234131,0.0409812293946743,0.22658339142799377,1.0,1.0,20.0,1.0,1.14011549949646,1.4880894422531128,0.016434509267282918,128.18969483822207,177.8159605582146,128.0,178.0,9.847297668457031,9.76729440689087,9.787100553512573,528,8,89000000b2000000,137,178,9.807105541229248,1,1,1,1,1,1779092749.057894
9.851459121704108,2,stop_after_sine_low,0.0,0.0,0.8644082546234131,-0.011828170157968998,0.15911880135536194,6.368737210243519,44.28714550552826,0.0,0.0,0.0,0.8795753120312422,0.47575967721649437,-0.8043278060637209,1.229968418422611,0.0,0.0,0.0,0.013950305067591581,2.0,2.0,-0.3438239138759527,1.8498610622226914,-1.0,1.8498610622226914,-1.0,-0.15013893777730858,-0.6561760861240473,1.0590085983276367,0.4132363796234131,0.0409812293946743,0.22658339142799377,1.0,1.0,20.0,1.0,1.14011549949646,1.4880894422531128,0.016434509267282918,128.18969483822207,177.8159605582146,128.0,178.0,9.847297668457031,9.867205619812012,9.887023687362671,528,8,97000000ae000000,151,174,9.807105541229248,1,1,1,1,1,1779092749.057894
9.901459121704109,2,stop_after_sine_low,0.0,0.0,1.0737229585647583,-0.020379479974508286,0.14824962615966797,6.368737210243519,44.28714550552826,0.0,0.0,0.0,0.8795753120312422,0.47575967721649437,-0.8043278060637209,1.229968418422611,0.0,0.0,0.0,0.013950305067591581,2.0,2.0,-0.349302370751692,1.854650062580903,-1.0,1.854650062580903,-1.0,-0.14534993741909696,-0.650697629248308,1.05768620967865,0.41459715366363525,0.038362205028533936,0.22580012679100037,1.0,1.0,20.0,1.0,1.1399261951446533,1.4653831720352173,0.004863138454088713,128.5857951787383,178.21206089873087,129.0,178.0,9.94742202758789,9.867205619812012,9.887023687362671,528,8,97000000ae000000,151,174,9.907037496566772,1,1,1,1,1,1779092749.1572714
9.95145912170411,2,stop_after_sine_low,0.0,0.0,1.0737229585647583,-0.020379479974508286,0.14824962615966797,6.170425082835119,44.58907545435744,0.0,0.0,0.0,0.880653976695014,0.4737600377102924,-0.7915847881799781,1.1985564711108994,0.0,0.0,0.0,0.01584422072671186,2.0,2.0,-0.349302370751692,1.854650062580903,-1.0,1.854650062580903,-1.0,-0.14534993741909696,-0.650697629248308,1.05768620967865,0.41459715366363525,0.038362205028533936,0.22580012679100037,1.0,1.0,20.0,1.0,1.1399261951446533,1.4653831720352173,0.004863138454088713,128.5857951787383,178.21206089873087,129.0,178.0,9.94742202758789,9.967153072357178,9.986997604370117,528,8,a7000000ac000000,167,172,9.907037496566772,1,1,1,1,1,1779092749.1572714
10.00145912170411,2,stop_after_sine_low,0.0,0.0,1.2306091785430908,-0.012277933768928051,0.1317826807498932,6.170425082835119,44.58907545435744,0.0,0.0,0.0,0.880653976695014,0.4737600377102924,-0.7915847881799781,1.1985564711108994,0.0,0.0,0.0,0.01584422072671186,2.0,2.0,-0.33282349887994184,1.8653900675270048,-1.0,1.8653900675270048,-1.0,-0.13460993247299524,-0.6671765011200581,1.0540242195129395,0.42019402980804443,0.033833689987659454,0.2203006148338318,1.0,1.0,20.0,1.0,1.1402628421783447,1.4674714803695679,0.010858934039793487,129.47410574422042,179.100371464213,129.0,179.0,10.047287464141846,9.967153072357178,9.986997604370117,528,8,a7000000ac000000,167,172,10.008381366729736,1,1,1,1,1,1779092749.2566657
10.051459121704111,2,stop_after_sine_low,0.0,0.0,1.2306091785430908,-0.012277933768928051,0.1317826807498932,6.051174607576418,44.769343415118996,0.0,0.0,0.0,0.881050910839207,0.47302145036922344,-0.7458310532536163,1.1251719646571898,0.0,0.0,0.0,0.032665170998051565,2.0,2.0,-0.33282349887994184,1.8653900675270048,-1.0,1.8653900675270048,-1.0,-0.13460993247299524,-0.6671765011200581,1.0540242195129395,0.42019402980804443,0.033833689987659454,0.2203006148338318,1.0,1.0,20.0,1.0,1.1402628421783447,1.4674714803695679,0.010858934039793487,129.47410574422042,179.100371464213,129.0,179.0,10.047287464141846,10.067204713821411,10.087009191513062,528,8,0000000000000000,0,0,10.008381366729736,1,1,1,1,1,1779092749.2566657
10.101459121704112,2,stop_after_sine_low,0.0,0.0,1.3401776552200317,-0.016273248940706253,0.11659322679042816,6.051174607576418,44.769343415118996,0.0,0.0,0.0,0.881050910839207,0.47302145036922344,-0.7458310532536163,1.1251719646571898,0.0,0.0,0.0,0.032665170998051565,2.0,2.0,-0.2954394449241383,1.875634717661139,-1.0,1.875634717661139,-1.0,-0.12436528233886102,-0.7045605550758617,1.0503476858139038,0.42706751823425293,0.029931414872407913,0.21260255575180054,1.0,1.0,20.0,1.0,1.1399080753326416,1.453048586845398,0.0028031225885833725,130.3214452938286,179.94771101382116,130.0,180.0,10.147292613983154,10.067204713821411,10.087009191513062,528,8,0000000000000000,0,0,10.107094526290894,1,1,1,1,1,1779092749.3564985
10.151459121704113,2,stop_after_sine_low,0.0,0.0,1.3401776552200317,-0.016273248940706253,0.11659322679042816,6.016532691402821,44.82154438583074,0.0,0.0,0.0,0.8812724381823946,0.472608600958613,-0.702734234099919,1.058001298697981,0.0,0.0,0.0,0.009506354723003272,2.0,2.0,-0.2954394449241383,1.875634717661139,-1.0,1.875634717661139,-1.0,-0.12436528233886102,-0.7045605550758617,1.0503476858139038,0.42706751823425293,0.029931414872407913,0.21260255575180054,1.0,1.0,20.0,1.0,1.1399080753326416,1.453048586845398,0.0028031225885833725,130.3214452938286,179.94771101382116,130.0,180.0,10.147292613983154,10.167277812957764,10.187095642089844,528,8,0000000000000000,0,0,10.107094526290894,1,1,1,1,1,1779092749.3564985
10.201459121704113,2,stop_after_sine_low,0.0,0.0,1.4068262577056885,-0.02644660510122776,0.14714883267879486,6.016532691402821,44.82154438583074,0.0,0.0,0.0,0.8812724381823946,0.472608600958613,-0.702734234099919,1.058001298697981,0.0,0.0,0.0,0.009506354723003272,2.0,2.0,-0.23950559299412313,1.888402282868776,-1.0,1.888402282868776,-1.0,-0.1115977171312239,-0.7604944070058769,1.0455981492996216,0.43979722261428833,0.025490067899227142,0.201401486992836,1.0,1.0,20.0,1.0,1.1406161785125732,1.453877329826355,0.02487653555047134,131.37745626648115,181.0037219864737,131.0,181.0,10.24731969833374,10.167277812957764,10.187095642089844,528,8,0000000000000000,0,0,10.207214593887329,1,1,1,1,1,1779092749.4565108
10.251459121704114,2,stop_after_sine_low,0.0,0.0,1.4068262577056885,-0.02644660510122776,0.14714883267879486,5.986033932341446,44.867427566258904,0.0,0.0,0.0,0.8814396407630852,0.4722966860898384,-0.6371860989003842,0.9578436053924413,0.0,0.0,0.0,0.009673985184020547,2.0,2.0,-0.23950559299412313,1.888402282868776,-1.0,1.888402282868776,-1.0,-0.1115977171312239,-0.7604944070058769,1.0455981492996216,0.43979722261428833,0.025490067899227142,0.201401486992836,1.0,1.0,20.0,1.0,1.1406161785125732,1.453877329826355,0.02487653555047134,131.37745626648115,181.0037219864737,131.0,181.0,10.24731969833374,10.267203330993652,10.287077188491821,528,8,0000000000000000,0,0,10.207214593887329,1,1,1,1,1,1779092749.4565108
10.301459121704115,2,stop_after_sine_low,0.0,0.0,1.449262022972107,-0.03515203297138214,0.13293470442295074,5.986033932341446,44.867427566258904,0.0,0.0,0.0,0.8814396407630852,0.4722966860898384,-0.6371860989003842,0.9578436053924413,0.0,0.0,0.0,0.009673985184020547,2.0,2.0,-0.16850775997951647,1.9210214136964887,-0.7079720081203442,1.9210214136964887,-0.7079720081203442,-0.07897858630351129,-0.5394642481408277,1.0341054201126099,0.47767210006713867,0.013461343944072723,0.1696707159280777,1.0,1.0,20.0,1.0,1.1399192810058594,1.4596649408340454,-0.0006366743511375395,141.3215283845144,176.45553538181136,141.0,176.0,10.347311735153198,10.267203330993652,10.287077188491821,528,8,0000000000000000,0,0,10.306998491287231,1,1,1,1,1,1779092749.556361
10.351459121704115,2,stop_after_sine_low,0.0,0.0,1.449262022972107,-0.03515203297138214,0.13293470442295074,5.975405891335021,44.883395067201754,0.0,0.0,0.0,0.8815212699799584,0.4721443111728885,-0.6117217171983947,0.9188754951439119,0.0,0.0,0.0,0.008883213953061925,2.0,2.0,-0.16850775997951647,1.9210214136964887,-0.7079720081203442,1.9210214136964887,-0.7079720081203442,-0.07897858630351129,-0.5394642481408277,1.0341054201126099,0.47767210006713867,0.013461343944072723,0.1696707159280777,1.0,1.0,20.0,1.0,1.1399192810058594,1.4596649408340454,-0.0006366743511375395,141.3215283845144,176.45553538181136,141.0,176.0,10.347311735153198,10.367193698883057,10.38700246810913,528,8,0000000000000000,0,0,10.306998491287231,1,1,1,1,1,1779092749.556361
10.401459121704116,2,stop_after_sine_low,0.0,0.0,1.4765698909759521,-0.02733558416366577,0.13360382616519928,5.975405891335021,44.883395067201754,0.0,0.0,0.0,0.8815212699799584,0.4721443111728885,-0.6117217171983947,0.9188754951439119,0.0,0.0,0.0,0.008883213953061925,2.0,2.0,-0.08691406179263864,1.9699987647554342,-0.4131352824328627,1.9699987647554342,-0.4131352824328627,-0.03000123524456577,-0.3262212206402241,1.0198941230773926,0.5333440899848938,-0.009190162643790245,0.13342919945716858,1.0,1.0,20.0,1.0,1.1398074626922607,1.457674503326416,-0.0012196398823638701,152.68828962752514,173.19065093184255,153.0,173.0,10.447280406951904,10.367193698883057,10.38700246810913,528,8,0000000000000000,0,0,10.407268285751343,1,1,1,1,1,1779092749.6564908
10.451459121704117,2,stop_after_sine_low,0.0,0.0,1.4765698909759521,-0.02733558416366577,0.13360382616519928,5.970514634710631,44.89074278392114,0.0,0.0,0.0,0.8815139520977953,0.47215797383600955,-0.6080083345594048,0.9133589481059068,0.0,0.0,0.0,-0.0063172232671839185,2.0,2.0,-0.08691406179263864,1.9699987647554342,-0.4131352824328627,1.9699987647554342,-0.4131352824328627,-0.03000123524456577,-0.3262212206402241,1.0198941230773926,0.5333440899848938,-0.009190162643790245,0.13342919945716858,1.0,1.0,20.0,1.0,1.1398074626922607,1.457674503326416,-0.0012196398823638701,152.68828962752514,173.19065093184255,153.0,173.0,10.447280406951904,10.467334508895874,10.487039804458618,528,8,0000000000000000,0,0,10.407268285751343,1,1,1,1,1,1779092749.6564908
10.501459121704118,2,stop_after_sine_low,0.0,0.0,1.4846700429916382,-0.037270963191986084,0.13790684938430786,5.970514634710631,44.89074278392114,0.0,0.0,0.0,0.8815139520977953,0.47215797383600955,-0.6080083345594048,0.9133589481059068,0.0,0.0,0.0,-0.0063172232671839185,2.0,0.0,0.0,0.0,0.0,0.03153153142786867,-0.05355675976662774,0.03153153142786867,-0.05355675976662774,0.971259355545044,0.714462161064148,-0.030625294893980026,0.03826427832245827,1.0,0.0,20.0,1.0,1.1400482654571533,1.455888271331787,0.01689259182035451,0.0,0.0,0.0,0.0,10.547372341156006,10.467334508895874,10.487039804458618,528,8,0000000000000000,0,0,10.507285118103027,1,1,1,1,1,1779092749.757734
10.551459121704118,2,stop_after_sine_low,0.0,0.0,1.4846700429916382,-0.037270963191986084,0.13790684938430786,5.9698700775922084,44.89171104985322,0.0,0.0,0.0,0.8815136292968638,0.47215857650144555,-0.6006373028279569,0.9022887518305911,0.0,0.0,0.0,-0.004796552691788931,2.0,0.0,0.0,0.0,0.0,0.03153153142786867,-0.05355675976662774,0.03153153142786867,-0.05355675976662774,0.971259355545044,0.714462161064148,-0.030625294893980026,0.03826427832245827,1.0,0.0,20.0,1.0,1.1400482654571533,1.455888271331787,0.01689259182035451,0.0,0.0,0.0,0.0,10.547372341156006,10.56718921661377,10.587015628814697,528,8,0000000000000000,0,0,10.507285118103027,1,1,1,1,1,1779092749.757734
10.601459121704119,2,stop_after_sine_low,0.0,0.0,1.4914168119430542,-0.03189149126410484,0.1422935277223587,5.9698700775922084,44.89171104985322,0.0,0.0,0.0,0.8815136292968638,0.47215857650144555,-0.6006373028279569,0.9022887518305911,0.0,0.0,0.0,-0.004796552691788931,2.0,0.0,0.0,0.0,0.0,-0.09702801538198914,0.0011753270114746518,-0.09702801538198914,0.0011753270114746518,1.0335302352905273,0.644882082939148,0.10028138756752014,-0.0007579473312944174,1.0,0.0,20.0,1.0,1.1413650512695312,1.4551504850387573,0.03107800430425235,0.0,0.0,0.0,0.0,10.647263288497925,10.56718921661377,10.587015628814697,528,8,0000000000000000,0,0,10.60702395439148,1,1,1,1,1,1779092749.8577843
10.65145912170412,2,stop_after_sine_low,0.0,0.0,1.4914168119430542,-0.03189149126410484,0.1422935277223587,5.965798895805031,44.89782688204851,0.0,0.0,0.0,0.8815131721381723,0.47215943000950117,-0.5969506748709871,0.8967543939889192,0.0,0.0,0.0,0.005198718926623092,2.0,0.0,0.0,0.0,0.0,-0.09702801538198914,0.0011753270114746518,-0.09702801538198914,0.0011753270114746518,1.0335302352905273,0.644882082939148,0.10028138756752014,-0.0007579473312944174,1.0,0.0,20.0,1.0,1.1413650512695312,1.4551504850387573,0.03107800430425235,0.0,0.0,0.0,0.0,10.647263288497925,10.667290210723877,10.687036991119385,528,8,0000000000000000,0,0,10.60702395439148,1,1,1,1,1,1779092749.8577843
10.70145912170412,2,stop_after_sine_low,0.0,0.0,1.4971225261688232,-0.027882535010576248,0.12165595591068268,5.965798895805031,44.89782688204851,0.0,0.0,0.0,0.8815131721381723,0.47215943000950117,-0.5969506748709871,0.8967543939889192,0.0,0.0,0.0,0.005198718926623092,2.0,0.0,0.0,0.0,0.0,-0.0937008247831102,0.003316636831361103,-0.0937008247831102,0.003316636831361103,1.0339102745056152,0.6492481231689453,0.09687824547290802,-0.002153320237994194,1.0,0.0,20.0,1.0,1.1420238018035889,1.440873384475708,0.00513461952854133,0.0,0.0,0.0,0.0,10.747382402420044,10.667290210723877,10.687036991119385,528,8,0000000000000000,0,0,10.706989288330078,1,1,1,1,1,1779092749.9577003
10.751459121704121,2,stop_after_sine_low,0.0,0.0,1.4971225261688232,-0.027882535010576248,0.12165595591068268,5.964558928971839,44.89968947274264,0.0,0.0,0.0,0.8815201192431293,0.47214645966011326,-0.5932920201146425,0.8912014144123804,0.0,0.0,0.0,0.009734798042782702,2.0,0.0,0.0,0.0,0.0,-0.0937008247831102,0.003316636831361103,-0.0937008247831102,0.003316636831361103,1.0339102745056152,0.6492481231689453,0.09687824547290802,-0.002153320237994194,1.0,0.0,20.0,1.0,1.1420238018035889,1.440873384475708,0.00513461952854133,0.0,0.0,0.0,0.0,10.747382402420044,10.767168045043945,10.787034749984741,528,8,0000000000000000,0,0,10.706989288330078,1,1,1,1,1,1779092749.9577003
10.801459121704122,2,stop_after_sine_low,0.0,0.0,1.4822198152542114,-0.036360085010528564,0.15148334205150604,5.964558928971839,44.89968947274264,0.0,0.0,0.0,0.8815201192431293,0.47214645966011326,-0.5932920201146425,0.8912014144123804,0.0,0.0,0.0,0.009734798042782702,2.0,0.0,0.0,0.0,0.0,-0.08904085787260314,0.009592765368226792,-0.08904085787260314,0.009592765368226792,1.0256967544555664,0.6612971425056458,0.09132891893386841,-0.0063436683267354965,1.0,0.0,20.0,1.0,1.1406331062316895,1.3947983980178833,0.005255743636492503,0.0,0.0,0.0,0.0,10.847268104553223,10.767168045043945,10.787034749984741,528,8,0000000000000000,0,0,10.807323217391968,1,1,1,1,1,1779092750.0577664
10.851459121704123,2,stop_after_sine_low,0.0,0.0,1.4822198152542114,-0.036360085010528564,0.15148334205150604,5.959982386413107,44.906562125359,0.0,0.0,0.0,0.8815503270336505,0.4720900559288066,-0.5786630519794056,0.8689857216760379,0.0,0.0,0.0,0.018767798249694805,2.0,0.0,0.0,0.0,0.0,-0.08904085787260314,0.009592765368226792,-0.08904085787260314,0.009592765368226792,1.0256967544555664,0.6612971425056458,0.09132891893386841,-0.0063436683267354965,1.0,0.0,20.0,1.0,1.1406331062316895,1.3947983980178833,0.005255743636492503,0.0,0.0,0.0,0.0,10.847268104553223,10.867330551147461,10.887285232543945,528,8,0000000000000000,0,0,10.807323217391968,1,1,1,1,1,1779092750.0577664
10.901459121704123,2,stop_after_sine_low,0.0,0.0,1.477374792098999,-0.043500080704689026,0.1437407284975052,5.959982386413107,44.906562125359,0.0,0.0,0.0,0.8815503270336505,0.4720900559288066,-0.5786630519794056,0.8689857216760379,0.0,0.0,0.0,0.018767798249694805,2.0,0.0,0.0,0.0,0.0,-0.08564477871334386,0.015613484812705311,-0.08564477871334386,0.015613484812705311,1.0107758045196533,0.6683738231658936,0.08656767010688782,-0.010435644537210464,1.0,0.0,20.0,1.0,1.1411073207855225,1.2138891220092773,0.009734798042782702,0.0,0.0,0.0,0.0,10.947531938552856,10.867330551147461,10.887285232543945,528,8,0000000000000000,0,0,10.907224655151367,1,1,1,1,1,1779092750.1575863
10.951459121704124,2,stop_after_sine_low,0.0,0.0,1.477374792098999,-0.043500080704689026,0.1437407284975052,5.9547323168975765,44.91444388331671,0.0,0.0,0.0,0.8815826342887841,0.4720297224968443,-0.5714089723970851,0.8578376347151966,0.0,0.0,0.0,0.012258357217186357,2.0,0.0,0.0,0.0,0.0,-0.08564477871334386,0.015613484812705311,-0.08564477871334386,0.015613484812705311,1.0107758045196533,0.6683738231658936,0.08656767010688782,-0.010435644537210464,1.0,0.0,20.0,1.0,1.1411073207855225,1.2138891220092773,0.009734798042782702,0.0,0.0,0.0,0.0,10.947531938552856,10.967148303985596,10.987024545669556,528,8,0000000000000000,0,0,10.907224655151367,1,1,1,1,1,1779092750.1575863
11.001459121704125,2,stop_after_sine_low,0.0,0.0,1.478139042854309,-0.052945900708436966,0.1334582418203354,5.9547323168975765,44.91444388331671,0.0,0.0,0.0,0.8815826342887841,0.4720297224968443,-0.5714089723970851,0.8578376347151966,0.0,0.0,0.0,0.012258357217186357,2.0,0.0,0.0,0.0,0.0,-0.08419935541813278,0.021385370237028658,-0.08419935541813278,0.021385370237028658,1.0004171133041382,0.6710067987442017,0.08423447608947754,-0.01434972882270813,1.0,0.0,20.0,1.0,1.1410081386566162,0.9172655940055847,0.02217924093802065,0.0,0.0,0.0,0.0,11.047275066375732,10.967148303985596,10.987024545669556,528,8,0000000000000000,0,0,11.007173299789429,1,1,1,1,1,1779092750.2590046
11.051459121704125,2,stop_after_sine_low,0.0,0.0,1.478139042854309,-0.052945900708436966,0.1334582418203354,5.954168446609801,44.91529038236423,0.0,0.0,0.0,0.8815853364990596,0.47202467570015855,-0.5640456483419616,0.8467623040896047,0.0,0.0,0.0,0.011936323083426329,2.0,0.0,0.0,0.0,0.0,-0.08419935541813278,0.021385370237028658,-0.08419935541813278,0.021385370237028658,1.0004171133041382,0.6710067987442017,0.08423447608947754,-0.01434972882270813,1.0,0.0,20.0,1.0,1.1410081386566162,0.9172655940055847,0.02217924093802065,0.0,0.0,0.0,0.0,11.047275066375732,11.067561388015747,11.087039232254028,528,8,0000000000000000,0,0,11.007173299789429,1,1,1,1,1,1779092750.2590046
11.101459121704126,2,stop_after_sine_low,0.0,0.0,1.4851387739181519,-0.0443725660443306,0.13178977370262146,5.954168446609801,44.91529038236423,0.0,0.0,0.0,0.8815853364990596,0.47202467570015855,-0.5640456483419616,0.8467623040896047,0.0,0.0,0.0,0.011936323083426329,2.0,0.0,0.0,0.0,0.0,-0.0803810638618063,0.03563220183073483,-0.0803810638618063,0.03563220183073483,0.98067307472229,0.6730147004127502,0.07882754504680634,-0.023980995640158653,1.0,0.0,20.0,1.0,1.1409711837768555,0.646617591381073,0.011215426014297444,0.0,0.0,0.0,0.0,11.14734959602356,11.067561388015747,11.087039232254028,528,8,0000000000000000,0,0,11.107192754745483,1,1,1,1,1,1779092750.35776
11.151459121704127,2,stop_after_sine_low,0.0,0.0,1.4851387739181519,-0.0443725660443306,0.13178977370262146,5.949672525390861,44.92203807931499,0.0,0.0,0.0,0.8816130143911372,0.47197297894707124,-0.5567705084969674,0.8356282237837142,0.0,0.0,0.0,0.016328767906825976,2.0,0.0,0.0,0.0,0.0,-0.0803810638618063,0.03563220183073483,-0.0803810638618063,0.03563220183073483,0.98067307472229,0.6730147004127502,0.07882754504680634,-0.023980995640158653,1.0,0.0,20.0,1.0,1.1409711837768555,0.646617591381073,0.011215426014297444,0.0,0.0,0.0,0.0,11.14734959602356,11.167149305343628,11.187010288238525,528,8,0000000000000000,0,0,11.107192754745483,1,1,1,1,1,1779092750.35776
11.201459121704127,2,stop_after_sine_low,0.0,0.0,1.4880894422531128,-0.0457378625869751,0.1168610230088234,5.949672525390861,44.92203807931499,0.0,0.0,0.0,0.8816130143911372,0.47197297894707124,-0.5567705084969674,0.8356282237837142,0.0,0.0,0.0,0.016328767906825976,2.0,0.0,0.0,0.0,0.0,-0.07335305897030084,0.050734910732262925,-0.07335305897030084,0.050734910732262925,0.9661482572555542,0.6722902655601501,0.07086993008852005,-0.034108586609363556,1.0,0.0,20.0,1.0,1.1416077613830566,0.4472951591014862,0.0019064707449880092,0.0,0.0,0.0,0.0,11.247302055358887,11.167149305343628,11.187010288238525,528,8,0000000000000000,0,0,11.207058668136597,1,1,1,1,1,1779092750.4582357
11.251459121704128,2,stop_after_sine_low,0.0,0.0,1.4880894422531128,-0.0457378625869751,0.1168610230088234,5.948669095074763,44.92354398058649,0.0,0.0,0.0,0.8816199334242745,0.47196005444208716,-0.5457328563968104,0.8190103379984115,0.0,0.0,0.0,0.018311408158202244,2.0,0.0,0.0,0.0,0.0,-0.07335305897030084,0.050734910732262925,-0.07335305897030084,0.050734910732262925,0.9661482572555542,0.6722902655601501,0.07086993008852005,-0.034108586609363556,1.0,0.0,20.0,1.0,1.1416077613830566,0.4472951591014862,0.0019064707449880092,0.0,0.0,0.0,0.0,11.247302055358887,11.267185688018799,11.287101745605469,528,8,0000000000000000,0,0,11.207058668136597,1,1,1,1,1,1779092750.4582357
11.301459121704129,2,stop_after_sine_low,0.0,0.0,1.4653831720352173,-0.062427181750535965,0.14234620332717896,5.948669095074763,44.92354398058649,0.0,0.0,0.0,0.8816199334242745,0.47196005444208716,-0.5457328563968104,0.8190103379984115,0.0,0.0,0.0,0.018311408158202244,2.0,0.0,0.0,0.0,0.0,-0.07006484703553133,0.05469470043015894,-0.07006484703553133,0.05469470043015894,0.9617007970809937,0.6716762781143188,0.06738141924142838,-0.03673713281750679,1.0,0.0,20.0,1.0,1.1411681175231934,0.3119579553604126,-0.0028275620937761588,0.0,0.0,0.0,0.0,11.347319602966309,11.267185688018799,11.287101745605469,528,8,0000000000000000,0,0,11.307581186294556,1,1,1,1,1,1779092750.5575914
11.35145912170413,2,stop_after_sine_low,0.0,0.0,1.4653831720352173,-0.062427181750535965,0.14234620332717896,5.943957577022697,44.93061200990624,0.0,0.0,0.0,0.8816630090629781,0.471879580454606,-0.5385055729856013,0.8078443373563269,0.0,0.0,0.0,0.020695506687734535,2.0,0.0,0.0,0.0,0.0,-0.07006484703553133,0.05469470043015894,-0.07006484703553133,0.05469470043015894,0.9617007970809937,0.6716762781143188,0.06738141924142838,-0.03673713281750679,1.0,0.0,20.0,1.0,1.1411681175231934,0.3119579553604126,-0.0028275620937761588,0.0,0.0,0.0,0.0,11.347319602966309,11.367167472839355,11.387008428573608,528,8,0000000000000000,0,0,11.307581186294556,1,1,1,1,1,1779092750.5575914
11.40145912170413,2,stop_after_sine_low,0.0,0.0,1.4674714803695679,-0.07137922942638397,0.12090285867452621,5.943957577022697,44.93061200990624,0.0,0.0,0.0,0.8816630090629781,0.471879580454606,-0.5385055729856013,0.8078443373563269,0.0,0.0,0.0,0.020695506687734535,2.0,0.0,0.0,0.0,0.0,-0.06436594468079976,0.06210301987776072,-0.06436594468079976,0.06210301987776072,0.9540479779243469,0.6710925698280334,0.06140819936990738,-0.041676875203847885,1.0,0.0,20.0,1.0,1.1410481929779053,0.20729266107082367,0.0029272999348585317,0.0,0.0,0.0,0.0,11.447300672531128,11.367167472839355,11.387008428573608,528,8,0000000000000000,0,0,11.407201290130615,1,1,1,1,1,1779092750.6576726
11.451459121704131,2,stop_after_sine_low,0.0,0.0,1.4674714803695679,-0.07137922942638397,0.12090285867452621,5.943436807869363,44.93139321021474,0.0,0.0,0.0,0.8816681060607446,0.4718700570657769,-0.5348345109957288,0.8022996030257433,0.0,0.0,0.0,0.020280794105674193,2.0,0.0,0.0,0.0,0.0,-0.06436594468079976,0.06210301987776072,-0.06436594468079976,0.06210301987776072,0.9540479779243469,0.6710925698280334,0.06140819936990738,-0.041676875203847885,1.0,0.0,20.0,1.0,1.1410481929779053,0.20729266107082367,0.0029272999348585317,0.0,0.0,0.0,0.0,11.447300672531128,11.467329263687134,11.487039566040039,528,8,0000000000000000,0,0,11.407201290130615,1,1,1,1,1,1779092750.6576726
11.501459121704132,2,sine_high_wl5m,2.0,7.648232445604709e-05,1.453048586845398,-0.06945498287677765,0.1343909054994583,5.943436807869363,44.93139321021474,0.0,0.0,0.0,0.8816681060607446,0.4718700570657769,-0.5348345109957288,0.8022996030257433,0.0,0.0,0.0,0.020280794105674193,2.0,0.0,0.0,0.0,0.0,-0.05930785928748813,0.07377030101005963,-0.05930785928748813,0.07377030101005963,0.9452227354049683,0.6750624179840088,0.05605913698673248,-0.04979955777525902,1.0,0.0,20.0,1.0,1.142085313796997,0.13134588301181793,0.004731400414564036,0.0,0.0,0.0,0.0,11.548482179641724,11.467329263687134,11.487039566040039,528,8,0000000000000000,0,0,11.508042097091675,1,1,1,1,1,1779092750.7584436
11.551459121704132,2,sine_high_wl5m,2.0,0.09568580498070091,1.453048586845398,-0.06945498287677765,0.1343909054994583,5.938573544972892,44.9386864675998,0.0,0.0,0.0,0.8816990361445747,0.4718122610336955,-0.5238719731802282,0.7856316260412286,0.0,0.0,0.0,0.0092788885555366,2.0,0.0,0.0,0.0,0.0,-0.05930785928748813,0.07377030101005963,-0.05930785928748813,0.07377030101005963,0.9452227354049683,0.6750624179840088,0.05605913698673248,-0.04979955777525902,1.0,0.0,20.0,1.0,1.142085313796997,0.13134588301181793,0.004731400414564036,0.0,0.0,0.0,0.0,11.548482179641724,11.568327188491821,11.588155508041382,528,8,0000000000000000,0,0,11.508042097091675,1,1,1,1,1,1779092750.7584436
11.601459121704133,2,sine_high_wl5m,2.0,0.23667620101707074,1.453877329826355,-0.06706821918487549,0.13525542616844177,5.938573544972892,44.9386864675998,0.0,0.0,0.0,0.8816990361445747,0.4718122610336955,-0.5238719731802282,0.7856316260412286,0.0,0.0,0.0,0.0092788885555366,2.0,0.0,0.0,0.0,0.0,-0.05969476574976021,0.08807910794997624,-0.05969476574976021,0.08807910794997624,0.942070484161377,0.684260368347168,0.05623667687177658,-0.06026904284954071,1.0,0.0,20.0,1.0,1.1412303447723389,0.08434661477804184,0.0030544740810560782,0.0,0.0,0.0,0.0,11.648422479629517,11.568327188491821,11.588155508041382,528,8,0000000000000000,0,0,11.608354091644287,1,1,1,1,1,1779092750.8574872
11.651459121704134,2,sine_high_wl5m,2.0,0.3276864517703071,1.453877329826355,-0.06706821918487549,0.13525542616844177,5.933510461860718,44.94627852664321,0.0,0.0,0.0,0.881712588596004,0.47178693401930266,-0.5091588785164112,0.7634719077671623,0.0,0.0,0.0,0.007051436194970445,2.0,0.0,0.0,0.0,0.0,-0.05969476574976021,0.08807910794997624,-0.05969476574976021,0.08807910794997624,0.942070484161377,0.684260368347168,0.05623667687177658,-0.06026904284954071,1.0,0.0,20.0,1.0,1.1412303447723389,0.08434661477804184,0.0030544740810560782,0.0,0.0,0.0,0.0,11.648422479629517,11.668524742126465,11.68816590309143,528,8,0000000000000000,0,0,11.608354091644287,1,1,1,1,1,1779092750.8574872
11.701459121704135,2,sine_high_wl5m,2.0,0.457986405743035,1.4596649408340454,-0.06422574818134308,0.139791339635849,5.933510461860718,44.94627852664321,0.0,0.0,0.0,0.881712588596004,0.47178693401930266,-0.5091588785164112,0.7634719077671623,0.0,0.0,0.0,0.007051436194970445,2.0,0.0,0.0,0.0,0.0,-0.0834007909478273,0.20430593262505095,-0.0834007909478273,0.20430593262505095,0.9954707622528076,0.8220254182815552,0.08302304893732071,-0.16794466972351074,1.0,0.0,20.0,1.0,1.1390485763549805,0.04940337315201759,-0.0017192280331743814,0.0,0.0,0.0,0.0,11.748482465744019,11.668524742126465,11.68816590309143,528,8,0000000000000000,0,0,11.70814299583435,1,1,1,1,1,1779092750.957439
11.751459121704135,2,sine_high_wl5m,2.0,0.5391754882828919,1.4596649408340454,-0.06422574818134308,0.139791339635849,5.905027441498137,44.988934866528915,0.0,0.0,0.0,0.8819660507245267,0.47131293783364525,-0.4212872722015999,0.6302416579156894,0.0,0.0,0.0,0.008592923553803054,2.0,0.0,0.0,0.0,0.0,-0.0834007909478273,0.20430593262505095,-0.0834007909478273,0.20430593262505095,0.9954707622528076,0.8220254182815552,0.08302304893732071,-0.16794466972351074,1.0,0.0,20.0,1.0,1.1390485763549805,0.04940337315201759,-0.0017192280331743814,0.0,0.0,0.0,0.0,11.748482465744019,11.768422842025757,11.788128137588501,528,8,0000000000000000,0,0,11.70814299583435,1,1,1,1,1,1779092750.957439
11.801459121704136,2,sine_high_wl5m,2.0,0.6517657701482473,1.457674503326416,-0.06131536513566971,0.148701474070549,5.905027441498137,44.988934866528915,0.0,0.0,0.0,0.8819660507245267,0.47131293783364525,-0.4212872722015999,0.6302416579156894,0.0,0.0,0.0,0.008592923553803054,2.0,0.0,0.0,0.0,0.0,-0.08183948629172833,0.20611212930166156,-0.08183948629172833,0.20611212930166156,0.9935773015022278,0.821410596370697,0.081313855946064,-0.16930268704891205,1.0,0.0,20.0,1.0,1.142033338546753,0.026724591851234436,0.003283406733158234,0.0,0.0,0.0,0.0,11.848487854003906,11.768422842025757,11.788128137588501,528,8,0000000000000000,0,0,11.808908224105835,1,1,1,1,1,1779092751.060567
11.851459121704137,2,sine_high_wl5m,2.0,0.7167758388204022,1.457674503326416,-0.06131536513566971,0.148701474070549,5.844649468133252,45.07913485424272,0.0,0.0,0.0,0.882214407754372,0.47084789343332806,-0.17026116138456046,0.25412865285947545,0.0,0.0,0.0,-0.003396090833960922,2.0,0.0,0.0,0.0,0.0,-0.08183948629172833,0.20611212930166156,-0.08183948629172833,0.20611212930166156,0.9935773015022278,0.821410596370697,0.081313855946064,-0.16930268704891205,1.0,0.0,20.0,1.0,1.142033338546753,0.026724591851234436,0.003283406733158234,0.0,0.0,0.0,0.0,11.848487854003906,11.868613004684448,11.88817048072815,528,8,0000000000000000,0,0,11.808908224105835,1,1,1,1,1,1779092751.060567
11.901459121704137,2,sine_high_wl5m,2.0,0.8023164972043312,1.455888271331787,-0.06586083769798279,0.14481081068515778,5.844649468133252,45.07913485424272,0.0,0.0,0.0,0.882214407754372,0.47084789343332806,-0.17026116138456046,0.25412865285947545,0.0,0.0,0.0,-0.003396090833960922,2.0,0.0,0.0,0.0,0.0,-0.0812228503191213,0.20680734813047819,-0.0812228503191213,0.20680734813047819,0.992983341217041,0.8211667537689209,0.08065293729305267,-0.1698233187198639,1.0,0.0,20.0,1.0,1.1397464275360107,0.011180914007127285,-0.0008249947923206941,0.0,0.0,0.0,0.0,11.94841480255127,11.868613004684448,11.88817048072815,528,8,0000000000000000,0,0,11.908175468444824,1,1,1,1,1,1779092751.1576831
11.951459121704138,2,sine_high_wl5m,2.0,0.8492954970676838,1.455888271331787,-0.06586083769798279,0.14481081068515778,5.8245539788321175,45.10901770414644,0.0,0.0,0.0,0.8827399519346286,0.469861870402834,-0.2933796030664903,0.43578382046086955,0.0,0.0,0.0,-0.014855667427979575,2.0,0.0,0.0,0.0,0.0,-0.0812228503191213,0.20680734813047819,-0.0812228503191213,0.20680734813047819,0.992983341217041,0.8211667537689209,0.08065293729305267,-0.1698233187198639,1.0,0.0,20.0,1.0,1.1397464275360107,0.011180914007127285,-0.0008249947923206941,0.0,0.0,0.0,0.0,11.94841480255127,11.968296527862549,11.9881272315979,528,8,0000000000000000,0,0,11.908175468444824,1,1,1,1,1,1779092751.1576831
12.001459121704139,2,sine_high_wl5m,2.0,0.9036192569513303,1.4551504850387573,-0.05031873285770416,0.12535333633422852,5.8245539788321175,45.10901770414644,0.0,0.0,0.0,0.8827399519346286,0.469861870402834,-0.2933796030664903,0.43578382046086955,0.0,0.0,0.0,-0.014855667427979575,2.0,0.0,0.0,0.0,0.0,-0.08017645855155342,0.2082462192272099,-0.08017645855155342,0.2082462192272099,0.9918397665023804,0.8204289674758911,0.07952219992876053,-0.1708512306213379,1.0,0.0,20.0,1.0,1.140070915222168,0.0007142617832869291,0.000812340222777738,0.0,0.0,0.0,0.0,12.048390865325928,11.968296527862549,11.9881272315979,528,8,0000000000000000,0,0,12.00822138786316,1,1,1,1,1,1779092751.257719
12.05145912170414,2,sine_high_wl5m,2.0,0.9284689107842681,1.4551504850387573,-0.05031873285770416,0.12535333633422852,5.771573178465553,45.187805576049975,0.0,0.0,0.0,0.8830373373630421,0.4693027389892253,-0.5060083645684602,0.7495698148043157,0.0,0.0,0.0,0.0550067782463731,2.0,0.0,0.0,0.0,0.0,-0.08017645855155342,0.2082462192272099,-0.08017645855155342,0.2082462192272099,0.9918397665023804,0.8204289674758911,0.07952219992876053,-0.1708512306213379,1.0,0.0,20.0,1.0,1.140070915222168,0.0007142617832869291,0.000812340222777738,0.0,0.0,0.0,0.0,12.048390865325928,12.068390369415283,12.08817434310913,528,8,d2000000c2000000,210,194,12.00822138786316,1,1,1,1,1,1779092751.257719
12.10145912170414,2,sine_high_wl5m,2.0,0.9481456601882738,1.440873384475708,-0.04965474456548691,0.12299017608165741,5.771573178465553,45.187805576049975,0.0,0.0,0.0,0.8830373373630421,0.4693027389892253,-0.5060083645684602,0.7495698148043157,0.0,0.0,0.0,0.0550067782463731,2.0,0.0,0.0,0.0,0.0,-0.07896021360916093,0.20943078488493772,-0.07896021360916093,0.20943078488493772,0.9906893968582153,0.8202133178710938,0.0782250463962555,-0.17177791893482208,1.0,0.0,20.0,1.0,1.1402456760406494,-0.008470605127513409,-0.0014695086598266144,0.0,0.0,0.0,0.0,12.14850115776062,12.068390369415283,12.08817434310913,528,8,d2000000c2000000,210,194,12.108123779296875,1,1,1,1,1,1779092751.3576643
12.151459121704141,2,sine_high_wl5m,2.0,0.9493104031532933,1.440873384475708,-0.04965474456548691,0.12299017608165741,5.744827662892633,45.227316103174815,0.0,0.0,0.0,0.883517942971467,0.4683973147312733,-0.5859147968547828,0.86411281846155,0.0,0.0,0.0,0.023913805824788702,2.0,0.0,0.0,0.0,0.0,-0.07896021360916093,0.20943078488493772,-0.07896021360916093,0.20943078488493772,0.9906893968582153,0.8202133178710938,0.0782250463962555,-0.17177791893482208,1.0,0.0,20.0,1.0,1.1402456760406494,-0.008470605127513409,-0.0014695086598266144,0.0,0.0,0.0,0.0,12.14850115776062,12.168426752090454,12.18821406364441,528,8,e4000000c5000000,228,197,12.108123779296875,1,1,1,1,1,1779092751.3576643
12.201459121704142,2,sine_high_wl5m,2.0,0.9331120486615629,1.3947983980178833,-0.054265379905700684,0.1404399275779724,5.744827662892633,45.227316103174815,0.0,0.0,0.0,0.883517942971467,0.4683973147312733,-0.5859147968547828,0.86411281846155,0.0,0.0,0.0,0.023913805824788702,2.0,0.0,0.0,0.0,0.0,-0.07855918449820448,0.2099730706118511,-0.07855918449820448,0.2099730706118511,0.9902637600898743,0.8198314905166626,0.07779431343078613,-0.17214253544807434,1.0,0.0,20.0,1.0,1.1398448944091797,-0.0061796982772648335,0.0013981956134413384,0.0,0.0,0.0,0.0,12.248454809188843,12.168426752090454,12.18821406364441,528,8,e4000000c5000000,228,197,12.20811152458191,1,1,1,1,1,1779092751.4575164
12.251459121704142,2,sine_high_wl5m,2.0,0.9104910828156522,1.3947983980178833,-0.054265379905700684,0.1404399275779724,5.715456752809754,45.27059184434229,0.0,0.0,0.0,0.883687095058211,0.4680781110323153,-0.6126903888922742,0.9021977051204677,0.0,0.0,0.0,0.02082071366060114,2.0,0.0,0.0,0.0,0.0,-0.07855918449820448,0.2099730706118511,-0.07855918449820448,0.2099730706118511,0.9902637600898743,0.8198314905166626,0.07779431343078613,-0.17214253544807434,1.0,0.0,20.0,1.0,1.1398448944091797,-0.0061796982772648335,0.0013981956134413384,0.0,0.0,0.0,0.0,12.248454809188843,12.268394708633423,12.288162469863892,528,8,e3000000b8000000,227,184,12.20811152458191,1,1,1,1,1,1779092751.4575164
12.301459121704143,2,sine_high_wl5m,2.0,0.859446112893569,1.2138891220092773,-0.042512863874435425,0.12087796628475189,5.715456752809754,45.27059184434229,0.0,0.0,0.0,0.883687095058211,0.4680781110323153,-0.6126903888922742,0.9021977051204677,0.0,0.0,0.0,0.02082071366060114,2.0,0.0,0.0,0.0,0.0,-0.07772358569721767,0.21080779180898965,-0.07772358569721767,0.21080779180898965,0.9896330237388611,0.8195013403892517,0.07691782712936401,-0.17275726795196533,1.0,0.0,20.0,1.0,1.139845371246338,-0.0020251250825822353,-0.0003431825335805651,0.0,0.0,0.0,0.0,12.348471641540527,12.268394708633423,12.288162469863892,528,8,e3000000b8000000,227,184,12.308220624923706,1,1,1,1,1,1779092751.5581915
12.351459121704144,2,sine_high_wl5m,2.0,0.8144740845679279,1.2138891220092773,-0.042512863874435425,0.12087796628475189,5.682149302522581,45.31954449478004,0.0,0.0,0.0,0.8841108691515758,0.46727718866647583,-0.6592749533413339,0.9670189899074288,0.0,0.0,0.0,0.047043096894026123,2.0,0.0,0.0,0.0,0.0,-0.07772358569721767,0.21080779180898965,-0.07772358569721767,0.21080779180898965,0.9896330237388611,0.8195013403892517,0.07691782712936401,-0.17275726795196533,1.0,0.0,20.0,1.0,1.139845371246338,-0.0020251250825822353,-0.0003431825335805651,0.0,0.0,0.0,0.0,12.348471641540527,12.368407487869263,12.388112545013428,528,8,dc000000aa000000,220,170,12.308220624923706,1,1,1,1,1,1779092751.5581915
12.401459121704145,2,sine_high_wl5m,2.0,0.7316903223772834,0.9172655940055847,-0.053332194685935974,0.14621466398239136,5.682149302522581,45.31954449478004,0.0,0.0,0.0,0.8841108691515758,0.46727718866647583,-0.6592749533413339,0.9670189899074288,0.0,0.0,0.0,0.047043096894026123,2.0,0.0,0.0,0.0,0.0,-0.07714715408459134,0.2113748405272611,-0.07714715408459134,0.2113748405272611,0.9892099499702454,0.8192834854125977,0.07631473243236542,-0.17317591607570648,1.0,0.0,20.0,1.0,1.1403591632843018,-0.002942237537354231,-0.0003437405168554714,0.0,0.0,0.0,0.0,12.448377847671509,12.368407487869263,12.388112545013428,528,8,dc000000aa000000,220,170,12.40841031074524,1,1,1,1,1,1779092751.6579688
12.451459121704145,2,sine_high_wl5m,2.0,0.6672886683504702,0.9172655940055847,-0.053332194685935974,0.14621466398239136,5.661146329464651,45.350300914214834,0.0,0.0,0.0,0.8843967838329407,0.46673582329402435,-0.6867267689739817,1.0046398584562992,0.0,0.0,0.0,0.03630752317438215,2.0,0.0,0.0,0.0,0.0,-0.07714715408459134,0.2113748405272611,-0.07714715408459134,0.2113748405272611,0.9892099499702454,0.8192834854125977,0.07631473243236542,-0.17317591607570648,1.0,0.0,20.0,1.0,1.1403591632843018,-0.002942237537354231,-0.0003437405168554714,0.0,0.0,0.0,0.0,12.448377847671509,12.468315362930298,12.488197803497314,528,8,d7000000a5000000,215,165,12.40841031074524,1,1,1,1,1,1779092751.6579688
12.501459121704146,2,sine_high_wl5m,2.0,0.5581098031122635,0.646617591381073,-0.046691808849573135,0.1322021782398224,5.661146329464651,45.350300914214834,0.0,0.0,0.0,0.8843967838329407,0.46673582329402435,-0.6867267689739817,1.0046398584562992,0.0,0.0,0.0,0.03630752317438215,2.0,2.0,7.648232445604709e-05,1.9213678425311667,0.15727574447499074,1.9213678425311667,0.15727574447499074,-0.07863215746883334,0.1571992621505347,0.9892165660858154,0.8190491795539856,0.09935110062360764,-0.1287400871515274,1.0,1.0,20.0,1.0,1.139988660812378,-0.007235185708850622,6.238049986684335e-05,162.81968910881363,155.0146812221881,163.0,155.0,12.548525333404541,12.468315362930298,12.488197803497314,528,8,d7000000a5000000,215,165,12.50816559791565,1,1,1,1,1,1779092751.759199
12.551459121704147,2,sine_high_wl5m,2.0,0.4781407171515736,0.646617591381073,-0.046691808849573135,0.1322021782398224,5.651260278562405,45.36475491574468,0.0,0.0,0.0,0.8844843359300485,0.4665698870419962,-0.7021223560539082,1.0263358114400662,0.0,0.0,0.0,0.02430691469844996,2.0,2.0,7.648232445604709e-05,1.9213678425311667,0.15727574447499074,1.9213678425311667,0.15727574447499074,-0.07863215746883334,0.1571992621505347,0.9892165660858154,0.8190491795539856,0.09935110062360764,-0.1287400871515274,1.0,1.0,20.0,1.0,1.139988660812378,-0.007235185708850622,6.238049986684335e-05,162.81968910881363,155.0146812221881,163.0,155.0,12.548525333404541,12.568397998809814,12.588140726089478,528,8,d3000000a1000000,211,161,12.50816559791565,1,1,1,1,1,1779092751.759199
12.601459121704147,2,sine_high_wl5m,2.0,0.3493271610606571,0.4472951591014862,-0.048980336636304855,0.1288052797317505,5.651260278562405,45.36475491574468,0.0,0.0,0.0,0.8844843359300485,0.4665698870419962,-0.7021223560539082,1.0263358114400662,0.0,0.0,0.0,0.02430691469844996,2.0,2.0,0.23667620101707074,2.454718456745754,0.37549235826216754,2.454718456745754,0.37549235826216754,0.45471845674575384,0.1388161572450968,0.9323952198028564,0.9694743156433105,-0.2887677550315857,-0.1273539960384369,1.0,1.0,20.0,1.0,1.1415736675262451,-0.0076055508106946945,0.0003609377306013266,212.3479924438639,193.71370889691897,212.0,194.0,12.648379564285278,12.568397998809814,12.588140726089478,528,8,d3000000a1000000,211,161,12.60819673538208,1,1,1,1,1,1779092751.8594754
12.651459121704148,2,sine_high_wl5m,2.0,0.2589928162887372,0.4472951591014862,-0.048980336636304855,0.1288052797317505,5.598890371424955,45.44117462382496,0.0,0.0,0.0,0.8847976138364738,0.46597551711359486,-0.7448832683431544,1.0857085469093142,0.0,0.0,0.0,0.032466066060282676,2.0,2.0,0.23667620101707074,2.454718456745754,0.37549235826216754,2.454718456745754,0.37549235826216754,0.45471845674575384,0.1388161572450968,0.9323952198028564,0.9694743156433105,-0.2887677550315857,-0.1273539960384369,1.0,1.0,20.0,1.0,1.1415736675262451,-0.0076055508106946945,0.0003609377306013266,212.3479924438639,193.71370889691897,212.0,194.0,12.648379564285278,12.668354034423828,12.688179016113281,528,8,ce0000009c000000,206,156,12.60819673538208,1,1,1,1,1,1779092751.8594754
12.701459121704149,2,sine_high_wl5m,2.0,0.11866592169973977,0.3119579553604126,-0.06222177669405937,0.13128884136676788,5.598890371424955,45.44117462382496,0.0,0.0,0.0,0.8847976138364738,0.46597551711359486,-0.7448832683431544,1.0857085469093142,0.0,0.0,0.0,0.032466066060282676,2.0,2.0,0.457986405743035,2.4658178035587848,0.6452547012775016,2.4658178035587848,0.6452547012775016,0.46581780355878477,0.1872682955344666,0.9402996301651001,1.0043026208877563,-0.3186075687408447,-0.1900445818901062,1.0,1.0,20.0,1.0,1.1408374309539795,0.24926070868968964,-0.025742961406234204,219.95967319216365,187.93809192949197,220.0,188.0,12.74841570854187,12.668354034423828,12.688179016113281,528,8,ce0000009c000000,206,156,12.708191156387329,1,1,1,1,1,1779092751.9586222
12.75145912170415,2,sine_high_wl5m,2.0,0.02355145200595461,0.3119579553604126,-0.06222177669405937,0.13128884136676788,5.535065690790924,45.533896235399055,0.0,0.0,0.0,0.8854956474174379,0.46464767125723594,-0.7821435877027433,1.132717384275244,0.0,0.0,0.0,0.041764027016136504,2.0,2.0,0.457986405743035,2.4658178035587848,0.6452547012775016,2.4658178035587848,0.6452547012775016,0.46581780355878477,0.1872682955344666,0.9402996301651001,1.0043026208877563,-0.3186075687408447,-0.1900445818901062,1.0,1.0,20.0,1.0,1.1408374309539795,0.24926070868968964,-0.025742961406234204,219.95967319216365,187.93809192949197,220.0,188.0,12.74841570854187,12.768300294876099,12.788182020187378,528,8,ce0000009c000000,206,156,12.708191156387329,1,1,1,1,1,1779092751.9586222
12.80145912170415,2,sine_high_wl5m,2.0,-0.11947322878586837,0.20729266107082367,-0.06573981046676636,0.12749941647052765,5.535065690790924,45.533896235399055,0.0,0.0,0.0,0.8854956474174379,0.46464767125723594,-0.7821435877027433,1.132717384275244,0.0,0.0,0.0,0.041764027016136504,2.0,2.0,0.6517657701482473,2.4837898113339976,0.923114589856979,2.4837898113339976,0.923114589856979,0.48378981133399757,0.2713488197087317,0.9409500360488892,0.9730228185653687,-0.3371221125125885,-0.24644578993320465,1.0,1.0,20.0,1.0,1.1413514614105225,0.6343264579772949,0.04675711071667155,228.34072024624086,182.52999031999644,228.0,183.0,12.848449945449829,12.768300294876099,12.788182020187378,528,8,ce0000009c000000,206,156,12.808196783065796,1,1,1,1,1,1779092752.0599275
12.851459121704151,2,sine_high_wl5m,2.0,-0.21336978946214766,0.20729266107082367,-0.06573981046676636,0.12749941647052765,5.440990086547464,45.66960939992361,0.0,0.0,0.0,0.8861618624675617,0.46337582318030185,-0.8233346967774359,1.185078678725988,0.0,0.0,0.0,0.039892882043002315,2.0,2.0,0.6517657701482473,2.4837898113339976,0.923114589856979,2.4837898113339976,0.923114589856979,0.48378981133399757,0.2713488197087317,0.9409500360488892,0.9730228185653687,-0.3371221125125885,-0.24644578993320465,1.0,1.0,20.0,1.0,1.1413514614105225,0.6343264579772949,0.04675711071667155,228.34072024624086,182.52999031999644,228.0,183.0,12.848449945449829,12.868309259414673,12.88819694519043,528,8,cc0000009b000000,204,155,12.808196783065796,1,1,1,1,1,1779092752.0599275
12.901459121704152,2,sine_high_wl5m,2.0,-0.35001647911960915,0.13134588301181793,-0.06648172438144684,0.12670324742794037,5.440990086547464,45.66960939992361,0.0,0.0,0.0,0.8861618624675617,0.46337582318030185,-0.8233346967774359,1.185078678725988,0.0,0.0,0.0,0.039892882043002315,2.0,2.0,0.8023164972043312,2.362664409732361,1.0,2.362664409732361,1.0,0.362664409732361,0.19768350279566882,0.9726465344429016,0.9182436466217041,-0.2980373501777649,-0.2660437524318695,1.0,1.0,20.0,1.0,1.1403710842132568,0.9092151522636414,0.00888176830437885,220.2301525342422,170.60388681424962,220.0,171.0,12.94852328300476,12.868309259414673,12.88819694519043,528,8,cc0000009b000000,204,155,12.908114433288574,1,1,1,1,1,1779092752.1588974
12.951459121704152,2,sine_high_wl5m,2.0,-0.4369170897170898,0.13134588301181793,-0.06648172438144684,0.12670324742794037,5.296190444077129,45.87685927507337,0.0,0.0,0.0,0.8871762124913157,0.46143078353049205,-0.8628888761088045,1.230455514400351,0.0,0.0,0.0,-0.007428825809368754,2.0,2.0,0.8023164972043312,2.362664409732361,1.0,2.362664409732361,1.0,0.362664409732361,0.19768350279566882,0.9726465344429016,0.9182436466217041,-0.2980373501777649,-0.2660437524318695,1.0,1.0,20.0,1.0,1.1403710842132568,0.9092151522636414,0.00888176830437885,220.2301525342422,170.60388681424962,220.0,171.0,12.94852328300476,12.968367099761963,12.988173723220825,528,8,c80000009b000000,200,155,12.908114433288574,1,1,1,1,1,1779092752.1588974
13.001459121704153,2,sine_high_wl5m,2.0,-0.5587800143247811,0.08434661477804184,-0.0674118623137474,0.12786026298999786,5.296190444077129,45.87685927507337,0.0,0.0,0.0,0.8871762124913157,0.46143078353049205,-0.8628888761088045,1.230455514400351,0.0,0.0,0.0,-0.007428825809368754,2.0,2.0,0.9036192569513303,2.2814305946419813,1.0,2.2814305946419813,1.0,0.2814305946419813,0.09638074304866973,0.9947088360786438,0.8598984479904175,-0.26935917139053345,-0.28218722343444824,1.0,1.0,20.0,1.0,1.1421122550964355,1.103552222251892,0.03630752317438215,213.51126771236898,163.88500199237643,214.0,164.0,13.048563480377197,12.968367099761963,12.988173723220825,528,8,c80000009b000000,200,155,13.008468627929688,1,1,1,1,1,1779092752.2602863
13.051459121704154,2,sine_high_wl5m,2.0,-0.6329205266332556,0.08434661477804184,-0.0674118623137474,0.12786026298999786,5.148350996450645,46.086441599846324,0.0,0.0,0.0,0.8880026637093014,0.45983830771825157,-0.87881138664472,1.2436435556664547,0.0,0.0,0.0,-0.0008395130917170307,2.0,2.0,0.9036192569513303,2.2814305946419813,1.0,2.2814305946419813,1.0,0.2814305946419813,0.09638074304866973,0.9947088360786438,0.8598984479904175,-0.26935917139053345,-0.28218722343444824,1.0,1.0,20.0,1.0,1.1421122550964355,1.103552222251892,0.03630752317438215,213.51126771236898,163.88500199237643,214.0,164.0,13.048563480377197,13.068384647369385,13.088151216506958,528,8,bd000000a0000000,189,160,13.008468627929688,1,1,1,1,1,1779092752.2602863
13.101459121704154,2,sine_high_wl5m,2.0,-0.7322760262036304,0.04940337315201759,-0.0761926919221878,0.1270955502986908,5.148350996450645,46.086441599846324,0.0,0.0,0.0,0.8880026637093014,0.45983830771825157,-0.87881138664472,1.2436435556664547,0.0,0.0,0.0,-0.0008395130917170307,2.0,2.0,0.9481456601882738,2.248331396273809,1.0,2.248331396273809,1.0,0.24833139627380918,0.05185433981172616,1.0063039064407349,0.8391339182853699,-0.2625046670436859,-0.28921544551849365,1.0,1.0,20.0,1.0,1.1415910720825195,1.2384783029556274,0.015513649016851727,210.77361835680622,161.14735263681368,211.0,161.0,13.148436307907104,13.068384647369385,13.088151216506958,528,8,bd000000a0000000,189,160,13.108256340026855,1,1,1,1,1,1779092752.3587317
13.151459121704155,2,sine_high_wl5m,2.0,-0.7892633662751958,0.04940337315201759,-0.0761926919221878,0.1270955502986908,5.067633725771443,46.20053257195566,0.0,0.0,0.0,0.8883385105472827,0.4591891665519073,-0.8806283415692523,1.2423576259966798,0.0,0.0,0.0,0.042102159969591275,2.0,2.0,0.9481456601882738,2.248331396273809,1.0,2.248331396273809,1.0,0.24833139627380918,0.05185433981172616,1.0063039064407349,0.8391339182853699,-0.2625046670436859,-0.28921544551849365,1.0,1.0,20.0,1.0,1.1415910720825195,1.2384783029556274,0.015513649016851727,210.77361835680622,161.14735263681368,211.0,161.0,13.148436307907104,13.168399572372437,13.188161611557007,528,8,b5000000a6000000,181,166,13.108256340026855,1,1,1,1,1,1779092752.3587317
13.201459121704156,2,sine_high_wl5m,2.0,-0.8597532229312993,0.026724591851234436,-0.07725339382886887,0.1266283541917801,5.067633725771443,46.20053257195566,0.0,0.0,0.0,0.8883385105472827,0.4591891665519073,-0.8806283415692523,1.2423576259966798,0.0,0.0,0.0,0.042102159969591275,2.0,2.0,0.9331120486615629,2.1892883197793727,1.0,2.1892883197793727,1.0,0.18928831977937266,0.06688795133843706,1.026175618171692,0.8229577541351318,-0.24659429490566254,-0.28955507278442383,1.0,1.0,20.0,1.0,1.140993595123291,1.3254369497299194,0.031609758842796716,205.89013935174162,156.26387363174905,206.0,156.0,13.24842643737793,13.168399572372437,13.188161611557007,528,8,b5000000a6000000,181,166,13.208210229873657,1,1,1,1,1,1779092752.4588022
13.251459121704157,2,sine_high_wl5m,2.0,-0.8959466680569423,0.026724591851234436,-0.07725339382886887,0.1266283541917801,5.002220416293431,46.29258250991406,0.0,0.0,0.0,0.8887733417332223,0.45834697230849114,-0.8906934610835698,1.2515217202356006,0.0,0.0,0.0,0.02010267109689514,2.0,2.0,0.9331120486615629,2.1892883197793727,1.0,2.1892883197793727,1.0,0.18928831977937266,0.06688795133843706,1.026175618171692,0.8229577541351318,-0.24659429490566254,-0.28955507278442383,1.0,1.0,20.0,1.0,1.140993595123291,1.3254369497299194,0.031609758842796716,205.89013935174162,156.26387363174905,206.0,156.0,13.24842643737793,13.268506288528442,13.28820013999939,528,8,a4000000ab000000,164,171,13.208210229873657,1,1,1,1,1,1779092752.4588022
13.301459121704157,2,sine_high_wl5m,2.0,-0.9332474301013075,0.011180914007127285,-0.08104211091995239,0.12630459666252136,5.002220416293431,46.29258250991406,0.0,0.0,0.0,0.8887733417332223,0.45834697230849114,-0.8906934610835698,1.2515217202356006,0.0,0.0,0.0,0.02010267109689514,2.0,2.0,0.859446112893569,2.1718844777259583,1.0,2.1718844777259583,1.0,0.17188447772595827,0.14055388710643102,1.0296138525009155,0.83366858959198,-0.23620234429836273,-0.28045913577079773,1.0,1.0,20.0,1.0,1.1415350437164307,1.3775306940078735,0.031068030992602337,204.45065986792244,154.82439414792987,204.0,155.0,13.348468780517578,13.268506288528442,13.28820013999939,528,8,a4000000ab000000,164,171,13.308205842971802,1,1,1,1,1,1779092752.5589595
13.351459121704158,2,sine_high_wl5m,2.0,-0.9463573627494946,0.011180914007127285,-0.08104211091995239,0.12630459666252136,4.9083474628302035,46.42432459646941,0.0,0.0,0.0,0.8888926600973447,0.45811552999769223,-0.8836278315368926,1.2402260286659552,0.0,0.0,0.0,-0.01667235833301693,2.0,2.0,0.859446112893569,2.1718844777259583,1.0,2.1718844777259583,1.0,0.17188447772595827,0.14055388710643102,1.0296138525009155,0.83366858959198,-0.23620234429836273,-0.28045913577079773,1.0,1.0,20.0,1.0,1.1415350437164307,1.3775306940078735,0.031068030992602337,204.45065986792244,154.82439414792987,204.0,155.0,13.348468780517578,13.368394136428833,13.388153076171875,528,8,8e000000b6000000,142,182,13.308205842971802,1,1,1,1,1,1779092752.5589595
13.401459121704159,2,sine_high_wl5m,2.0,-0.9480839947371575,0.0007142617832869291,-0.0814991369843483,0.1270236372947693,4.9083474628302035,46.42432459646941,0.0,0.0,0.0,0.8888926600973447,0.45811552999769223,-0.8836278315368926,1.2402260286659552,0.0,0.0,0.0,-0.01667235833301693,2.0,2.0,0.7316903223772834,2.1673110847931607,1.0,2.1673110847931607,1.0,0.1673110847931607,0.2683096776227166,1.0264030694961548,0.8694025874137878,-0.2245347499847412,-0.25818881392478943,1.0,1.0,20.0,1.0,1.1414132118225098,1.4158838987350464,0.03325538766039947,204.0723925130475,154.44612679305496,204.0,154.0,13.448513746261597,13.368394136428833,13.388153076171875,528,8,8e000000b6000000,142,182,13.40826964378357,1,1,1,1,1,1779092752.6592216
13.45145912170416,2,sine_high_wl5m,2.0,-0.9373005484432332,0.0007142617832869291,-0.0814991369843483,0.1270236372947693,4.8616924384903495,46.48976975837889,0.0,0.0,0.0,0.8890273704710142,0.4578540537697509,-0.8882190940137838,1.2451195617426105,0.0,0.0,0.0,0.016241839605350004,2.0,2.0,0.7316903223772834,2.1673110847931607,1.0,2.1673110847931607,1.0,0.1673110847931607,0.2683096776227166,1.0264030694961548,0.8694025874137878,-0.2245347499847412,-0.25818881392478943,1.0,1.0,20.0,1.0,1.1414132118225098,1.4158838987350464,0.03325538766039947,204.0723925130475,154.44612679305496,204.0,154.0,13.448513746261597,13.46833848953247,13.488222599029541,528,8,7d000000ae000000,125,174,13.40826964378357,1,1,1,1,1,1779092752.6592216
13.50145912170416,2,sine_high_wl5m,2.0,-0.9033762908595432,-0.008470605127513409,-0.08149290084838867,0.12615656852722168,4.8616924384903495,46.48976975837889,0.0,0.0,0.0,0.8890273704710142,0.4578540537697509,-0.8882190940137838,1.2451195617426105,0.0,0.0,0.0,0.016241839605350004,2.0,2.0,0.5581098031122635,2.142865011505648,0.8402099130034265,2.142865011505648,0.8402099130034265,0.142865011505648,0.28210010989116296,1.026406168937683,0.9163294434547424,-0.19944986701011658,-0.2117992788553238,1.0,1.0,20.0,1.0,1.1408121585845947,1.4516829252243042,0.024753757507596896,198.08555430673033,156.38907390345042,198.0,156.0,13.5486421585083,13.46833848953247,13.488222599029541,528,8,7d000000ae000000,125,174,13.508181095123291,1,1,1,1,1,1779092752.7588816
13.551459121704161,2,sine_high_wl5m,2.0,-0.8692938920302841,-0.008470605127513409,-0.08149290084838867,0.12615656852722168,4.8058682751192565,46.56795340755618,0.0,0.0,0.0,0.8892102326792821,0.45749881103501994,-0.8776153317309889,1.2281779708457197,0.0,0.0,0.0,0.010079878605572024,2.0,2.0,0.5581098031122635,2.142865011505648,0.8402099130034265,2.142865011505648,0.8402099130034265,0.142865011505648,0.28210010989116296,1.026406168937683,0.9163294434547424,-0.19944986701011658,-0.2117992788553238,1.0,1.0,20.0,1.0,1.1408121585845947,1.4516829252243042,0.024753757507596896,198.08555430673033,156.38907390345042,198.0,156.0,13.5486421585083,13.568493127822876,13.588131666183472,528,8,7a000000ac000000,122,172,13.508181095123291,1,1,1,1,1,1779092752.7588816
13.601459121704162,2,sine_high_wl5m,2.0,-0.8019229536887561,-0.0061796982772648335,-0.08215891569852829,0.12626993656158447,4.8058682751192565,46.56795340755618,0.0,0.0,0.0,0.8892102326792821,0.45749881103501994,-0.8776153317309889,1.2281779708457197,0.0,0.0,0.0,0.010079878605572024,2.0,2.0,0.3493271610606571,2.1068113664948123,0.5392697577474519,2.1068113664948123,0.5392697577474519,0.10681136649481227,0.1899425966867948,1.0233639478683472,0.9043223857879639,-0.15603479743003845,-0.13834655284881592,1.0,1.0,20.0,1.0,1.14166259765625,1.4928182363510132,-0.007527790888437224,187.63627330565254,160.87432901292146,188.0,161.0,13.648451328277588,13.568493127822876,13.588131666183472,528,8,7a000000ac000000,122,172,13.608158349990845,1,1,1,1,1,1779092752.8593895
13.651459121704162,2,sine_high_wl5m,2.0,-0.7467602520608726,-0.0061796982772648335,-0.08215891569852829,0.12626993656158447,4.759562814309559,46.63266271673673,0.0,0.0,0.0,0.8894346034060387,0.457062453351774,-0.89817742420441,1.2543495481714146,0.0,0.0,0.0,0.020991993054580414,2.0,2.0,0.3493271610606571,2.1068113664948123,0.5392697577474519,2.1068113664948123,0.5392697577474519,0.10681136649481227,0.1899425966867948,1.0233639478683472,0.9043223857879639,-0.15603479743003845,-0.13834655284881592,1.0,1.0,20.0,1.0,1.14166259765625,1.4928182363510132,-0.007527790888437224,187.63627330565254,160.87432901292146,188.0,161.0,13.648451328277588,13.668434619903564,13.688184976577759,528,8,78000000aa000000,120,170,13.608158349990845,1,1,1,1,1,1779092752.8593895
13.701459121704163,2,sine_high_wl5m,2.0,-0.650021751109409,-0.0020251250825822353,-0.07716286182403564,0.12408425658941269,4.759562814309559,46.63266271673673,0.0,0.0,0.0,0.8894346034060387,0.457062453351774,-0.89817742420441,1.2543495481714146,0.0,0.0,0.0,0.020991993054580414,2.0,2.0,0.11866592169973977,2.081916842714994,0.22350998043690012,2.081916842714994,0.22350998043690012,0.08191684271499389,0.10484405873716035,1.011307954788208,0.8487269878387451,-0.105459064245224,-0.07103303074836731,1.0,1.0,20.0,1.0,1.1399486064910889,1.5102237462997437,0.0337389232372424,177.74224691261978,166.6502812323878,178.0,167.0,13.74860668182373,13.668434619903564,13.688184976577759,528,8,78000000aa000000,120,170,13.708215951919556,1,1,1,1,1,1779092752.958833
13.751459121704164,2,sine_high_wl5m,2.0,-0.5772455522045564,-0.0020251250825822353,-0.07716286182403564,0.12408425658941269,4.728585918919284,46.67588637031371,0.0,0.0,0.0,0.8896077185161954,0.4567254176815757,-0.879749949125629,1.2266498382070805,0.0,0.0,0.0,0.03946975487610693,2.0,2.0,0.11866592169973977,2.081916842714994,0.22350998043690012,2.081916842714994,0.22350998043690012,0.08191684271499389,0.10484405873716035,1.011307954788208,0.8487269878387451,-0.105459064245224,-0.07103303074836731,1.0,1.0,20.0,1.0,1.1399486064910889,1.5102237462997437,0.0337389232372424,177.74224691261978,166.6502812323878,178.0,167.0,13.74860668182373,13.768367052078247,13.788174390792847,528,8,78000000aa000000,120,170,13.708215951919556,1,1,1,1,1,1779092752.958833
13.801459121704164,2,sine_high_wl5m,2.0,-0.457332201656967,-0.002942237537354231,-0.07744312286376953,0.1238965317606926,4.728585918919284,46.67588637031371,0.0,0.0,0.0,0.8896077185161954,0.4567254176815757,-0.879749949125629,1.2266498382070805,0.0,0.0,0.0,0.03946975487610693,2.0,2.0,-0.11947322878586837,2.0077899902765277,-0.24181772168100482,2.0077899902765277,-0.24181772168100482,0.007789990276527714,-0.12234449289513645,1.0023735761642456,0.6797892451286316,-0.01255563274025917,0.044911857694387436,1.0,1.0,20.0,1.0,1.139784574508667,1.5133297443389893,0.006129477484974914,160.06494402303474,172.06545453497947,160.0,172.0,13.848539352416992,13.768367052078247,13.788174390792847,528,8,78000000aa000000,120,170,13.808269262313843,1,1,1,1,1,1779092753.0588586
13.851459121704165,2,sine_high_wl5m,2.0,-0.3714536129923353,-0.002942237537354231,-0.07744312286376953,0.1238965317606926,4.60954179561769,46.841495640568546,0.0,0.0,0.0,0.8900327359418114,0.45589662090427235,-0.8781478647209054,1.2196123618251262,0.0,0.0,0.0,0.019132895648964213,2.0,2.0,-0.11947322878586837,2.0077899902765277,-0.24181772168100482,2.0077899902765277,-0.24181772168100482,0.007789990276527714,-0.12234449289513645,1.0023735761642456,0.6797892451286316,-0.01255563274025917,0.044911857694387436,1.0,1.0,20.0,1.0,1.139784574508667,1.5133297443389893,0.006129477484974914,160.06494402303474,172.06545453497947,160.0,172.0,13.848539352416992,13.86836838722229,13.88813591003418,528,8,78000000aa000000,120,170,13.808269262313843,1,1,1,1,1,1779092753.0588586
13.901459121704166,2,sine_high_wl5m,2.0,-0.2353960714342149,-0.007235185708850622,-0.06795297563076019,0.12325748801231384,4.60954179561769,46.841495640568546,0.0,0.0,0.0,0.8900327359418114,0.45589662090427235,-0.8781478647209054,1.2196123618251262,0.0,0.0,0.0,0.019132895648964213,2.0,2.0,-0.35001647911960915,1.8833844392299268,-1.0,1.8833844392299268,-1.0,-0.11661556077007318,-0.6499835208803908,1.0445208549499512,0.44568556547164917,0.03276567533612251,0.20390811562538147,1.0,1.0,20.0,1.0,1.139923095703125,1.4993572235107422,-0.0019594922502749294,130.9624281968763,180.5886939168689,131.0,181.0,13.948554754257202,13.86836838722229,13.88813591003418,528,8,78000000aa000000,120,170,13.908596992492676,1,1,1,1,1,1779092753.1587682
13.951459121704167,2,sine_high_wl5m,2.0,-0.1422567233976144,-0.007235185708850622,-0.06795297563076019,0.12325748801231384,4.530525371676405,46.950996201899564,0.0,0.0,0.0,0.8904160767845544,0.4551474598452709,-0.8724099548297257,1.207352704023907,0.0,0.0,0.0,-0.0015623208506346335,2.0,2.0,-0.35001647911960915,1.8833844392299268,-1.0,1.8833844392299268,-1.0,-0.11661556077007318,-0.6499835208803908,1.0445208549499512,0.44568556547164917,0.03276567533612251,0.20390811562538147,1.0,1.0,20.0,1.0,1.139923095703125,1.4993572235107422,-0.0019594922502749294,130.9624281968763,180.5886939168689,131.0,181.0,13.948554754257202,13.968318939208984,13.988116025924683,528,8,79000000ab000000,121,171,13.908596992492676,1,1,1,1,1,1779092753.1587682
14.001459121704167,2,s2_stop,0.0,0.0,-0.0076055508106946945,-0.06807650625705719,0.12386640161275864,4.530525371676405,46.950996201899564,0.0,0.0,0.0,0.8904160767845544,0.4551474598452709,-0.8724099548297257,1.207352704023907,0.0,0.0,0.0,-0.0015623208506346335,2.0,2.0,-0.5587800143247811,1.7979024398250212,-1.0,1.7979024398250212,-1.0,-0.20209756017497882,-0.4412199856752189,1.0812984704971313,0.38204336166381836,0.05593084171414375,0.2561641037464142,1.0,1.0,20.0,1.0,1.139991283416748,1.4928556680679321,0.018898428510827143,123.89217416896948,173.51843988896204,124.0,174.0,14.04973554611206,13.968318939208984,13.988116025924683,528,8,79000000ab000000,121,171,14.009079217910767,1,1,1,1,1,1779092753.2599463
14.051459121704168,2,s2_stop,0.0,0.0,-0.0076055508106946945,-0.06807650625705719,0.12386640161275864,4.499974489937432,46.9932475056695,0.0,0.0,0.0,0.8905481674536121,0.4548889550703703,-0.8770086068296769,1.2122336889081378,0.0,0.0,0.0,0.016281890916791816,2.0,2.0,-0.5587800143247811,1.7979024398250212,-1.0,1.7979024398250212,-1.0,-0.20209756017497882,-0.4412199856752189,1.0812984704971313,0.38204336166381836,0.05593084171414375,0.2561641037464142,1.0,1.0,20.0,1.0,1.139991283416748,1.4928556680679321,0.018898428510827143,123.89217416896948,173.51843988896204,124.0,174.0,14.04973554611206,14.069512367248535,14.089691877365112,528,8,7b000000ac000000,123,172,14.009079217910767,1,1,1,1,1,1779092753.2599463
14.101459121704169,2,s2_stop,0.0,0.0,0.24926070868968964,-0.058235082775354385,0.1281413733959198,4.499974489937432,46.9932475056695,0.0,0.0,0.0,0.8905481674536121,0.4548889550703703,-0.8770086068296769,1.2122336889081378,0.0,0.0,0.0,0.016281890916791816,2.0,2.0,-0.7322760262036304,1.7676564555440208,-1.0,1.7676564555440208,-1.0,-0.23234354445597916,-0.2677239737963696,1.096867561340332,0.3616868853569031,0.061114974319934845,0.27354905009269714,1.0,1.0,20.0,1.0,1.1401402950286865,1.4948904514312744,0.03946975487610693,121.39051541415009,171.01678113414263,121.0,171.0,14.149785041809082,14.069512367248535,14.089691877365112,528,8,7b000000ac000000,123,172,14.109419822692871,1,1,1,1,1,1779092753.3589184
14.15145912170417,2,s2_stop,0.0,0.0,0.24926070868968964,-0.058235082775354385,0.1281413733959198,4.4324026271582575,47.08655186707393,0.0,0.0,0.0,0.8906653686114065,0.45465943425415384,-0.8659315292998201,1.1956244085154362,0.0,0.0,0.0,-0.004142618896270789,2.0,2.0,-0.7322760262036304,1.7676564555440208,-1.0,1.7676564555440208,-1.0,-0.23234354445597916,-0.2677239737963696,1.096867561340332,0.3616868853569031,0.061114974319934845,0.27354905009269714,1.0,1.0,20.0,1.0,1.1401402950286865,1.4948904514312744,0.03946975487610693,121.39051541415009,171.01678113414263,121.0,171.0,14.149785041809082,14.169702768325806,14.189340114593506,528,8,7d000000af000000,125,175,14.109419822692871,1,1,1,1,1,1779092753.3589184
14.20145912170417,2,s2_stop,0.0,0.0,0.6343264579772949,-0.07930581271648407,0.12964701652526855,4.4324026271582575,47.08655186707393,0.0,0.0,0.0,0.8906653686114065,0.45465943425415384,-0.8659315292998201,1.1956244085154362,0.0,0.0,0.0,-0.004142618896270789,2.0,2.0,-0.8597532229312993,1.752565266601371,-1.0,1.752565266601371,-1.0,-0.2474347333986291,-0.1402467770687007,1.1074579954147339,0.34944820404052734,0.05910758301615715,0.28073859214782715,1.0,1.0,20.0,1.0,1.1397061347961426,1.4865330457687378,-0.003254621172339101,120.14231649331914,169.76858221331167,120.0,170.0,14.249552249908447,14.169702768325806,14.189340114593506,528,8,7d000000af000000,125,175,14.20934009552002,1,1,1,1,1,1779092753.4588432
14.25145912170417,2,s2_stop,0.0,0.0,0.6343264579772949,-0.07930581271648407,0.12964701652526855,4.30640322039339,47.260029168506954,0.0,0.0,0.0,0.8913151235217335,0.4533843298807723,-0.8693501153395706,1.1931410296492562,0.0,0.0,0.0,0.04577496968890017,2.0,2.0,-0.8597532229312993,1.752565266601371,-1.0,1.752565266601371,-1.0,-0.2474347333986291,-0.1402467770687007,1.1074579954147339,0.34944820404052734,0.05910758301615715,0.28073859214782715,1.0,1.0,20.0,1.0,1.1397061347961426,1.4865330457687378,-0.003254621172339101,120.14231649331914,169.76858221331167,120.0,170.0,14.249552249908447,14.269409418106079,14.291533946990967,528,8,80000000b2000000,128,178,14.20934009552002,1,1,1,1,1,1779092753.4588432
14.301459121704172,2,s2_stop,0.0,0.0,0.9092151522636414,-0.06945490837097168,0.1383998692035675,4.30640322039339,47.260029168506954,0.0,0.0,0.0,0.8913151235217335,0.4533843298807723,-0.8693501153395706,1.1931410296492562,0.0,0.0,0.0,0.04577496968890017,2.0,2.0,-0.9332474301013075,1.7501643806773666,-1.0,1.7501643806773666,-1.0,-0.24983561932263343,-0.0667525698986925,1.1101264953613281,0.34203076362609863,0.057096149772405624,0.2838864028453827,1.0,1.0,20.0,1.0,1.139991283416748,1.4786051511764526,0.028086604655829597,119.94373815527241,169.570003875265,120.0,170.0,14.3496675491333,14.269409418106079,14.291533946990967,528,8,80000000b2000000,128,178,14.309287309646606,1,1,1,1,1,1779092753.5589325
14.351459121704172,2,s2_stop,0.0,0.0,0.9092151522636414,-0.06945490837097168,0.1383998692035675,4.011295756830942,47.6634133098761,0.0,0.0,0.0,0.8921997637300415,0.45164098751116255,-0.85432364553366,1.1629370603650924,0.0,0.0,0.0,0.0005414682080834611,2.0,2.0,-0.9332474301013075,1.7501643806773666,-1.0,1.7501643806773666,-1.0,-0.24983561932263343,-0.0667525698986925,1.1101264953613281,0.34203076362609863,0.057096149772405624,0.2838864028453827,1.0,1.0,20.0,1.0,1.139991283416748,1.4786051511764526,0.028086604655829597,119.94373815527241,169.570003875265,120.0,170.0,14.3496675491333,14.369526863098145,14.389296531677246,528,8,84000000b6000000,132,182,14.309287309646606,1,1,1,1,1,1779092753.5589325
14.401459121704173,2,s2_stop,0.0,0.0,1.103552222251892,-0.06403667479753494,0.1511165052652359,4.011295756830942,47.6634133098761,0.0,0.0,0.0,0.8921997637300415,0.45164098751116255,-0.85432364553366,1.1629370603650924,0.0,0.0,0.0,0.0005414682080834611,2.0,2.0,-0.9480839947371575,1.7565781089832315,-1.0,1.7565781089832315,-1.0,-0.24342189101676848,-0.05191600526284246,1.1075787544250488,0.34033524990081787,0.05445140600204468,0.2833244502544403,1.0,1.0,20.0,1.0,1.140181064605713,1.4690991640090942,-0.018010240273398894,120.47422046387692,170.10048618386946,120.0,170.0,14.449588060379028,14.369526863098145,14.389296531677246,528,8,84000000b6000000,132,182,14.409283638000488,1,1,1,1,1,1779092753.6591015
14.451459121704174,2,s2_stop,0.0,0.0,1.103552222251892,-0.06403667479753494,0.1511165052652359,3.7852268677698495,47.97013453966109,0.0,0.0,0.0,0.8931887971204713,0.4496818572040522,-0.8475384420000056,1.1431505543639542,0.0,0.0,0.0,-0.0045370618794858125,2.0,2.0,-0.9480839947371575,1.7565781089832315,-1.0,1.7565781089832315,-1.0,-0.24342189101676848,-0.05191600526284246,1.1075787544250488,0.34033524990081787,0.05445140600204468,0.2833244502544403,1.0,1.0,20.0,1.0,1.140181064605713,1.4690991640090942,-0.018010240273398894,120.47422046387692,170.10048618386946,120.0,170.0,14.449588060379028,14.469520807266235,14.489538669586182,528,8,a0000000ae000000,160,174,14.409283638000488,1,1,1,1,1,1779092753.6591015
14.501459121704174,2,s2_stop,0.0,0.0,1.2384783029556274,-0.0811285525560379,0.1502760797739029,3.7852268677698495,47.97013453966109,0.0,0.0,0.0,0.8931887971204713,0.4496818572040522,-0.8475384420000056,1.1431505543639542,0.0,0.0,0.0,-0.0045370618794858125,2.0,2.0,-0.9033762908595432,1.7658116684034102,-1.0,1.7658116684034102,-1.0,-0.2341883315965898,-0.09662370914045681,1.1028087139129639,0.3460782766342163,0.05264750495553017,0.2796303629875183,1.0,1.0,20.0,1.0,1.140047550201416,1.4585908651351929,0.01453469301229151,121.23793225275546,170.86419797274803,121.0,171.0,14.549562215805054,14.469520807266235,14.489538669586182,528,8,a0000000ae000000,160,174,14.5093355178833,1,1,1,1,1,1779092753.7589333
14.551459121704175,2,s2_stop,0.0,0.0,1.2384783029556274,-0.0811285525560379,0.1502760797739029,3.70566743933694,48.07779519390636,0.0,0.0,0.0,0.8926347263791587,0.45078070639946916,-0.7815654684961306,1.0596082062460344,0.0,0.0,0.0,-0.007088104942354201,2.0,2.0,-0.9033762908595432,1.7658116684034102,-1.0,1.7658116684034102,-1.0,-0.2341883315965898,-0.09662370914045681,1.1028087139129639,0.3460782766342163,0.05264750495553017,0.2796303629875183,1.0,1.0,20.0,1.0,1.140047550201416,1.4585908651351929,0.01453469301229151,121.23793225275546,170.86419797274803,121.0,171.0,14.549562215805054,14.569481611251831,14.589310646057129,528,8,0000000000000000,0,0,14.5093355178833,1,1,1,1,1,1779092753.7589333
14.601459121704176,2,s2_stop,0.0,0.0,1.3254369497299194,-0.06617609411478043,0.13180996477603912,3.70566743933694,48.07779519390636,0.0,0.0,0.0,0.8926347263791587,0.45078070639946916,-0.7815654684961306,1.0596082062460344,0.0,0.0,0.0,-0.007088104942354201,2.0,2.0,-0.8019229536887561,1.7850883766657237,-1.0,1.7850883766657237,-1.0,-0.21491162333427627,-0.1980770463112439,1.0918387174606323,0.3581812381744385,0.05097139626741409,0.27174633741378784,1.0,1.0,20.0,1.0,1.1400394439697266,1.444772720336914,0.011898910619052891,122.83231733014271,172.45858305013527,123.0,172.0,14.649596691131592,14.569481611251831,14.589310646057129,528,8,0000000000000000,0,0,14.609348773956299,1,1,1,1,1,1779092753.8588195
14.651459121704177,2,s2_stop,0.0,0.0,1.3254369497299194,-0.06617609411478043,0.13180996477603912,3.6731721769216934,48.12181963027595,0.0,0.0,0.0,0.8928370112131351,0.4503799189661948,-0.7350913143844372,0.9947299000959331,0.0,0.0,0.0,0.04707173682367664,2.0,2.0,-0.8019229536887561,1.7850883766657237,-1.0,1.7850883766657237,-1.0,-0.21491162333427627,-0.1980770463112439,1.0918387174606323,0.3581812381744385,0.05097139626741409,0.27174633741378784,1.0,1.0,20.0,1.0,1.1400394439697266,1.444772720336914,0.011898910619052891,122.83231733014271,172.45858305013527,123.0,172.0,14.649596691131592,14.669458150863647,14.689446926116943,528,8,0000000000000000,0,0,14.609348773956299,1,1,1,1,1,1779092753.8588195
14.701459121704177,2,s2_stop,0.0,0.0,1.3775306940078735,-0.07959307730197906,0.12122736871242523,3.6731721769216934,48.12181963027595,0.0,0.0,0.0,0.8928370112131351,0.4503799189661948,-0.7350913143844372,0.9947299000959331,0.0,0.0,0.0,0.04707173682367664,2.0,2.0,-0.650021751109409,1.8163019543934624,-1.0,1.8163019543934624,-1.0,-0.18369804560653757,-0.34997824889059104,1.0765042304992676,0.3784431219100952,0.044743262231349945,0.2568942606449127,1.0,1.0,20.0,1.0,1.1401557922363281,1.4322781562805176,0.028445797021526956,125.4140061674567,175.04027188744928,125.0,175.0,14.749656200408936,14.669458150863647,14.689446926116943,528,8,0000000000000000,0,0,14.709660530090332,1,1,1,1,1,1779092753.9598942
14.751459121704178,2,s2_stop,0.0,0.0,1.3775306940078735,-0.07959307730197906,0.12122736871242523,3.6511626368727716,48.15155454376126,0.0,0.0,0.0,0.8931333754830393,0.44979192255783373,-0.6968092260034402,0.9403329694854309,0.0,0.0,0.0,0.0545960025051406,2.0,2.0,-0.650021751109409,1.8163019543934624,-1.0,1.8163019543934624,-1.0,-0.18369804560653757,-0.34997824889059104,1.0765042304992676,0.3784431219100952,0.044743262231349945,0.2568942606449127,1.0,1.0,20.0,1.0,1.1401557922363281,1.4322781562805176,0.028445797021526956,125.4140061674567,175.04027188744928,125.0,175.0,14.749656200408936,14.769537925720215,14.789305448532104,528,8,0000000000000000,0,0,14.709660530090332,1,1,1,1,1,1779092753.9598942
14.801459121704179,2,s2_stop,0.0,0.0,1.4158838987350464,-0.0694480836391449,0.15910860896110535,3.6511626368727716,48.15155454376126,0.0,0.0,0.0,0.8931333754830393,0.44979192255783373,-0.6968092260034402,0.9403329694854309,0.0,0.0,0.0,0.0545960025051406,2.0,2.0,-0.457332201656967,1.8621375903435522,-1.0,1.8621375903435522,-1.0,-0.1378624096564478,-0.542667798343033,1.0563013553619385,0.4069874882698059,0.03302153944969177,0.23046250641345978,1.0,1.0,20.0,1.0,1.1401517391204834,1.4220033884048462,0.02694278040424044,129.20509191596338,178.83135763595595,129.0,179.0,14.849698305130005,14.769537925720215,14.789305448532104,528,8,0000000000000000,0,0,14.80925703048706,1,1,1,1,1,1779092754.058917
14.85145912170418,2,s2_stop,0.0,0.0,1.4158838987350464,-0.0694480836391449,0.15910860896110535,3.6344180595607947,48.17411978058679,0.0,0.0,0.0,0.8933309084178459,0.44939947492775983,-0.6540330377502451,0.8809877913512856,0.0,0.0,0.0,0.019017194295449267,2.0,2.0,-0.457332201656967,1.8621375903435522,-1.0,1.8621375903435522,-1.0,-0.1378624096564478,-0.542667798343033,1.0563013553619385,0.4069874882698059,0.03302153944969177,0.23046250641345978,1.0,1.0,20.0,1.0,1.1401517391204834,1.4220033884048462,0.02694278040424044,129.20509191596338,178.83135763595595,129.0,179.0,14.849698305130005,14.869492530822754,14.889631509780884,528,8,0000000000000000,0,0,14.80925703048706,1,1,1,1,1,1779092754.058917
14.90145912170418,2,s2_stop,0.0,0.0,1.4516829252243042,-0.06917452067136765,0.16964860260486603,3.6344180595607947,48.17411978058679,0.0,0.0,0.0,0.8933309084178459,0.44939947492775983,-0.6540330377502451,0.8809877913512856,0.0,0.0,0.0,0.019017194295449267,2.0,2.0,-0.2353960714342149,1.9064861123426864,-0.9589829150796787,1.9064861123426864,-0.9589829150796787,-0.09351388765731361,-0.7235868436454638,1.039192795753479,0.4445686340332031,0.018793366849422455,0.19093765318393707,1.0,1.0,20.0,1.0,1.1401081085205078,1.4209462404251099,0.00680537086242668,133.89094018865103,181.48168115332822,134.0,181.0,14.949632167816162,14.869492530822754,14.889631509780884,528,8,0000000000000000,0,0,14.909337043762207,1,1,1,1,1,1779092754.1591332
14.95145912170418,2,s2_stop,0.0,0.0,1.4516829252243042,-0.06917452067136765,0.16964860260486603,3.6284564843359743,48.18214666189904,0.0,0.0,0.0,0.8933765665932499,0.44930870263334144,-0.6462822127620772,0.8701778339487867,0.0,0.0,0.0,0.025048105602056593,2.0,2.0,-0.2353960714342149,1.9064861123426864,-0.9589829150796787,1.9064861123426864,-0.9589829150796787,-0.09351388765731361,-0.7235868436454638,1.039192795753479,0.4445686340332031,0.018793366849422455,0.19093765318393707,1.0,1.0,20.0,1.0,1.1401081085205078,1.4209462404251099,0.00680537086242668,133.89094018865103,181.48168115332822,134.0,181.0,14.949632167816162,14.96957516670227,14.989309787750244,528,8,0000000000000000,0,0,14.909337043762207,1,1,1,1,1,1779092754.1591332
15.001459121704181,2,s2_stop,0.0,0.0,1.4928182363510132,-0.0642508938908577,0.10848616063594818,3.6284564843359743,48.18214666189904,0.0,0.0,0.0,0.8933765665932499,0.44930870263334144,-0.6462822127620772,0.8701778339487867,0.0,0.0,0.0,0.025048105602056593,2.0,0.0,0.0,0.0,0.0,0.009653724278460342,-0.13071609659585262,0.009653724278460342,-0.13071609659585262,0.9605981111526489,0.6290941834449768,-0.009273349307477474,0.08223273605108261,1.0,0.0,20.0,1.0,1.1397180557250977,1.430010199546814,-0.03320115910666312,0.0,0.0,0.0,0.0,15.049842357635498,14.96957516670227,14.989309787750244,528,8,0000000000000000,0,0,15.009285688400269,1,1,1,1,1,1779092754.2597785
15.051459121704182,2,s2_stop,0.0,0.0,1.4928182363510132,-0.0642508938908577,0.10848616063594818,3.6277951708534504,48.183037024218066,0.0,0.0,0.0,0.8933831078595138,0.44929569616375836,-0.638377395858376,0.8594822177563763,0.0,0.0,0.0,0.027374397275578326,2.0,0.0,0.0,0.0,0.0,0.009653724278460342,-0.13071609659585262,0.009653724278460342,-0.13071609659585262,0.9605981111526489,0.6290941834449768,-0.009273349307477474,0.08223273605108261,1.0,0.0,20.0,1.0,1.1397180557250977,1.430010199546814,-0.03320115910666312,0.0,0.0,0.0,0.0,15.049842357635498,15.069520950317383,15.08937406539917,528,8,0000000000000000,0,0,15.009285688400269,1,1,1,1,1,1779092754.2597785
15.101459121704183,2,s2_stop,0.0,0.0,1.5102237462997437,-0.056445132941007614,0.12615898251533508,3.6277951708534504,48.183037024218066,0.0,0.0,0.0,0.8933831078595138,0.44929569616375836,-0.638377395858376,0.8594822177563763,0.0,0.0,0.0,0.027374397275578326,2.0,0.0,0.0,0.0,0.0,-0.06682116490548744,-0.02854227418802118,-0.06682116490548744,-0.02854227418802118,1.0240734815597534,0.6298125386238098,0.06842978298664093,0.01797628216445446,1.0,0.0,20.0,1.0,1.141223669052124,1.4348053932189941,0.055276414817395834,0.0,0.0,0.0,0.0,15.149533748626709,15.069520950317383,15.08937406539917,528,8,0000000000000000,0,0,15.109370470046997,1,1,1,1,1,1779092754.3600633
15.151459121704184,2,s2_stop,0.0,0.0,1.5102237462997437,-0.056445132941007614,0.12615898251533508,3.6229134710300337,48.189606233403886,0.0,0.0,0.0,0.8934369282581148,0.44918866328604523,-0.6306506020314925,0.8486543371702182,0.0,0.0,0.0,0.030193200703662104,2.0,0.0,0.0,0.0,0.0,-0.06682116490548744,-0.02854227418802118,-0.06682116490548744,-0.02854227418802118,1.0240734815597534,0.6298125386238098,0.06842978298664093,0.01797628216445446,1.0,0.0,20.0,1.0,1.141223669052124,1.4348053932189941,0.055276414817395834,0.0,0.0,0.0,0.0,15.149533748626709,15.16949462890625,15.189272165298462,528,8,0000000000000000,0,0,15.109370470046997,1,1,1,1,1,1779092754.3600633
15.201459121704184,2,s2_stop,0.0,0.0,1.5133297443389893,-0.06061596795916557,0.12542814016342163,3.6229134710300337,48.189606233403886,0.0,0.0,0.0,0.8934369282581148,0.44918866328604523,-0.6306506020314925,0.8486543371702182,0.0,0.0,0.0,0.030193200703662104,2.0,0.0,0.0,0.0,0.0,-0.06259900288620752,-0.021441965884817088,-0.06259900288620752,-0.021441965884817088,1.0246883630752563,0.6279970407485962,0.06414446979761124,0.013465491123497486,1.0,0.0,20.0,1.0,1.1409997940063477,1.4247784614562988,-0.0045370618794858125,0.0,0.0,0.0,0.0,15.249721765518188,15.16949462890625,15.189272165298462,528,8,0000000000000000,0,0,15.209321975708008,1,1,1,1,1,1779092754.4604115
15.251459121704185,2,s2_stop,0.0,0.0,1.5133297443389893,-0.06061596795916557,0.12542814016342163,3.6222891429848816,48.19044633333819,0.0,0.0,0.0,0.8934428488370703,0.44917688705219455,-0.6227399802837277,0.8379630237421978,0.0,0.0,0.0,0.028576620964138745,2.0,0.0,0.0,0.0,0.0,-0.06259900288620752,-0.021441965884817088,-0.06259900288620752,-0.021441965884817088,1.0246883630752563,0.6279970407485962,0.06414446979761124,0.013465491123497486,1.0,0.0,20.0,1.0,1.1409997940063477,1.4247784614562988,-0.0045370618794858125,0.0,0.0,0.0,0.0,15.249721765518188,15.269450664520264,15.289856195449829,528,8,0000000000000000,0,0,15.209321975708008,1,1,1,1,1,1779092754.4604115
15.301459121704186,2,s2_stop,0.0,0.0,1.4993572235107422,-0.06546363979578018,0.13783451914787292,3.6222891429848816,48.19044633333819,0.0,0.0,0.0,0.8934428488370703,0.44917688705219455,-0.6227399802837277,0.8379630237421978,0.0,0.0,0.0,0.028576620964138745,2.0,0.0,0.0,0.0,0.0,-0.05995263692129023,-0.015794158403336502,-0.05995263692129023,-0.015794158403336502,1.0205153226852417,0.6330862045288086,0.06118258461356163,0.009999063797295094,1.0,0.0,20.0,1.0,1.1426024436950684,1.382270336151123,0.014283445490603895,0.0,0.0,0.0,0.0,15.349567413330078,15.269450664520264,15.289856195449829,528,8,0000000000000000,0,0,15.309370756149292,1,1,1,1,1,1779092754.5597298
15.351459121704186,2,s2_stop,0.0,0.0,1.4993572235107422,-0.06546363979578018,0.13783451914787292,3.6179156746502983,48.19632908629941,0.0,0.0,0.0,0.8934833220579294,0.44909637407167563,-0.6189235349759378,0.8325141465771949,0.0,0.0,0.0,0.024807587444463187,2.0,0.0,0.0,0.0,0.0,-0.05995263692129023,-0.015794158403336502,-0.05995263692129023,-0.015794158403336502,1.0205153226852417,0.6330862045288086,0.06118258461356163,0.009999063797295094,1.0,0.0,20.0,1.0,1.1426024436950684,1.382270336151123,0.014283445490603895,0.0,0.0,0.0,0.0,15.349567413330078,15.369529008865356,15.389335870742798,528,8,0000000000000000,0,0,15.309370756149292,1,1,1,1,1,1779092754.5597298
15.401459121704187,2,s2_stop,0.0,0.0,1.4928556680679321,-0.07016138732433319,0.14719901978969574,3.6179156746502983,48.19632908629941,0.0,0.0,0.0,0.8934833220579294,0.44909637407167563,-0.6189235349759378,0.8325141465771949,0.0,0.0,0.0,0.024807587444463187,2.0,0.0,0.0,0.0,0.0,-0.057498850019577046,0.002068463740458015,-0.057498850019577046,0.002068463740458015,1.0013750791549683,0.6412491202354431,0.057577915489673615,-0.0013264005538076162,1.0,0.0,20.0,1.0,1.140972375869751,1.193037748336792,0.028576620964138745,0.0,0.0,0.0,0.0,15.449625730514526,15.369529008865356,15.389335870742798,528,8,0000000000000000,0,0,15.409255504608154,1,1,1,1,1,1779092754.6599097
15.451459121704188,2,s2_stop,0.0,0.0,1.4928556680679321,-0.07016138732433319,0.14719901978969574,3.617306311505637,48.19714869650223,0.0,0.0,0.0,0.8934891279478286,0.44908482298896346,-0.6110098673453392,0.8218250901644126,0.0,0.0,0.0,0.025310446426795394,2.0,0.0,0.0,0.0,0.0,-0.057498850019577046,0.002068463740458015,-0.057498850019577046,0.002068463740458015,1.0013750791549683,0.6412491202354431,0.057577915489673615,-0.0013264005538076162,1.0,0.0,20.0,1.0,1.140972375869751,1.193037748336792,0.028576620964138745,0.0,0.0,0.0,0.0,15.449625730514526,15.469513654708862,15.48941946029663,528,8,0000000000000000,0,0,15.409255504608154,1,1,1,1,1,1779092754.6599097
15.501459121704189,2,s2_stop,0.0,0.0,1.4948904514312744,-0.07312768697738647,0.13670916855335236,3.617306311505637,48.19714869650223,0.0,0.0,0.0,0.8934891279478286,0.44908482298896346,-0.6110098673453392,0.8218250901644126,0.0,0.0,0.0,0.025310446426795394,2.0,0.0,0.0,0.0,0.0,-0.056933078571337975,0.006907992336629163,-0.056933078571337975,0.006907992336629163,0.9915936589241028,0.6438514590263367,0.056454479694366455,-0.004447720944881439,1.0,0.0,20.0,1.0,1.14113450050354,0.9053014516830444,0.0049761237920597015,0.0,0.0,0.0,0.0,15.549586057662964,15.469513654708862,15.48941946029663,528,8,0000000000000000,0,0,15.509335994720459,1,1,1,1,1,1779092754.759972
15.55145912170419,2,s2_stop,0.0,0.0,1.4948904514312744,-0.07312768697738647,0.13670916855335236,3.611872384385488,48.20445350205579,0.0,0.0,0.0,0.893547628425455,0.44896841284799194,-0.6032860122224077,0.8109948689091806,0.0,0.0,0.0,0.028486776756475617,2.0,0.0,0.0,0.0,0.0,-0.056933078571337975,0.006907992336629163,-0.056933078571337975,0.006907992336629163,0.9915936589241028,0.6438514590263367,0.056454479694366455,-0.004447720944881439,1.0,0.0,20.0,1.0,1.14113450050354,0.9053014516830444,0.0049761237920597015,0.0,0.0,0.0,0.0,15.549586057662964,15.56947374343872,15.58931565284729,528,8,0000000000000000,0,0,15.509335994720459,1,1,1,1,1,1779092754.759972
15.60145912170419,2,s2_stop,0.0,0.0,1.4865330457687378,-0.07403243333101273,0.1286558359861374,3.611872384385488,48.20445350205579,0.0,0.0,0.0,0.893547628425455,0.44896841284799194,-0.6032860122224077,0.8109948689091806,0.0,0.0,0.0,0.028486776756475617,2.0,0.0,0.0,0.0,0.0,-0.05380376284989252,0.02666253074065795,-0.05380376284989252,0.02666253074065795,0.9706361293792725,0.6487489342689514,0.05222387611865997,-0.017297288402915,1.0,0.0,20.0,1.0,1.1410841941833496,0.6353353261947632,0.0015316342093153268,0.0,0.0,0.0,0.0,15.649746179580688,15.56947374343872,15.58931565284729,528,8,0000000000000000,0,0,15.60933780670166,1,1,1,1,1,1779092754.8599458
15.65145912170419,2,s2_stop,0.0,0.0,1.4865330457687378,-0.07403243333101273,0.1286558359861374,3.6107884350439816,48.20591048362783,0.0,0.0,0.0,0.8935599499128273,0.44894388949153274,-0.5953919668513427,0.8002912042353818,0.0,0.0,0.0,0.029016404631471832,2.0,0.0,0.0,0.0,0.0,-0.05380376284989252,0.02666253074065795,-0.05380376284989252,0.02666253074065795,0.9706361293792725,0.6487489342689514,0.05222387611865997,-0.017297288402915,1.0,0.0,20.0,1.0,1.1410841941833496,0.6353353261947632,0.0015316342093153268,0.0,0.0,0.0,0.0,15.649746179580688,15.669455766677856,15.689267873764038,528,8,0000000000000000,0,0,15.60933780670166,1,1,1,1,1,1779092754.8599458
15.701459121704191,2,s2_stop,0.0,0.0,1.4786051511764526,-0.07896023243665695,0.13708500564098358,3.6107884350439816,48.20591048362783,0.0,0.0,0.0,0.8935599499128273,0.44894388949153274,-0.5953919668513427,0.8002912042353818,0.0,0.0,0.0,0.029016404631471832,2.0,0.0,0.0,0.0,0.0,-0.049979754177572326,0.03874842790687423,-0.049979754177572326,0.03874842790687423,0.9594647884368896,0.649043619632721,0.04795381426811218,-0.025149419903755188,1.0,0.0,20.0,1.0,1.141268014907837,0.4394713044166565,0.01320469558399519,0.0,0.0,0.0,0.0,15.749534606933594,15.669455766677856,15.689267873764038,528,8,0000000000000000,0,0,15.709380865097046,1,1,1,1,1,1779092754.9601896
15.751459121704192,2,s2_stop,0.0,0.0,1.4786051511764526,-0.07896023243665695,0.13708500564098358,3.6060282591213153,48.21230598671283,0.0,0.0,0.0,0.8936078107628544,0.4488486165107546,-0.5876217709963605,0.7894953695560191,0.0,0.0,0.0,0.023187597437538825,2.0,0.0,0.0,0.0,0.0,-0.049979754177572326,0.03874842790687423,-0.049979754177572326,0.03874842790687423,0.9594647884368896,0.649043619632721,0.04795381426811218,-0.025149419903755188,1.0,0.0,20.0,1.0,1.141268014907837,0.4394713044166565,0.01320469558399519,0.0,0.0,0.0,0.0,15.749534606933594,15.7697274684906,15.789422988891602,528,8,0000000000000000,0,0,15.709380865097046,1,1,1,1,1,1779092754.9601896
15.801459121704193,2,s2_stop,0.0,0.0,1.4690991640090942,-0.08252265304327011,0.11937843263149261,3.6060282591213153,48.21230598671283,0.0,0.0,0.0,0.8936078107628544,0.4488486165107546,-0.5876217709963605,0.7894953695560191,0.0,0.0,0.0,0.023187597437538825,2.0,0.0,0.0,0.0,0.0,-0.04727725256918549,0.04251719975896033,-0.04727725256918549,0.04251719975896033,0.956006646156311,0.6486687660217285,0.045197367668151855,-0.02757957950234413,1.0,0.0,20.0,1.0,1.1409521102905273,0.2917105257511139,-0.008162393067677153,0.0,0.0,0.0,0.0,15.849700450897217,15.7697274684906,15.789422988891602,528,8,0000000000000000,0,0,15.809334754943848,1,1,1,1,1,1779092755.0596917
15.851459121704194,2,s2_stop,0.0,0.0,1.4690991640090942,-0.08252265304327011,0.11937843263149261,3.604809199358941,48.213943686467466,0.0,0.0,0.0,0.8936183104564459,0.4488277121758047,-0.5797173738737376,0.7787993913480997,0.0,0.0,0.0,0.021878124384761805,2.0,0.0,0.0,0.0,0.0,-0.04727725256918549,0.04251719975896033,-0.04727725256918549,0.04251719975896033,0.956006646156311,0.6486687660217285,0.045197367668151855,-0.02757957950234413,1.0,0.0,20.0,1.0,1.1409521102905273,0.2917105257511139,-0.008162393067677153,0.0,0.0,0.0,0.0,15.849700450897217,15.869570970535278,15.889294862747192,528,8,0000000000000000,0,0,15.809334754943848,1,1,1,1,1,1779092755.0596917
15.901459121704194,2,s2_stop,0.0,0.0,1.4585908651351929,-0.07520768791437149,0.10482781380414963,3.604809199358941,48.213943686467466,0.0,0.0,0.0,0.8936183104564459,0.4488277121758047,-0.5797173738737376,0.7787993913480997,0.0,0.0,0.0,0.021878124384761805,2.0,0.0,0.0,0.0,0.0,-0.04008701188988001,0.05142529861275304,-0.04008701188988001,0.05142529861275304,0.9493225812911987,0.6473793983459473,0.038055505603551865,-0.03329167887568474,1.0,0.0,20.0,1.0,1.1426310539245605,0.19251130521297455,0.0014680882093960265,0.0,0.0,0.0,0.0,15.949562072753906,15.869570970535278,15.889294862747192,528,8,0000000000000000,0,0,15.909353494644165,1,1,1,1,1,1779092755.159913
15.951459121704195,2,s2_stop,0.0,0.0,1.4585908651351929,-0.07520768791437149,0.10482781380414963,3.600444042098384,48.21980620613401,0.0,0.0,0.0,0.8936492149939814,0.44876617579831113,-0.5718818228512856,0.7680521532863092,0.0,0.0,0.0,0.01853038112148629,2.0,0.0,0.0,0.0,0.0,-0.04008701188988001,0.05142529861275304,-0.04008701188988001,0.05142529861275304,0.9493225812911987,0.6473793983459473,0.038055505603551865,-0.03329167887568474,1.0,0.0,20.0,1.0,1.1426310539245605,0.19251130521297455,0.0014680882093960265,0.0,0.0,0.0,0.0,15.949562072753906,15.969585418701172,15.989367723464966,528,8,0000000000000000,0,0,15.909353494644165,1,1,1,1,1,1779092755.159913
16.001459121704194,2,s2_stop,0.0,0.0,1.444772720336914,-0.08187683671712875,0.13720586895942688,3.600444042098384,48.21980620613401,0.0,0.0,0.0,0.8936492149939814,0.44876617579831113,-0.5718818228512856,0.7680521532863092,0.0,0.0,0.0,0.01853038112148629,2.0,0.0,0.0,0.0,0.0,-0.03666929904476354,0.057125785132683064,-0.03666929904476354,0.057125785132683064,0.9435669183731079,0.6476734280586243,0.03459993749856949,-0.03699885308742523,1.0,0.0,20.0,1.0,1.141188144683838,0.12033049017190933,0.001635326687044456,0.0,0.0,0.0,0.0,16.04963445663452,15.969585418701172,15.989367723464966,528,8,0000000000000000,0,0,16.009352684020996,1,1,1,1,1,1779092755.2599695
16.051459121704195,2,s2_stop,0.0,0.0,1.444772720336914,-0.08187683671712875,0.13720586895942688,3.59977350892526,48.22070672170307,0.0,0.0,0.0,0.8936525464253309,0.44875954170081084,-0.5639502647214572,0.7573763892811348,0.0,0.0,0.0,0.016866512457237935,2.0,0.0,0.0,0.0,0.0,-0.03666929904476354,0.057125785132683064,-0.03666929904476354,0.057125785132683064,0.9435669183731079,0.6476734280586243,0.03459993749856949,-0.03699885308742523,1.0,0.0,20.0,1.0,1.141188144683838,0.12033049017190933,0.001635326687044456,0.0,0.0,0.0,0.0,16.04963445663452,16.069555282592773,16.08935809135437,528,8,0000000000000000,0,0,16.009352684020996,1,1,1,1,1,1779092755.2599695
16.101459121704195,2,s2_stop,0.0,0.0,1.4322781562805176,-0.07471219450235367,0.12841451168060303,3.59977350892526,48.22070672170307,0.0,0.0,0.0,0.8936525464253309,0.44875954170081084,-0.5639502647214572,0.7573763892811348,0.0,0.0,0.0,0.016866512457237935,2.0,0.0,0.0,0.0,0.0,-0.03968697314377889,0.06698146789807015,-0.03968697314377889,0.06698146789807015,0.9405919909477234,0.6565818190574646,0.03732924908399582,-0.04397881403565407,1.0,0.0,20.0,1.0,1.1411783695220947,0.07573120296001434,-0.002358093599691175,0.0,0.0,0.0,0.0,16.149563789367676,16.069555282592773,16.08935809135437,528,8,0000000000000000,0,0,16.10934853553772,1,1,1,1,1,1779092755.3604314
16.151459121704196,2,s2_stop,0.0,0.0,1.4322781562805176,-0.07471219450235367,0.12841451168060303,3.594677715492454,48.22754857637423,0.0,0.0,0.0,0.8936795038564974,0.4487058550841571,-0.5521248941745498,0.7413091476502313,0.0,0.0,0.0,0.01278452482112045,2.0,0.0,0.0,0.0,0.0,-0.03968697314377889,0.06698146789807015,-0.03968697314377889,0.06698146789807015,0.9405919909477234,0.6565818190574646,0.03732924908399582,-0.04397881403565407,1.0,0.0,20.0,1.0,1.1411783695220947,0.07573120296001434,-0.002358093599691175,0.0,0.0,0.0,0.0,16.149563789367676,16.169533252716064,16.18937611579895,528,8,0000000000000000,0,0,16.10934853553772,1,1,1,1,1,1779092755.3604314
16.201459121704197,2,s2_stop,0.0,0.0,1.4220033884048462,-0.06376772373914719,0.12418808043003082,3.594677715492454,48.22754857637423,0.0,0.0,0.0,0.8936795038564974,0.4487058550841571,-0.5521248941745498,0.7413091476502313,0.0,0.0,0.0,0.01278452482112045,2.0,0.0,0.0,0.0,0.0,-0.08276356558910791,0.20481743176184505,-0.08276356558910791,0.20481743176184505,0.9948095083236694,0.8222872614860535,0.08233398199081421,-0.1684187650680542,1.0,0.0,20.0,1.0,1.140099048614502,0.04490560665726662,-0.002358093599691175,0.0,0.0,0.0,0.0,16.24971866607666,16.169533252716064,16.18937611579895,528,8,0000000000000000,0,0,16.209310054779053,1,1,1,1,1,1779092755.460017
16.251459121704197,2,s2_stop,0.0,0.0,1.4220033884048462,-0.06376772373914719,0.12418808043003082,3.592991612159839,48.22981221864941,0.0,0.0,0.0,0.8936890120226691,0.4486869173376304,-0.5442116161908943,0.7306197652440239,0.0,0.0,0.0,0.015129059426031101,2.0,0.0,0.0,0.0,0.0,-0.08276356558910791,0.20481743176184505,-0.08276356558910791,0.20481743176184505,0.9948095083236694,0.8222872614860535,0.08233398199081421,-0.1684187650680542,1.0,0.0,20.0,1.0,1.140099048614502,0.04490560665726662,-0.002358093599691175,0.0,0.0,0.0,0.0,16.24971866607666,16.26944136619568,16.28935408592224,528,8,0000000000000000,0,0,16.209310054779053,1,1,1,1,1,1779092755.460017
16.301459121704198,2,s2_stop,0.0,0.0,1.4209462404251099,-0.07355152070522308,0.14812368154525757,3.592991612159839,48.22981221864941,0.0,0.0,0.0,0.8936890120226691,0.4486869173376304,-0.5442116161908943,0.7306197652440239,0.0,0.0,0.0,0.015129059426031101,2.0,0.0,0.0,0.0,0.0,-0.08175896642774907,0.20637261466293455,-0.08175896642774907,0.20637261466293455,0.9936619400978088,0.8212128281593323,0.08124077320098877,-0.16947583854198456,1.0,0.0,20.0,1.0,1.1399753093719482,0.02910931408405304,-0.0019814547132909447,0.0,0.0,0.0,0.0,16.34959840774536,16.26944136619568,16.28935408592224,528,8,0000000000000000,0,0,16.309274435043335,1,1,1,1,1,1779092755.5600615
16.3514591217042,2,s2_stop,0.0,0.0,1.4209462404251099,-0.07355152070522308,0.14812368154525757,3.5888032423583702,48.23543349271233,0.0,0.0,0.0,0.8937221398777562,0.4486209276129732,-0.5363732355819314,0.7198745813147926,0.0,0.0,0.0,0.016976973690871512,2.0,0.0,0.0,0.0,0.0,-0.08175896642774907,0.20637261466293455,-0.08175896642774907,0.20637261466293455,0.9936619400978088,0.8212128281593323,0.08124077320098877,-0.16947583854198456,1.0,0.0,20.0,1.0,1.1399753093719482,0.02910931408405304,-0.0019814547132909447,0.0,0.0,0.0,0.0,16.34959840774536,16.36949372291565,16.389480352401733,528,8,0000000000000000,0,0,16.309274435043335,1,1,1,1,1,1779092755.5600615
16.4014591217042,2,s2_stop,0.0,0.0,1.430010199546814,-0.07356847077608109,0.11597926914691925,3.5888032423583702,48.23543349271233,0.0,0.0,0.0,0.8937221398777562,0.4486209276129732,-0.5363732355819314,0.7198745813147926,0.0,0.0,0.0,0.016976973690871512,2.0,0.0,0.0,0.0,0.0,-0.08119680359064246,0.20707018723236906,-0.08119680359064246,0.20707018723236906,0.9930249452590942,0.8208611011505127,0.08063045144081116,-0.1699758619070053,1.0,0.0,20.0,1.0,1.1402015686035156,0.014906330965459347,0.0011267290706213331,0.0,0.0,0.0,0.0,16.44968843460083,16.36949372291565,16.389480352401733,528,8,0000000000000000,0,0,16.40934133529663,1,1,1,1,1,1779092755.6598845
16.4514591217042,2,s2_stop,0.0,0.0,1.430010199546814,-0.07356847077608109,0.11597926914691925,3.587753088066636,48.236842807314545,0.0,0.0,0.0,0.8937307760156743,0.4486037226800738,-0.5284542707184531,0.7091894269128098,0.0,0.0,0.0,0.01735581342860073,2.0,0.0,0.0,0.0,0.0,-0.08119680359064246,0.20707018723236906,-0.08119680359064246,0.20707018723236906,0.9930249452590942,0.8208611011505127,0.08063045144081116,-0.1699758619070053,1.0,0.0,20.0,1.0,1.1402015686035156,0.014906330965459347,0.0011267290706213331,0.0,0.0,0.0,0.0,16.44968843460083,16.469508171081543,16.49052667617798,528,8,0000000000000000,0,0,16.40934133529663,1,1,1,1,1,1779092755.6598845
16.5014591217042,2,s2_stop,0.0,0.0,1.4348053932189941,-0.0522267147898674,0.12773942947387695,3.587753088066636,48.236842807314545,0.0,0.0,0.0,0.8937307760156743,0.4486037226800738,-0.5284542707184531,0.7091894269128098,0.0,0.0,0.0,0.01735581342860073,2.0,0.0,0.0,0.0,0.0,-0.0798161446939293,0.20850375104811208,-0.0798161446939293,0.20850375104811208,0.9914509654045105,0.8205425143241882,0.07913379371166229,-0.17108619213104248,1.0,0.0,20.0,1.0,1.1401734352111816,-0.0037532905116677284,-0.00030182008274018884,0.0,0.0,0.0,0.0,16.5495445728302,16.469508171081543,16.49052667617798,528,8,0000000000000000,0,0,16.509299755096436,1,1,1,1,1,1779092755.7599628
16.5514591217042,2,s2_stop,0.0,0.0,1.4348053932189941,-0.0522267147898674,0.12773942947387695,3.5835691710676296,48.242455986889325,0.0,0.0,0.0,0.8937626877318505,0.4485401409220122,-0.5206069717752391,0.6984508586453978,0.0,0.0,0.0,0.019733998649096366,2.0,0.0,0.0,0.0,0.0,-0.0798161446939293,0.20850375104811208,-0.0798161446939293,0.20850375104811208,0.9914509654045105,0.8205425143241882,0.07913379371166229,-0.17108619213104248,1.0,0.0,20.0,1.0,1.1401734352111816,-0.0037532905116677284,-0.00030182008274018884,0.0,0.0,0.0,0.0,16.5495445728302,16.569504022598267,16.58943796157837,528,8,0000000000000000,0,0,16.509299755096436,1,1,1,1,1,1779092755.7599628
16.601459121704202,2,s2_stop,0.0,0.0,1.4247784614562988,-0.06186503916978836,0.0995706170797348,3.5835691710676296,48.242455986889325,0.0,0.0,0.0,0.8937626877318505,0.4485401409220122,-0.5206069717752391,0.6984508586453978,0.0,0.0,0.0,0.019733998649096366,2.0,0.0,0.0,0.0,0.0,-0.0789422338637295,0.20963784313808165,-0.0789422338637295,0.20963784313808165,0.9906197190284729,0.8198984861373901,0.07820173352956772,-0.1718817502260208,1.0,0.0,20.0,1.0,1.140575885772705,-0.00584301445633173,0.0009106092326249861,0.0,0.0,0.0,0.0,16.64958167076111,16.569504022598267,16.58943796157837,528,8,0000000000000000,0,0,16.609349012374878,1,1,1,1,1,1779092755.8605309
16.651459121704203,2,s2_stop,0.0,0.0,1.4247784614562988,-0.06186503916978836,0.0995706170797348,3.5816434510503052,48.24503923677049,0.0,0.0,0.0,0.8937757035124257,0.4485142046924137,-0.5126986905892549,0.6877577319767484,0.0,0.0,0.0,0.019495038728265593,2.0,0.0,0.0,0.0,0.0,-0.0789422338637295,0.20963784313808165,-0.0789422338637295,0.20963784313808165,0.9906197190284729,0.8198984861373901,0.07820173352956772,-0.1718817502260208,1.0,0.0,20.0,1.0,1.140575885772705,-0.00584301445633173,0.0009106092326249861,0.0,0.0,0.0,0.0,16.64958167076111,16.669556140899658,16.68934392929077,528,8,0000000000000000,0,0,16.609349012374878,1,1,1,1,1,1779092755.8605309
16.701459121704204,2,s2_stop,0.0,0.0,1.382270336151123,-0.054971009492874146,0.11629753559827805,3.5816434510503052,48.24503923677049,0.0,0.0,0.0,0.8937757035124257,0.4485142046924137,-0.5126986905892549,0.6877577319767484,0.0,0.0,0.0,0.019495038728265593,2.0,0.0,0.0,0.0,0.0,-0.0785219606317801,0.21010778672162417,-0.0785219606317801,0.21010778672162417,0.9902418851852417,0.8196371793746948,0.07775573432445526,-0.172212153673172,1.0,0.0,20.0,1.0,1.140000343322754,0.0014436852652579546,-0.002470240636859002,0.0,0.0,0.0,0.0,16.74956226348877,16.669556140899658,16.68934392929077,528,8,0000000000000000,0,0,16.709518432617188,1,1,1,1,1,1779092755.960061
16.751459121704205,2,s2_stop,0.0,0.0,1.382270336151123,-0.054971009492874146,0.11629753559827805,3.5769712422287268,48.25130486873569,0.0,0.0,0.0,0.8938080265037337,0.44844978733131413,-0.5048474675833466,0.6770220577107895,0.0,0.0,0.0,0.014209362665289419,2.0,0.0,0.0,0.0,0.0,-0.0785219606317801,0.21010778672162417,-0.0785219606317801,0.21010778672162417,0.9902418851852417,0.8196371793746948,0.07775573432445526,-0.172212153673172,1.0,0.0,20.0,1.0,1.140000343322754,0.0014436852652579546,-0.002470240636859002,0.0,0.0,0.0,0.0,16.74956226348877,16.76984691619873,16.789467811584473,528,8,0000000000000000,0,0,16.709518432617188,1,1,1,1,1,1779092755.960061
16.801459121704205,2,s2_stop,0.0,0.0,1.193037748336792,-0.06944917887449265,0.12112320959568024,3.5769712422287268,48.25130486873569,0.0,0.0,0.0,0.8938080265037337,0.44844978733131413,-0.5048474675833466,0.6770220577107895,0.0,0.0,0.0,0.014209362665289419,2.0,0.0,0.0,0.0,0.0,-0.07779566552131711,0.21084780693126356,-0.07779566552131711,0.21084780693126356,0.989759624004364,0.8192949295043945,0.0769990086555481,-0.17274653911590576,1.0,0.0,20.0,1.0,1.1399810314178467,0.0017292387783527374,0.0006594411177244195,0.0,0.0,0.0,0.0,16.84962248802185,16.76984691619873,16.789467811584473,528,8,0000000000000000,0,0,16.809312105178833,1,1,1,1,1,1779092756.0600495
16.851459121704206,2,s2_stop,0.0,0.0,1.193037748336792,-0.06944917887449265,0.12112320959568024,3.5759541426832606,48.25266876166928,0.0,0.0,0.0,0.8938144141565489,0.44843705583502497,-0.4969160969069865,0.6663461370922781,0.0,0.0,0.0,0.0127749475680363,2.0,0.0,0.0,0.0,0.0,-0.07779566552131711,0.21084780693126356,-0.07779566552131711,0.21084780693126356,0.989759624004364,0.8192949295043945,0.0769990086555481,-0.17274653911590576,1.0,0.0,20.0,1.0,1.1399810314178467,0.0017292387783527374,0.0006594411177244195,0.0,0.0,0.0,0.0,16.84962248802185,16.869484424591064,16.88937020301819,528,8,0000000000000000,0,0,16.809312105178833,1,1,1,1,1,1779092756.0600495
16.901459121704207,2,s2_stop,0.0,0.0,0.9053014516830444,-0.06350982934236526,0.11620762199163437,3.5759541426832606,48.25266876166928,0.0,0.0,0.0,0.8938144141565489,0.44843705583502497,-0.4969160969069865,0.6663461370922781,0.0,0.0,0.0,0.0127749475680363,2.0,0.0,0.0,0.0,0.0,-0.07732454602522812,0.21142265385179734,-0.07732454602522812,0.21142265385179734,0.9893739223480225,0.8189353942871094,0.07650288939476013,-0.1731414943933487,1.0,0.0,20.0,1.0,1.1405458450317383,0.005021033808588982,0.0004249428324711578,0.0,0.0,0.0,0.0,16.94954562187195,16.869484424591064,16.88937020301819,528,8,0000000000000000,0,0,16.90937042236328,1,1,1,1,1,1779092756.160559
16.951459121704207,2,s2_stop,0.0,0.0,0.9053014516830444,-0.06350982934236526,0.11620762199163437,3.571131250296654,48.25913453476248,0.0,0.0,0.0,0.8938401277816124,0.44838580036320386,-0.48904063506224776,0.6556285162926232,0.0,0.0,0.0,0.006918094357086886,2.0,0.0,0.0,0.0,0.0,-0.07732454602522812,0.21142265385179734,-0.07732454602522812,0.21142265385179734,0.9893739223480225,0.8189353942871094,0.07650288939476013,-0.1731414943933487,1.0,0.0,20.0,1.0,1.1405458450317383,0.005021033808588982,0.0004249428324711578,0.0,0.0,0.0,0.0,16.94954562187195,16.96969771385193,16.989458799362183,528,8,0000000000000000,0,0,16.90937042236328,1,1,1,1,1,1779092756.160559
17.001459121704208,2,s2_stop,0.0,0.0,0.6353353261947632,-0.07419213652610779,0.12491010874509811,3.571131250296654,48.25913453476248,0.0,0.0,0.0,0.8938401277816124,0.44838580036320386,-0.48904063506224776,0.6556285162926232,0.0,0.0,0.0,0.006918094357086886,2.0,0.0,0.0,0.0,0.0,-0.07707078152631099,0.21163945941964343,-0.07707078152631099,0.21163945941964343,0.9891917705535889,0.8189001083374023,0.07623778283596039,-0.17331157624721527,1.0,0.0,20.0,1.0,1.140045404434204,0.005323090124875307,0.0005096506761916075,0.0,0.0,0.0,0.0,17.049633026123047,16.96969771385193,16.989458799362183,528,8,0000000000000000,0,0,17.009302377700806,1,1,1,1,1,1779092756.2603986
17.05145912170421,2,s2_stop,0.0,0.0,0.6353353261947632,-0.07419213652610779,0.12491010874509811,3.5696861093118435,48.261071892355545,0.0,0.0,0.0,0.8938434224102101,0.4483792325855455,-0.4771222145114402,0.6396305653351636,0.0,0.0,0.0,0.0049761237920597015,2.0,0.0,0.0,0.0,0.0,-0.07707078152631099,0.21163945941964343,-0.07707078152631099,0.21163945941964343,0.9891917705535889,0.8189001083374023,0.07623778283596039,-0.17331157624721527,1.0,0.0,20.0,1.0,1.140045404434204,0.005323090124875307,0.0005096506761916075,0.0,0.0,0.0,0.0,17.049633026123047,17.06951355934143,17.089276552200317,528,8,0000000000000000,0,0,17.009302377700806,1,1,1,1,1,1779092756.2603986
17.10145912170421,2,s2_stop,0.0,0.0,0.4394713044166565,-0.07273562252521515,0.10985332727432251,3.5696861093118435,48.261071892355545,0.0,0.0,0.0,0.8938434224102101,0.4483792325855455,-0.4771222145114402,0.6396305653351636,0.0,0.0,0.0,0.0049761237920597015,2.0,0.0,0.0,0.0,0.0,-0.07657181982322576,0.21202159752547306,-0.07657181982322576,0.21202159752547306,0.9888395071029663,0.8189678192138672,0.07571724057197571,-0.17363886535167694,1.0,0.0,20.0,1.0,1.1398029327392578,0.0024781248066574335,-0.0013500727920549818,0.0,0.0,0.0,0.0,17.149590492248535,17.06951355934143,17.089276552200317,528,8,0000000000000000,0,0,17.109474182128906,1,1,1,1,1,1779092756.360029
17.15145912170421,2,s2_stop,0.0,0.0,0.4394713044166565,-0.07273562252521515,0.10985332727432251,3.5659068198644577,48.26613887583323,0.0,0.0,0.0,0.8938335850511794,0.4483988428113482,-0.4651667942110091,0.6236602127059873,0.0,0.0,0.0,-0.00560959016932287,2.0,0.0,0.0,0.0,0.0,-0.07657181982322576,0.21202159752547306,-0.07657181982322576,0.21202159752547306,0.9888395071029663,0.8189678192138672,0.07571724057197571,-0.17363886535167694,1.0,0.0,20.0,1.0,1.1398029327392578,0.0024781248066574335,-0.0013500727920549818,0.0,0.0,0.0,0.0,17.149590492248535,17.169577598571777,17.189421892166138,528,8,0000000000000000,0,0,17.109474182128906,1,1,1,1,1,1779092756.360029
17.20145912170421,2,s2_stop,0.0,0.0,0.2917105257511139,-0.07457686215639114,0.11624646931886673,3.5659068198644577,48.26613887583323,0.0,0.0,0.0,0.8938335850511794,0.4483988428113482,-0.4651667942110091,0.6236602127059873,0.0,0.0,0.0,-0.00560959016932287,2.0,0.0,0.0,0.0,0.0,-0.07633170170706456,0.21219935760679345,-0.07633170170706456,0.21219935760679345,0.9887188076972961,0.8189972639083862,0.07547058910131454,-0.17379069328308105,1.0,0.0,20.0,1.0,1.1400856971740723,0.0029492382891476154,-0.0013590926169474847,0.0,0.0,0.0,0.0,17.24959659576416,17.169577598571777,17.189421892166138,528,8,0000000000000000,0,0,17.209260940551758,1,1,1,1,1,1779092756.4600115
17.25145912170421,2,s2_stop,0.0,0.0,0.2917105257511139,-0.07457686215639114,0.11624646931886673,3.5640516725942635,48.268626262420746,0.0,0.0,0.0,0.893827260470672,0.4484114499424535,-0.4571979326614599,0.6130122518117249,0.0,0.0,0.0,-0.007767170719060871,2.0,0.0,0.0,0.0,0.0,-0.07633170170706456,0.21219935760679345,-0.07633170170706456,0.21219935760679345,0.9887188076972961,0.8189972639083862,0.07547058910131454,-0.17379069328308105,1.0,0.0,20.0,1.0,1.1400856971740723,0.0029492382891476154,-0.0013590926169474847,0.0,0.0,0.0,0.0,17.24959659576416,17.269500494003296,17.28931736946106,528,8,0000000000000000,0,0,17.209260940551758,1,1,1,1,1,1779092756.4600115
17.301459121704212,2,s2_stop,0.0,0.0,0.19251130521297455,-0.07329283654689789,0.11459749937057495,3.5640516725942635,48.268626262420746,0.0,0.0,0.0,0.893827260470672,0.4484114499424535,-0.4571979326614599,0.6130122518117249,0.0,0.0,0.0,-0.007767170719060871,2.0,0.0,0.0,0.0,0.0,-0.07624486184024147,0.21226997450318918,-0.07624486184024147,0.21226997450318918,0.988657534122467,0.8190001249313354,0.07538005709648132,-0.17384913563728333,1.0,0.0,20.0,1.0,1.1401000022888184,0.006301140412688255,0.0010534706834023175,0.0,0.0,0.0,0.0,17.349565744400024,17.269500494003296,17.28931736946106,528,8,0000000000000000,0,0,17.309582948684692,1,1,1,1,1,1779092756.5599499
17.351459121704213,2,s2_stop,0.0,0.0,0.19251130521297455,-0.07329283654689789,0.11459749937057495,3.5596112644864797,48.274581090068935,0.0,0.0,0.0,0.8938071177798829,0.4484515985098265,-0.4491925495178763,0.6023915253514672,0.0,0.0,0.0,-0.009461674985460154,2.0,0.0,0.0,0.0,0.0,-0.07624486184024147,0.21226997450318918,-0.07624486184024147,0.21226997450318918,0.988657534122467,0.8190001249313354,0.07538005709648132,-0.17384913563728333,1.0,0.0,20.0,1.0,1.1401000022888184,0.006301140412688255,0.0010534706834023175,0.0,0.0,0.0,0.0,17.349565744400024,17.36946129798889,17.389432907104492,528,8,0000000000000000,0,0,17.309582948684692,1,1,1,1,1,1779092756.5599499
17.401459121704214,2,s2_stop,0.0,0.0,0.12033049017190933,-0.07461736351251602,0.11396175622940063,3.5596112644864797,48.274581090068935,0.0,0.0,0.0,0.8938071177798829,0.4484515985098265,-0.4491925495178763,0.6023915253514672,0.0,0.0,0.0,-0.009461674985460154,2.0,0.0,0.0,0.0,0.0,-0.07623834711568919,0.2123946670467551,-0.07623834711568919,0.2123946670467551,0.9886423349380493,0.8187981843948364,0.07537245750427246,-0.17390836775302887,1.0,0.0,20.0,1.0,1.1407263278961182,0.006740140728652477,0.0024658204260286963,0.0,0.0,0.0,0.0,17.449645280838013,17.36946129798889,17.389432907104492,528,8,0000000000000000,0,0,17.409289598464966,1,1,1,1,1,1779092756.6600835
17.451459121704215,2,s2_stop,0.0,0.0,0.12033049017190933,-0.07461736351251602,0.11396175622940063,3.557841376111809,48.276954830456816,0.0,0.0,0.0,0.8937969652472844,0.44847183291121495,-0.4412154466231877,0.5917497060239691,0.0,0.0,0.0,-0.010784345141339174,2.0,0.0,0.0,0.0,0.0,-0.07623834711568919,0.2123946670467551,-0.07623834711568919,0.2123946670467551,0.9886423349380493,0.8187981843948364,0.07537245750427246,-0.17390836775302887,1.0,0.0,20.0,1.0,1.1407263278961182,0.006740140728652477,0.0024658204260286963,0.0,0.0,0.0,0.0,17.449645280838013,17.46950626373291,17.48928689956665,528,8,0000000000000000,0,0,17.409289598464966,1,1,1,1,1,1779092756.6600835
17.501459121704215,2,s2_stop,0.0,0.0,0.07573120296001434,-0.0689191147685051,0.11524398624897003,3.557841376111809,48.276954830456816,0.0,0.0,0.0,0.8937969652472844,0.44847183291121495,-0.4412154466231877,0.5917497060239691,0.0,0.0,0.0,-0.010784345141339174,2.0,0.0,0.0,0.0,0.0,-0.07618352720165239,0.2123947054810654,-0.07618352720165239,0.2123947054810654,0.9886538982391357,0.8188564777374268,0.07531914114952087,-0.17392078042030334,1.0,0.0,20.0,1.0,1.1400296688079834,0.0077387485653162,-0.0011434834079114302,0.0,0.0,0.0,0.0,17.549622535705566,17.46950626373291,17.48928689956665,528,8,0000000000000000,0,0,17.50940203666687,1,1,1,1,1,1779092756.7600043
17.551459121704216,2,s2_stop,0.0,0.0,0.07573120296001434,-0.0689191147685051,0.11524398624897003,3.553438442970169,48.282861389514615,0.0,0.0,0.0,0.8937709560783925,0.4485236650063363,-0.4331982192754771,0.5811377969121412,0.0,0.0,0.0,-0.008492701152866005,2.0,0.0,0.0,0.0,0.0,-0.07618352720165239,0.2123947054810654,-0.07618352720165239,0.2123947054810654,0.9886538982391357,0.8188564777374268,0.07531914114952087,-0.17392078042030334,1.0,0.0,20.0,1.0,1.1400296688079834,0.0077387485653162,-0.0011434834079114302,0.0,0.0,0.0,0.0,17.549622535705566,17.56951904296875,17.589534282684326,528,8,0000000000000000,0,0,17.50940203666687,1,1,1,1,1,1779092756.7600043
17.601459121704217,2,s2_stop,0.0,0.0,0.04490560665726662,-0.07011336833238602,0.11478719860315323,3.553438442970169,48.282861389514615,0.0,0.0,0.0,0.8937709560783925,0.4485236650063363,-0.4331982192754771,0.5811377969121412,0.0,0.0,0.0,-0.008492701152866005,2.0,0.0,0.0,0.0,0.0,-0.07617159216076852,0.21241025276699102,-0.07617159216076852,0.21241025276699102,0.9886521100997925,0.8188502788543701,0.0753072053194046,-0.17393219470977783,1.0,0.0,20.0,1.0,1.139862060546875,0.008185043931007385,0.0006526322047156828,0.0,0.0,0.0,0.0,17.649719953536987,17.56951904296875,17.589534282684326,528,8,0000000000000000,0,0,17.60929226875305,1,1,1,1,1,1779092756.8599577
17.651459121704217,2,s2_stop,0.0,0.0,0.04490560665726662,-0.07011336833238602,0.11478719860315323,3.551814273561511,48.28504034053572,0.0,0.0,0.0,0.8937650962818272,0.44853534160457864,-0.42523472206061697,0.5704858291900273,0.0,0.0,0.0,-0.0044601103211117646,2.0,0.0,0.0,0.0,0.0,-0.07617159216076852,0.21241025276699102,-0.07617159216076852,0.21241025276699102,0.9886521100997925,0.8188502788543701,0.0753072053194046,-0.17393219470977783,1.0,0.0,20.0,1.0,1.139862060546875,0.008185043931007385,0.0006526322047156828,0.0,0.0,0.0,0.0,17.649719953536987,17.66950225830078,17.68925666809082,528,8,0000000000000000,0,0,17.60929226875305,1,1,1,1,1,1779092756.8599577
17.701459121704218,2,s2_stop,0.0,0.0,0.02910931408405304,-0.06555713713169098,0.11526113003492355,3.551814273561511,48.28504034053572,0.0,0.0,0.0,0.8937650962818272,0.44853534160457864,-0.42523472206061697,0.5704858291900273,0.0,0.0,0.0,-0.0044601103211117646,2.0,0.0,0.0,0.0,0.0,-0.0760706820812246,0.21247401245131475,-0.0760706820812246,0.21247401245131475,0.9885284304618835,0.8189244270324707,0.07519803196191788,-0.17400015890598297,1.0,0.0,20.0,1.0,1.1404180526733398,0.003809071611613035,0.0004429424150504379,0.0,0.0,0.0,0.0,17.749574661254883,17.66950225830078,17.68925666809082,528,8,0000000000000000,0,0,17.709486484527588,1,1,1,1,1,1779092756.9605129
17.75145912170422,2,s2_stop,0.0,0.0,0.02910931408405304,-0.06555713713169098,0.11526113003492355,3.5476762014867695,48.290591628941534,0.0,0.0,0.0,0.8937701444492484,0.4485252823321887,-0.4133247346012641,0.5544815956763594,0.0,0.0,0.0,0.0024019904143780945,2.0,0.0,0.0,0.0,0.0,-0.0760706820812246,0.21247401245131475,-0.0760706820812246,0.21247401245131475,0.9885284304618835,0.8189244270324707,0.07519803196191788,-0.17400015890598297,1.0,0.0,20.0,1.0,1.1404180526733398,0.003809071611613035,0.0004429424150504379,0.0,0.0,0.0,0.0,17.749574661254883,17.769571542739868,17.789496421813965,528,8,0000000000000000,0,0,17.709486484527588,1,1,1,1,1,1779092756.9605129
17.80145912170422,2,s2_stop,0.0,0.0,0.014906330965459347,-0.06613174080848694,0.11563104391098022,3.5476762014867695,48.290591628941534,0.0,0.0,0.0,0.8937701444492484,0.4485252823321887,-0.4133247346012641,0.5544815956763594,0.0,0.0,0.0,0.0024019904143780945,2.0,0.0,0.0,0.0,0.0,-0.07606313608413201,0.21242945361062732,-0.07606313608413201,0.21242945361062732,0.9885647892951965,0.8190038204193115,0.07519333809614182,-0.17398053407669067,1.0,0.0,20.0,1.0,1.140127182006836,0.0037747996393591166,-0.0015416898099623168,0.0,0.0,0.0,0.0,17.84989881515503,17.769571542739868,17.789496421813965,528,8,0000000000000000,0,0,17.809370040893555,1,1,1,1,1,1779092757.0599988
17.85145912170422,2,s2_stop,0.0,0.0,0.014906330965459347,-0.06613174080848694,0.11563104391098022,3.5464787348167595,48.29219799587222,0.0,0.0,0.0,0.8937737122889262,0.4485181726767285,-0.3934617504027322,0.5278175670081442,0.0,0.0,0.0,0.001659373548697949,2.0,0.0,0.0,0.0,0.0,-0.07606313608413201,0.21242945361062732,-0.07606313608413201,0.21242945361062732,0.9885647892951965,0.8190038204193115,0.07519333809614182,-0.17398053407669067,1.0,0.0,20.0,1.0,1.140127182006836,0.0037747996393591166,-0.0015416898099623168,0.0,0.0,0.0,0.0,17.84989881515503,17.869626760482788,17.8894259929657,528,8,0000000000000000,0,0,17.809370040893555,1,1,1,1,1,1779092757.0599988
17.90145912170422,2,s2_stop,0.0,0.0,-0.0037532905116677284,-0.06769401580095291,0.11557646095752716,3.5464787348167595,48.29219799587222,0.0,0.0,0.0,0.8937737122889262,0.4485181726767285,-0.3934617504027322,0.5278175670081442,0.0,0.0,0.0,0.001659373548697949,2.0,0.0,0.0,0.0,0.0,-0.07608781897665796,0.2124133767120242,-0.07608781897665796,0.2124133767120242,0.9885798692703247,0.8189908862113953,0.07521888613700867,-0.17396461963653564,1.0,0.0,20.0,1.0,1.1396245956420898,0.009104636497795582,0.0013107973182971775,0.0,0.0,0.0,0.0,17.949695825576782,17.869626760482788,17.8894259929657,528,8,0000000000000000,0,0,17.909424543380737,1,1,1,1,1,1779092757.160165
17.95145912170422,2,s2_stop,0.0,0.0,-0.0037532905116677284,-0.06769401580095291,0.11557646095752716,3.54168814622373,48.29862506111907,0.0,0.0,0.0,0.8937631932670373,0.4485391335893763,-0.35766999355791623,0.4798509287108091,0.0,0.0,0.0,-0.007128429416415094,2.0,0.0,0.0,0.0,0.0,-0.07608781897665796,0.2124133767120242,-0.07608781897665796,0.2124133767120242,0.9885798692703247,0.8189908862113953,0.07521888613700867,-0.17396461963653564,1.0,0.0,20.0,1.0,1.1396245956420898,0.009104636497795582,0.0013107973182971775,0.0,0.0,0.0,0.0,17.949695825576782,17.969489336013794,17.98941206932068,528,8,0000000000000000,0,0,17.909424543380737,1,1,1,1,1,1779092757.160165
