timestamp_ns,timestamp_sec_from_start,topic,angular.x,angular.y,angular.z,linear.x,linear.y,linear.z
1768890673903174948,6.349544853,/aiformula_control/game_pad/cmd_vel,0.0,0.0,-0.0,0.5641477108001709,0.0,0.0
1768890673969205888,6.415575793,/aiformula_control/game_pad/cmd_vel,0.0,0.0,-0.0,0.6228304505348206,0.0,0.0
1768890674020255038,6.466624943,/aiformula_control/game_pad/cmd_vel,0.0,0.0,-0.0,0.6814259886741638,0.0,0.0
1768890674084146828,6.530516733,/aiformula_control/game_pad/cmd_vel,0.0,0.0,-0.0,0.8865103721618652,0.0,0.0
1768890674130099435,6.57646934,/aiformula_control/game_pad/cmd_vel,0.0,0.0,-0.0,1.2088730335235596,0.0,0.0
1768890674187222159,6.633592064,/aiformula_control/game_pad/cmd_vel,0.0,0.0,-0.0,1.5605334043502808,0.0,0.0
1768890674232624458,6.678994363,/aiformula_control/game_pad/cmd_vel,0.0,0.0,-0.0,1.7657049894332886,0.0,0.0
1768890674277932708,6.724302613,/aiformula_control/game_pad/cmd_vel,0.0,0.0,-0.0,1.8243005275726318,0.0,0.0
1768890674326850805,6.77322071,/aiformula_control/game_pad/cmd_vel,0.0,0.0,-0.0,1.912193775177002,0.0,0.0
1768890674371522507,6.817892412,/aiformula_control/game_pad/cmd_vel,0.0,0.0,-0.0,1.9999998807907104,0.0,0.0
1768890674408560690,6.854930595,/aiformula_control/game_pad/cmd_vel,0.0,0.0,0.0238240547478199,1.9999998807907104,0.0,0.0
1768890674460688375,6.90705828,/aiformula_control/game_pad/cmd_vel,0.0,0.0,0.038472939282655716,1.9999998807907104,0.0,0.0
1768890674518207678,6.964577583,/aiformula_control/game_pad/cmd_vel,0.0,0.0,0.06779250502586365,1.9999998807907104,0.0,0.0
1768890674562426769,7.008796674,/aiformula_control/game_pad/cmd_vel,0.0,0.0,0.08244138956069946,1.9999998807907104,0.0,0.0
1768890674609874329,7.056244234,/aiformula_control/game_pad/cmd_vel,0.0,0.0,0.119063600897789,1.9999998807907104,0.0,0.0
1768890674675141456,7.121511361,/aiformula_control/game_pad/cmd_vel,0.0,0.0,0.1263880431652069,1.9999998807907104,0.0,0.0
1768890674733825278,7.180195183,/aiformula_control/game_pad/cmd_vel,0.0,0.0,0.1263880431652069,1.9999998807907104,0.0,0.0
1768890674777845648,7.224215553,/aiformula_control/game_pad/cmd_vel,0.0,0.0,0.13371248543262482,1.9999998807907104,0.0,0.0
1768890674803462096,7.249832001,/aiformula_control/game_pad/cmd_vel,0.0,0.0,0.13371248543262482,1.9999998807907104,0.0,0.0
1768890674866575993,7.312945898,/aiformula_control/game_pad/cmd_vel,0.0,0.0,0.13371248543262482,1.9999998807907104,0.0,0.0
1768890674921546864,7.367916769,/aiformula_control/game_pad/cmd_vel,0.0,0.0,0.119063600897789,1.9999998807907104,0.0,0.0
1768890674966220070,7.412589975,/aiformula_control/game_pad/cmd_vel,0.0,0.0,0.08976583182811737,1.9999998807907104,0.0,0.0
1768890674994254069,7.440623974,/aiformula_control/game_pad/cmd_vel,0.0,0.0,0.05312182381749153,1.9999998807907104,0.0,0.0
1768890675020429048,7.466798953,/aiformula_control/game_pad/cmd_vel,0.0,0.0,0.0238240547478199,1.9999998807907104,0.0,0.0
1768890675068838310,7.515208215,/aiformula_control/game_pad/cmd_vel,0.0,0.0,0.001850729575380683,1.9999998807907104,0.0,0.0
1768890675118481275,7.56485118,/aiformula_control/game_pad/cmd_vel,0.0,0.0,-0.0,1.9999998807907104,0.0,0.0
1768890675155723267,7.602093172,/aiformula_control/game_pad/cmd_vel,0.0,0.0,-0.0,1.9999998807907104,0.0,0.0
1768890675200667035,7.64703694,/aiformula_control/game_pad/cmd_vel,0.0,0.0,-0.0,1.9999998807907104,0.0,0.0
1768890675224200686,7.670570591,/aiformula_control/game_pad/cmd_vel,0.0,0.0,-0.0,1.9999998807907104,0.0,0.0
1768890675437455359,7.883825264,/aiformula_control/game_pad/cmd_vel,0.0,0.0,-0.0,1.9999998807907104,0.0,0.0
1768890675576891908,8.023261813,/aiformula_control/game_pad/cmd_vel,0.0,0.0,-0.0,1.9999998807907104,0.0,0.0
1768890675633849959,8.080219864,/aiformula_control/game_pad/cmd_vel,0.0,0.0,-0.0,1.9999998807907104,0.0,0.0
1768890675764140339,8.210510244,/aiformula_control/game_pad/cmd_vel,0.0,0.0,-0.0,1.9999998807907104,0.0,0.0
1768890675810231698,8.256601603,/aiformula_control/game_pad/cmd_vel,0.0,0.0,-0.0,1.9999998807907104,0.0,0.0
1768890675852198744,8.298568649,/aiformula_control/game_pad/cmd_vel,0.0,0.0,-0.0,1.9999998807907104,0.0,0.0
1768890675978194217,8.424564122,/aiformula_control/game_pad/cmd_vel,0.0,0.0,-0.0,1.9999998807907104,0.0,0.0
1768890676004919184,8.451289089,/aiformula_control/game_pad/cmd_vel,0.0,0.0,-0.0,1.9999998807907104,0.0,0.0
1768890676070965547,8.517335452,/aiformula_control/game_pad/cmd_vel,0.0,0.0,-0.0,1.9999998807907104,0.0,0.0
1768890676116541159,8.562911064,/aiformula_control/game_pad/cmd_vel,0.0,0.0,-0.0,1.9999998807907104,0.0,0.0
1768890676169038159,8.615408064,/aiformula_control/game_pad/cmd_vel,0.0,0.0,-0.0,1.9999998807907104,0.0,0.0
1768890676206658361,8.653028266,/aiformula_control/game_pad/cmd_vel,0.0,0.0,-0.0,1.9999998807907104,0.0,0.0
1768890676254350402,8.700720307,/aiformula_control/game_pad/cmd_vel,0.0,0.0,-0.0,1.9999998807907104,0.0,0.0
1768890676305850979,8.752220884,/aiformula_control/game_pad/cmd_vel,0.0,0.0,-0.0,1.9999998807907104,0.0,0.0
1768890676378775146,8.825145051,/aiformula_control/game_pad/cmd_vel,0.0,0.0,-0.0,1.9999998807907104,0.0,0.0
1768890676408472771,8.854842676,/aiformula_control/game_pad/cmd_vel,0.0,0.0,-0.0,1.9999998807907104,0.0,0.0
1768890676476078728,8.922448633,/aiformula_control/game_pad/cmd_vel,0.0,0.0,-0.0,1.9999998807907104,0.0,0.0
1768890676523574000,8.969943905,/aiformula_control/game_pad/cmd_vel,0.0,0.0,-0.0,1.9999998807907104,0.0,0.0
1768890676607213466,9.053583371,/aiformula_control/game_pad/cmd_vel,0.0,0.0,-0.0,1.9999998807907104,0.0,0.0
1768890676650575848,9.096945753,/aiformula_control/game_pad/cmd_vel,0.0,0.0,-0.0,1.9999998807907104,0.0,0.0
1768890676716243009,9.162612914,/aiformula_control/game_pad/cmd_vel,0.0,0.0,-0.0,1.9999998807907104,0.0,0.0
1768890676740379416,9.186749321,/aiformula_control/game_pad/cmd_vel,0.0,0.0,-0.0,1.9999998807907104,0.0,0.0
1768890676792110074,9.238479979,/aiformula_control/game_pad/cmd_vel,0.0,0.0,-0.0,1.9999998807907104,0.0,0.0
1768890676841222796,9.287592701,/aiformula_control/game_pad/cmd_vel,0.0,0.0,-0.0,1.9999998807907104,0.0,0.0
1768890676919425236,9.365795141,/aiformula_control/game_pad/cmd_vel,0.0,0.0,-0.0,1.9999998807907104,0.0,0.0
1768890676945443158,9.391813063,/aiformula_control/game_pad/cmd_vel,0.0,0.0,-0.0,1.9999998807907104,0.0,0.0
1768890677019241282,9.465611187,/aiformula_control/game_pad/cmd_vel,0.0,0.0,-0.0,1.9999998807907104,0.0,0.0
1768890677072166892,9.518536797,/aiformula_control/game_pad/cmd_vel,0.0,0.0,-0.0,1.9999998807907104,0.0,0.0
1768890677103615344,9.549985249,/aiformula_control/game_pad/cmd_vel,0.0,0.0,-0.0,1.9999998807907104,0.0,0.0
1768890677155427667,9.601797572,/aiformula_control/game_pad/cmd_vel,0.0,0.0,-0.0,1.9999998807907104,0.0,0.0
1768890677203914625,9.65028453,/aiformula_control/game_pad/cmd_vel,0.0,0.0,-0.0,1.9999998807907104,0.0,0.0
1768890677278240336,9.724610241,/aiformula_control/game_pad/cmd_vel,0.0,0.0,-0.0,1.9999998807907104,0.0,0.0
1768890677318454731,9.764824636,/aiformula_control/game_pad/cmd_vel,0.0,0.0,-0.0,1.9999998807907104,0.0,0.0
1768890677395770124,9.842140029,/aiformula_control/game_pad/cmd_vel,0.0,0.0,-0.0,1.9999998807907104,0.0,0.0
1768890677415184709,9.861554614,/aiformula_control/game_pad/cmd_vel,0.0,0.0,-0.0,1.9999998807907104,0.0,0.0
1768890677464915675,9.91128558,/aiformula_control/game_pad/cmd_vel,0.0,0.0,-0.0,1.9999998807907104,0.0,0.0
1768890677519003501,9.965373406,/aiformula_control/game_pad/cmd_vel,0.0,0.0,-0.0,1.9999998807907104,0.0,0.0
1768890677615596423,10.061966328,/aiformula_control/game_pad/cmd_vel,0.0,0.0,-0.0,1.9999998807907104,0.0,0.0
1768890677676398370,10.122768275,/aiformula_control/game_pad/cmd_vel,0.0,0.0,-0.0,1.9999998807907104,0.0,0.0
1768890677751327509,10.197697414,/aiformula_control/game_pad/cmd_vel,0.0,0.0,-0.0,1.9999998807907104,0.0,0.0
1768890677773918625,10.22028853,/aiformula_control/game_pad/cmd_vel,0.0,0.0,-0.0,1.9999998807907104,0.0,0.0
1768890677796228588,10.242598493,/aiformula_control/game_pad/cmd_vel,0.0,0.0,-0.0,1.9999998807907104,0.0,0.0
1768890677811508172,10.257878077,/aiformula_control/game_pad/cmd_vel,0.0,0.0,-0.0,1.9999998807907104,0.0,0.0
1768890677870029016,10.316398921,/aiformula_control/game_pad/cmd_vel,0.0,0.0,-0.0,1.9999998807907104,0.0,0.0
1768890677926482296,10.372852201,/aiformula_control/game_pad/cmd_vel,0.0,0.0,-0.0,1.9999998807907104,0.0,0.0
1768890678018815896,10.465185801,/aiformula_control/game_pad/cmd_vel,0.0,0.0,-0.0,1.9999998807907104,0.0,0.0
1768890678069796181,10.516166086,/aiformula_control/game_pad/cmd_vel,0.0,0.0,-0.0,1.9999998807907104,0.0,0.0
1768890678103133317,10.549503222,/aiformula_control/game_pad/cmd_vel,0.0,0.0,-0.0,1.9999998807907104,0.0,0.0
1768890678151580659,10.597950564,/aiformula_control/game_pad/cmd_vel,0.0,0.0,-0.0,1.9999998807907104,0.0,0.0
1768890678212113292,10.658483197,/aiformula_control/game_pad/cmd_vel,0.0,0.0,-0.0,1.9999998807907104,0.0,0.0
1768890678256084767,10.702454672,/aiformula_control/game_pad/cmd_vel,0.0,0.0,-0.0,1.9999998807907104,0.0,0.0
1768890678286417276,10.732787181,/aiformula_control/game_pad/cmd_vel,0.0,0.0,-0.0,1.9999998807907104,0.0,0.0
1768890678316147381,10.762517286,/aiformula_control/game_pad/cmd_vel,0.0,0.0,-0.0,1.9999998807907104,0.0,0.0
1768890678405280096,10.851650001,/aiformula_control/game_pad/cmd_vel,0.0,0.0,-0.0,1.9999998807907104,0.0,0.0
1768890678431037313,10.877407218,/aiformula_control/game_pad/cmd_vel,0.0,0.0,-0.0,1.9999998807907104,0.0,0.0
1768890678476161338,10.922531243,/aiformula_control/game_pad/cmd_vel,0.0,0.0,-0.0,1.9999998807907104,0.0,0.0
1768890678529039300,10.975409205,/aiformula_control/game_pad/cmd_vel,0.0,0.0,-0.0,1.9999998807907104,0.0,0.0
1768890678581856781,11.028226686,/aiformula_control/game_pad/cmd_vel,0.0,0.0,-0.0,1.9999998807907104,0.0,0.0
1768890678626635364,11.073005269,/aiformula_control/game_pad/cmd_vel,0.0,0.0,-0.0,1.9999998807907104,0.0,0.0
1768890678681649947,11.128019852,/aiformula_control/game_pad/cmd_vel,0.0,0.0,-0.0,1.9999998807907104,0.0,0.0
1768890678747916632,11.194286537,/aiformula_control/game_pad/cmd_vel,0.0,0.0,-0.0,1.9999998807907104,0.0,0.0
1768890678790056831,11.236426736,/aiformula_control/game_pad/cmd_vel,0.0,0.0,-0.0,1.9999998807907104,0.0,0.0
1768890678822834635,11.26920454,/aiformula_control/game_pad/cmd_vel,0.0,0.0,-0.0,1.9999998807907104,0.0,0.0
1768890678874291596,11.320661501,/aiformula_control/game_pad/cmd_vel,0.0,0.0,-0.0,1.9999998807907104,0.0,0.0
1768890678936038412,11.382408317,/aiformula_control/game_pad/cmd_vel,0.0,0.0,-0.0,1.9999998807907104,0.0,0.0
1768890678986605128,11.432975033,/aiformula_control/game_pad/cmd_vel,0.0,0.0,-0.0,1.9999998807907104,0.0,0.0
1768890679038636748,11.485006653,/aiformula_control/game_pad/cmd_vel,0.0,0.0,-0.0,1.9999998807907104,0.0,0.0
1768890679220396729,11.666766634,/aiformula_control/game_pad/cmd_vel,0.0,0.0,-0.00915337260812521,1.9999998807907104,0.0,0.0
1768890679262273342,11.708643247,/aiformula_control/game_pad/cmd_vel,0.0,0.0,-0.02380225621163845,1.9999998807907104,0.0,0.0
1768890679303052028,11.749421933,/aiformula_control/game_pad/cmd_vel,0.0,0.0,-0.03112669847905636,1.9999998807907104,0.0,0.0
1768890679350813382,11.797183287,/aiformula_control/game_pad/cmd_vel,0.0,0.0,-0.016477813944220543,1.9999998807907104,0.0,0.0
1768890679391523171,11.837893076,/aiformula_control/game_pad/cmd_vel,0.0,0.0,-0.0018289305735379457,1.9999998807907104,0.0,0.0
1768890679425039348,11.871409253,/aiformula_control/game_pad/cmd_vel,0.0,0.0,-0.0,1.9999998807907104,0.0,0.0
1768890679553576469,11.999946374,/aiformula_control/game_pad/cmd_vel,0.0,0.0,-0.0,1.9999998807907104,0.0,0.0
1768890679592394471,12.038764376,/aiformula_control/game_pad/cmd_vel,0.0,0.0,-0.0,1.9999998807907104,0.0,0.0
1768890679641693115,12.08806302,/aiformula_control/game_pad/cmd_vel,0.0,0.0,-0.0,1.9999998807907104,0.0,0.0
1768890679702842904,12.149212809,/aiformula_control/game_pad/cmd_vel,0.0,0.0,-0.0,1.9999998807907104,0.0,0.0
1768890679754795356,12.201165261,/aiformula_control/game_pad/cmd_vel,0.0,0.0,-0.0,1.9999998807907104,0.0,0.0
1768890679783267021,12.229636926,/aiformula_control/game_pad/cmd_vel,0.0,0.0,-0.0,1.9999998807907104,0.0,0.0
1768890679854056390,12.300426295,/aiformula_control/game_pad/cmd_vel,0.0,0.0,-0.0,1.9999998807907104,0.0,0.0
1768890679881364272,12.327734177,/aiformula_control/game_pad/cmd_vel,0.0,0.0,-0.0,1.9999998807907104,0.0,0.0
1768890679930032896,12.376402801,/aiformula_control/game_pad/cmd_vel,0.0,0.0,-0.0,1.9999998807907104,0.0,0.0
1768890679990173207,12.436543112,/aiformula_control/game_pad/cmd_vel,0.0,0.0,-0.0,1.9999998807907104,0.0,0.0
1768890680033575301,12.479945206,/aiformula_control/game_pad/cmd_vel,0.0,0.0,-0.0,1.9999998807907104,0.0,0.0
1768890680086620464,12.532990369,/aiformula_control/game_pad/cmd_vel,0.0,0.0,-0.0,1.9999998807907104,0.0,0.0
1768890680159758104,12.606128009,/aiformula_control/game_pad/cmd_vel,0.0,0.0,-0.0,1.9999998807907104,0.0,0.0
1768890680200040179,12.646410084,/aiformula_control/game_pad/cmd_vel,0.0,0.0,-0.0,1.9999998807907104,0.0,0.0
1768890680252676315,12.69904622,/aiformula_control/game_pad/cmd_vel,0.0,0.0,-0.0,1.9999998807907104,0.0,0.0
1768890680316316583,12.762686488,/aiformula_control/game_pad/cmd_vel,0.0,0.0,-0.0,1.9999998807907104,0.0,0.0
1768890680340025147,12.786395052,/aiformula_control/game_pad/cmd_vel,0.0,0.0,-0.0,1.9999998807907104,0.0,0.0
1768890680391122554,12.837492459,/aiformula_control/game_pad/cmd_vel,0.0,0.0,-0.0,1.9999998807907104,0.0,0.0
1768890680444897961,12.891267866,/aiformula_control/game_pad/cmd_vel,0.0,0.0,-0.0,1.9999998807907104,0.0,0.0
1768890680499983392,12.946353297,/aiformula_control/game_pad/cmd_vel,0.0,0.0,-0.0,1.9999998807907104,0.0,0.0
1768890680559517587,13.005887492,/aiformula_control/game_pad/cmd_vel,0.0,0.0,-0.0,1.9999998807907104,0.0,0.0
1768890680601081750,13.047451655,/aiformula_control/game_pad/cmd_vel,0.0,0.0,-0.0,1.9999998807907104,0.0,0.0
1768890680646268112,13.092638017,/aiformula_control/game_pad/cmd_vel,0.0,0.0,-0.0,1.9999998807907104,0.0,0.0
1768890680705669570,13.152039475,/aiformula_control/game_pad/cmd_vel,0.0,0.0,-0.0,1.9999998807907104,0.0,0.0
1768890680769212910,13.215582815,/aiformula_control/game_pad/cmd_vel,0.0,0.0,-0.0,1.9999998807907104,0.0,0.0
1768890680812434332,13.258804237,/aiformula_control/game_pad/cmd_vel,0.0,0.0,-0.0,1.9999998807907104,0.0,0.0
1768890680855995147,13.302365052,/aiformula_control/game_pad/cmd_vel,0.0,0.0,-0.0,1.9999998807907104,0.0,0.0
1768890680903335826,13.349705731,/aiformula_control/game_pad/cmd_vel,0.0,0.0,-0.0,1.9999998807907104,0.0,0.0
1768890680947181667,13.393551572,/aiformula_control/game_pad/cmd_vel,0.0,0.0,-0.0,1.9999998807907104,0.0,0.0
1768890680999655786,13.446025691,/aiformula_control/game_pad/cmd_vel,0.0,0.0,-0.0,1.9999998807907104,0.0,0.0
1768890681063760378,13.510130283,/aiformula_control/game_pad/cmd_vel,0.0,0.0,-0.0,1.9999998807907104,0.0,0.0
1768890681120300058,13.566669963,/aiformula_control/game_pad/cmd_vel,0.0,0.0,-0.0,1.9999998807907104,0.0,0.0
1768890681185967572,13.632337477,/aiformula_control/game_pad/cmd_vel,0.0,0.0,-0.0,1.9999998807907104,0.0,0.0
1768890681239037886,13.685407791,/aiformula_control/game_pad/cmd_vel,0.0,0.0,-0.0,1.9999998807907104,0.0,0.0
1768890681284950877,13.731320782,/aiformula_control/game_pad/cmd_vel,0.0,0.0,-0.0,1.9999998807907104,0.0,0.0
1768890681311367425,13.75773733,/aiformula_control/game_pad/cmd_vel,0.0,0.0,-0.0,1.9999998807907104,0.0,0.0
1768890681353962123,13.800332028,/aiformula_control/game_pad/cmd_vel,0.0,0.0,-0.0,1.9999998807907104,0.0,0.0
1768890681424156672,13.870526577,/aiformula_control/game_pad/cmd_vel,0.0,0.0,-0.0,1.9999998807907104,0.0,0.0
1768890681454813023,13.901182928,/aiformula_control/game_pad/cmd_vel,0.0,0.0,-0.0,1.9999998807907104,0.0,0.0
1768890681670111293,14.116481198,/aiformula_control/game_pad/cmd_vel,0.0,0.0,-0.016477813944220543,1.9999998807907104,0.0,0.0
1768890681692048838,14.138418743,/aiformula_control/game_pad/cmd_vel,0.0,0.0,-0.03112669847905636,1.9999998807907104,0.0,0.0
1768890681718294922,14.164664827,/aiformula_control/game_pad/cmd_vel,0.0,0.0,-0.045775581151247025,1.9999998807907104,0.0,0.0
1768890681745469459,14.191839364,/aiformula_control/game_pad/cmd_vel,0.0,0.0,-0.05310002341866493,1.9999998807907104,0.0,0.0
1768890681767924831,14.214294736,/aiformula_control/game_pad/cmd_vel,0.0,0.0,-0.06044626608490944,1.9999998807907104,0.0,0.0
1768890681792389815,14.23875972,/aiformula_control/game_pad/cmd_vel,0.0,0.0,-0.06044626608490944,1.9999998807907104,0.0,0.0
1768890681819837122,14.266207027,/aiformula_control/game_pad/cmd_vel,0.0,0.0,-0.06044626608490944,1.9999998807907104,0.0,0.0
1768890681820358918,14.266728823,/aiformula_control/game_pad/cmd_vel,0.0,0.0,-0.06777070462703705,1.9999998807907104,0.0,0.0
1768890681960876017,14.407245922,/aiformula_control/game_pad/cmd_vel,0.0,0.0,-0.06777070462703705,1.9999998807907104,0.0,0.0
1768890681979652422,14.426022327,/aiformula_control/game_pad/cmd_vel,0.0,0.0,-0.06044626608490944,1.9999998807907104,0.0,0.0
1768890682018729882,14.465099787,/aiformula_control/game_pad/cmd_vel,0.0,0.0,-0.03845113888382912,1.9999998807907104,0.0,0.0
1768890682022293680,14.468663585,/aiformula_control/game_pad/cmd_vel,0.0,0.0,-0.016477813944220543,1.9999998807907104,0.0,0.0
1768890682034368732,14.480738637,/aiformula_control/game_pad/cmd_vel,0.0,0.0,-0.0018289305735379457,1.9999998807907104,0.0,0.0
1768890682087160613,14.533530518,/aiformula_control/game_pad/cmd_vel,0.0,0.0,-0.0,1.9999998807907104,0.0,0.0
1768890682204817698,14.651187603,/aiformula_control/game_pad/cmd_vel,0.0,0.0,-0.016477813944220543,1.9999998807907104,0.0,0.0
1768890682226441865,14.67281177,/aiformula_control/game_pad/cmd_vel,0.0,0.0,-0.05310002341866493,1.9999998807907104,0.0,0.0
1768890682229663613,14.676033518,/aiformula_control/game_pad/cmd_vel,0.0,0.0,-0.08241958916187286,1.9999998807907104,0.0,0.0
1768890682245114333,14.691484238,/aiformula_control/game_pad/cmd_vel,0.0,0.0,-0.08974403142929077,1.9999998807907104,0.0,0.0
1768890682271811587,14.718181492,/aiformula_control/game_pad/cmd_vel,0.0,0.0,-0.10439291596412659,1.9999998807907104,0.0,0.0
1768890682284798548,14.731168453,/aiformula_control/game_pad/cmd_vel,0.0,0.0,-0.10439291596412659,1.9999998807907104,0.0,0.0
1768890682320244721,14.766614626,/aiformula_control/game_pad/cmd_vel,0.0,0.0,-0.09706847369670868,1.9999998807907104,0.0,0.0
1768890682349671497,14.796041402,/aiformula_control/game_pad/cmd_vel,0.0,0.0,-0.08241958916187286,1.9999998807907104,0.0,0.0
1768890682356858230,14.803228135,/aiformula_control/game_pad/cmd_vel,0.0,0.0,-0.06044626608490944,1.9999998807907104,0.0,0.0
1768890682357236024,14.803605929,/aiformula_control/game_pad/cmd_vel,0.0,0.0,-0.03845113888382912,1.9999998807907104,0.0,0.0
1768890682357547418,14.803917323,/aiformula_control/game_pad/cmd_vel,0.0,0.0,-0.02380225621163845,1.9999998807907104,0.0,0.0
1768890682403903483,14.850273388,/aiformula_control/game_pad/cmd_vel,0.0,0.0,-0.00915337260812521,1.9999998807907104,0.0,0.0
1768890682522355069,14.968724974,/aiformula_control/game_pad/cmd_vel,0.0,0.0,-0.0,1.9999998807907104,0.0,0.0
1768890682579641506,15.026011411,/aiformula_control/game_pad/cmd_vel,0.0,0.0,-0.0,1.9999998807907104,0.0,0.0
1768890682621475463,15.067845368,/aiformula_control/game_pad/cmd_vel,0.0,0.0,-0.0,1.9999998807907104,0.0,0.0
1768890682674823635,15.12119354,/aiformula_control/game_pad/cmd_vel,0.0,0.0,-0.0,1.9999998807907104,0.0,0.0
1768890682714448234,15.160818139,/aiformula_control/game_pad/cmd_vel,0.0,0.0,-0.0,1.9999998807907104,0.0,0.0
1768890682767875543,15.214245448,/aiformula_control/game_pad/cmd_vel,0.0,0.0,-0.0,1.9999998807907104,0.0,0.0
1768890682824163574,15.270533479,/aiformula_control/game_pad/cmd_vel,0.0,0.0,-0.0,1.9999998807907104,0.0,0.0
1768890682872122625,15.31849253,/aiformula_control/game_pad/cmd_vel,0.0,0.0,-0.0,1.9999998807907104,0.0,0.0
1768890682925811760,15.372181665,/aiformula_control/game_pad/cmd_vel,0.0,0.0,-0.0,1.9999998807907104,0.0,0.0
1768890682963062904,15.409432809,/aiformula_control/game_pad/cmd_vel,0.0,0.0,-0.0,1.9999998807907104,0.0,0.0
1768890683033227821,15.479597726,/aiformula_control/game_pad/cmd_vel,0.0,0.0,-0.0,1.9999998807907104,0.0,0.0
1768890683128581984,15.574951889,/aiformula_control/game_pad/cmd_vel,0.0,0.0,-0.0,1.9999998807907104,0.0,0.0
1768890683194877277,15.641247182,/aiformula_control/game_pad/cmd_vel,0.0,0.0,-0.0,1.9999998807907104,0.0,0.0
1768890683246442014,15.692811919,/aiformula_control/game_pad/cmd_vel,0.0,0.0,-0.0,1.9999998807907104,0.0,0.0
1768890683280199441,15.726569346,/aiformula_control/game_pad/cmd_vel,0.0,0.0,-0.0,1.9999998807907104,0.0,0.0
1768890683326916660,15.773286565,/aiformula_control/game_pad/cmd_vel,0.0,0.0,-0.0,1.9999998807907104,0.0,0.0
1768890683359000796,15.805370701,/aiformula_control/game_pad/cmd_vel,0.0,0.0,-0.0,1.9999998807907104,0.0,0.0
1768890683393015536,15.839385441,/aiformula_control/game_pad/cmd_vel,0.0,0.0,-0.0,1.9999998807907104,0.0,0.0
1768890683445208181,15.891578086,/aiformula_control/game_pad/cmd_vel,0.0,0.0,-0.0,1.9999998807907104,0.0,0.0
1768890683498034494,15.944404399,/aiformula_control/game_pad/cmd_vel,0.0,0.0,-0.0,1.9999998807907104,0.0,0.0
1768890683537446772,15.983816677,/aiformula_control/game_pad/cmd_vel,0.0,0.0,-0.0,1.9999998807907104,0.0,0.0
1768890683595424189,16.041794094,/aiformula_control/game_pad/cmd_vel,0.0,0.0,-0.0,1.9999998807907104,0.0,0.0
1768890683779754234,16.226124139,/aiformula_control/game_pad/cmd_vel,0.0,0.0,0.031148497015237808,1.9999998807907104,0.0,0.0
1768890683809031409,16.255401314,/aiformula_control/game_pad/cmd_vel,0.0,0.0,0.05312182381749153,1.9999998807907104,0.0,0.0
1768890683851244056,16.297613961,/aiformula_control/game_pad/cmd_vel,0.0,0.0,0.09709027409553528,1.9999998807907104,0.0,0.0
1768890683871544630,16.317914535,/aiformula_control/game_pad/cmd_vel,0.0,0.0,0.14103692770004272,1.9999998807907104,0.0,0.0
1768890683905239688,16.351609593,/aiformula_control/game_pad/cmd_vel,0.0,0.0,0.17035649716854095,1.9999998807907104,0.0,0.0
1768890683925454342,16.371824247,/aiformula_control/game_pad/cmd_vel,0.0,0.0,0.19965426623821259,1.9999998807907104,0.0,0.0
1768890683988441679,16.434811584,/aiformula_control/game_pad/cmd_vel,0.0,0.0,0.23629826307296753,1.9999998807907104,0.0,0.0
1768890684042529280,16.488899185,/aiformula_control/game_pad/cmd_vel,0.0,0.0,0.24362270534038544,1.9999998807907104,0.0,0.0
1768890684082736891,16.529106796,/aiformula_control/game_pad/cmd_vel,0.0,0.0,0.24362270534038544,1.9999998807907104,0.0,0.0
1768890684122707348,16.569077253,/aiformula_control/game_pad/cmd_vel,0.0,0.0,0.24362270534038544,1.9999998807907104,0.0,0.0
1768890684144237978,16.590607883,/aiformula_control/game_pad/cmd_vel,0.0,0.0,0.24362270534038544,1.9999998807907104,0.0,0.0
1768890684169046293,16.615416198,/aiformula_control/game_pad/cmd_vel,0.0,0.0,0.23629826307296753,1.9999998807907104,0.0,0.0
1768890684169670648,16.616040553,/aiformula_control/game_pad/cmd_vel,0.0,0.0,0.23629826307296753,1.9999998807907104,0.0,0.0
1768890684170101947,16.616471852,/aiformula_control/game_pad/cmd_vel,0.0,0.0,0.22895203530788422,1.9999998807907104,0.0,0.0
1768890684188580334,16.634950239,/aiformula_control/game_pad/cmd_vel,0.0,0.0,0.2143031507730484,1.9999998807907104,0.0,0.0
1768890684224108684,16.670478589,/aiformula_control/game_pad/cmd_vel,0.0,0.0,0.2069787085056305,1.9999998807907104,0.0,0.0
1768890684267813340,16.714183245,/aiformula_control/game_pad/cmd_vel,0.0,0.0,0.2216275930404663,1.9999998807907104,0.0,0.0
1768890684322646930,16.769016835,/aiformula_control/game_pad/cmd_vel,0.0,0.0,0.23629826307296753,1.9999998807907104,0.0,0.0
1768890684372797259,16.819167164,/aiformula_control/game_pad/cmd_vel,0.0,0.0,0.25094714760780334,1.9999998807907104,0.0,0.0
1768890684390320248,16.836690153,/aiformula_control/game_pad/cmd_vel,0.0,0.0,0.23629826307296753,1.9999998807907104,0.0,0.0
1768890684523078099,16.969448004,/aiformula_control/game_pad/cmd_vel,0.0,0.0,0.2216275930404663,1.9999998807907104,0.0,0.0
1768890684549636153,16.996006058,/aiformula_control/game_pad/cmd_vel,0.0,0.0,0.2143031507730484,1.9999998807907104,0.0,0.0
1768890684570705468,17.017075373,/aiformula_control/game_pad/cmd_vel,0.0,0.0,0.19965426623821259,1.9999998807907104,0.0,0.0
1768890684591431453,17.037801358,/aiformula_control/game_pad/cmd_vel,0.0,0.0,0.18500538170337677,1.9999998807907104,0.0,0.0
1768890684620871477,17.067241382,/aiformula_control/game_pad/cmd_vel,0.0,0.0,0.17768093943595886,1.9999998807907104,0.0,0.0
1768890684862225365,17.30859527,/aiformula_control/game_pad/cmd_vel,0.0,0.0,0.16303205490112305,1.9999998807907104,0.0,0.0
1768890684891720237,17.338090142,/aiformula_control/game_pad/cmd_vel,0.0,0.0,0.14103692770004272,1.9999998807907104,0.0,0.0
1768890684910552354,17.356922259,/aiformula_control/game_pad/cmd_vel,0.0,0.0,0.14103692770004272,1.9999998807907104,0.0,0.0
1768890684929109718,17.375479623,/aiformula_control/game_pad/cmd_vel,0.0,0.0,0.13371248543262482,1.9999998807907104,0.0,0.0
1768890684961826690,17.408196595,/aiformula_control/game_pad/cmd_vel,0.0,0.0,0.13371248543262482,1.9999998807907104,0.0,0.0
1768890684975116725,17.42148663,/aiformula_control/game_pad/cmd_vel,0.0,0.0,0.14103692770004272,1.9999998807907104,0.0,0.0
1768890684978279272,17.424649177,/aiformula_control/game_pad/cmd_vel,0.0,0.0,0.14103692770004272,1.9999998807907104,0.0,0.0
1768890684979285871,17.425655776,/aiformula_control/game_pad/cmd_vel,0.0,0.0,0.13371248543262482,1.9999998807907104,0.0,0.0
1768890685002305278,17.448675183,/aiformula_control/game_pad/cmd_vel,0.0,0.0,0.13371248543262482,1.9999998807907104,0.0,0.0
1768890685045387947,17.491757852,/aiformula_control/game_pad/cmd_vel,0.0,0.0,0.14103692770004272,1.9999998807907104,0.0,0.0
1768890685048468958,17.494838863,/aiformula_control/game_pad/cmd_vel,0.0,0.0,0.14103692770004272,1.9999998807907104,0.0,0.0
1768890685072662741,17.519032646,/aiformula_control/game_pad/cmd_vel,0.0,0.0,0.14103692770004272,1.9999998807907104,0.0,0.0
1768890685097487695,17.5438576,/aiformula_control/game_pad/cmd_vel,0.0,0.0,0.14103692770004272,1.9999998807907104,0.0,0.0
1768890685100733732,17.547103637,/aiformula_control/game_pad/cmd_vel,0.0,0.0,0.14103692770004272,1.9999998807907104,0.0,0.0
1768890685157987912,17.604357817,/aiformula_control/game_pad/cmd_vel,0.0,0.0,0.14103692770004272,1.9999998807907104,0.0,0.0
1768890685218726787,17.665096692,/aiformula_control/game_pad/cmd_vel,0.0,0.0,0.14103692770004272,1.9999998807907104,0.0,0.0
1768890685385962645,17.83233255,/aiformula_control/game_pad/cmd_vel,0.0,0.0,0.14103692770004272,1.9999998807907104,0.0,0.0
1768890685413187903,17.859557808,/aiformula_control/game_pad/cmd_vel,0.0,0.0,0.14838317036628723,1.9999998807907104,0.0,0.0
1768890685587553822,18.033923727,/aiformula_control/game_pad/cmd_vel,0.0,0.0,0.15570761263370514,1.9999998807907104,0.0,0.0
1768890685629229890,18.075599795,/aiformula_control/game_pad/cmd_vel,0.0,0.0,0.17035649716854095,1.9999998807907104,0.0,0.0
1768890685651188523,18.097558428,/aiformula_control/game_pad/cmd_vel,0.0,0.0,0.19232982397079468,1.9999998807907104,0.0,0.0
1768890685675001887,18.121371792,/aiformula_control/game_pad/cmd_vel,0.0,0.0,0.19965426623821259,1.9999998807907104,0.0,0.0
1768890685702021447,18.148391352,/aiformula_control/game_pad/cmd_vel,0.0,0.0,0.2143031507730484,1.9999998807907104,0.0,0.0
1768890685723453677,18.169823582,/aiformula_control/game_pad/cmd_vel,0.0,0.0,0.2216275930404663,1.9999998807907104,0.0,0.0
1768890685757750947,18.204120852,/aiformula_control/game_pad/cmd_vel,0.0,0.0,0.2216275930404663,1.9999998807907104,0.0,0.0
1768890685776116757,18.222486662,/aiformula_control/game_pad/cmd_vel,0.0,0.0,0.2216275930404663,1.9999998807907104,0.0,0.0
1768890685788323073,18.234692978,/aiformula_control/game_pad/cmd_vel,0.0,0.0,0.2216275930404663,1.9999998807907104,0.0,0.0
1768890685798828099,18.245198004,/aiformula_control/game_pad/cmd_vel,0.0,0.0,0.2216275930404663,1.9999998807907104,0.0,0.0
1768890685821721425,18.26809133,/aiformula_control/game_pad/cmd_vel,0.0,0.0,0.2216275930404663,1.9999998807907104,0.0,0.0
1768890685839139646,18.285509551,/aiformula_control/game_pad/cmd_vel,0.0,0.0,0.2143031507730484,1.9999998807907104,0.0,0.0
1768890685840212485,18.28658239,/aiformula_control/game_pad/cmd_vel,0.0,0.0,0.19232982397079468,1.9999998807907104,0.0,0.0
1768890685840636519,18.287006424,/aiformula_control/game_pad/cmd_vel,0.0,0.0,0.17768093943595886,1.9999998807907104,0.0,0.0
1768890685841069994,18.287439899,/aiformula_control/game_pad/cmd_vel,0.0,0.0,0.17035649716854095,1.9999998807907104,0.0,0.0
1768890685871845802,18.318215707,/aiformula_control/game_pad/cmd_vel,0.0,0.0,0.14838317036628723,1.9999998807907104,0.0,0.0
1768890685923073833,18.369443738,/aiformula_control/game_pad/cmd_vel,0.0,0.0,0.14838317036628723,1.9999998807907104,0.0,0.0
1768890685969231561,18.415601466,/aiformula_control/game_pad/cmd_vel,0.0,0.0,0.14838317036628723,1.9999998807907104,0.0,0.0
1768890685983003135,18.42937304,/aiformula_control/game_pad/cmd_vel,0.0,0.0,0.14838317036628723,1.9999998807907104,0.0,0.0
1768890686036717773,18.483087678,/aiformula_control/game_pad/cmd_vel,0.0,0.0,0.14838317036628723,1.9999998807907104,0.0,0.0
1768890686115946331,18.562316236,/aiformula_control/game_pad/cmd_vel,0.0,0.0,0.13371248543262482,1.9999998807907104,0.0,0.0
1768890686167481212,18.613851117,/aiformula_control/game_pad/cmd_vel,0.0,0.0,0.13371248543262482,1.9999998807907104,0.0,0.0
1768890686410424679,18.856794584,/aiformula_control/game_pad/cmd_vel,0.0,0.0,0.13371248543262482,1.9999998807907104,0.0,0.0
1768890686481658755,18.92802866,/aiformula_control/game_pad/cmd_vel,0.0,0.0,0.13371248543262482,1.9999998807907104,0.0,0.0
1768890686533194852,18.979564757,/aiformula_control/game_pad/cmd_vel,0.0,0.0,0.13371248543262482,1.9999998807907104,0.0,0.0
1768890686587557591,19.033927496,/aiformula_control/game_pad/cmd_vel,0.0,0.0,0.13371248543262482,1.9999998807907104,0.0,0.0
1768890686619395645,19.06576555,/aiformula_control/game_pad/cmd_vel,0.0,0.0,0.14838317036628723,1.9999998807907104,0.0,0.0
1768890686665495197,19.111865102,/aiformula_control/game_pad/cmd_vel,0.0,0.0,0.15570761263370514,1.9999998807907104,0.0,0.0
1768890686695922138,19.142292043,/aiformula_control/game_pad/cmd_vel,0.0,0.0,0.15570761263370514,1.9999998807907104,0.0,0.0
1768890686758292223,19.204662128,/aiformula_control/game_pad/cmd_vel,0.0,0.0,0.16303205490112305,1.9999998807907104,0.0,0.0
1768890686814468541,19.260838446,/aiformula_control/game_pad/cmd_vel,0.0,0.0,0.17035649716854095,1.9999998807907104,0.0,0.0
1768890686860980383,19.307350288,/aiformula_control/game_pad/cmd_vel,0.0,0.0,0.17768093943595886,1.9999998807907104,0.0,0.0
1768890686909539022,19.355908927,/aiformula_control/game_pad/cmd_vel,0.0,0.0,0.17768093943595886,1.9999998807907104,0.0,0.0
1768890686969900294,19.416270199,/aiformula_control/game_pad/cmd_vel,0.0,0.0,0.17768093943595886,1.9999998807907104,0.0,0.0
1768890687024596347,19.470966252,/aiformula_control/game_pad/cmd_vel,0.0,0.0,0.17768093943595886,1.9999998807907104,0.0,0.0
1768890687089845841,19.536215746,/aiformula_control/game_pad/cmd_vel,0.0,0.0,0.19965426623821259,1.9999998807907104,0.0,0.0
1768890687139341734,19.585711639,/aiformula_control/game_pad/cmd_vel,0.0,0.0,0.2216275930404663,1.9999998807907104,0.0,0.0
1768890687204465244,19.650835149,/aiformula_control/game_pad/cmd_vel,0.0,0.0,0.2216275930404663,1.9999998807907104,0.0,0.0
1768890687249730486,19.696100391,/aiformula_control/game_pad/cmd_vel,0.0,0.0,0.2143031507730484,1.9999998807907104,0.0,0.0
1768890687298196708,19.744566613,/aiformula_control/game_pad/cmd_vel,0.0,0.0,0.2216275930404663,1.9999998807907104,0.0,0.0
1768890687363197625,19.80956753,/aiformula_control/game_pad/cmd_vel,0.0,0.0,0.2216275930404663,1.9999998807907104,0.0,0.0
1768890687412652237,19.859022142,/aiformula_control/game_pad/cmd_vel,0.0,0.0,0.23629826307296753,1.9999998807907104,0.0,0.0
1768890687463176200,19.909546105,/aiformula_control/game_pad/cmd_vel,0.0,0.0,0.26559603214263916,1.9999998807907104,0.0,0.0
1768890687489408556,19.935778461,/aiformula_control/game_pad/cmd_vel,0.0,0.0,0.26559603214263916,1.9999998807907104,0.0,0.0
1768890687539706821,19.986076726,/aiformula_control/game_pad/cmd_vel,0.0,0.0,0.26559603214263916,1.9999998807907104,0.0,0.0
1768890687582661905,20.02903181,/aiformula_control/game_pad/cmd_vel,0.0,0.0,0.3095426857471466,1.9999998807907104,0.0,0.0
1768890687632181798,20.078551703,/aiformula_control/game_pad/cmd_vel,0.0,0.0,0.33153781294822693,1.9999998807907104,0.0,0.0
1768890687698257666,20.144627571,/aiformula_control/game_pad/cmd_vel,0.0,0.0,0.3901333510875702,1.9999998807907104,0.0,0.0
1768890687748373562,20.194743467,/aiformula_control/game_pad/cmd_vel,0.0,0.0,0.4194529056549072,1.9999998807907104,0.0,0.0
1768890687800982242,20.247352147,/aiformula_control/game_pad/cmd_vel,0.0,0.0,0.43410179018974304,1.9999998807907104,0.0,0.0
1768890687820585948,20.266955853,/aiformula_control/game_pad/cmd_vel,0.0,0.0,0.43410179018974304,1.9999998807907104,0.0,0.0
1768890687872453311,20.318823216,/aiformula_control/game_pad/cmd_vel,0.0,0.0,0.42677736282348633,1.9999998807907104,0.0,0.0
1768890687897199962,20.343569867,/aiformula_control/game_pad/cmd_vel,0.0,0.0,0.404782235622406,1.9999998807907104,0.0,0.0
1768890687940674633,20.387044538,/aiformula_control/game_pad/cmd_vel,0.0,0.0,0.3828089237213135,1.9999998807907104,0.0,0.0
1768890687951313835,20.39768374,/aiformula_control/game_pad/cmd_vel,0.0,0.0,0.36083558201789856,1.9999998807907104,0.0,0.0
1768890687969234395,20.4156043,/aiformula_control/game_pad/cmd_vel,0.0,0.0,0.35351115465164185,1.9999998807907104,0.0,0.0
1768890687993280848,20.439650753,/aiformula_control/game_pad/cmd_vel,0.0,0.0,0.34618669748306274,1.9999998807907104,0.0,0.0
1768890687995144284,20.441514189,/aiformula_control/game_pad/cmd_vel,0.0,0.0,0.33886227011680603,1.9999998807907104,0.0,0.0
1768890687995681791,20.442051696,/aiformula_control/game_pad/cmd_vel,0.0,0.0,0.33153781294822693,1.9999998807907104,0.0,0.0
1768890687996251811,20.442621716,/aiformula_control/game_pad/cmd_vel,0.0,0.0,0.3242133855819702,1.9999998807907104,0.0,0.0
1768890687996697190,20.443067095,/aiformula_control/game_pad/cmd_vel,0.0,0.0,0.3168671429157257,1.9999998807907104,0.0,0.0
1768890687997131976,20.443501881,/aiformula_control/game_pad/cmd_vel,0.0,0.0,0.3242133855819702,1.9999998807907104,0.0,0.0
1768890687997569483,20.443939388,/aiformula_control/game_pad/cmd_vel,0.0,0.0,0.3242133855819702,1.9999998807907104,0.0,0.0
1768890688000792287,20.447162192,/aiformula_control/game_pad/cmd_vel,0.0,0.0,0.33153781294822693,1.9999998807907104,0.0,0.0
1768890688001321315,20.44769122,/aiformula_control/game_pad/cmd_vel,0.0,0.0,0.33153781294822693,1.9999998807907104,0.0,0.0
1768890688001659493,20.448029398,/aiformula_control/game_pad/cmd_vel,0.0,0.0,0.3242133855819702,1.9999998807907104,0.0,0.0
1768890688001999911,20.448369816,/aiformula_control/game_pad/cmd_vel,0.0,0.0,0.3242133855819702,1.9999998807907104,0.0,0.0
1768890688022016836,20.468386741,/aiformula_control/game_pad/cmd_vel,0.0,0.0,0.3242133855819702,1.9999998807907104,0.0,0.0
1768890688052157087,20.498526992,/aiformula_control/game_pad/cmd_vel,0.0,0.0,0.33153781294822693,1.9999998807907104,0.0,0.0
1768890688085183373,20.531553278,/aiformula_control/game_pad/cmd_vel,0.0,0.0,0.34618669748306274,1.9999998807907104,0.0,0.0
1768890688109841287,20.556211192,/aiformula_control/game_pad/cmd_vel,0.0,0.0,0.36816003918647766,1.9999998807907104,0.0,0.0
1768890688137727733,20.584097638,/aiformula_control/game_pad/cmd_vel,0.0,0.0,0.3828089237213135,1.9999998807907104,0.0,0.0
1768890688138806108,20.585176013,/aiformula_control/game_pad/cmd_vel,0.0,0.0,0.3828089237213135,1.9999998807907104,0.0,0.0
1768890688139262238,20.585632143,/aiformula_control/game_pad/cmd_vel,0.0,0.0,0.3828089237213135,1.9999998807907104,0.0,0.0
1768890688139634433,20.586004338,/aiformula_control/game_pad/cmd_vel,0.0,0.0,0.3828089237213135,1.9999998807907104,0.0,0.0
1768890688160347618,20.606717523,/aiformula_control/game_pad/cmd_vel,0.0,0.0,0.3901333510875702,1.9999998807907104,0.0,0.0
1768890688207745769,20.654115674,/aiformula_control/game_pad/cmd_vel,0.0,0.0,0.3901333510875702,1.9999998807907104,0.0,0.0
1768890688239603056,20.685972961,/aiformula_control/game_pad/cmd_vel,0.0,0.0,0.3901333510875702,1.9999998807907104,0.0,0.0
1768890688332672596,20.779042501,/aiformula_control/game_pad/cmd_vel,0.0,0.0,0.3901333510875702,1.9999998807907104,0.0,0.0
1768890688352936146,20.799306051,/aiformula_control/game_pad/cmd_vel,0.0,0.0,0.3974578082561493,1.9999998807907104,0.0,0.0
1768890688411474335,20.85784424,/aiformula_control/game_pad/cmd_vel,0.0,0.0,0.3901333510875702,1.9999998807907104,0.0,0.0
1768890688456617880,20.902987785,/aiformula_control/game_pad/cmd_vel,0.0,0.0,0.3974578082561493,1.9999998807907104,0.0,0.0
1768890688499065825,20.94543573,/aiformula_control/game_pad/cmd_vel,0.0,0.0,0.3974578082561493,1.9999998807907104,0.0,0.0
1768890688550224160,20.996594065,/aiformula_control/game_pad/cmd_vel,0.0,0.0,0.404782235622406,1.9999998807907104,0.0,0.0
1768890688589449972,21.035819877,/aiformula_control/game_pad/cmd_vel,0.0,0.0,0.4780484437942505,1.9999998807907104,0.0,0.0
1768890688598567725,21.04493763,/aiformula_control/game_pad/cmd_vel,0.0,0.0,0.4780484437942505,1.9999998807907104,0.0,0.0
1768890688609679730,21.056049635,/aiformula_control/game_pad/cmd_vel,0.0,0.0,0.4780484437942505,1.9999998807907104,0.0,0.0
1768890688616503901,21.062873806,/aiformula_control/game_pad/cmd_vel,0.0,0.0,0.4780484437942505,1.9999998807907104,0.0,0.0
1768890688629398797,21.075768702,/aiformula_control/game_pad/cmd_vel,0.0,0.0,0.4707240164279938,1.9999998807907104,0.0,0.0
1768890688653737605,21.10010751,/aiformula_control/game_pad/cmd_vel,0.0,0.0,0.44875067472457886,1.9999998807907104,0.0,0.0
1768890688680544844,21.126914749,/aiformula_control/game_pad/cmd_vel,0.0,0.0,0.44142624735832214,1.9999998807907104,0.0,0.0
1768890688700658410,21.147028315,/aiformula_control/game_pad/cmd_vel,0.0,0.0,0.42677736282348633,1.9999998807907104,0.0,0.0
1768890688727831731,21.174201636,/aiformula_control/game_pad/cmd_vel,0.0,0.0,0.4194529056549072,1.9999998807907104,0.0,0.0
1768890688732036877,21.178406782,/aiformula_control/game_pad/cmd_vel,0.0,0.0,0.4194529056549072,1.9999998807907104,0.0,0.0
1768890688732625745,21.17899565,/aiformula_control/game_pad/cmd_vel,0.0,0.0,0.4194529056549072,1.9999998807907104,0.0,0.0
1768890688733190484,21.179560389,/aiformula_control/game_pad/cmd_vel,0.0,0.0,0.4194529056549072,1.9999998807907104,0.0,0.0
1768890688733655223,21.180025128,/aiformula_control/game_pad/cmd_vel,0.0,0.0,0.42677736282348633,1.9999998807907104,0.0,0.0
1768890688734094714,21.180464619,/aiformula_control/game_pad/cmd_vel,0.0,0.0,0.44142624735832214,1.9999998807907104,0.0,0.0
1768890688744614331,21.190984236,/aiformula_control/game_pad/cmd_vel,0.0,0.0,0.45607513189315796,1.9999998807907104,0.0,0.0
1768890688752671502,21.199041407,/aiformula_control/game_pad/cmd_vel,0.0,0.0,0.45607513189315796,1.9999998807907104,0.0,0.0
1768890688771988646,21.218358551,/aiformula_control/game_pad/cmd_vel,0.0,0.0,0.44875067472457886,1.9999998807907104,0.0,0.0
1768890688802447748,21.248817653,/aiformula_control/game_pad/cmd_vel,0.0,0.0,0.43410179018974304,1.9999998807907104,0.0,0.0
1768890688814346062,21.260715967,/aiformula_control/game_pad/cmd_vel,0.0,0.0,0.43410179018974304,1.9999998807907104,0.0,0.0
1768890688865718446,21.312088351,/aiformula_control/game_pad/cmd_vel,0.0,0.0,0.43410179018974304,1.9999998807907104,0.0,0.0
1768890688869308741,21.315678646,/aiformula_control/game_pad/cmd_vel,0.0,0.0,0.43410179018974304,1.9999998807907104,0.0,0.0
1768890688869675175,21.31604508,/aiformula_control/game_pad/cmd_vel,0.0,0.0,0.404782235622406,1.9999998807907104,0.0,0.0
1768890688870017161,21.316387066,/aiformula_control/game_pad/cmd_vel,0.0,0.0,0.3974578082561493,1.9999998807907104,0.0,0.0
1768890688870475756,21.316845661,/aiformula_control/game_pad/cmd_vel,0.0,0.0,0.3901333510875702,1.9999998807907104,0.0,0.0
1768890688870819022,21.317188927,/aiformula_control/game_pad/cmd_vel,0.0,0.0,0.3901333510875702,1.9999998807907104,0.0,0.0
1768890688871149040,21.317518945,/aiformula_control/game_pad/cmd_vel,0.0,0.0,0.3974578082561493,1.9999998807907104,0.0,0.0
1768890688871415314,21.317785219,/aiformula_control/game_pad/cmd_vel,0.0,0.0,0.3901333510875702,1.9999998807907104,0.0,0.0
1768890688892073587,21.338443492,/aiformula_control/game_pad/cmd_vel,0.0,0.0,0.3901333510875702,1.9999998807907104,0.0,0.0
1768890688927378159,21.373748064,/aiformula_control/game_pad/cmd_vel,0.0,0.0,0.3754844665527344,1.9999998807907104,0.0,0.0
1768890688931579881,21.377949786,/aiformula_control/game_pad/cmd_vel,0.0,0.0,0.36083558201789856,1.9999998807907104,0.0,0.0
1768890688931999147,21.378369052,/aiformula_control/game_pad/cmd_vel,0.0,0.0,0.35351115465164185,1.9999998807907104,0.0,0.0
1768890688932332558,21.378702463,/aiformula_control/game_pad/cmd_vel,0.0,0.0,0.36083558201789856,1.9999998807907104,0.0,0.0
1768890688938143730,21.384513635,/aiformula_control/game_pad/cmd_vel,0.0,0.0,0.35351115465164185,1.9999998807907104,0.0,0.0
1768890688981628257,21.427998162,/aiformula_control/game_pad/cmd_vel,0.0,0.0,0.35351115465164185,1.9999998807907104,0.0,0.0
1768890688999186158,21.445556063,/aiformula_control/game_pad/cmd_vel,0.0,0.0,0.35351115465164185,1.9999998807907104,0.0,0.0
1768890689025278993,21.471648898,/aiformula_control/game_pad/cmd_vel,0.0,0.0,0.33886227011680603,1.9999998807907104,0.0,0.0
1768890689055409805,21.50177971,/aiformula_control/game_pad/cmd_vel,0.0,0.0,0.33153781294822693,1.9999998807907104,0.0,0.0
1768890689072273014,21.518642919,/aiformula_control/game_pad/cmd_vel,0.0,0.0,0.3168671429157257,1.9999998807907104,0.0,0.0
1768890689073903776,21.520273681,/aiformula_control/game_pad/cmd_vel,0.0,0.0,0.3095426857471466,1.9999998807907104,0.0,0.0
1768890689090633256,21.537003161,/aiformula_control/game_pad/cmd_vel,0.0,0.0,0.2948938012123108,1.9999998807907104,0.0,0.0
1768890689138791988,21.585161893,/aiformula_control/game_pad/cmd_vel,0.0,0.0,0.27292048931121826,1.9999998807907104,0.0,0.0
1768890689144715993,21.591085898,/aiformula_control/game_pad/cmd_vel,0.0,0.0,0.26559603214263916,1.9999998807907104,0.0,0.0
1768890689190215701,21.636585606,/aiformula_control/game_pad/cmd_vel,0.0,0.0,0.25094714760780334,1.9999998807907104,0.0,0.0
1768890689208712296,21.655082201,/aiformula_control/game_pad/cmd_vel,0.0,0.0,0.23629826307296753,1.9999998807907104,0.0,0.0
1768890689216526009,21.662895914,/aiformula_control/game_pad/cmd_vel,0.0,0.0,0.23629826307296753,1.9999998807907104,0.0,0.0
1768890689232364764,21.678734669,/aiformula_control/game_pad/cmd_vel,0.0,0.0,0.23629826307296753,1.9999998807907104,0.0,0.0
1768890689243813539,21.690183444,/aiformula_control/game_pad/cmd_vel,0.0,0.0,0.23629826307296753,1.9999998807907104,0.0,0.0
1768890689257470584,21.703840489,/aiformula_control/game_pad/cmd_vel,0.0,0.0,0.23629826307296753,1.9999998807907104,0.0,0.0
1768890689258101052,21.704470957,/aiformula_control/game_pad/cmd_vel,0.0,0.0,0.23629826307296753,1.9999998807907104,0.0,0.0
1768890689258523839,21.704893744,/aiformula_control/game_pad/cmd_vel,0.0,0.0,0.24362270534038544,1.9999998807907104,0.0,0.0
1768890689258918689,21.705288594,/aiformula_control/game_pad/cmd_vel,0.0,0.0,0.25094714760780334,1.9999998807907104,0.0,0.0
1768890689259368196,21.705738101,/aiformula_control/game_pad/cmd_vel,0.0,0.0,0.25094714760780334,1.9999998807907104,0.0,0.0
1768890689259739398,21.706109303,/aiformula_control/game_pad/cmd_vel,0.0,0.0,0.25094714760780334,1.9999998807907104,0.0,0.0
1768890689260049192,21.706419097,/aiformula_control/game_pad/cmd_vel,0.0,0.0,0.24362270534038544,1.9999998807907104,0.0,0.0
1768890689264902438,21.711272343,/aiformula_control/game_pad/cmd_vel,0.0,0.0,0.22895203530788422,1.9999998807907104,0.0,0.0
1768890689290831304,21.737201209,/aiformula_control/game_pad/cmd_vel,0.0,0.0,0.2143031507730484,1.9999998807907104,0.0,0.0
1768890689294126813,21.740496718,/aiformula_control/game_pad/cmd_vel,0.0,0.0,0.2069787085056305,1.9999998807907104,0.0,0.0
1768890689307807122,21.754177027,/aiformula_control/game_pad/cmd_vel,0.0,0.0,0.2069787085056305,1.9999998807907104,0.0,0.0
1768890689336507397,21.782877302,/aiformula_control/game_pad/cmd_vel,0.0,0.0,0.2216275930404663,1.9999998807907104,0.0,0.0
1768890689355978686,21.802348591,/aiformula_control/game_pad/cmd_vel,0.0,0.0,0.23629826307296753,1.9999998807907104,0.0,0.0
1768890689385892377,21.832262282,/aiformula_control/game_pad/cmd_vel,0.0,0.0,0.24362270534038544,1.9999998807907104,0.0,0.0
1768890689419975757,21.866345662,/aiformula_control/game_pad/cmd_vel,0.0,0.0,0.24362270534038544,1.9999998807907104,0.0,0.0
1768890689468015064,21.914384969,/aiformula_control/game_pad/cmd_vel,0.0,0.0,0.24362270534038544,1.9999998807907104,0.0,0.0
1768890689471594767,21.917964672,/aiformula_control/game_pad/cmd_vel,0.0,0.0,0.24362270534038544,1.9999998807907104,0.0,0.0
1768890689488630457,21.935000362,/aiformula_control/game_pad/cmd_vel,0.0,0.0,0.24362270534038544,1.9999998807907104,0.0,0.0
1768890689515875907,21.962245812,/aiformula_control/game_pad/cmd_vel,0.0,0.0,0.23629826307296753,1.9999998807907104,0.0,0.0
1768890689520147933,21.966517838,/aiformula_control/game_pad/cmd_vel,0.0,0.0,0.23629826307296753,1.9999998807907104,0.0,0.0
1768890689530475550,21.976845455,/aiformula_control/game_pad/cmd_vel,0.0,0.0,0.22895203530788422,1.9999998807907104,0.0,0.0
1768890689552868393,21.999238298,/aiformula_control/game_pad/cmd_vel,0.0,0.0,0.22895203530788422,1.9999998807907104,0.0,0.0
1768890689591704347,22.038074252,/aiformula_control/game_pad/cmd_vel,0.0,0.0,0.22895203530788422,1.9999998807907104,0.0,0.0
1768890689636314065,22.08268397,/aiformula_control/game_pad/cmd_vel,0.0,0.0,0.2216275930404663,1.9999998807907104,0.0,0.0
1768890689698049074,22.144418979,/aiformula_control/game_pad/cmd_vel,0.0,0.0,0.2216275930404663,1.9999998807907104,0.0,0.0
1768890689751170077,22.197539982,/aiformula_control/game_pad/cmd_vel,0.0,0.0,0.2216275930404663,1.9999998807907104,0.0,0.0
1768890689803579460,22.249949365,/aiformula_control/game_pad/cmd_vel,0.0,0.0,0.2216275930404663,1.9999998807907104,0.0,0.0
1768890689824329029,22.270698934,/aiformula_control/game_pad/cmd_vel,0.0,0.0,0.2216275930404663,1.9999998807907104,0.0,0.0
1768890689877570897,22.323940802,/aiformula_control/game_pad/cmd_vel,0.0,0.0,0.2216275930404663,1.9999998807907104,0.0,0.0
1768890689913072046,22.359441951,/aiformula_control/game_pad/cmd_vel,0.0,0.0,0.19965426623821259,1.9999998807907104,0.0,0.0
1768890689962320289,22.408690194,/aiformula_control/game_pad/cmd_vel,0.0,0.0,0.17768093943595886,1.9999998807907104,0.0,0.0
1768890690015038186,22.461408091,/aiformula_control/game_pad/cmd_vel,0.0,0.0,0.09709027409553528,1.9999998807907104,0.0,0.0
1768890690035568746,22.481938651,/aiformula_control/game_pad/cmd_vel,0.0,0.0,-0.0,1.9999998807907104,0.0,0.0
1768890690058758778,22.505128683,/aiformula_control/game_pad/cmd_vel,0.0,0.0,-0.0,1.9999998807907104,0.0,0.0
1768890690074508285,22.52087819,/aiformula_control/game_pad/cmd_vel,0.0,0.0,-0.0,1.9999998807907104,0.0,0.0
1768890690075117888,22.521487793,/aiformula_control/game_pad/cmd_vel,0.0,0.0,-0.0,1.9999998807907104,0.0,0.0
1768890690075759076,22.522128981,/aiformula_control/game_pad/cmd_vel,0.0,0.0,-0.0,1.9999998807907104,0.0,0.0
1768890690099898587,22.546268492,/aiformula_control/game_pad/cmd_vel,0.0,0.0,-0.0,1.9999998807907104,0.0,0.0
1768890690345689303,22.792059208,/aiformula_control/game_pad/cmd_vel,0.0,0.0,0.0238240547478199,1.9999998807907104,0.0,0.0
1768890690348664905,22.79503481,/aiformula_control/game_pad/cmd_vel,0.0,0.0,0.038472939282655716,1.9999998807907104,0.0,0.0
1768890690353889418,22.800259323,/aiformula_control/game_pad/cmd_vel,0.0,0.0,0.05312182381749153,1.9999998807907104,0.0,0.0
1768890690367975362,22.814345267,/aiformula_control/game_pad/cmd_vel,0.0,0.0,0.07511694729328156,1.9999998807907104,0.0,0.0
1768890690394736649,22.841106554,/aiformula_control/game_pad/cmd_vel,0.0,0.0,0.10441471636295319,1.9999998807907104,0.0,0.0
1768890690413514782,22.859884687,/aiformula_control/game_pad/cmd_vel,0.0,0.0,0.1263880431652069,1.9999998807907104,0.0,0.0
1768890690436672398,22.883042303,/aiformula_control/game_pad/cmd_vel,0.0,0.0,0.14838317036628723,1.9999998807907104,0.0,0.0
1768890690475260222,22.921630127,/aiformula_control/game_pad/cmd_vel,0.0,0.0,0.18500538170337677,1.9999998807907104,0.0,0.0
1768890690494272757,22.940642662,/aiformula_control/game_pad/cmd_vel,0.0,0.0,0.2143031507730484,1.9999998807907104,0.0,0.0
1768890690497950156,22.944320061,/aiformula_control/game_pad/cmd_vel,0.0,0.0,0.22895203530788422,1.9999998807907104,0.0,0.0
1768890690515045526,22.961415431,/aiformula_control/game_pad/cmd_vel,0.0,0.0,0.24362270534038544,1.9999998807907104,0.0,0.0
1768890690516578368,22.962948273,/aiformula_control/game_pad/cmd_vel,0.0,0.0,0.25094714760780334,1.9999998807907104,0.0,0.0
1768890690518742349,22.965112254,/aiformula_control/game_pad/cmd_vel,0.0,0.0,0.25827160477638245,1.9999998807907104,0.0,0.0
1768890690519139824,22.965509729,/aiformula_control/game_pad/cmd_vel,0.0,0.0,0.25827160477638245,1.9999998807907104,0.0,0.0
1768890690519495314,22.965865219,/aiformula_control/game_pad/cmd_vel,0.0,0.0,0.25827160477638245,1.9999998807907104,0.0,0.0
1768890690519844980,22.966214885,/aiformula_control/game_pad/cmd_vel,0.0,0.0,0.26559603214263916,1.9999998807907104,0.0,0.0
1768890690535488470,22.981858375,/aiformula_control/game_pad/cmd_vel,0.0,0.0,0.280244916677475,1.9999998807907104,0.0,0.0
1768890690538367144,22.984737049,/aiformula_control/game_pad/cmd_vel,0.0,0.0,0.2875693738460541,1.9999998807907104,0.0,0.0
1768890690559639692,23.006009597,/aiformula_control/game_pad/cmd_vel,0.0,0.0,0.2948938012123108,1.9999998807907104,0.0,0.0
1768890690581725558,23.028095463,/aiformula_control/game_pad/cmd_vel,0.0,0.0,0.2948938012123108,1.9999998807907104,0.0,0.0
1768890690584068293,23.030438198,/aiformula_control/game_pad/cmd_vel,0.0,0.0,0.2875693738460541,1.9999998807907104,0.0,0.0
1768890690607440470,23.053810375,/aiformula_control/game_pad/cmd_vel,0.0,0.0,0.25827160477638245,1.9999998807907104,0.0,0.0
1768890690607820089,23.054189994,/aiformula_control/game_pad/cmd_vel,0.0,0.0,0.23629826307296753,1.9999998807907104,0.0,0.0
1768890690610698635,23.05706854,/aiformula_control/game_pad/cmd_vel,0.0,0.0,0.19965426623821259,1.9999998807907104,0.0,0.0
1768890690620897706,23.067267611,/aiformula_control/game_pad/cmd_vel,0.0,0.0,0.18500538170337677,1.9999998807907104,0.0,0.0
1768890690631307915,23.07767782,/aiformula_control/game_pad/cmd_vel,0.0,0.0,0.17768093943595886,1.9999998807907104,0.0,0.0
1768890690677962190,23.124332095,/aiformula_control/game_pad/cmd_vel,0.0,0.0,0.17768093943595886,1.9999998807907104,0.0,0.0
1768890690688151917,23.134521822,/aiformula_control/game_pad/cmd_vel,0.0,0.0,0.19232982397079468,1.9999998807907104,0.0,0.0
1768890690703987696,23.150357601,/aiformula_control/game_pad/cmd_vel,0.0,0.0,0.2143031507730484,1.9999998807907104,0.0,0.0
1768890690704361490,23.150731395,/aiformula_control/game_pad/cmd_vel,0.0,0.0,0.22895203530788422,1.9999998807907104,0.0,0.0
1768890690737950756,23.184320661,/aiformula_control/game_pad/cmd_vel,0.0,0.0,0.23629826307296753,1.9999998807907104,0.0,0.0
1768890690745465203,23.191835108,/aiformula_control/game_pad/cmd_vel,0.0,0.0,0.23629826307296753,1.9999998807907104,0.0,0.0
1768890690753337860,23.199707765,/aiformula_control/game_pad/cmd_vel,0.0,0.0,0.23629826307296753,1.9999998807907104,0.0,0.0
1768890690826026217,23.272396122,/aiformula_control/game_pad/cmd_vel,0.0,0.0,0.23629826307296753,1.9999998807907104,0.0,0.0
1768890690848292852,23.294662757,/aiformula_control/game_pad/cmd_vel,0.0,0.0,0.23629826307296753,1.9999998807907104,0.0,0.0
1768890690891244767,23.337614672,/aiformula_control/game_pad/cmd_vel,0.0,0.0,0.24362270534038544,1.9999998807907104,0.0,0.0
1768890690921475228,23.367845133,/aiformula_control/game_pad/cmd_vel,0.0,0.0,0.24362270534038544,1.9999998807907104,0.0,0.0
1768890690953438179,23.399808084,/aiformula_control/game_pad/cmd_vel,0.0,0.0,0.25094714760780334,1.9999998807907104,0.0,0.0
1768890690989347907,23.435717812,/aiformula_control/game_pad/cmd_vel,0.0,0.0,0.25094714760780334,1.9999998807907104,0.0,0.0
1768890691016332043,23.462701948,/aiformula_control/game_pad/cmd_vel,0.0,0.0,0.25827160477638245,1.9999998807907104,0.0,0.0
1768890691031798027,23.478167932,/aiformula_control/game_pad/cmd_vel,0.0,0.0,0.25827160477638245,1.9999998807907104,0.0,0.0
1768890691072036614,23.518406519,/aiformula_control/game_pad/cmd_vel,0.0,0.0,0.25827160477638245,1.9999998807907104,0.0,0.0
1768890691116996126,23.563366031,/aiformula_control/game_pad/cmd_vel,0.0,0.0,0.25827160477638245,1.9999998807907104,0.0,0.0
1768890691166021328,23.612391233,/aiformula_control/game_pad/cmd_vel,0.0,0.0,0.2875693738460541,1.9999998807907104,0.0,0.0
1768890691232070124,23.678440029,/aiformula_control/game_pad/cmd_vel,0.0,0.0,0.33886227011680603,1.9999998807907104,0.0,0.0
1768890691282735047,23.729104952,/aiformula_control/game_pad/cmd_vel,0.0,0.0,0.34618669748306274,1.9999998807907104,0.0,0.0
1768890691327118492,23.773488397,/aiformula_control/game_pad/cmd_vel,0.0,0.0,0.35351115465164185,1.9999998807907104,0.0,0.0
1768890691383592508,23.829962413,/aiformula_control/game_pad/cmd_vel,0.0,0.0,0.36816003918647766,1.9999998807907104,0.0,0.0
1768890691432482829,23.878852734,/aiformula_control/game_pad/cmd_vel,0.0,0.0,0.2948938012123108,1.9999998807907104,0.0,0.0
1768890691459502837,23.905872742,/aiformula_control/game_pad/cmd_vel,0.0,0.0,0.27292048931121826,1.9999998807907104,0.0,0.0
1768890691507580801,23.953950706,/aiformula_control/game_pad/cmd_vel,0.0,0.0,0.26559603214263916,1.9999998807907104,0.0,0.0
1768890691557270647,24.003640552,/aiformula_control/game_pad/cmd_vel,0.0,0.0,0.2948938012123108,1.9999998807907104,0.0,0.0
1768890691603851193,24.050221098,/aiformula_control/game_pad/cmd_vel,0.0,0.0,0.3095426857471466,1.9999998807907104,0.0,0.0
1768890691655266041,24.101635946,/aiformula_control/game_pad/cmd_vel,0.0,0.0,0.3022182583808899,1.9999998807907104,0.0,0.0
1768890691724950028,24.171319933,/aiformula_control/game_pad/cmd_vel,0.0,0.0,0.3095426857471466,1.9999998807907104,0.0,0.0
1768890691790334051,24.236703956,/aiformula_control/game_pad/cmd_vel,0.0,0.0,0.3022182583808899,1.9999998807907104,0.0,0.0
1768890691862283844,24.308653749,/aiformula_control/game_pad/cmd_vel,0.0,0.0,0.24362270534038544,1.9999998807907104,0.0,0.0
1768890691889796111,24.336166016,/aiformula_control/game_pad/cmd_vel,0.0,0.0,0.25094714760780334,1.9999998807907104,0.0,0.0
1768890691903942887,24.350312792,/aiformula_control/game_pad/cmd_vel,0.0,0.0,0.25094714760780334,1.9999998807907104,0.0,0.0
1768890691911716440,24.358086345,/aiformula_control/game_pad/cmd_vel,0.0,0.0,0.24362270534038544,1.9999998807907104,0.0,0.0
1768890691947703544,24.394073449,/aiformula_control/game_pad/cmd_vel,0.0,0.0,0.24362270534038544,1.9999998807907104,0.0,0.0
1768890691957989432,24.404359337,/aiformula_control/game_pad/cmd_vel,0.0,0.0,0.24362270534038544,1.9999998807907104,0.0,0.0
1768890691958668349,24.405038254,/aiformula_control/game_pad/cmd_vel,0.0,0.0,0.24362270534038544,1.9999998807907104,0.0,0.0
1768890691959181216,24.405551121,/aiformula_control/game_pad/cmd_vel,0.0,0.0,0.24362270534038544,1.9999998807907104,0.0,0.0
1768890691959629763,24.405999668,/aiformula_control/game_pad/cmd_vel,0.0,0.0,0.24362270534038544,1.9999998807907104,0.0,0.0
1768890691972902229,24.419272134,/aiformula_control/game_pad/cmd_vel,0.0,0.0,0.22895203530788422,1.9999998807907104,0.0,0.0
1768890691976862926,24.423232831,/aiformula_control/game_pad/cmd_vel,0.0,0.0,0.19232982397079468,1.9999998807907104,0.0,0.0
1768890691977966357,24.424336262,/aiformula_control/game_pad/cmd_vel,0.0,0.0,0.14838317036628723,1.9999998807907104,0.0,0.0
1768890692002802256,24.449172161,/aiformula_control/game_pad/cmd_vel,0.0,0.0,0.119063600897789,1.9999998807907104,0.0,0.0
1768890692024933370,24.471303275,/aiformula_control/game_pad/cmd_vel,0.0,0.0,0.09709027409553528,1.9999998807907104,0.0,0.0
1768890692027787371,24.474157276,/aiformula_control/game_pad/cmd_vel,0.0,0.0,0.08244138956069946,1.9999998807907104,0.0,0.0
1768890692033288846,24.479658751,/aiformula_control/game_pad/cmd_vel,0.0,0.0,0.09709027409553528,1.9999998807907104,0.0,0.0
1768890692036031743,24.482401648,/aiformula_control/game_pad/cmd_vel,0.0,0.0,0.17035649716854095,1.9999998807907104,0.0,0.0
1768890692052611974,24.498981879,/aiformula_control/game_pad/cmd_vel,0.0,0.0,0.22895203530788422,1.9999998807907104,0.0,0.0
1768890692081956253,24.528326158,/aiformula_control/game_pad/cmd_vel,0.0,0.0,0.25827160477638245,1.9999998807907104,0.0,0.0
1768890692100531185,24.54690109,/aiformula_control/game_pad/cmd_vel,0.0,0.0,0.280244916677475,1.9999998807907104,0.0,0.0
1768890692120522573,24.566892478,/aiformula_control/game_pad/cmd_vel,0.0,0.0,0.2948938012123108,1.9999998807907104,0.0,0.0
1768890692157948631,24.604318536,/aiformula_control/game_pad/cmd_vel,0.0,0.0,0.2948938012123108,1.9999998807907104,0.0,0.0
1768890692183965913,24.630335818,/aiformula_control/game_pad/cmd_vel,0.0,0.0,0.2875693738460541,1.9999998807907104,0.0,0.0
1768890692207032457,24.653402362,/aiformula_control/game_pad/cmd_vel,0.0,0.0,0.27292048931121826,1.9999998807907104,0.0,0.0
1768890692214481399,24.660851304,/aiformula_control/game_pad/cmd_vel,0.0,0.0,0.27292048931121826,1.9999998807907104,0.0,0.0
1768890692214912314,24.661282219,/aiformula_control/game_pad/cmd_vel,0.0,0.0,0.25827160477638245,1.9999998807907104,0.0,0.0
1768890692215382109,24.661752014,/aiformula_control/game_pad/cmd_vel,0.0,0.0,0.25827160477638245,1.9999998807907104,0.0,0.0
1768890692215741983,24.662111888,/aiformula_control/game_pad/cmd_vel,0.0,0.0,0.25827160477638245,1.9999998807907104,0.0,0.0
1768890692233140427,24.679510332,/aiformula_control/game_pad/cmd_vel,0.0,0.0,0.25094714760780334,1.9999998807907104,0.0,0.0
1768890692260252884,24.706622789,/aiformula_control/game_pad/cmd_vel,0.0,0.0,0.23629826307296753,1.9999998807907104,0.0,0.0
1768890692287072443,24.733442348,/aiformula_control/game_pad/cmd_vel,0.0,0.0,0.24362270534038544,1.9999998807907104,0.0,0.0
1768890692351694094,24.798063999,/aiformula_control/game_pad/cmd_vel,0.0,0.0,0.24362270534038544,1.9999998807907104,0.0,0.0
1768890692375025568,24.821395473,/aiformula_control/game_pad/cmd_vel,0.0,0.0,0.23629826307296753,1.9999998807907104,0.0,0.0
1768890692435440280,24.881810185,/aiformula_control/game_pad/cmd_vel,0.0,0.0,0.2143031507730484,1.9999998807907104,0.0,0.0
1768890692468243941,24.914613846,/aiformula_control/game_pad/cmd_vel,0.0,0.0,0.19965426623821259,1.9999998807907104,0.0,0.0
1768890692510260875,24.95663078,/aiformula_control/game_pad/cmd_vel,0.0,0.0,0.18500538170337677,1.9999998807907104,0.0,0.0
1768890692539984772,24.986354677,/aiformula_control/game_pad/cmd_vel,0.0,0.0,0.17035649716854095,1.9999998807907104,0.0,0.0
1768890692562071854,25.008441759,/aiformula_control/game_pad/cmd_vel,0.0,0.0,0.17035649716854095,1.9999998807907104,0.0,0.0
1768890692580692738,25.027062643,/aiformula_control/game_pad/cmd_vel,0.0,0.0,0.17035649716854095,1.9999998807907104,0.0,0.0
1768890692619718901,25.066088806,/aiformula_control/game_pad/cmd_vel,0.0,0.0,0.17035649716854095,1.9999998807907104,0.0,0.0
1768890692637092161,25.083462066,/aiformula_control/game_pad/cmd_vel,0.0,0.0,0.17035649716854095,1.9999998807907104,0.0,0.0
1768890692658708904,25.105078809,/aiformula_control/game_pad/cmd_vel,0.0,0.0,0.14103692770004272,1.9999998807907104,0.0,0.0
1768890692700287115,25.14665702,/aiformula_control/game_pad/cmd_vel,0.0,0.0,0.031148497015237808,1.9999998807907104,0.0,0.0
1768890692707205590,25.153575495,/aiformula_control/game_pad/cmd_vel,0.0,0.0,0.001850729575380683,1.9999998807907104,0.0,0.0
1768890692707741434,25.154111339,/aiformula_control/game_pad/cmd_vel,0.0,0.0,0.00917517114430666,1.9999998807907104,0.0,0.0
1768890692708182972,25.154552877,/aiformula_control/game_pad/cmd_vel,0.0,0.0,0.05312182381749153,1.9999998807907104,0.0,0.0
1768890692708567455,25.15493736,/aiformula_control/game_pad/cmd_vel,0.0,0.0,0.10441471636295319,1.9999998807907104,0.0,0.0
1768890692709578693,25.155948598,/aiformula_control/game_pad/cmd_vel,0.0,0.0,0.13371248543262482,1.9999998807907104,0.0,0.0
1768890692710560427,25.156930332,/aiformula_control/game_pad/cmd_vel,0.0,0.0,0.14103692770004272,1.9999998807907104,0.0,0.0
1768890692710924525,25.15729443,/aiformula_control/game_pad/cmd_vel,0.0,0.0,0.14838317036628723,1.9999998807907104,0.0,0.0
1768890692711310544,25.157680449,/aiformula_control/game_pad/cmd_vel,0.0,0.0,0.14103692770004272,1.9999998807907104,0.0,0.0
1768890692711639058,25.158008963,/aiformula_control/game_pad/cmd_vel,0.0,0.0,0.14838317036628723,1.9999998807907104,0.0,0.0
1768890692723052985,25.16942289,/aiformula_control/game_pad/cmd_vel,0.0,0.0,0.14838317036628723,1.9999998807907104,0.0,0.0
1768890692739679969,25.186049874,/aiformula_control/game_pad/cmd_vel,0.0,0.0,0.14838317036628723,1.9999998807907104,0.0,0.0
1768890692818083849,25.264453754,/aiformula_control/game_pad/cmd_vel,0.0,0.0,0.14838317036628723,1.9999998807907104,0.0,0.0
1768890692841046392,25.287416297,/aiformula_control/game_pad/cmd_vel,0.0,0.0,0.16303205490112305,1.9999998807907104,0.0,0.0
1768890692870615217,25.316985122,/aiformula_control/game_pad/cmd_vel,0.0,0.0,0.16303205490112305,1.9999998807907104,0.0,0.0
1768890692894753735,25.34112364,/aiformula_control/game_pad/cmd_vel,0.0,0.0,0.15570761263370514,1.9999998807907104,0.0,0.0
1768890692916875569,25.363245474,/aiformula_control/game_pad/cmd_vel,0.0,0.0,0.17768093943595886,1.9999998807907104,0.0,0.0
1768890692945719013,25.392088918,/aiformula_control/game_pad/cmd_vel,0.0,0.0,0.19232982397079468,1.9999998807907104,0.0,0.0
1768890692964231192,25.410601097,/aiformula_control/game_pad/cmd_vel,0.0,0.0,0.2143031507730484,1.9999998807907104,0.0,0.0
1768890692984635927,25.431005832,/aiformula_control/game_pad/cmd_vel,0.0,0.0,0.25827160477638245,1.9999998807907104,0.0,0.0
1768890693011916193,25.458286098,/aiformula_control/game_pad/cmd_vel,0.0,0.0,0.2875693738460541,1.9999998807907104,0.0,0.0
1768890693038277606,25.484647511,/aiformula_control/game_pad/cmd_vel,0.0,0.0,0.3242133855819702,1.9999998807907104,0.0,0.0
1768890693065940434,25.512310339,/aiformula_control/game_pad/cmd_vel,0.0,0.0,0.33153781294822693,1.9999998807907104,0.0,0.0
1768890693110992043,25.557361948,/aiformula_control/game_pad/cmd_vel,0.0,0.0,0.33153781294822693,1.9999998807907104,0.0,0.0
1768890693133059349,25.579429254,/aiformula_control/game_pad/cmd_vel,0.0,0.0,0.3242133855819702,1.9999998807907104,0.0,0.0
1768890693159754619,25.606124524,/aiformula_control/game_pad/cmd_vel,0.0,0.0,0.3168671429157257,1.9999998807907104,0.0,0.0
1768890693169694073,25.616063978,/aiformula_control/game_pad/cmd_vel,0.0,0.0,0.3022182583808899,1.9999998807907104,0.0,0.0
1768890693195180760,25.641550665,/aiformula_control/game_pad/cmd_vel,0.0,0.0,0.25827160477638245,1.9999998807907104,0.0,0.0
1768890693214285231,25.660655136,/aiformula_control/game_pad/cmd_vel,0.0,0.0,0.2069787085056305,1.9999998807907104,0.0,0.0
1768890693219333902,25.665703807,/aiformula_control/game_pad/cmd_vel,0.0,0.0,0.16303205490112305,1.9999998807907104,0.0,0.0
1768890693219865714,25.666235619,/aiformula_control/game_pad/cmd_vel,0.0,0.0,0.1117391586303711,1.9999998807907104,0.0,0.0
1768890693220334389,25.666704294,/aiformula_control/game_pad/cmd_vel,0.0,0.0,0.08244138956069946,1.9999998807907104,0.0,0.0
1768890693231229400,25.677599305,/aiformula_control/game_pad/cmd_vel,0.0,0.0,0.06779250502586365,1.9999998807907104,0.0,0.0
1768890693232259391,25.678629296,/aiformula_control/game_pad/cmd_vel,0.0,0.0,0.06779250502586365,1.9999998807907104,0.0,0.0
1768890693241403192,25.687773097,/aiformula_control/game_pad/cmd_vel,0.0,0.0,0.08244138956069946,1.9999998807907104,0.0,0.0
1768890693272717371,25.719087276,/aiformula_control/game_pad/cmd_vel,0.0,0.0,0.1117391586303711,1.9999998807907104,0.0,0.0
1768890693282561080,25.728930985,/aiformula_control/game_pad/cmd_vel,0.0,0.0,0.13371248543262482,1.9999998807907104,0.0,0.0
1768890693387329477,25.833699382,/aiformula_control/game_pad/cmd_vel,0.0,0.0,0.13371248543262482,1.9999998807907104,0.0,0.0
1768890693476628178,25.922998083,/aiformula_control/game_pad/cmd_vel,0.0,0.0,0.1117391586303711,1.9999998807907104,0.0,0.0
1768890693544536377,25.990906282,/aiformula_control/game_pad/cmd_vel,0.0,0.0,0.119063600897789,1.9999998807907104,0.0,0.0
1768890693596804511,26.043174416,/aiformula_control/game_pad/cmd_vel,0.0,0.0,0.14838317036628723,1.9999998807907104,0.0,0.0
1768890693660219882,26.106589787,/aiformula_control/game_pad/cmd_vel,0.0,0.0,0.17768093943595886,1.9999998807907104,0.0,0.0
1768890693721432168,26.167802073,/aiformula_control/game_pad/cmd_vel,0.0,0.0,0.2069787085056305,1.9999998807907104,0.0,0.0
1768890693770588698,26.216958603,/aiformula_control/game_pad/cmd_vel,0.0,0.0,0.22895203530788422,1.9999998807907104,0.0,0.0
1768890693791342108,26.237712013,/aiformula_control/game_pad/cmd_vel,0.0,0.0,0.22895203530788422,1.9999998807907104,0.0,0.0
1768890693835117292,26.281487197,/aiformula_control/game_pad/cmd_vel,0.0,0.0,0.22895203530788422,1.9999998807907104,0.0,0.0
1768890693864811590,26.311181495,/aiformula_control/game_pad/cmd_vel,0.0,0.0,0.22895203530788422,1.9999998807907104,0.0,0.0
1768890693926395941,26.372765846,/aiformula_control/game_pad/cmd_vel,0.0,0.0,0.19232982397079468,1.9999998807907104,0.0,0.0
1768890693980506391,26.426876296,/aiformula_control/game_pad/cmd_vel,0.0,0.0,0.14838317036628723,1.9999998807907104,0.0,0.0
1768890694012344413,26.458714318,/aiformula_control/game_pad/cmd_vel,0.0,0.0,0.19232982397079468,1.9999998807907104,0.0,0.0
1768890694051441489,26.497811394,/aiformula_control/game_pad/cmd_vel,0.0,0.0,0.27292048931121826,1.9999998807907104,0.0,0.0
1768890694089836480,26.536206385,/aiformula_control/game_pad/cmd_vel,0.0,0.0,0.2875693738460541,1.9999998807907104,0.0,0.0
1768890694124052181,26.570422086,/aiformula_control/game_pad/cmd_vel,0.0,0.0,0.3242133855819702,1.9999998807907104,0.0,0.0
1768890694186198265,26.63256817,/aiformula_control/game_pad/cmd_vel,0.0,0.0,0.23629826307296753,1.9999998807907104,0.0,0.0
1768890694227122072,26.673491977,/aiformula_control/game_pad/cmd_vel,0.0,0.0,0.2216275930404663,1.9999998807907104,0.0,0.0
1768890694255668778,26.702038683,/aiformula_control/game_pad/cmd_vel,0.0,0.0,0.23629826307296753,1.9999998807907104,0.0,0.0
1768890694295359137,26.741729042,/aiformula_control/game_pad/cmd_vel,0.0,0.0,0.280244916677475,1.9999998807907104,0.0,0.0
1768890694324278549,26.770648454,/aiformula_control/game_pad/cmd_vel,0.0,0.0,0.2875693738460541,1.9999998807907104,0.0,0.0
1768890694361163835,26.80753374,/aiformula_control/game_pad/cmd_vel,0.0,0.0,0.2948938012123108,1.9999998807907104,0.0,0.0
1768890694380540436,26.826910341,/aiformula_control/game_pad/cmd_vel,0.0,0.0,0.3022182583808899,1.9999998807907104,0.0,0.0
1768890694402490429,26.848860334,/aiformula_control/game_pad/cmd_vel,0.0,0.0,0.3242133855819702,1.9999998807907104,0.0,0.0
1768890694445082246,26.891452151,/aiformula_control/game_pad/cmd_vel,0.0,0.0,0.3095426857471466,1.9999998807907104,0.0,0.0
1768890694471243945,26.91761385,/aiformula_control/game_pad/cmd_vel,0.0,0.0,0.26559603214263916,1.9999998807907104,0.0,0.0
1768890694508495570,26.954865475,/aiformula_control/game_pad/cmd_vel,0.0,0.0,0.26559603214263916,1.9999998807907104,0.0,0.0
1768890694518641681,26.965011586,/aiformula_control/game_pad/cmd_vel,0.0,0.0,0.26559603214263916,1.9999998807907104,0.0,0.0
1768890694555136180,27.001506085,/aiformula_control/game_pad/cmd_vel,0.0,0.0,0.27292048931121826,1.9999998807907104,0.0,0.0
1768890694578847240,27.025217145,/aiformula_control/game_pad/cmd_vel,0.0,0.0,0.3242133855819702,1.9999998807907104,0.0,0.0
1768890694589665676,27.036035581,/aiformula_control/game_pad/cmd_vel,0.0,0.0,0.33886227011680603,1.9999998807907104,0.0,0.0
1768890694623249149,27.069619054,/aiformula_control/game_pad/cmd_vel,0.0,0.0,0.33886227011680603,1.9999998807907104,0.0,0.0
1768890694633327228,27.079697133,/aiformula_control/game_pad/cmd_vel,0.0,0.0,0.33886227011680603,1.9999998807907104,0.0,0.0
1768890694634342946,27.080712851,/aiformula_control/game_pad/cmd_vel,0.0,0.0,0.33153781294822693,1.9999998807907104,0.0,0.0
1768890694645566760,27.091936665,/aiformula_control/game_pad/cmd_vel,0.0,0.0,0.33153781294822693,1.9999998807907104,0.0,0.0
1768890694648687323,27.095057228,/aiformula_control/game_pad/cmd_vel,0.0,0.0,0.33153781294822693,1.9999998807907104,0.0,0.0
1768890694649579617,27.095949522,/aiformula_control/game_pad/cmd_vel,0.0,0.0,0.3242133855819702,1.9999998807907104,0.0,0.0
1768890694650078532,27.096448437,/aiformula_control/game_pad/cmd_vel,0.0,0.0,0.27292048931121826,1.9999998807907104,0.0,0.0
1768890694650681256,27.097051161,/aiformula_control/game_pad/cmd_vel,0.0,0.0,0.25094714760780334,1.9999998807907104,0.0,0.0
1768890694651075690,27.097445595,/aiformula_control/game_pad/cmd_vel,0.0,0.0,0.24362270534038544,1.9999998807907104,0.0,0.0
1768890694651434925,27.09780483,/aiformula_control/game_pad/cmd_vel,0.0,0.0,0.23629826307296753,1.9999998807907104,0.0,0.0
1768890694651826255,27.09819616,/aiformula_control/game_pad/cmd_vel,0.0,0.0,0.2069787085056305,1.9999998807907104,0.0,0.0
1768890694652126097,27.098496002,/aiformula_control/game_pad/cmd_vel,0.0,0.0,0.19965426623821259,1.9999998807907104,0.0,0.0
1768890694670259394,27.116629299,/aiformula_control/game_pad/cmd_vel,0.0,0.0,0.19232982397079468,1.9999998807907104,0.0,0.0
1768890694697609932,27.143979837,/aiformula_control/game_pad/cmd_vel,0.0,0.0,0.19232982397079468,1.9999998807907104,0.0,0.0
1768890694698710867,27.145080772,/aiformula_control/game_pad/cmd_vel,0.0,0.0,0.19232982397079468,1.9999998807907104,0.0,0.0
1768890694699097974,27.145467879,/aiformula_control/game_pad/cmd_vel,0.0,0.0,0.2143031507730484,1.9999998807907104,0.0,0.0
1768890694701707238,27.148077143,/aiformula_control/game_pad/cmd_vel,0.0,0.0,0.25827160477638245,1.9999998807907104,0.0,0.0
1768890694721358304,27.167728209,/aiformula_control/game_pad/cmd_vel,0.0,0.0,0.280244916677475,1.9999998807907104,0.0,0.0
1768890694749678129,27.196048034,/aiformula_control/game_pad/cmd_vel,0.0,0.0,0.3242133855819702,1.9999998807907104,0.0,0.0
1768890694769695534,27.216065439,/aiformula_control/game_pad/cmd_vel,0.0,0.0,0.34618669748306274,1.9999998807907104,0.0,0.0
1768890694787689534,27.234059439,/aiformula_control/game_pad/cmd_vel,0.0,0.0,0.36083558201789856,1.9999998807907104,0.0,0.0
1768890694796157523,27.242527428,/aiformula_control/game_pad/cmd_vel,0.0,0.0,0.36083558201789856,1.9999998807907104,0.0,0.0
1768890694823438397,27.269808302,/aiformula_control/game_pad/cmd_vel,0.0,0.0,0.36816003918647766,1.9999998807907104,0.0,0.0
1768890694837384308,27.283754213,/aiformula_control/game_pad/cmd_vel,0.0,0.0,0.36816003918647766,1.9999998807907104,0.0,0.0
1768890694838430138,27.284800043,/aiformula_control/game_pad/cmd_vel,0.0,0.0,0.3754844665527344,1.9999998807907104,0.0,0.0
1768890694838784220,27.285154125,/aiformula_control/game_pad/cmd_vel,0.0,0.0,0.404782235622406,1.9999998807907104,0.0,0.0
1768890694839126110,27.285496015,/aiformula_control/game_pad/cmd_vel,0.0,0.0,0.44142624735832214,1.9999998807907104,0.0,0.0
1768890694839394976,27.285764881,/aiformula_control/game_pad/cmd_vel,0.0,0.0,0.4707240164279938,1.9999998807907104,0.0,0.0
1768890694847220849,27.293590754,/aiformula_control/game_pad/cmd_vel,0.0,0.0,0.4999999701976776,1.9999998807907104,0.0,0.0
1768890694865912357,27.312282262,/aiformula_control/game_pad/cmd_vel,0.0,0.0,0.4999999701976776,1.9999998807907104,0.0,0.0
1768890694868847288,27.315217193,/aiformula_control/game_pad/cmd_vel,0.0,0.0,0.4999999701976776,1.9999998807907104,0.0,0.0
1768890694911765795,27.3581357,/aiformula_control/game_pad/cmd_vel,0.0,0.0,0.4999999701976776,1.9999998807907104,0.0,0.0
1768890694914274323,27.360644228,/aiformula_control/game_pad/cmd_vel,0.0,0.0,0.4999999701976776,1.9999998807907104,0.0,0.0
1768890694918568942,27.364938847,/aiformula_control/game_pad/cmd_vel,0.0,0.0,0.4999999701976776,1.9999998807907104,0.0,0.0
1768890694938616299,27.384986204,/aiformula_control/game_pad/cmd_vel,0.0,0.0,0.4999999701976776,1.9999998807907104,0.0,0.0
1768890694964043881,27.410413786,/aiformula_control/game_pad/cmd_vel,0.0,0.0,0.4999999701976776,1.9999998807907104,0.0,0.0
1768890694967366206,27.413736111,/aiformula_control/game_pad/cmd_vel,0.0,0.0,0.4999999701976776,1.9999998807907104,0.0,0.0
1768890694986204563,27.432574468,/aiformula_control/game_pad/cmd_vel,0.0,0.0,0.4633995592594147,1.9999998807907104,0.0,0.0
1768890694995831631,27.442201536,/aiformula_control/game_pad/cmd_vel,0.0,0.0,0.44875067472457886,1.9999998807907104,0.0,0.0
1768890695015614155,27.46198406,/aiformula_control/game_pad/cmd_vel,0.0,0.0,0.44875067472457886,1.9999998807907104,0.0,0.0
1768890695050562436,27.496932341,/aiformula_control/game_pad/cmd_vel,0.0,0.0,0.4707240164279938,1.9999998807907104,0.0,0.0
1768890695071477607,27.517847512,/aiformula_control/game_pad/cmd_vel,0.0,0.0,0.4780484437942505,1.9999998807907104,0.0,0.0
1768890695112250469,27.558620374,/aiformula_control/game_pad/cmd_vel,0.0,0.0,0.4926973283290863,1.9999998807907104,0.0,0.0
1768890695132090657,27.578460562,/aiformula_control/game_pad/cmd_vel,0.0,0.0,0.4926973283290863,1.9999998807907104,0.0,0.0
1768890695163105250,27.609475155,/aiformula_control/game_pad/cmd_vel,0.0,0.0,0.4853729009628296,1.9999998807907104,0.0,0.0
1768890695200075240,27.646445145,/aiformula_control/game_pad/cmd_vel,0.0,0.0,0.4780484437942505,1.9999998807907104,0.0,0.0
1768890695230982345,27.67735225,/aiformula_control/game_pad/cmd_vel,0.0,0.0,0.45607513189315796,1.9999998807907104,0.0,0.0
1768890695250045632,27.696415537,/aiformula_control/game_pad/cmd_vel,0.0,0.0,0.44142624735832214,1.9999998807907104,0.0,0.0
1768890695271433221,27.717803126,/aiformula_control/game_pad/cmd_vel,0.0,0.0,0.42677736282348633,1.9999998807907104,0.0,0.0
1768890695297855658,27.744225563,/aiformula_control/game_pad/cmd_vel,0.0,0.0,0.4121284782886505,1.9999998807907104,0.0,0.0
1768890695325851224,27.772221129,/aiformula_control/game_pad/cmd_vel,0.0,0.0,0.404782235622406,1.9999998807907104,0.0,0.0
1768890695361003411,27.807373316,/aiformula_control/game_pad/cmd_vel,0.0,0.0,0.35351115465164185,1.9999998807907104,0.0,0.0
1768890695386892117,27.833262022,/aiformula_control/game_pad/cmd_vel,0.0,0.0,0.33886227011680603,1.9999998807907104,0.0,0.0
1768890695410369479,27.856739384,/aiformula_control/game_pad/cmd_vel,0.0,0.0,0.33153781294822693,1.9999998807907104,0.0,0.0
1768890695435353635,27.88172354,/aiformula_control/game_pad/cmd_vel,0.0,0.0,0.33153781294822693,1.9999998807907104,0.0,0.0
1768890695451403559,27.897773464,/aiformula_control/game_pad/cmd_vel,0.0,0.0,0.33153781294822693,1.9999998807907104,0.0,0.0
1768890695475298940,27.921668845,/aiformula_control/game_pad/cmd_vel,0.0,0.0,0.33886227011680603,1.9999998807907104,0.0,0.0
1768890695503396747,27.949766652,/aiformula_control/game_pad/cmd_vel,0.0,0.0,0.33886227011680603,1.9999998807907104,0.0,0.0
1768890695513243656,27.959613561,/aiformula_control/game_pad/cmd_vel,0.0,0.0,0.34618669748306274,1.9999998807907104,0.0,0.0
1768890695528577128,27.974947033,/aiformula_control/game_pad/cmd_vel,0.0,0.0,0.35351115465164185,1.9999998807907104,0.0,0.0
1768890695563057887,28.009427792,/aiformula_control/game_pad/cmd_vel,0.0,0.0,0.35351115465164185,1.9999998807907104,0.0,0.0
1768890695579674822,28.026044727,/aiformula_control/game_pad/cmd_vel,0.0,0.0,0.36083558201789856,1.9999998807907104,0.0,0.0
1768890695580822030,28.027191935,/aiformula_control/game_pad/cmd_vel,0.0,0.0,0.36083558201789856,1.9999998807907104,0.0,0.0
1768890695597694583,28.044064488,/aiformula_control/game_pad/cmd_vel,0.0,0.0,0.36083558201789856,1.9999998807907104,0.0,0.0
1768890695641932682,28.088302587,/aiformula_control/game_pad/cmd_vel,0.0,0.0,0.36083558201789856,1.9999998807907104,0.0,0.0
1768890695648656820,28.095026725,/aiformula_control/game_pad/cmd_vel,0.0,0.0,0.36083558201789856,1.9999998807907104,0.0,0.0
1768890695666743365,28.11311327,/aiformula_control/game_pad/cmd_vel,0.0,0.0,0.35351115465164185,1.9999998807907104,0.0,0.0
1768890695695864635,28.14223454,/aiformula_control/game_pad/cmd_vel,0.0,0.0,0.2875693738460541,1.9999998807907104,0.0,0.0
1768890695711763934,28.158133839,/aiformula_control/game_pad/cmd_vel,0.0,0.0,0.25827160477638245,1.9999998807907104,0.0,0.0
1768890695712240705,28.15861061,/aiformula_control/game_pad/cmd_vel,0.0,0.0,0.23629826307296753,1.9999998807907104,0.0,0.0
1768890695712589315,28.15895922,/aiformula_control/game_pad/cmd_vel,0.0,0.0,0.2143031507730484,1.9999998807907104,0.0,0.0
1768890695712932101,28.159302006,/aiformula_control/game_pad/cmd_vel,0.0,0.0,0.2069787085056305,1.9999998807907104,0.0,0.0
1768890695713281127,28.159651032,/aiformula_control/game_pad/cmd_vel,0.0,0.0,0.22895203530788422,1.9999998807907104,0.0,0.0
1768890695713643081,28.160012986,/aiformula_control/game_pad/cmd_vel,0.0,0.0,0.25094714760780334,1.9999998807907104,0.0,0.0
1768890695714033612,28.160403517,/aiformula_control/game_pad/cmd_vel,0.0,0.0,0.280244916677475,1.9999998807907104,0.0,0.0
1768890695716901470,28.163271375,/aiformula_control/game_pad/cmd_vel,0.0,0.0,0.3022182583808899,1.9999998807907104,0.0,0.0
1768890695732982082,28.179351987,/aiformula_control/game_pad/cmd_vel,0.0,0.0,0.3095426857471466,1.9999998807907104,0.0,0.0
1768890695757115960,28.203485865,/aiformula_control/game_pad/cmd_vel,0.0,0.0,0.3168671429157257,1.9999998807907104,0.0,0.0
1768890695777893978,28.224263883,/aiformula_control/game_pad/cmd_vel,0.0,0.0,0.3095426857471466,1.9999998807907104,0.0,0.0
1768890695778817408,28.225187313,/aiformula_control/game_pad/cmd_vel,0.0,0.0,0.3168671429157257,1.9999998807907104,0.0,0.0
1768890695779207650,28.225577555,/aiformula_control/game_pad/cmd_vel,0.0,0.0,0.3168671429157257,1.9999998807907104,0.0,0.0
1768890695779511396,28.225881301,/aiformula_control/game_pad/cmd_vel,0.0,0.0,0.3095426857471466,1.9999998807907104,0.0,0.0
1768890695779869222,28.226239127,/aiformula_control/game_pad/cmd_vel,0.0,0.0,0.3168671429157257,1.9999998807907104,0.0,0.0
1768890695780152040,28.226521945,/aiformula_control/game_pad/cmd_vel,0.0,0.0,0.3095426857471466,1.9999998807907104,0.0,0.0
1768890695805554566,28.251924471,/aiformula_control/game_pad/cmd_vel,0.0,0.0,0.3095426857471466,1.9999998807907104,0.0,0.0
1768890695841761416,28.288131321,/aiformula_control/game_pad/cmd_vel,0.0,0.0,0.3095426857471466,1.9999998807907104,0.0,0.0
1768890695860676414,28.307046319,/aiformula_control/game_pad/cmd_vel,0.0,0.0,0.3095426857471466,1.9999998807907104,0.0,0.0
1768890695883475180,28.329845085,/aiformula_control/game_pad/cmd_vel,0.0,0.0,0.3022182583808899,1.9999998807907104,0.0,0.0
1768890695904528303,28.350898208,/aiformula_control/game_pad/cmd_vel,0.0,0.0,0.2875693738460541,1.9999998807907104,0.0,0.0
1768890695905278036,28.351647941,/aiformula_control/game_pad/cmd_vel,0.0,0.0,0.2875693738460541,1.9999998807907104,0.0,0.0
1768890695905751479,28.352121384,/aiformula_control/game_pad/cmd_vel,0.0,0.0,0.2875693738460541,1.9999998807907104,0.0,0.0
1768890695922521151,28.368891056,/aiformula_control/game_pad/cmd_vel,0.0,0.0,0.2948938012123108,1.9999998807907104,0.0,0.0
1768890695948476513,28.394846418,/aiformula_control/game_pad/cmd_vel,0.0,0.0,0.2948938012123108,1.9999998807907104,0.0,0.0
1768890695987767830,28.434137735,/aiformula_control/game_pad/cmd_vel,0.0,0.0,0.2875693738460541,1.9999998807907104,0.0,0.0
1768890696009112795,28.4554827,/aiformula_control/game_pad/cmd_vel,0.0,0.0,0.2948938012123108,1.9999998807907104,0.0,0.0
1768890696037417516,28.483787421,/aiformula_control/game_pad/cmd_vel,0.0,0.0,0.2875693738460541,1.9999998807907104,0.0,0.0
1768890696061063583,28.507433488,/aiformula_control/game_pad/cmd_vel,0.0,0.0,0.2875693738460541,1.9999998807907104,0.0,0.0
1768890696081920161,28.528290066,/aiformula_control/game_pad/cmd_vel,0.0,0.0,0.27292048931121826,1.9999998807907104,0.0,0.0
1768890696118023170,28.564393075,/aiformula_control/game_pad/cmd_vel,0.0,0.0,0.25827160477638245,1.9999998807907104,0.0,0.0
1768890696118828679,28.565198584,/aiformula_control/game_pad/cmd_vel,0.0,0.0,0.22895203530788422,1.9999998807907104,0.0,0.0
1768890696119436139,28.565806044,/aiformula_control/game_pad/cmd_vel,0.0,0.0,0.19965426623821259,1.9999998807907104,0.0,0.0
1768890696119950510,28.566320415,/aiformula_control/game_pad/cmd_vel,0.0,0.0,0.18500538170337677,1.9999998807907104,0.0,0.0
1768890696120588018,28.566957923,/aiformula_control/game_pad/cmd_vel,0.0,0.0,0.17035649716854095,1.9999998807907104,0.0,0.0
1768890696124006951,28.570376856,/aiformula_control/game_pad/cmd_vel,0.0,0.0,0.17768093943595886,1.9999998807907104,0.0,0.0
1768890696141215538,28.587585443,/aiformula_control/game_pad/cmd_vel,0.0,0.0,0.19232982397079468,1.9999998807907104,0.0,0.0
1768890696170666506,28.617036411,/aiformula_control/game_pad/cmd_vel,0.0,0.0,0.19232982397079468,1.9999998807907104,0.0,0.0
1768890696191665357,28.638035262,/aiformula_control/game_pad/cmd_vel,0.0,0.0,0.14838317036628723,1.9999998807907104,0.0,0.0
1768890696213560949,28.659930854,/aiformula_control/game_pad/cmd_vel,0.0,0.0,0.09709027409553528,1.9999998807907104,0.0,0.0
1768890696238642674,28.685012579,/aiformula_control/game_pad/cmd_vel,0.0,0.0,0.05312182381749153,1.9999998807907104,0.0,0.0
1768890696264553619,28.710923524,/aiformula_control/game_pad/cmd_vel,0.0,0.0,0.038472939282655716,1.9999998807907104,0.0,0.0
1768890696285774104,28.732144009,/aiformula_control/game_pad/cmd_vel,0.0,0.0,0.038472939282655716,1.9999998807907104,0.0,0.0
1768890696316393110,28.762763015,/aiformula_control/game_pad/cmd_vel,0.0,0.0,0.031148497015237808,1.9999998807907104,0.0,0.0
1768890696317952928,28.764322833,/aiformula_control/game_pad/cmd_vel,0.0,0.0,0.045797381550073624,1.9999998807907104,0.0,0.0
1768890696319261832,28.765631737,/aiformula_control/game_pad/cmd_vel,0.0,0.0,0.06046806275844574,1.9999998807907104,0.0,0.0
1768890696319579018,28.765948923,/aiformula_control/game_pad/cmd_vel,0.0,0.0,0.06046806275844574,1.9999998807907104,0.0,0.0
1768890696333662626,28.780032531,/aiformula_control/game_pad/cmd_vel,0.0,0.0,0.06779250502586365,1.9999998807907104,0.0,0.0
1768890696363738205,28.81010811,/aiformula_control/game_pad/cmd_vel,0.0,0.0,0.06779250502586365,1.9999998807907104,0.0,0.0
1768890696450111576,28.896481481,/aiformula_control/game_pad/cmd_vel,0.0,0.0,0.07511694729328156,1.9999998807907104,0.0,0.0
1768890696453586222,28.899956127,/aiformula_control/game_pad/cmd_vel,0.0,0.0,0.09709027409553528,1.9999998807907104,0.0,0.0
1768890696503378628,28.949748533,/aiformula_control/game_pad/cmd_vel,0.0,0.0,0.1117391586303711,1.9999998807907104,0.0,0.0
1768890696508953543,28.955323448,/aiformula_control/game_pad/cmd_vel,0.0,0.0,0.119063600897789,1.9999998807907104,0.0,0.0
1768890696542386999,28.988756904,/aiformula_control/game_pad/cmd_vel,0.0,0.0,0.14103692770004272,1.9999998807907104,0.0,0.0
1768890696569729121,29.016099026,/aiformula_control/game_pad/cmd_vel,0.0,0.0,0.17035649716854095,1.9999998807907104,0.0,0.0
1768890696572863765,29.01923367,/aiformula_control/game_pad/cmd_vel,0.0,0.0,0.18500538170337677,1.9999998807907104,0.0,0.0
1768890696575568870,29.021938775,/aiformula_control/game_pad/cmd_vel,0.0,0.0,0.19965426623821259,1.9999998807907104,0.0,0.0
1768890696585779749,29.032149654,/aiformula_control/game_pad/cmd_vel,0.0,0.0,0.2216275930404663,1.9999998807907104,0.0,0.0
1768890696603760278,29.050130183,/aiformula_control/game_pad/cmd_vel,0.0,0.0,0.23629826307296753,1.9999998807907104,0.0,0.0
1768890696629358581,29.075728486,/aiformula_control/game_pad/cmd_vel,0.0,0.0,0.27292048931121826,1.9999998807907104,0.0,0.0
1768890696656833568,29.103203473,/aiformula_control/game_pad/cmd_vel,0.0,0.0,0.2875693738460541,1.9999998807907104,0.0,0.0
1768890696681084888,29.127454793,/aiformula_control/game_pad/cmd_vel,0.0,0.0,0.3168671429157257,1.9999998807907104,0.0,0.0
1768890696712284666,29.158654571,/aiformula_control/game_pad/cmd_vel,0.0,0.0,0.33886227011680603,1.9999998807907104,0.0,0.0
1768890696729500325,29.17587023,/aiformula_control/game_pad/cmd_vel,0.0,0.0,0.35351115465164185,1.9999998807907104,0.0,0.0
1768890696756720783,29.203090688,/aiformula_control/game_pad/cmd_vel,0.0,0.0,0.36083558201789856,1.9999998807907104,0.0,0.0
1768890696798201362,29.244571267,/aiformula_control/game_pad/cmd_vel,0.0,0.0,0.36083558201789856,1.9999998807907104,0.0,0.0
1768890696837335365,29.28370527,/aiformula_control/game_pad/cmd_vel,0.0,0.0,0.36083558201789856,1.9999998807907104,0.0,0.0
1768890696864504879,29.310874784,/aiformula_control/game_pad/cmd_vel,0.0,0.0,0.34618669748306274,1.9999998807907104,0.0,0.0
1768890696889574539,29.335944444,/aiformula_control/game_pad/cmd_vel,0.0,0.0,0.33153781294822693,1.9999998807907104,0.0,0.0
1768890696917578330,29.363948235,/aiformula_control/game_pad/cmd_vel,0.0,0.0,0.3168671429157257,1.9999998807907104,0.0,0.0
1768890696930698315,29.37706822,/aiformula_control/game_pad/cmd_vel,0.0,0.0,0.3168671429157257,1.9999998807907104,0.0,0.0
1768890696953135351,29.399505256,/aiformula_control/game_pad/cmd_vel,0.0,0.0,0.3168671429157257,1.9999998807907104,0.0,0.0
1768890696980142176,29.426512081,/aiformula_control/game_pad/cmd_vel,0.0,0.0,0.33153781294822693,1.9999998807907104,0.0,0.0
1768890696983183699,29.429553604,/aiformula_control/game_pad/cmd_vel,0.0,0.0,0.34618669748306274,1.9999998807907104,0.0,0.0
1768890696983579029,29.429948934,/aiformula_control/game_pad/cmd_vel,0.0,0.0,0.34618669748306274,1.9999998807907104,0.0,0.0
1768890696985683394,29.432053299,/aiformula_control/game_pad/cmd_vel,0.0,0.0,0.33153781294822693,1.9999998807907104,0.0,0.0
1768890697008096558,29.454466463,/aiformula_control/game_pad/cmd_vel,0.0,0.0,0.280244916677475,1.9999998807907104,0.0,0.0
1768890697036923074,29.483292979,/aiformula_control/game_pad/cmd_vel,0.0,0.0,0.26559603214263916,1.9999998807907104,0.0,0.0
1768890697057660099,29.504030004,/aiformula_control/game_pad/cmd_vel,0.0,0.0,0.26559603214263916,1.9999998807907104,0.0,0.0
1768890697066581402,29.512951307,/aiformula_control/game_pad/cmd_vel,0.0,0.0,0.25827160477638245,1.9999998807907104,0.0,0.0
1768890697118121596,29.564491501,/aiformula_control/game_pad/cmd_vel,0.0,0.0,0.23629826307296753,1.9999998807907104,0.0,0.0
1768890697128463292,29.574833197,/aiformula_control/game_pad/cmd_vel,0.0,0.0,0.23629826307296753,1.9999998807907104,0.0,0.0
1768890697148506233,29.594876138,/aiformula_control/game_pad/cmd_vel,0.0,0.0,0.23629826307296753,1.9999998807907104,0.0,0.0
1768890697154858177,29.601228082,/aiformula_control/game_pad/cmd_vel,0.0,0.0,0.24362270534038544,1.9999998807907104,0.0,0.0
1768890697195286045,29.64165595,/aiformula_control/game_pad/cmd_vel,0.0,0.0,0.25827160477638245,1.9999998807907104,0.0,0.0
1768890697216464865,29.66283477,/aiformula_control/game_pad/cmd_vel,0.0,0.0,0.25827160477638245,1.9999998807907104,0.0,0.0
1768890697223394060,29.669763965,/aiformula_control/game_pad/cmd_vel,0.0,0.0,0.27292048931121826,1.9999998807907104,0.0,0.0
1768890697245283668,29.691653573,/aiformula_control/game_pad/cmd_vel,0.0,0.0,0.27292048931121826,1.9999998807907104,0.0,0.0
1768890697263538118,29.709908023,/aiformula_control/game_pad/cmd_vel,0.0,0.0,0.2875693738460541,1.9999998807907104,0.0,0.0
1768890697266096822,29.712466727,/aiformula_control/game_pad/cmd_vel,0.0,0.0,0.3022182583808899,1.9999998807907104,0.0,0.0
1768890697295683278,29.742053183,/aiformula_control/game_pad/cmd_vel,0.0,0.0,0.3022182583808899,1.9999998807907104,0.0,0.0
1768890697316245647,29.762615552,/aiformula_control/game_pad/cmd_vel,0.0,0.0,0.3095426857471466,1.9999998807907104,0.0,0.0
1768890697325532008,29.771901913,/aiformula_control/game_pad/cmd_vel,0.0,0.0,0.2948938012123108,1.9999998807907104,0.0,0.0
1768890697365389153,29.811759058,/aiformula_control/game_pad/cmd_vel,0.0,0.0,0.280244916677475,1.9999998807907104,0.0,0.0
1768890697390484157,29.836854062,/aiformula_control/game_pad/cmd_vel,0.0,0.0,0.27292048931121826,1.9999998807907104,0.0,0.0
1768890697410431450,29.856801355,/aiformula_control/game_pad/cmd_vel,0.0,0.0,0.25827160477638245,1.9999998807907104,0.0,0.0
1768890697459065833,29.905435738,/aiformula_control/game_pad/cmd_vel,0.0,0.0,0.23629826307296753,1.9999998807907104,0.0,0.0
1768890697481069426,29.927439331,/aiformula_control/game_pad/cmd_vel,0.0,0.0,0.2069787085056305,1.9999998807907104,0.0,0.0
1768890697523756572,29.970126477,/aiformula_control/game_pad/cmd_vel,0.0,0.0,0.17035649716854095,1.9999998807907104,0.0,0.0
1768890697530164132,29.976534037,/aiformula_control/game_pad/cmd_vel,0.0,0.0,0.1263880431652069,1.9999998807907104,0.0,0.0
1768890697564228088,30.010597993,/aiformula_control/game_pad/cmd_vel,0.0,0.0,0.1117391586303711,1.9999998807907104,0.0,0.0
1768890697593989682,30.040359587,/aiformula_control/game_pad/cmd_vel,0.0,0.0,0.1263880431652069,1.9999998807907104,0.0,0.0
1768890697609971317,30.056341222,/aiformula_control/game_pad/cmd_vel,0.0,0.0,0.18500538170337677,1.9999998807907104,0.0,0.0
1768890697656290166,30.102660071,/aiformula_control/game_pad/cmd_vel,0.0,0.0,0.2216275930404663,1.9999998807907104,0.0,0.0
1768890697659821836,30.106191741,/aiformula_control/game_pad/cmd_vel,0.0,0.0,0.25827160477638245,1.9999998807907104,0.0,0.0
1768890697660669489,30.107039394,/aiformula_control/game_pad/cmd_vel,0.0,0.0,0.280244916677475,1.9999998807907104,0.0,0.0
1768890697662884991,30.109254896,/aiformula_control/game_pad/cmd_vel,0.0,0.0,0.3022182583808899,1.9999998807907104,0.0,0.0
1768890697680056362,30.126426267,/aiformula_control/game_pad/cmd_vel,0.0,0.0,0.2875693738460541,1.9999998807907104,0.0,0.0
1768890697707668534,30.154038439,/aiformula_control/game_pad/cmd_vel,0.0,0.0,0.26559603214263916,1.9999998807907104,0.0,0.0
1768890697721390700,30.167760605,/aiformula_control/game_pad/cmd_vel,0.0,0.0,0.25094714760780334,1.9999998807907104,0.0,0.0
1768890697722922645,30.16929255,/aiformula_control/game_pad/cmd_vel,0.0,0.0,0.22895203530788422,1.9999998807907104,0.0,0.0
1768890697723545241,30.169915146,/aiformula_control/game_pad/cmd_vel,0.0,0.0,0.19232982397079468,1.9999998807907104,0.0,0.0
1768890697724115101,30.170485006,/aiformula_control/game_pad/cmd_vel,0.0,0.0,0.17768093943595886,1.9999998807907104,0.0,0.0
1768890697724511007,30.170880912,/aiformula_control/game_pad/cmd_vel,0.0,0.0,0.17768093943595886,1.9999998807907104,0.0,0.0
1768890697724919778,30.171289683,/aiformula_control/game_pad/cmd_vel,0.0,0.0,0.17035649716854095,1.9999998807907104,0.0,0.0
1768890697725296324,30.171666229,/aiformula_control/game_pad/cmd_vel,0.0,0.0,0.17768093943595886,1.9999998807907104,0.0,0.0
1768890697725989769,30.172359674,/aiformula_control/game_pad/cmd_vel,0.0,0.0,0.17768093943595886,1.9999998807907104,0.0,0.0
1768890697751297606,30.197667511,/aiformula_control/game_pad/cmd_vel,0.0,0.0,0.17035649716854095,1.9999998807907104,0.0,0.0
1768890697758609684,30.204979589,/aiformula_control/game_pad/cmd_vel,0.0,0.0,0.18500538170337677,1.9999998807907104,0.0,0.0
1768890697778504464,30.224874369,/aiformula_control/game_pad/cmd_vel,0.0,0.0,0.2143031507730484,1.9999998807907104,0.0,0.0
1768890697779991225,30.22636113,/aiformula_control/game_pad/cmd_vel,0.0,0.0,0.23629826307296753,1.9999998807907104,0.0,0.0
1768890697787863978,30.234233883,/aiformula_control/game_pad/cmd_vel,0.0,0.0,0.25094714760780334,1.9999998807907104,0.0,0.0
1768890697802018306,30.248388211,/aiformula_control/game_pad/cmd_vel,0.0,0.0,0.26559603214263916,1.9999998807907104,0.0,0.0
1768890697832337279,30.278707184,/aiformula_control/game_pad/cmd_vel,0.0,0.0,0.2875693738460541,1.9999998807907104,0.0,0.0
1768890697862398555,30.30876846,/aiformula_control/game_pad/cmd_vel,0.0,0.0,0.3022182583808899,1.9999998807907104,0.0,0.0
1768890697865031083,30.311400988,/aiformula_control/game_pad/cmd_vel,0.0,0.0,0.33153781294822693,1.9999998807907104,0.0,0.0
1768890697886203855,30.33257376,/aiformula_control/game_pad/cmd_vel,0.0,0.0,0.33153781294822693,1.9999998807907104,0.0,0.0
1768890697915922248,30.362292153,/aiformula_control/game_pad/cmd_vel,0.0,0.0,0.33153781294822693,1.9999998807907104,0.0,0.0
1768890697937224077,30.383593982,/aiformula_control/game_pad/cmd_vel,0.0,0.0,0.33153781294822693,1.9999998807907104,0.0,0.0
1768890697961713062,30.408082967,/aiformula_control/game_pad/cmd_vel,0.0,0.0,0.33153781294822693,1.9999998807907104,0.0,0.0
1768890698004444432,30.450814337,/aiformula_control/game_pad/cmd_vel,0.0,0.0,0.34618669748306274,1.9999998807907104,0.0,0.0
1768890698024176875,30.47054678,/aiformula_control/game_pad/cmd_vel,0.0,0.0,0.34618669748306274,1.9999998807907104,0.0,0.0
1768890698068705633,30.515075538,/aiformula_control/game_pad/cmd_vel,0.0,0.0,0.34618669748306274,1.9999998807907104,0.0,0.0
1768890698092116499,30.538486404,/aiformula_control/game_pad/cmd_vel,0.0,0.0,0.3095426857471466,1.9999998807907104,0.0,0.0
1768890698133383540,30.579753445,/aiformula_control/game_pad/cmd_vel,0.0,0.0,0.27292048931121826,1.9999998807907104,0.0,0.0
1768890698163056429,30.609426334,/aiformula_control/game_pad/cmd_vel,0.0,0.0,0.25827160477638245,1.9999998807907104,0.0,0.0
1768890698197013216,30.643383121,/aiformula_control/game_pad/cmd_vel,0.0,0.0,0.22895203530788422,1.9999998807907104,0.0,0.0
1768890698206167194,30.652537099,/aiformula_control/game_pad/cmd_vel,0.0,0.0,0.2216275930404663,1.9999998807907104,0.0,0.0
1768890698240458319,30.686828224,/aiformula_control/game_pad/cmd_vel,0.0,0.0,0.25827160477638245,1.9999998807907104,0.0,0.0
1768890698261195889,30.707565794,/aiformula_control/game_pad/cmd_vel,0.0,0.0,0.27292048931121826,1.9999998807907104,0.0,0.0
1768890698262363384,30.708733289,/aiformula_control/game_pad/cmd_vel,0.0,0.0,0.27292048931121826,1.9999998807907104,0.0,0.0
1768890698262951707,30.709321612,/aiformula_control/game_pad/cmd_vel,0.0,0.0,0.27292048931121826,1.9999998807907104,0.0,0.0
1768890698276779890,30.723149795,/aiformula_control/game_pad/cmd_vel,0.0,0.0,0.25094714760780334,1.9999998807907104,0.0,0.0
1768890698296559949,30.742929854,/aiformula_control/game_pad/cmd_vel,0.0,0.0,0.2143031507730484,1.9999998807907104,0.0,0.0
1768890698318450197,30.764820102,/aiformula_control/game_pad/cmd_vel,0.0,0.0,0.19232982397079468,1.9999998807907104,0.0,0.0
1768890698319116378,30.765486283,/aiformula_control/game_pad/cmd_vel,0.0,0.0,0.17768093943595886,1.9999998807907104,0.0,0.0
1768890698319641949,30.766011854,/aiformula_control/game_pad/cmd_vel,0.0,0.0,0.14838317036628723,1.9999998807907104,0.0,0.0
1768890698320078784,30.766448689,/aiformula_control/game_pad/cmd_vel,0.0,0.0,0.14103692770004272,1.9999998807907104,0.0,0.0
1768890698320546114,30.766916019,/aiformula_control/game_pad/cmd_vel,0.0,0.0,0.119063600897789,1.9999998807907104,0.0,0.0
1768890698321012805,30.76738271,/aiformula_control/game_pad/cmd_vel,0.0,0.0,0.10441471636295319,1.9999998807907104,0.0,0.0
1768890698321382824,30.767752729,/aiformula_control/game_pad/cmd_vel,0.0,0.0,0.08976583182811737,1.9999998807907104,0.0,0.0
1768890698321754634,30.768124539,/aiformula_control/game_pad/cmd_vel,0.0,0.0,0.0238240547478199,1.9999998807907104,0.0,0.0
1768890698323096882,30.769466787,/aiformula_control/game_pad/cmd_vel,0.0,0.0,-0.0,1.9999998807907104,0.0,0.0
1768890698596965181,31.043335086,/aiformula_control/game_pad/cmd_vel,0.0,0.0,0.00917517114430666,1.9999998807907104,0.0,0.0
1768890698640428396,31.086798301,/aiformula_control/game_pad/cmd_vel,0.0,0.0,0.001850729575380683,1.9999998807907104,0.0,0.0
1768890698697931027,31.144300932,/aiformula_control/game_pad/cmd_vel,0.0,0.0,-0.0,1.9999998807907104,0.0,0.0
1768890698738999699,31.185369604,/aiformula_control/game_pad/cmd_vel,0.0,0.0,-0.0,1.9999998807907104,0.0,0.0
1768890698813298594,31.259668499,/aiformula_control/game_pad/cmd_vel,0.0,0.0,-0.0,1.9999998807907104,0.0,0.0
1768890698850477258,31.296847163,/aiformula_control/game_pad/cmd_vel,0.0,0.0,-0.0,1.9999998807907104,0.0,0.0
1768890698898893015,31.34526292,/aiformula_control/game_pad/cmd_vel,0.0,0.0,-0.0,1.9999998807907104,0.0,0.0
1768890698942290534,31.388660439,/aiformula_control/game_pad/cmd_vel,0.0,0.0,-0.0,1.9999998807907104,0.0,0.0
1768890699006984889,31.453354794,/aiformula_control/game_pad/cmd_vel,0.0,0.0,-0.0,1.9999998807907104,0.0,0.0
1768890699058410778,31.504780683,/aiformula_control/game_pad/cmd_vel,0.0,0.0,-0.0,1.9999998807907104,0.0,0.0
1768890699096358406,31.542728311,/aiformula_control/game_pad/cmd_vel,0.0,0.0,-0.0,1.9999998807907104,0.0,0.0
1768890699143799054,31.590168959,/aiformula_control/game_pad/cmd_vel,0.0,0.0,-0.0,1.9999998807907104,0.0,0.0
1768890699211378931,31.657748836,/aiformula_control/game_pad/cmd_vel,0.0,0.0,-0.0,1.9999998807907104,0.0,0.0
1768890699238657309,31.685027214,/aiformula_control/game_pad/cmd_vel,0.0,0.0,-0.0,1.9999998807907104,0.0,0.0
1768890699294658842,31.741028747,/aiformula_control/game_pad/cmd_vel,0.0,0.0,-0.0,1.9999998807907104,0.0,0.0
1768890699340533656,31.786903561,/aiformula_control/game_pad/cmd_vel,0.0,0.0,-0.0,1.9999998807907104,0.0,0.0
1768890699407073143,31.853443048,/aiformula_control/game_pad/cmd_vel,0.0,0.0,-0.0,1.9999998807907104,0.0,0.0
1768890699457953748,31.904323653,/aiformula_control/game_pad/cmd_vel,0.0,0.0,-0.0,1.9999998807907104,0.0,0.0
1768890699496982919,31.943352824,/aiformula_control/game_pad/cmd_vel,0.0,0.0,-0.0,1.9999998807907104,0.0,0.0
1768890699548525641,31.994895546,/aiformula_control/game_pad/cmd_vel,0.0,0.0,-0.0,1.9999998807907104,0.0,0.0
1768890699598771074,32.045140979,/aiformula_control/game_pad/cmd_vel,0.0,0.0,-0.0,1.9999998807907104,0.0,0.0
1768890699769675531,32.216045436,/aiformula_control/game_pad/cmd_vel,0.0,0.0,-0.0,1.9999998807907104,0.0,0.0
1768890699797743514,32.244113419,/aiformula_control/game_pad/cmd_vel,0.0,0.0,-0.0,1.9999998807907104,0.0,0.0
1768890699829851138,32.276221043,/aiformula_control/game_pad/cmd_vel,0.0,0.0,-0.0,1.9999998807907104,0.0,0.0
1768890699888614320,32.334984225,/aiformula_control/game_pad/cmd_vel,0.0,0.0,-0.0,1.9999998807907104,0.0,0.0
1768890699932153696,32.378523601,/aiformula_control/game_pad/cmd_vel,0.0,0.0,-0.0,1.9999998807907104,0.0,0.0
1768890699999307426,32.445677331,/aiformula_control/game_pad/cmd_vel,0.0,0.0,-0.0,1.9999998807907104,0.0,0.0
1768890700065580320,32.511950225,/aiformula_control/game_pad/cmd_vel,0.0,0.0,-0.0,1.9999998807907104,0.0,0.0
1768890700088758864,32.535128769,/aiformula_control/game_pad/cmd_vel,0.0,0.0,-0.0,1.9999998807907104,0.0,0.0
1768890700158693380,32.605063285,/aiformula_control/game_pad/cmd_vel,0.0,0.0,-0.0,1.9999998807907104,0.0,0.0
1768890700211203723,32.657573628,/aiformula_control/game_pad/cmd_vel,0.0,0.0,-0.0,1.9999998807907104,0.0,0.0
1768890700237702512,32.684072417,/aiformula_control/game_pad/cmd_vel,0.0,0.0,-0.0,1.9999998807907104,0.0,0.0
1768890700296318782,32.742688687,/aiformula_control/game_pad/cmd_vel,0.0,0.0,-0.0,1.9999998807907104,0.0,0.0
1768890700349223592,32.795593497,/aiformula_control/game_pad/cmd_vel,0.0,0.0,-0.0,1.9999998807907104,0.0,0.0
1768890700402610708,32.848980613,/aiformula_control/game_pad/cmd_vel,0.0,0.0,-0.0,1.9999998807907104,0.0,0.0
1768890700448046480,32.894416385,/aiformula_control/game_pad/cmd_vel,0.0,0.0,-0.0,1.9999998807907104,0.0,0.0
1768890700511411706,32.957781611,/aiformula_control/game_pad/cmd_vel,0.0,0.0,-0.0,1.9999998807907104,0.0,0.0
1768890700562528825,33.00889873,/aiformula_control/game_pad/cmd_vel,0.0,0.0,-0.0,1.9999998807907104,0.0,0.0
1768890700629695612,33.076065517,/aiformula_control/game_pad/cmd_vel,0.0,0.0,-0.0,1.9999998807907104,0.0,0.0
1768890700696336219,33.142706124,/aiformula_control/game_pad/cmd_vel,0.0,0.0,-0.0,1.9999998807907104,0.0,0.0
1768890700750546957,33.196916862,/aiformula_control/game_pad/cmd_vel,0.0,0.0,-0.0,1.9999998807907104,0.0,0.0
1768890700804139003,33.250508908,/aiformula_control/game_pad/cmd_vel,0.0,0.0,-0.0,1.9999998807907104,0.0,0.0
1768890700836244579,33.282614484,/aiformula_control/game_pad/cmd_vel,0.0,0.0,-0.0,1.9999998807907104,0.0,0.0
1768890700899624110,33.345994015,/aiformula_control/game_pad/cmd_vel,0.0,0.0,-0.0,1.9999998807907104,0.0,0.0
1768890700968404443,33.414774348,/aiformula_control/game_pad/cmd_vel,0.0,0.0,-0.0,1.9999998807907104,0.0,0.0
1768890701031560677,33.477930582,/aiformula_control/game_pad/cmd_vel,0.0,0.0,-0.0,1.9999998807907104,0.0,0.0
1768890701072577124,33.518947029,/aiformula_control/game_pad/cmd_vel,0.0,0.0,-0.0,1.9999998807907104,0.0,0.0
1768890701195032064,33.641401969,/aiformula_control/game_pad/cmd_vel,0.0,0.0,-0.0,1.9999998807907104,0.0,0.0
1768890701260417719,33.706787624,/aiformula_control/game_pad/cmd_vel,0.0,0.0,-0.0,1.9999998807907104,0.0,0.0
1768890701314009893,33.760379798,/aiformula_control/game_pad/cmd_vel,0.0,0.0,-0.0,1.9999998807907104,0.0,0.0
1768890701375558533,33.821928438,/aiformula_control/game_pad/cmd_vel,0.0,0.0,-0.0,1.9999998807907104,0.0,0.0
1768890701428141389,33.874511294,/aiformula_control/game_pad/cmd_vel,0.0,0.0,-0.0,1.9999998807907104,0.0,0.0
1768890701477798018,33.924167923,/aiformula_control/game_pad/cmd_vel,0.0,0.0,-0.0,1.9999998807907104,0.0,0.0
1768890701518305567,33.964675472,/aiformula_control/game_pad/cmd_vel,0.0,0.0,-0.0,1.9999998807907104,0.0,0.0
1768890701584074521,34.030444426,/aiformula_control/game_pad/cmd_vel,0.0,0.0,-0.0,1.9999998807907104,0.0,0.0
1768890701636536224,34.082906129,/aiformula_control/game_pad/cmd_vel,0.0,0.0,-0.0,1.9999998807907104,0.0,0.0
1768890701706223282,34.152593187,/aiformula_control/game_pad/cmd_vel,0.0,0.0,-0.0,1.9999998807907104,0.0,0.0
1768890701760378532,34.206748437,/aiformula_control/game_pad/cmd_vel,0.0,0.0,-0.0,1.9999998807907104,0.0,0.0
1768890701782165131,34.228535036,/aiformula_control/game_pad/cmd_vel,0.0,0.0,-0.0,1.9999998807907104,0.0,0.0
1768890701827114372,34.273484277,/aiformula_control/game_pad/cmd_vel,0.0,0.0,-0.0,1.9999998807907104,0.0,0.0
1768890701857861411,34.304231316,/aiformula_control/game_pad/cmd_vel,0.0,0.0,-0.0,1.9999998807907104,0.0,0.0
1768890701906524499,34.352894404,/aiformula_control/game_pad/cmd_vel,0.0,0.0,-0.0,1.9999998807907104,0.0,0.0
1768890701954876256,34.401246161,/aiformula_control/game_pad/cmd_vel,0.0,0.0,-0.0,1.9999998807907104,0.0,0.0
1768890702023218250,34.469588155,/aiformula_control/game_pad/cmd_vel,0.0,0.0,-0.0,1.9999998807907104,0.0,0.0
1768890702105855373,34.552225278,/aiformula_control/game_pad/cmd_vel,0.0,0.0,-0.0,1.9999998807907104,0.0,0.0
1768890702158625494,34.604995399,/aiformula_control/game_pad/cmd_vel,0.0,0.0,-0.0,1.9999998807907104,0.0,0.0
1768890702190420220,34.636790125,/aiformula_control/game_pad/cmd_vel,0.0,0.0,-0.0,1.9999998807907104,0.0,0.0
1768890702241513051,34.687882956,/aiformula_control/game_pad/cmd_vel,0.0,0.0,-0.0,1.9999998807907104,0.0,0.0
1768890702305313832,34.751683737,/aiformula_control/game_pad/cmd_vel,0.0,0.0,-0.0,1.9999998807907104,0.0,0.0
1768890702419010989,34.865380894,/aiformula_control/game_pad/cmd_vel,0.0,0.0,-0.0,1.9999998807907104,0.0,0.0
1768890702460750257,34.907120162,/aiformula_control/game_pad/cmd_vel,0.0,0.0,-0.0,1.9999998807907104,0.0,0.0
1768890702527021294,34.973391199,/aiformula_control/game_pad/cmd_vel,0.0,0.0,-0.0,1.9999998807907104,0.0,0.0
1768890702592515046,35.038884951,/aiformula_control/game_pad/cmd_vel,0.0,0.0,-0.0,1.9999998807907104,0.0,0.0
1768890702624238124,35.070608029,/aiformula_control/game_pad/cmd_vel,0.0,0.0,-0.0,1.9999998807907104,0.0,0.0
1768890702685846348,35.132216253,/aiformula_control/game_pad/cmd_vel,0.0,0.0,-0.0,1.9999998807907104,0.0,0.0
1768890702779837686,35.226207591,/aiformula_control/game_pad/cmd_vel,0.0,0.0,-0.0,1.9999998807907104,0.0,0.0
1768890702836051444,35.282421349,/aiformula_control/game_pad/cmd_vel,0.0,0.0,-0.0,1.9999998807907104,0.0,0.0
1768890702860800847,35.307170752,/aiformula_control/game_pad/cmd_vel,0.0,0.0,-0.0,1.9999998807907104,0.0,0.0
1768890702903658458,35.350028363,/aiformula_control/game_pad/cmd_vel,0.0,0.0,-0.0,1.9999998807907104,0.0,0.0
1768890702951792998,35.398162903,/aiformula_control/game_pad/cmd_vel,0.0,0.0,-0.0,1.9999998807907104,0.0,0.0
1768890702983901838,35.430271743,/aiformula_control/game_pad/cmd_vel,0.0,0.0,-0.0,1.9999998807907104,0.0,0.0
1768890703027721887,35.474091792,/aiformula_control/game_pad/cmd_vel,0.0,0.0,-0.0,1.9999998807907104,0.0,0.0
1768890703087223442,35.533593347,/aiformula_control/game_pad/cmd_vel,0.0,0.0,-0.0,1.9999998807907104,0.0,0.0
1768890703140692991,35.587062896,/aiformula_control/game_pad/cmd_vel,0.0,0.0,-0.0,1.9999998807907104,0.0,0.0
1768890703215058031,35.661427936,/aiformula_control/game_pad/cmd_vel,0.0,0.0,-0.03845113888382912,1.9999998807907104,0.0,0.0
1768890703260785932,35.707155837,/aiformula_control/game_pad/cmd_vel,0.0,0.0,-0.08241958916187286,1.9999998807907104,0.0,0.0
1768890703316579912,35.762949817,/aiformula_control/game_pad/cmd_vel,0.0,0.0,-0.19230802357196808,1.9999998807907104,0.0,0.0
1768890703362257028,35.808626933,/aiformula_control/game_pad/cmd_vel,0.0,0.0,-0.22893023490905762,1.9999998807907104,0.0,0.0
1768890703393549095,35.839919,/aiformula_control/game_pad/cmd_vel,0.0,0.0,-0.25092536211013794,1.9999998807907104,0.0,0.0
1768890703455403049,35.901772954,/aiformula_control/game_pad/cmd_vel,0.0,0.0,-0.36813822388648987,1.9999998807907104,0.0,0.0
1768890703508792118,35.955162023,/aiformula_control/game_pad/cmd_vel,0.0,0.0,-0.4853510856628418,1.9999998807907104,0.0,0.0
1768890703543753744,35.990123649,/aiformula_control/game_pad/cmd_vel,0.0,0.0,-0.44140443205833435,1.9999998807907104,0.0,0.0
1768890703569441424,36.015811329,/aiformula_control/game_pad/cmd_vel,0.0,0.0,-0.36813822388648987,1.9999998807907104,0.0,0.0
1768890703573165479,36.019535384,/aiformula_control/game_pad/cmd_vel,0.0,0.0,-0.3021964430809021,1.9999998807907104,0.0,0.0
1768890703576377787,36.022747692,/aiformula_control/game_pad/cmd_vel,0.0,0.0,-0.27289867401123047,1.9999998807907104,0.0,0.0
1768890703592181214,36.038551119,/aiformula_control/game_pad/cmd_vel,0.0,0.0,-0.2216057926416397,1.9999998807907104,0.0,0.0
1768890703601509144,36.047879049,/aiformula_control/game_pad/cmd_vel,0.0,0.0,-0.16301025450229645,1.9999998807907104,0.0,0.0
1768890703620090252,36.066460157,/aiformula_control/game_pad/cmd_vel,0.0,0.0,-0.1190418004989624,1.9999998807907104,0.0,0.0
1768890703626331090,36.072700995,/aiformula_control/game_pad/cmd_vel,0.0,0.0,-0.06044626608490944,1.9999998807907104,0.0,0.0
1768890703627431193,36.073801098,/aiformula_control/game_pad/cmd_vel,0.0,0.0,-0.03845113888382912,1.9999998807907104,0.0,0.0
1768890703627778491,36.074148396,/aiformula_control/game_pad/cmd_vel,0.0,0.0,-0.0018289305735379457,1.9999998807907104,0.0,0.0
1768890703628115838,36.074485743,/aiformula_control/game_pad/cmd_vel,0.0,0.0,-0.0,1.9999998807907104,0.0,0.0
1768890703716664006,36.163033911,/aiformula_control/game_pad/cmd_vel,0.0,0.0,-0.02380225621163845,1.9999998807907104,0.0,0.0
1768890703765299285,36.21166919,/aiformula_control/game_pad/cmd_vel,0.0,0.0,-0.03845113888382912,1.9999998807907104,0.0,0.0
1768890703790779860,36.237149765,/aiformula_control/game_pad/cmd_vel,0.0,0.0,-0.05310002341866493,1.9999998807907104,0.0,0.0
1768890703852659541,36.299029446,/aiformula_control/game_pad/cmd_vel,0.0,0.0,-0.08241958916187286,1.9999998807907104,0.0,0.0
1768890703901722983,36.348092888,/aiformula_control/game_pad/cmd_vel,0.0,0.0,-0.14101512730121613,1.9999998807907104,0.0,0.0
1768890703937982857,36.384352762,/aiformula_control/game_pad/cmd_vel,0.0,0.0,-0.17765913903713226,1.9999998807907104,0.0,0.0
1768890703986322230,36.432692135,/aiformula_control/game_pad/cmd_vel,0.0,0.0,-0.2142813503742218,1.9999998807907104,0.0,0.0
1768890704033588893,36.479958798,/aiformula_control/game_pad/cmd_vel,0.0,0.0,-0.3021964430809021,1.9999998807907104,0.0,0.0
1768890704050829928,36.497199833,/aiformula_control/game_pad/cmd_vel,0.0,0.0,-0.34616491198539734,1.9999998807907104,0.0,0.0
1768890704076788074,36.523157979,/aiformula_control/game_pad/cmd_vel,0.0,0.0,-0.4194311201572418,1.9999998807907104,0.0,0.0
1768890704116502690,36.562872595,/aiformula_control/game_pad/cmd_vel,0.0,0.0,-0.470702201128006,1.9999998807907104,0.0,0.0
1768890704166241048,36.612610953,/aiformula_control/game_pad/cmd_vel,0.0,0.0,-0.4999999701976776,1.9999998807907104,0.0,0.0
1768890704208011324,36.654381229,/aiformula_control/game_pad/cmd_vel,0.0,0.0,-0.4999999701976776,1.9999998807907104,0.0,0.0
1768890704263618615,36.70998852,/aiformula_control/game_pad/cmd_vel,0.0,0.0,-0.4047604501247406,1.9999998807907104,0.0,0.0
1768890704314260851,36.760630756,/aiformula_control/game_pad/cmd_vel,0.0,0.0,-0.33884045481681824,1.9999998807907104,0.0,0.0
1768890704339715697,36.786085602,/aiformula_control/game_pad/cmd_vel,0.0,0.0,-0.22893023490905762,1.9999998807907104,0.0,0.0
1768890704368001217,36.814371122,/aiformula_control/game_pad/cmd_vel,0.0,0.0,-0.16301025450229645,1.9999998807907104,0.0,0.0
1768890704384275463,36.830645368,/aiformula_control/game_pad/cmd_vel,0.0,0.0,-0.09706847369670868,1.9999998807907104,0.0,0.0
1768890704436850927,36.883220832,/aiformula_control/game_pad/cmd_vel,0.0,0.0,-0.045775581151247025,1.9999998807907104,0.0,0.0
1768890704479681370,36.926051275,/aiformula_control/game_pad/cmd_vel,0.0,0.0,-0.0,1.9999998807907104,0.0,0.0
1768890704531572029,36.977941934,/aiformula_control/game_pad/cmd_vel,0.0,0.0,-0.0,1.9999998807907104,0.0,0.0
1768890704584230149,37.030600054,/aiformula_control/game_pad/cmd_vel,0.0,0.0,-0.0,1.9999998807907104,0.0,0.0
1768890704623014903,37.069384808,/aiformula_control/game_pad/cmd_vel,0.0,0.0,-0.0,1.9999998807907104,0.0,0.0
1768890704676262787,37.122632692,/aiformula_control/game_pad/cmd_vel,0.0,0.0,-0.016477813944220543,1.9999998807907104,0.0,0.0
1768890704728516521,37.174886426,/aiformula_control/game_pad/cmd_vel,0.0,0.0,-0.17765913903713226,1.9999998807907104,0.0,0.0
1768890704764191655,37.21056156,/aiformula_control/game_pad/cmd_vel,0.0,0.0,-0.3021964430809021,1.9999998807907104,0.0,0.0
1768890704787048918,37.233418823,/aiformula_control/game_pad/cmd_vel,0.0,0.0,-0.3974359929561615,1.9999998807907104,0.0,0.0
1768890704824137373,37.270507278,/aiformula_control/game_pad/cmd_vel,0.0,0.0,-0.4999999701976776,1.9999998807907104,0.0,0.0
1768890704852674319,37.299044224,/aiformula_control/game_pad/cmd_vel,0.0,0.0,-0.4999999701976776,1.9999998807907104,0.0,0.0
1768890704900936731,37.347306636,/aiformula_control/game_pad/cmd_vel,0.0,0.0,-0.44140443205833435,1.9999998807907104,0.0,0.0
1768890704932314399,37.378684304,/aiformula_control/game_pad/cmd_vel,0.0,0.0,-0.3315160274505615,1.9999998807907104,0.0,0.0
1768890704989813669,37.436183574,/aiformula_control/game_pad/cmd_vel,0.0,0.0,-0.25824978947639465,1.9999998807907104,0.0,0.0
1768890705055183261,37.501553166,/aiformula_control/game_pad/cmd_vel,0.0,0.0,-0.15568581223487854,1.9999998807907104,0.0,0.0
1768890705102031009,37.548400914,/aiformula_control/game_pad/cmd_vel,0.0,0.0,-0.07509514689445496,1.9999998807907104,0.0,0.0
1768890705132056924,37.578426829,/aiformula_control/game_pad/cmd_vel,0.0,0.0,-0.0,1.9999998807907104,0.0,0.0
1768890705183552061,37.629921966,/aiformula_control/game_pad/cmd_vel,0.0,0.0,-0.0,1.9999998807907104,0.0,0.0
1768890705206868014,37.653237919,/aiformula_control/game_pad/cmd_vel,0.0,0.0,-0.0,1.9999998807907104,0.0,0.0
1768890705246305156,37.692675061,/aiformula_control/game_pad/cmd_vel,0.0,0.0,-0.0,1.9999998807907104,0.0,0.0
1768890705268372014,37.714741919,/aiformula_control/game_pad/cmd_vel,0.0,0.0,-0.0,1.9999998807907104,0.0,0.0
1768890705316741147,37.763111052,/aiformula_control/game_pad/cmd_vel,0.0,0.0,-0.0,1.9999998807907104,0.0,0.0
1768890705329595787,37.775965692,/aiformula_control/game_pad/cmd_vel,0.0,0.0,-0.0,1.9999998807907104,0.0,0.0
1768890705368056955,37.81442686,/aiformula_control/game_pad/cmd_vel,0.0,0.0,-0.1190418004989624,1.9999998807907104,0.0,0.0
1768890705377878680,37.824248585,/aiformula_control/game_pad/cmd_vel,0.0,0.0,-0.16301025450229645,1.9999998807907104,0.0,0.0
1768890705394147742,37.840517647,/aiformula_control/game_pad/cmd_vel,0.0,0.0,-0.2216057926416397,1.9999998807907104,0.0,0.0
1768890705438393394,37.884763299,/aiformula_control/game_pad/cmd_vel,0.0,0.0,-0.25824978947639465,1.9999998807907104,0.0,0.0
1768890705459549493,37.905919398,/aiformula_control/game_pad/cmd_vel,0.0,0.0,-0.3168453276157379,1.9999998807907104,0.0,0.0
1768890705508617127,37.954987032,/aiformula_control/game_pad/cmd_vel,0.0,0.0,-0.36813822388648987,1.9999998807907104,0.0,0.0
1768890705511043478,37.957413383,/aiformula_control/game_pad/cmd_vel,0.0,0.0,-0.3901115655899048,1.9999998807907104,0.0,0.0
1768890705513628902,37.959998807,/aiformula_control/game_pad/cmd_vel,0.0,0.0,-0.44140443205833435,1.9999998807907104,0.0,0.0
1768890705560748044,38.007117949,/aiformula_control/game_pad/cmd_vel,0.0,0.0,-0.470702201128006,1.9999998807907104,0.0,0.0
1768890705588676250,38.035046155,/aiformula_control/game_pad/cmd_vel,0.0,0.0,-0.4999999701976776,1.9999998807907104,0.0,0.0
1768890705611493545,38.05786345,/aiformula_control/game_pad/cmd_vel,0.0,0.0,-0.470702201128006,1.9999998807907104,0.0,0.0
1768890705641423619,38.087793524,/aiformula_control/game_pad/cmd_vel,0.0,0.0,-0.25092536211013794,1.9999998807907104,0.0,0.0
1768890705655845085,38.10221499,/aiformula_control/game_pad/cmd_vel,0.0,0.0,-0.06777070462703705,1.9999998807907104,0.0,0.0
1768890705699214827,38.145584732,/aiformula_control/game_pad/cmd_vel,0.0,0.0,-0.0,1.9999998807907104,0.0,0.0
1768890705720831250,38.167201155,/aiformula_control/game_pad/cmd_vel,0.0,0.0,-0.0,1.9999998807907104,0.0,0.0
1768890705755890701,38.202260606,/aiformula_control/game_pad/cmd_vel,0.0,0.0,-0.0,1.9999998807907104,0.0,0.0
1768890705818348562,38.264718467,/aiformula_control/game_pad/cmd_vel,0.0,0.0,-0.0,1.9999998807907104,0.0,0.0
1768890705982639794,38.429009699,/aiformula_control/game_pad/cmd_vel,0.0,0.0,-0.03845113888382912,1.9999998807907104,0.0,0.0
1768890706001944266,38.448314171,/aiformula_control/game_pad/cmd_vel,0.0,0.0,-0.06777070462703705,1.9999998807907104,0.0,0.0
1768890706036376673,38.482746578,/aiformula_control/game_pad/cmd_vel,0.0,0.0,-0.09706847369670868,1.9999998807907104,0.0,0.0
1768890706056282365,38.50265227,/aiformula_control/game_pad/cmd_vel,0.0,0.0,-0.1263662427663803,1.9999998807907104,0.0,0.0
1768890706077060191,38.523430096,/aiformula_control/game_pad/cmd_vel,0.0,0.0,-0.15568581223487854,1.9999998807907104,0.0,0.0
1768890706109956268,38.556326173,/aiformula_control/game_pad/cmd_vel,0.0,0.0,-0.19230802357196808,1.9999998807907104,0.0,0.0
1768890706124431142,38.570801047,/aiformula_control/game_pad/cmd_vel,0.0,0.0,-0.2142813503742218,1.9999998807907104,0.0,0.0
1768890706167490802,38.613860707,/aiformula_control/game_pad/cmd_vel,0.0,0.0,-0.25092536211013794,1.9999998807907104,0.0,0.0
1768890706192215692,38.638585597,/aiformula_control/game_pad/cmd_vel,0.0,0.0,-0.28022313117980957,1.9999998807907104,0.0,0.0
1768890706218829330,38.665199235,/aiformula_control/game_pad/cmd_vel,0.0,0.0,-0.33884045481681824,1.9999998807907104,0.0,0.0
1768890706234515252,38.680885157,/aiformula_control/game_pad/cmd_vel,0.0,0.0,-0.44140443205833435,1.9999998807907104,0.0,0.0
1768890706241225502,38.687595407,/aiformula_control/game_pad/cmd_vel,0.0,0.0,-0.4999999701976776,1.9999998807907104,0.0,0.0
1768890706242154372,38.688524277,/aiformula_control/game_pad/cmd_vel,0.0,0.0,-0.4047604501247406,1.9999998807907104,0.0,0.0
1768890706243376139,38.689746044,/aiformula_control/game_pad/cmd_vel,0.0,0.0,-0.28022313117980957,1.9999998807907104,0.0,0.0
1768890706244134192,38.690504097,/aiformula_control/game_pad/cmd_vel,0.0,0.0,-0.00915337260812521,1.9999998807907104,0.0,0.0
1768890706289015304,38.735385209,/aiformula_control/game_pad/cmd_vel,0.0,0.0,-0.0,1.9999998807907104,0.0,0.0
1768890706975073372,39.421443277,/aiformula_control/game_pad/cmd_vel,0.0,0.0,-0.045775581151247025,1.9999998807907104,0.0,0.0
1768890706994362484,39.440732389,/aiformula_control/game_pad/cmd_vel,0.0,0.0,-0.08974403142929077,1.9999998807907104,0.0,0.0
1768890707018032296,39.464402201,/aiformula_control/game_pad/cmd_vel,0.0,0.0,-0.1190418004989624,1.9999998807907104,0.0,0.0
1768890707023418665,39.46978857,/aiformula_control/game_pad/cmd_vel,0.0,0.0,-0.17765913903713226,1.9999998807907104,0.0,0.0
1768890707023965805,39.47033571,/aiformula_control/game_pad/cmd_vel,0.0,0.0,-0.2216057926416397,1.9999998807907104,0.0,0.0
1768890707024314223,39.470684128,/aiformula_control/game_pad/cmd_vel,0.0,0.0,-0.3095209002494812,1.9999998807907104,0.0,0.0
1768890707026413468,39.472783373,/aiformula_control/game_pad/cmd_vel,0.0,0.0,-0.4121066629886627,1.9999998807907104,0.0,0.0
1768890707036679964,39.483049869,/aiformula_control/game_pad/cmd_vel,0.0,0.0,-0.4926755428314209,1.9999998807907104,0.0,0.0
1768890707098217820,39.544587725,/aiformula_control/game_pad/cmd_vel,0.0,0.0,-0.4999999701976776,1.9999998807907104,0.0,0.0
1768890707282498552,39.728868457,/aiformula_control/game_pad/cmd_vel,0.0,0.0,-0.4047604501247406,1.9999998807907104,0.0,0.0
1768890707345953508,39.792323413,/aiformula_control/game_pad/cmd_vel,0.0,0.0,-0.016477813944220543,1.9999998807907104,0.0,0.0
1768890707410514998,39.856884903,/aiformula_control/game_pad/cmd_vel,0.0,0.0,-0.0,1.9999998807907104,0.0,0.0
1768890708320793056,40.767162961,/aiformula_control/game_pad/cmd_vel,0.0,0.0,-0.0,1.9999998807907104,0.0,0.0
1768890708372312354,40.818682259,/aiformula_control/game_pad/cmd_vel,0.0,0.0,-0.0,1.9999998807907104,0.0,0.0
1768890708429384389,40.875754294,/aiformula_control/game_pad/cmd_vel,0.0,0.0,-0.0,1.9999998807907104,0.0,0.0
1768890708493224723,40.939594628,/aiformula_control/game_pad/cmd_vel,0.0,0.0,-0.0,1.9999998807907104,0.0,0.0
1768890708568829483,41.015199388,/aiformula_control/game_pad/cmd_vel,0.0,0.0,-0.0,1.9999998807907104,0.0,0.0
1768890708635915885,41.08228579,/aiformula_control/game_pad/cmd_vel,0.0,0.0,-0.0,1.9999998807907104,0.0,0.0
1768890708702370027,41.148739932,/aiformula_control/game_pad/cmd_vel,0.0,0.0,-0.0,1.9999998807907104,0.0,0.0
1768890708753277288,41.199647193,/aiformula_control/game_pad/cmd_vel,0.0,0.0,-0.0,1.9999998807907104,0.0,0.0
1768890708820416971,41.266786876,/aiformula_control/game_pad/cmd_vel,0.0,0.0,-0.0,1.9999998807907104,0.0,0.0
1768890708887675694,41.334045599,/aiformula_control/game_pad/cmd_vel,0.0,0.0,-0.0,1.9999998807907104,0.0,0.0
1768890708942994407,41.389364312,/aiformula_control/game_pad/cmd_vel,0.0,0.0,-0.0,1.9999998807907104,0.0,0.0
1768890708987480796,41.433850701,/aiformula_control/game_pad/cmd_vel,0.0,0.0,-0.0,1.9999998807907104,0.0,0.0
1768890709057245935,41.50361584,/aiformula_control/game_pad/cmd_vel,0.0,0.0,-0.0,1.9999998807907104,0.0,0.0
1768890709113679791,41.560049696,/aiformula_control/game_pad/cmd_vel,0.0,0.0,-0.0,1.9999998807907104,0.0,0.0
1768890709187808061,41.634177966,/aiformula_control/game_pad/cmd_vel,0.0,0.0,-0.0,1.9999998807907104,0.0,0.0
1768890709252413520,41.698783425,/aiformula_control/game_pad/cmd_vel,0.0,0.0,-0.0,1.9999998807907104,0.0,0.0
1768890709301382561,41.747752466,/aiformula_control/game_pad/cmd_vel,0.0,0.0,-0.0,1.9999998807907104,0.0,0.0
1768890709328420009,41.774789914,/aiformula_control/game_pad/cmd_vel,0.0,0.0,-0.0,1.9999998807907104,0.0,0.0
1768890709378795107,41.825165012,/aiformula_control/game_pad/cmd_vel,0.0,0.0,-0.0,1.9999998807907104,0.0,0.0
1768890709449989183,41.896359088,/aiformula_control/game_pad/cmd_vel,0.0,0.0,-0.0,1.9999998807907104,0.0,0.0
1768890709503250315,41.94962022,/aiformula_control/game_pad/cmd_vel,0.0,0.0,-0.0,1.9999998807907104,0.0,0.0
1768890709569982059,42.016351964,/aiformula_control/game_pad/cmd_vel,0.0,0.0,-0.0,1.9999998807907104,0.0,0.0
1768890709631350954,42.077720859,/aiformula_control/game_pad/cmd_vel,0.0,0.0,-0.0,1.9999998807907104,0.0,0.0
1768890709679938777,42.126308682,/aiformula_control/game_pad/cmd_vel,0.0,0.0,-0.0,1.9999998807907104,0.0,0.0
1768890709697579814,42.143949719,/aiformula_control/game_pad/cmd_vel,0.0,0.0,-0.0,1.9999998807907104,0.0,0.0
1768890709746253078,42.192622983,/aiformula_control/game_pad/cmd_vel,0.0,0.0,-0.0,1.9999998807907104,0.0,0.0
1768890709801738768,42.248108673,/aiformula_control/game_pad/cmd_vel,0.0,0.0,-0.0,1.9999998807907104,0.0,0.0
1768890709839143321,42.285513226,/aiformula_control/game_pad/cmd_vel,0.0,0.0,-0.0,1.9999998807907104,0.0,0.0
1768890709903857644,42.350227549,/aiformula_control/game_pad/cmd_vel,0.0,0.0,-0.0,1.9999998807907104,0.0,0.0
1768890709959926442,42.406296347,/aiformula_control/game_pad/cmd_vel,0.0,0.0,-0.0,1.9999998807907104,0.0,0.0
1768890709999914531,42.446284436,/aiformula_control/game_pad/cmd_vel,0.0,0.0,-0.0,1.9999998807907104,0.0,0.0
1768890710005822824,42.452192729,/aiformula_control/game_pad/cmd_vel,0.0,0.0,-0.0,1.9999998807907104,0.0,0.0
1768890710007168624,42.453538529,/aiformula_control/game_pad/cmd_vel,0.0,0.0,-0.0,1.9999998807907104,0.0,0.0
1768890710018529175,42.46489908,/aiformula_control/game_pad/cmd_vel,0.0,0.0,-0.0,1.9999998807907104,0.0,0.0
1768890710046130211,42.492500116,/aiformula_control/game_pad/cmd_vel,0.0,0.0,-0.0,1.9999998807907104,0.0,0.0
1768890710081711105,42.52808101,/aiformula_control/game_pad/cmd_vel,0.0,0.0,-0.0,1.9999998807907104,0.0,0.0
1768890710131431127,42.577801032,/aiformula_control/game_pad/cmd_vel,0.0,0.0,-0.0,1.9999998807907104,0.0,0.0
1768890710201010857,42.647380762,/aiformula_control/game_pad/cmd_vel,0.0,0.0,-0.0,1.9999998807907104,0.0,0.0
1768890710234587098,42.680957003,/aiformula_control/game_pad/cmd_vel,0.0,0.0,-0.0,1.9999998807907104,0.0,0.0
1768890710310625396,42.756995301,/aiformula_control/game_pad/cmd_vel,0.0,0.0,-0.0,1.9999998807907104,0.0,0.0
1768890710366151598,42.812521503,/aiformula_control/game_pad/cmd_vel,0.0,0.0,-0.0,1.9999998807907104,0.0,0.0
1768890710437783404,42.884153309,/aiformula_control/game_pad/cmd_vel,0.0,0.0,-0.07509514689445496,1.9999998807907104,0.0,0.0
1768890710505523411,42.951893316,/aiformula_control/game_pad/cmd_vel,0.0,0.0,-0.17765913903713226,1.9999998807907104,0.0,0.0
1768890710557738424,43.004108329,/aiformula_control/game_pad/cmd_vel,0.0,0.0,-0.24360091984272003,1.9999998807907104,0.0,0.0
1768890710592391280,43.038761185,/aiformula_control/game_pad/cmd_vel,0.0,0.0,-0.3095209002494812,1.9999998807907104,0.0,0.0
1768890710639661079,43.086030984,/aiformula_control/game_pad/cmd_vel,0.0,0.0,-0.3974359929561615,1.9999998807907104,0.0,0.0
1768890710690550036,43.136919941,/aiformula_control/game_pad/cmd_vel,0.0,0.0,-0.4999999701976776,1.9999998807907104,0.0,0.0
1768890710729878281,43.176248186,/aiformula_control/game_pad/cmd_vel,0.0,0.0,-0.4999999701976776,1.9999998807907104,0.0,0.0
1768890710759119967,43.205489872,/aiformula_control/game_pad/cmd_vel,0.0,0.0,-0.4999999701976776,1.9999998807907104,0.0,0.0
1768890710803661909,43.250031814,/aiformula_control/game_pad/cmd_vel,0.0,0.0,-0.4999999701976776,1.9999998807907104,0.0,0.0
1768890710826427235,43.27279714,/aiformula_control/game_pad/cmd_vel,0.0,0.0,-0.4999999701976776,1.9999998807907104,0.0,0.0
1768890710873715274,43.320085179,/aiformula_control/game_pad/cmd_vel,0.0,0.0,-0.4999999701976776,1.9999998807907104,0.0,0.0
1768890710905751569,43.352121474,/aiformula_control/game_pad/cmd_vel,0.0,0.0,-0.4999999701976776,1.9999998807907104,0.0,0.0
1768890710948875006,43.395244911,/aiformula_control/game_pad/cmd_vel,0.0,0.0,-0.3827871084213257,1.9999998807907104,0.0,0.0
1768890710958045303,43.404415208,/aiformula_control/game_pad/cmd_vel,0.0,0.0,-0.3021964430809021,1.9999998807907104,0.0,0.0
1768890710981821068,43.428190973,/aiformula_control/game_pad/cmd_vel,0.0,0.0,-0.23627647757530212,1.9999998807907104,0.0,0.0
1768890711034766902,43.481136807,/aiformula_control/game_pad/cmd_vel,0.0,0.0,-0.199632465839386,1.9999998807907104,0.0,0.0
1768890711072679970,43.519049875,/aiformula_control/game_pad/cmd_vel,0.0,0.0,-0.16301025450229645,1.9999998807907104,0.0,0.0
1768890711109026341,43.555396246,/aiformula_control/game_pad/cmd_vel,0.0,0.0,-0.08241958916187286,1.9999998807907104,0.0,0.0
1768890711160635462,43.607005367,/aiformula_control/game_pad/cmd_vel,0.0,0.0,-0.05310002341866493,1.9999998807907104,0.0,0.0
1768890711181983947,43.628353852,/aiformula_control/game_pad/cmd_vel,0.0,0.0,-0.016477813944220543,1.9999998807907104,0.0,0.0
1768890711205345821,43.651715726,/aiformula_control/game_pad/cmd_vel,0.0,0.0,-0.0,1.9999998807907104,0.0,0.0
1768890711207554731,43.653924636,/aiformula_control/game_pad/cmd_vel,0.0,0.0,-0.0,1.9999998807907104,0.0,0.0
1768890711208370192,43.654740097,/aiformula_control/game_pad/cmd_vel,0.0,0.0,-0.0,1.9999998807907104,0.0,0.0
1768890711209024052,43.655393957,/aiformula_control/game_pad/cmd_vel,0.0,0.0,-0.0,1.9999998807907104,0.0,0.0
1768890711209669464,43.656039369,/aiformula_control/game_pad/cmd_vel,0.0,0.0,-0.0,1.9999998807907104,0.0,0.0
1768890711210245084,43.656614989,/aiformula_control/game_pad/cmd_vel,0.0,0.0,-0.0,1.9999998807907104,0.0,0.0
1768890711225664956,43.672034861,/aiformula_control/game_pad/cmd_vel,0.0,0.0,-0.0,1.9999998807907104,0.0,0.0
1768890711291112564,43.737482469,/aiformula_control/game_pad/cmd_vel,0.0,0.0,-0.0,1.9999998807907104,0.0,0.0
1768890711333060153,43.779430058,/aiformula_control/game_pad/cmd_vel,0.0,0.0,-0.0,1.9999998807907104,0.0,0.0
1768890711375457601,43.821827506,/aiformula_control/game_pad/cmd_vel,0.0,0.0,-0.0,1.9999998807907104,0.0,0.0
1768890711444243790,43.890613695,/aiformula_control/game_pad/cmd_vel,0.0,0.0,-0.0,1.9999998807907104,0.0,0.0
1768890711476061460,43.922431365,/aiformula_control/game_pad/cmd_vel,0.0,0.0,-0.0,1.9999998807907104,0.0,0.0
1768890711566290887,44.012660792,/aiformula_control/game_pad/cmd_vel,0.0,0.0,-0.0,1.9999998807907104,0.0,0.0
1768890711613626286,44.059996191,/aiformula_control/game_pad/cmd_vel,0.0,0.0,-0.0,1.9999998807907104,0.0,0.0
1768890711646782077,44.093151982,/aiformula_control/game_pad/cmd_vel,0.0,0.0,-0.0,1.9999998807907104,0.0,0.0
1768890711716538223,44.162908128,/aiformula_control/game_pad/cmd_vel,0.0,0.0,-0.03845113888382912,1.9999998807907104,0.0,0.0
1768890711766747592,44.213117497,/aiformula_control/game_pad/cmd_vel,0.0,0.0,-0.09706847369670868,1.9999998807907104,0.0,0.0
1768890711811064445,44.25743435,/aiformula_control/game_pad/cmd_vel,0.0,0.0,-0.17033469676971436,1.9999998807907104,0.0,0.0
1768890711816136604,44.262506509,/aiformula_control/game_pad/cmd_vel,0.0,0.0,-0.2216057926416397,1.9999998807907104,0.0,0.0
1768890711817000514,44.263370419,/aiformula_control/game_pad/cmd_vel,0.0,0.0,-0.2948720157146454,1.9999998807907104,0.0,0.0
1768890711817610117,44.263980022,/aiformula_control/game_pad/cmd_vel,0.0,0.0,-0.36081379652023315,1.9999998807907104,0.0,0.0
1768890711818243465,44.26461337,/aiformula_control/game_pad/cmd_vel,0.0,0.0,-0.3974359929561615,1.9999998807907104,0.0,0.0
1768890711820962650,44.267332555,/aiformula_control/game_pad/cmd_vel,0.0,0.0,-0.44872888922691345,1.9999998807907104,0.0,0.0
1768890711842912291,44.289282196,/aiformula_control/game_pad/cmd_vel,0.0,0.0,-0.46337777376174927,1.9999998807907104,0.0,0.0
1768890711878629634,44.324999539,/aiformula_control/game_pad/cmd_vel,0.0,0.0,-0.470702201128006,1.9999998807907104,0.0,0.0
1768890711894619494,44.340989399,/aiformula_control/game_pad/cmd_vel,0.0,0.0,-0.4047604501247406,1.9999998807907104,0.0,0.0
1768890711911901617,44.358271522,/aiformula_control/game_pad/cmd_vel,0.0,0.0,-0.3021964430809021,1.9999998807907104,0.0,0.0
1768890711918358713,44.364728618,/aiformula_control/game_pad/cmd_vel,0.0,0.0,-0.2216057926416397,1.9999998807907104,0.0,0.0
1768890711919215711,44.365585616,/aiformula_control/game_pad/cmd_vel,0.0,0.0,-0.1117173582315445,1.9999998807907104,0.0,0.0
1768890711919754594,44.366124499,/aiformula_control/game_pad/cmd_vel,0.0,0.0,-0.00915337260812521,1.9999998807907104,0.0,0.0
1768890711920217445,44.36658735,/aiformula_control/game_pad/cmd_vel,0.0,0.0,-0.0,1.9999998807907104,0.0,0.0
1768890711943598327,44.389968232,/aiformula_control/game_pad/cmd_vel,0.0,0.0,-0.0,1.9999998807907104,0.0,0.0
1768890712006500543,44.452870448,/aiformula_control/game_pad/cmd_vel,0.0,0.0,-0.0,1.9999998807907104,0.0,0.0
1768890712050825907,44.497195812,/aiformula_control/game_pad/cmd_vel,0.0,0.0,-0.0,1.9999998807907104,0.0,0.0
1768890712117710900,44.564080805,/aiformula_control/game_pad/cmd_vel,0.0,0.0,-0.0,1.9999998807907104,0.0,0.0
1768890712183080620,44.629450525,/aiformula_control/game_pad/cmd_vel,0.0,0.0,-0.0,1.9999998807907104,0.0,0.0
1768890712236434008,44.682803913,/aiformula_control/game_pad/cmd_vel,0.0,0.0,-0.0,1.9999998807907104,0.0,0.0
1768890712332337486,44.778707391,/aiformula_control/game_pad/cmd_vel,0.0,0.0,-0.0,1.9999998807907104,0.0,0.0
1768890712379434068,44.825803973,/aiformula_control/game_pad/cmd_vel,0.0,0.0,-0.0,1.9999998807907104,0.0,0.0
1768890712428573862,44.874943767,/aiformula_control/game_pad/cmd_vel,0.0,0.0,-0.0,1.9999998807907104,0.0,0.0
1768890712503263351,44.949633256,/aiformula_control/game_pad/cmd_vel,0.0,0.0,-0.0,1.9999998807907104,0.0,0.0
1768890713818799008,46.265168913,/aiformula_control/game_pad/cmd_vel,0.0,0.0,-0.0,1.9999998807907104,0.0,0.0
1768890714124727859,46.571097764,/aiformula_control/game_pad/cmd_vel,0.0,0.0,-0.0,1.9999998807907104,0.0,0.0
1768890714171344885,46.61771479,/aiformula_control/game_pad/cmd_vel,0.0,0.0,-0.0,1.9999998807907104,0.0,0.0
1768890714226231051,46.672600956,/aiformula_control/game_pad/cmd_vel,0.0,0.0,-0.0,1.9999998807907104,0.0,0.0
1768890714423491481,46.869861386,/aiformula_control/game_pad/cmd_vel,0.0,0.0,-0.0,1.9999998807907104,0.0,0.0
1768890714494295186,46.940665091,/aiformula_control/game_pad/cmd_vel,0.0,0.0,-0.0,1.9999998807907104,0.0,0.0
1768890715018522710,47.464892615,/aiformula_control/game_pad/cmd_vel,0.0,0.0,-0.06044626608490944,1.9999998807907104,0.0,0.0
1768890715040877666,47.487247571,/aiformula_control/game_pad/cmd_vel,0.0,0.0,-0.09706847369670868,1.9999998807907104,0.0,0.0
1768890715047002824,47.493372729,/aiformula_control/game_pad/cmd_vel,0.0,0.0,-0.15568581223487854,1.9999998807907104,0.0,0.0
1768890715064221203,47.510591108,/aiformula_control/game_pad/cmd_vel,0.0,0.0,-0.2142813503742218,1.9999998807907104,0.0,0.0
1768890715089616913,47.535986818,/aiformula_control/game_pad/cmd_vel,0.0,0.0,-0.3241915702819824,1.9999998807907104,0.0,0.0
1768890715097340034,47.543709939,/aiformula_control/game_pad/cmd_vel,0.0,0.0,-0.42675554752349854,1.9999998807907104,0.0,0.0
1768890715097808388,47.544178293,/aiformula_control/game_pad/cmd_vel,0.0,0.0,-0.4853510856628418,1.9999998807907104,0.0,0.0
1768890715098283783,47.544653688,/aiformula_control/game_pad/cmd_vel,0.0,0.0,-0.4999999701976776,1.9999998807907104,0.0,0.0
1768890715237696460,47.684066365,/aiformula_control/game_pad/cmd_vel,0.0,0.0,-0.4121066629886627,1.9999998807907104,0.0,0.0
1768890715256555138,47.702925043,/aiformula_control/game_pad/cmd_vel,0.0,0.0,-0.2875475585460663,1.9999998807907104,0.0,0.0
1768890715306088823,47.752458728,/aiformula_control/game_pad/cmd_vel,0.0,0.0,-0.17765913903713226,1.9999998807907104,0.0,0.0
1768890715326832024,47.773201929,/aiformula_control/game_pad/cmd_vel,0.0,0.0,-0.0,1.9999998807907104,0.0,0.0
1768890715389443038,47.835812943,/aiformula_control/game_pad/cmd_vel,0.0,0.0,-0.0,1.9999998807907104,0.0,0.0
1768890715451463617,47.897833522,/aiformula_control/game_pad/cmd_vel,0.0,0.0,-0.0,1.9999998807907104,0.0,0.0
1768890715473577067,47.919946972,/aiformula_control/game_pad/cmd_vel,0.0,0.0,-0.0,1.9999998807907104,0.0,0.0
1768890715518952582,47.965322487,/aiformula_control/game_pad/cmd_vel,0.0,0.0,-0.0,1.9999998807907104,0.0,0.0
1768890715581126569,48.027496474,/aiformula_control/game_pad/cmd_vel,0.0,0.0,-0.0,1.9999998807907104,0.0,0.0
1768890715618924501,48.065294406,/aiformula_control/game_pad/cmd_vel,0.0,0.0,-0.0,1.9999998807907104,0.0,0.0
1768890715649751701,48.096121606,/aiformula_control/game_pad/cmd_vel,0.0,0.0,-0.0,1.9999998807907104,0.0,0.0
1768890715687837666,48.134207571,/aiformula_control/game_pad/cmd_vel,0.0,0.0,-0.0,1.9999998807907104,0.0,0.0
1768890715781737420,48.228107325,/aiformula_control/game_pad/cmd_vel,0.0,0.0,-0.0,1.9999998807907104,0.0,0.0
1768890716362529744,48.808899649,/aiformula_control/game_pad/cmd_vel,0.0,0.0,0.038472939282655716,1.9999998807907104,0.0,0.0
1768890716370865828,48.817235733,/aiformula_control/game_pad/cmd_vel,0.0,0.0,0.14103692770004272,1.9999998807907104,0.0,0.0
1768890716389996539,48.836366444,/aiformula_control/game_pad/cmd_vel,0.0,0.0,0.2216275930404663,1.9999998807907104,0.0,0.0
1768890716413075403,48.859445308,/aiformula_control/game_pad/cmd_vel,0.0,0.0,0.25094714760780334,1.9999998807907104,0.0,0.0
1768890716433217513,48.879587418,/aiformula_control/game_pad/cmd_vel,0.0,0.0,0.27292048931121826,1.9999998807907104,0.0,0.0
1768890716434376016,48.880745921,/aiformula_control/game_pad/cmd_vel,0.0,0.0,0.2875693738460541,1.9999998807907104,0.0,0.0
1768890716434796883,48.881166788,/aiformula_control/game_pad/cmd_vel,0.0,0.0,0.3095426857471466,1.9999998807907104,0.0,0.0
1768890716435212949,48.881582854,/aiformula_control/game_pad/cmd_vel,0.0,0.0,0.3242133855819702,1.9999998807907104,0.0,0.0
1768890716467288189,48.913658094,/aiformula_control/game_pad/cmd_vel,0.0,0.0,0.33886227011680603,1.9999998807907104,0.0,0.0
1768890716490409869,48.936779774,/aiformula_control/game_pad/cmd_vel,0.0,0.0,0.35351115465164185,1.9999998807907104,0.0,0.0
1768890716514468131,48.960838036,/aiformula_control/game_pad/cmd_vel,0.0,0.0,0.3754844665527344,1.9999998807907104,0.0,0.0
1768890716554179227,49.000549132,/aiformula_control/game_pad/cmd_vel,0.0,0.0,0.3901333510875702,1.9999998807907104,0.0,0.0
1768890716577814126,49.024184031,/aiformula_control/game_pad/cmd_vel,0.0,0.0,0.404782235622406,1.9999998807907104,0.0,0.0
1768890716585532734,49.031902639,/aiformula_control/game_pad/cmd_vel,0.0,0.0,0.404782235622406,1.9999998807907104,0.0,0.0
1768890716618644781,49.065014686,/aiformula_control/game_pad/cmd_vel,0.0,0.0,0.3974578082561493,1.9999998807907104,0.0,0.0
1768890716653335333,49.099705238,/aiformula_control/game_pad/cmd_vel,0.0,0.0,0.3974578082561493,1.9999998807907104,0.0,0.0
1768890716676042194,49.122412099,/aiformula_control/game_pad/cmd_vel,0.0,0.0,0.36083558201789856,1.9999998807907104,0.0,0.0
1768890716719445985,49.16581589,/aiformula_control/game_pad/cmd_vel,0.0,0.0,0.33886227011680603,1.9999998807907104,0.0,0.0
1768890716760738498,49.207108403,/aiformula_control/game_pad/cmd_vel,0.0,0.0,0.33886227011680603,1.9999998807907104,0.0,0.0
1768890716787514537,49.233884442,/aiformula_control/game_pad/cmd_vel,0.0,0.0,0.33886227011680603,1.9999998807907104,0.0,0.0
1768890716809248433,49.255618338,/aiformula_control/game_pad/cmd_vel,0.0,0.0,0.34618669748306274,1.9999998807907104,0.0,0.0
1768890716833380999,49.279750904,/aiformula_control/game_pad/cmd_vel,0.0,0.0,0.36816003918647766,1.9999998807907104,0.0,0.0
1768890716834371661,49.280741566,/aiformula_control/game_pad/cmd_vel,0.0,0.0,0.3974578082561493,1.9999998807907104,0.0,0.0
1768890716834855120,49.281225025,/aiformula_control/game_pad/cmd_vel,0.0,0.0,0.4121284782886505,1.9999998807907104,0.0,0.0
1768890716835259027,49.281628932,/aiformula_control/game_pad/cmd_vel,0.0,0.0,0.43410179018974304,1.9999998807907104,0.0,0.0
1768890716835611829,49.281981734,/aiformula_control/game_pad/cmd_vel,0.0,0.0,0.4853729009628296,1.9999998807907104,0.0,0.0
1768890716835964151,49.282334056,/aiformula_control/game_pad/cmd_vel,0.0,0.0,0.4999999701976776,1.9999998807907104,0.0,0.0
1768890716864951852,49.311321757,/aiformula_control/game_pad/cmd_vel,0.0,0.0,0.4999999701976776,1.9999998807907104,0.0,0.0
1768890716868227104,49.314597009,/aiformula_control/game_pad/cmd_vel,0.0,0.0,0.4999999701976776,1.9999998807907104,0.0,0.0
1768890716878446496,49.324816401,/aiformula_control/game_pad/cmd_vel,0.0,0.0,0.4999999701976776,1.9999998807907104,0.0,0.0
1768890716898614334,49.344984239,/aiformula_control/game_pad/cmd_vel,0.0,0.0,0.4999999701976776,1.9999998807907104,0.0,0.0
1768890716918893308,49.365263213,/aiformula_control/game_pad/cmd_vel,0.0,0.0,0.4999999701976776,1.9999998807907104,0.0,0.0
1768890716929780480,49.376150385,/aiformula_control/game_pad/cmd_vel,0.0,0.0,0.4999999701976776,1.9999998807907104,0.0,0.0
1768890716961580870,49.407950775,/aiformula_control/game_pad/cmd_vel,0.0,0.0,0.4853729009628296,1.9999998807907104,0.0,0.0
1768890716968949556,49.415319461,/aiformula_control/game_pad/cmd_vel,0.0,0.0,0.4853729009628296,1.9999998807907104,0.0,0.0
1768890717026071384,49.472441289,/aiformula_control/game_pad/cmd_vel,0.0,0.0,0.4853729009628296,1.9999998807907104,0.0,0.0
1768890717048580165,49.49495007,/aiformula_control/game_pad/cmd_vel,0.0,0.0,0.4853729009628296,1.9999998807907104,0.0,0.0
1768890717067662364,49.514032269,/aiformula_control/game_pad/cmd_vel,0.0,0.0,0.4926973283290863,1.9999998807907104,0.0,0.0
1768890717095601962,49.541971867,/aiformula_control/game_pad/cmd_vel,0.0,0.0,0.4926973283290863,1.9999998807907104,0.0,0.0
1768890717137009260,49.583379165,/aiformula_control/game_pad/cmd_vel,0.0,0.0,0.4926973283290863,1.9999998807907104,0.0,0.0
1768890717187795112,49.634165017,/aiformula_control/game_pad/cmd_vel,0.0,0.0,0.4853729009628296,1.9999998807907104,0.0,0.0
1768890717235520914,49.681890819,/aiformula_control/game_pad/cmd_vel,0.0,0.0,0.4853729009628296,1.9999998807907104,0.0,0.0
1768890717275194889,49.721564794,/aiformula_control/game_pad/cmd_vel,0.0,0.0,0.4853729009628296,1.9999998807907104,0.0,0.0
1768890717332611055,49.77898096,/aiformula_control/game_pad/cmd_vel,0.0,0.0,0.4926973283290863,1.9999998807907104,0.0,0.0
1768890717378482733,49.824852638,/aiformula_control/game_pad/cmd_vel,0.0,0.0,0.4926973283290863,1.9999998807907104,0.0,0.0
1768890717424895694,49.871265599,/aiformula_control/game_pad/cmd_vel,0.0,0.0,0.4853729009628296,1.9999998807907104,0.0,0.0
1768890717487448404,49.933818309,/aiformula_control/game_pad/cmd_vel,0.0,0.0,0.4853729009628296,1.9999998807907104,0.0,0.0
1768890717538460562,49.984830467,/aiformula_control/game_pad/cmd_vel,0.0,0.0,0.4926973283290863,1.9999998807907104,0.0,0.0
1768890717604812048,50.051181953,/aiformula_control/game_pad/cmd_vel,0.0,0.0,0.4853729009628296,1.9999998807907104,0.0,0.0
1768890717655710989,50.102080894,/aiformula_control/game_pad/cmd_vel,0.0,0.0,0.4707240164279938,1.9999998807907104,0.0,0.0
1768890717691673133,50.138043038,/aiformula_control/game_pad/cmd_vel,0.0,0.0,0.4633995592594147,1.9999998807907104,0.0,0.0
1768890717726419814,50.172789719,/aiformula_control/game_pad/cmd_vel,0.0,0.0,0.3901333510875702,1.9999998807907104,0.0,0.0
1768890717761963876,50.208333781,/aiformula_control/game_pad/cmd_vel,0.0,0.0,0.33153781294822693,1.9999998807907104,0.0,0.0
1768890717802419552,50.248789457,/aiformula_control/game_pad/cmd_vel,0.0,0.0,0.3095426857471466,1.9999998807907104,0.0,0.0
1768890717851335217,50.297705122,/aiformula_control/game_pad/cmd_vel,0.0,0.0,0.2948938012123108,1.9999998807907104,0.0,0.0
1768890717858640446,50.305010351,/aiformula_control/game_pad/cmd_vel,0.0,0.0,0.280244916677475,1.9999998807907104,0.0,0.0
1768890717897807666,50.344177571,/aiformula_control/game_pad/cmd_vel,0.0,0.0,0.22895203530788422,1.9999998807907104,0.0,0.0
1768890717923825717,50.370195622,/aiformula_control/game_pad/cmd_vel,0.0,0.0,0.2143031507730484,1.9999998807907104,0.0,0.0
1768890717946237632,50.392607537,/aiformula_control/game_pad/cmd_vel,0.0,0.0,0.19232982397079468,1.9999998807907104,0.0,0.0
1768890717968886829,50.415256734,/aiformula_control/game_pad/cmd_vel,0.0,0.0,0.17035649716854095,1.9999998807907104,0.0,0.0
1768890717990417396,50.436787301,/aiformula_control/game_pad/cmd_vel,0.0,0.0,0.16303205490112305,1.9999998807907104,0.0,0.0
1768890718011845689,50.458215594,/aiformula_control/game_pad/cmd_vel,0.0,0.0,0.14838317036628723,1.9999998807907104,0.0,0.0
1768890718040034473,50.486404378,/aiformula_control/game_pad/cmd_vel,0.0,0.0,0.13371248543262482,1.9999998807907104,0.0,0.0
1768890718054698468,50.501068373,/aiformula_control/game_pad/cmd_vel,0.0,0.0,0.119063600897789,1.9999998807907104,0.0,0.0
1768890718055416585,50.50178649,/aiformula_control/game_pad/cmd_vel,0.0,0.0,0.119063600897789,1.9999998807907104,0.0,0.0
1768890718060019045,50.50638895,/aiformula_control/game_pad/cmd_vel,0.0,0.0,0.119063600897789,1.9999998807907104,0.0,0.0
1768890718081851726,50.528221631,/aiformula_control/game_pad/cmd_vel,0.0,0.0,0.1263880431652069,1.9999998807907104,0.0,0.0
1768890718106505543,50.552875448,/aiformula_control/game_pad/cmd_vel,0.0,0.0,0.1263880431652069,1.9999998807907104,0.0,0.0
1768890718109720891,50.556090796,/aiformula_control/game_pad/cmd_vel,0.0,0.0,0.09709027409553528,1.9999998807907104,0.0,0.0
1768890718110124702,50.556494607,/aiformula_control/game_pad/cmd_vel,0.0,0.0,0.07511694729328156,1.9999998807907104,0.0,0.0
1768890718125435965,50.57180587,/aiformula_control/game_pad/cmd_vel,0.0,0.0,0.06779250502586365,1.9999998807907104,0.0,0.0
1768890718223902883,50.670272788,/aiformula_control/game_pad/cmd_vel,0.0,0.0,0.06046806275844574,1.9999998807907104,0.0,0.0
1768890718267665492,50.714035397,/aiformula_control/game_pad/cmd_vel,0.0,0.0,0.045797381550073624,1.9999998807907104,0.0,0.0
1768890718316317859,50.762687764,/aiformula_control/game_pad/cmd_vel,0.0,0.0,0.038472939282655716,1.9999998807907104,0.0,0.0
1768890718400375983,50.846745888,/aiformula_control/game_pad/cmd_vel,0.0,0.0,0.0238240547478199,1.9999998807907104,0.0,0.0
1768890718514039188,50.960409093,/aiformula_control/game_pad/cmd_vel,0.0,0.0,-0.0,1.9999998807907104,0.0,0.0
1768890718629298530,51.075668435,/aiformula_control/game_pad/cmd_vel,0.0,0.0,0.0238240547478199,1.9999998807907104,0.0,0.0
1768890718681221638,51.127591543,/aiformula_control/game_pad/cmd_vel,0.0,0.0,0.038472939282655716,1.9999998807907104,0.0,0.0
1768890718732191108,51.178561013,/aiformula_control/game_pad/cmd_vel,0.0,0.0,0.08244138956069946,1.9999998807907104,0.0,0.0
1768890718785262958,51.231632863,/aiformula_control/game_pad/cmd_vel,0.0,0.0,0.1117391586303711,1.9999998807907104,0.0,0.0
1768890718826530800,51.272900705,/aiformula_control/game_pad/cmd_vel,0.0,0.0,0.14103692770004272,1.9999998807907104,0.0,0.0
1768890718882369804,51.328739709,/aiformula_control/game_pad/cmd_vel,0.0,0.0,0.15570761263370514,1.9999998807907104,0.0,0.0
1768890718935508183,51.381878088,/aiformula_control/game_pad/cmd_vel,0.0,0.0,0.14838317036628723,1.9999998807907104,0.0,0.0
1768890718975977267,51.422347172,/aiformula_control/game_pad/cmd_vel,0.0,0.0,0.13371248543262482,1.9999998807907104,0.0,0.0
1768890719013971712,51.460341617,/aiformula_control/game_pad/cmd_vel,0.0,0.0,0.119063600897789,1.9999998807907104,0.0,0.0
1768890719046915309,51.493285214,/aiformula_control/game_pad/cmd_vel,0.0,0.0,0.09709027409553528,1.9999998807907104,0.0,0.0
1768890719090146299,51.536516204,/aiformula_control/game_pad/cmd_vel,0.0,0.0,0.07511694729328156,1.9999998807907104,0.0,0.0
1768890719144240716,51.590610621,/aiformula_control/game_pad/cmd_vel,0.0,0.0,0.06779250502586365,1.9999998807907104,0.0,0.0
1768890719178866404,51.625236309,/aiformula_control/game_pad/cmd_vel,0.0,0.0,0.08976583182811737,1.9999998807907104,0.0,0.0
1768890719201523345,51.64789325,/aiformula_control/game_pad/cmd_vel,0.0,0.0,0.1263880431652069,1.9999998807907104,0.0,0.0
1768890719203062395,51.6494323,/aiformula_control/game_pad/cmd_vel,0.0,0.0,0.15570761263370514,1.9999998807907104,0.0,0.0
1768890719203640862,51.650010767,/aiformula_control/game_pad/cmd_vel,0.0,0.0,0.19232982397079468,1.9999998807907104,0.0,0.0
1768890719204184354,51.650554259,/aiformula_control/game_pad/cmd_vel,0.0,0.0,0.19965426623821259,1.9999998807907104,0.0,0.0
1768890719209588259,51.655958164,/aiformula_control/game_pad/cmd_vel,0.0,0.0,0.19965426623821259,1.9999998807907104,0.0,0.0
1768890719212630454,51.659000359,/aiformula_control/game_pad/cmd_vel,0.0,0.0,0.2069787085056305,1.9999998807907104,0.0,0.0
1768890719227341170,51.673711075,/aiformula_control/game_pad/cmd_vel,0.0,0.0,0.2069787085056305,1.9999998807907104,0.0,0.0
1768890719259877949,51.706247854,/aiformula_control/game_pad/cmd_vel,0.0,0.0,0.19965426623821259,1.9999998807907104,0.0,0.0
1768890719294312372,51.740682277,/aiformula_control/game_pad/cmd_vel,0.0,0.0,0.2143031507730484,1.9999998807907104,0.0,0.0
1768890719339201259,51.785571164,/aiformula_control/game_pad/cmd_vel,0.0,0.0,0.2216275930404663,1.9999998807907104,0.0,0.0
1768890719365082349,51.811452254,/aiformula_control/game_pad/cmd_vel,0.0,0.0,0.24362270534038544,1.9999998807907104,0.0,0.0
1768890719399263330,51.845633235,/aiformula_control/game_pad/cmd_vel,0.0,0.0,0.25827160477638245,1.9999998807907104,0.0,0.0
1768890719405493545,51.85186345,/aiformula_control/game_pad/cmd_vel,0.0,0.0,0.280244916677475,1.9999998807907104,0.0,0.0
1768890719419447104,51.865817009,/aiformula_control/game_pad/cmd_vel,0.0,0.0,0.2948938012123108,1.9999998807907104,0.0,0.0
1768890719446457384,51.892827289,/aiformula_control/game_pad/cmd_vel,0.0,0.0,0.2948938012123108,1.9999998807907104,0.0,0.0
1768890719450990212,51.897360117,/aiformula_control/game_pad/cmd_vel,0.0,0.0,0.280244916677475,1.9999998807907104,0.0,0.0
1768890719451491367,51.897861272,/aiformula_control/game_pad/cmd_vel,0.0,0.0,0.26559603214263916,1.9999998807907104,0.0,0.0
1768890719451917002,51.898286907,/aiformula_control/game_pad/cmd_vel,0.0,0.0,0.25094714760780334,1.9999998807907104,0.0,0.0
1768890719452328173,51.898698078,/aiformula_control/game_pad/cmd_vel,0.0,0.0,0.25094714760780334,1.9999998807907104,0.0,0.0
1768890719452756335,51.89912624,/aiformula_control/game_pad/cmd_vel,0.0,0.0,0.25094714760780334,1.9999998807907104,0.0,0.0
1768890719456955945,51.90332585,/aiformula_control/game_pad/cmd_vel,0.0,0.0,0.23629826307296753,1.9999998807907104,0.0,0.0
1768890719485913054,51.932282959,/aiformula_control/game_pad/cmd_vel,0.0,0.0,0.22895203530788422,1.9999998807907104,0.0,0.0
1768890719509798739,51.956168644,/aiformula_control/game_pad/cmd_vel,0.0,0.0,0.2216275930404663,1.9999998807907104,0.0,0.0
1768890719535823701,51.982193606,/aiformula_control/game_pad/cmd_vel,0.0,0.0,0.2069787085056305,1.9999998807907104,0.0,0.0
1768890719558166144,52.004536049,/aiformula_control/game_pad/cmd_vel,0.0,0.0,0.19232982397079468,1.9999998807907104,0.0,0.0
1768890719588480445,52.03485035,/aiformula_control/game_pad/cmd_vel,0.0,0.0,0.17768093943595886,1.9999998807907104,0.0,0.0
1768890719607024881,52.053394786,/aiformula_control/game_pad/cmd_vel,0.0,0.0,0.16303205490112305,1.9999998807907104,0.0,0.0
1768890719627259791,52.073629696,/aiformula_control/game_pad/cmd_vel,0.0,0.0,0.15570761263370514,1.9999998807907104,0.0,0.0
1768890719670358588,52.116728493,/aiformula_control/game_pad/cmd_vel,0.0,0.0,0.14838317036628723,1.9999998807907104,0.0,0.0
1768890719681172767,52.127542672,/aiformula_control/game_pad/cmd_vel,0.0,0.0,0.14838317036628723,1.9999998807907104,0.0,0.0
1768890719723513031,52.169882936,/aiformula_control/game_pad/cmd_vel,0.0,0.0,0.14838317036628723,1.9999998807907104,0.0,0.0
1768890719747695838,52.194065743,/aiformula_control/game_pad/cmd_vel,0.0,0.0,0.14838317036628723,1.9999998807907104,0.0,0.0
1768890719793820285,52.24019019,/aiformula_control/game_pad/cmd_vel,0.0,0.0,0.13371248543262482,1.9999998807907104,0.0,0.0
1768890719817213039,52.263582944,/aiformula_control/game_pad/cmd_vel,0.0,0.0,0.119063600897789,1.9999998807907104,0.0,0.0
1768890719869683894,52.316053799,/aiformula_control/game_pad/cmd_vel,0.0,0.0,0.1117391586303711,1.9999998807907104,0.0,0.0
1768890719908768042,52.355137947,/aiformula_control/game_pad/cmd_vel,0.0,0.0,0.09709027409553528,1.9999998807907104,0.0,0.0
1768890719953837763,52.400207668,/aiformula_control/game_pad/cmd_vel,0.0,0.0,0.06046806275844574,1.9999998807907104,0.0,0.0
1768890720001308875,52.44767878,/aiformula_control/game_pad/cmd_vel,0.0,0.0,0.0238240547478199,1.9999998807907104,0.0,0.0
1768890720020334945,52.46670485,/aiformula_control/game_pad/cmd_vel,0.0,0.0,-0.0,1.9999998807907104,0.0,0.0
1768890720060885694,52.507255599,/aiformula_control/game_pad/cmd_vel,0.0,0.0,-0.0,1.9999998807907104,0.0,0.0
1768890720082902599,52.529272504,/aiformula_control/game_pad/cmd_vel,0.0,0.0,-0.0,1.9999998807907104,0.0,0.0
1768890720108892073,52.555261978,/aiformula_control/game_pad/cmd_vel,0.0,0.0,-0.0,1.9999998807907104,0.0,0.0
1768890720146467316,52.592837221,/aiformula_control/game_pad/cmd_vel,0.0,0.0,-0.0,1.9999998807907104,0.0,0.0
1768890720196504299,52.642874204,/aiformula_control/game_pad/cmd_vel,0.0,0.0,-0.0,1.9999998807907104,0.0,0.0
1768890720211828683,52.658198588,/aiformula_control/game_pad/cmd_vel,0.0,0.0,-0.0,1.9999998807907104,0.0,0.0
1768890720258628463,52.704998368,/aiformula_control/game_pad/cmd_vel,0.0,0.0,-0.0,1.9999998807907104,0.0,0.0
1768890720277338211,52.723708116,/aiformula_control/game_pad/cmd_vel,0.0,0.0,0.0238240547478199,1.9999998807907104,0.0,0.0
1768890720301330329,52.747700234,/aiformula_control/game_pad/cmd_vel,0.0,0.0,0.038472939282655716,1.9999998807907104,0.0,0.0
1768890720326016147,52.772386052,/aiformula_control/game_pad/cmd_vel,0.0,0.0,0.06046806275844574,1.9999998807907104,0.0,0.0
1768890720401393801,52.847763706,/aiformula_control/game_pad/cmd_vel,0.0,0.0,0.045797381550073624,1.9999998807907104,0.0,0.0
1768890720450661916,52.897031821,/aiformula_control/game_pad/cmd_vel,0.0,0.0,0.031148497015237808,1.9999998807907104,0.0,0.0
1768890720458431660,52.904801565,/aiformula_control/game_pad/cmd_vel,0.0,0.0,0.0238240547478199,1.9999998807907104,0.0,0.0
1768890720588508151,53.034878056,/aiformula_control/game_pad/cmd_vel,0.0,0.0,0.038472939282655716,1.9999998807907104,0.0,0.0
1768890720593657975,53.04002788,/aiformula_control/game_pad/cmd_vel,0.0,0.0,0.06046806275844574,1.9999998807907104,0.0,0.0
1768890720594065466,53.040435371,/aiformula_control/game_pad/cmd_vel,0.0,0.0,0.06779250502586365,1.9999998807907104,0.0,0.0
1768890720625118779,53.071488684,/aiformula_control/game_pad/cmd_vel,0.0,0.0,0.05312182381749153,1.9999998807907104,0.0,0.0
1768890720655503545,53.10187345,/aiformula_control/game_pad/cmd_vel,0.0,0.0,0.016499614343047142,1.9999998807907104,0.0,0.0
1768890720661489534,53.107859439,/aiformula_control/game_pad/cmd_vel,0.0,0.0,0.001850729575380683,1.9999998807907104,0.0,0.0
1768890720859865107,53.306235012,/aiformula_control/game_pad/cmd_vel,0.0,0.0,-0.0,1.9999998807907104,0.0,0.0
1768890721002174698,53.448544603,/aiformula_control/game_pad/cmd_vel,0.0,0.0,0.016499614343047142,1.9999998807907104,0.0,0.0
1768890721011509092,53.457878997,/aiformula_control/game_pad/cmd_vel,0.0,0.0,0.031148497015237808,1.9999998807907104,0.0,0.0
1768890721012810252,53.459180157,/aiformula_control/game_pad/cmd_vel,0.0,0.0,0.045797381550073624,1.9999998807907104,0.0,0.0
1768890721013214127,53.459584032,/aiformula_control/game_pad/cmd_vel,0.0,0.0,0.05312182381749153,1.9999998807907104,0.0,0.0
1768890721088949351,53.535319256,/aiformula_control/game_pad/cmd_vel,0.0,0.0,0.06046806275844574,1.9999998807907104,0.0,0.0
1768890721118679328,53.565049233,/aiformula_control/game_pad/cmd_vel,0.0,0.0,0.08244138956069946,1.9999998807907104,0.0,0.0
1768890721167151182,53.613521087,/aiformula_control/game_pad/cmd_vel,0.0,0.0,0.09709027409553528,1.9999998807907104,0.0,0.0
1768890721212290151,53.658660056,/aiformula_control/game_pad/cmd_vel,0.0,0.0,0.10441471636295319,1.9999998807907104,0.0,0.0
1768890721233281770,53.679651675,/aiformula_control/game_pad/cmd_vel,0.0,0.0,0.119063600897789,1.9999998807907104,0.0,0.0
1768890721256837629,53.703207534,/aiformula_control/game_pad/cmd_vel,0.0,0.0,0.14103692770004272,1.9999998807907104,0.0,0.0
1768890721281850841,53.728220746,/aiformula_control/game_pad/cmd_vel,0.0,0.0,0.16303205490112305,1.9999998807907104,0.0,0.0
1768890721282891680,53.729261585,/aiformula_control/game_pad/cmd_vel,0.0,0.0,0.18500538170337677,1.9999998807907104,0.0,0.0
1768890721284041703,53.730411608,/aiformula_control/game_pad/cmd_vel,0.0,0.0,0.2143031507730484,1.9999998807907104,0.0,0.0
1768890721284432041,53.730801946,/aiformula_control/game_pad/cmd_vel,0.0,0.0,0.2143031507730484,1.9999998807907104,0.0,0.0
1768890721284811724,53.731181629,/aiformula_control/game_pad/cmd_vel,0.0,0.0,0.2143031507730484,1.9999998807907104,0.0,0.0
1768890721285196430,53.731566335,/aiformula_control/game_pad/cmd_vel,0.0,0.0,0.2069787085056305,1.9999998807907104,0.0,0.0
1768890721301478387,53.747848292,/aiformula_control/game_pad/cmd_vel,0.0,0.0,0.19965426623821259,1.9999998807907104,0.0,0.0
1768890721407707978,53.854077883,/aiformula_control/game_pad/cmd_vel,0.0,0.0,0.19965426623821259,1.9999998807907104,0.0,0.0
1768890721550318851,53.996688756,/aiformula_control/game_pad/cmd_vel,0.0,0.0,0.2143031507730484,1.9999998807907104,0.0,0.0
1768890721594650679,54.041020584,/aiformula_control/game_pad/cmd_vel,0.0,0.0,0.23629826307296753,1.9999998807907104,0.0,0.0
1768890721621102972,54.067472877,/aiformula_control/game_pad/cmd_vel,0.0,0.0,0.25827160477638245,1.9999998807907104,0.0,0.0
1768890721653641575,54.10001148,/aiformula_control/game_pad/cmd_vel,0.0,0.0,0.26559603214263916,1.9999998807907104,0.0,0.0
1768890721690695438,54.137065343,/aiformula_control/game_pad/cmd_vel,0.0,0.0,0.26559603214263916,1.9999998807907104,0.0,0.0
1768890721736645484,54.183015389,/aiformula_control/game_pad/cmd_vel,0.0,0.0,0.25094714760780334,1.9999998807907104,0.0,0.0
1768890721765150398,54.211520303,/aiformula_control/game_pad/cmd_vel,0.0,0.0,0.23629826307296753,1.9999998807907104,0.0,0.0
1768890721815753849,54.262123754,/aiformula_control/game_pad/cmd_vel,0.0,0.0,0.2143031507730484,1.9999998807907104,0.0,0.0
1768890721882111511,54.328481416,/aiformula_control/game_pad/cmd_vel,0.0,0.0,0.22895203530788422,1.9999998807907104,0.0,0.0
1768890721902288693,54.348658598,/aiformula_control/game_pad/cmd_vel,0.0,0.0,0.24362270534038544,1.9999998807907104,0.0,0.0
1768890721935425347,54.381795252,/aiformula_control/game_pad/cmd_vel,0.0,0.0,0.26559603214263916,1.9999998807907104,0.0,0.0
1768890721963410322,54.409780227,/aiformula_control/game_pad/cmd_vel,0.0,0.0,0.27292048931121826,1.9999998807907104,0.0,0.0
1768890721979729111,54.426099016,/aiformula_control/game_pad/cmd_vel,0.0,0.0,0.26559603214263916,1.9999998807907104,0.0,0.0
1768890722052399868,54.498769773,/aiformula_control/game_pad/cmd_vel,0.0,0.0,0.26559603214263916,1.9999998807907104,0.0,0.0
1768890722079634566,54.526004471,/aiformula_control/game_pad/cmd_vel,0.0,0.0,0.26559603214263916,1.9999998807907104,0.0,0.0
1768890722088972192,54.535342097,/aiformula_control/game_pad/cmd_vel,0.0,0.0,0.25827160477638245,1.9999998807907104,0.0,0.0
1768890722136765546,54.583135451,/aiformula_control/game_pad/cmd_vel,0.0,0.0,0.24362270534038544,1.9999998807907104,0.0,0.0
1768890722157544972,54.603914877,/aiformula_control/game_pad/cmd_vel,0.0,0.0,0.23629826307296753,1.9999998807907104,0.0,0.0
1768890722182388103,54.628758008,/aiformula_control/game_pad/cmd_vel,0.0,0.0,0.2216275930404663,1.9999998807907104,0.0,0.0
1768890722208585450,54.654955355,/aiformula_control/game_pad/cmd_vel,0.0,0.0,0.2143031507730484,1.9999998807907104,0.0,0.0
1768890722237098364,54.683468269,/aiformula_control/game_pad/cmd_vel,0.0,0.0,0.2143031507730484,1.9999998807907104,0.0,0.0
1768890722279434756,54.725804661,/aiformula_control/game_pad/cmd_vel,0.0,0.0,0.2216275930404663,1.9999998807907104,0.0,0.0
1768890722318149205,54.76451911,/aiformula_control/game_pad/cmd_vel,0.0,0.0,0.2216275930404663,1.9999998807907104,0.0,0.0
1768890722425754996,54.872124901,/aiformula_control/game_pad/cmd_vel,0.0,0.0,0.2216275930404663,1.9999998807907104,0.0,0.0
1768890722446384980,54.892754885,/aiformula_control/game_pad/cmd_vel,0.0,0.0,0.2143031507730484,1.9999998807907104,0.0,0.0
1768890722521490697,54.967860602,/aiformula_control/game_pad/cmd_vel,0.0,0.0,0.2143031507730484,1.9999998807907104,0.0,0.0
1768890722545123452,54.991493357,/aiformula_control/game_pad/cmd_vel,0.0,0.0,0.2216275930404663,1.9999998807907104,0.0,0.0
1768890722568803407,55.015173312,/aiformula_control/game_pad/cmd_vel,0.0,0.0,0.2143031507730484,1.9999998807907104,0.0,0.0
1768890722608905193,55.055275098,/aiformula_control/game_pad/cmd_vel,0.0,0.0,0.22895203530788422,1.9999998807907104,0.0,0.0
1768890722618142659,55.064512564,/aiformula_control/game_pad/cmd_vel,0.0,0.0,0.23629826307296753,1.9999998807907104,0.0,0.0
1768890722639092166,55.085462071,/aiformula_control/game_pad/cmd_vel,0.0,0.0,0.2143031507730484,1.9999998807907104,0.0,0.0
1768890722689241598,55.135611503,/aiformula_control/game_pad/cmd_vel,0.0,0.0,0.19965426623821259,1.9999998807907104,0.0,0.0
1768890722812980674,55.259350579,/aiformula_control/game_pad/cmd_vel,0.0,0.0,0.19965426623821259,1.9999998807907104,0.0,0.0
1768890722816612888,55.262982793,/aiformula_control/game_pad/cmd_vel,0.0,0.0,0.19965426623821259,1.9999998807907104,0.0,0.0
1768890722890221443,55.336591348,/aiformula_control/game_pad/cmd_vel,0.0,0.0,0.2216275930404663,1.9999998807907104,0.0,0.0
1768890722944489205,55.39085911,/aiformula_control/game_pad/cmd_vel,0.0,0.0,0.23629826307296753,1.9999998807907104,0.0,0.0
1768890723030344973,55.476714878,/aiformula_control/game_pad/cmd_vel,0.0,0.0,0.23629826307296753,1.9999998807907104,0.0,0.0
1768890723066001259,55.512371164,/aiformula_control/game_pad/cmd_vel,0.0,0.0,0.2216275930404663,1.9999998807907104,0.0,0.0
1768890723094149690,55.540519595,/aiformula_control/game_pad/cmd_vel,0.0,0.0,0.2069787085056305,1.9999998807907104,0.0,0.0
1768890723119355511,55.565725416,/aiformula_control/game_pad/cmd_vel,0.0,0.0,0.19965426623821259,1.9999998807907104,0.0,0.0
1768890723143121836,55.589491741,/aiformula_control/game_pad/cmd_vel,0.0,0.0,0.19232982397079468,1.9999998807907104,0.0,0.0
1768890723145566203,55.591936108,/aiformula_control/game_pad/cmd_vel,0.0,0.0,0.19232982397079468,1.9999998807907104,0.0,0.0
1768890723176483548,55.622853453,/aiformula_control/game_pad/cmd_vel,0.0,0.0,0.19232982397079468,1.9999998807907104,0.0,0.0
1768890723205864275,55.65223418,/aiformula_control/game_pad/cmd_vel,0.0,0.0,0.19965426623821259,1.9999998807907104,0.0,0.0
1768890723211458838,55.657828743,/aiformula_control/game_pad/cmd_vel,0.0,0.0,0.2143031507730484,1.9999998807907104,0.0,0.0
1768890723234433765,55.68080367,/aiformula_control/game_pad/cmd_vel,0.0,0.0,0.2216275930404663,1.9999998807907104,0.0,0.0
1768890723305057149,55.751427054,/aiformula_control/game_pad/cmd_vel,0.0,0.0,0.2069787085056305,1.9999998807907104,0.0,0.0
1768890723350573209,55.796943114,/aiformula_control/game_pad/cmd_vel,0.0,0.0,0.19232982397079468,1.9999998807907104,0.0,0.0
1768890723369187757,55.815557662,/aiformula_control/game_pad/cmd_vel,0.0,0.0,0.19965426623821259,1.9999998807907104,0.0,0.0
1768890723407731293,55.854101198,/aiformula_control/game_pad/cmd_vel,0.0,0.0,0.18500538170337677,1.9999998807907104,0.0,0.0
1768890723545119222,55.991489127,/aiformula_control/game_pad/cmd_vel,0.0,0.0,0.18500538170337677,1.9999998807907104,0.0,0.0
1768890723560603862,56.006973767,/aiformula_control/game_pad/cmd_vel,0.0,0.0,0.19965426623821259,1.9999998807907104,0.0,0.0
1768890723586835258,56.033205163,/aiformula_control/game_pad/cmd_vel,0.0,0.0,0.2143031507730484,1.9999998807907104,0.0,0.0
1768890723619657286,56.066027191,/aiformula_control/game_pad/cmd_vel,0.0,0.0,0.22895203530788422,1.9999998807907104,0.0,0.0
1768890723628471357,56.074841262,/aiformula_control/game_pad/cmd_vel,0.0,0.0,0.23629826307296753,1.9999998807907104,0.0,0.0
1768890723746744414,56.193114319,/aiformula_control/game_pad/cmd_vel,0.0,0.0,0.26559603214263916,1.9999998807907104,0.0,0.0
1768890723768280069,56.214649974,/aiformula_control/game_pad/cmd_vel,0.0,0.0,0.2875693738460541,1.9999998807907104,0.0,0.0
1768890723786852216,56.233222121,/aiformula_control/game_pad/cmd_vel,0.0,0.0,0.3095426857471466,1.9999998807907104,0.0,0.0
1768890723839441312,56.285811217,/aiformula_control/game_pad/cmd_vel,0.0,0.0,0.3242133855819702,1.9999998807907104,0.0,0.0
1768890723859551742,56.305921647,/aiformula_control/game_pad/cmd_vel,0.0,0.0,0.33886227011680603,1.9999998807907104,0.0,0.0
1768890723885519135,56.33188904,/aiformula_control/game_pad/cmd_vel,0.0,0.0,0.35351115465164185,1.9999998807907104,0.0,0.0
1768890723886551942,56.332921847,/aiformula_control/game_pad/cmd_vel,0.0,0.0,0.3754844665527344,1.9999998807907104,0.0,0.0
1768890723900001466,56.346371371,/aiformula_control/game_pad/cmd_vel,0.0,0.0,0.3828089237213135,1.9999998807907104,0.0,0.0
1768890723945185203,56.391555108,/aiformula_control/game_pad/cmd_vel,0.0,0.0,0.36816003918647766,1.9999998807907104,0.0,0.0
1768890724013897920,56.460267825,/aiformula_control/game_pad/cmd_vel,0.0,0.0,0.36083558201789856,1.9999998807907104,0.0,0.0
1768890724037686772,56.484056677,/aiformula_control/game_pad/cmd_vel,0.0,0.0,0.36816003918647766,1.9999998807907104,0.0,0.0
1768890724088009614,56.534379519,/aiformula_control/game_pad/cmd_vel,0.0,0.0,0.36083558201789856,1.9999998807907104,0.0,0.0
1768890724234076956,56.680446861,/aiformula_control/game_pad/cmd_vel,0.0,0.0,0.36816003918647766,1.9999998807907104,0.0,0.0
1768890724357368989,56.803738894,/aiformula_control/game_pad/cmd_vel,0.0,0.0,0.36083558201789856,1.9999998807907104,0.0,0.0
1768890724393910241,56.840280146,/aiformula_control/game_pad/cmd_vel,0.0,0.0,0.34618669748306274,1.9999998807907104,0.0,0.0
1768890724426583820,56.872953725,/aiformula_control/game_pad/cmd_vel,0.0,0.0,0.34618669748306274,1.9999998807907104,0.0,0.0
1768890724441219464,56.887589369,/aiformula_control/game_pad/cmd_vel,0.0,0.0,0.36083558201789856,1.9999998807907104,0.0,0.0
1768890724469283606,56.915653511,/aiformula_control/game_pad/cmd_vel,0.0,0.0,0.3754844665527344,1.9999998807907104,0.0,0.0
1768890724490133304,56.936503209,/aiformula_control/game_pad/cmd_vel,0.0,0.0,0.3901333510875702,1.9999998807907104,0.0,0.0
1768890724542797857,56.989167762,/aiformula_control/game_pad/cmd_vel,0.0,0.0,0.404782235622406,1.9999998807907104,0.0,0.0
1768890724574788616,57.021158521,/aiformula_control/game_pad/cmd_vel,0.0,0.0,0.3828089237213135,1.9999998807907104,0.0,0.0
1768890724596338830,57.042708735,/aiformula_control/game_pad/cmd_vel,0.0,0.0,0.36816003918647766,1.9999998807907104,0.0,0.0
1768890724761225394,57.207595299,/aiformula_control/game_pad/cmd_vel,0.0,0.0,0.33886227011680603,1.9999998807907104,0.0,0.0
1768890724784924838,57.231294743,/aiformula_control/game_pad/cmd_vel,0.0,0.0,0.33153781294822693,1.9999998807907104,0.0,0.0
1768890724810013570,57.256383475,/aiformula_control/game_pad/cmd_vel,0.0,0.0,0.33153781294822693,1.9999998807907104,0.0,0.0
1768890724842386220,57.288756125,/aiformula_control/game_pad/cmd_vel,0.0,0.0,0.3242133855819702,1.9999998807907104,0.0,0.0
1768890724861196386,57.307566291,/aiformula_control/game_pad/cmd_vel,0.0,0.0,0.33886227011680603,1.9999998807907104,0.0,0.0
1768890724886729793,57.333099698,/aiformula_control/game_pad/cmd_vel,0.0,0.0,0.35351115465164185,1.9999998807907104,0.0,0.0
1768890724898674315,57.34504422,/aiformula_control/game_pad/cmd_vel,0.0,0.0,0.34618669748306274,1.9999998807907104,0.0,0.0
1768890724996741006,57.443110911,/aiformula_control/game_pad/cmd_vel,0.0,0.0,0.33886227011680603,1.9999998807907104,0.0,0.0
1768890725051644677,57.498014582,/aiformula_control/game_pad/cmd_vel,0.0,0.0,0.33886227011680603,1.9999998807907104,0.0,0.0
1768890725099211021,57.545580926,/aiformula_control/game_pad/cmd_vel,0.0,0.0,0.33886227011680603,1.9999998807907104,0.0,0.0
1768890725180915691,57.627285596,/aiformula_control/game_pad/cmd_vel,0.0,0.0,0.36083558201789856,1.9999998807907104,0.0,0.0
1768890725207918355,57.65428826,/aiformula_control/game_pad/cmd_vel,0.0,0.0,0.36816003918647766,1.9999998807907104,0.0,0.0
1768890725246445955,57.69281586,/aiformula_control/game_pad/cmd_vel,0.0,0.0,0.36083558201789856,1.9999998807907104,0.0,0.0
1768890725348147005,57.79451691,/aiformula_control/game_pad/cmd_vel,0.0,0.0,0.36083558201789856,1.9999998807907104,0.0,0.0
1768890725381657614,57.828027519,/aiformula_control/game_pad/cmd_vel,0.0,0.0,0.35351115465164185,1.9999998807907104,0.0,0.0
1768890725433129647,57.879499552,/aiformula_control/game_pad/cmd_vel,0.0,0.0,0.34618669748306274,1.9999998807907104,0.0,0.0
1768890725459753141,57.906123046,/aiformula_control/game_pad/cmd_vel,0.0,0.0,0.34618669748306274,1.9999998807907104,0.0,0.0
1768890725552656216,57.999026121,/aiformula_control/game_pad/cmd_vel,0.0,0.0,0.33886227011680603,1.9999998807907104,0.0,0.0
1768890725583334871,58.029704776,/aiformula_control/game_pad/cmd_vel,0.0,0.0,0.33886227011680603,1.9999998807907104,0.0,0.0
1768890725649015377,58.095385282,/aiformula_control/game_pad/cmd_vel,0.0,0.0,0.33886227011680603,1.9999998807907104,0.0,0.0
1768890725697463007,58.143832912,/aiformula_control/game_pad/cmd_vel,0.0,0.0,0.33153781294822693,1.9999998807907104,0.0,0.0
1768890725714832619,58.161202524,/aiformula_control/game_pad/cmd_vel,0.0,0.0,0.33153781294822693,1.9999998807907104,0.0,0.0
1768890725742778201,58.189148106,/aiformula_control/game_pad/cmd_vel,0.0,0.0,0.3242133855819702,1.9999998807907104,0.0,0.0
1768890725845094615,58.29146452,/aiformula_control/game_pad/cmd_vel,0.0,0.0,0.3242133855819702,1.9999998807907104,0.0,0.0
1768890725893382820,58.339752725,/aiformula_control/game_pad/cmd_vel,0.0,0.0,0.33153781294822693,1.9999998807907104,0.0,0.0
1768890725916303987,58.362673892,/aiformula_control/game_pad/cmd_vel,0.0,0.0,0.3095426857471466,1.9999998807907104,0.0,0.0
1768890725951590511,58.397960416,/aiformula_control/game_pad/cmd_vel,0.0,0.0,0.2948938012123108,1.9999998807907104,0.0,0.0
1768890725974487485,58.42085739,/aiformula_control/game_pad/cmd_vel,0.0,0.0,0.27292048931121826,1.9999998807907104,0.0,0.0
1768890726002724398,58.449094303,/aiformula_control/game_pad/cmd_vel,0.0,0.0,0.27292048931121826,1.9999998807907104,0.0,0.0
1768890726024130483,58.470500388,/aiformula_control/game_pad/cmd_vel,0.0,0.0,0.26559603214263916,1.9999998807907104,0.0,0.0
1768890726039726804,58.486096709,/aiformula_control/game_pad/cmd_vel,0.0,0.0,0.27292048931121826,1.9999998807907104,0.0,0.0
1768890726040814331,58.487184236,/aiformula_control/game_pad/cmd_vel,0.0,0.0,0.27292048931121826,1.9999998807907104,0.0,0.0
1768890726041272638,58.487642543,/aiformula_control/game_pad/cmd_vel,0.0,0.0,0.25827160477638245,1.9999998807907104,0.0,0.0
1768890726044226864,58.490596769,/aiformula_control/game_pad/cmd_vel,0.0,0.0,0.23629826307296753,1.9999998807907104,0.0,0.0
1768890726044668883,58.491038788,/aiformula_control/game_pad/cmd_vel,0.0,0.0,0.2216275930404663,1.9999998807907104,0.0,0.0
1768890726121544626,58.567914531,/aiformula_control/game_pad/cmd_vel,0.0,0.0,0.25094714760780334,1.9999998807907104,0.0,0.0
1768890726154834114,58.601204019,/aiformula_control/game_pad/cmd_vel,0.0,0.0,0.25827160477638245,1.9999998807907104,0.0,0.0
1768890726264073707,58.710443612,/aiformula_control/game_pad/cmd_vel,0.0,0.0,0.23629826307296753,1.9999998807907104,0.0,0.0
1768890726296787447,58.743157352,/aiformula_control/game_pad/cmd_vel,0.0,0.0,0.2069787085056305,1.9999998807907104,0.0,0.0
1768890726335814474,58.782184379,/aiformula_control/game_pad/cmd_vel,0.0,0.0,0.17768093943595886,1.9999998807907104,0.0,0.0
1768890726385045885,58.83141579,/aiformula_control/game_pad/cmd_vel,0.0,0.0,0.17035649716854095,1.9999998807907104,0.0,0.0
1768890726409661238,58.856031143,/aiformula_control/game_pad/cmd_vel,0.0,0.0,0.16303205490112305,1.9999998807907104,0.0,0.0
1768890726455179186,58.901549091,/aiformula_control/game_pad/cmd_vel,0.0,0.0,0.14103692770004272,1.9999998807907104,0.0,0.0
1768890726509067810,58.955437715,/aiformula_control/game_pad/cmd_vel,0.0,0.0,0.14103692770004272,1.9999998807907104,0.0,0.0
1768890726545095330,58.991465235,/aiformula_control/game_pad/cmd_vel,0.0,0.0,0.14103692770004272,1.9999998807907104,0.0,0.0
1768890726596276674,59.042646579,/aiformula_control/game_pad/cmd_vel,0.0,0.0,0.14103692770004272,1.9999998807907104,0.0,0.0
1768890726644223020,59.090592925,/aiformula_control/game_pad/cmd_vel,0.0,0.0,0.1263880431652069,1.9999998807907104,0.0,0.0
1768890726684341831,59.130711736,/aiformula_control/game_pad/cmd_vel,0.0,0.0,0.1117391586303711,1.9999998807907104,0.0,0.0
1768890726706388304,59.152758209,/aiformula_control/game_pad/cmd_vel,0.0,0.0,0.1117391586303711,1.9999998807907104,0.0,0.0
1768890726707571159,59.153941064,/aiformula_control/game_pad/cmd_vel,0.0,0.0,0.09709027409553528,1.9999998807907104,0.0,0.0
1768890726708790975,59.15516088,/aiformula_control/game_pad/cmd_vel,0.0,0.0,0.06779250502586365,1.9999998807907104,0.0,0.0
1768890726722721526,59.169091431,/aiformula_control/game_pad/cmd_vel,0.0,0.0,0.05312182381749153,1.9999998807907104,0.0,0.0
1768890726762965489,59.209335394,/aiformula_control/game_pad/cmd_vel,0.0,0.0,0.045797381550073624,1.9999998807907104,0.0,0.0
1768890726788786546,59.235156451,/aiformula_control/game_pad/cmd_vel,0.0,0.0,0.06046806275844574,1.9999998807907104,0.0,0.0
1768890726829911986,59.276281891,/aiformula_control/game_pad/cmd_vel,0.0,0.0,0.07511694729328156,1.9999998807907104,0.0,0.0
1768890726852800417,59.299170322,/aiformula_control/game_pad/cmd_vel,0.0,0.0,0.08244138956069946,1.9999998807907104,0.0,0.0
1768890726874478952,59.320848857,/aiformula_control/game_pad/cmd_vel,0.0,0.0,0.09709027409553528,1.9999998807907104,0.0,0.0
1768890726903198587,59.349568492,/aiformula_control/game_pad/cmd_vel,0.0,0.0,0.10441471636295319,1.9999998807907104,0.0,0.0
1768890726931402571,59.377772476,/aiformula_control/game_pad/cmd_vel,0.0,0.0,0.08976583182811737,1.9999998807907104,0.0,0.0
1768890726963492755,59.40986266,/aiformula_control/game_pad/cmd_vel,0.0,0.0,0.08244138956069946,1.9999998807907104,0.0,0.0
1768890727010485176,59.456855081,/aiformula_control/game_pad/cmd_vel,0.0,0.0,0.08244138956069946,1.9999998807907104,0.0,0.0
1768890727091976212,59.538346117,/aiformula_control/game_pad/cmd_vel,0.0,0.0,0.10441471636295319,1.9999998807907104,0.0,0.0
1768890727109631426,59.556001331,/aiformula_control/game_pad/cmd_vel,0.0,0.0,0.13371248543262482,1.9999998807907104,0.0,0.0
1768890727112824150,59.559194055,/aiformula_control/game_pad/cmd_vel,0.0,0.0,0.15570761263370514,1.9999998807907104,0.0,0.0
1768890727143033586,59.589403491,/aiformula_control/game_pad/cmd_vel,0.0,0.0,0.16303205490112305,1.9999998807907104,0.0,0.0
1768890727169349334,59.615719239,/aiformula_control/game_pad/cmd_vel,0.0,0.0,0.16303205490112305,1.9999998807907104,0.0,0.0
1768890727189116497,59.635486402,/aiformula_control/game_pad/cmd_vel,0.0,0.0,0.15570761263370514,1.9999998807907104,0.0,0.0
1768890727292543510,59.738913415,/aiformula_control/game_pad/cmd_vel,0.0,0.0,0.15570761263370514,1.9999998807907104,0.0,0.0
1768890727315901032,59.762270937,/aiformula_control/game_pad/cmd_vel,0.0,0.0,0.14103692770004272,1.9999998807907104,0.0,0.0
1768890727336949867,59.783319772,/aiformula_control/game_pad/cmd_vel,0.0,0.0,0.1263880431652069,1.9999998807907104,0.0,0.0
1768890727431346295,59.8777162,/aiformula_control/game_pad/cmd_vel,0.0,0.0,0.14103692770004272,1.9999998807907104,0.0,0.0
1768890727478289692,59.924659597,/aiformula_control/game_pad/cmd_vel,0.0,0.0,0.14838317036628723,1.9999998807907104,0.0,0.0
1768890727499415775,59.94578568,/aiformula_control/game_pad/cmd_vel,0.0,0.0,0.14103692770004272,1.9999998807907104,0.0,0.0
1768890727521580394,59.967950299,/aiformula_control/game_pad/cmd_vel,0.0,0.0,0.13371248543262482,1.9999998807907104,0.0,0.0
1768890727565922558,60.012292463,/aiformula_control/game_pad/cmd_vel,0.0,0.0,0.119063600897789,1.9999998807907104,0.0,0.0
1768890727594542736,60.040912641,/aiformula_control/game_pad/cmd_vel,0.0,0.0,0.09709027409553528,1.9999998807907104,0.0,0.0
1768890727624591372,60.070961277,/aiformula_control/game_pad/cmd_vel,0.0,0.0,0.07511694729328156,1.9999998807907104,0.0,0.0
1768890727674173697,60.120543602,/aiformula_control/game_pad/cmd_vel,0.0,0.0,0.06779250502586365,1.9999998807907104,0.0,0.0
1768890727726482663,60.172852568,/aiformula_control/game_pad/cmd_vel,0.0,0.0,0.06779250502586365,1.9999998807907104,0.0,0.0
1768890727772894184,60.219264089,/aiformula_control/game_pad/cmd_vel,0.0,0.0,0.06779250502586365,1.9999998807907104,0.0,0.0
1768890727832038841,60.278408746,/aiformula_control/game_pad/cmd_vel,0.0,0.0,0.06046806275844574,1.9999998807907104,0.0,0.0
1768890727883941693,60.330311598,/aiformula_control/game_pad/cmd_vel,0.0,0.0,0.06779250502586365,1.9999998807907104,0.0,0.0
1768890727950626556,60.396996461,/aiformula_control/game_pad/cmd_vel,0.0,0.0,0.14103692770004272,1.9999998807907104,0.0,0.0
1768890728003262084,60.449631989,/aiformula_control/game_pad/cmd_vel,0.0,0.0,0.19232982397079468,1.9999998807907104,0.0,0.0
1768890728047012597,60.493382502,/aiformula_control/game_pad/cmd_vel,0.0,0.0,0.19232982397079468,1.9999998807907104,0.0,0.0
1768890728098265365,60.54463527,/aiformula_control/game_pad/cmd_vel,0.0,0.0,0.18500538170337677,1.9999998807907104,0.0,0.0
1768890728144168211,60.590538116,/aiformula_control/game_pad/cmd_vel,0.0,0.0,0.18500538170337677,1.9999998807907104,0.0,0.0
1768890728172062753,60.618432658,/aiformula_control/game_pad/cmd_vel,0.0,0.0,0.17035649716854095,1.9999998807907104,0.0,0.0
1768890728192558400,60.638928305,/aiformula_control/game_pad/cmd_vel,0.0,0.0,0.1263880431652069,1.9999998807907104,0.0,0.0
1768890728218285857,60.664655762,/aiformula_control/game_pad/cmd_vel,0.0,0.0,0.1263880431652069,1.9999998807907104,0.0,0.0
1768890728257255316,60.703625221,/aiformula_control/game_pad/cmd_vel,0.0,0.0,0.14103692770004272,1.9999998807907104,0.0,0.0
1768890728298382484,60.744752389,/aiformula_control/game_pad/cmd_vel,0.0,0.0,0.17035649716854095,1.9999998807907104,0.0,0.0
1768890728344758165,60.79112807,/aiformula_control/game_pad/cmd_vel,0.0,0.0,0.18500538170337677,1.9999998807907104,0.0,0.0
1768890728398051617,60.844421522,/aiformula_control/game_pad/cmd_vel,0.0,0.0,0.17768093943595886,1.9999998807907104,0.0,0.0
1768890728436325072,60.882694977,/aiformula_control/game_pad/cmd_vel,0.0,0.0,0.17035649716854095,1.9999998807907104,0.0,0.0
1768890728464314974,60.910684879,/aiformula_control/game_pad/cmd_vel,0.0,0.0,0.15570761263370514,1.9999998807907104,0.0,0.0
1768890728488074195,60.9344441,/aiformula_control/game_pad/cmd_vel,0.0,0.0,0.14103692770004272,1.9999998807907104,0.0,0.0
1768890728530416763,60.976786668,/aiformula_control/game_pad/cmd_vel,0.0,0.0,0.1263880431652069,1.9999998807907104,0.0,0.0
1768890728551249180,60.997619085,/aiformula_control/game_pad/cmd_vel,0.0,0.0,0.1117391586303711,1.9999998807907104,0.0,0.0
1768890728584871214,61.031241119,/aiformula_control/game_pad/cmd_vel,0.0,0.0,0.10441471636295319,1.9999998807907104,0.0,0.0
1768890728586326135,61.03269604,/aiformula_control/game_pad/cmd_vel,0.0,0.0,0.1117391586303711,1.9999998807907104,0.0,0.0
1768890728586922683,61.033292588,/aiformula_control/game_pad/cmd_vel,0.0,0.0,0.10441471636295319,1.9999998807907104,0.0,0.0
1768890728587478878,61.033848783,/aiformula_control/game_pad/cmd_vel,0.0,0.0,0.10441471636295319,1.9999998807907104,0.0,0.0
1768890728588052898,61.034422803,/aiformula_control/game_pad/cmd_vel,0.0,0.0,0.10441471636295319,1.9999998807907104,0.0,0.0
1768890728588488485,61.03485839,/aiformula_control/game_pad/cmd_vel,0.0,0.0,0.10441471636295319,1.9999998807907104,0.0,0.0
1768890728600760945,61.04713085,/aiformula_control/game_pad/cmd_vel,0.0,0.0,0.10441471636295319,1.9999998807907104,0.0,0.0
1768890728605297517,61.051667422,/aiformula_control/game_pad/cmd_vel,0.0,0.0,0.09709027409553528,1.9999998807907104,0.0,0.0
1768890728606177843,61.052547748,/aiformula_control/game_pad/cmd_vel,0.0,0.0,0.09709027409553528,1.9999998807907104,0.0,0.0
1768890728623110588,61.069480493,/aiformula_control/game_pad/cmd_vel,0.0,0.0,0.08244138956069946,1.9999998807907104,0.0,0.0
1768890728632353878,61.078723783,/aiformula_control/game_pad/cmd_vel,0.0,0.0,0.06779250502586365,1.9999998807907104,0.0,0.0
1768890728633250748,61.079620653,/aiformula_control/game_pad/cmd_vel,0.0,0.0,0.05312182381749153,1.9999998807907104,0.0,0.0
1768890728633529693,61.079899598,/aiformula_control/game_pad/cmd_vel,0.0,0.0,0.038472939282655716,1.9999998807907104,0.0,0.0
1768890728633810015,61.08017992,/aiformula_control/game_pad/cmd_vel,0.0,0.0,0.0238240547478199,1.9999998807907104,0.0,0.0
1768890728655268325,61.10163823,/aiformula_control/game_pad/cmd_vel,0.0,0.0,0.00917517114430666,1.9999998807907104,0.0,0.0
1768890728663439032,61.109808937,/aiformula_control/game_pad/cmd_vel,0.0,0.0,0.00917517114430666,1.9999998807907104,0.0,0.0
1768890728683325524,61.129695429,/aiformula_control/game_pad/cmd_vel,0.0,0.0,0.00917517114430666,1.9999998807907104,0.0,0.0
1768890728712770603,61.159140508,/aiformula_control/game_pad/cmd_vel,0.0,0.0,0.016499614343047142,1.9999998807907104,0.0,0.0
1768890728785300079,61.231669984,/aiformula_control/game_pad/cmd_vel,0.0,0.0,0.016499614343047142,1.9999998807907104,0.0,0.0
1768890728803217759,61.249587664,/aiformula_control/game_pad/cmd_vel,0.0,0.0,0.016499614343047142,1.9999998807907104,0.0,0.0
1768890728850098403,61.296468308,/aiformula_control/game_pad/cmd_vel,0.0,0.0,-0.0,1.9999998807907104,0.0,0.0
1768890728996792790,61.443162695,/aiformula_control/game_pad/cmd_vel,0.0,0.0,-0.0,1.9999998807907104,0.0,0.0
1768890729195232683,61.641602588,/aiformula_control/game_pad/cmd_vel,0.0,0.0,-0.0,1.9999998807907104,0.0,0.0
1768890729313111050,61.759480955,/aiformula_control/game_pad/cmd_vel,0.0,0.0,0.016499614343047142,1.9999998807907104,0.0,0.0
1768890729335616150,61.781986055,/aiformula_control/game_pad/cmd_vel,0.0,0.0,0.045797381550073624,1.9999998807907104,0.0,0.0
1768890729364101672,61.810471577,/aiformula_control/game_pad/cmd_vel,0.0,0.0,0.08244138956069946,1.9999998807907104,0.0,0.0
1768890729383566881,61.829936786,/aiformula_control/game_pad/cmd_vel,0.0,0.0,0.10441471636295319,1.9999998807907104,0.0,0.0
1768890729386592308,61.832962213,/aiformula_control/game_pad/cmd_vel,0.0,0.0,0.1263880431652069,1.9999998807907104,0.0,0.0
1768890729387191159,61.833561064,/aiformula_control/game_pad/cmd_vel,0.0,0.0,0.13371248543262482,1.9999998807907104,0.0,0.0
1768890729413701981,61.860071886,/aiformula_control/game_pad/cmd_vel,0.0,0.0,0.1263880431652069,1.9999998807907104,0.0,0.0
1768890729423586778,61.869956683,/aiformula_control/game_pad/cmd_vel,0.0,0.0,0.1263880431652069,1.9999998807907104,0.0,0.0
1768890729451556617,61.897926522,/aiformula_control/game_pad/cmd_vel,0.0,0.0,0.1263880431652069,1.9999998807907104,0.0,0.0
1768890729461975338,61.908345243,/aiformula_control/game_pad/cmd_vel,0.0,0.0,0.13371248543262482,1.9999998807907104,0.0,0.0
1768890729485191482,61.931561387,/aiformula_control/game_pad/cmd_vel,0.0,0.0,0.13371248543262482,1.9999998807907104,0.0,0.0
1768890729512741958,61.959111863,/aiformula_control/game_pad/cmd_vel,0.0,0.0,0.1263880431652069,1.9999998807907104,0.0,0.0
1768890729537999332,61.984369237,/aiformula_control/game_pad/cmd_vel,0.0,0.0,0.1117391586303711,1.9999998807907104,0.0,0.0
1768890729566343604,62.012713509,/aiformula_control/game_pad/cmd_vel,0.0,0.0,0.1117391586303711,1.9999998807907104,0.0,0.0
1768890729609251872,62.055621777,/aiformula_control/game_pad/cmd_vel,0.0,0.0,0.10441471636295319,1.9999998807907104,0.0,0.0
1768890729632842355,62.07921226,/aiformula_control/game_pad/cmd_vel,0.0,0.0,0.10441471636295319,1.9999998807907104,0.0,0.0
1768890729676274946,62.122644851,/aiformula_control/game_pad/cmd_vel,0.0,0.0,0.10441471636295319,1.9999998807907104,0.0,0.0
1768890729716926399,62.163296304,/aiformula_control/game_pad/cmd_vel,0.0,0.0,0.1117391586303711,1.9999998807907104,0.0,0.0
1768890729742425246,62.188795151,/aiformula_control/game_pad/cmd_vel,0.0,0.0,0.06779250502586365,1.9999998807907104,0.0,0.0
1768890729792153428,62.238523333,/aiformula_control/game_pad/cmd_vel,0.0,0.0,0.031148497015237808,1.9999998807907104,0.0,0.0
1768890729813443353,62.259813258,/aiformula_control/game_pad/cmd_vel,0.0,0.0,-0.0,1.9999998807907104,0.0,0.0
1768890729853666931,62.300036836,/aiformula_control/game_pad/cmd_vel,0.0,0.0,-0.0,1.9999998807907104,0.0,0.0
1768890729874669878,62.321039783,/aiformula_control/game_pad/cmd_vel,0.0,0.0,-0.0,1.9999998807907104,0.0,0.0
1768890729917099359,62.363469264,/aiformula_control/game_pad/cmd_vel,0.0,0.0,-0.0,1.9999998807907104,0.0,0.0
1768890729966777589,62.413147494,/aiformula_control/game_pad/cmd_vel,0.0,0.0,-0.0,1.9999998807907104,0.0,0.0
1768890730018842809,62.465212714,/aiformula_control/game_pad/cmd_vel,0.0,0.0,-0.0,1.9999998807907104,0.0,0.0
1768890730077920073,62.524289978,/aiformula_control/game_pad/cmd_vel,0.0,0.0,-0.0,1.9999998807907104,0.0,0.0
1768890730163765984,62.610135889,/aiformula_control/game_pad/cmd_vel,0.0,0.0,-0.0,1.9999998807907104,0.0,0.0
1768890730209259964,62.655629869,/aiformula_control/game_pad/cmd_vel,0.0,0.0,-0.0,1.9999998807907104,0.0,0.0
1768890730258417263,62.704787168,/aiformula_control/game_pad/cmd_vel,0.0,0.0,-0.0,1.9999998807907104,0.0,0.0
1768890730287980519,62.734350424,/aiformula_control/game_pad/cmd_vel,0.0,0.0,-0.0,1.9999998807907104,0.0,0.0
1768890730339156646,62.785526551,/aiformula_control/game_pad/cmd_vel,0.0,0.0,-0.0,1.9999998807907104,0.0,0.0
1768890730384361856,62.830731761,/aiformula_control/game_pad/cmd_vel,0.0,0.0,-0.0,1.9999998807907104,0.0,0.0
1768890730429805659,62.876175564,/aiformula_control/game_pad/cmd_vel,0.0,0.0,-0.0,1.9999998807907104,0.0,0.0
1768890730493529832,62.939899737,/aiformula_control/game_pad/cmd_vel,0.0,0.0,-0.0,1.9999998807907104,0.0,0.0
1768890730546220113,62.992590018,/aiformula_control/game_pad/cmd_vel,0.0,0.0,-0.0,1.9999998807907104,0.0,0.0
1768890730609631996,63.056001901,/aiformula_control/game_pad/cmd_vel,0.0,0.0,-0.0,1.9999998807907104,0.0,0.0
1768890730657340357,63.103710262,/aiformula_control/game_pad/cmd_vel,0.0,0.0,-0.0,1.9999998807907104,0.0,0.0
1768890730694195979,63.140565884,/aiformula_control/game_pad/cmd_vel,0.0,0.0,-0.0,1.9999998807907104,0.0,0.0
1768890730746210799,63.192580704,/aiformula_control/game_pad/cmd_vel,0.0,0.0,-0.0,1.9999998807907104,0.0,0.0
1768890730807285484,63.253655389,/aiformula_control/game_pad/cmd_vel,0.0,0.0,-0.0,1.9999998807907104,0.0,0.0
1768890730853869326,63.300239231,/aiformula_control/game_pad/cmd_vel,0.0,0.0,-0.0,1.9999998807907104,0.0,0.0
1768890730887210750,63.333580655,/aiformula_control/game_pad/cmd_vel,0.0,0.0,-0.0,1.9999998807907104,0.0,0.0
1768890730934043714,63.380413619,/aiformula_control/game_pad/cmd_vel,0.0,0.0,-0.0,1.9999998807907104,0.0,0.0
1768890730985852933,63.432222838,/aiformula_control/game_pad/cmd_vel,0.0,0.0,-0.0,1.9999998807907104,0.0,0.0
1768890731049445202,63.495815107,/aiformula_control/game_pad/cmd_vel,0.0,0.0,-0.0,1.9999998807907104,0.0,0.0
1768890731099321673,63.545691578,/aiformula_control/game_pad/cmd_vel,0.0,0.0,-0.0,1.9999998807907104,0.0,0.0
1768890731148733693,63.595103598,/aiformula_control/game_pad/cmd_vel,0.0,0.0,-0.0,1.9999998807907104,0.0,0.0
1768890731200044316,63.646414221,/aiformula_control/game_pad/cmd_vel,0.0,0.0,-0.0,1.9999998807907104,0.0,0.0
1768890731260473781,63.706843686,/aiformula_control/game_pad/cmd_vel,0.0,0.0,-0.0,1.9999998807907104,0.0,0.0
1768890731321317040,63.767686945,/aiformula_control/game_pad/cmd_vel,0.0,0.0,-0.0,1.9999998807907104,0.0,0.0
1768890731358693849,63.805063754,/aiformula_control/game_pad/cmd_vel,0.0,0.0,-0.0,1.9999998807907104,0.0,0.0
1768890731412589481,63.858959386,/aiformula_control/game_pad/cmd_vel,0.0,0.0,-0.0,1.9999998807907104,0.0,0.0
1768890731455678774,63.902048679,/aiformula_control/game_pad/cmd_vel,0.0,0.0,-0.0,1.9999998807907104,0.0,0.0
1768890731526020109,63.972390014,/aiformula_control/game_pad/cmd_vel,0.0,0.0,-0.0,1.9999998807907104,0.0,0.0
1768890731550333060,63.996702965,/aiformula_control/game_pad/cmd_vel,0.0,0.0,-0.0,1.9999998807907104,0.0,0.0
1768890731600467485,64.04683739,/aiformula_control/game_pad/cmd_vel,0.0,0.0,-0.0,1.9999998807907104,0.0,0.0
1768890731644170285,64.09054019,/aiformula_control/game_pad/cmd_vel,0.0,0.0,-0.0,1.9999998807907104,0.0,0.0
1768890731691485684,64.137855589,/aiformula_control/game_pad/cmd_vel,0.0,0.0,-0.0,1.9999998807907104,0.0,0.0
1768890731745787399,64.192157304,/aiformula_control/game_pad/cmd_vel,0.0,0.0,-0.0,1.9999998807907104,0.0,0.0
1768890731813090442,64.259460347,/aiformula_control/game_pad/cmd_vel,0.0,0.0,-0.0,1.9999998807907104,0.0,0.0
1768890731878106015,64.32447592,/aiformula_control/game_pad/cmd_vel,0.0,0.0,-0.0,1.9999998807907104,0.0,0.0
1768890731928534234,64.374904139,/aiformula_control/game_pad/cmd_vel,0.0,0.0,-0.0,1.9999998807907104,0.0,0.0
1768890731950520707,64.396890612,/aiformula_control/game_pad/cmd_vel,0.0,0.0,-0.0,1.9999998807907104,0.0,0.0
1768890732003762959,64.450132864,/aiformula_control/game_pad/cmd_vel,0.0,0.0,-0.0,1.9999998807907104,0.0,0.0
1768890732065464943,64.511834848,/aiformula_control/game_pad/cmd_vel,0.0,0.0,-0.0,1.9999998807907104,0.0,0.0
1768890732135934791,64.582304696,/aiformula_control/game_pad/cmd_vel,0.0,0.0,-0.0,1.9999998807907104,0.0,0.0
1768890732147210541,64.593580446,/aiformula_control/game_pad/cmd_vel,0.0,0.0,-0.0,1.9999998807907104,0.0,0.0
1768890732204622803,64.650992708,/aiformula_control/game_pad/cmd_vel,0.0,0.0,-0.0,1.9999998807907104,0.0,0.0
1768890732274149252,64.720519157,/aiformula_control/game_pad/cmd_vel,0.0,0.0,-0.0,1.9999998807907104,0.0,0.0
1768890732316977231,64.763347136,/aiformula_control/game_pad/cmd_vel,0.0,0.0,-0.0,1.9999998807907104,0.0,0.0
1768890732362031368,64.808401273,/aiformula_control/game_pad/cmd_vel,0.0,0.0,-0.0,1.9999998807907104,0.0,0.0
1768890732411248251,64.857618156,/aiformula_control/game_pad/cmd_vel,0.0,0.0,-0.0,1.9999998807907104,0.0,0.0
1768890732479694566,64.926064471,/aiformula_control/game_pad/cmd_vel,0.0,0.0,-0.0,1.9999998807907104,0.0,0.0
1768890732550502527,64.996872432,/aiformula_control/game_pad/cmd_vel,0.0,0.0,-0.0,1.9999998807907104,0.0,0.0
1768890732554726329,65.001096234,/aiformula_control/game_pad/cmd_vel,0.0,0.0,-0.0,1.9999998807907104,0.0,0.0
1768890732614714735,65.06108464,/aiformula_control/game_pad/cmd_vel,0.0,0.0,-0.0,1.9999998807907104,0.0,0.0
1768890732664783431,65.111153336,/aiformula_control/game_pad/cmd_vel,0.0,0.0,-0.0,1.9999998807907104,0.0,0.0
1768890732711222377,65.157592282,/aiformula_control/game_pad/cmd_vel,0.0,0.0,-0.0,1.9999998807907104,0.0,0.0
1768890732778142506,65.224512411,/aiformula_control/game_pad/cmd_vel,0.0,0.0,-0.0,1.9999998807907104,0.0,0.0
1768890732808955146,65.255325051,/aiformula_control/game_pad/cmd_vel,0.0,0.0,-0.0,1.9999998807907104,0.0,0.0
1768890732879042463,65.325412368,/aiformula_control/game_pad/cmd_vel,0.0,0.0,-0.0,1.9999998807907104,0.0,0.0
1768890732974972885,65.42134279,/aiformula_control/game_pad/cmd_vel,0.0,0.0,-0.0,1.9999998807907104,0.0,0.0
1768890733017783008,65.464152913,/aiformula_control/game_pad/cmd_vel,0.0,0.0,-0.0,1.9999998807907104,0.0,0.0
1768890733088116886,65.534486791,/aiformula_control/game_pad/cmd_vel,0.0,0.0,-0.0,1.9999998807907104,0.0,0.0
1768890733142064231,65.588434136,/aiformula_control/game_pad/cmd_vel,0.0,0.0,-0.0,1.9999998807907104,0.0,0.0
1768890733206152054,65.652521959,/aiformula_control/game_pad/cmd_vel,0.0,0.0,-0.0,1.9999998807907104,0.0,0.0
1768890733229362983,65.675732888,/aiformula_control/game_pad/cmd_vel,0.0,0.0,-0.0,1.9999998807907104,0.0,0.0
1768890733282437906,65.728807811,/aiformula_control/game_pad/cmd_vel,0.0,0.0,-0.0,1.9999998807907104,0.0,0.0
1768890733505152894,65.951522799,/aiformula_control/game_pad/cmd_vel,0.0,0.0,-0.0,1.9999998807907104,0.0,0.0
1768890733558784909,66.005154814,/aiformula_control/game_pad/cmd_vel,0.0,0.0,-0.0,1.9999998807907104,0.0,0.0
1768890733617513755,66.06388366,/aiformula_control/game_pad/cmd_vel,0.0,0.0,-0.0,1.9999998807907104,0.0,0.0
1768890733739960534,66.186330439,/aiformula_control/game_pad/cmd_vel,0.0,0.0,-0.0,1.9999998807907104,0.0,0.0
1768890733808766851,66.255136756,/aiformula_control/game_pad/cmd_vel,0.0,0.0,-0.0,1.9999998807907104,0.0,0.0
1768890733961852605,66.40822251,/aiformula_control/game_pad/cmd_vel,0.0,0.0,-0.0,1.9999998807907104,0.0,0.0
1768890734022262422,66.468632327,/aiformula_control/game_pad/cmd_vel,0.0,0.0,-0.0,1.9999998807907104,0.0,0.0
1768890734050967177,66.497337082,/aiformula_control/game_pad/cmd_vel,0.0,0.0,-0.0,1.9999998807907104,0.0,0.0
1768890734168892264,66.615262169,/aiformula_control/game_pad/cmd_vel,0.0,0.0,-0.0,1.9999998807907104,0.0,0.0
1768890734213689343,66.660059248,/aiformula_control/game_pad/cmd_vel,0.0,0.0,-0.0,1.9999998807907104,0.0,0.0
1768890734302888395,66.7492583,/aiformula_control/game_pad/cmd_vel,0.0,0.0,-0.0,1.9999998807907104,0.0,0.0
1768890734336444604,66.782814509,/aiformula_control/game_pad/cmd_vel,0.0,0.0,-0.0,1.9999998807907104,0.0,0.0
1768890734383566626,66.829936531,/aiformula_control/game_pad/cmd_vel,0.0,0.0,-0.0,1.9999998807907104,0.0,0.0
1768890734437075376,66.883445281,/aiformula_control/game_pad/cmd_vel,0.0,0.0,-0.0,1.9999998807907104,0.0,0.0
1768890734518197097,66.964567002,/aiformula_control/game_pad/cmd_vel,0.0,0.0,-0.0,1.9999998807907104,0.0,0.0
1768890734574513096,67.020883001,/aiformula_control/game_pad/cmd_vel,0.0,0.0,-0.0,1.9999998807907104,0.0,0.0
1768890734615974539,67.062344444,/aiformula_control/game_pad/cmd_vel,0.0,0.0,-0.0,1.9999998807907104,0.0,0.0
1768890734665504480,67.111874385,/aiformula_control/game_pad/cmd_vel,0.0,0.0,-0.0,1.9999998807907104,0.0,0.0
1768890734732122783,67.178492688,/aiformula_control/game_pad/cmd_vel,0.0,0.0,-0.0,1.9999998807907104,0.0,0.0
1768890734765134317,67.211504222,/aiformula_control/game_pad/cmd_vel,0.0,0.0,-0.0,1.9999998807907104,0.0,0.0
1768890734785251210,67.231621115,/aiformula_control/game_pad/cmd_vel,0.0,0.0,-0.0,1.9999998807907104,0.0,0.0
1768890734831868685,67.27823859,/aiformula_control/game_pad/cmd_vel,0.0,0.0,-0.0,1.9999998807907104,0.0,0.0
1768890734871109793,67.317479698,/aiformula_control/game_pad/cmd_vel,0.0,0.0,-0.0,1.9999998807907104,0.0,0.0
1768890734980972494,67.427342399,/aiformula_control/game_pad/cmd_vel,0.0,0.0,-0.0,1.9999998807907104,0.0,0.0
1768890735460216026,67.906585931,/aiformula_control/game_pad/cmd_vel,0.0,0.0,-0.02380225621163845,1.9999998807907104,0.0,0.0
1768890735516916827,67.963286732,/aiformula_control/game_pad/cmd_vel,0.0,0.0,-0.03845113888382912,1.9999998807907104,0.0,0.0
1768890735582533812,68.028903717,/aiformula_control/game_pad/cmd_vel,0.0,0.0,-0.05310002341866493,1.9999998807907104,0.0,0.0
1768890735633879636,68.080249541,/aiformula_control/game_pad/cmd_vel,0.0,0.0,-0.06777070462703705,1.9999998807907104,0.0,0.0
1768890735662675016,68.109044921,/aiformula_control/game_pad/cmd_vel,0.0,0.0,-0.08974403142929077,1.9999998807907104,0.0,0.0
1768890735689802545,68.13617245,/aiformula_control/game_pad/cmd_vel,0.0,0.0,-0.1117173582315445,1.9999998807907104,0.0,0.0
1768890735694171436,68.140541341,/aiformula_control/game_pad/cmd_vel,0.0,0.0,-0.1263662427663803,1.9999998807907104,0.0,0.0
1768890735708260004,68.154629909,/aiformula_control/game_pad/cmd_vel,0.0,0.0,-0.1263662427663803,1.9999998807907104,0.0,0.0
1768890735715254224,68.161624129,/aiformula_control/game_pad/cmd_vel,0.0,0.0,-0.1263662427663803,1.9999998807907104,0.0,0.0
1768890735733260576,68.179630481,/aiformula_control/game_pad/cmd_vel,0.0,0.0,-0.13369068503379822,1.9999998807907104,0.0,0.0
1768890735785567974,68.231937879,/aiformula_control/game_pad/cmd_vel,0.0,0.0,-0.13369068503379822,1.9999998807907104,0.0,0.0
1768890735809124089,68.255493994,/aiformula_control/game_pad/cmd_vel,0.0,0.0,-0.13369068503379822,1.9999998807907104,0.0,0.0
1768890735840717214,68.287087119,/aiformula_control/game_pad/cmd_vel,0.0,0.0,-0.14101512730121613,1.9999998807907104,0.0,0.0
1768890735859768341,68.306138246,/aiformula_control/game_pad/cmd_vel,0.0,0.0,-0.15568581223487854,1.9999998807907104,0.0,0.0
1768890735885502997,68.331872902,/aiformula_control/game_pad/cmd_vel,0.0,0.0,-0.15568581223487854,1.9999998807907104,0.0,0.0
1768890735910828467,68.357198372,/aiformula_control/game_pad/cmd_vel,0.0,0.0,-0.14836136996746063,1.9999998807907104,0.0,0.0
1768890735911496375,68.35786628,/aiformula_control/game_pad/cmd_vel,0.0,0.0,-0.14836136996746063,1.9999998807907104,0.0,0.0
1768890735911935354,68.358305259,/aiformula_control/game_pad/cmd_vel,0.0,0.0,-0.14836136996746063,1.9999998807907104,0.0,0.0
1768890735912349660,68.358719565,/aiformula_control/game_pad/cmd_vel,0.0,0.0,-0.14836136996746063,1.9999998807907104,0.0,0.0
1768890735912754143,68.359124048,/aiformula_control/game_pad/cmd_vel,0.0,0.0,-0.14836136996746063,1.9999998807907104,0.0,0.0
1768890735913201506,68.359571411,/aiformula_control/game_pad/cmd_vel,0.0,0.0,-0.14836136996746063,1.9999998807907104,0.0,0.0
1768890735913579716,68.359949621,/aiformula_control/game_pad/cmd_vel,0.0,0.0,-0.1263662427663803,1.9999998807907104,0.0,0.0
1768890735916782392,68.363152297,/aiformula_control/game_pad/cmd_vel,0.0,0.0,-0.1190418004989624,1.9999998807907104,0.0,0.0
1768890735936904502,68.383274407,/aiformula_control/game_pad/cmd_vel,0.0,0.0,-0.1117173582315445,1.9999998807907104,0.0,0.0
1768890736032883372,68.479253277,/aiformula_control/game_pad/cmd_vel,0.0,0.0,-0.1117173582315445,1.9999998807907104,0.0,0.0
1768890736060799994,68.507169899,/aiformula_control/game_pad/cmd_vel,0.0,0.0,-0.10439291596412659,1.9999998807907104,0.0,0.0
1768890736081133977,68.527503882,/aiformula_control/game_pad/cmd_vel,0.0,0.0,-0.08974403142929077,1.9999998807907104,0.0,0.0
1768890736090906134,68.537276039,/aiformula_control/game_pad/cmd_vel,0.0,0.0,-0.10439291596412659,1.9999998807907104,0.0,0.0
1768890736111455894,68.557825799,/aiformula_control/game_pad/cmd_vel,0.0,0.0,-0.10439291596412659,1.9999998807907104,0.0,0.0
1768890736118904324,68.565274229,/aiformula_control/game_pad/cmd_vel,0.0,0.0,-0.10439291596412659,1.9999998807907104,0.0,0.0
1768890736189191482,68.635561387,/aiformula_control/game_pad/cmd_vel,0.0,0.0,-0.09706847369670868,1.9999998807907104,0.0,0.0
1768890736261681694,68.708051599,/aiformula_control/game_pad/cmd_vel,0.0,0.0,-0.1190418004989624,1.9999998807907104,0.0,0.0
1768890736300596657,68.746966562,/aiformula_control/game_pad/cmd_vel,0.0,0.0,-0.17033469676971436,1.9999998807907104,0.0,0.0
1768890736333712031,68.780081936,/aiformula_control/game_pad/cmd_vel,0.0,0.0,-0.2216057926416397,1.9999998807907104,0.0,0.0
1768890736397782383,68.844152288,/aiformula_control/game_pad/cmd_vel,0.0,0.0,-0.24360091984272003,1.9999998807907104,0.0,0.0
1768890736447834599,68.894204504,/aiformula_control/game_pad/cmd_vel,0.0,0.0,-0.3095209002494812,1.9999998807907104,0.0,0.0
1768890736467992484,68.914362389,/aiformula_control/game_pad/cmd_vel,0.0,0.0,-0.3241915702819824,1.9999998807907104,0.0,0.0
1768890736507942813,68.954312718,/aiformula_control/game_pad/cmd_vel,0.0,0.0,-0.3241915702819824,1.9999998807907104,0.0,0.0
1768890736533902015,68.98027192,/aiformula_control/game_pad/cmd_vel,0.0,0.0,-0.3095209002494812,1.9999998807907104,0.0,0.0
1768890736565601765,69.01197167,/aiformula_control/game_pad/cmd_vel,0.0,0.0,-0.25824978947639465,1.9999998807907104,0.0,0.0
1768890736591011971,69.037381876,/aiformula_control/game_pad/cmd_vel,0.0,0.0,-0.2216057926416397,1.9999998807907104,0.0,0.0
1768890736643065256,69.089435161,/aiformula_control/game_pad/cmd_vel,0.0,0.0,-0.16301025450229645,1.9999998807907104,0.0,0.0
1768890736663644040,69.110013945,/aiformula_control/game_pad/cmd_vel,0.0,0.0,-0.1190418004989624,1.9999998807907104,0.0,0.0
1768890736710443948,69.156813853,/aiformula_control/game_pad/cmd_vel,0.0,0.0,-0.05310002341866493,1.9999998807907104,0.0,0.0
1768890736733454011,69.179823916,/aiformula_control/game_pad/cmd_vel,0.0,0.0,-0.02380225621163845,1.9999998807907104,0.0,0.0
1768890736777094123,69.223464028,/aiformula_control/game_pad/cmd_vel,0.0,0.0,-0.00915337260812521,1.9999998807907104,0.0,0.0
1768890736786218244,69.232588149,/aiformula_control/game_pad/cmd_vel,0.0,0.0,-0.0,1.9999998807907104,0.0,0.0
1768890736787353707,69.233723612,/aiformula_control/game_pad/cmd_vel,0.0,0.0,-0.0,1.9999998807907104,0.0,0.0
1768890736800827455,69.24719736,/aiformula_control/game_pad/cmd_vel,0.0,0.0,-0.0,1.9999998807907104,0.0,0.0
1768890736846529020,69.292898925,/aiformula_control/game_pad/cmd_vel,0.0,0.0,-0.0,1.9999998807907104,0.0,0.0
1768890736872924609,69.319294514,/aiformula_control/game_pad/cmd_vel,0.0,0.0,-0.0,1.9999998807907104,0.0,0.0
1768890736903506975,69.34987688,/aiformula_control/game_pad/cmd_vel,0.0,0.0,-0.0,1.9999998807907104,0.0,0.0
1768890736920908588,69.367278493,/aiformula_control/game_pad/cmd_vel,0.0,0.0,-0.0,1.9999998807907104,0.0,0.0
1768890736955287746,69.401657651,/aiformula_control/game_pad/cmd_vel,0.0,0.0,-0.0,1.9999998807907104,0.0,0.0
1768890736986556293,69.432926198,/aiformula_control/game_pad/cmd_vel,0.0,0.0,-0.0,1.9999998807907104,0.0,0.0
1768890737040455509,69.486825414,/aiformula_control/game_pad/cmd_vel,0.0,0.0,-0.0,1.9999998807907104,0.0,0.0
1768890737109440419,69.555810324,/aiformula_control/game_pad/cmd_vel,0.0,0.0,-0.0,1.9999998807907104,0.0,0.0
1768890737158427284,69.604797189,/aiformula_control/game_pad/cmd_vel,0.0,0.0,-0.0,1.9999998807907104,0.0,0.0
1768890737203065163,69.649435068,/aiformula_control/game_pad/cmd_vel,0.0,0.0,-0.0,1.9999998807907104,0.0,0.0
1768890737256742425,69.70311233,/aiformula_control/game_pad/cmd_vel,0.0,0.0,-0.0,1.9999998807907104,0.0,0.0
1768890737697428341,70.143798246,/aiformula_control/game_pad/cmd_vel,0.0,0.0,-0.0,1.9999998807907104,0.0,0.0
1768890737718891866,70.165261771,/aiformula_control/game_pad/cmd_vel,0.0,0.0,-0.0,1.9999998807907104,0.0,0.0
1768890737788617485,70.23498739,/aiformula_control/game_pad/cmd_vel,0.0,0.0,-0.0,1.9999998807907104,0.0,0.0
1768890737900482630,70.346852535,/aiformula_control/game_pad/cmd_vel,0.0,0.0,-0.0,1.9999998807907104,0.0,0.0
1768890738001270491,70.447640396,/aiformula_control/game_pad/cmd_vel,0.0,0.0,-0.0,1.9999998807907104,0.0,0.0
1768890738046294515,70.49266442,/aiformula_control/game_pad/cmd_vel,0.0,0.0,-0.0,1.9999998807907104,0.0,0.0
1768890738115495523,70.561865428,/aiformula_control/game_pad/cmd_vel,0.0,0.0,-0.0,1.9999998807907104,0.0,0.0
1768890738174548723,70.620918628,/aiformula_control/game_pad/cmd_vel,0.0,0.0,-0.0,1.9999998807907104,0.0,0.0
1768890738225812178,70.672182083,/aiformula_control/game_pad/cmd_vel,0.0,0.0,-0.0,1.9999998807907104,0.0,0.0
1768890738326223684,70.772593589,/aiformula_control/game_pad/cmd_vel,0.0,0.0,-0.0,1.9999998807907104,0.0,0.0
1768890738380386230,70.826756135,/aiformula_control/game_pad/cmd_vel,0.0,0.0,-0.0,1.9999998807907104,0.0,0.0
1768890738445540268,70.891910173,/aiformula_control/game_pad/cmd_vel,0.0,0.0,-0.0,1.9999998807907104,0.0,0.0
1768890738513858262,70.960228167,/aiformula_control/game_pad/cmd_vel,0.0,0.0,-0.0,1.9999998807907104,0.0,0.0
1768890738572276194,71.018646099,/aiformula_control/game_pad/cmd_vel,0.0,0.0,-0.0,1.9999998807907104,0.0,0.0
1768890738643708288,71.090078193,/aiformula_control/game_pad/cmd_vel,0.0,0.0,-0.0,1.9999998807907104,0.0,0.0
1768890738705948004,71.152317909,/aiformula_control/game_pad/cmd_vel,0.0,0.0,-0.0,1.9999998807907104,0.0,0.0
1768890739085225408,71.531595313,/aiformula_control/game_pad/cmd_vel,0.0,0.0,-0.0,1.9999998807907104,0.0,0.0
1768890739329617844,71.775987749,/aiformula_control/game_pad/cmd_vel,0.0,0.0,-0.0,1.9999998807907104,0.0,0.0
1768890739351324123,71.797694028,/aiformula_control/game_pad/cmd_vel,0.0,0.0,-0.0,1.9999998807907104,0.0,0.0
1768890739381619448,71.827989353,/aiformula_control/game_pad/cmd_vel,0.0,0.0,-0.0,1.9999998807907104,0.0,0.0
1768890739403153246,71.849523151,/aiformula_control/game_pad/cmd_vel,0.0,0.0,-0.0,1.9999998807907104,0.0,0.0
1768890739437235154,71.883605059,/aiformula_control/game_pad/cmd_vel,0.0,0.0,-0.0,1.9999998807907104,0.0,0.0
1768890739477100779,71.923470684,/aiformula_control/game_pad/cmd_vel,0.0,0.0,-0.0,1.9999998807907104,0.0,0.0
1768890739530464376,71.976834281,/aiformula_control/game_pad/cmd_vel,0.0,0.0,-0.0,1.9999998807907104,0.0,0.0
1768890739555855926,72.002225831,/aiformula_control/game_pad/cmd_vel,0.0,0.0,-0.0,1.9999998807907104,0.0,0.0
1768890739615325417,72.061695322,/aiformula_control/game_pad/cmd_vel,0.0,0.0,-0.0,1.9999998807907104,0.0,0.0
1768890739648930682,72.095300587,/aiformula_control/game_pad/cmd_vel,0.0,0.0,-0.0,1.9999998807907104,0.0,0.0
1768890739691429955,72.13779986,/aiformula_control/game_pad/cmd_vel,0.0,0.0,-0.0,1.9999998807907104,0.0,0.0
1768890739756157911,72.202527816,/aiformula_control/game_pad/cmd_vel,0.0,0.0,-0.0,1.9999998807907104,0.0,0.0
1768890739813877118,72.260247023,/aiformula_control/game_pad/cmd_vel,0.0,0.0,-0.0,1.9999998807907104,0.0,0.0
1768890739862353805,72.30872371,/aiformula_control/game_pad/cmd_vel,0.0,0.0,-0.0,1.9999998807907104,0.0,0.0
1768890739880675615,72.32704552,/aiformula_control/game_pad/cmd_vel,0.0,0.0,-0.0,1.9999998807907104,0.0,0.0
1768890739926150458,72.372520363,/aiformula_control/game_pad/cmd_vel,0.0,0.0,-0.0,1.9999998807907104,0.0,0.0
1768890739946391545,72.39276145,/aiformula_control/game_pad/cmd_vel,0.0,0.0,-0.0,1.9999998807907104,0.0,0.0
1768890739998603006,72.444972911,/aiformula_control/game_pad/cmd_vel,0.0,0.0,-0.0,1.9999998807907104,0.0,0.0
1768890740020295493,72.466665398,/aiformula_control/game_pad/cmd_vel,0.0,0.0,-0.0,1.9999998807907104,0.0,0.0
1768890740053340211,72.499710116,/aiformula_control/game_pad/cmd_vel,0.0,0.0,-0.0,1.9999998807907104,0.0,0.0
1768890740079295445,72.52566535,/aiformula_control/game_pad/cmd_vel,0.0,0.0,-0.0,1.9999998807907104,0.0,0.0
1768890740106104508,72.552474413,/aiformula_control/game_pad/cmd_vel,0.0,0.0,-0.0,1.9999998807907104,0.0,0.0
1768890740136163352,72.582533257,/aiformula_control/game_pad/cmd_vel,0.0,0.0,-0.0,1.9999998807907104,0.0,0.0
1768890740154895180,72.601265085,/aiformula_control/game_pad/cmd_vel,0.0,0.0,-0.0,1.9999998807907104,0.0,0.0
1768890740159582250,72.605952155,/aiformula_control/game_pad/cmd_vel,0.0,0.0,-0.0,1.9999998807907104,0.0,0.0
1768890740160252238,72.606622143,/aiformula_control/game_pad/cmd_vel,0.0,0.0,-0.0,1.9999998807907104,0.0,0.0
1768890740182401208,72.628771113,/aiformula_control/game_pad/cmd_vel,0.0,0.0,-0.0,1.9999998807907104,0.0,0.0
1768890740186423985,72.63279389,/aiformula_control/game_pad/cmd_vel,0.0,0.0,-0.0,1.9999998807907104,0.0,0.0
1768890740186826003,72.633195908,/aiformula_control/game_pad/cmd_vel,0.0,0.0,-0.0,1.9999998807907104,0.0,0.0
1768890740187226486,72.633596391,/aiformula_control/game_pad/cmd_vel,0.0,0.0,-0.0,1.9999998807907104,0.0,0.0
1768890740187634008,72.634003913,/aiformula_control/game_pad/cmd_vel,0.0,0.0,-0.0,1.9999998807907104,0.0,0.0
1768890740187966523,72.634336428,/aiformula_control/game_pad/cmd_vel,0.0,0.0,-0.0,1.9999998807907104,0.0,0.0
1768890740188296125,72.63466603,/aiformula_control/game_pad/cmd_vel,0.0,0.0,-0.0,1.9999998807907104,0.0,0.0
1768890740188611583,72.634981488,/aiformula_control/game_pad/cmd_vel,0.0,0.0,-0.0,1.9999998807907104,0.0,0.0
1768890740197617207,72.643987112,/aiformula_control/game_pad/cmd_vel,0.0,0.0,-0.00915337260812521,1.9999998807907104,0.0,0.0
1768890740216077066,72.662446971,/aiformula_control/game_pad/cmd_vel,0.0,0.0,-0.02380225621163845,1.9999998807907104,0.0,0.0
1768890740245658018,72.692027923,/aiformula_control/game_pad/cmd_vel,0.0,0.0,-0.03845113888382912,1.9999998807907104,0.0,0.0
1768890740289007952,72.735377857,/aiformula_control/game_pad/cmd_vel,0.0,0.0,-0.03845113888382912,1.9999998807907104,0.0,0.0
1768890740340633234,72.787003139,/aiformula_control/game_pad/cmd_vel,0.0,0.0,-0.045775581151247025,1.9999998807907104,0.0,0.0
1768890740392484278,72.838854183,/aiformula_control/game_pad/cmd_vel,0.0,0.0,-0.06777070462703705,1.9999998807907104,0.0,0.0
1768890740417287216,72.863657121,/aiformula_control/game_pad/cmd_vel,0.0,0.0,-0.09706847369670868,1.9999998807907104,0.0,0.0
1768890740487991145,72.93436105,/aiformula_control/game_pad/cmd_vel,0.0,0.0,-0.199632465839386,1.9999998807907104,0.0,0.0
1768890740563500224,73.009870129,/aiformula_control/game_pad/cmd_vel,0.0,0.0,-0.24360091984272003,1.9999998807907104,0.0,0.0
1768890740619995072,73.066364977,/aiformula_control/game_pad/cmd_vel,0.0,0.0,-0.27289867401123047,1.9999998807907104,0.0,0.0
1768890740690801849,73.137171754,/aiformula_control/game_pad/cmd_vel,0.0,0.0,-0.35348933935165405,1.9999998807907104,0.0,0.0
1768890740764192163,73.210562068,/aiformula_control/game_pad/cmd_vel,0.0,0.0,-0.3827871084213257,1.9999998807907104,0.0,0.0
1768890740825548769,73.271918674,/aiformula_control/game_pad/cmd_vel,0.0,0.0,-0.3827871084213257,1.9999998807907104,0.0,0.0
1768890740891934527,73.338304432,/aiformula_control/game_pad/cmd_vel,0.0,0.0,-0.34616491198539734,1.9999998807907104,0.0,0.0
1768890740958405917,73.404775822,/aiformula_control/game_pad/cmd_vel,0.0,0.0,-0.33884045481681824,1.9999998807907104,0.0,0.0
1768890741015814819,73.462184724,/aiformula_control/game_pad/cmd_vel,0.0,0.0,-0.35348933935165405,1.9999998807907104,0.0,0.0
1768890741057828905,73.50419881,/aiformula_control/game_pad/cmd_vel,0.0,0.0,-0.37546268105506897,1.9999998807907104,0.0,0.0
1768890741086986623,73.533356528,/aiformula_control/game_pad/cmd_vel,0.0,0.0,-0.36813822388648987,1.9999998807907104,0.0,0.0
1768890741131025010,73.577394915,/aiformula_control/game_pad/cmd_vel,0.0,0.0,-0.36813822388648987,1.9999998807907104,0.0,0.0
1768890741142726683,73.589096588,/aiformula_control/game_pad/cmd_vel,0.0,0.0,-0.37546268105506897,1.9999998807907104,0.0,0.0
1768890741154904614,73.601274519,/aiformula_control/game_pad/cmd_vel,0.0,0.0,-0.37546268105506897,1.9999998807907104,0.0,0.0
1768890741160263272,73.606633177,/aiformula_control/game_pad/cmd_vel,0.0,0.0,-0.3315160274505615,1.9999998807907104,0.0,0.0
1768890741161436495,73.6078064,/aiformula_control/game_pad/cmd_vel,0.0,0.0,-0.26557424664497375,1.9999998807907104,0.0,0.0
1768890741162005971,73.608375876,/aiformula_control/game_pad/cmd_vel,0.0,0.0,-0.0,1.9999998807907104,0.0,0.0
1768890741164303041,73.610672946,/aiformula_control/game_pad/cmd_vel,0.0,0.0,-0.0,1.9999998807907104,0.0,0.0
1768890741216615687,73.662985592,/aiformula_control/game_pad/cmd_vel,0.0,0.0,-0.0,1.9999998807907104,0.0,0.0
1768890741243317262,73.689687167,/aiformula_control/game_pad/cmd_vel,0.0,0.0,-0.0,1.9999998807907104,0.0,0.0
1768890741269900371,73.716270276,/aiformula_control/game_pad/cmd_vel,0.0,0.0,-0.0,1.9999998807907104,0.0,0.0
1768890741361444366,73.807814271,/aiformula_control/game_pad/cmd_vel,0.0,0.0,0.001850729575380683,1.9999998807907104,0.0,0.0
1768890741411015075,73.85738498,/aiformula_control/game_pad/cmd_vel,0.0,0.0,0.045797381550073624,1.9999998807907104,0.0,0.0
1768890741459227056,73.905596961,/aiformula_control/game_pad/cmd_vel,0.0,0.0,0.10441471636295319,1.9999998807907104,0.0,0.0
1768890741509845323,73.956215228,/aiformula_control/game_pad/cmd_vel,0.0,0.0,0.1263880431652069,1.9999998807907104,0.0,0.0
1768890741540693739,73.987063644,/aiformula_control/game_pad/cmd_vel,0.0,0.0,0.15570761263370514,1.9999998807907104,0.0,0.0
1768890741559161983,74.005531888,/aiformula_control/game_pad/cmd_vel,0.0,0.0,0.19232982397079468,1.9999998807907104,0.0,0.0
1768890741600004221,74.046374126,/aiformula_control/game_pad/cmd_vel,0.0,0.0,0.2143031507730484,1.9999998807907104,0.0,0.0
1768890741645924795,74.0922947,/aiformula_control/game_pad/cmd_vel,0.0,0.0,0.24362270534038544,1.9999998807907104,0.0,0.0
1768890741685801332,74.132171237,/aiformula_control/game_pad/cmd_vel,0.0,0.0,0.25094714760780334,1.9999998807907104,0.0,0.0
1768890741717554682,74.163924587,/aiformula_control/game_pad/cmd_vel,0.0,0.0,0.27292048931121826,1.9999998807907104,0.0,0.0
1768890741760581766,74.206951671,/aiformula_control/game_pad/cmd_vel,0.0,0.0,0.23629826307296753,1.9999998807907104,0.0,0.0
1768890741808492369,74.254862274,/aiformula_control/game_pad/cmd_vel,0.0,0.0,-0.0,1.9999998807907104,0.0,0.0
1768890741836461855,74.28283176,/aiformula_control/game_pad/cmd_vel,0.0,0.0,-0.0,1.9999998807907104,0.0,0.0
1768890741864898321,74.311268226,/aiformula_control/game_pad/cmd_vel,0.0,0.0,-0.0,1.9999998807907104,0.0,0.0
1768890741869143115,74.31551302,/aiformula_control/game_pad/cmd_vel,0.0,0.0,-0.0,1.9999998807907104,0.0,0.0
1768890741869707791,74.316077696,/aiformula_control/game_pad/cmd_vel,0.0,0.0,-0.0,1.9999998807907104,0.0,0.0
1768890741870145361,74.316515266,/aiformula_control/game_pad/cmd_vel,0.0,0.0,-0.0,1.9999998807907104,0.0,0.0
1768890741870524852,74.316894757,/aiformula_control/game_pad/cmd_vel,0.0,0.0,-0.0,1.9999998807907104,0.0,0.0
1768890741870924022,74.317293927,/aiformula_control/game_pad/cmd_vel,0.0,0.0,-0.0,1.9999998807907104,0.0,0.0
1768890741871365497,74.317735402,/aiformula_control/game_pad/cmd_vel,0.0,0.0,-0.0,1.9999998807907104,0.0,0.0
1768890741871790588,74.318160493,/aiformula_control/game_pad/cmd_vel,0.0,0.0,-0.0,1.9999998807907104,0.0,0.0
1768890741872137502,74.318507407,/aiformula_control/game_pad/cmd_vel,0.0,0.0,-0.0,1.9999998807907104,0.0,0.0
1768890741888874438,74.335244343,/aiformula_control/game_pad/cmd_vel,0.0,0.0,-0.0,1.9999998807907104,0.0,0.0
1768890741906007665,74.35237757,/aiformula_control/game_pad/cmd_vel,0.0,0.0,-0.0,1.9999998807907104,0.0,0.0
1768890741933332699,74.379702604,/aiformula_control/game_pad/cmd_vel,0.0,0.0,-0.0,1.9999998807907104,0.0,0.0
1768890741972528400,74.418898305,/aiformula_control/game_pad/cmd_vel,0.0,0.0,-0.0,1.9999998807907104,0.0,0.0
1768890742288294048,74.734663953,/aiformula_control/game_pad/cmd_vel,0.0,0.0,-0.0,1.9999998807907104,0.0,0.0
1768890742326570479,74.772940384,/aiformula_control/game_pad/cmd_vel,0.0,0.0,-0.0,1.9999998807907104,0.0,0.0
1768890742378418034,74.824787939,/aiformula_control/game_pad/cmd_vel,0.0,0.0,-0.0,1.9999998807907104,0.0,0.0
1768890742423113929,74.869483834,/aiformula_control/game_pad/cmd_vel,0.0,0.0,-0.0,1.9999998807907104,0.0,0.0
1768890742432419043,74.878788948,/aiformula_control/game_pad/cmd_vel,0.0,0.0,-0.0,1.9999998807907104,0.0,0.0
1768890742473392962,74.919762867,/aiformula_control/game_pad/cmd_vel,0.0,0.0,-0.0,1.9999998807907104,0.0,0.0
1768890742522642325,74.96901223,/aiformula_control/game_pad/cmd_vel,0.0,0.0,-0.0,1.9999998807907104,0.0,0.0
1768890742581897606,75.028267511,/aiformula_control/game_pad/cmd_vel,0.0,0.0,-0.0,1.9999998807907104,0.0,0.0
1768890742636474139,75.082844044,/aiformula_control/game_pad/cmd_vel,0.0,0.0,-0.0,1.9999998807907104,0.0,0.0
1768890742680887696,75.127257601,/aiformula_control/game_pad/cmd_vel,0.0,0.0,-0.0,1.9999998807907104,0.0,0.0
1768890742724107069,75.170476974,/aiformula_control/game_pad/cmd_vel,0.0,0.0,-0.0,1.9999998807907104,0.0,0.0
1768890742776273794,75.222643699,/aiformula_control/game_pad/cmd_vel,0.0,0.0,-0.0,1.9999998807907104,0.0,0.0
1768890742962138793,75.408508698,/aiformula_control/game_pad/cmd_vel,0.0,0.0,-0.0,1.9999998807907104,0.0,0.0
1768890743071612275,75.51798218,/aiformula_control/game_pad/cmd_vel,0.0,0.0,-0.0,1.9999998807907104,0.0,0.0
1768890743139051480,75.585421385,/aiformula_control/game_pad/cmd_vel,0.0,0.0,-0.0,1.9999998807907104,0.0,0.0
1768890743164007251,75.610377156,/aiformula_control/game_pad/cmd_vel,0.0,0.0,-0.0,1.9999998807907104,0.0,0.0
1768890743234454794,75.680824699,/aiformula_control/game_pad/cmd_vel,0.0,0.0,-0.0,1.9999998807907104,0.0,0.0
1768890743269457349,75.715827254,/aiformula_control/game_pad/cmd_vel,0.0,0.0,-0.0,1.9999998807907104,0.0,0.0
1768890743318318901,75.764688806,/aiformula_control/game_pad/cmd_vel,0.0,0.0,-0.0,1.9999998807907104,0.0,0.0
1768890743391692735,75.83806264,/aiformula_control/game_pad/cmd_vel,0.0,0.0,-0.0,1.9999998807907104,0.0,0.0
1768890743430186607,75.876556512,/aiformula_control/game_pad/cmd_vel,0.0,0.0,-0.0,1.9999998807907104,0.0,0.0
1768890743736168194,76.182538099,/aiformula_control/game_pad/cmd_vel,0.0,0.0,-0.0,1.9999998807907104,0.0,0.0
1768890743786698877,76.233068782,/aiformula_control/game_pad/cmd_vel,0.0,0.0,-0.0,1.9999998807907104,0.0,0.0
1768890743820501840,76.266871745,/aiformula_control/game_pad/cmd_vel,0.0,0.0,-0.0,1.9999998807907104,0.0,0.0
1768890743888431543,76.334801448,/aiformula_control/game_pad/cmd_vel,0.0,0.0,-0.0,1.9999998807907104,0.0,0.0
1768890743970790905,76.41716081,/aiformula_control/game_pad/cmd_vel,0.0,0.0,-0.0,1.9999998807907104,0.0,0.0
1768890744016510966,76.462880871,/aiformula_control/game_pad/cmd_vel,0.0,0.0,-0.0,1.9999998807907104,0.0,0.0
1768890744050673483,76.497043388,/aiformula_control/game_pad/cmd_vel,0.0,0.0,-0.0,1.9999998807907104,0.0,0.0
1768890744102538158,76.548908063,/aiformula_control/game_pad/cmd_vel,0.0,0.0,-0.0,1.9999998807907104,0.0,0.0
1768890744283327989,76.729697894,/aiformula_control/game_pad/cmd_vel,0.0,0.0,-0.0,1.9999998807907104,0.0,0.0
1768890744443690973,76.890060878,/aiformula_control/game_pad/cmd_vel,0.0,0.0,-0.0,1.9999998807907104,0.0,0.0
1768890744486525928,76.932895833,/aiformula_control/game_pad/cmd_vel,0.0,0.0,-0.0,1.9999998807907104,0.0,0.0
1768890744528291148,76.974661053,/aiformula_control/game_pad/cmd_vel,0.0,0.0,-0.0,1.9999998807907104,0.0,0.0
1768890744597056025,77.04342593,/aiformula_control/game_pad/cmd_vel,0.0,0.0,-0.0,1.9999998807907104,0.0,0.0
1768890744653295064,77.099664969,/aiformula_control/game_pad/cmd_vel,0.0,0.0,-0.0,1.9999998807907104,0.0,0.0
1768890744704291190,77.150661095,/aiformula_control/game_pad/cmd_vel,0.0,0.0,-0.0,1.9999998807907104,0.0,0.0
1768890744770474642,77.216844547,/aiformula_control/game_pad/cmd_vel,0.0,0.0,-0.0,1.9999998807907104,0.0,0.0
1768890744813415774,77.259785679,/aiformula_control/game_pad/cmd_vel,0.0,0.0,-0.0,1.9999998807907104,0.0,0.0
1768890744842414995,77.2887849,/aiformula_control/game_pad/cmd_vel,0.0,0.0,-0.0,1.9999998807907104,0.0,0.0
1768890744886875624,77.333245529,/aiformula_control/game_pad/cmd_vel,0.0,0.0,-0.0,1.9999998807907104,0.0,0.0
1768890744939967571,77.386337476,/aiformula_control/game_pad/cmd_vel,0.0,0.0,-0.0,1.9999998807907104,0.0,0.0
1768890744980704721,77.427074626,/aiformula_control/game_pad/cmd_vel,0.0,0.0,-0.0,1.9999998807907104,0.0,0.0
1768890745030492967,77.476862872,/aiformula_control/game_pad/cmd_vel,0.0,0.0,-0.0,1.9999998807907104,0.0,0.0
1768890745132037408,77.578407313,/aiformula_control/game_pad/cmd_vel,0.0,0.0,-0.0,1.9999998807907104,0.0,0.0
1768890745174107046,77.620476951,/aiformula_control/game_pad/cmd_vel,0.0,0.0,-0.0,1.9999998807907104,0.0,0.0
1768890745242228751,77.688598656,/aiformula_control/game_pad/cmd_vel,0.0,0.0,-0.0,1.9999998807907104,0.0,0.0
1768890745292698986,77.739068891,/aiformula_control/game_pad/cmd_vel,0.0,0.0,-0.0,1.9999998807907104,0.0,0.0
1768890745441530794,77.887900699,/aiformula_control/game_pad/cmd_vel,0.0,0.0,-0.0,1.9999998807907104,0.0,0.0
1768890745534304972,77.980674877,/aiformula_control/game_pad/cmd_vel,0.0,0.0,-0.0,1.9999998807907104,0.0,0.0
1768890745693761902,78.140131807,/aiformula_control/game_pad/cmd_vel,0.0,0.0,-0.0,1.9999998807907104,0.0,0.0
1768890745713578634,78.159948539,/aiformula_control/game_pad/cmd_vel,0.0,0.0,-0.0,1.9999998807907104,0.0,0.0
1768890745783176443,78.229546348,/aiformula_control/game_pad/cmd_vel,0.0,0.0,-0.0,1.9999998807907104,0.0,0.0
1768890745833944536,78.280314441,/aiformula_control/game_pad/cmd_vel,0.0,0.0,-0.0,1.9999998807907104,0.0,0.0
1768890745885264248,78.331634153,/aiformula_control/game_pad/cmd_vel,0.0,0.0,-0.0,1.9999998807907104,0.0,0.0
1768890745920953558,78.367323463,/aiformula_control/game_pad/cmd_vel,0.0,0.0,-0.0,1.9999998807907104,0.0,0.0
1768890745965415212,78.411785117,/aiformula_control/game_pad/cmd_vel,0.0,0.0,-0.0,1.9999998807907104,0.0,0.0
1768890746020260770,78.466630675,/aiformula_control/game_pad/cmd_vel,0.0,0.0,-0.0,1.9999998807907104,0.0,0.0
1768890746067751242,78.514121147,/aiformula_control/game_pad/cmd_vel,0.0,0.0,-0.0,1.9999998807907104,0.0,0.0
1768890746144927723,78.591297628,/aiformula_control/game_pad/cmd_vel,0.0,0.0,-0.0,1.9999998807907104,0.0,0.0
1768890746199025052,78.645394957,/aiformula_control/game_pad/cmd_vel,0.0,0.0,-0.0,1.9999998807907104,0.0,0.0
1768890746263859888,78.710229793,/aiformula_control/game_pad/cmd_vel,0.0,0.0,-0.0,1.9999998807907104,0.0,0.0
1768890746315069839,78.761439744,/aiformula_control/game_pad/cmd_vel,0.0,0.0,-0.0,1.9999998807907104,0.0,0.0
1768890746383909149,78.830279054,/aiformula_control/game_pad/cmd_vel,0.0,0.0,-0.0,1.9999998807907104,0.0,0.0
1768890746424188024,78.870557929,/aiformula_control/game_pad/cmd_vel,0.0,0.0,-0.0,1.9999998807907104,0.0,0.0
1768890746524316456,78.970686361,/aiformula_control/game_pad/cmd_vel,0.0,0.0,-0.0,1.9999998807907104,0.0,0.0
1768890746584044508,79.030414413,/aiformula_control/game_pad/cmd_vel,0.0,0.0,-0.0,1.9999998807907104,0.0,0.0
1768890746631548836,79.077918741,/aiformula_control/game_pad/cmd_vel,0.0,0.0,-0.0,1.9999998807907104,0.0,0.0
1768890746679475439,79.125845344,/aiformula_control/game_pad/cmd_vel,0.0,0.0,-0.0,1.9999998807907104,0.0,0.0
1768890746722576060,79.168945965,/aiformula_control/game_pad/cmd_vel,0.0,0.0,-0.0,1.9999998807907104,0.0,0.0
1768890746831008928,79.277378833,/aiformula_control/game_pad/cmd_vel,0.0,0.0,-0.0,1.9999998807907104,0.0,0.0
1768890746887370239,79.333740144,/aiformula_control/game_pad/cmd_vel,0.0,0.0,-0.0,1.9999998807907104,0.0,0.0
1768890747050876667,79.497246572,/aiformula_control/game_pad/cmd_vel,0.0,0.0,-0.0,1.9999998807907104,0.0,0.0
1768890747056609662,79.502979567,/aiformula_control/game_pad/cmd_vel,0.0,0.0,-0.0,1.9999998807907104,0.0,0.0
1768890747117662139,79.564032044,/aiformula_control/game_pad/cmd_vel,0.0,0.0,-0.0,1.9999998807907104,0.0,0.0
1768890747181498089,79.627867994,/aiformula_control/game_pad/cmd_vel,0.0,0.0,-0.0,1.9999998807907104,0.0,0.0
1768890747232676680,79.679046585,/aiformula_control/game_pad/cmd_vel,0.0,0.0,-0.0,1.9999998807907104,0.0,0.0
1768890747283608133,79.729978038,/aiformula_control/game_pad/cmd_vel,0.0,0.0,-0.0,1.9999998807907104,0.0,0.0
1768890747394825499,79.841195404,/aiformula_control/game_pad/cmd_vel,0.0,0.0,-0.0,1.9999998807907104,0.0,0.0
1768890747442243010,79.888612915,/aiformula_control/game_pad/cmd_vel,0.0,0.0,-0.0,1.9999998807907104,0.0,0.0
1768890747540014852,79.986384757,/aiformula_control/game_pad/cmd_vel,0.0,0.0,-0.0,1.9999998807907104,0.0,0.0
1768890747636211900,80.082581805,/aiformula_control/game_pad/cmd_vel,0.0,0.0,-0.0,1.9999998807907104,0.0,0.0
1768890747744015452,80.190385357,/aiformula_control/game_pad/cmd_vel,0.0,0.0,-0.0,1.9999998807907104,0.0,0.0
1768890747801187488,80.247557393,/aiformula_control/game_pad/cmd_vel,0.0,0.0,-0.0,1.9999998807907104,0.0,0.0
1768890747839830673,80.286200578,/aiformula_control/game_pad/cmd_vel,0.0,0.0,-0.0,1.9999998807907104,0.0,0.0
1768890747871628055,80.31799796,/aiformula_control/game_pad/cmd_vel,0.0,0.0,-0.0,1.9999998807907104,0.0,0.0
1768890748055495313,80.501865218,/aiformula_control/game_pad/cmd_vel,0.0,0.0,-0.0,1.9999998807907104,0.0,0.0
1768890748125928841,80.572298746,/aiformula_control/game_pad/cmd_vel,0.0,0.0,-0.0,1.9999998807907104,0.0,0.0
1768890748180086522,80.626456427,/aiformula_control/game_pad/cmd_vel,0.0,0.0,-0.0,1.9999998807907104,0.0,0.0
1768890748224299086,80.670668991,/aiformula_control/game_pad/cmd_vel,0.0,0.0,-0.0,1.9999998807907104,0.0,0.0
1768890748274841609,80.721211514,/aiformula_control/game_pad/cmd_vel,0.0,0.0,-0.0,1.9999998807907104,0.0,0.0
1768890748393961808,80.840331713,/aiformula_control/game_pad/cmd_vel,0.0,0.0,-0.0,1.9999998807907104,0.0,0.0
1768890748459539336,80.905909241,/aiformula_control/game_pad/cmd_vel,0.0,0.0,-0.0,1.9999998807907104,0.0,0.0
1768890748492320917,80.938690822,/aiformula_control/game_pad/cmd_vel,0.0,0.0,-0.0,1.9999998807907104,0.0,0.0
1768890748561103810,81.007473715,/aiformula_control/game_pad/cmd_vel,0.0,0.0,-0.0,1.9999998807907104,0.0,0.0
1768890748586554304,81.032924209,/aiformula_control/game_pad/cmd_vel,0.0,0.0,-0.0,1.9999998807907104,0.0,0.0
1768890748653489858,81.099859763,/aiformula_control/game_pad/cmd_vel,0.0,0.0,-0.0,1.9999998807907104,0.0,0.0
1768890748703389145,81.14975905,/aiformula_control/game_pad/cmd_vel,0.0,0.0,-0.0,1.9999998807907104,0.0,0.0
1768890748788684012,81.235053917,/aiformula_control/game_pad/cmd_vel,0.0,0.0,-0.0,1.9999998807907104,0.0,0.0
1768890748839030214,81.285400119,/aiformula_control/game_pad/cmd_vel,0.0,0.0,-0.0,1.9999998807907104,0.0,0.0
1768890748894946531,81.341316436,/aiformula_control/game_pad/cmd_vel,0.0,0.0,-0.0,1.9999998807907104,0.0,0.0
1768890748945418013,81.391787918,/aiformula_control/game_pad/cmd_vel,0.0,0.0,-0.0,1.9999998807907104,0.0,0.0
1768890748996240570,81.442610475,/aiformula_control/game_pad/cmd_vel,0.0,0.0,-0.0,1.9999998807907104,0.0,0.0
1768890749070174247,81.516544152,/aiformula_control/game_pad/cmd_vel,0.0,0.0,-0.0,1.9999998807907104,0.0,0.0
1768890749131734247,81.578104152,/aiformula_control/game_pad/cmd_vel,0.0,0.0,-0.0,1.9999998807907104,0.0,0.0
1768890749152871339,81.599241244,/aiformula_control/game_pad/cmd_vel,0.0,0.0,-0.0,1.9999998807907104,0.0,0.0
1768890749513376242,81.959746147,/aiformula_control/game_pad/cmd_vel,0.0,0.0,-0.0,1.9999998807907104,0.0,0.0
1768890749719567224,82.165937129,/aiformula_control/game_pad/cmd_vel,0.0,0.0,-0.0,1.9999998807907104,0.0,0.0
1768890749799852076,82.246221981,/aiformula_control/game_pad/cmd_vel,0.0,0.0,-0.0,1.9999998807907104,0.0,0.0
1768890749821839061,82.268208966,/aiformula_control/game_pad/cmd_vel,0.0,0.0,-0.0,1.9999998807907104,0.0,0.0
1768890749878042900,82.324412805,/aiformula_control/game_pad/cmd_vel,0.0,0.0,-0.0,1.9999998807907104,0.0,0.0
1768890749927486632,82.373856537,/aiformula_control/game_pad/cmd_vel,0.0,0.0,-0.0,1.9999998807907104,0.0,0.0
1768890750101548357,82.547918262,/aiformula_control/game_pad/cmd_vel,0.0,0.0,0.00917517114430666,1.9999998807907104,0.0,0.0
1768890750146513757,82.592883662,/aiformula_control/game_pad/cmd_vel,0.0,0.0,0.05312182381749153,1.9999998807907104,0.0,0.0
1768890750186889689,82.633259594,/aiformula_control/game_pad/cmd_vel,0.0,0.0,0.08244138956069946,1.9999998807907104,0.0,0.0
1768890750214655558,82.661025463,/aiformula_control/game_pad/cmd_vel,0.0,0.0,0.13371248543262482,1.9999998807907104,0.0,0.0
1768890750216511122,82.662881027,/aiformula_control/game_pad/cmd_vel,0.0,0.0,0.17768093943595886,1.9999998807907104,0.0,0.0
1768890750216996821,82.663366726,/aiformula_control/game_pad/cmd_vel,0.0,0.0,0.22895203530788422,1.9999998807907104,0.0,0.0
1768890750217497624,82.663867529,/aiformula_control/game_pad/cmd_vel,0.0,0.0,0.25827160477638245,1.9999998807907104,0.0,0.0
1768890750218076251,82.664446156,/aiformula_control/game_pad/cmd_vel,0.0,0.0,0.280244916677475,1.9999998807907104,0.0,0.0
1768890750218460062,82.664829967,/aiformula_control/game_pad/cmd_vel,0.0,0.0,0.2948938012123108,1.9999998807907104,0.0,0.0
1768890750218836192,82.665206097,/aiformula_control/game_pad/cmd_vel,0.0,0.0,0.3168671429157257,1.9999998807907104,0.0,0.0
1768890750239546337,82.685916242,/aiformula_control/game_pad/cmd_vel,0.0,0.0,0.33153781294822693,1.9999998807907104,0.0,0.0
1768890750266716523,82.713086428,/aiformula_control/game_pad/cmd_vel,0.0,0.0,0.35351115465164185,1.9999998807907104,0.0,0.0
1768890750286843848,82.733213753,/aiformula_control/game_pad/cmd_vel,0.0,0.0,0.36816003918647766,1.9999998807907104,0.0,0.0
1768890750337493092,82.783862997,/aiformula_control/game_pad/cmd_vel,0.0,0.0,0.3901333510875702,1.9999998807907104,0.0,0.0
1768890750383437186,82.829807091,/aiformula_control/game_pad/cmd_vel,0.0,0.0,0.4194529056549072,1.9999998807907104,0.0,0.0
1768890750427099475,82.87346938,/aiformula_control/game_pad/cmd_vel,0.0,0.0,0.43410179018974304,1.9999998807907104,0.0,0.0
1768890750495182107,82.941552012,/aiformula_control/game_pad/cmd_vel,0.0,0.0,0.4707240164279938,1.9999998807907104,0.0,0.0
1768890750549936560,82.996306465,/aiformula_control/game_pad/cmd_vel,0.0,0.0,0.4926973283290863,1.9999998807907104,0.0,0.0
1768890750573041184,83.019411089,/aiformula_control/game_pad/cmd_vel,0.0,0.0,0.4999999701976776,1.9999998807907104,0.0,0.0
1768890750616978482,83.063348387,/aiformula_control/game_pad/cmd_vel,0.0,0.0,0.4999999701976776,1.9999998807907104,0.0,0.0
1768890750646001543,83.092371448,/aiformula_control/game_pad/cmd_vel,0.0,0.0,0.4853729009628296,1.9999998807907104,0.0,0.0
1768890750684266646,83.130636551,/aiformula_control/game_pad/cmd_vel,0.0,0.0,0.4707240164279938,1.9999998807907104,0.0,0.0
1768890750731997919,83.178367824,/aiformula_control/game_pad/cmd_vel,0.0,0.0,0.45607513189315796,1.9999998807907104,0.0,0.0
1768890750760888819,83.207258724,/aiformula_control/game_pad/cmd_vel,0.0,0.0,0.44875067472457886,1.9999998807907104,0.0,0.0
1768890750810984588,83.257354493,/aiformula_control/game_pad/cmd_vel,0.0,0.0,0.43410179018974304,1.9999998807907104,0.0,0.0
1768890750851400360,83.297770265,/aiformula_control/game_pad/cmd_vel,0.0,0.0,0.4121284782886505,1.9999998807907104,0.0,0.0
1768890750881723525,83.32809343,/aiformula_control/game_pad/cmd_vel,0.0,0.0,0.4121284782886505,1.9999998807907104,0.0,0.0
1768890750927784356,83.374154261,/aiformula_control/game_pad/cmd_vel,0.0,0.0,0.4194529056549072,1.9999998807907104,0.0,0.0
1768890750951157110,83.397527015,/aiformula_control/game_pad/cmd_vel,0.0,0.0,0.42677736282348633,1.9999998807907104,0.0,0.0
1768890751012918391,83.459288296,/aiformula_control/game_pad/cmd_vel,0.0,0.0,0.4194529056549072,1.9999998807907104,0.0,0.0
1768890751018012470,83.464382375,/aiformula_control/game_pad/cmd_vel,0.0,0.0,0.4194529056549072,1.9999998807907104,0.0,0.0
1768890751018443353,83.464813258,/aiformula_control/game_pad/cmd_vel,0.0,0.0,0.4194529056549072,1.9999998807907104,0.0,0.0
1768890751018831900,83.465201805,/aiformula_control/game_pad/cmd_vel,0.0,0.0,0.4121284782886505,1.9999998807907104,0.0,0.0
1768890751019248158,83.465618063,/aiformula_control/game_pad/cmd_vel,0.0,0.0,0.404782235622406,1.9999998807907104,0.0,0.0
1768890751019583264,83.465953169,/aiformula_control/game_pad/cmd_vel,0.0,0.0,0.3974578082561493,1.9999998807907104,0.0,0.0
1768890751019964195,83.4663341,/aiformula_control/game_pad/cmd_vel,0.0,0.0,0.3974578082561493,1.9999998807907104,0.0,0.0
1768890751020314309,83.466684214,/aiformula_control/game_pad/cmd_vel,0.0,0.0,0.3974578082561493,1.9999998807907104,0.0,0.0
1768890751047984529,83.494354434,/aiformula_control/game_pad/cmd_vel,0.0,0.0,0.3974578082561493,1.9999998807907104,0.0,0.0
1768890751058144177,83.504514082,/aiformula_control/game_pad/cmd_vel,0.0,0.0,0.3828089237213135,1.9999998807907104,0.0,0.0
1768890751068375984,83.514745889,/aiformula_control/game_pad/cmd_vel,0.0,0.0,0.36816003918647766,1.9999998807907104,0.0,0.0
1768890751086407041,83.532776946,/aiformula_control/game_pad/cmd_vel,0.0,0.0,0.34618669748306274,1.9999998807907104,0.0,0.0
1768890751117401762,83.563771667,/aiformula_control/game_pad/cmd_vel,0.0,0.0,0.33153781294822693,1.9999998807907104,0.0,0.0
1768890751174172228,83.620542133,/aiformula_control/game_pad/cmd_vel,0.0,0.0,0.33153781294822693,1.9999998807907104,0.0,0.0
1768890751219182557,83.665552462,/aiformula_control/game_pad/cmd_vel,0.0,0.0,0.3022182583808899,1.9999998807907104,0.0,0.0
1768890751259687833,83.706057738,/aiformula_control/game_pad/cmd_vel,0.0,0.0,0.280244916677475,1.9999998807907104,0.0,0.0
1768890751282135461,83.728505366,/aiformula_control/game_pad/cmd_vel,0.0,0.0,0.26559603214263916,1.9999998807907104,0.0,0.0
1768890751286885443,83.733255348,/aiformula_control/game_pad/cmd_vel,0.0,0.0,0.25094714760780334,1.9999998807907104,0.0,0.0
1768890751290554106,83.736924011,/aiformula_control/game_pad/cmd_vel,0.0,0.0,0.23629826307296753,1.9999998807907104,0.0,0.0
1768890751326493754,83.772863659,/aiformula_control/game_pad/cmd_vel,0.0,0.0,0.2216275930404663,1.9999998807907104,0.0,0.0
1768890751348291809,83.794661714,/aiformula_control/game_pad/cmd_vel,0.0,0.0,0.2069787085056305,1.9999998807907104,0.0,0.0
1768890751380674571,83.827044476,/aiformula_control/game_pad/cmd_vel,0.0,0.0,0.19965426623821259,1.9999998807907104,0.0,0.0
1768890751415655493,83.862025398,/aiformula_control/game_pad/cmd_vel,0.0,0.0,0.19965426623821259,1.9999998807907104,0.0,0.0
1768890751465612989,83.911982894,/aiformula_control/game_pad/cmd_vel,0.0,0.0,0.16303205490112305,1.9999998807907104,0.0,0.0
1768890751486863777,83.933233682,/aiformula_control/game_pad/cmd_vel,0.0,0.0,0.14838317036628723,1.9999998807907104,0.0,0.0
1768890751516155896,83.962525801,/aiformula_control/game_pad/cmd_vel,0.0,0.0,0.119063600897789,1.9999998807907104,0.0,0.0
1768890751556343187,84.002713092,/aiformula_control/game_pad/cmd_vel,0.0,0.0,0.10441471636295319,1.9999998807907104,0.0,0.0
1768890751608362391,84.054732296,/aiformula_control/game_pad/cmd_vel,0.0,0.0,0.08244138956069946,1.9999998807907104,0.0,0.0
1768890751612643634,84.059013539,/aiformula_control/game_pad/cmd_vel,0.0,0.0,0.06046806275844574,1.9999998807907104,0.0,0.0
1768890751629596955,84.07596686,/aiformula_control/game_pad/cmd_vel,0.0,0.0,0.038472939282655716,1.9999998807907104,0.0,0.0
1768890751657930924,84.104300829,/aiformula_control/game_pad/cmd_vel,0.0,0.0,0.016499614343047142,1.9999998807907104,0.0,0.0
1768890751661365601,84.107735506,/aiformula_control/game_pad/cmd_vel,0.0,0.0,-0.0,1.9999998807907104,0.0,0.0
1768890751765788556,84.212158461,/aiformula_control/game_pad/cmd_vel,0.0,0.0,-0.0,1.9999998807907104,0.0,0.0
1768890751813380405,84.25975031,/aiformula_control/game_pad/cmd_vel,0.0,0.0,-0.0,1.9999998807907104,0.0,0.0
1768890752328916963,84.775286868,/aiformula_control/game_pad/cmd_vel,0.0,0.0,-0.0,1.9999998807907104,0.0,0.0
1768890752616818822,85.063188727,/aiformula_control/game_pad/cmd_vel,0.0,0.0,-0.0,1.9999998807907104,0.0,0.0
1768890752703810916,85.150180821,/aiformula_control/game_pad/cmd_vel,0.0,0.0,-0.0,1.9999998807907104,0.0,0.0
1768890752774182619,85.220552524,/aiformula_control/game_pad/cmd_vel,0.0,0.0,-0.0,1.9999998807907104,0.0,0.0
1768890752843395178,85.289765083,/aiformula_control/game_pad/cmd_vel,0.0,0.0,-0.0,1.9999998807907104,0.0,0.0
1768890752949809666,85.396179571,/aiformula_control/game_pad/cmd_vel,0.0,0.0,0.016499614343047142,1.9999998807907104,0.0,0.0
1768890752973235924,85.419605829,/aiformula_control/game_pad/cmd_vel,0.0,0.0,0.031148497015237808,1.9999998807907104,0.0,0.0
1768890753035241046,85.481610951,/aiformula_control/game_pad/cmd_vel,0.0,0.0,0.05312182381749153,1.9999998807907104,0.0,0.0
1768890753092820061,85.539189966,/aiformula_control/game_pad/cmd_vel,0.0,0.0,0.06779250502586365,1.9999998807907104,0.0,0.0
1768890753100910544,85.547280449,/aiformula_control/game_pad/cmd_vel,0.0,0.0,0.09709027409553528,1.9999998807907104,0.0,0.0
1768890753120081863,85.566451768,/aiformula_control/game_pad/cmd_vel,0.0,0.0,0.1263880431652069,1.9999998807907104,0.0,0.0
1768890753146653933,85.593023838,/aiformula_control/game_pad/cmd_vel,0.0,0.0,0.14103692770004272,1.9999998807907104,0.0,0.0
1768890753171035717,85.617405622,/aiformula_control/game_pad/cmd_vel,0.0,0.0,0.14103692770004272,1.9999998807907104,0.0,0.0
1768890753195123931,85.641493836,/aiformula_control/game_pad/cmd_vel,0.0,0.0,0.15570761263370514,1.9999998807907104,0.0,0.0
1768890753218801455,85.66517136,/aiformula_control/game_pad/cmd_vel,0.0,0.0,0.17035649716854095,1.9999998807907104,0.0,0.0
1768890753288295200,85.734665105,/aiformula_control/game_pad/cmd_vel,0.0,0.0,0.19232982397079468,1.9999998807907104,0.0,0.0
1768890753312198677,85.758568582,/aiformula_control/game_pad/cmd_vel,0.0,0.0,0.19965426623821259,1.9999998807907104,0.0,0.0
1768890753363642806,85.810012711,/aiformula_control/game_pad/cmd_vel,0.0,0.0,0.2216275930404663,1.9999998807907104,0.0,0.0
1768890753384945307,85.831315212,/aiformula_control/game_pad/cmd_vel,0.0,0.0,0.22895203530788422,1.9999998807907104,0.0,0.0
1768890753426103675,85.87247358,/aiformula_control/game_pad/cmd_vel,0.0,0.0,0.23629826307296753,1.9999998807907104,0.0,0.0
1768890753504112641,85.950482546,/aiformula_control/game_pad/cmd_vel,0.0,0.0,0.25094714760780334,1.9999998807907104,0.0,0.0
1768890753528677531,85.975047436,/aiformula_control/game_pad/cmd_vel,0.0,0.0,0.25827160477638245,1.9999998807907104,0.0,0.0
1768890753555683843,86.002053748,/aiformula_control/game_pad/cmd_vel,0.0,0.0,0.280244916677475,1.9999998807907104,0.0,0.0
1768890753581095137,86.027465042,/aiformula_control/game_pad/cmd_vel,0.0,0.0,0.2948938012123108,1.9999998807907104,0.0,0.0
1768890753607188068,86.053557973,/aiformula_control/game_pad/cmd_vel,0.0,0.0,0.3095426857471466,1.9999998807907104,0.0,0.0
1768890753631193690,86.077563595,/aiformula_control/game_pad/cmd_vel,0.0,0.0,0.3242133855819702,1.9999998807907104,0.0,0.0
1768890753659355209,86.105725114,/aiformula_control/game_pad/cmd_vel,0.0,0.0,0.33886227011680603,1.9999998807907104,0.0,0.0
1768890753692441656,86.138811561,/aiformula_control/game_pad/cmd_vel,0.0,0.0,0.35351115465164185,1.9999998807907104,0.0,0.0
1768890753718390777,86.164760682,/aiformula_control/game_pad/cmd_vel,0.0,0.0,0.34618669748306274,1.9999998807907104,0.0,0.0
1768890753834582126,86.280952031,/aiformula_control/game_pad/cmd_vel,0.0,0.0,0.35351115465164185,1.9999998807907104,0.0,0.0
1768890753882342583,86.328712488,/aiformula_control/game_pad/cmd_vel,0.0,0.0,0.36083558201789856,1.9999998807907104,0.0,0.0
1768890753916720718,86.363090623,/aiformula_control/game_pad/cmd_vel,0.0,0.0,0.36083558201789856,1.9999998807907104,0.0,0.0
1768890753972921772,86.419291677,/aiformula_control/game_pad/cmd_vel,0.0,0.0,0.3754844665527344,1.9999998807907104,0.0,0.0
1768890754043686853,86.490056758,/aiformula_control/game_pad/cmd_vel,0.0,0.0,0.36816003918647766,1.9999998807907104,0.0,0.0
1768890754099701091,86.546070996,/aiformula_control/game_pad/cmd_vel,0.0,0.0,0.36083558201789856,1.9999998807907104,0.0,0.0
1768890754144898364,86.591268269,/aiformula_control/game_pad/cmd_vel,0.0,0.0,0.34618669748306274,1.9999998807907104,0.0,0.0
1768890754185898748,86.632268653,/aiformula_control/game_pad/cmd_vel,0.0,0.0,0.33153781294822693,1.9999998807907104,0.0,0.0
1768890754214879857,86.661249762,/aiformula_control/game_pad/cmd_vel,0.0,0.0,0.3168671429157257,1.9999998807907104,0.0,0.0
1768890754231396024,86.677765929,/aiformula_control/game_pad/cmd_vel,0.0,0.0,0.3168671429157257,1.9999998807907104,0.0,0.0
1768890754232809568,86.679179473,/aiformula_control/game_pad/cmd_vel,0.0,0.0,0.3168671429157257,1.9999998807907104,0.0,0.0
1768890754237428253,86.683798158,/aiformula_control/game_pad/cmd_vel,0.0,0.0,0.3242133855819702,1.9999998807907104,0.0,0.0
1768890754297607636,86.743977541,/aiformula_control/game_pad/cmd_vel,0.0,0.0,0.33886227011680603,1.9999998807907104,0.0,0.0
1768890754362692138,86.809062043,/aiformula_control/game_pad/cmd_vel,0.0,0.0,0.3242133855819702,1.9999998807907104,0.0,0.0
1768890754370200697,86.816570602,/aiformula_control/game_pad/cmd_vel,0.0,0.0,0.3168671429157257,1.9999998807907104,0.0,0.0
1768890754439586185,86.88595609,/aiformula_control/game_pad/cmd_vel,0.0,0.0,0.3242133855819702,1.9999998807907104,0.0,0.0
1768890754477151348,86.923521253,/aiformula_control/game_pad/cmd_vel,0.0,0.0,0.33153781294822693,1.9999998807907104,0.0,0.0
1768890754503239798,86.949609703,/aiformula_control/game_pad/cmd_vel,0.0,0.0,0.33153781294822693,1.9999998807907104,0.0,0.0
1768890754520327265,86.96669717,/aiformula_control/game_pad/cmd_vel,0.0,0.0,0.3242133855819702,1.9999998807907104,0.0,0.0
1768890754553697425,87.00006733,/aiformula_control/game_pad/cmd_vel,0.0,0.0,0.3242133855819702,1.9999998807907104,0.0,0.0
1768890754593409064,87.039778969,/aiformula_control/game_pad/cmd_vel,0.0,0.0,0.3242133855819702,1.9999998807907104,0.0,0.0
1768890754654769319,87.101139224,/aiformula_control/game_pad/cmd_vel,0.0,0.0,0.3095426857471466,1.9999998807907104,0.0,0.0
1768890754703461783,87.149831688,/aiformula_control/game_pad/cmd_vel,0.0,0.0,0.3095426857471466,1.9999998807907104,0.0,0.0
1768890754742911884,87.189281789,/aiformula_control/game_pad/cmd_vel,0.0,0.0,0.2948938012123108,1.9999998807907104,0.0,0.0
1768890754788552745,87.23492265,/aiformula_control/game_pad/cmd_vel,0.0,0.0,0.280244916677475,1.9999998807907104,0.0,0.0
1768890754840227403,87.286597308,/aiformula_control/game_pad/cmd_vel,0.0,0.0,0.26559603214263916,1.9999998807907104,0.0,0.0
1768890754868151993,87.314521898,/aiformula_control/game_pad/cmd_vel,0.0,0.0,0.25827160477638245,1.9999998807907104,0.0,0.0
1768890754911222054,87.357591959,/aiformula_control/game_pad/cmd_vel,0.0,0.0,0.25827160477638245,1.9999998807907104,0.0,0.0
1768890754938661873,87.385031778,/aiformula_control/game_pad/cmd_vel,0.0,0.0,0.25827160477638245,1.9999998807907104,0.0,0.0
1768890754974546705,87.42091661,/aiformula_control/game_pad/cmd_vel,0.0,0.0,0.24362270534038544,1.9999998807907104,0.0,0.0
1768890755005036271,87.451406176,/aiformula_control/game_pad/cmd_vel,0.0,0.0,0.22895203530788422,1.9999998807907104,0.0,0.0
1768890755028812931,87.475182836,/aiformula_control/game_pad/cmd_vel,0.0,0.0,0.2143031507730484,1.9999998807907104,0.0,0.0
1768890755043663935,87.49003384,/aiformula_control/game_pad/cmd_vel,0.0,0.0,0.19965426623821259,1.9999998807907104,0.0,0.0
1768890755062652918,87.509022823,/aiformula_control/game_pad/cmd_vel,0.0,0.0,0.16303205490112305,1.9999998807907104,0.0,0.0
1768890755091569258,87.537939163,/aiformula_control/game_pad/cmd_vel,0.0,0.0,0.14103692770004272,1.9999998807907104,0.0,0.0
1768890755104704924,87.551074829,/aiformula_control/game_pad/cmd_vel,0.0,0.0,0.119063600897789,1.9999998807907104,0.0,0.0
1768890755124738201,87.571108106,/aiformula_control/game_pad/cmd_vel,0.0,0.0,0.1263880431652069,1.9999998807907104,0.0,0.0
1768890755152166756,87.598536661,/aiformula_control/game_pad/cmd_vel,0.0,0.0,0.14838317036628723,1.9999998807907104,0.0,0.0
1768890755168086823,87.614456728,/aiformula_control/game_pad/cmd_vel,0.0,0.0,0.14838317036628723,1.9999998807907104,0.0,0.0
1768890755168814188,87.615184093,/aiformula_control/game_pad/cmd_vel,0.0,0.0,0.14838317036628723,1.9999998807907104,0.0,0.0
1768890755175404949,87.621774854,/aiformula_control/game_pad/cmd_vel,0.0,0.0,0.14838317036628723,1.9999998807907104,0.0,0.0
1768890755200556658,87.646926563,/aiformula_control/game_pad/cmd_vel,0.0,0.0,0.14838317036628723,1.9999998807907104,0.0,0.0
1768890755217787581,87.664157486,/aiformula_control/game_pad/cmd_vel,0.0,0.0,0.14103692770004272,1.9999998807907104,0.0,0.0
1768890755218248448,87.664618353,/aiformula_control/game_pad/cmd_vel,0.0,0.0,0.15570761263370514,1.9999998807907104,0.0,0.0
1768890755218584770,87.664954675,/aiformula_control/game_pad/cmd_vel,0.0,0.0,0.18500538170337677,1.9999998807907104,0.0,0.0
1768890755281168776,87.727538681,/aiformula_control/game_pad/cmd_vel,0.0,0.0,0.18500538170337677,1.9999998807907104,0.0,0.0
1768890755311756839,87.758126744,/aiformula_control/game_pad/cmd_vel,0.0,0.0,0.17768093943595886,1.9999998807907104,0.0,0.0
1768890755336593346,87.782963251,/aiformula_control/game_pad/cmd_vel,0.0,0.0,0.17768093943595886,1.9999998807907104,0.0,0.0
1768890755361798847,87.808168752,/aiformula_control/game_pad/cmd_vel,0.0,0.0,0.16303205490112305,1.9999998807907104,0.0,0.0
1768890755364248910,87.810618815,/aiformula_control/game_pad/cmd_vel,0.0,0.0,0.14838317036628723,1.9999998807907104,0.0,0.0
1768890755448134169,87.894504074,/aiformula_control/game_pad/cmd_vel,0.0,0.0,0.14838317036628723,1.9999998807907104,0.0,0.0
1768890755498825941,87.945195846,/aiformula_control/game_pad/cmd_vel,0.0,0.0,0.14838317036628723,1.9999998807907104,0.0,0.0
1768890755549798291,87.996168196,/aiformula_control/game_pad/cmd_vel,0.0,0.0,0.14838317036628723,1.9999998807907104,0.0,0.0
1768890755581730714,88.028100619,/aiformula_control/game_pad/cmd_vel,0.0,0.0,0.14838317036628723,1.9999998807907104,0.0,0.0
1768890755622131542,88.068501447,/aiformula_control/game_pad/cmd_vel,0.0,0.0,0.1263880431652069,1.9999998807907104,0.0,0.0
1768890755658136566,88.104506471,/aiformula_control/game_pad/cmd_vel,0.0,0.0,0.119063600897789,1.9999998807907104,0.0,0.0
1768890755709121364,88.155491269,/aiformula_control/game_pad/cmd_vel,0.0,0.0,0.119063600897789,1.9999998807907104,0.0,0.0
1768890755836243597,88.282613502,/aiformula_control/game_pad/cmd_vel,0.0,0.0,0.14103692770004272,1.9999998807907104,0.0,0.0
1768890755852947061,88.299316966,/aiformula_control/game_pad/cmd_vel,0.0,0.0,0.16303205490112305,1.9999998807907104,0.0,0.0
1768890755908310254,88.354680159,/aiformula_control/game_pad/cmd_vel,0.0,0.0,0.19232982397079468,1.9999998807907104,0.0,0.0
1768890755938257673,88.384627578,/aiformula_control/game_pad/cmd_vel,0.0,0.0,0.19232982397079468,1.9999998807907104,0.0,0.0
1768890755999844169,88.446214074,/aiformula_control/game_pad/cmd_vel,0.0,0.0,0.18500538170337677,1.9999998807907104,0.0,0.0
1768890756052542065,88.49891197,/aiformula_control/game_pad/cmd_vel,0.0,0.0,0.17768093943595886,1.9999998807907104,0.0,0.0
1768890756087262346,88.533632251,/aiformula_control/game_pad/cmd_vel,0.0,0.0,0.17768093943595886,1.9999998807907104,0.0,0.0
1768890756121337086,88.567706991,/aiformula_control/game_pad/cmd_vel,0.0,0.0,0.17768093943595886,1.9999998807907104,0.0,0.0
1768890756135732216,88.582102121,/aiformula_control/game_pad/cmd_vel,0.0,0.0,0.18500538170337677,1.9999998807907104,0.0,0.0
1768890756143251815,88.58962172,/aiformula_control/game_pad/cmd_vel,0.0,0.0,0.19965426623821259,1.9999998807907104,0.0,0.0
1768890756146886397,88.593256302,/aiformula_control/game_pad/cmd_vel,0.0,0.0,0.2143031507730484,1.9999998807907104,0.0,0.0
1768890756147427521,88.593797426,/aiformula_control/game_pad/cmd_vel,0.0,0.0,0.23629826307296753,1.9999998807907104,0.0,0.0
1768890756165413681,88.611783586,/aiformula_control/game_pad/cmd_vel,0.0,0.0,0.25827160477638245,1.9999998807907104,0.0,0.0
1768890756187919677,88.634289582,/aiformula_control/game_pad/cmd_vel,0.0,0.0,0.27292048931121826,1.9999998807907104,0.0,0.0
1768890756215827019,88.662196924,/aiformula_control/game_pad/cmd_vel,0.0,0.0,0.2948938012123108,1.9999998807907104,0.0,0.0
1768890756268221586,88.714591491,/aiformula_control/game_pad/cmd_vel,0.0,0.0,0.3095426857471466,1.9999998807907104,0.0,0.0
1768890756312028419,88.758398324,/aiformula_control/game_pad/cmd_vel,0.0,0.0,0.3242133855819702,1.9999998807907104,0.0,0.0
1768890756330999417,88.777369322,/aiformula_control/game_pad/cmd_vel,0.0,0.0,0.3242133855819702,1.9999998807907104,0.0,0.0
1768890756353624454,88.799994359,/aiformula_control/game_pad/cmd_vel,0.0,0.0,0.3242133855819702,1.9999998807907104,0.0,0.0
1768890756406915698,88.853285603,/aiformula_control/game_pad/cmd_vel,0.0,0.0,0.3242133855819702,1.9999998807907104,0.0,0.0
1768890756464451545,88.91082145,/aiformula_control/game_pad/cmd_vel,0.0,0.0,0.3242133855819702,1.9999998807907104,0.0,0.0
1768890756512899847,88.959269752,/aiformula_control/game_pad/cmd_vel,0.0,0.0,0.3242133855819702,1.9999998807907104,0.0,0.0
1768890756556216885,89.00258679,/aiformula_control/game_pad/cmd_vel,0.0,0.0,0.33886227011680603,1.9999998807907104,0.0,0.0
1768890756601733969,89.048103874,/aiformula_control/game_pad/cmd_vel,0.0,0.0,0.35351115465164185,1.9999998807907104,0.0,0.0
1768890756652466541,89.098836446,/aiformula_control/game_pad/cmd_vel,0.0,0.0,0.36083558201789856,1.9999998807907104,0.0,0.0
1768890756697623175,89.14399308,/aiformula_control/game_pad/cmd_vel,0.0,0.0,0.3754844665527344,1.9999998807907104,0.0,0.0
1768890756736178711,89.182548616,/aiformula_control/game_pad/cmd_vel,0.0,0.0,0.3901333510875702,1.9999998807907104,0.0,0.0
1768890756785584203,89.231954108,/aiformula_control/game_pad/cmd_vel,0.0,0.0,0.3974578082561493,1.9999998807907104,0.0,0.0
1768890756812676596,89.259046501,/aiformula_control/game_pad/cmd_vel,0.0,0.0,0.3901333510875702,1.9999998807907104,0.0,0.0
1768890756856685126,89.303055031,/aiformula_control/game_pad/cmd_vel,0.0,0.0,0.3754844665527344,1.9999998807907104,0.0,0.0
1768890756885175512,89.331545417,/aiformula_control/game_pad/cmd_vel,0.0,0.0,0.36083558201789856,1.9999998807907104,0.0,0.0
1768890756923303238,89.369673143,/aiformula_control/game_pad/cmd_vel,0.0,0.0,0.34618669748306274,1.9999998807907104,0.0,0.0
1768890756945765522,89.392135427,/aiformula_control/game_pad/cmd_vel,0.0,0.0,0.33886227011680603,1.9999998807907104,0.0,0.0
1768890756973992770,89.420362675,/aiformula_control/game_pad/cmd_vel,0.0,0.0,0.33886227011680603,1.9999998807907104,0.0,0.0
1768890756996396397,89.442766302,/aiformula_control/game_pad/cmd_vel,0.0,0.0,0.33886227011680603,1.9999998807907104,0.0,0.0
1768890757038538068,89.484907973,/aiformula_control/game_pad/cmd_vel,0.0,0.0,0.33153781294822693,1.9999998807907104,0.0,0.0
1768890757062788075,89.50915798,/aiformula_control/game_pad/cmd_vel,0.0,0.0,0.33153781294822693,1.9999998807907104,0.0,0.0
1768890757104447343,89.550817248,/aiformula_control/game_pad/cmd_vel,0.0,0.0,0.33153781294822693,1.9999998807907104,0.0,0.0
1768890757128600742,89.574970647,/aiformula_control/game_pad/cmd_vel,0.0,0.0,0.3242133855819702,1.9999998807907104,0.0,0.0
1768890757150517806,89.596887711,/aiformula_control/game_pad/cmd_vel,0.0,0.0,0.3095426857471466,1.9999998807907104,0.0,0.0
1768890757180284584,89.626654489,/aiformula_control/game_pad/cmd_vel,0.0,0.0,0.3168671429157257,1.9999998807907104,0.0,0.0
1768890757197231922,89.643601827,/aiformula_control/game_pad/cmd_vel,0.0,0.0,0.33153781294822693,1.9999998807907104,0.0,0.0
1768890757215904870,89.662274775,/aiformula_control/game_pad/cmd_vel,0.0,0.0,0.35351115465164185,1.9999998807907104,0.0,0.0
1768890757247244297,89.693614202,/aiformula_control/game_pad/cmd_vel,0.0,0.0,0.36816003918647766,1.9999998807907104,0.0,0.0
1768890757250340221,89.696710126,/aiformula_control/game_pad/cmd_vel,0.0,0.0,0.36083558201789856,1.9999998807907104,0.0,0.0
1768890757252802700,89.699172605,/aiformula_control/game_pad/cmd_vel,0.0,0.0,0.35351115465164185,1.9999998807907104,0.0,0.0
1768890757268256140,89.714626045,/aiformula_control/game_pad/cmd_vel,0.0,0.0,0.35351115465164185,1.9999998807907104,0.0,0.0
1768890757291755071,89.738124976,/aiformula_control/game_pad/cmd_vel,0.0,0.0,0.35351115465164185,1.9999998807907104,0.0,0.0
1768890757317722945,89.76409285,/aiformula_control/game_pad/cmd_vel,0.0,0.0,0.35351115465164185,1.9999998807907104,0.0,0.0
1768890757320309937,89.766679842,/aiformula_control/game_pad/cmd_vel,0.0,0.0,0.35351115465164185,1.9999998807907104,0.0,0.0
1768890757336183732,89.782553637,/aiformula_control/game_pad/cmd_vel,0.0,0.0,0.35351115465164185,1.9999998807907104,0.0,0.0
1768890757369553252,89.815923157,/aiformula_control/game_pad/cmd_vel,0.0,0.0,0.33153781294822693,1.9999998807907104,0.0,0.0
1768890757384308864,89.830678769,/aiformula_control/game_pad/cmd_vel,0.0,0.0,0.3168671429157257,1.9999998807907104,0.0,0.0
1768890757385447239,89.831817144,/aiformula_control/game_pad/cmd_vel,0.0,0.0,0.3168671429157257,1.9999998807907104,0.0,0.0
1768890757435261310,89.881631215,/aiformula_control/game_pad/cmd_vel,0.0,0.0,0.3168671429157257,1.9999998807907104,0.0,0.0
1768890757472388133,89.918758038,/aiformula_control/game_pad/cmd_vel,0.0,0.0,0.3168671429157257,1.9999998807907104,0.0,0.0
1768890757515937268,89.962307173,/aiformula_control/game_pad/cmd_vel,0.0,0.0,0.3168671429157257,1.9999998807907104,0.0,0.0
1768890757538650178,89.985020083,/aiformula_control/game_pad/cmd_vel,0.0,0.0,0.2948938012123108,1.9999998807907104,0.0,0.0
1768890757569665603,90.016035508,/aiformula_control/game_pad/cmd_vel,0.0,0.0,0.280244916677475,1.9999998807907104,0.0,0.0
1768890757586909743,90.033279648,/aiformula_control/game_pad/cmd_vel,0.0,0.0,0.26559603214263916,1.9999998807907104,0.0,0.0
1768890757606458185,90.05282809,/aiformula_control/game_pad/cmd_vel,0.0,0.0,0.26559603214263916,1.9999998807907104,0.0,0.0
1768890757632240490,90.078610395,/aiformula_control/game_pad/cmd_vel,0.0,0.0,0.25827160477638245,1.9999998807907104,0.0,0.0
1768890757692594050,90.138963955,/aiformula_control/game_pad/cmd_vel,0.0,0.0,0.25827160477638245,1.9999998807907104,0.0,0.0
1768890757779176670,90.225546575,/aiformula_control/game_pad/cmd_vel,0.0,0.0,0.25827160477638245,1.9999998807907104,0.0,0.0
1768890757804091609,90.250461514,/aiformula_control/game_pad/cmd_vel,0.0,0.0,0.27292048931121826,1.9999998807907104,0.0,0.0
1768890757895885973,90.342255878,/aiformula_control/game_pad/cmd_vel,0.0,0.0,0.27292048931121826,1.9999998807907104,0.0,0.0
1768890757917955679,90.364325584,/aiformula_control/game_pad/cmd_vel,0.0,0.0,0.25827160477638245,1.9999998807907104,0.0,0.0
1768890757943717247,90.390087152,/aiformula_control/game_pad/cmd_vel,0.0,0.0,0.23629826307296753,1.9999998807907104,0.0,0.0
1768890757970900137,90.417270042,/aiformula_control/game_pad/cmd_vel,0.0,0.0,0.2216275930404663,1.9999998807907104,0.0,0.0
1768890757985156290,90.431526195,/aiformula_control/game_pad/cmd_vel,0.0,0.0,0.2216275930404663,1.9999998807907104,0.0,0.0
1768890758066460317,90.512830222,/aiformula_control/game_pad/cmd_vel,0.0,0.0,0.2216275930404663,1.9999998807907104,0.0,0.0
1768890758116714326,90.563084231,/aiformula_control/game_pad/cmd_vel,0.0,0.0,0.22895203530788422,1.9999998807907104,0.0,0.0
1768890758123062110,90.569432015,/aiformula_control/game_pad/cmd_vel,0.0,0.0,0.25827160477638245,1.9999998807907104,0.0,0.0
1768890758156038347,90.602408252,/aiformula_control/game_pad/cmd_vel,0.0,0.0,0.27292048931121826,1.9999998807907104,0.0,0.0
1768890758177758419,90.624128324,/aiformula_control/game_pad/cmd_vel,0.0,0.0,0.280244916677475,1.9999998807907104,0.0,0.0
1768890758209469304,90.655839209,/aiformula_control/game_pad/cmd_vel,0.0,0.0,0.26559603214263916,1.9999998807907104,0.0,0.0
1768890758237731432,90.684101337,/aiformula_control/game_pad/cmd_vel,0.0,0.0,0.26559603214263916,1.9999998807907104,0.0,0.0
1768890758263283240,90.709653145,/aiformula_control/game_pad/cmd_vel,0.0,0.0,0.27292048931121826,1.9999998807907104,0.0,0.0
1768890758287475519,90.733845424,/aiformula_control/game_pad/cmd_vel,0.0,0.0,0.26559603214263916,1.9999998807907104,0.0,0.0
1768890758329483396,90.775853301,/aiformula_control/game_pad/cmd_vel,0.0,0.0,0.25094714760780334,1.9999998807907104,0.0,0.0
1768890758355109188,90.801479093,/aiformula_control/game_pad/cmd_vel,0.0,0.0,0.22895203530788422,1.9999998807907104,0.0,0.0
1768890758378280277,90.824650182,/aiformula_control/game_pad/cmd_vel,0.0,0.0,0.2216275930404663,1.9999998807907104,0.0,0.0
1768890758403153648,90.849523553,/aiformula_control/game_pad/cmd_vel,0.0,0.0,0.22895203530788422,1.9999998807907104,0.0,0.0
1768890758453512842,90.899882747,/aiformula_control/game_pad/cmd_vel,0.0,0.0,0.24362270534038544,1.9999998807907104,0.0,0.0
1768890758463723753,90.910093658,/aiformula_control/game_pad/cmd_vel,0.0,0.0,0.25827160477638245,1.9999998807907104,0.0,0.0
1768890758505644879,90.952014784,/aiformula_control/game_pad/cmd_vel,0.0,0.0,0.27292048931121826,1.9999998807907104,0.0,0.0
1768890758512113783,90.958483688,/aiformula_control/game_pad/cmd_vel,0.0,0.0,0.2875693738460541,1.9999998807907104,0.0,0.0
1768890758534776804,90.981146709,/aiformula_control/game_pad/cmd_vel,0.0,0.0,0.2948938012123108,1.9999998807907104,0.0,0.0
1768890758584808924,91.031178829,/aiformula_control/game_pad/cmd_vel,0.0,0.0,0.2875693738460541,1.9999998807907104,0.0,0.0
1768890758632456581,91.078826486,/aiformula_control/game_pad/cmd_vel,0.0,0.0,0.2948938012123108,1.9999998807907104,0.0,0.0
1768890758660397427,91.106767332,/aiformula_control/game_pad/cmd_vel,0.0,0.0,0.2875693738460541,1.9999998807907104,0.0,0.0
1768890758679847341,91.126217246,/aiformula_control/game_pad/cmd_vel,0.0,0.0,0.2948938012123108,1.9999998807907104,0.0,0.0
1768890758708723393,91.155093298,/aiformula_control/game_pad/cmd_vel,0.0,0.0,0.2948938012123108,1.9999998807907104,0.0,0.0
1768890758723736702,91.170106607,/aiformula_control/game_pad/cmd_vel,0.0,0.0,0.2875693738460541,1.9999998807907104,0.0,0.0
1768890758726559408,91.172929313,/aiformula_control/game_pad/cmd_vel,0.0,0.0,0.2948938012123108,1.9999998807907104,0.0,0.0
1768890758729970021,91.176339926,/aiformula_control/game_pad/cmd_vel,0.0,0.0,0.2875693738460541,1.9999998807907104,0.0,0.0
1768890758752545202,91.198915107,/aiformula_control/game_pad/cmd_vel,0.0,0.0,0.2948938012123108,1.9999998807907104,0.0,0.0
1768890758770949125,91.21731903,/aiformula_control/game_pad/cmd_vel,0.0,0.0,0.2875693738460541,1.9999998807907104,0.0,0.0
1768890758804456886,91.250826791,/aiformula_control/game_pad/cmd_vel,0.0,0.0,0.280244916677475,1.9999998807907104,0.0,0.0
1768890758838397513,91.284767418,/aiformula_control/game_pad/cmd_vel,0.0,0.0,0.26559603214263916,1.9999998807907104,0.0,0.0
1768890758873920583,91.320290488,/aiformula_control/game_pad/cmd_vel,0.0,0.0,0.26559603214263916,1.9999998807907104,0.0,0.0
1768890758922066163,91.368436068,/aiformula_control/game_pad/cmd_vel,0.0,0.0,0.280244916677475,1.9999998807907104,0.0,0.0
1768890758930636040,91.377005945,/aiformula_control/game_pad/cmd_vel,0.0,0.0,0.2875693738460541,1.9999998807907104,0.0,0.0
1768890758951521546,91.397891451,/aiformula_control/game_pad/cmd_vel,0.0,0.0,0.3095426857471466,1.9999998807907104,0.0,0.0
1768890758996805957,91.443175862,/aiformula_control/game_pad/cmd_vel,0.0,0.0,0.3095426857471466,1.9999998807907104,0.0,0.0
1768890759014380754,91.460750659,/aiformula_control/game_pad/cmd_vel,0.0,0.0,0.3095426857471466,1.9999998807907104,0.0,0.0
1768890759042976357,91.489346262,/aiformula_control/game_pad/cmd_vel,0.0,0.0,0.3022182583808899,1.9999998807907104,0.0,0.0
1768890759063975912,91.510345817,/aiformula_control/game_pad/cmd_vel,0.0,0.0,0.3095426857471466,1.9999998807907104,0.0,0.0
1768890759132379218,91.578749123,/aiformula_control/game_pad/cmd_vel,0.0,0.0,0.3095426857471466,1.9999998807907104,0.0,0.0
1768890759214168912,91.660538817,/aiformula_control/game_pad/cmd_vel,0.0,0.0,0.3022182583808899,1.9999998807907104,0.0,0.0
1768890759242402816,91.688772721,/aiformula_control/game_pad/cmd_vel,0.0,0.0,0.280244916677475,1.9999998807907104,0.0,0.0
1768890759346954444,91.793324349,/aiformula_control/game_pad/cmd_vel,0.0,0.0,0.280244916677475,1.9999998807907104,0.0,0.0
1768890759388552175,91.83492208,/aiformula_control/game_pad/cmd_vel,0.0,0.0,0.3022182583808899,1.9999998807907104,0.0,0.0
1768890759394390003,91.840759908,/aiformula_control/game_pad/cmd_vel,0.0,0.0,0.33153781294822693,1.9999998807907104,0.0,0.0
1768890759430361716,91.876731621,/aiformula_control/game_pad/cmd_vel,0.0,0.0,0.33153781294822693,1.9999998807907104,0.0,0.0
1768890759460097933,91.906467838,/aiformula_control/game_pad/cmd_vel,0.0,0.0,0.3242133855819702,1.9999998807907104,0.0,0.0
1768890759463923365,91.91029327,/aiformula_control/game_pad/cmd_vel,0.0,0.0,0.3022182583808899,1.9999998807907104,0.0,0.0
1768890759541830059,91.988199964,/aiformula_control/game_pad/cmd_vel,0.0,0.0,0.2875693738460541,1.9999998807907104,0.0,0.0
1768890759597606086,92.043975991,/aiformula_control/game_pad/cmd_vel,0.0,0.0,0.27292048931121826,1.9999998807907104,0.0,0.0
1768890759646886778,92.093256683,/aiformula_control/game_pad/cmd_vel,0.0,0.0,0.26559603214263916,1.9999998807907104,0.0,0.0
1768890759682370519,92.128740424,/aiformula_control/game_pad/cmd_vel,0.0,0.0,0.25094714760780334,1.9999998807907104,0.0,0.0
1768890759703588411,92.149958316,/aiformula_control/game_pad/cmd_vel,0.0,0.0,0.23629826307296753,1.9999998807907104,0.0,0.0
1768890759734915614,92.181285519,/aiformula_control/game_pad/cmd_vel,0.0,0.0,0.2143031507730484,1.9999998807907104,0.0,0.0
1768890759737918257,92.184288162,/aiformula_control/game_pad/cmd_vel,0.0,0.0,0.19965426623821259,1.9999998807907104,0.0,0.0
1768890759738383604,92.184753509,/aiformula_control/game_pad/cmd_vel,0.0,0.0,0.19965426623821259,1.9999998807907104,0.0,0.0
1768890759800870106,92.247240011,/aiformula_control/game_pad/cmd_vel,0.0,0.0,0.18500538170337677,1.9999998807907104,0.0,0.0
1768890759830216561,92.276586466,/aiformula_control/game_pad/cmd_vel,0.0,0.0,0.17035649716854095,1.9999998807907104,0.0,0.0
1768890759897000433,92.343370338,/aiformula_control/game_pad/cmd_vel,0.0,0.0,0.15570761263370514,1.9999998807907104,0.0,0.0
1768890759948964213,92.395334118,/aiformula_control/game_pad/cmd_vel,0.0,0.0,0.14103692770004272,1.9999998807907104,0.0,0.0
1768890759998718507,92.445088412,/aiformula_control/game_pad/cmd_vel,0.0,0.0,0.1117391586303711,1.9999998807907104,0.0,0.0
1768890760020073712,92.466443617,/aiformula_control/game_pad/cmd_vel,0.0,0.0,0.07511694729328156,1.9999998807907104,0.0,0.0
1768890760062610809,92.508980714,/aiformula_control/game_pad/cmd_vel,0.0,0.0,0.07511694729328156,1.9999998807907104,0.0,0.0
1768890760085894411,92.532264316,/aiformula_control/game_pad/cmd_vel,0.0,0.0,0.08976583182811737,1.9999998807907104,0.0,0.0
1768890760146906599,92.593276504,/aiformula_control/game_pad/cmd_vel,0.0,0.0,0.10441471636295319,1.9999998807907104,0.0,0.0
1768890760199732368,92.646102273,/aiformula_control/game_pad/cmd_vel,0.0,0.0,0.119063600897789,1.9999998807907104,0.0,0.0
1768890760218576934,92.664946839,/aiformula_control/game_pad/cmd_vel,0.0,0.0,0.14103692770004272,1.9999998807907104,0.0,0.0
1768890760233606467,92.679976372,/aiformula_control/game_pad/cmd_vel,0.0,0.0,0.18500538170337677,1.9999998807907104,0.0,0.0
1768890760249510183,92.695880088,/aiformula_control/game_pad/cmd_vel,0.0,0.0,0.2069787085056305,1.9999998807907104,0.0,0.0
1768890760250209579,92.696579484,/aiformula_control/game_pad/cmd_vel,0.0,0.0,0.22895203530788422,1.9999998807907104,0.0,0.0
1768890760250790127,92.697160032,/aiformula_control/game_pad/cmd_vel,0.0,0.0,0.24362270534038544,1.9999998807907104,0.0,0.0
1768890760251489331,92.697859236,/aiformula_control/game_pad/cmd_vel,0.0,0.0,0.25827160477638245,1.9999998807907104,0.0,0.0
1768890760251819541,92.698189446,/aiformula_control/game_pad/cmd_vel,0.0,0.0,0.25094714760780334,1.9999998807907104,0.0,0.0
1768890760252137559,92.698507464,/aiformula_control/game_pad/cmd_vel,0.0,0.0,0.25094714760780334,1.9999998807907104,0.0,0.0
1768890760273412924,92.719782829,/aiformula_control/game_pad/cmd_vel,0.0,0.0,0.24362270534038544,1.9999998807907104,0.0,0.0
1768890760350506524,92.796876429,/aiformula_control/game_pad/cmd_vel,0.0,0.0,0.24362270534038544,1.9999998807907104,0.0,0.0
1768890760397108447,92.843478352,/aiformula_control/game_pad/cmd_vel,0.0,0.0,0.25094714760780334,1.9999998807907104,0.0,0.0
1768890760436415700,92.882785605,/aiformula_control/game_pad/cmd_vel,0.0,0.0,0.23629826307296753,1.9999998807907104,0.0,0.0
1768890760488183959,92.934553864,/aiformula_control/game_pad/cmd_vel,0.0,0.0,0.2216275930404663,1.9999998807907104,0.0,0.0
1768890760549268979,92.995638884,/aiformula_control/game_pad/cmd_vel,0.0,0.0,0.2143031507730484,1.9999998807907104,0.0,0.0
1768890760602603264,93.048973169,/aiformula_control/game_pad/cmd_vel,0.0,0.0,0.2069787085056305,1.9999998807907104,0.0,0.0
1768890760626450901,93.072820806,/aiformula_control/game_pad/cmd_vel,0.0,0.0,0.2069787085056305,1.9999998807907104,0.0,0.0
1768890760674312671,93.120682576,/aiformula_control/game_pad/cmd_vel,0.0,0.0,0.2069787085056305,1.9999998807907104,0.0,0.0
1768890760712030634,93.158400539,/aiformula_control/game_pad/cmd_vel,0.0,0.0,0.2069787085056305,1.9999998807907104,0.0,0.0
1768890760741211744,93.187581649,/aiformula_control/game_pad/cmd_vel,0.0,0.0,0.2069787085056305,1.9999998807907104,0.0,0.0
1768890760775556214,93.221926119,/aiformula_control/game_pad/cmd_vel,0.0,0.0,0.2069787085056305,1.9999998807907104,0.0,0.0
1768890760803679174,93.250049079,/aiformula_control/game_pad/cmd_vel,0.0,0.0,0.25827160477638245,1.9999998807907104,0.0,0.0
1768890760820871601,93.267241506,/aiformula_control/game_pad/cmd_vel,0.0,0.0,0.33153781294822693,1.9999998807907104,0.0,0.0
1768890760865499719,93.311869624,/aiformula_control/game_pad/cmd_vel,0.0,0.0,0.35351115465164185,1.9999998807907104,0.0,0.0
1768890760869753345,93.31612325,/aiformula_control/game_pad/cmd_vel,0.0,0.0,0.33886227011680603,1.9999998807907104,0.0,0.0
1768890760870379845,93.31674975,/aiformula_control/game_pad/cmd_vel,0.0,0.0,0.3095426857471466,1.9999998807907104,0.0,0.0
1768890760870916713,93.317286618,/aiformula_control/game_pad/cmd_vel,0.0,0.0,0.2948938012123108,1.9999998807907104,0.0,0.0
1768890760871475372,93.317845277,/aiformula_control/game_pad/cmd_vel,0.0,0.0,0.27292048931121826,1.9999998807907104,0.0,0.0
1768890760872006544,93.318376449,/aiformula_control/game_pad/cmd_vel,0.0,0.0,0.26559603214263916,1.9999998807907104,0.0,0.0
1768890760886172136,93.332542041,/aiformula_control/game_pad/cmd_vel,0.0,0.0,0.26559603214263916,1.9999998807907104,0.0,0.0
1768890760911564742,93.357934647,/aiformula_control/game_pad/cmd_vel,0.0,0.0,0.26559603214263916,1.9999998807907104,0.0,0.0
1768890760940027000,93.386396905,/aiformula_control/game_pad/cmd_vel,0.0,0.0,0.25827160477638245,1.9999998807907104,0.0,0.0
1768890760947887561,93.394257466,/aiformula_control/game_pad/cmd_vel,0.0,0.0,0.24362270534038544,1.9999998807907104,0.0,0.0
1768890760962719685,93.40908959,/aiformula_control/game_pad/cmd_vel,0.0,0.0,0.23629826307296753,1.9999998807907104,0.0,0.0
1768890760996768185,93.44313809,/aiformula_control/game_pad/cmd_vel,0.0,0.0,0.2143031507730484,1.9999998807907104,0.0,0.0
1768890761017933789,93.464303694,/aiformula_control/game_pad/cmd_vel,0.0,0.0,0.2143031507730484,1.9999998807907104,0.0,0.0
1768890761060104164,93.506474069,/aiformula_control/game_pad/cmd_vel,0.0,0.0,0.2069787085056305,1.9999998807907104,0.0,0.0
1768890761080695205,93.52706511,/aiformula_control/game_pad/cmd_vel,0.0,0.0,0.2069787085056305,1.9999998807907104,0.0,0.0
1768890761111242371,93.557612276,/aiformula_control/game_pad/cmd_vel,0.0,0.0,0.2143031507730484,1.9999998807907104,0.0,0.0
1768890761143146218,93.589516123,/aiformula_control/game_pad/cmd_vel,0.0,0.0,0.22895203530788422,1.9999998807907104,0.0,0.0
1768890761181451481,93.627821386,/aiformula_control/game_pad/cmd_vel,0.0,0.0,0.24362270534038544,1.9999998807907104,0.0,0.0
1768890761208119263,93.654489168,/aiformula_control/game_pad/cmd_vel,0.0,0.0,0.23629826307296753,1.9999998807907104,0.0,0.0
1768890761213311519,93.659681424,/aiformula_control/game_pad/cmd_vel,0.0,0.0,0.2216275930404663,1.9999998807907104,0.0,0.0
1768890761214242309,93.660612214,/aiformula_control/game_pad/cmd_vel,0.0,0.0,0.2216275930404663,1.9999998807907104,0.0,0.0
1768890761214699368,93.661069273,/aiformula_control/game_pad/cmd_vel,0.0,0.0,0.2143031507730484,1.9999998807907104,0.0,0.0
1768890761215225899,93.661595804,/aiformula_control/game_pad/cmd_vel,0.0,0.0,0.19965426623821259,1.9999998807907104,0.0,0.0
1768890761215636046,93.662005951,/aiformula_control/game_pad/cmd_vel,0.0,0.0,0.18500538170337677,1.9999998807907104,0.0,0.0
1768890761228233628,93.674603533,/aiformula_control/game_pad/cmd_vel,0.0,0.0,0.17768093943595886,1.9999998807907104,0.0,0.0
1768890761256061898,93.702431803,/aiformula_control/game_pad/cmd_vel,0.0,0.0,0.17768093943595886,1.9999998807907104,0.0,0.0
1768890761259255198,93.705625103,/aiformula_control/game_pad/cmd_vel,0.0,0.0,0.18500538170337677,1.9999998807907104,0.0,0.0
1768890761259627232,93.705997137,/aiformula_control/game_pad/cmd_vel,0.0,0.0,0.19965426623821259,1.9999998807907104,0.0,0.0
1768890761259968802,93.706338707,/aiformula_control/game_pad/cmd_vel,0.0,0.0,0.2069787085056305,1.9999998807907104,0.0,0.0
1768890761266948654,93.713318559,/aiformula_control/game_pad/cmd_vel,0.0,0.0,0.2216275930404663,1.9999998807907104,0.0,0.0
1768890761287713135,93.73408304,/aiformula_control/game_pad/cmd_vel,0.0,0.0,0.25094714760780334,1.9999998807907104,0.0,0.0
1768890761297805390,93.744175295,/aiformula_control/game_pad/cmd_vel,0.0,0.0,0.26559603214263916,1.9999998807907104,0.0,0.0
1768890761323772240,93.770142145,/aiformula_control/game_pad/cmd_vel,0.0,0.0,0.2875693738460541,1.9999998807907104,0.0,0.0
1768890761346743135,93.79311304,/aiformula_control/game_pad/cmd_vel,0.0,0.0,0.3168671429157257,1.9999998807907104,0.0,0.0
1768890761375880245,93.82225015,/aiformula_control/game_pad/cmd_vel,0.0,0.0,0.33886227011680603,1.9999998807907104,0.0,0.0
1768890761405801967,93.852171872,/aiformula_control/game_pad/cmd_vel,0.0,0.0,0.35351115465164185,1.9999998807907104,0.0,0.0
1768890761445958314,93.892328219,/aiformula_control/game_pad/cmd_vel,0.0,0.0,0.33886227011680603,1.9999998807907104,0.0,0.0
1768890761499922554,93.946292459,/aiformula_control/game_pad/cmd_vel,0.0,0.0,0.3242133855819702,1.9999998807907104,0.0,0.0
1768890761560262386,94.006632291,/aiformula_control/game_pad/cmd_vel,0.0,0.0,0.3168671429157257,1.9999998807907104,0.0,0.0
1768890761630070726,94.076440631,/aiformula_control/game_pad/cmd_vel,0.0,0.0,0.2948938012123108,1.9999998807907104,0.0,0.0
1768890761699783032,94.146152937,/aiformula_control/game_pad/cmd_vel,0.0,0.0,0.27292048931121826,1.9999998807907104,0.0,0.0
1768890761755824054,94.202193959,/aiformula_control/game_pad/cmd_vel,0.0,0.0,0.24362270534038544,1.9999998807907104,0.0,0.0
1768890761802084150,94.248454055,/aiformula_control/game_pad/cmd_vel,0.0,0.0,0.25094714760780334,1.9999998807907104,0.0,0.0
1768890761832446579,94.278816484,/aiformula_control/game_pad/cmd_vel,0.0,0.0,0.25827160477638245,1.9999998807907104,0.0,0.0
1768890761854893343,94.301263248,/aiformula_control/game_pad/cmd_vel,0.0,0.0,0.27292048931121826,1.9999998807907104,0.0,0.0
1768890761868812854,94.315182759,/aiformula_control/game_pad/cmd_vel,0.0,0.0,0.27292048931121826,1.9999998807907104,0.0,0.0
1768890761869236761,94.315606666,/aiformula_control/game_pad/cmd_vel,0.0,0.0,0.25827160477638245,1.9999998807907104,0.0,0.0
1768890761869599163,94.315969068,/aiformula_control/game_pad/cmd_vel,0.0,0.0,0.23629826307296753,1.9999998807907104,0.0,0.0
1768890761869986493,94.316356398,/aiformula_control/game_pad/cmd_vel,0.0,0.0,0.22895203530788422,1.9999998807907104,0.0,0.0
1768890761870250623,94.316620528,/aiformula_control/game_pad/cmd_vel,0.0,0.0,0.2069787085056305,1.9999998807907104,0.0,0.0
1768890761870568513,94.316938418,/aiformula_control/game_pad/cmd_vel,0.0,0.0,0.19232982397079468,1.9999998807907104,0.0,0.0
1768890761870807491,94.317177396,/aiformula_control/game_pad/cmd_vel,0.0,0.0,0.18500538170337677,1.9999998807907104,0.0,0.0
1768890761871089060,94.317458965,/aiformula_control/game_pad/cmd_vel,0.0,0.0,0.18500538170337677,1.9999998807907104,0.0,0.0
1768890761884783258,94.331153163,/aiformula_control/game_pad/cmd_vel,0.0,0.0,0.17768093943595886,1.9999998807907104,0.0,0.0
1768890761947357344,94.393727249,/aiformula_control/game_pad/cmd_vel,0.0,0.0,0.19232982397079468,1.9999998807907104,0.0,0.0
1768890761991279826,94.437649731,/aiformula_control/game_pad/cmd_vel,0.0,0.0,0.2143031507730484,1.9999998807907104,0.0,0.0
1768890762023592763,94.469962668,/aiformula_control/game_pad/cmd_vel,0.0,0.0,0.25827160477638245,1.9999998807907104,0.0,0.0
1768890762062176268,94.508546173,/aiformula_control/game_pad/cmd_vel,0.0,0.0,0.25827160477638245,1.9999998807907104,0.0,0.0
1768890762092545993,94.538915898,/aiformula_control/game_pad/cmd_vel,0.0,0.0,0.24362270534038544,1.9999998807907104,0.0,0.0
1768890762159349577,94.605719482,/aiformula_control/game_pad/cmd_vel,0.0,0.0,0.22895203530788422,1.9999998807907104,0.0,0.0
1768890762181558004,94.627927909,/aiformula_control/game_pad/cmd_vel,0.0,0.0,0.2143031507730484,1.9999998807907104,0.0,0.0
1768890762203002906,94.649372811,/aiformula_control/game_pad/cmd_vel,0.0,0.0,0.2143031507730484,1.9999998807907104,0.0,0.0
1768890762209684963,94.656054868,/aiformula_control/game_pad/cmd_vel,0.0,0.0,0.2143031507730484,1.9999998807907104,0.0,0.0
1768890762210118790,94.656488695,/aiformula_control/game_pad/cmd_vel,0.0,0.0,0.2143031507730484,1.9999998807907104,0.0,0.0
1768890762210514600,94.656884505,/aiformula_control/game_pad/cmd_vel,0.0,0.0,0.19965426623821259,1.9999998807907104,0.0,0.0
1768890762211008651,94.657378556,/aiformula_control/game_pad/cmd_vel,0.0,0.0,0.08976583182811737,1.9999998807907104,0.0,0.0
1768890762211377902,94.657747807,/aiformula_control/game_pad/cmd_vel,0.0,0.0,-0.0,1.9999998807907104,0.0,0.0
1768890762475275451,94.921645356,/aiformula_control/game_pad/cmd_vel,0.0,0.0,-0.0,1.9999998807907104,0.0,0.0
1768890762573248542,95.019618447,/aiformula_control/game_pad/cmd_vel,0.0,0.0,-0.0,1.9999998807907104,0.0,0.0
1768890762620943303,95.067313208,/aiformula_control/game_pad/cmd_vel,0.0,0.0,-0.0,1.9999998807907104,0.0,0.0
1768890762777843257,95.224213162,/aiformula_control/game_pad/cmd_vel,0.0,0.0,-0.0,1.9999998807907104,0.0,0.0
1768890762819597278,95.265967183,/aiformula_control/game_pad/cmd_vel,0.0,0.0,-0.0,1.9999998807907104,0.0,0.0
1768890762889557586,95.335927491,/aiformula_control/game_pad/cmd_vel,0.0,0.0,-0.0,1.9999998807907104,0.0,0.0
1768890763001196938,95.447566843,/aiformula_control/game_pad/cmd_vel,0.0,0.0,-0.0,1.9999998807907104,0.0,0.0
1768890763046988839,95.493358744,/aiformula_control/game_pad/cmd_vel,0.0,0.0,-0.0,1.9999998807907104,0.0,0.0
1768890763081624511,95.527994416,/aiformula_control/game_pad/cmd_vel,0.0,0.0,-0.0,1.9999998807907104,0.0,0.0
1768890763139745450,95.586115355,/aiformula_control/game_pad/cmd_vel,0.0,0.0,-0.0,1.9999998807907104,0.0,0.0
1768890763237904846,95.684274751,/aiformula_control/game_pad/cmd_vel,0.0,0.0,-0.0,1.9999998807907104,0.0,0.0
1768890763291359515,95.73772942,/aiformula_control/game_pad/cmd_vel,0.0,0.0,-0.0,1.9999998807907104,0.0,0.0
1768890763341877238,95.788247143,/aiformula_control/game_pad/cmd_vel,0.0,0.0,-0.0,1.9999998807907104,0.0,0.0
1768890763437235656,95.883605561,/aiformula_control/game_pad/cmd_vel,0.0,0.0,-0.0,1.9999998807907104,0.0,0.0
1768890763481970847,95.928340752,/aiformula_control/game_pad/cmd_vel,0.0,0.0,-0.0,1.9999998807907104,0.0,0.0
1768890763545505291,95.991875196,/aiformula_control/game_pad/cmd_vel,0.0,0.0,-0.0,1.9999998807907104,0.0,0.0
1768890763589625758,96.035995663,/aiformula_control/game_pad/cmd_vel,0.0,0.0,-0.0,1.9999998807907104,0.0,0.0
1768890763626706310,96.073076215,/aiformula_control/game_pad/cmd_vel,0.0,0.0,-0.0,1.9999998807907104,0.0,0.0
1768890763711583479,96.157953384,/aiformula_control/game_pad/cmd_vel,0.0,0.0,-0.0,1.9999998807907104,0.0,0.0
1768890763753666141,96.200036046,/aiformula_control/game_pad/cmd_vel,0.0,0.0,-0.0,1.9999998807907104,0.0,0.0
1768890763779786752,96.226156657,/aiformula_control/game_pad/cmd_vel,0.0,0.0,-0.0,1.9999998807907104,0.0,0.0
1768890763832467656,96.278837561,/aiformula_control/game_pad/cmd_vel,0.0,0.0,-0.0,1.9999998807907104,0.0,0.0
1768890763904973132,96.351343037,/aiformula_control/game_pad/cmd_vel,0.0,0.0,-0.0,1.9999998807907104,0.0,0.0
1768890763958347225,96.40471713,/aiformula_control/game_pad/cmd_vel,0.0,0.0,-0.0,1.9999998807907104,0.0,0.0
1768890764023081101,96.469451006,/aiformula_control/game_pad/cmd_vel,0.0,0.0,-0.0,1.9999998807907104,0.0,0.0
1768890764250809433,96.697179338,/aiformula_control/game_pad/cmd_vel,0.0,0.0,-0.0,1.9999998807907104,0.0,0.0
1768890764297159674,96.743529579,/aiformula_control/game_pad/cmd_vel,0.0,0.0,-0.0,1.9999998807907104,0.0,0.0
1768890764377785808,96.824155713,/aiformula_control/game_pad/cmd_vel,0.0,0.0,-0.0,1.9999998807907104,0.0,0.0
1768890764410385947,96.856755852,/aiformula_control/game_pad/cmd_vel,0.0,0.0,-0.0,1.9999998807907104,0.0,0.0
1768890764449529231,96.895899136,/aiformula_control/game_pad/cmd_vel,0.0,0.0,-0.0,1.9999998807907104,0.0,0.0
1768890764499111045,96.94548095,/aiformula_control/game_pad/cmd_vel,0.0,0.0,-0.0,1.9999998807907104,0.0,0.0
1768890764562993971,97.009363876,/aiformula_control/game_pad/cmd_vel,0.0,0.0,-0.0,1.9999998807907104,0.0,0.0
1768890764613649455,97.06001936,/aiformula_control/game_pad/cmd_vel,0.0,0.0,-0.0,1.9999998807907104,0.0,0.0
1768890764687433883,97.133803788,/aiformula_control/game_pad/cmd_vel,0.0,0.0,-0.0,1.9999998807907104,0.0,0.0
1768890764783467761,97.229837666,/aiformula_control/game_pad/cmd_vel,0.0,0.0,-0.0,1.9999998807907104,0.0,0.0
1768890764856028662,97.302398567,/aiformula_control/game_pad/cmd_vel,0.0,0.0,-0.0,1.9999998807907104,0.0,0.0
1768890764968195153,97.414565058,/aiformula_control/game_pad/cmd_vel,0.0,0.0,-0.0,1.9999998807907104,0.0,0.0
1768890764989959993,97.436329898,/aiformula_control/game_pad/cmd_vel,0.0,0.0,-0.0,1.9999998807907104,0.0,0.0
1768890765038569928,97.484939833,/aiformula_control/game_pad/cmd_vel,0.0,0.0,-0.0,1.9999998807907104,0.0,0.0
1768890765084531462,97.530901367,/aiformula_control/game_pad/cmd_vel,0.0,0.0,-0.0,1.9999998807907104,0.0,0.0
1768890765291527313,97.737897218,/aiformula_control/game_pad/cmd_vel,0.0,0.0,-0.0,1.9999998807907104,0.0,0.0
1768890765351866953,97.798236858,/aiformula_control/game_pad/cmd_vel,0.0,0.0,-0.0,1.9999998807907104,0.0,0.0
1768890765397589382,97.843959287,/aiformula_control/game_pad/cmd_vel,0.0,0.0,-0.0,1.9999998807907104,0.0,0.0
1768890765446450039,97.892819944,/aiformula_control/game_pad/cmd_vel,0.0,0.0,-0.0,1.9999998807907104,0.0,0.0
1768890765492065075,97.93843498,/aiformula_control/game_pad/cmd_vel,0.0,0.0,-0.0,1.9999998807907104,0.0,0.0
1768890765561976199,98.008346104,/aiformula_control/game_pad/cmd_vel,0.0,0.0,-0.0,1.9999998807907104,0.0,0.0
1768890765636874234,98.083244139,/aiformula_control/game_pad/cmd_vel,0.0,0.0,-0.0,1.9999998807907104,0.0,0.0
1768890765677012436,98.123382341,/aiformula_control/game_pad/cmd_vel,0.0,0.0,-0.0,1.9999998807907104,0.0,0.0
1768890765747519660,98.193889565,/aiformula_control/game_pad/cmd_vel,0.0,0.0,-0.0,1.9999998807907104,0.0,0.0
1768890765771587234,98.217957139,/aiformula_control/game_pad/cmd_vel,0.0,0.0,-0.0,1.9999998807907104,0.0,0.0
1768890765837511645,98.28388155,/aiformula_control/game_pad/cmd_vel,0.0,0.0,-0.0,1.9999998807907104,0.0,0.0
1768890765899550912,98.345920817,/aiformula_control/game_pad/cmd_vel,0.0,0.0,-0.0,1.9999998807907104,0.0,0.0
1768890765929104792,98.375474697,/aiformula_control/game_pad/cmd_vel,0.0,0.0,-0.0,1.9999998807907104,0.0,0.0
1768890765974517203,98.420887108,/aiformula_control/game_pad/cmd_vel,0.0,0.0,-0.0,1.9999998807907104,0.0,0.0
1768890766038570882,98.484940787,/aiformula_control/game_pad/cmd_vel,0.0,0.0,-0.0,1.9999998807907104,0.0,0.0
1768890766103244790,98.549614695,/aiformula_control/game_pad/cmd_vel,0.0,0.0,-0.0,1.9999998807907104,0.0,0.0
1768890766129551162,98.575921067,/aiformula_control/game_pad/cmd_vel,0.0,0.0,-0.0,1.9999998807907104,0.0,0.0
1768890766172932168,98.619302073,/aiformula_control/game_pad/cmd_vel,0.0,0.0,-0.0,1.9999998807907104,0.0,0.0
1768890766223391939,98.669761844,/aiformula_control/game_pad/cmd_vel,0.0,0.0,-0.0,1.9999998807907104,0.0,0.0
1768890766298941786,98.745311691,/aiformula_control/game_pad/cmd_vel,0.0,0.0,-0.0,1.9999998807907104,0.0,0.0
1768890766331967304,98.778337209,/aiformula_control/game_pad/cmd_vel,0.0,0.0,-0.0,1.9999998807907104,0.0,0.0
1768890766381296411,98.827666316,/aiformula_control/game_pad/cmd_vel,0.0,0.0,-0.0,1.9999998807907104,0.0,0.0
1768890766431243923,98.877613828,/aiformula_control/game_pad/cmd_vel,0.0,0.0,-0.0,1.9999998807907104,0.0,0.0
1768890766476424652,98.922794557,/aiformula_control/game_pad/cmd_vel,0.0,0.0,-0.0,1.9999998807907104,0.0,0.0
1768890766550392217,98.996762122,/aiformula_control/game_pad/cmd_vel,0.0,0.0,-0.0,1.9999998807907104,0.0,0.0
1768890766582260064,99.028629969,/aiformula_control/game_pad/cmd_vel,0.0,0.0,-0.0,1.9999998807907104,0.0,0.0
1768890766627837980,99.074207885,/aiformula_control/game_pad/cmd_vel,0.0,0.0,-0.0,1.9999998807907104,0.0,0.0
1768890766698282643,99.144652548,/aiformula_control/game_pad/cmd_vel,0.0,0.0,-0.0,1.9999998807907104,0.0,0.0
1768890766765216757,99.211586662,/aiformula_control/game_pad/cmd_vel,0.0,0.0,-0.0,1.9999998807907104,0.0,0.0
1768890766793638726,99.240008631,/aiformula_control/game_pad/cmd_vel,0.0,0.0,-0.0,1.9999998807907104,0.0,0.0
1768890766894560667,99.340930572,/aiformula_control/game_pad/cmd_vel,0.0,0.0,-0.0,1.9999998807907104,0.0,0.0
1768890766962381282,99.408751187,/aiformula_control/game_pad/cmd_vel,0.0,0.0,-0.0,1.9999998807907104,0.0,0.0
1768890766981099255,99.42746916,/aiformula_control/game_pad/cmd_vel,0.0,0.0,-0.0,1.9999998807907104,0.0,0.0
1768890767032589080,99.478958985,/aiformula_control/game_pad/cmd_vel,0.0,0.0,-0.0,1.9999998807907104,0.0,0.0
1768890767078285781,99.524655686,/aiformula_control/game_pad/cmd_vel,0.0,0.0,-0.0,1.9999998807907104,0.0,0.0
1768890767148417354,99.594787259,/aiformula_control/game_pad/cmd_vel,0.0,0.0,-0.0,1.9999998807907104,0.0,0.0
1768890767173054179,99.619424084,/aiformula_control/game_pad/cmd_vel,0.0,0.0,-0.0,1.9999998807907104,0.0,0.0
1768890767290058237,99.736428142,/aiformula_control/game_pad/cmd_vel,0.0,0.0,-0.0,1.9999998807907104,0.0,0.0
1768890767465776324,99.912146229,/aiformula_control/game_pad/cmd_vel,0.0,0.0,-0.0,1.9999998807907104,0.0,0.0
1768890767525838363,99.972208268,/aiformula_control/game_pad/cmd_vel,0.0,0.0,-0.0,1.9999998807907104,0.0,0.0
1768890767599723367,100.046093272,/aiformula_control/game_pad/cmd_vel,0.0,0.0,-0.0,1.9999998807907104,0.0,0.0
1768890767668795094,100.115164999,/aiformula_control/game_pad/cmd_vel,0.0,0.0,-0.0,1.9999998807907104,0.0,0.0
1768890767716937314,100.163307219,/aiformula_control/game_pad/cmd_vel,0.0,0.0,-0.0,1.9999998807907104,0.0,0.0
1768890767770751954,100.217121859,/aiformula_control/game_pad/cmd_vel,0.0,0.0,-0.0,1.9999998807907104,0.0,0.0
1768890767804761702,100.251131607,/aiformula_control/game_pad/cmd_vel,0.0,0.0,-0.0,1.9999998807907104,0.0,0.0
1768890767860753667,100.307123572,/aiformula_control/game_pad/cmd_vel,0.0,0.0,-0.0,1.9999998807907104,0.0,0.0
1768890767911018012,100.357387917,/aiformula_control/game_pad/cmd_vel,0.0,0.0,-0.0,1.9999998807907104,0.0,0.0
1768890767997713977,100.444083882,/aiformula_control/game_pad/cmd_vel,0.0,0.0,-0.0,1.9999998807907104,0.0,0.0
1768890768047461967,100.493831872,/aiformula_control/game_pad/cmd_vel,0.0,0.0,-0.0,1.9999998807907104,0.0,0.0
1768890768122378850,100.568748755,/aiformula_control/game_pad/cmd_vel,0.0,0.0,-0.0,1.9999998807907104,0.0,0.0
1768890768309314223,100.755684128,/aiformula_control/game_pad/cmd_vel,0.0,0.0,-0.0,1.9999998807907104,0.0,0.0
1768890768349579243,100.795949148,/aiformula_control/game_pad/cmd_vel,0.0,0.0,-0.0,1.9999998807907104,0.0,0.0
1768890768401130348,100.847500253,/aiformula_control/game_pad/cmd_vel,0.0,0.0,-0.0,1.9999998807907104,0.0,0.0
1768890768466523044,100.912892949,/aiformula_control/game_pad/cmd_vel,0.0,0.0,-0.0,1.9999998807907104,0.0,0.0
1768890768518236230,100.964606135,/aiformula_control/game_pad/cmd_vel,0.0,0.0,-0.0,1.9999998807907104,0.0,0.0
1768890768689794932,101.136164837,/aiformula_control/game_pad/cmd_vel,0.0,0.0,-0.0,1.9999998807907104,0.0,0.0
1768890768730233040,101.176602945,/aiformula_control/game_pad/cmd_vel,0.0,0.0,-0.0,1.9999998807907104,0.0,0.0
1768890768819071610,101.265441515,/aiformula_control/game_pad/cmd_vel,0.0,0.0,-0.0,1.9999998807907104,0.0,0.0
1768890768866795491,101.313165396,/aiformula_control/game_pad/cmd_vel,0.0,0.0,-0.0,1.9999998807907104,0.0,0.0
1768890768911858012,101.358227917,/aiformula_control/game_pad/cmd_vel,0.0,0.0,-0.0,1.9999998807907104,0.0,0.0
1768890769001678764,101.448048669,/aiformula_control/game_pad/cmd_vel,0.0,0.0,-0.0,1.9999998807907104,0.0,0.0
1768890769047192552,101.493562457,/aiformula_control/game_pad/cmd_vel,0.0,0.0,-0.0,1.9999998807907104,0.0,0.0
1768890769072516358,101.518886263,/aiformula_control/game_pad/cmd_vel,0.0,0.0,-0.0,1.9999998807907104,0.0,0.0
1768890769126360117,101.572730022,/aiformula_control/game_pad/cmd_vel,0.0,0.0,-0.0,1.9999998807907104,0.0,0.0
1768890769450213113,101.896583018,/aiformula_control/game_pad/cmd_vel,0.0,0.0,-0.0,1.9999998807907104,0.0,0.0
1768890769554844677,102.001214582,/aiformula_control/game_pad/cmd_vel,0.0,0.0,-0.0,1.9999998807907104,0.0,0.0
1768890769743307068,102.189676973,/aiformula_control/game_pad/cmd_vel,0.0,0.0,-0.0,1.9999998807907104,0.0,0.0
1768890769794873341,102.241243246,/aiformula_control/game_pad/cmd_vel,0.0,0.0,-0.0,1.9999998807907104,0.0,0.0
1768890769863495273,102.309865178,/aiformula_control/game_pad/cmd_vel,0.0,0.0,-0.0,1.9999998807907104,0.0,0.0
1768890769925918446,102.372288351,/aiformula_control/game_pad/cmd_vel,0.0,0.0,-0.0,1.9999998807907104,0.0,0.0
1768890769945454664,102.391824569,/aiformula_control/game_pad/cmd_vel,0.0,0.0,-0.0,1.9999998807907104,0.0,0.0
1768890769999335224,102.445705129,/aiformula_control/game_pad/cmd_vel,0.0,0.0,-0.0,1.9999998807907104,0.0,0.0
1768890770064222253,102.510592158,/aiformula_control/game_pad/cmd_vel,0.0,0.0,-0.0,1.9999998807907104,0.0,0.0
1768890770113320959,102.559690864,/aiformula_control/game_pad/cmd_vel,0.0,0.0,-0.0,1.9999998807907104,0.0,0.0
1768890770150378278,102.596748183,/aiformula_control/game_pad/cmd_vel,0.0,0.0,-0.0,1.9999998807907104,0.0,0.0
1768890770200394078,102.646763983,/aiformula_control/game_pad/cmd_vel,0.0,0.0,-0.0,1.9999998807907104,0.0,0.0
1768890770245735832,102.692105737,/aiformula_control/game_pad/cmd_vel,0.0,0.0,-0.0,1.9999998807907104,0.0,0.0
1768890770304379334,102.750749239,/aiformula_control/game_pad/cmd_vel,0.0,0.0,-0.0,1.9999998807907104,0.0,0.0
1768890770349147293,102.795517198,/aiformula_control/game_pad/cmd_vel,0.0,0.0,-0.0,1.9999998807907104,0.0,0.0
1768890770398042926,102.844412831,/aiformula_control/game_pad/cmd_vel,0.0,0.0,-0.0,1.9999998807907104,0.0,0.0
1768890770447281473,102.893651378,/aiformula_control/game_pad/cmd_vel,0.0,0.0,-0.0,1.9999998807907104,0.0,0.0
1768890770504745607,102.951115512,/aiformula_control/game_pad/cmd_vel,0.0,0.0,-0.0,1.9999998807907104,0.0,0.0
1768890770556652011,103.003021916,/aiformula_control/game_pad/cmd_vel,0.0,0.0,-0.0,1.9999998807907104,0.0,0.0
1768890770621042172,103.067412077,/aiformula_control/game_pad/cmd_vel,0.0,0.0,-0.0,1.9999998807907104,0.0,0.0
1768890770669680587,103.116050492,/aiformula_control/game_pad/cmd_vel,0.0,0.0,-0.0,1.9999998807907104,0.0,0.0
1768890770712757304,103.159127209,/aiformula_control/game_pad/cmd_vel,0.0,0.0,-0.0,1.9999998807907104,0.0,0.0
1768890770759748125,103.20611803,/aiformula_control/game_pad/cmd_vel,0.0,0.0,-0.0,1.9999998807907104,0.0,0.0
1768890770810876828,103.257246733,/aiformula_control/game_pad/cmd_vel,0.0,0.0,-0.0,1.9999998807907104,0.0,0.0
1768890770997961866,103.444331771,/aiformula_control/game_pad/cmd_vel,0.0,0.0,-0.0,1.9999998807907104,0.0,0.0
1768890771069073253,103.515443158,/aiformula_control/game_pad/cmd_vel,0.0,0.0,-0.0,1.9999998807907104,0.0,0.0
1768890771094058433,103.540428338,/aiformula_control/game_pad/cmd_vel,0.0,0.0,-0.0,1.9999998807907104,0.0,0.0
1768890771139149498,103.585519403,/aiformula_control/game_pad/cmd_vel,0.0,0.0,-0.0,1.9999998807907104,0.0,0.0
1768890771179661367,103.626031272,/aiformula_control/game_pad/cmd_vel,0.0,0.0,-0.0,1.9999998807907104,0.0,0.0
1768890771271497044,103.717866949,/aiformula_control/game_pad/cmd_vel,0.0,0.0,-0.0,1.9999998807907104,0.0,0.0
1768890771291284847,103.737654752,/aiformula_control/game_pad/cmd_vel,0.0,0.0,-0.0,1.9999998807907104,0.0,0.0
1768890771336680234,103.783050139,/aiformula_control/game_pad/cmd_vel,0.0,0.0,-0.0,1.9999998807907104,0.0,0.0
1768890771392428133,103.838798038,/aiformula_control/game_pad/cmd_vel,0.0,0.0,-0.0,1.9999998807907104,0.0,0.0
1768890771442482846,103.888852751,/aiformula_control/game_pad/cmd_vel,0.0,0.0,-0.0,1.9999998807907104,0.0,0.0
1768890771479878215,103.92624812,/aiformula_control/game_pad/cmd_vel,0.0,0.0,-0.0,1.9999998807907104,0.0,0.0
1768890771612433761,104.058803666,/aiformula_control/game_pad/cmd_vel,0.0,0.0,-0.0,1.9999998807907104,0.0,0.0
1768890771679830117,104.126200022,/aiformula_control/game_pad/cmd_vel,0.0,0.0,-0.0,1.9999998807907104,0.0,0.0
1768890771728531221,104.174901126,/aiformula_control/game_pad/cmd_vel,0.0,0.0,-0.0,1.9999998807907104,0.0,0.0
1768890771872212149,104.318582054,/aiformula_control/game_pad/cmd_vel,0.0,0.0,-0.0,1.9999998807907104,0.0,0.0
1768890772091812110,104.538182015,/aiformula_control/game_pad/cmd_vel,0.0,0.0,-0.0,1.9999998807907104,0.0,0.0
1768890772179262991,104.625632896,/aiformula_control/game_pad/cmd_vel,0.0,0.0,-0.0,1.9999998807907104,0.0,0.0
1768890772230361614,104.676731519,/aiformula_control/game_pad/cmd_vel,0.0,0.0,-0.0,1.9999998807907104,0.0,0.0
1768890772268596540,104.714966445,/aiformula_control/game_pad/cmd_vel,0.0,0.0,-0.0,1.9999998807907104,0.0,0.0
1768890772372656069,104.819025974,/aiformula_control/game_pad/cmd_vel,0.0,0.0,-0.0,1.9999998807907104,0.0,0.0
1768890772412419997,104.858789902,/aiformula_control/game_pad/cmd_vel,0.0,0.0,-0.0,1.9999998807907104,0.0,0.0
1768890772570795640,105.017165545,/aiformula_control/game_pad/cmd_vel,0.0,0.0,-0.0,1.9999998807907104,0.0,0.0
1768890772617025336,105.063395241,/aiformula_control/game_pad/cmd_vel,0.0,0.0,-0.0,1.9999998807907104,0.0,0.0
1768890772686399785,105.13276969,/aiformula_control/game_pad/cmd_vel,0.0,0.0,-0.0,1.9999998807907104,0.0,0.0
1768890772731489698,105.177859603,/aiformula_control/game_pad/cmd_vel,0.0,0.0,-0.0,1.9999998807907104,0.0,0.0
1768890772772720547,105.219090452,/aiformula_control/game_pad/cmd_vel,0.0,0.0,-0.0,1.9999998807907104,0.0,0.0
1768890772825575117,105.271945022,/aiformula_control/game_pad/cmd_vel,0.0,0.0,-0.0,1.9999998807907104,0.0,0.0
1768890772891509224,105.337879129,/aiformula_control/game_pad/cmd_vel,0.0,0.0,-0.0,1.9999998807907104,0.0,0.0
1768890772915977824,105.362347729,/aiformula_control/game_pad/cmd_vel,0.0,0.0,-0.0,1.9999998807907104,0.0,0.0
1768890772985600306,105.431970211,/aiformula_control/game_pad/cmd_vel,0.0,0.0,-0.0,1.9999998807907104,0.0,0.0
1768890773013462560,105.459832465,/aiformula_control/game_pad/cmd_vel,0.0,0.0,-0.0,1.9999998807907104,0.0,0.0
1768890773069963072,105.516332977,/aiformula_control/game_pad/cmd_vel,0.0,0.0,-0.0,1.9999998807907104,0.0,0.0
1768890773119436789,105.565806694,/aiformula_control/game_pad/cmd_vel,0.0,0.0,-0.0,1.9999998807907104,0.0,0.0
1768890773178089634,105.624459539,/aiformula_control/game_pad/cmd_vel,0.0,0.0,-0.0,1.9999998807907104,0.0,0.0
1768890773246685550,105.693055455,/aiformula_control/game_pad/cmd_vel,0.0,0.0,-0.0,1.9999998807907104,0.0,0.0
1768890773311953957,105.758323862,/aiformula_control/game_pad/cmd_vel,0.0,0.0,-0.0,1.9999998807907104,0.0,0.0
1768890773363034052,105.809403957,/aiformula_control/game_pad/cmd_vel,0.0,0.0,-0.0,1.9999998807907104,0.0,0.0
1768890773416321296,105.862691201,/aiformula_control/game_pad/cmd_vel,0.0,0.0,-0.0,1.9999998807907104,0.0,0.0
1768890773450684294,105.897054199,/aiformula_control/game_pad/cmd_vel,0.0,0.0,-0.0,1.9999998807907104,0.0,0.0
1768890773521776225,105.96814613,/aiformula_control/game_pad/cmd_vel,0.0,0.0,-0.0,1.9999998807907104,0.0,0.0
1768890773572652894,106.019022799,/aiformula_control/game_pad/cmd_vel,0.0,0.0,-0.0,1.9999998807907104,0.0,0.0
1768890773638604058,106.084973963,/aiformula_control/game_pad/cmd_vel,0.0,0.0,-0.0,1.9999998807907104,0.0,0.0
1768890773688424272,106.134794177,/aiformula_control/game_pad/cmd_vel,0.0,0.0,-0.0,1.9999998807907104,0.0,0.0
1768890773787390489,106.233760394,/aiformula_control/game_pad/cmd_vel,0.0,0.0,0.0238240547478199,1.9999998807907104,0.0,0.0
1768890773834164509,106.280534414,/aiformula_control/game_pad/cmd_vel,0.0,0.0,0.038472939282655716,1.9999998807907104,0.0,0.0
1768890773856240903,106.302610808,/aiformula_control/game_pad/cmd_vel,0.0,0.0,0.05312182381749153,1.9999998807907104,0.0,0.0
1768890773884679768,106.331049673,/aiformula_control/game_pad/cmd_vel,0.0,0.0,0.06046806275844574,1.9999998807907104,0.0,0.0
1768890773889062547,106.335432452,/aiformula_control/game_pad/cmd_vel,0.0,0.0,0.05312182381749153,1.9999998807907104,0.0,0.0
1768890773891042495,106.3374124,/aiformula_control/game_pad/cmd_vel,0.0,0.0,0.06046806275844574,1.9999998807907104,0.0,0.0
1768890773894849335,106.34121924,/aiformula_control/game_pad/cmd_vel,0.0,0.0,0.06046806275844574,1.9999998807907104,0.0,0.0
1768890773920313814,106.366683719,/aiformula_control/game_pad/cmd_vel,0.0,0.0,0.06046806275844574,1.9999998807907104,0.0,0.0
1768890773934104428,106.380474333,/aiformula_control/game_pad/cmd_vel,0.0,0.0,0.06779250502586365,1.9999998807907104,0.0,0.0
1768890773935460052,106.381829957,/aiformula_control/game_pad/cmd_vel,0.0,0.0,0.08244138956069946,1.9999998807907104,0.0,0.0
1768890773945514771,106.391884676,/aiformula_control/game_pad/cmd_vel,0.0,0.0,0.09709027409553528,1.9999998807907104,0.0,0.0
1768890774029547711,106.475917616,/aiformula_control/game_pad/cmd_vel,0.0,0.0,0.09709027409553528,1.9999998807907104,0.0,0.0
1768890774064369848,106.510739753,/aiformula_control/game_pad/cmd_vel,0.0,0.0,0.119063600897789,1.9999998807907104,0.0,0.0
1768890774111615071,106.557984976,/aiformula_control/game_pad/cmd_vel,0.0,0.0,0.16303205490112305,1.9999998807907104,0.0,0.0
1768890774161062515,106.60743242,/aiformula_control/game_pad/cmd_vel,0.0,0.0,0.2069787085056305,1.9999998807907104,0.0,0.0
1768890774198574621,106.644944526,/aiformula_control/game_pad/cmd_vel,0.0,0.0,0.24362270534038544,1.9999998807907104,0.0,0.0
1768890774251815209,106.698185114,/aiformula_control/game_pad/cmd_vel,0.0,0.0,0.2948938012123108,1.9999998807907104,0.0,0.0
1768890774301517759,106.747887664,/aiformula_control/game_pad/cmd_vel,0.0,0.0,0.3242133855819702,1.9999998807907104,0.0,0.0
1768890774324964849,106.771334754,/aiformula_control/game_pad/cmd_vel,0.0,0.0,0.3095426857471466,1.9999998807907104,0.0,0.0
1768890774369986602,106.816356507,/aiformula_control/game_pad/cmd_vel,0.0,0.0,0.2948938012123108,1.9999998807907104,0.0,0.0
1768890774428644183,106.875014088,/aiformula_control/game_pad/cmd_vel,0.0,0.0,0.280244916677475,1.9999998807907104,0.0,0.0
1768890774492444965,106.93881487,/aiformula_control/game_pad/cmd_vel,0.0,0.0,0.26559603214263916,1.9999998807907104,0.0,0.0
1768890774523722696,106.970092601,/aiformula_control/game_pad/cmd_vel,0.0,0.0,0.26559603214263916,1.9999998807907104,0.0,0.0
1768890774554557640,107.000927545,/aiformula_control/game_pad/cmd_vel,0.0,0.0,0.280244916677475,1.9999998807907104,0.0,0.0
1768890774556002577,107.002372482,/aiformula_control/game_pad/cmd_vel,0.0,0.0,0.3022182583808899,1.9999998807907104,0.0,0.0
1768890774556770134,107.003140039,/aiformula_control/game_pad/cmd_vel,0.0,0.0,0.3242133855819702,1.9999998807907104,0.0,0.0
1768890774557437786,107.003807691,/aiformula_control/game_pad/cmd_vel,0.0,0.0,0.33153781294822693,1.9999998807907104,0.0,0.0
1768890774558222431,107.004592336,/aiformula_control/game_pad/cmd_vel,0.0,0.0,0.34618669748306274,1.9999998807907104,0.0,0.0
1768890774569646310,107.016016215,/aiformula_control/game_pad/cmd_vel,0.0,0.0,0.34618669748306274,1.9999998807907104,0.0,0.0
1768890774618609368,107.064979273,/aiformula_control/game_pad/cmd_vel,0.0,0.0,0.34618669748306274,1.9999998807907104,0.0,0.0
1768890774660188347,107.106558252,/aiformula_control/game_pad/cmd_vel,0.0,0.0,0.33886227011680603,1.9999998807907104,0.0,0.0
1768890774719095882,107.165465787,/aiformula_control/game_pad/cmd_vel,0.0,0.0,0.33886227011680603,1.9999998807907104,0.0,0.0
1768890774793029079,107.239398984,/aiformula_control/game_pad/cmd_vel,0.0,0.0,0.34618669748306274,1.9999998807907104,0.0,0.0
1768890774859778967,107.306148872,/aiformula_control/game_pad/cmd_vel,0.0,0.0,0.34618669748306274,1.9999998807907104,0.0,0.0
1768890774909080715,107.35545062,/aiformula_control/game_pad/cmd_vel,0.0,0.0,0.34618669748306274,1.9999998807907104,0.0,0.0
1768890774942273722,107.388643627,/aiformula_control/game_pad/cmd_vel,0.0,0.0,0.33886227011680603,1.9999998807907104,0.0,0.0
1768890774986421293,107.432791198,/aiformula_control/game_pad/cmd_vel,0.0,0.0,0.3242133855819702,1.9999998807907104,0.0,0.0
1768890775052053158,107.498423063,/aiformula_control/game_pad/cmd_vel,0.0,0.0,0.3168671429157257,1.9999998807907104,0.0,0.0
1768890775106289048,107.552658953,/aiformula_control/game_pad/cmd_vel,0.0,0.0,0.3168671429157257,1.9999998807907104,0.0,0.0
1768890775130082541,107.576452446,/aiformula_control/game_pad/cmd_vel,0.0,0.0,0.3168671429157257,1.9999998807907104,0.0,0.0
1768890775170717418,107.617087323,/aiformula_control/game_pad/cmd_vel,0.0,0.0,0.3168671429157257,1.9999998807907104,0.0,0.0
1768890775195730470,107.642100375,/aiformula_control/game_pad/cmd_vel,0.0,0.0,0.3168671429157257,1.9999998807907104,0.0,0.0
1768890775221534279,107.667904184,/aiformula_control/game_pad/cmd_vel,0.0,0.0,0.3168671429157257,1.9999998807907104,0.0,0.0
1768890775240697982,107.687067887,/aiformula_control/game_pad/cmd_vel,0.0,0.0,0.3242133855819702,1.9999998807907104,0.0,0.0
1768890775266896514,107.713266419,/aiformula_control/game_pad/cmd_vel,0.0,0.0,0.33153781294822693,1.9999998807907104,0.0,0.0
1768890775298166884,107.744536789,/aiformula_control/game_pad/cmd_vel,0.0,0.0,0.34618669748306274,1.9999998807907104,0.0,0.0
1768890775318148161,107.764518066,/aiformula_control/game_pad/cmd_vel,0.0,0.0,0.35351115465164185,1.9999998807907104,0.0,0.0
1768890775336651860,107.783021765,/aiformula_control/game_pad/cmd_vel,0.0,0.0,0.36083558201789856,1.9999998807907104,0.0,0.0
1768890775347960635,107.79433054,/aiformula_control/game_pad/cmd_vel,0.0,0.0,0.36083558201789856,1.9999998807907104,0.0,0.0
1768890775360175111,107.806545016,/aiformula_control/game_pad/cmd_vel,0.0,0.0,0.3754844665527344,1.9999998807907104,0.0,0.0
1768890775360767659,107.807137564,/aiformula_control/game_pad/cmd_vel,0.0,0.0,0.3828089237213135,1.9999998807907104,0.0,0.0
1768890775361239246,107.807609151,/aiformula_control/game_pad/cmd_vel,0.0,0.0,0.3828089237213135,1.9999998807907104,0.0,0.0
1768890775361663152,107.808033057,/aiformula_control/game_pad/cmd_vel,0.0,0.0,0.3828089237213135,1.9999998807907104,0.0,0.0
1768890775362109587,107.808479492,/aiformula_control/game_pad/cmd_vel,0.0,0.0,0.3828089237213135,1.9999998807907104,0.0,0.0
1768890775362545942,107.808915847,/aiformula_control/game_pad/cmd_vel,0.0,0.0,0.3828089237213135,1.9999998807907104,0.0,0.0
1768890775363087225,107.80945713,/aiformula_control/game_pad/cmd_vel,0.0,0.0,0.3828089237213135,1.9999998807907104,0.0,0.0
1768890775376621582,107.822991487,/aiformula_control/game_pad/cmd_vel,0.0,0.0,0.3828089237213135,1.9999998807907104,0.0,0.0
1768890775449053041,107.895422946,/aiformula_control/game_pad/cmd_vel,0.0,0.0,0.3828089237213135,1.9999998807907104,0.0,0.0
1768890775552519670,107.998889575,/aiformula_control/game_pad/cmd_vel,0.0,0.0,0.3754844665527344,1.9999998807907104,0.0,0.0
1768890775643803727,108.090173632,/aiformula_control/game_pad/cmd_vel,0.0,0.0,0.3828089237213135,1.9999998807907104,0.0,0.0
1768890775669986771,108.116356676,/aiformula_control/game_pad/cmd_vel,0.0,0.0,0.3828089237213135,1.9999998807907104,0.0,0.0
1768890775713610243,108.159980148,/aiformula_control/game_pad/cmd_vel,0.0,0.0,0.3754844665527344,1.9999998807907104,0.0,0.0
1768890775742554263,108.188924168,/aiformula_control/game_pad/cmd_vel,0.0,0.0,0.3754844665527344,1.9999998807907104,0.0,0.0
1768890775781131880,108.227501785,/aiformula_control/game_pad/cmd_vel,0.0,0.0,0.3828089237213135,1.9999998807907104,0.0,0.0
1768890775831013439,108.277383344,/aiformula_control/game_pad/cmd_vel,0.0,0.0,0.3828089237213135,1.9999998807907104,0.0,0.0
1768890775855946330,108.302316235,/aiformula_control/game_pad/cmd_vel,0.0,0.0,0.3828089237213135,1.9999998807907104,0.0,0.0
1768890775913646082,108.360015987,/aiformula_control/game_pad/cmd_vel,0.0,0.0,0.3754844665527344,1.9999998807907104,0.0,0.0
1768890775960355941,108.406725846,/aiformula_control/game_pad/cmd_vel,0.0,0.0,0.3754844665527344,1.9999998807907104,0.0,0.0
1768890775984203962,108.430573867,/aiformula_control/game_pad/cmd_vel,0.0,0.0,0.36816003918647766,1.9999998807907104,0.0,0.0
1768890776005671968,108.452041873,/aiformula_control/game_pad/cmd_vel,0.0,0.0,0.33886227011680603,1.9999998807907104,0.0,0.0
1768890776014897657,108.461267562,/aiformula_control/game_pad/cmd_vel,0.0,0.0,0.36083558201789856,1.9999998807907104,0.0,0.0
1768890776015998976,108.462368881,/aiformula_control/game_pad/cmd_vel,0.0,0.0,0.36083558201789856,1.9999998807907104,0.0,0.0
1768890776016571620,108.462941525,/aiformula_control/game_pad/cmd_vel,0.0,0.0,0.35351115465164185,1.9999998807907104,0.0,0.0
1768890776017089223,108.463459128,/aiformula_control/game_pad/cmd_vel,0.0,0.0,0.35351115465164185,1.9999998807907104,0.0,0.0
1768890776027034373,108.473404278,/aiformula_control/game_pad/cmd_vel,0.0,0.0,0.35351115465164185,1.9999998807907104,0.0,0.0
1768890776027957003,108.474326908,/aiformula_control/game_pad/cmd_vel,0.0,0.0,0.35351115465164185,1.9999998807907104,0.0,0.0
1768890776028336365,108.47470627,/aiformula_control/game_pad/cmd_vel,0.0,0.0,0.36816003918647766,1.9999998807907104,0.0,0.0
1768890776084277514,108.530647419,/aiformula_control/game_pad/cmd_vel,0.0,0.0,0.36083558201789856,1.9999998807907104,0.0,0.0
1768890776125526635,108.57189654,/aiformula_control/game_pad/cmd_vel,0.0,0.0,0.36083558201789856,1.9999998807907104,0.0,0.0
1768890776155810216,108.602180121,/aiformula_control/game_pad/cmd_vel,0.0,0.0,0.35351115465164185,1.9999998807907104,0.0,0.0
1768890776174519932,108.620889837,/aiformula_control/game_pad/cmd_vel,0.0,0.0,0.33886227011680603,1.9999998807907104,0.0,0.0
1768890776224331091,108.670700996,/aiformula_control/game_pad/cmd_vel,0.0,0.0,0.3242133855819702,1.9999998807907104,0.0,0.0
1768890776290621040,108.736990945,/aiformula_control/game_pad/cmd_vel,0.0,0.0,0.3242133855819702,1.9999998807907104,0.0,0.0
1768890776360836326,108.807206231,/aiformula_control/game_pad/cmd_vel,0.0,0.0,0.3242133855819702,1.9999998807907104,0.0,0.0
1768890776415178329,108.861548234,/aiformula_control/game_pad/cmd_vel,0.0,0.0,0.3095426857471466,1.9999998807907104,0.0,0.0
1768890776466441048,108.912810953,/aiformula_control/game_pad/cmd_vel,0.0,0.0,0.2948938012123108,1.9999998807907104,0.0,0.0
1768890776515629643,108.961999548,/aiformula_control/game_pad/cmd_vel,0.0,0.0,0.27292048931121826,1.9999998807907104,0.0,0.0
1768890776553226613,108.999596518,/aiformula_control/game_pad/cmd_vel,0.0,0.0,0.26559603214263916,1.9999998807907104,0.0,0.0
1768890776596510371,109.042880276,/aiformula_control/game_pad/cmd_vel,0.0,0.0,0.26559603214263916,1.9999998807907104,0.0,0.0
1768890776629436145,109.07580605,/aiformula_control/game_pad/cmd_vel,0.0,0.0,0.27292048931121826,1.9999998807907104,0.0,0.0
1768890776644597071,109.090966976,/aiformula_control/game_pad/cmd_vel,0.0,0.0,0.27292048931121826,1.9999998807907104,0.0,0.0
1768890776687357562,109.133727467,/aiformula_control/game_pad/cmd_vel,0.0,0.0,0.3022182583808899,1.9999998807907104,0.0,0.0
1768890776708452477,109.154822382,/aiformula_control/game_pad/cmd_vel,0.0,0.0,0.3095426857471466,1.9999998807907104,0.0,0.0
1768890776766303142,109.212673047,/aiformula_control/game_pad/cmd_vel,0.0,0.0,0.3095426857471466,1.9999998807907104,0.0,0.0
1768890776814582803,109.260952708,/aiformula_control/game_pad/cmd_vel,0.0,0.0,0.2948938012123108,1.9999998807907104,0.0,0.0
1768890776828515626,109.274885531,/aiformula_control/game_pad/cmd_vel,0.0,0.0,0.26559603214263916,1.9999998807907104,0.0,0.0
1768890776835179155,109.28154906,/aiformula_control/game_pad/cmd_vel,0.0,0.0,0.26559603214263916,1.9999998807907104,0.0,0.0
1768890776850344594,109.296714499,/aiformula_control/game_pad/cmd_vel,0.0,0.0,0.26559603214263916,1.9999998807907104,0.0,0.0
1768890776983192366,109.429562271,/aiformula_control/game_pad/cmd_vel,0.0,0.0,0.280244916677475,1.9999998807907104,0.0,0.0
1768890777041942076,109.488311981,/aiformula_control/game_pad/cmd_vel,0.0,0.0,0.2875693738460541,1.9999998807907104,0.0,0.0
1768890777082578298,109.528948203,/aiformula_control/game_pad/cmd_vel,0.0,0.0,0.2948938012123108,1.9999998807907104,0.0,0.0
1768890777129894593,109.576264498,/aiformula_control/game_pad/cmd_vel,0.0,0.0,0.2875693738460541,1.9999998807907104,0.0,0.0
1768890777191535009,109.637904914,/aiformula_control/game_pad/cmd_vel,0.0,0.0,0.2875693738460541,1.9999998807907104,0.0,0.0
1768890777236697531,109.683067436,/aiformula_control/game_pad/cmd_vel,0.0,0.0,0.27292048931121826,1.9999998807907104,0.0,0.0
1768890777261239124,109.707609029,/aiformula_control/game_pad/cmd_vel,0.0,0.0,0.26559603214263916,1.9999998807907104,0.0,0.0
1768890777312782357,109.759152262,/aiformula_control/game_pad/cmd_vel,0.0,0.0,0.26559603214263916,1.9999998807907104,0.0,0.0
1768890777333095956,109.779465861,/aiformula_control/game_pad/cmd_vel,0.0,0.0,0.26559603214263916,1.9999998807907104,0.0,0.0
1768890777366911623,109.813281528,/aiformula_control/game_pad/cmd_vel,0.0,0.0,0.27292048931121826,1.9999998807907104,0.0,0.0
1768890777385857213,109.832227118,/aiformula_control/game_pad/cmd_vel,0.0,0.0,0.27292048931121826,1.9999998807907104,0.0,0.0
1768890777413290312,109.859660217,/aiformula_control/game_pad/cmd_vel,0.0,0.0,0.27292048931121826,1.9999998807907104,0.0,0.0
1768890777451361397,109.897731302,/aiformula_control/game_pad/cmd_vel,0.0,0.0,0.27292048931121826,1.9999998807907104,0.0,0.0
1768890777495412616,109.941782521,/aiformula_control/game_pad/cmd_vel,0.0,0.0,0.27292048931121826,1.9999998807907104,0.0,0.0
1768890777516023016,109.962392921,/aiformula_control/game_pad/cmd_vel,0.0,0.0,0.26559603214263916,1.9999998807907104,0.0,0.0
1768890777548371442,109.994741347,/aiformula_control/game_pad/cmd_vel,0.0,0.0,0.25094714760780334,1.9999998807907104,0.0,0.0
1768890777582048068,110.028417973,/aiformula_control/game_pad/cmd_vel,0.0,0.0,0.23629826307296753,1.9999998807907104,0.0,0.0
1768890777625263633,110.071633538,/aiformula_control/game_pad/cmd_vel,0.0,0.0,0.23629826307296753,1.9999998807907104,0.0,0.0
1768890777634728364,110.081098269,/aiformula_control/game_pad/cmd_vel,0.0,0.0,0.23629826307296753,1.9999998807907104,0.0,0.0
1768890777646300020,110.092669925,/aiformula_control/game_pad/cmd_vel,0.0,0.0,0.23629826307296753,1.9999998807907104,0.0,0.0
1768890777653619618,110.099989523,/aiformula_control/game_pad/cmd_vel,0.0,0.0,0.23629826307296753,1.9999998807907104,0.0,0.0
1768890777696375821,110.142745726,/aiformula_control/game_pad/cmd_vel,0.0,0.0,0.23629826307296753,1.9999998807907104,0.0,0.0
1768890777703852507,110.150222412,/aiformula_control/game_pad/cmd_vel,0.0,0.0,0.23629826307296753,1.9999998807907104,0.0,0.0
1768890777704348798,110.150718703,/aiformula_control/game_pad/cmd_vel,0.0,0.0,0.2216275930404663,1.9999998807907104,0.0,0.0
1768890777716854764,110.163224669,/aiformula_control/game_pad/cmd_vel,0.0,0.0,0.2069787085056305,1.9999998807907104,0.0,0.0
1768890777767490664,110.213860569,/aiformula_control/game_pad/cmd_vel,0.0,0.0,0.2069787085056305,1.9999998807907104,0.0,0.0
1768890777771279808,110.217649713,/aiformula_control/game_pad/cmd_vel,0.0,0.0,0.2069787085056305,1.9999998807907104,0.0,0.0
1768890777772182117,110.218552022,/aiformula_control/game_pad/cmd_vel,0.0,0.0,0.2069787085056305,1.9999998807907104,0.0,0.0
1768890777772623592,110.218993497,/aiformula_control/game_pad/cmd_vel,0.0,0.0,0.2069787085056305,1.9999998807907104,0.0,0.0
1768890777788847053,110.235216958,/aiformula_control/game_pad/cmd_vel,0.0,0.0,0.2143031507730484,1.9999998807907104,0.0,0.0
1768890777815749109,110.262119014,/aiformula_control/game_pad/cmd_vel,0.0,0.0,0.2069787085056305,1.9999998807907104,0.0,0.0
1768890777841773527,110.288143432,/aiformula_control/game_pad/cmd_vel,0.0,0.0,0.19965426623821259,1.9999998807907104,0.0,0.0
1768890777870999725,110.31736963,/aiformula_control/game_pad/cmd_vel,0.0,0.0,0.19232982397079468,1.9999998807907104,0.0,0.0
1768890777911156424,110.357526329,/aiformula_control/game_pad/cmd_vel,0.0,0.0,0.19965426623821259,1.9999998807907104,0.0,0.0
1768890777931512007,110.377881912,/aiformula_control/game_pad/cmd_vel,0.0,0.0,0.2143031507730484,1.9999998807907104,0.0,0.0
1768890777964580405,110.41095031,/aiformula_control/game_pad/cmd_vel,0.0,0.0,0.23629826307296753,1.9999998807907104,0.0,0.0
1768890777982720134,110.429090039,/aiformula_control/game_pad/cmd_vel,0.0,0.0,0.25827160477638245,1.9999998807907104,0.0,0.0
1768890778004050635,110.45042054,/aiformula_control/game_pad/cmd_vel,0.0,0.0,0.25827160477638245,1.9999998807907104,0.0,0.0
1768890778030358191,110.476728096,/aiformula_control/game_pad/cmd_vel,0.0,0.0,0.27292048931121826,1.9999998807907104,0.0,0.0
1768890778045797167,110.492167072,/aiformula_control/game_pad/cmd_vel,0.0,0.0,0.2875693738460541,1.9999998807907104,0.0,0.0
1768890778046283410,110.492653315,/aiformula_control/game_pad/cmd_vel,0.0,0.0,0.3022182583808899,1.9999998807907104,0.0,0.0
1768890778071093517,110.517463422,/aiformula_control/game_pad/cmd_vel,0.0,0.0,0.3168671429157257,1.9999998807907104,0.0,0.0
1768890778140226140,110.586596045,/aiformula_control/game_pad/cmd_vel,0.0,0.0,0.3168671429157257,1.9999998807907104,0.0,0.0
1768890778165904188,110.612274093,/aiformula_control/game_pad/cmd_vel,0.0,0.0,0.3168671429157257,1.9999998807907104,0.0,0.0
1768890778174891956,110.621261861,/aiformula_control/game_pad/cmd_vel,0.0,0.0,0.3168671429157257,1.9999998807907104,0.0,0.0
1768890778205149265,110.65151917,/aiformula_control/game_pad/cmd_vel,0.0,0.0,0.3168671429157257,1.9999998807907104,0.0,0.0
1768890778232267066,110.678636971,/aiformula_control/game_pad/cmd_vel,0.0,0.0,0.3168671429157257,1.9999998807907104,0.0,0.0
1768890778295631621,110.742001526,/aiformula_control/game_pad/cmd_vel,0.0,0.0,0.3168671429157257,1.9999998807907104,0.0,0.0
1768890778318665557,110.765035462,/aiformula_control/game_pad/cmd_vel,0.0,0.0,0.3168671429157257,1.9999998807907104,0.0,0.0
1768890778343215054,110.789584959,/aiformula_control/game_pad/cmd_vel,0.0,0.0,0.3095426857471466,1.9999998807907104,0.0,0.0
1768890778381768862,110.828138767,/aiformula_control/game_pad/cmd_vel,0.0,0.0,0.2948938012123108,1.9999998807907104,0.0,0.0
1768890778383125798,110.829495703,/aiformula_control/game_pad/cmd_vel,0.0,0.0,0.26559603214263916,1.9999998807907104,0.0,0.0
1768890778386571580,110.832941485,/aiformula_control/game_pad/cmd_vel,0.0,0.0,0.25094714760780334,1.9999998807907104,0.0,0.0
1768890778411924122,110.858294027,/aiformula_control/game_pad/cmd_vel,0.0,0.0,0.22895203530788422,1.9999998807907104,0.0,0.0
1768890778436469971,110.882839876,/aiformula_control/game_pad/cmd_vel,0.0,0.0,0.2143031507730484,1.9999998807907104,0.0,0.0
1768890778437594458,110.883964363,/aiformula_control/game_pad/cmd_vel,0.0,0.0,0.2216275930404663,1.9999998807907104,0.0,0.0
1768890778449359683,110.895729588,/aiformula_control/game_pad/cmd_vel,0.0,0.0,0.2216275930404663,1.9999998807907104,0.0,0.0
1768890778501189254,110.947559159,/aiformula_control/game_pad/cmd_vel,0.0,0.0,0.2216275930404663,1.9999998807907104,0.0,0.0
1768890778550882652,110.997252557,/aiformula_control/game_pad/cmd_vel,0.0,0.0,0.2216275930404663,1.9999998807907104,0.0,0.0
1768890778571196699,111.017566604,/aiformula_control/game_pad/cmd_vel,0.0,0.0,0.22895203530788422,1.9999998807907104,0.0,0.0
1768890778589932016,111.036301921,/aiformula_control/game_pad/cmd_vel,0.0,0.0,0.24362270534038544,1.9999998807907104,0.0,0.0
1768890778618028159,111.064398064,/aiformula_control/game_pad/cmd_vel,0.0,0.0,0.26559603214263916,1.9999998807907104,0.0,0.0
1768890778639576421,111.085946326,/aiformula_control/game_pad/cmd_vel,0.0,0.0,0.280244916677475,1.9999998807907104,0.0,0.0
1768890778642482615,111.08885252,/aiformula_control/game_pad/cmd_vel,0.0,0.0,0.2875693738460541,1.9999998807907104,0.0,0.0
1768890778699192473,111.145562378,/aiformula_control/game_pad/cmd_vel,0.0,0.0,0.2875693738460541,1.9999998807907104,0.0,0.0
1768890778766953407,111.213323312,/aiformula_control/game_pad/cmd_vel,0.0,0.0,0.280244916677475,1.9999998807907104,0.0,0.0
1768890778780968183,111.227338088,/aiformula_control/game_pad/cmd_vel,0.0,0.0,0.27292048931121826,1.9999998807907104,0.0,0.0
1768890778833818976,111.280188881,/aiformula_control/game_pad/cmd_vel,0.0,0.0,0.280244916677475,1.9999998807907104,0.0,0.0
1768890778850375208,111.296745113,/aiformula_control/game_pad/cmd_vel,0.0,0.0,0.280244916677475,1.9999998807907104,0.0,0.0
1768890778853106553,111.299476458,/aiformula_control/game_pad/cmd_vel,0.0,0.0,0.280244916677475,1.9999998807907104,0.0,0.0
1768890778913750771,111.360120676,/aiformula_control/game_pad/cmd_vel,0.0,0.0,0.280244916677475,1.9999998807907104,0.0,0.0
1768890778917528074,111.363897979,/aiformula_control/game_pad/cmd_vel,0.0,0.0,0.2948938012123108,1.9999998807907104,0.0,0.0
1768890778917950093,111.364319998,/aiformula_control/game_pad/cmd_vel,0.0,0.0,0.3022182583808899,1.9999998807907104,0.0,0.0
1768890778959037485,111.40540739,/aiformula_control/game_pad/cmd_vel,0.0,0.0,0.3022182583808899,1.9999998807907104,0.0,0.0
1768890779007596732,111.453966637,/aiformula_control/game_pad/cmd_vel,0.0,0.0,0.3022182583808899,1.9999998807907104,0.0,0.0
1768890779050534536,111.496904441,/aiformula_control/game_pad/cmd_vel,0.0,0.0,0.3022182583808899,1.9999998807907104,0.0,0.0
1768890779096812456,111.543182361,/aiformula_control/game_pad/cmd_vel,0.0,0.0,0.2875693738460541,1.9999998807907104,0.0,0.0
1768890779109525911,111.555895816,/aiformula_control/game_pad/cmd_vel,0.0,0.0,0.27292048931121826,1.9999998807907104,0.0,0.0
1768890779130979741,111.577349646,/aiformula_control/game_pad/cmd_vel,0.0,0.0,0.25827160477638245,1.9999998807907104,0.0,0.0
1768890779151131707,111.597501612,/aiformula_control/game_pad/cmd_vel,0.0,0.0,0.23629826307296753,1.9999998807907104,0.0,0.0
1768890779202050296,111.648420201,/aiformula_control/game_pad/cmd_vel,0.0,0.0,0.23629826307296753,1.9999998807907104,0.0,0.0
1768890779250062756,111.696432661,/aiformula_control/game_pad/cmd_vel,0.0,0.0,0.26559603214263916,1.9999998807907104,0.0,0.0
1768890779271087751,111.717457656,/aiformula_control/game_pad/cmd_vel,0.0,0.0,0.27292048931121826,1.9999998807907104,0.0,0.0
1768890779322240806,111.768610711,/aiformula_control/game_pad/cmd_vel,0.0,0.0,0.280244916677475,1.9999998807907104,0.0,0.0
1768890779341622590,111.787992495,/aiformula_control/game_pad/cmd_vel,0.0,0.0,0.27292048931121826,1.9999998807907104,0.0,0.0
1768890779379585707,111.825955612,/aiformula_control/game_pad/cmd_vel,0.0,0.0,0.280244916677475,1.9999998807907104,0.0,0.0
1768890779417779289,111.864149194,/aiformula_control/game_pad/cmd_vel,0.0,0.0,0.27292048931121826,1.9999998807907104,0.0,0.0
1768890779468226036,111.914595941,/aiformula_control/game_pad/cmd_vel,0.0,0.0,0.27292048931121826,1.9999998807907104,0.0,0.0
1768890779495498110,111.941868015,/aiformula_control/game_pad/cmd_vel,0.0,0.0,0.27292048931121826,1.9999998807907104,0.0,0.0
1768890779534910164,111.981280069,/aiformula_control/game_pad/cmd_vel,0.0,0.0,0.27292048931121826,1.9999998807907104,0.0,0.0
1768890779564729037,112.011098942,/aiformula_control/game_pad/cmd_vel,0.0,0.0,0.26559603214263916,1.9999998807907104,0.0,0.0
1768890779587443099,112.033813004,/aiformula_control/game_pad/cmd_vel,0.0,0.0,0.26559603214263916,1.9999998807907104,0.0,0.0
1768890779605442155,112.05181206,/aiformula_control/game_pad/cmd_vel,0.0,0.0,0.27292048931121826,1.9999998807907104,0.0,0.0
1768890779650565893,112.096935798,/aiformula_control/game_pad/cmd_vel,0.0,0.0,0.27292048931121826,1.9999998807907104,0.0,0.0
1768890779654310236,112.100680141,/aiformula_control/game_pad/cmd_vel,0.0,0.0,0.27292048931121826,1.9999998807907104,0.0,0.0
1768890779654894944,112.101264849,/aiformula_control/game_pad/cmd_vel,0.0,0.0,0.2875693738460541,1.9999998807907104,0.0,0.0
1768890779655412483,112.101782388,/aiformula_control/game_pad/cmd_vel,0.0,0.0,0.2948938012123108,1.9999998807907104,0.0,0.0
1768890779655848070,112.102217975,/aiformula_control/game_pad/cmd_vel,0.0,0.0,0.2948938012123108,1.9999998807907104,0.0,0.0
1768890779674740475,112.12111038,/aiformula_control/game_pad/cmd_vel,0.0,0.0,0.3095426857471466,1.9999998807907104,0.0,0.0
1768890779696662180,112.143032085,/aiformula_control/game_pad/cmd_vel,0.0,0.0,0.3168671429157257,1.9999998807907104,0.0,0.0
1768890779759035977,112.205405882,/aiformula_control/game_pad/cmd_vel,0.0,0.0,0.3168671429157257,1.9999998807907104,0.0,0.0
1768890779800408171,112.246778076,/aiformula_control/game_pad/cmd_vel,0.0,0.0,0.3168671429157257,1.9999998807907104,0.0,0.0
1768890779847161678,112.293531583,/aiformula_control/game_pad/cmd_vel,0.0,0.0,0.3168671429157257,1.9999998807907104,0.0,0.0
1768890779945569396,112.391939301,/aiformula_control/game_pad/cmd_vel,0.0,0.0,0.3168671429157257,1.9999998807907104,0.0,0.0
1768890779991631027,112.438000932,/aiformula_control/game_pad/cmd_vel,0.0,0.0,0.3168671429157257,1.9999998807907104,0.0,0.0
1768890780025694407,112.472064312,/aiformula_control/game_pad/cmd_vel,0.0,0.0,0.3168671429157257,1.9999998807907104,0.0,0.0
1768890780089959768,112.536329673,/aiformula_control/game_pad/cmd_vel,0.0,0.0,0.3022182583808899,1.9999998807907104,0.0,0.0
1768890780141431225,112.58780113,/aiformula_control/game_pad/cmd_vel,0.0,0.0,0.2875693738460541,1.9999998807907104,0.0,0.0
1768890780185167082,112.631536987,/aiformula_control/game_pad/cmd_vel,0.0,0.0,0.280244916677475,1.9999998807907104,0.0,0.0
1768890780214633345,112.66100325,/aiformula_control/game_pad/cmd_vel,0.0,0.0,0.2875693738460541,1.9999998807907104,0.0,0.0
1768890780260591488,112.706961393,/aiformula_control/game_pad/cmd_vel,0.0,0.0,0.2875693738460541,1.9999998807907104,0.0,0.0
1768890780285297018,112.731666923,/aiformula_control/game_pad/cmd_vel,0.0,0.0,0.2948938012123108,1.9999998807907104,0.0,0.0
1768890780310749241,112.757119146,/aiformula_control/game_pad/cmd_vel,0.0,0.0,0.3168671429157257,1.9999998807907104,0.0,0.0
1768890780357839166,112.804209071,/aiformula_control/game_pad/cmd_vel,0.0,0.0,0.3168671429157257,1.9999998807907104,0.0,0.0
1768890780402766614,112.849136519,/aiformula_control/game_pad/cmd_vel,0.0,0.0,0.3168671429157257,1.9999998807907104,0.0,0.0
1768890780457954895,112.9043248,/aiformula_control/game_pad/cmd_vel,0.0,0.0,0.3168671429157257,1.9999998807907104,0.0,0.0
1768890780523632456,112.970002361,/aiformula_control/game_pad/cmd_vel,0.0,0.0,0.34618669748306274,1.9999998807907104,0.0,0.0
1768890780552932607,112.999302512,/aiformula_control/game_pad/cmd_vel,0.0,0.0,0.3828089237213135,1.9999998807907104,0.0,0.0
1768890780619958433,113.066328338,/aiformula_control/game_pad/cmd_vel,0.0,0.0,0.3828089237213135,1.9999998807907104,0.0,0.0
1768890780686695201,113.133065106,/aiformula_control/game_pad/cmd_vel,0.0,0.0,0.3754844665527344,1.9999998807907104,0.0,0.0
1768890780732821696,113.179191601,/aiformula_control/game_pad/cmd_vel,0.0,0.0,0.35351115465164185,1.9999998807907104,0.0,0.0
1768890780759479622,113.205849527,/aiformula_control/game_pad/cmd_vel,0.0,0.0,0.33886227011680603,1.9999998807907104,0.0,0.0
1768890780810300035,113.25666994,/aiformula_control/game_pad/cmd_vel,0.0,0.0,0.33153781294822693,1.9999998807907104,0.0,0.0
1768890780842007817,113.288377722,/aiformula_control/game_pad/cmd_vel,0.0,0.0,0.3242133855819702,1.9999998807907104,0.0,0.0
1768890780898648458,113.345018363,/aiformula_control/game_pad/cmd_vel,0.0,0.0,0.3242133855819702,1.9999998807907104,0.0,0.0
1768890780963592063,113.409961968,/aiformula_control/game_pad/cmd_vel,0.0,0.0,0.33153781294822693,1.9999998807907104,0.0,0.0
1768890780989324352,113.435694257,/aiformula_control/game_pad/cmd_vel,0.0,0.0,0.33153781294822693,1.9999998807907104,0.0,0.0
1768890780992656596,113.439026501,/aiformula_control/game_pad/cmd_vel,0.0,0.0,0.3168671429157257,1.9999998807907104,0.0,0.0
1768890780993437529,113.439807434,/aiformula_control/game_pad/cmd_vel,0.0,0.0,0.2948938012123108,1.9999998807907104,0.0,0.0
1768890780994054717,113.440424622,/aiformula_control/game_pad/cmd_vel,0.0,0.0,0.2948938012123108,1.9999998807907104,0.0,0.0
1768890780994643009,113.441012914,/aiformula_control/game_pad/cmd_vel,0.0,0.0,0.2948938012123108,1.9999998807907104,0.0,0.0
1768890781044750969,113.491120874,/aiformula_control/game_pad/cmd_vel,0.0,0.0,0.280244916677475,1.9999998807907104,0.0,0.0
1768890781076703424,113.523073329,/aiformula_control/game_pad/cmd_vel,0.0,0.0,0.26559603214263916,1.9999998807907104,0.0,0.0
1768890781114994415,113.56136432,/aiformula_control/game_pad/cmd_vel,0.0,0.0,0.25094714760780334,1.9999998807907104,0.0,0.0
1768890781143121982,113.589491887,/aiformula_control/game_pad/cmd_vel,0.0,0.0,0.24362270534038544,1.9999998807907104,0.0,0.0
1768890781194197661,113.640567566,/aiformula_control/game_pad/cmd_vel,0.0,0.0,0.25827160477638245,1.9999998807907104,0.0,0.0
1768890781359127265,113.80549717,/aiformula_control/game_pad/cmd_vel,0.0,0.0,0.22895203530788422,1.9999998807907104,0.0,0.0
1768890781410568642,113.856938547,/aiformula_control/game_pad/cmd_vel,0.0,0.0,0.2143031507730484,1.9999998807907104,0.0,0.0
1768890781437437641,113.883807546,/aiformula_control/game_pad/cmd_vel,0.0,0.0,0.2069787085056305,1.9999998807907104,0.0,0.0
1768890781483146822,113.929516727,/aiformula_control/game_pad/cmd_vel,0.0,0.0,0.19965426623821259,1.9999998807907104,0.0,0.0
1768890781525213613,113.971583518,/aiformula_control/game_pad/cmd_vel,0.0,0.0,0.19965426623821259,1.9999998807907104,0.0,0.0
1768890781559972549,114.006342454,/aiformula_control/game_pad/cmd_vel,0.0,0.0,0.19232982397079468,1.9999998807907104,0.0,0.0
1768890781589886496,114.036256401,/aiformula_control/game_pad/cmd_vel,0.0,0.0,0.19965426623821259,1.9999998807907104,0.0,0.0
1768890781609751772,114.056121677,/aiformula_control/game_pad/cmd_vel,0.0,0.0,0.19965426623821259,1.9999998807907104,0.0,0.0
1768890781615797185,114.06216709,/aiformula_control/game_pad/cmd_vel,0.0,0.0,0.19965426623821259,1.9999998807907104,0.0,0.0
1768890781618417682,114.064787587,/aiformula_control/game_pad/cmd_vel,0.0,0.0,0.17035649716854095,1.9999998807907104,0.0,0.0
1768890781640225658,114.086595563,/aiformula_control/game_pad/cmd_vel,0.0,0.0,0.15570761263370514,1.9999998807907104,0.0,0.0
1768890781674495151,114.120865056,/aiformula_control/game_pad/cmd_vel,0.0,0.0,0.14838317036628723,1.9999998807907104,0.0,0.0
1768890781697998402,114.144368307,/aiformula_control/game_pad/cmd_vel,0.0,0.0,0.14103692770004272,1.9999998807907104,0.0,0.0
1768890781728150558,114.174520463,/aiformula_control/game_pad/cmd_vel,0.0,0.0,0.14103692770004272,1.9999998807907104,0.0,0.0
1768890781744936039,114.191305944,/aiformula_control/game_pad/cmd_vel,0.0,0.0,0.1263880431652069,1.9999998807907104,0.0,0.0
1768890781768982301,114.215352206,/aiformula_control/game_pad/cmd_vel,0.0,0.0,0.1117391586303711,1.9999998807907104,0.0,0.0
1768890781809311064,114.255680969,/aiformula_control/game_pad/cmd_vel,0.0,0.0,0.09709027409553528,1.9999998807907104,0.0,0.0
1768890781817959438,114.264329343,/aiformula_control/game_pad/cmd_vel,0.0,0.0,0.08244138956069946,1.9999998807907104,0.0,0.0
1768890781835579324,114.281949229,/aiformula_control/game_pad/cmd_vel,0.0,0.0,0.06046806275844574,1.9999998807907104,0.0,0.0
1768890781857491492,114.303861397,/aiformula_control/game_pad/cmd_vel,0.0,0.0,0.045797381550073624,1.9999998807907104,0.0,0.0
1768890781860322998,114.306692903,/aiformula_control/game_pad/cmd_vel,0.0,0.0,0.045797381550073624,1.9999998807907104,0.0,0.0
1768890781860888090,114.307257995,/aiformula_control/game_pad/cmd_vel,0.0,0.0,0.06046806275844574,1.9999998807907104,0.0,0.0
1768890781861314396,114.307684301,/aiformula_control/game_pad/cmd_vel,0.0,0.0,0.08244138956069946,1.9999998807907104,0.0,0.0
1768890781861751615,114.30812152,/aiformula_control/game_pad/cmd_vel,0.0,0.0,0.08976583182811737,1.9999998807907104,0.0,0.0
1768890781865067988,114.311437893,/aiformula_control/game_pad/cmd_vel,0.0,0.0,0.08976583182811737,1.9999998807907104,0.0,0.0
1768890781915690575,114.36206048,/aiformula_control/game_pad/cmd_vel,0.0,0.0,0.08244138956069946,1.9999998807907104,0.0,0.0
1768890781935502347,114.381872252,/aiformula_control/game_pad/cmd_vel,0.0,0.0,0.06779250502586365,1.9999998807907104,0.0,0.0
1768890782014585144,114.460955049,/aiformula_control/game_pad/cmd_vel,0.0,0.0,0.06046806275844574,1.9999998807907104,0.0,0.0
1768890782049080079,114.495449984,/aiformula_control/game_pad/cmd_vel,0.0,0.0,0.06046806275844574,1.9999998807907104,0.0,0.0
1768890782099167431,114.545537336,/aiformula_control/game_pad/cmd_vel,0.0,0.0,0.06779250502586365,1.9999998807907104,0.0,0.0
1768890782148894397,114.595264302,/aiformula_control/game_pad/cmd_vel,0.0,0.0,0.09709027409553528,1.9999998807907104,0.0,0.0
1768890782192168395,114.6385383,/aiformula_control/game_pad/cmd_vel,0.0,0.0,0.119063600897789,1.9999998807907104,0.0,0.0
1768890782236277726,114.682647631,/aiformula_control/game_pad/cmd_vel,0.0,0.0,0.17035649716854095,1.9999998807907104,0.0,0.0
1768890782303574626,114.749944531,/aiformula_control/game_pad/cmd_vel,0.0,0.0,0.2216275930404663,1.9999998807907104,0.0,0.0
1768890782358802746,114.805172651,/aiformula_control/game_pad/cmd_vel,0.0,0.0,0.2143031507730484,1.9999998807907104,0.0,0.0
1768890782402160808,114.848530713,/aiformula_control/game_pad/cmd_vel,0.0,0.0,0.19965426623821259,1.9999998807907104,0.0,0.0
1768890782432021058,114.878390963,/aiformula_control/game_pad/cmd_vel,0.0,0.0,0.19965426623821259,1.9999998807907104,0.0,0.0
1768890782498848771,114.945218676,/aiformula_control/game_pad/cmd_vel,0.0,0.0,0.2143031507730484,1.9999998807907104,0.0,0.0
1768890782551778413,114.998148318,/aiformula_control/game_pad/cmd_vel,0.0,0.0,0.2143031507730484,1.9999998807907104,0.0,0.0
1768890782601248802,115.047618707,/aiformula_control/game_pad/cmd_vel,0.0,0.0,0.2143031507730484,1.9999998807907104,0.0,0.0
1768890782628111433,115.074481338,/aiformula_control/game_pad/cmd_vel,0.0,0.0,0.23629826307296753,1.9999998807907104,0.0,0.0
1768890782665584147,115.111954052,/aiformula_control/game_pad/cmd_vel,0.0,0.0,0.27292048931121826,1.9999998807907104,0.0,0.0
1768890782685120269,115.131490174,/aiformula_control/game_pad/cmd_vel,0.0,0.0,0.280244916677475,1.9999998807907104,0.0,0.0
1768890782700305099,115.146675004,/aiformula_control/game_pad/cmd_vel,0.0,0.0,0.27292048931121826,1.9999998807907104,0.0,0.0
1768890782723334043,115.169703948,/aiformula_control/game_pad/cmd_vel,0.0,0.0,0.25827160477638245,1.9999998807907104,0.0,0.0
1768890782729829219,115.176199124,/aiformula_control/game_pad/cmd_vel,0.0,0.0,0.24362270534038544,1.9999998807907104,0.0,0.0
1768890782731043595,115.1774135,/aiformula_control/game_pad/cmd_vel,0.0,0.0,0.22895203530788422,1.9999998807907104,0.0,0.0
1768890782731566222,115.177936127,/aiformula_control/game_pad/cmd_vel,0.0,0.0,0.2069787085056305,1.9999998807907104,0.0,0.0
1768890782732219346,115.178589251,/aiformula_control/game_pad/cmd_vel,0.0,0.0,0.19965426623821259,1.9999998807907104,0.0,0.0
1768890782732672533,115.179042438,/aiformula_control/game_pad/cmd_vel,0.0,0.0,0.19232982397079468,1.9999998807907104,0.0,0.0
1768890782748923770,115.195293675,/aiformula_control/game_pad/cmd_vel,0.0,0.0,0.19232982397079468,1.9999998807907104,0.0,0.0
1768890782795751998,115.242121903,/aiformula_control/game_pad/cmd_vel,0.0,0.0,0.18500538170337677,1.9999998807907104,0.0,0.0
1768890782829002542,115.275372447,/aiformula_control/game_pad/cmd_vel,0.0,0.0,0.18500538170337677,1.9999998807907104,0.0,0.0
1768890782875467279,115.321837184,/aiformula_control/game_pad/cmd_vel,0.0,0.0,0.19232982397079468,1.9999998807907104,0.0,0.0
1768890782921632783,115.368002688,/aiformula_control/game_pad/cmd_vel,0.0,0.0,0.19232982397079468,1.9999998807907104,0.0,0.0
1768890782970507360,115.416877265,/aiformula_control/game_pad/cmd_vel,0.0,0.0,0.19232982397079468,1.9999998807907104,0.0,0.0
1768890783022253154,115.468623059,/aiformula_control/game_pad/cmd_vel,0.0,0.0,0.17035649716854095,1.9999998807907104,0.0,0.0
1768890783054508620,115.500878525,/aiformula_control/game_pad/cmd_vel,0.0,0.0,0.14838317036628723,1.9999998807907104,0.0,0.0
1768890783100148008,115.546517913,/aiformula_control/game_pad/cmd_vel,0.0,0.0,0.119063600897789,1.9999998807907104,0.0,0.0
1768890783134644447,115.581014352,/aiformula_control/game_pad/cmd_vel,0.0,0.0,0.09709027409553528,1.9999998807907104,0.0,0.0
1768890783158791862,115.605161767,/aiformula_control/game_pad/cmd_vel,0.0,0.0,0.08244138956069946,1.9999998807907104,0.0,0.0
1768890783187502921,115.633872826,/aiformula_control/game_pad/cmd_vel,0.0,0.0,0.07511694729328156,1.9999998807907104,0.0,0.0
1768890783233147813,115.679517718,/aiformula_control/game_pad/cmd_vel,0.0,0.0,0.06779250502586365,1.9999998807907104,0.0,0.0
1768890783287619833,115.733989738,/aiformula_control/game_pad/cmd_vel,0.0,0.0,0.06046806275844574,1.9999998807907104,0.0,0.0
1768890783327958581,115.774328486,/aiformula_control/game_pad/cmd_vel,0.0,0.0,0.045797381550073624,1.9999998807907104,0.0,0.0
1768890783360186269,115.806556174,/aiformula_control/game_pad/cmd_vel,0.0,0.0,0.00917517114430666,1.9999998807907104,0.0,0.0
1768890783397351781,115.843721686,/aiformula_control/game_pad/cmd_vel,0.0,0.0,-0.0,1.9999998807907104,0.0,0.0
1768890783430210194,115.876580099,/aiformula_control/game_pad/cmd_vel,0.0,0.0,-0.02380225621163845,1.9999998807907104,0.0,0.0
1768890783479016162,115.925386067,/aiformula_control/game_pad/cmd_vel,0.0,0.0,-0.1190418004989624,1.9999998807907104,0.0,0.0
1768890783515808648,115.962178553,/aiformula_control/game_pad/cmd_vel,0.0,0.0,-0.2069569081068039,1.9999998807907104,0.0,0.0
1768890783549636155,115.99600606,/aiformula_control/game_pad/cmd_vel,0.0,0.0,-0.2216057926416397,1.9999998807907104,0.0,0.0
1768890783564736473,116.011106378,/aiformula_control/game_pad/cmd_vel,0.0,0.0,-0.24360091984272003,1.9999998807907104,0.0,0.0
1768890783604978964,116.051348869,/aiformula_control/game_pad/cmd_vel,0.0,0.0,-0.34616491198539734,1.9999998807907104,0.0,0.0
1768890783632997922,116.079367827,/aiformula_control/game_pad/cmd_vel,0.0,0.0,-0.3901115655899048,1.9999998807907104,0.0,0.0
1768890783688027994,116.134397899,/aiformula_control/game_pad/cmd_vel,0.0,0.0,-0.4047604501247406,1.9999998807907104,0.0,0.0
1768890783734858141,116.181228046,/aiformula_control/game_pad/cmd_vel,0.0,0.0,-0.4047604501247406,1.9999998807907104,0.0,0.0
1768890783772365767,116.218735672,/aiformula_control/game_pad/cmd_vel,0.0,0.0,-0.3974359929561615,1.9999998807907104,0.0,0.0
1768890783816972477,116.263342382,/aiformula_control/game_pad/cmd_vel,0.0,0.0,-0.3827871084213257,1.9999998807907104,0.0,0.0
1768890783825450898,116.271820803,/aiformula_control/game_pad/cmd_vel,0.0,0.0,-0.3241915702819824,1.9999998807907104,0.0,0.0
1768890783829242378,116.275612283,/aiformula_control/game_pad/cmd_vel,0.0,0.0,-0.2875475585460663,1.9999998807907104,0.0,0.0
1768890783830074031,116.276443936,/aiformula_control/game_pad/cmd_vel,0.0,0.0,-0.22893023490905762,1.9999998807907104,0.0,0.0
1768890783847260250,116.293630155,/aiformula_control/game_pad/cmd_vel,0.0,0.0,-0.19230802357196808,1.9999998807907104,0.0,0.0
1768890783876874931,116.323244836,/aiformula_control/game_pad/cmd_vel,0.0,0.0,-0.1190418004989624,1.9999998807907104,0.0,0.0
1768890783897527444,116.343897349,/aiformula_control/game_pad/cmd_vel,0.0,0.0,-0.0,1.9999998807907104,0.0,0.0
1768890783913347734,116.359717639,/aiformula_control/game_pad/cmd_vel,0.0,0.0,-0.0,1.9999998807907104,0.0,0.0
1768890783939828731,116.386198636,/aiformula_control/game_pad/cmd_vel,0.0,0.0,-0.0,1.9999998807907104,0.0,0.0
1768890783948779443,116.395149348,/aiformula_control/game_pad/cmd_vel,0.0,0.0,-0.0,1.9999998807907104,0.0,0.0
1768890783967845962,116.414215867,/aiformula_control/game_pad/cmd_vel,0.0,0.0,-0.0,1.9999998807907104,0.0,0.0
1768890784020638067,116.467007972,/aiformula_control/game_pad/cmd_vel,0.0,0.0,-0.0,1.9999998807907104,0.0,0.0
1768890784043785764,116.490155669,/aiformula_control/game_pad/cmd_vel,0.0,0.0,-0.0,1.9999998807907104,0.0,0.0
1768890784095741928,116.542111833,/aiformula_control/game_pad/cmd_vel,0.0,0.0,-0.0,1.9999998807907104,0.0,0.0
1768890784163681935,116.61005184,/aiformula_control/game_pad/cmd_vel,0.0,0.0,-0.0,1.9999998807907104,0.0,0.0
1768890784202720195,116.6490901,/aiformula_control/game_pad/cmd_vel,0.0,0.0,-0.0,1.9999998807907104,0.0,0.0
1768890784231915609,116.678285514,/aiformula_control/game_pad/cmd_vel,0.0,0.0,-0.0,1.9999998807907104,0.0,0.0
1768890784283159640,116.729529545,/aiformula_control/game_pad/cmd_vel,0.0,0.0,-0.0,1.9999998807907104,0.0,0.0
1768890784304301820,116.750671725,/aiformula_control/game_pad/cmd_vel,0.0,0.0,-0.0,1.9999998807907104,0.0,0.0
1768890784343810098,116.790180003,/aiformula_control/game_pad/cmd_vel,0.0,0.0,-0.0,1.9999998807907104,0.0,0.0
1768890784399502957,116.845872862,/aiformula_control/game_pad/cmd_vel,0.0,0.0,-0.0,1.9999998807907104,0.0,0.0
1768890784452737337,116.899107242,/aiformula_control/game_pad/cmd_vel,0.0,0.0,-0.0,1.9999998807907104,0.0,0.0
1768890784720850401,117.167220306,/aiformula_control/game_pad/cmd_vel,0.0,0.0,-0.0,1.9999998807907104,0.0,0.0
1768890784778602249,117.224972154,/aiformula_control/game_pad/cmd_vel,0.0,0.0,-0.0,1.9999998807907104,0.0,0.0
1768890784842269302,117.288639207,/aiformula_control/game_pad/cmd_vel,0.0,0.0,-0.0,1.9999998807907104,0.0,0.0
1768890784893556310,117.339926215,/aiformula_control/game_pad/cmd_vel,0.0,0.0,-0.0,1.9999998807907104,0.0,0.0
1768890784932350216,117.378720121,/aiformula_control/game_pad/cmd_vel,0.0,0.0,-0.0,1.9999998807907104,0.0,0.0
1768890784977363744,117.423733649,/aiformula_control/game_pad/cmd_vel,0.0,0.0,-0.0,1.9999998807907104,0.0,0.0
1768890785027216663,117.473586568,/aiformula_control/game_pad/cmd_vel,0.0,0.0,-0.0,1.9999998807907104,0.0,0.0
1768890785049066847,117.495436752,/aiformula_control/game_pad/cmd_vel,0.0,0.0,-0.0,1.9999998807907104,0.0,0.0
1768890785141102781,117.587472686,/aiformula_control/game_pad/cmd_vel,0.0,0.0,-0.0,1.9999998807907104,0.0,0.0
1768890785196904793,117.643274698,/aiformula_control/game_pad/cmd_vel,0.0,0.0,-0.0,1.9999998807907104,0.0,0.0
1768890785224633382,117.671003287,/aiformula_control/game_pad/cmd_vel,0.0,0.0,-0.0,1.9999998807907104,0.0,0.0
1768890785308502449,117.754872354,/aiformula_control/game_pad/cmd_vel,0.0,0.0,-0.0,1.9999998807907104,0.0,0.0
1768890785354401583,117.800771488,/aiformula_control/game_pad/cmd_vel,0.0,0.0,-0.0,1.9999998807907104,0.0,0.0
1768890785403832995,117.8502029,/aiformula_control/game_pad/cmd_vel,0.0,0.0,-0.0,1.9999998807907104,0.0,0.0
1768890785470019872,117.916389777,/aiformula_control/game_pad/cmd_vel,0.0,0.0,-0.0,1.9999998807907104,0.0,0.0
1768890785511038336,117.957408241,/aiformula_control/game_pad/cmd_vel,0.0,0.0,-0.0,1.9999998807907104,0.0,0.0
1768890785539275568,117.985645473,/aiformula_control/game_pad/cmd_vel,0.0,0.0,-0.0,1.9999998807907104,0.0,0.0
1768890785568685831,118.015055736,/aiformula_control/game_pad/cmd_vel,0.0,0.0,0.0,0.0,0.0,0.0
