timestamp,state,segment,cmd_ideal_v,cmd_ideal_omega,vn_body_vx,vn_body_vy,vn_body_vz,odom_pose_x,odom_pose_y,odom_pose_z,odom_qx,odom_qy,odom_qz,odom_qw,odom_linear_x,odom_linear_y,odom_linear_z,odom_angular_x,odom_angular_y,odom_omega_z,controller_controller_state,controller_base_v,controller_base_omega,controller_applied_v,controller_applied_omega,controller_model_corrected_v,controller_model_corrected_omega,controller_delta_v,controller_delta_omega,controller_a_v,controller_a_omega,controller_b_v,controller_b_omega,controller_used_model_estimate,controller_used_model_applied,controller_history_len,controller_history_ready,controller_history_span_sec,controller_latest_meas_v,controller_latest_meas_omega,controller_right_rpm,controller_left_rpm,controller_can_right_rpm,controller_can_left_rpm,velocity_timestamp,odom_timestamp,can_timestamp,can_id,can_dlc,can_data_hex,can_right_rpm,can_left_rpm,debug_timestamp,valid_cmd,valid_velocity_body,valid_odom,valid_can,valid_debug,controller_node_time_sec
0.0012743473052978516,0,forward_2mps,2.0,0.0,-0.022431697696447372,-0.01707279682159424,-0.10791774094104767,,,,,,,,,,,,,,nan,nan,nan,nan,nan,nan,nan,nan,nan,nan,nan,nan,nan,nan,nan,nan,nan,nan,nan,nan,nan,nan,nan,nan,0.04227423667907715,,0.06200671195983887,528,8,a5000000a5000000,165,165,nan,1,1,0,1,0,nan
0.051274347305297854,0,forward_2mps,2.0,0.0,-0.022431697696447372,-0.01707279682159424,-0.10791774094104767,,,,,,,,,,,,,,0.0,2.0,0.0,2.0,0.0,2.0,0.0,0.0,0.0,1.0,1.0,0.0,0.0,0.0,0.0,20.0,0.0,70.43189549446106,-0.022415662184357643,0.0002692819602683786,165.42088573330858,165.42088573330858,165.0,165.0,0.04227423667907715,,0.06200671195983887,528,8,a5000000a5000000,165,165,0.0819404125213623,1,1,0,1,1,1779078339.9519236
0.10127434730529786,0,forward_2mps,2.0,0.0,-0.022603191435337067,-0.016962941735982895,-0.10877908021211624,1.211748675295152,-0.019261327285649704,0.0,0.0,0.0,-0.005573167355165086,0.9999844697822218,0.0,-0.0,0.0,0.0,0.0,0.0701060986350169,0.0,2.0,0.0,2.0,0.0,2.0,0.0,0.0,0.0,1.0,1.0,0.0,0.0,0.0,0.0,20.0,0.0,70.43189549446106,-0.022415662184357643,0.0002692819602683786,165.42088573330858,165.42088573330858,165.0,165.0,0.12272071838378906,0.14217185974121094,0.06200671195983887,528,8,a5000000a5000000,165,165,0.0819404125213623,1,1,1,1,1,1779078339.9519236
0.15127434730529787,0,forward_2mps,2.0,0.0,-0.022603191435337067,-0.016962941735982895,-0.10877908021211624,1.211748675295152,-0.019261327285649704,0.0,0.0,0.0,-0.005573167355165086,0.9999844697822218,0.0,-0.0,0.0,0.0,0.0,0.0701060986350169,0.0,2.0,0.0,2.0,0.0,2.0,0.0,0.0,0.0,1.0,1.0,0.0,0.0,0.0,0.0,20.0,0.0,70.43189549446106,-0.022415662184357643,0.0002692819602683786,165.42088573330858,165.42088573330858,165.0,165.0,0.12272071838378906,0.14217185974121094,0.16195416450500488,528,8,a5000000a5000000,165,165,0.18190336227416992,1,1,1,1,1,1779078339.9721801
0.20127434730529786,0,forward_2mps,2.0,0.0,-0.02207534946501255,-0.028159359470009804,-0.10972850024700165,1.211748675295152,-0.019261327285649704,0.0,0.0,0.0,-0.006368220873441229,0.9999797226758685,0.0,-0.0,0.0,0.0,0.0,-0.055821888698982386,0.0,2.0,0.0,2.0,0.0,2.0,0.0,0.0,0.0,1.0,1.0,0.0,0.0,0.0,0.0,20.0,0.0,70.43189549446106,-0.022415662184357643,0.0002692819602683786,165.42088573330858,165.42088573330858,165.0,165.0,0.2224597930908203,0.24207544326782227,0.16195416450500488,528,8,a5000000a5000000,165,165,0.18190336227416992,1,1,1,1,1,1779078339.9721801
0.25127434730529785,0,forward_2mps,2.0,0.0,-0.02207534946501255,-0.028159359470009804,-0.10972850024700165,1.211748675295152,-0.019261327285649704,0.0,0.0,0.0,-0.006368220873441229,0.9999797226758685,0.0,-0.0,0.0,0.0,0.0,-0.055821888698982386,0.0,2.0,0.0,2.0,0.0,2.0,0.0,0.0,0.0,1.0,1.0,0.0,0.0,0.0,0.0,20.0,0.0,70.43189549446106,-0.022431697696447372,0.0002692819602683786,165.42088573330858,165.42088573330858,165.0,165.0,0.2224597930908203,0.24207544326782227,0.2620213031768799,528,8,a5000000a5000000,165,165,0.28189945220947266,1,1,1,1,1,1779078339.9923105
0.30127434730529784,0,forward_2mps,2.0,0.0,-0.025913570076227188,-0.06295676529407501,-0.11414971202611923,1.211748675295152,-0.019261327285649704,0.0,0.0,0.0,-0.004335501587727357,0.9999906016688271,0.0,-0.0,0.0,0.0,0.0,-0.03195693177649575,0.0,2.0,0.0,2.0,0.0,2.0,0.0,0.0,0.0,1.0,1.0,0.0,0.0,0.0,0.0,20.0,0.0,70.43189549446106,-0.022431697696447372,0.0002692819602683786,165.42088573330858,165.42088573330858,165.0,165.0,0.3225746154785156,0.34220337867736816,0.2620213031768799,528,8,a5000000a5000000,165,165,0.28189945220947266,1,1,1,1,1,1779078339.9923105
0.35127434730529783,0,forward_2mps,2.0,0.0,-0.025913570076227188,-0.06295676529407501,-0.11414971202611923,1.211748675295152,-0.019261327285649704,0.0,0.0,0.0,-0.004335501587727357,0.9999906016688271,0.0,-0.0,0.0,0.0,0.0,-0.03195693177649575,0.0,2.0,0.0,2.0,0.0,2.0,0.0,0.0,0.0,1.0,1.0,0.0,0.0,0.0,0.0,20.0,0.0,70.44161653518677,-0.022431697696447372,0.0002692819602683786,165.42088573330858,165.42088573330858,165.0,165.0,0.3225746154785156,0.34220337867736816,0.36205434799194336,528,8,a5000000a5000000,165,165,0.3820512294769287,1,1,1,1,1,1779078340.0123498
0.4012743473052978,0,forward_2mps,2.0,0.0,-0.022243987768888474,-0.014793289825320244,-0.0989433005452156,1.211748675295152,-0.019261327285649704,0.0,0.0,0.0,-0.009818520603245303,0.9999517971648252,0.0,-0.0,0.0,0.0,0.0,-0.10030955132892633,0.0,2.0,0.0,2.0,0.0,2.0,0.0,0.0,0.0,1.0,1.0,0.0,0.0,0.0,0.0,20.0,0.0,70.44161653518677,-0.022431697696447372,0.0002692819602683786,165.42088573330858,165.42088573330858,165.0,165.0,0.4226679801940918,0.4424130916595459,0.36205434799194336,528,8,a5000000a5000000,165,165,0.3820512294769287,1,1,1,1,1,1779078340.0123498
0.4512743473052978,0,forward_2mps,2.0,0.0,-0.022243987768888474,-0.014793289825320244,-0.0989433005452156,1.211748675295152,-0.019261327285649704,0.0,0.0,0.0,-0.009818520603245303,0.9999517971648252,0.0,-0.0,0.0,0.0,0.0,-0.10030955132892633,0.0,2.0,0.0,2.0,0.0,2.0,0.0,0.0,0.0,1.0,1.0,0.0,0.0,0.0,0.0,20.0,0.0,70.44161653518677,-0.022603191435337067,0.0002692819602683786,165.42088573330858,165.42088573330858,165.0,165.0,0.4226679801940918,0.4424130916595459,0.46204471588134766,528,8,a5000000a5000000,165,165,0.48204827308654785,1,1,1,1,1,1779078340.032114
0.5012743473052979,0,forward_2mps,2.0,0.0,-0.02412930503487587,-0.0006650213035754859,-0.10545312613248825,1.211748675295152,-0.019261327285649704,0.0,0.0,0.0,-0.009677098746125658,0.9999531757836753,0.0,-0.0,0.0,0.0,0.0,0.08607033715548927,0.0,2.0,0.0,2.0,0.0,2.0,0.0,0.0,0.0,1.0,1.0,0.0,0.0,0.0,0.0,20.0,0.0,70.44161653518677,-0.022603191435337067,0.0002692819602683786,165.42088573330858,165.42088573330858,165.0,165.0,0.523184061050415,0.5426938533782959,0.46204471588134766,528,8,a5000000a5000000,165,165,0.48204827308654785,1,1,1,1,1,1779078340.032114
0.5512743473052979,0,forward_2mps,2.0,0.0,-0.02412930503487587,-0.0006650213035754859,-0.10545312613248825,1.211748675295152,-0.019261327285649704,0.0,0.0,0.0,-0.009677098746125658,0.9999531757836753,0.0,-0.0,0.0,0.0,0.0,0.08607033715548927,0.0,2.0,0.0,2.0,0.0,2.0,0.0,0.0,0.0,1.0,1.0,0.0,0.0,0.0,0.0,20.0,0.0,70.44161653518677,-0.022603191435337067,0.0701060986350169,165.42088573330858,165.42088573330858,165.0,165.0,0.523184061050415,0.5426938533782959,0.5620203018188477,528,8,a5000000a5000000,165,165,0.5819008350372314,1,1,1,1,1,1779078340.052307
0.6012743473052979,0,forward_2mps,2.0,0.0,-0.028359265998005867,-0.003966543823480606,-0.11417098343372345,1.2159427263568006,-0.01933547337440609,0.0,0.0,0.0,-0.008838399824438231,0.9999609405814526,0.1595711642242049,-0.0028210380683532346,0.0,0.0,0.0,0.05732727926492116,0.0,2.0,0.0,2.0,0.0,2.0,0.0,0.0,0.0,1.0,1.0,0.0,0.0,0.0,0.0,20.0,0.0,70.44161653518677,-0.022603191435337067,0.0701060986350169,165.42088573330858,165.42088573330858,165.0,165.0,0.6232881546020508,0.6430652141571045,0.5620203018188477,528,8,a5000000a5000000,165,165,0.5819008350372314,1,1,1,1,1,1779078340.052307
0.651274347305298,0,forward_2mps,2.0,0.0,-0.028359265998005867,-0.003966543823480606,-0.11417098343372345,1.2159427263568006,-0.01933547337440609,0.0,0.0,0.0,-0.008838399824438231,0.9999609405814526,0.1595711642242049,-0.0028210380683532346,0.0,0.0,0.0,0.05732727926492116,0.0,2.0,0.0,2.0,0.0,2.0,0.0,0.0,0.0,1.0,1.0,0.0,0.0,0.0,0.0,20.0,0.0,70.4303765296936,-0.022603191435337067,0.0701060986350169,165.42088573330858,165.42088573330858,165.0,165.0,0.6232881546020508,0.6430652141571045,0.661916971206665,528,8,a5000000a5000000,165,165,0.6820039749145508,1,1,1,1,1,1779078340.0723112
0.701274347305298,0,forward_2mps,2.0,0.0,-0.011024205945432186,0.005555576179176569,-0.0972810611128807,1.2183665072153103,-0.01937785874252612,0.0,0.0,0.0,-0.00874264443139148,0.9999617823538789,0.31249458225656873,-0.005464684588938106,0.0,0.0,0.0,-0.00034114610890892936,0.0,2.0,0.0,2.0,0.0,2.0,0.0,0.0,0.0,1.0,1.0,0.0,0.0,0.0,0.0,20.0,0.0,70.4303765296936,-0.022603191435337067,0.0701060986350169,165.42088573330858,165.42088573330858,165.0,165.0,0.7220466136932373,0.741952657699585,0.661916971206665,528,8,a5000000a5000000,165,165,0.6820039749145508,1,1,1,1,1,1779078340.0723112
0.7512743473052981,0,forward_2mps,2.0,0.0,-0.011024205945432186,0.005555576179176569,-0.0972810611128807,1.2183665072153103,-0.01937785874252612,0.0,0.0,0.0,-0.00874264443139148,0.9999617823538789,0.31249458225656873,-0.005464684588938106,0.0,0.0,0.0,-0.00034114610890892936,0.0,2.0,0.0,2.0,0.0,2.0,0.0,0.0,0.0,1.0,1.0,0.0,0.0,0.0,0.0,20.0,0.0,70.4303765296936,-0.02207534946501255,0.0701060986350169,165.42088573330858,165.42088573330858,165.0,165.0,0.7220466136932373,0.741952657699585,0.7619168758392334,528,8,a5000000a5000000,165,165,0.7817263603210449,1,1,1,1,1,1779078340.0923057
0.8012743473052981,0,forward_2mps,2.0,0.0,-0.019921615719795227,0.06769012659788132,-0.1106264665722847,1.224261004948041,-0.019482010580662113,0.0,0.0,0.0,-0.008833631933765709,0.999960982712255,0.3257911818675535,-0.005756512595057733,0.0,0.0,0.0,-0.024432607167203798,0.0,2.0,0.0,2.0,0.0,2.0,0.0,0.0,0.0,1.0,1.0,0.0,0.0,0.0,0.0,20.0,0.0,70.4303765296936,-0.02207534946501255,0.0701060986350169,165.42088573330858,165.42088573330858,165.0,165.0,0.8235695362091064,0.8423140048980713,0.7619168758392334,528,8,a5000000a5000000,165,165,0.7817263603210449,1,1,1,1,1,1779078340.0923057
0.8512743473052982,0,forward_2mps,2.0,0.0,-0.019921615719795227,0.06769012659788132,-0.1106264665722847,1.224261004948041,-0.019482010580662113,0.0,0.0,0.0,-0.008833631933765709,0.999960982712255,0.3257911818675535,-0.005756512595057733,0.0,0.0,0.0,-0.024432607167203798,0.0,2.0,0.0,2.0,0.0,2.0,0.0,0.0,0.0,1.0,1.0,0.0,0.0,0.0,0.0,20.0,0.0,70.4303765296936,-0.02207534946501255,0.0701060986350169,165.42088573330858,165.42088573330858,165.0,165.0,0.8235695362091064,0.8423140048980713,0.8619625568389893,528,8,a5000000a5000000,165,165,0.8818774223327637,1,1,1,1,1,1779078340.1123085
0.9012743473052982,0,forward_2mps,2.0,0.0,0.026911886408925056,0.15632696449756622,-0.10713204741477966,1.226272260094706,-0.019518019966578464,0.0,0.0,0.0,-0.00895089275610265,0.9999599399570308,0.33908736661622585,-0.006070998930239405,0.0,0.0,0.0,-0.05381683348599936,0.0,2.0,0.0,2.0,0.0,2.0,0.0,0.0,0.0,1.0,1.0,0.0,0.0,0.0,0.0,20.0,0.0,70.4303765296936,-0.02207534946501255,0.0701060986350169,165.42088573330858,165.42088573330858,165.0,165.0,0.9223594665527344,0.942126989364624,0.8619625568389893,528,8,a5000000a5000000,165,165,0.8818774223327637,1,1,1,1,1,1779078340.1123085
0.9512743473052983,0,forward_2mps,2.0,0.0,0.026911886408925056,0.15632696449756622,-0.10713204741477966,1.226272260094706,-0.019518019966578464,0.0,0.0,0.0,-0.00895089275610265,0.9999599399570308,0.33908736661622585,-0.006070998930239405,0.0,0.0,0.0,-0.05381683348599936,0.0,2.0,0.0,2.0,0.0,2.0,0.0,0.0,0.0,1.0,1.0,0.0,0.0,0.0,0.0,20.0,0.0,70.40016841888428,-0.025913570076227188,0.0701060986350169,165.42088573330858,165.42088573330858,165.0,165.0,0.9223594665527344,0.942126989364624,0.9618713855743408,528,8,a5000000a5000000,165,165,0.9817910194396973,1,1,1,1,1,1779078340.1322503
1.0012743473052983,0,forward_2mps,2.0,0.0,0.052843138575553894,0.22548134624958038,-0.1149342954158783,1.2514504300132259,-0.02004273137135538,0.0,0.0,0.0,-0.011249680086159338,0.9999367203468222,0.4188337208883358,-0.009425280061683451,0.0,0.0,0.0,-0.061697301609288144,0.0,2.0,0.0,2.0,0.0,2.0,0.0,0.0,0.0,1.0,1.0,0.0,0.0,0.0,0.0,20.0,0.0,70.40016841888428,-0.025913570076227188,0.0701060986350169,165.42088573330858,165.42088573330858,165.0,165.0,1.0226328372955322,1.0422954559326172,0.9618713855743408,528,8,a5000000a5000000,165,165,0.9817910194396973,1,1,1,1,1,1779078340.1322503
1.0512743473052983,0,forward_2mps,2.0,0.0,0.052843138575553894,0.22548134624958038,-0.1149342954158783,1.2514504300132259,-0.02004273137135538,0.0,0.0,0.0,-0.011249680086159338,0.9999367203468222,0.4188337208883358,-0.009425280061683451,0.0,0.0,0.0,-0.061697301609288144,0.0,2.0,0.0,2.0,0.0,2.0,0.0,0.0,0.0,1.0,1.0,0.0,0.0,0.0,0.0,20.0,0.0,70.40016841888428,-0.025913570076227188,-0.055821888698982386,165.42088573330858,165.42088573330858,165.0,165.0,1.0226328372955322,1.0422954559326172,1.0620362758636475,528,8,a5000000a5000000,165,165,1.0819308757781982,1,1,1,1,1,1779078340.1523411
1.1012743473052984,0,forward_2mps,2.0,0.0,0.07578124105930328,0.2950894832611084,-0.09969625622034073,1.3081821828811313,-0.021356727772349433,0.0,0.0,0.0,-0.011388711933780752,0.9999351465172576,0.5717376698102252,-0.013025245498709322,0.0,0.0,0.0,0.0024980673648593876,0.0,2.0,0.0,2.0,0.0,2.0,0.0,0.0,0.0,1.0,1.0,0.0,0.0,0.0,0.0,20.0,0.0,70.40016841888428,-0.025913570076227188,-0.055821888698982386,165.42088573330858,165.42088573330858,165.0,165.0,1.1224639415740967,1.1421475410461426,1.0620362758636475,528,8,a5000000a5000000,165,165,1.0819308757781982,1,1,1,1,1,1779078340.1523411
1.1512743473052984,0,forward_2mps,2.0,0.0,0.07578124105930328,0.2950894832611084,-0.09969625622034073,1.3081821828811313,-0.021356727772349433,0.0,0.0,0.0,-0.011388711933780752,0.9999351465172576,0.5717376698102252,-0.013025245498709322,0.0,0.0,0.0,0.0024980673648593876,0.0,2.0,0.0,2.0,0.0,2.0,0.0,0.0,0.0,1.0,1.0,0.0,0.0,0.0,0.0,20.0,0.0,70.40016841888428,-0.025913570076227188,-0.055821888698982386,165.42088573330858,165.42088573330858,165.0,165.0,1.1224639415740967,1.1421475410461426,1.1619207859039307,528,8,a5000000a5000000,165,165,1.181833267211914,1,1,1,1,1,1779078340.172251
1.2012743473052985,0,forward_2mps,2.0,0.0,0.08625034987926483,0.35358530282974243,-0.1117773950099945,1.3618851078415128,-0.022757364192688492,0.0,0.0,0.0,-0.014735289163023408,0.9998914297328896,0.6115193726251359,-0.018027701598502546,0.0,0.0,0.0,-0.0744492839663652,0.0,2.0,0.0,2.0,0.0,2.0,0.0,0.0,0.0,1.0,1.0,0.0,0.0,0.0,0.0,20.0,0.0,70.40016841888428,-0.025913570076227188,-0.055821888698982386,165.42088573330858,165.42088573330858,165.0,165.0,1.2222974300384521,1.2422091960906982,1.1619207859039307,528,8,a5000000a5000000,165,165,1.181833267211914,1,1,1,1,1,1779078340.172251
1.2512743473052985,0,forward_2mps,2.0,0.0,0.08625034987926483,0.35358530282974243,-0.1117773950099945,1.3618851078415128,-0.022757364192688492,0.0,0.0,0.0,-0.014735289163023408,0.9998914297328896,0.6115193726251359,-0.018027701598502546,0.0,0.0,0.0,-0.0744492839663652,0.0,2.0,0.0,2.0,0.0,2.0,0.0,0.0,0.0,1.0,1.0,0.0,0.0,0.0,0.0,20.0,0.0,70.37946105003357,-0.02412930503487587,-0.055821888698982386,165.42088573330858,165.42088573330858,165.0,165.0,1.2222974300384521,1.2422091960906982,1.2619450092315674,528,8,a5000000a5000000,165,165,1.281895399093628,1,1,1,1,1,1779078340.232246
1.3012743473052986,0,forward_2mps,2.0,0.0,0.0976334810256958,0.39895951747894287,-0.1038631722331047,1.4174860880396243,-0.02452185299707911,0.0,0.0,0.0,-0.01662137998528345,0.9998618553217163,0.5981546825442264,-0.01989255706945922,0.0,0.0,0.0,-0.03939057744546737,0.0,2.0,0.0,2.0,0.0,2.0,0.0,0.0,0.0,1.0,1.0,0.0,0.0,0.0,0.0,20.0,0.0,70.37946105003357,-0.02412930503487587,-0.055821888698982386,165.42088573330858,165.42088573330858,165.0,165.0,1.3220412731170654,1.3422119617462158,1.2619450092315674,528,8,a5000000a5000000,165,165,1.281895399093628,1,1,1,1,1,1779078340.232246
1.3512743473052986,0,forward_2mps,2.0,0.0,0.0976334810256958,0.39895951747894287,-0.1038631722331047,1.4174860880396243,-0.02452185299707911,0.0,0.0,0.0,-0.01662137998528345,0.9998618553217163,0.5981546825442264,-0.01989255706945922,0.0,0.0,0.0,-0.03939057744546737,0.0,2.0,0.0,2.0,0.0,2.0,0.0,0.0,0.0,1.0,1.0,0.0,0.0,0.0,0.0,20.0,0.0,70.18350744247437,-0.011024205945432186,-0.03195693177649575,165.42088573330858,165.42088573330858,165.0,165.0,1.3220412731170654,1.3422119617462158,1.3617424964904785,528,8,a5000000a5000000,165,165,1.381758213043213,1,1,1,1,1,1779078340.3325813
1.4012743473052987,0,forward_2mps,2.0,0.0,0.11583033204078674,0.45732590556144714,-0.1154852956533432,1.474308603770167,-0.026606561032924962,0.0,0.0,0.0,-0.019900064468300373,0.9998019741099522,0.5714330720996584,-0.022756630046523636,0.0,0.0,0.0,-0.07202315805933052,0.0,2.0,0.0,2.0,0.0,2.0,0.0,0.0,0.0,1.0,1.0,0.0,0.0,0.0,0.0,20.0,0.0,70.18350744247437,-0.011024205945432186,-0.03195693177649575,165.42088573330858,165.42088573330858,165.0,165.0,1.422302484512329,1.4419832229614258,1.3617424964904785,528,8,a5000000a5000000,165,165,1.381758213043213,1,1,1,1,1,1779078340.3325813
1.4512743473052987,0,forward_2mps,2.0,0.0,0.11583033204078674,0.45732590556144714,-0.1154852956533432,1.474308603770167,-0.026606561032924962,0.0,0.0,0.0,-0.019900064468300373,0.9998019741099522,0.5714330720996584,-0.022756630046523636,0.0,0.0,0.0,-0.07202315805933052,0.0,2.0,0.0,2.0,0.0,2.0,0.0,0.0,0.0,1.0,1.0,0.0,0.0,0.0,0.0,20.0,0.0,70.18161535263062,0.026911886408925056,-0.10030955132892633,165.42088573330858,165.42088573330858,165.0,165.0,1.422302484512329,1.4419832229614258,1.4618561267852783,528,8,a5000000a5000000,165,165,1.481762170791626,1,1,1,1,1,1779078340.432242
1.5012743473052987,0,forward_2mps,2.0,0.0,0.13211937248706818,0.5031947493553162,-0.09958987683057785,1.531908916130232,-0.02911345407444071,0.0,0.0,0.0,-0.02313435109062365,0.9997323650855842,0.6244156313194157,-0.028914118237140813,0.0,0.0,0.0,-0.06421458763539786,0.0,2.0,0.0,2.0,0.0,2.0,0.0,0.0,0.0,1.0,1.0,0.0,0.0,0.0,0.0,20.0,0.0,70.18161535263062,0.026911886408925056,-0.10030955132892633,165.42088573330858,165.42088573330858,165.0,165.0,1.5220818519592285,1.542039155960083,1.4618561267852783,528,8,a5000000a5000000,165,165,1.481762170791626,1,1,1,1,1,1779078340.432242
1.5512743473052988,0,forward_2mps,2.0,0.0,0.13211937248706818,0.5031947493553162,-0.09958987683057785,1.531908916130232,-0.02911345407444071,0.0,0.0,0.0,-0.02313435109062365,0.9997323650855842,0.6244156313194157,-0.028914118237140813,0.0,0.0,0.0,-0.06421458763539786,0.0,2.0,0.0,2.0,0.0,2.0,0.0,0.0,0.0,1.0,1.0,0.0,0.0,0.0,0.0,20.0,0.0,70.19043111801147,0.07578124105930328,-0.06435985299104799,165.42088573330858,165.42088573330858,165.0,165.0,1.5220818519592285,1.542039155960083,1.561927318572998,528,8,a5000000a5000000,165,165,1.5817406177520752,1,1,1,1,1,1779078340.5322654
1.6012743473052988,0,forward_2mps,2.0,0.0,0.14180631935596466,0.5258715152740479,-0.0967012494802475,1.5894011812812956,-0.03205510358202154,0.0,0.0,0.0,-0.027736713841383643,0.9996152633414924,0.5909249044416969,-0.03281851426878508,0.0,0.0,0.0,-0.10106829136307133,0.0,2.0,0.0,2.0,0.0,2.0,0.0,0.0,0.0,1.0,1.0,0.0,0.0,0.0,0.0,20.0,0.0,70.19043111801147,0.07578124105930328,-0.06435985299104799,165.42088573330858,165.42088573330858,165.0,165.0,1.6220283508300781,1.6419870853424072,1.561927318572998,528,8,a5000000a5000000,165,165,1.5817406177520752,1,1,1,1,1,1779078340.5322654
1.6512743473052989,0,forward_2mps,2.0,0.0,0.14180631935596466,0.5258715152740479,-0.0967012494802475,1.5894011812812956,-0.03205510358202154,0.0,0.0,0.0,-0.027736713841383643,0.9996152633414924,0.5909249044416969,-0.03281851426878508,0.0,0.0,0.0,-0.10106829136307133,0.0,2.0,0.0,2.0,0.0,2.0,0.0,0.0,0.0,1.0,1.0,0.0,0.0,0.0,0.0,20.0,0.0,70.20920419692993,0.0976334810256958,0.005753335222454465,165.42088573330858,165.42088573330858,165.0,165.0,1.6220283508300781,1.6419870853424072,1.6617984771728516,528,8,a5000000a5000000,165,165,1.681776762008667,1,1,1,1,1,1779078340.6322744
1.701274347305299,0,forward_2mps,2.0,0.0,0.14475148916244507,0.5470015406608582,-0.10275617241859436,1.6477157209686883,-0.03557997972657651,0.0,0.0,0.0,-0.03211025466262465,0.9994843328164286,0.5640705883611671,-0.03628103695293889,0.0,0.0,0.0,-0.09214550997730017,0.0,2.0,0.0,2.0,0.0,2.0,0.0,0.0,0.0,1.0,1.0,0.0,0.0,0.0,0.0,20.0,0.0,70.20920419692993,0.0976334810256958,0.005753335222454465,165.42088573330858,165.42088573330858,165.0,165.0,1.7220871448516846,1.7423911094665527,1.6617984771728516,528,8,a5000000a5000000,165,165,1.681776762008667,1,1,1,1,1,1779078340.6322744
1.751274347305299,0,forward_2mps,2.0,0.0,0.14475148916244507,0.5470015406608582,-0.10275617241859436,1.6477157209686883,-0.03557997972657651,0.0,0.0,0.0,-0.03211025466262465,0.9994843328164286,0.5640705883611671,-0.03628103695293889,0.0,0.0,0.0,-0.09214550997730017,0.0,2.0,0.0,2.0,0.0,2.0,0.0,0.0,0.0,1.0,1.0,0.0,0.0,0.0,0.0,20.0,0.0,70.22774386405945,0.13211937248706818,-0.08605498598071709,165.42088573330858,165.42088573330858,165.0,165.0,1.7220871448516846,1.7423911094665527,1.7619824409484863,528,8,a5000000a5000000,165,165,1.7818889617919922,1,1,1,1,1,1779078340.7319005
1.801274347305299,0,forward_2mps,2.0,0.0,0.14604216814041138,0.5496851205825806,-0.09542354941368103,1.7132886213567058,-0.040240608579877137,0.0,0.0,0.0,-0.038423437473810725,0.9992615470699832,0.57019740028456,-0.04391520020513259,0.0,0.0,0.0,-0.10891092964859297,0.0,2.0,0.0,2.0,0.0,2.0,0.0,0.0,0.0,1.0,1.0,0.0,0.0,0.0,0.0,20.0,0.0,70.22774386405945,0.13211937248706818,-0.08605498598071709,165.42088573330858,165.42088573330858,165.0,165.0,1.824469804763794,1.8424921035766602,1.7619824409484863,528,8,a5000000a5000000,165,165,1.7818889617919922,1,1,1,1,1,1779078340.7319005
1.851274347305299,0,forward_2mps,2.0,0.0,0.14604216814041138,0.5496851205825806,-0.09542354941368103,1.7132886213567058,-0.040240608579877137,0.0,0.0,0.0,-0.038423437473810725,0.9992615470699832,0.57019740028456,-0.04391520020513259,0.0,0.0,0.0,-0.10891092964859297,0.0,2.0,0.0,2.0,0.0,2.0,0.0,0.0,0.0,1.0,1.0,0.0,0.0,0.0,0.0,20.0,0.0,70.23669743537903,0.14475148916244507,-0.027900966109305803,165.42088573330858,165.42088573330858,165.0,165.0,1.824469804763794,1.8424921035766602,1.862105369567871,528,8,a5000000a5000000,165,165,1.8819446563720703,1,1,1,1,1,1779078340.8321044
1.901274347305299,0,forward_2mps,2.0,0.0,0.16844990849494934,0.54597407579422,-0.10608476400375366,1.762554165717397,-0.04426940210801307,0.0,0.0,0.0,-0.04254222126497526,0.9990946698936202,0.6029448108992045,-0.051440978511724064,0.0,0.0,0.0,-0.10402058829323385,0.0,2.0,0.0,2.0,0.0,2.0,0.0,0.0,0.0,1.0,1.0,0.0,0.0,0.0,0.0,20.0,0.0,70.23669743537903,0.14475148916244507,-0.027900966109305803,165.42088573330858,165.42088573330858,165.0,165.0,1.9225149154663086,1.9424383640289307,1.862105369567871,528,8,a5000000a5000000,165,165,1.8819446563720703,1,1,1,1,1,1779078340.8321044
1.9512743473052991,0,forward_2mps,2.0,0.0,0.16844990849494934,0.54597407579422,-0.10608476400375366,1.762554165717397,-0.04426940210801307,0.0,0.0,0.0,-0.04254222126497526,0.9990946698936202,0.6029448108992045,-0.051440978511724064,0.0,0.0,0.0,-0.10402058829323385,0.0,2.0,0.0,2.0,0.0,2.0,0.0,0.0,0.0,1.0,1.0,0.0,0.0,0.0,0.0,20.0,0.0,65.04090452194214,0.16844990849494934,-0.06961318306905681,165.42088573330858,165.42088573330858,165.0,165.0,1.9225149154663086,1.9424383640289307,1.962090015411377,528,8,a5000000a5000000,165,165,1.9817774295806885,1,1,1,1,1,1779078340.932118
2.001274347305299,0,stop_after_2mps,0.0,0.0,0.16972148418426514,0.5449889302253723,-0.10820497572422028,1.841560188746334,-0.05174138996073783,0.0,0.0,0.0,-0.050930560118138374,0.9987021968765527,0.562303825668697,-0.05750086899205548,0.0,0.0,0.0,-0.10167272817194044,0.0,2.0,0.0,2.0,0.0,2.0,0.0,0.0,0.0,1.0,1.0,0.0,0.0,0.0,0.0,20.0,0.0,65.04090452194214,0.16844990849494934,-0.06961318306905681,165.42088573330858,165.42088573330858,165.0,165.0,2.0237343311309814,2.0430917739868164,1.962090015411377,528,8,a5000000a5000000,165,165,1.9817774295806885,1,1,1,1,1,1779078340.932118
2.051274347305299,0,stop_after_2mps,0.0,0.0,0.16972148418426514,0.5449889302253723,-0.10820497572422028,1.841560188746334,-0.05174138996073783,0.0,0.0,0.0,-0.050930560118138374,0.9987021968765527,0.562303825668697,-0.05750086899205548,0.0,0.0,0.0,-0.10167272817194044,0.0,2.0,0.0,2.0,0.0,2.0,0.0,0.0,0.0,1.0,1.0,0.0,0.0,0.0,0.0,20.0,0.0,65.00788402557373,0.16345925629138947,-0.06580168243959046,165.42088573330858,165.42088573330858,165.0,165.0,2.0237343311309814,2.0430917739868164,2.0629327297210693,528,8,a5000000a5000000,165,165,2.082829713821411,1,1,1,1,1,1779078341.032162
2.101274347305299,0,stop_after_2mps,0.0,0.0,0.16345925629138947,0.5392736792564392,-0.10721942037343979,1.916003236503858,-0.05993460216405621,0.0,0.0,0.0,-0.05849820154726809,0.9982875139035523,0.5745763124327529,-0.06757070201951094,0.0,0.0,0.0,-0.14254501140938156,0.0,2.0,0.0,2.0,0.0,2.0,0.0,0.0,0.0,1.0,1.0,0.0,0.0,0.0,0.0,20.0,0.0,65.00788402557373,0.16345925629138947,-0.06580168243959046,165.42088573330858,165.42088573330858,165.0,165.0,2.123500347137451,2.1431710720062256,2.0629327297210693,528,8,a5000000a5000000,165,165,2.082829713821411,1,1,1,1,1,1779078341.032162
2.1512743473052987,0,stop_after_2mps,0.0,0.0,0.16345925629138947,0.5392736792564392,-0.10721942037343979,1.916003236503858,-0.05993460216405621,0.0,0.0,0.0,-0.05849820154726809,0.9982875139035523,0.5745763124327529,-0.06757070201951094,0.0,0.0,0.0,-0.14254501140938156,0.0,2.0,0.0,2.0,0.0,2.5380071721227493,0.06393054563692996,0.5380071721227493,0.06393054563692996,0.8726296424865723,0.7833875417709351,-0.21474029123783112,-0.05008239299058914,1.0,0.0,20.0,1.0,1.1401541233062744,0.186195969581604,-0.08958520858534423,165.42088573330858,165.42088573330858,165.0,165.0,2.123500347137451,2.1431710720062256,2.162832260131836,528,8,a5000000a5000000,165,165,2.1828200817108154,1,1,1,1,1,1779078341.132145
2.2012743473052985,0,stop_after_2mps,0.0,0.0,0.16707834601402283,0.5374293923377991,-0.0993141308426857,1.994736251238777,-0.0699324273571029,0.0,0.0,0.0,-0.06727593145292364,0.9977344080701745,0.6457849589226438,-0.08748664646068487,0.0,0.0,0.0,-0.13843968152566188,0.0,2.0,0.0,2.0,0.0,2.5380071721227493,0.06393054563692996,0.5380071721227493,0.06393054563692996,0.8726296424865723,0.7833875417709351,-0.21474029123783112,-0.05008239299058914,1.0,0.0,20.0,1.0,1.1401541233062744,0.186195969581604,-0.08958520858534423,165.42088573330858,165.42088573330858,165.0,165.0,2.2235236167907715,2.2431540489196777,2.162832260131836,528,8,a5000000a5000000,165,165,2.1828200817108154,1,1,1,1,1,1779078341.132145
2.2512743473052983,0,stop_after_2mps,0.0,0.0,0.16707834601402283,0.5374293923377991,-0.0993141308426857,1.994736251238777,-0.0699324273571029,0.0,0.0,0.0,-0.06727593145292364,0.9977344080701745,0.6457849589226438,-0.08748664646068487,0.0,0.0,0.0,-0.13843968152566188,0.0,2.0,0.0,2.0,0.0,2.4394588856605717,-0.031477367991462675,0.4394588856605717,-0.031477367991462675,0.886493980884552,0.7334644794464111,-0.16256561875343323,0.023087531328201294,1.0,0.0,20.0,1.0,1.1399006843566895,0.1782582849264145,-0.0784315444767805,165.42088573330858,165.42088573330858,165.0,165.0,2.2235236167907715,2.2431540489196777,2.2629292011260986,528,8,a5000000a5000000,165,165,2.282942533493042,1,1,1,1,1,1779078341.232161
2.301274347305298,0,stop_after_2mps,0.0,0.0,0.186195969581604,0.5359247922897339,-0.10266293585300446,2.0685304317063387,-0.08050556983115471,0.0,0.0,0.0,-0.07326638053907267,0.997312407163725,0.717050536380487,-0.10592622177627863,0.0,0.0,0.0,-0.015827664379732886,0.0,2.0,0.0,2.0,0.0,2.4394588856605717,-0.031477367991462675,0.4394588856605717,-0.031477367991462675,0.886493980884552,0.7334644794464111,-0.16256561875343323,0.023087531328201294,1.0,0.0,20.0,1.0,1.1399006843566895,0.1782582849264145,-0.0784315444767805,165.42088573330858,165.42088573330858,165.0,165.0,2.3231308460235596,2.3429629802703857,2.2629292011260986,528,8,a5000000a5000000,165,165,2.282942533493042,1,1,1,1,1,1779078341.232161
2.351274347305298,0,stop_after_2mps,0.0,0.0,0.186195969581604,0.5359247922897339,-0.10266293585300446,2.0685304317063387,-0.08050556983115471,0.0,0.0,0.0,-0.07326638053907267,0.997312407163725,0.717050536380487,-0.10592622177627863,0.0,0.0,0.0,-0.015827664379732886,0.0,2.0,0.0,2.0,0.0,2.4374117030591385,-0.03293991618884591,0.43741170305913846,-0.03293991618884591,0.8874767422676086,0.7340067625045776,-0.16314619779586792,0.024178121238946915,1.0,0.0,20.0,1.0,1.1398119926452637,0.21241846680641174,-0.11198764079869555,165.42088573330858,165.42088573330858,165.0,165.0,2.3231308460235596,2.3429629802703857,2.3628041744232178,528,8,a5000000a5000000,165,165,2.3827738761901855,1,1,1,1,1,1779078341.3321295
2.4012743473052978,0,stop_after_2mps,0.0,0.0,0.18687982857227325,0.5336968302726746,-0.10835683345794678,2.1268438162738095,-0.08916368520213484,0.0,0.0,0.0,-0.07419541304944775,0.9972437218064708,0.8155012860987448,-0.12202282566746511,0.0,0.0,0.0,-0.07580968403988869,0.0,2.0,0.0,2.0,0.0,2.4374117030591385,-0.03293991618884591,0.43741170305913846,-0.03293991618884591,0.8874767422676086,0.7340067625045776,-0.16314619779586792,0.024178121238946915,1.0,0.0,20.0,1.0,1.1398119926452637,0.21241846680641174,-0.11198764079869555,165.42088573330858,165.42088573330858,165.0,165.0,2.4232571125030518,2.44293475151062,2.3628041744232178,528,8,a5000000a5000000,165,165,2.3827738761901855,1,1,1,1,1,1779078341.3321295
2.4512743473052976,0,stop_after_2mps,0.0,0.0,0.18687982857227325,0.5336968302726746,-0.10835683345794678,2.1268438162738095,-0.08916368520213484,0.0,0.0,0.0,-0.07419541304944775,0.9972437218064708,0.8155012860987448,-0.12202282566746511,0.0,0.0,0.0,-0.07580968403988869,0.0,2.0,0.0,2.0,0.0,2.4353891989824543,-0.03340021919519323,0.4353891989824543,-0.03340021919519323,0.8882363438606262,0.7331368923187256,-0.1632011979818344,0.024486932903528214,1.0,0.0,20.0,1.0,1.1410598754882812,0.21234944462776184,-0.09615914522136118,165.42088573330858,165.42088573330858,165.0,165.0,2.4232571125030518,2.44293475151062,2.4628968238830566,528,8,a5000000a5000000,165,165,2.482874631881714,1,1,1,1,1,1779078341.4322078
2.5012743473052974,0,stop_after_2mps,0.0,0.0,0.1782582849264145,0.5310550928115845,-0.10864070802927017,2.172198104003149,-0.09613035938189181,0.0,0.0,0.0,-0.07775352179453514,0.9969726123863919,0.8080402337445589,-0.12680881187122323,0.0,0.0,0.0,-0.13865821101557813,0.0,2.0,0.0,2.0,0.0,2.4353891989824543,-0.03340021919519323,0.4353891989824543,-0.03340021919519323,0.8882363438606262,0.7331368923187256,-0.1632011979818344,0.024486932903528214,1.0,0.0,20.0,1.0,1.1410598754882812,0.21234944462776184,-0.09615914522136118,165.42088573330858,165.42088573330858,165.0,165.0,2.5233983993530273,2.543060541152954,2.4628968238830566,528,8,a5000000a5000000,165,165,2.482874631881714,1,1,1,1,1,1779078341.4322078
2.5512743473052972,0,stop_after_2mps,0.0,0.0,0.1782582849264145,0.5310550928115845,-0.10864070802927017,2.172198104003149,-0.09613035938189181,0.0,0.0,0.0,-0.07775352179453514,0.9969726123863919,0.8080402337445589,-0.12680881187122323,0.0,0.0,0.0,-0.13865821101557813,0.0,2.0,0.0,2.0,0.0,2.433520934897457,-0.03485054620671578,0.4335209348974569,-0.03485054620671578,0.889238178730011,0.7331324815750122,-0.16397972404956818,0.02555006742477417,1.0,0.0,20.0,1.0,1.1398136615753174,0.2367730289697647,-0.14367467043319923,165.42088573330858,165.42088573330858,165.0,165.0,2.5233983993530273,2.543060541152954,2.562913179397583,528,8,0000000000000000,0,0,2.5828800201416016,1,1,1,1,1,1779078341.5320969
2.601274347305297,0,stop_after_2mps,0.0,0.0,0.1796908676624298,0.5302093029022217,-0.09769733995199203,2.2006256825566903,-0.10066369992896858,0.0,0.0,0.0,-0.07960537685072364,0.9968264562984142,0.8075635345313535,-0.12980998348886746,0.0,0.0,0.0,-0.0705925290965572,0.0,2.0,0.0,2.0,0.0,2.433520934897457,-0.03485054620671578,0.4335209348974569,-0.03485054620671578,0.889238178730011,0.7331324815750122,-0.16397972404956818,0.02555006742477417,1.0,0.0,20.0,1.0,1.1398136615753174,0.2367730289697647,-0.14367467043319923,165.42088573330858,165.42088573330858,165.0,165.0,2.623267412185669,2.643049478530884,2.562913179397583,528,8,0000000000000000,0,0,2.5828800201416016,1,1,1,1,1,1779078341.5320969
2.651274347305297,0,stop_after_2mps,0.0,0.0,0.1796908676624298,0.5302093029022217,-0.09769733995199203,2.2006256825566903,-0.10066369992896858,0.0,0.0,0.0,-0.07960537685072364,0.9968264562984142,0.8075635345313535,-0.12980998348886746,0.0,0.0,0.0,-0.0705925290965572,0.0,2.0,0.0,2.0,0.0,2.424666323276647,-0.03459714835739496,0.424666323276647,-0.03459714835739496,0.89126056432724,0.7298679947853088,-0.16100947558879852,0.025251351296901703,1.0,0.0,20.0,1.0,1.139448642730713,0.23438677191734314,-0.10392283978098817,165.42088573330858,165.42088573330858,165.0,165.0,2.623267412185669,2.643049478530884,2.6628901958465576,528,8,0000000000000000,0,0,2.6829020977020264,1,1,1,1,1,1779078341.6320784
2.7012743473052967,0,stop_after_2mps,0.0,0.0,0.21241846680641174,0.5219048261642456,-0.09631281346082687,2.2128748544622026,-0.10263814400627537,0.0,0.0,0.0,-0.07988218770859959,0.9968043118320106,0.8074913147642304,-0.1302584764938067,0.0,0.0,0.0,-0.009573154969678633,0.0,2.0,0.0,2.0,0.0,2.424666323276647,-0.03459714835739496,0.424666323276647,-0.03459714835739496,0.89126056432724,0.7298679947853088,-0.16100947558879852,0.025251351296901703,1.0,0.0,20.0,1.0,1.139448642730713,0.23438677191734314,-0.10392283978098817,165.42088573330858,165.42088573330858,165.0,165.0,2.723586082458496,2.743259906768799,2.6628901958465576,528,8,0000000000000000,0,0,2.6829020977020264,1,1,1,1,1,1779078341.6320784
2.7512743473052965,0,stop_after_2mps,0.0,0.0,0.21241846680641174,0.5219048261642456,-0.09631281346082687,2.2128748544622026,-0.10263814400627537,0.0,0.0,0.0,-0.07988218770859959,0.9968043118320106,0.8074913147642304,-0.1302584764938067,0.0,0.0,0.0,-0.009573154969678633,0.0,2.0,0.0,2.0,0.0,2.4279924421177186,-0.036639674050313556,0.4279924421177186,-0.036639674050313556,0.891086757183075,0.7317928671836853,-0.1635519117116928,0.026812652125954628,1.0,0.0,20.0,1.0,1.140068531036377,0.2699560523033142,-0.14254501140938156,165.42088573330858,165.42088573330858,165.0,165.0,2.723586082458496,2.743259906768799,2.762967824935913,528,8,0000000000000000,0,0,2.783020257949829,1,1,1,1,1,1779078341.7320828
2.8012743473052963,0,stop_after_2mps,0.0,0.0,0.21411685645580292,0.5280324220657349,-0.09156250953674316,2.216991380151032,-0.10330203639528004,0.0,0.0,0.0,-0.07986391680517714,0.9968057758623471,0.8271911159277934,-0.1334051886538525,0.0,0.0,0.0,0.004706081480529596,0.0,2.0,0.0,2.0,0.0,2.4279924421177186,-0.036639674050313556,0.4279924421177186,-0.036639674050313556,0.891086757183075,0.7317928671836853,-0.1635519117116928,0.026812652125954628,1.0,0.0,20.0,1.0,1.140068531036377,0.2699560523033142,-0.14254501140938156,165.42088573330858,165.42088573330858,165.0,165.0,2.8238091468811035,2.8432559967041016,2.762967824935913,528,8,0000000000000000,0,0,2.783020257949829,1,1,1,1,1,1779078341.7320828
2.851274347305296,0,stop_after_2mps,0.0,0.0,0.21411685645580292,0.5280324220657349,-0.09156250953674316,2.216991380151032,-0.10330203639528004,0.0,0.0,0.0,-0.07986391680517714,0.9968057758623471,0.8271911159277934,-0.1334051886538525,0.0,0.0,0.0,0.004706081480529596,0.0,2.0,0.0,2.0,0.0,2.417818696766672,-0.036964849224236,0.41781869676667194,-0.036964849224236,0.893390953540802,0.7284044027328491,-0.16005735099315643,0.026925358921289444,1.0,0.0,20.0,1.0,1.1402604579925537,0.2668319642543793,-0.14107387422229956,165.42088573330858,165.42088573330858,165.0,165.0,2.8238091468811035,2.8432559967041016,2.863024950027466,528,8,0000000000000000,0,0,2.882966995239258,1,1,1,1,1,1779078341.8322642
2.901274347305296,0,stop_after_2mps,0.0,0.0,0.21234944462776184,0.5267184376716614,-0.10125492513179779,2.2219207968475057,-0.10409670762577329,0.0,0.0,0.0,-0.07983237243743972,0.9968083026896445,0.8403297093027505,-0.13546954644540599,0.0,0.0,0.0,0.020235358342314505,0.0,2.0,0.0,2.0,0.0,2.417818696766672,-0.036964849224236,0.41781869676667194,-0.036964849224236,0.893390953540802,0.7284044027328491,-0.16005735099315643,0.026925358921289444,1.0,0.0,20.0,1.0,1.1402604579925537,0.2668319642543793,-0.14107387422229956,165.42088573330858,165.42088573330858,165.0,165.0,2.9236154556274414,2.9434421062469482,2.863024950027466,528,8,0000000000000000,0,0,2.882966995239258,1,1,1,1,1,1779078341.8322642
2.951274347305296,0,stop_after_2mps,0.0,0.0,0.21234944462776184,0.5267184376716614,-0.10125492513179779,2.2219207968475057,-0.10409670762577329,0.0,0.0,0.0,-0.07983237243743972,0.9968083026896445,0.8403297093027505,-0.13546954644540599,0.0,0.0,0.0,0.020235358342314505,0.0,2.0,0.0,2.0,0.0,2.4108748164893496,-0.03700726612524674,0.41087481648934965,-0.03700726612524674,0.894667387008667,0.7265759706497192,-0.156931072473526,0.026888590306043625,1.0,0.0,20.0,1.0,1.1397976875305176,0.28592342138290405,-0.11112147379634191,165.42088573330858,165.42088573330858,165.0,165.0,2.9236154556274414,2.9434421062469482,2.9631152153015137,528,8,0000000000000000,0,0,2.9829788208007812,1,1,1,1,1,1779078341.9322195
3.0012743473052956,0,stop_after_2mps,0.0,0.0,0.21623028814792633,0.5315701365470886,-0.10850955545902252,2.2259889190303928,-0.10475196085101957,0.0,0.0,0.0,-0.07976445887648381,0.9968137394218348,0.8075220607748234,-0.13006773420082132,0.0,0.0,0.0,0.02901858227051893,0.0,2.0,0.0,2.0,0.0,2.4108748164893496,-0.03700726612524674,0.41087481648934965,-0.03700726612524674,0.894667387008667,0.7265759706497192,-0.156931072473526,0.026888590306043625,1.0,0.0,20.0,1.0,1.1397976875305176,0.28592342138290405,-0.11112147379634191,165.42088573330858,165.42088573330858,165.0,165.0,3.023637294769287,3.0433294773101807,2.9631152153015137,528,8,0000000000000000,0,0,2.9829788208007812,1,1,1,1,1,1779078341.9322195
3.0512743473052955,0,stop_after_2mps,0.0,0.0,0.21623028814792633,0.5315701365470886,-0.10850955545902252,2.2259889190303928,-0.10475196085101957,0.0,0.0,0.0,-0.07976445887648381,0.9968137394218348,0.8075220607748234,-0.13006773420082132,0.0,0.0,0.0,0.02901858227051893,0.0,0.0,0.0,0.0,0.0,-0.042417691888816556,-0.02945561071058711,-0.042417691888816556,-0.02945561071058711,0.9527312517166138,0.7482171058654785,0.04041266068816185,0.02203919179737568,1.0,0.0,20.0,1.0,1.1414422988891602,0.34260231256484985,-0.018152832035611997,0.0,0.0,0.0,0.0,3.023637294769287,3.0433294773101807,3.063086986541748,528,8,0000000000000000,0,0,3.083017349243164,1,1,1,1,1,1779078342.0332558
3.1012743473052953,0,stop_after_2mps,0.0,0.0,0.2367730289697647,0.5230727791786194,-0.10266049951314926,2.230816389049257,-0.10552840037833715,0.0,0.0,0.0,-0.07965154383969646,0.996822768381598,0.7878551287939086,-0.126716864404133,0.0,0.0,0.0,0.03831539154095881,0.0,0.0,0.0,0.0,0.0,-0.042417691888816556,-0.02945561071058711,-0.042417691888816556,-0.02945561071058711,0.9527312517166138,0.7482171058654785,0.04041266068816185,0.02203919179737568,1.0,0.0,20.0,1.0,1.1414422988891602,0.34260231256484985,-0.018152832035611997,0.0,0.0,0.0,0.0,3.1238858699798584,3.1430556774139404,3.063086986541748,528,8,0000000000000000,0,0,3.083017349243164,1,1,1,1,1,1779078342.0332558
3.151274347305295,0,stop_after_2mps,0.0,0.0,0.2367730289697647,0.5230727791786194,-0.10266049951314926,2.230816389049257,-0.10552840037833715,0.0,0.0,0.0,-0.07965154383969646,0.996822768381598,0.7878551287939086,-0.126716864404133,0.0,0.0,0.0,0.03831539154095881,0.0,0.0,0.0,0.0,0.0,-0.013378281836732535,0.04721967941538037,-0.013378281836732535,0.04721967941538037,0.9348264932632446,0.7288365364074707,0.012506372295320034,-0.03441542759537697,1.0,0.0,20.0,1.0,1.1419553756713867,0.3859795928001404,-0.10159973958958922,0.0,0.0,0.0,0.0,3.1238858699798584,3.1430556774139404,3.1629276275634766,528,8,0000000000000000,0,0,3.1827921867370605,1,1,1,1,1,1779078342.1331203
3.201274347305295,0,stop_after_2mps,0.0,0.0,0.23445457220077515,0.525211751461029,-0.09486408531665802,2.2338523640990036,-0.1060161975597631,0.0,0.0,0.0,-0.07957116153017285,0.9968291881023243,0.8075724438769385,-0.1297545452336143,0.0,0.0,0.0,0.04601342645256103,0.0,0.0,0.0,0.0,0.0,-0.013378281836732535,0.04721967941538037,-0.013378281836732535,0.04721967941538037,0.9348264932632446,0.7288365364074707,0.012506372295320034,-0.03441542759537697,1.0,0.0,20.0,1.0,1.1419553756713867,0.3859795928001404,-0.10159973958958922,0.0,0.0,0.0,0.0,3.223374128341675,3.2431726455688477,3.1629276275634766,528,8,0000000000000000,0,0,3.1827921867370605,1,1,1,1,1,1779078342.1331203
3.2512743473052947,0,stop_after_2mps,0.0,0.0,0.23445457220077515,0.525211751461029,-0.09486408531665802,2.2338523640990036,-0.1060161975597631,0.0,0.0,0.0,-0.07957116153017285,0.9968291881023243,0.8075724438769385,-0.1297545452336143,0.0,0.0,0.0,0.04601342645256103,0.0,0.0,0.0,0.0,0.0,-0.00033676939133373354,0.07764845929160116,-0.00033676939133373354,0.07764845929160116,0.9167501926422119,0.7283356189727783,0.00030873340438120067,-0.05655413866043091,1.0,0.0,20.0,1.0,1.1412873268127441,0.3769058287143707,0.078971142550689,0.0,0.0,0.0,0.0,3.223374128341675,3.2431726455688477,3.262911796569824,528,8,0000000000000000,0,0,3.282883882522583,1,1,1,1,1,1779078342.233365
3.3012743473052946,0,stop_after_2mps,0.0,0.0,0.23438677191734314,0.5287848711013794,-0.10487193614244461,2.2516897518370396,-0.10885308778214706,0.0,0.0,0.0,-0.0787787063993869,0.9968921282756922,0.8012104215039428,-0.12742594623258072,0.0,0.0,0.0,0.07540836730004535,0.0,0.0,0.0,0.0,0.0,-0.00033676939133373354,0.07764845929160116,-0.00033676939133373354,0.07764845929160116,0.9167501926422119,0.7283356189727783,0.00030873340438120067,-0.05655413866043091,1.0,0.0,20.0,1.0,1.1412873268127441,0.3769058287143707,0.078971142550689,0.0,0.0,0.0,0.0,3.3231868743896484,3.3431077003479004,3.262911796569824,528,8,0000000000000000,0,0,3.282883882522583,1,1,1,1,1,1779078342.233365
3.3512743473052944,0,stop_after_2mps,0.0,0.0,0.23438677191734314,0.5287848711013794,-0.10487193614244461,2.2516897518370396,-0.10885308778214706,0.0,0.0,0.0,-0.0787787063993869,0.9968921282756922,0.8012104215039428,-0.12742594623258072,0.0,0.0,0.0,0.07540836730004535,0.0,0.0,0.0,0.0,0.0,-0.004293111905634237,0.07806845496073393,-0.004293111905634237,0.07806845496073393,0.9168953895568848,0.722773015499115,0.003936334513127804,-0.05642577260732651,1.0,0.0,20.0,1.0,1.141336441040039,0.3564586639404297,-0.02972620712567722,0.0,0.0,0.0,0.0,3.3231868743896484,3.3431077003479004,3.3631064891815186,528,8,0000000000000000,0,0,3.382863759994507,1,1,1,1,1,1779078342.3335526
3.401274347305294,0,stop_after_2mps,0.0,0.0,0.23521284759044647,0.530906617641449,-0.10333943367004395,2.2579480941754397,-0.10984468946058915,0.0,0.0,0.0,-0.07848843649153035,0.9969150241304998,0.7815807742539944,-0.12383739426221176,0.0,0.0,0.0,0.07239992368818567,0.0,0.0,0.0,0.0,0.0,-0.004293111905634237,0.07806845496073393,-0.004293111905634237,0.07806845496073393,0.9168953895568848,0.722773015499115,0.003936334513127804,-0.05642577260732651,1.0,0.0,20.0,1.0,1.141336441040039,0.3564586639404297,-0.02972620712567722,0.0,0.0,0.0,0.0,3.4235527515411377,3.4435462951660156,3.3631064891815186,528,8,0000000000000000,0,0,3.382863759994507,1,1,1,1,1,1779078342.3335526
3.451274347305294,0,stop_after_2mps,0.0,0.0,0.23521284759044647,0.530906617641449,-0.10333943367004395,2.2579480941754397,-0.10984468946058915,0.0,0.0,0.0,-0.07848843649153035,0.9969150241304998,0.7815807742539944,-0.12383739426221176,0.0,0.0,0.0,0.07239992368818567,0.0,0.0,0.0,0.0,0.0,-0.006396833418818764,0.08677953960152758,-0.006396833418818764,0.08677953960152758,0.9136288166046143,0.7181503176689148,0.005844331346452236,-0.06232075393199921,1.0,0.0,20.0,1.0,1.1408607959747314,0.27372390031814575,0.01011528357654261,0.0,0.0,0.0,0.0,3.4235527515411377,3.4435462951660156,3.4629149436950684,528,8,0000000000000000,0,0,3.4828999042510986,1,1,1,1,1,1779078342.4333665
3.501274347305294,0,stop_after_2mps,0.0,0.0,0.2699560523033142,0.5239816904067993,-0.10144422203302383,2.259902407840526,-0.1101539708411917,0.0,0.0,0.0,-0.07839651874881425,0.996922256672037,0.7881716944928804,-0.12473270497950177,0.0,0.0,0.0,0.07413514585884272,0.0,0.0,0.0,0.0,0.0,-0.006396833418818764,0.08677953960152758,-0.006396833418818764,0.08677953960152758,0.9136288166046143,0.7181503176689148,0.005844331346452236,-0.06232075393199921,1.0,0.0,20.0,1.0,1.1408607959747314,0.27372390031814575,0.01011528357654261,0.0,0.0,0.0,0.0,3.523378610610962,3.543163299560547,3.4629149436950684,528,8,0000000000000000,0,0,3.4828999042510986,1,1,1,1,1,1779078342.4333665
3.5512743473052937,0,stop_after_2mps,0.0,0.0,0.2699560523033142,0.5239816904067993,-0.10144422203302383,2.259902407840526,-0.1101539708411917,0.0,0.0,0.0,-0.07839651874881425,0.996922256672037,0.7881716944928804,-0.12473270497950177,0.0,0.0,0.0,0.07413514585884272,0.0,0.0,0.0,0.0,0.0,-0.0040360560711536,0.096330816285643,-0.0040360560711536,0.096330816285643,0.9098014831542969,0.717578649520874,0.00367200979962945,-0.06912493705749512,1.0,0.0,20.0,1.0,1.1399171352386475,0.19580692052841187,0.008382553371500158,0.0,0.0,0.0,0.0,3.523378610610962,3.543163299560547,3.562964677810669,528,8,0000000000000000,0,0,3.582815170288086,1,1,1,1,1,1779078342.5332932
3.6012743473052935,0,stop_after_2mps,0.0,0.0,0.2739623785018921,0.5267122983932495,-0.10481375455856323,2.2666311988550105,-0.1112142986488108,0.0,0.0,0.0,-0.07806822919911112,0.9969480184993172,0.8013912334161423,-0.12628381647522544,0.0,0.0,0.0,0.07857601614149581,0.0,0.0,0.0,0.0,0.0,-0.0040360560711536,0.096330816285643,-0.0040360560711536,0.096330816285643,0.9098014831542969,0.717578649520874,0.00367200979962945,-0.06912493705749512,1.0,0.0,20.0,1.0,1.1399171352386475,0.19580692052841187,0.008382553371500158,0.0,0.0,0.0,0.0,3.6233408451080322,3.6431381702423096,3.562964677810669,528,8,0000000000000000,0,0,3.582815170288086,1,1,1,1,1,1779078342.5332932
3.6512743473052933,0,stop_after_2mps,0.0,0.0,0.2739623785018921,0.5267122983932495,-0.10481375455856323,2.2666311988550105,-0.1112142986488108,0.0,0.0,0.0,-0.07806822919911112,0.9969480184993172,0.8013912334161423,-0.12628381647522544,0.0,0.0,0.0,0.07857601614149581,0.0,0.0,0.0,0.0,0.0,-0.003693461872222548,0.09866088654742548,-0.003693461872222548,0.09866088654742548,0.909134030342102,0.7165849804878235,0.003357851877808571,-0.07069890946149826,1.0,0.0,20.0,1.0,1.1409757137298584,0.13553987443447113,-0.01692243722292136,0.0,0.0,0.0,0.0,3.6233408451080322,3.6431381702423096,3.6629488468170166,528,8,0000000000000000,0,0,3.682818651199341,1,1,1,1,1,1779078342.6337557
3.701274347305293,0,stop_after_2mps,0.0,0.0,0.2668319642543793,0.5263477563858032,-0.10489260405302048,2.267411948763228,-0.11133726693602602,0.0,0.0,0.0,-0.0780290714255483,0.9969510840620349,0.8079700130858654,-0.12725545989143067,0.0,0.0,0.0,0.078971142550689,0.0,0.0,0.0,0.0,0.0,-0.003693461872222548,0.09866088654742548,-0.003693461872222548,0.09866088654742548,0.909134030342102,0.7165849804878235,0.003357851877808571,-0.07069890946149826,1.0,0.0,20.0,1.0,1.1409757137298584,0.13553987443447113,-0.01692243722292136,0.0,0.0,0.0,0.0,3.7234787940979004,3.7431836128234863,3.6629488468170166,528,8,0000000000000000,0,0,3.682818651199341,1,1,1,1,1,1779078342.6337557
3.751274347305293,0,stop_after_2mps,0.0,0.0,0.2668319642543793,0.5263477563858032,-0.10489260405302048,2.267411948763228,-0.11133726693602602,0.0,0.0,0.0,-0.0780290714255483,0.9969510840620349,0.8079700130858654,-0.12725545989143067,0.0,0.0,0.0,0.078971142550689,0.0,0.0,0.0,0.0,0.0,-0.0026395010684734646,0.10318003174221425,-0.0026395010684734646,0.10318003174221425,0.9081636071205139,0.7147551774978638,0.0023970988113433123,-0.07374846190214157,1.0,0.0,20.0,1.0,1.1413233280181885,0.09568770229816437,0.01737900554632527,0.0,0.0,0.0,0.0,3.7234787940979004,3.7431836128234863,3.7630198001861572,528,8,0000000000000000,0,0,3.782916784286499,1,1,1,1,1,1779078342.733329
3.801274347305293,0,stop_after_2mps,0.0,0.0,0.26813870668411255,0.5244695544242859,-0.11664600670337677,2.2760675954991707,-0.11269355231439983,0.0,0.0,0.0,-0.07763671846301187,0.9969817149508284,0.8146395989487365,-0.12764889908346805,0.0,0.0,0.0,0.06890928722791859,0.0,0.0,0.0,0.0,0.0,-0.0026395010684734646,0.10318003174221425,-0.0026395010684734646,0.10318003174221425,0.9081636071205139,0.7147551774978638,0.0023970988113433123,-0.07374846190214157,1.0,0.0,20.0,1.0,1.1413233280181885,0.09568770229816437,0.01737900554632527,0.0,0.0,0.0,0.0,3.8234472274780273,3.8432300090789795,3.7630198001861572,528,8,0000000000000000,0,0,3.782916784286499,1,1,1,1,1,1779078342.733329
3.8512743473052926,0,stop_after_2mps,0.0,0.0,0.26813870668411255,0.5244695544242859,-0.11664600670337677,2.2760675954991707,-0.11269355231439983,0.0,0.0,0.0,-0.07763671846301187,0.9969817149508284,0.8146395989487365,-0.12764889908346805,0.0,0.0,0.0,0.06890928722791859,0.0,0.0,0.0,0.0,0.0,-0.0030007703001568384,0.10693274175821783,-0.0030007703001568384,0.10693274175821783,0.9090518951416016,0.7117526531219482,0.0027278559282422066,-0.07610966265201569,1.0,0.0,20.0,1.0,1.1409096717834473,0.06410948932170868,-0.005045102197386393,0.0,0.0,0.0,0.0,3.8234472274780273,3.8432300090789795,3.8629422187805176,528,8,0000000000000000,0,0,3.8828814029693604,1,1,1,1,1,1779078342.833401
3.9012743473052924,0,stop_after_2mps,0.0,0.0,0.28592342138290405,0.5006715655326843,-0.0954732894897461,2.277172925305918,-0.11286664567552666,0.0,0.0,0.0,-0.07759055844743791,0.9969853084372983,0.781802568256225,-0.12242937216656193,0.0,0.0,0.0,0.06688365051047387,0.0,0.0,0.0,0.0,0.0,-0.0030007703001568384,0.10693274175821783,-0.0030007703001568384,0.10693274175821783,0.9090518951416016,0.7117526531219482,0.0027278559282422066,-0.07610966265201569,1.0,0.0,20.0,1.0,1.1409096717834473,0.06410948932170868,-0.005045102197386393,0.0,0.0,0.0,0.0,3.923532247543335,3.943274736404419,3.8629422187805176,528,8,0000000000000000,0,0,3.8828814029693604,1,1,1,1,1,1779078342.833401
3.9512743473052923,0,stop_after_2mps,0.0,0.0,0.28592342138290405,0.5006715655326843,-0.0954732894897461,2.277172925305918,-0.11286664567552666,0.0,0.0,0.0,-0.07759055844743791,0.9969853084372983,0.781802568256225,-0.12242937216656193,0.0,0.0,0.0,0.06688365051047387,0.0,0.0,0.0,0.0,0.0,-0.004524898034337663,0.10865380056770459,-0.004524898034337663,0.10865380056770459,0.9108917713165283,0.7090764045715332,0.004121692385524511,-0.07704384624958038,1.0,0.0,20.0,1.0,1.1413369178771973,0.03981262817978859,-0.0036657051267432943,0.0,0.0,0.0,0.0,3.923532247543335,3.943274736404419,3.963017702102661,528,8,0000000000000000,0,0,3.982863187789917,1,1,1,1,1,1779078342.933261
4.0012743473052925,0,forward_4mps,4.0,0.0,0.28703412413597107,0.5059130191802979,-0.09426166862249374,2.284756180742432,-0.11404979508314846,0.0,0.0,0.0,-0.0773095266330816,0.9970071399402157,0.7621604191122711,-0.11891326303521749,0.0,0.0,0.0,0.04695610479554538,0.0,0.0,0.0,0.0,0.0,-0.004524898034337663,0.10865380056770459,-0.004524898034337663,0.10865380056770459,0.9108917713165283,0.7090764045715332,0.004121692385524511,-0.07704384624958038,1.0,0.0,20.0,1.0,1.1413369178771973,0.03981262817978859,-0.0036657051267432943,0.0,0.0,0.0,0.0,4.02461838722229,4.0445029735565186,3.963017702102661,528,8,0000000000000000,0,0,3.982863187789917,1,1,1,1,1,1779078342.933261
4.051274347305292,0,forward_4mps,4.0,0.0,0.28703412413597107,0.5059130191802979,-0.09426166862249374,2.284756180742432,-0.11404979508314846,0.0,0.0,0.0,-0.0773095266330816,0.9970071399402157,0.7621604191122711,-0.11891326303521749,0.0,0.0,0.0,0.04695610479554538,0.0,0.0,0.0,0.0,0.0,-0.016207771905098783,0.11691274464458519,-0.016207771905098783,0.11691274464458519,0.9188719987869263,0.7041373252868652,0.014892867766320705,-0.0823226273059845,1.0,0.0,20.0,1.0,1.1417503356933594,0.024182170629501343,0.0071884695830807255,0.0,0.0,0.0,0.0,4.02461838722229,4.0445029735565186,4.064238786697388,528,8,0000000000000000,0,0,4.0842604637146,1,1,1,1,1,1779078343.0337048
4.101274347305292,0,forward_4mps,4.0,0.0,0.34260231256484985,0.571254551410675,-0.09924119710922241,2.311010953600567,-0.11813387209277953,0.0,0.0,0.0,-0.07706752655693971,0.9970258754668283,0.7622180555675523,-0.11854325941990651,0.0,0.0,0.0,-0.004864660595852408,0.0,0.0,0.0,0.0,0.0,-0.016207771905098783,0.11691274464458519,-0.016207771905098783,0.11691274464458519,0.9188719987869263,0.7041373252868652,0.014892867766320705,-0.0823226273059845,1.0,0.0,20.0,1.0,1.1417503356933594,0.024182170629501343,0.0071884695830807255,0.0,0.0,0.0,0.0,4.12473464012146,4.144827604293823,4.064238786697388,528,8,0000000000000000,0,0,4.0842604637146,1,1,1,1,1,1779078343.0337048
4.151274347305292,0,forward_4mps,4.0,0.0,0.34260231256484985,0.571254551410675,-0.09924119710922241,2.311010953600567,-0.11813387209277953,0.0,0.0,0.0,-0.07706752655693971,0.9970258754668283,0.7622180555675523,-0.11854325941990651,0.0,0.0,0.0,-0.004864660595852408,0.0,0.0,0.0,0.0,0.0,-0.07884955248297006,0.20997558467194752,-0.07884955248297006,0.20997558467194752,0.990751326084137,0.8196108341217041,0.07812029868364334,-0.17209826409816742,1.0,0.0,20.0,1.0,1.139554500579834,0.0064216675236821175,-0.0020180245199863307,0.0,0.0,0.0,0.0,4.12473464012146,4.144827604293823,4.164455890655518,528,8,0000000000000000,0,0,4.184289216995239,1,1,1,1,1,1779078343.1331952
4.201274347305292,0,forward_4mps,4.0,0.0,0.3721213638782501,0.6526811718940735,-0.10833782702684402,2.4634097085491815,-0.14200022109008384,0.0,0.0,0.0,-0.07716115133313092,0.9970186340911316,0.0,-0.0,0.0,0.0,0.0,0.0005353495836595192,0.0,0.0,0.0,0.0,0.0,-0.07884955248297006,0.20997558467194752,-0.07884955248297006,0.20997558467194752,0.990751326084137,0.8196108341217041,0.07812029868364334,-0.17209826409816742,1.0,0.0,20.0,1.0,1.139554500579834,0.0064216675236821175,-0.0020180245199863307,0.0,0.0,0.0,0.0,4.224440097808838,4.244282960891724,4.164455890655518,528,8,0000000000000000,0,0,4.184289216995239,1,1,1,1,1,1779078343.1331952
4.251274347305292,0,forward_4mps,4.0,0.0,0.3721213638782501,0.6526811718940735,-0.10833782702684402,2.4634097085491815,-0.14200022109008384,0.0,0.0,0.0,-0.07716115133313092,0.9970186340911316,0.0,-0.0,0.0,0.0,0.0,0.0005353495836595192,0.0,0.0,0.0,0.0,0.0,-0.07862363149181421,0.21009465456693505,-0.07862363149181421,0.21009465456693505,0.9904884696006775,0.8196329474449158,0.07787580043077469,-0.1722005009651184,1.0,0.0,20.0,1.0,1.1401886940002441,-0.00016007653903216124,0.0007011875184841946,0.0,0.0,0.0,0.0,4.224440097808838,4.244282960891724,4.264128923416138,528,8,0000000000000000,0,0,4.2841269969940186,1,1,1,1,1,1779078343.2332523
4.3012743473052915,0,forward_4mps,4.0,0.0,0.3859795928001404,0.6911702752113342,-0.10968390852212906,2.623094235943335,-0.1667570389398668,0.0,0.0,0.0,-0.0772002636750432,0.9970156063414974,1.9448895986318968,-0.3030075681078536,0.0,0.0,0.0,-0.029133426566365722,0.0,0.0,0.0,0.0,0.0,-0.07862363149181421,0.21009465456693505,-0.07862363149181421,0.21009465456693505,0.9904884696006775,0.8196329474449158,0.07787580043077469,-0.1722005009651184,1.0,0.0,20.0,1.0,1.1401886940002441,-0.00016007653903216124,0.0007011875184841946,0.0,0.0,0.0,0.0,4.324424982070923,4.344280242919922,4.264128923416138,528,8,0000000000000000,0,0,4.2841269969940186,1,1,1,1,1,1779078343.2332523
4.351274347305291,0,forward_4mps,4.0,0.0,0.3859795928001404,0.6911702752113342,-0.10968390852212906,2.623094235943335,-0.1667570389398668,0.0,0.0,0.0,-0.0772002636750432,0.9970156063414974,1.9448895986318968,-0.3030075681078536,0.0,0.0,0.0,-0.029133426566365722,0.0,0.0,0.0,0.0,0.0,-0.07795223144761827,0.2105966968803207,-0.07795223144761827,0.2105966968803207,0.9898289442062378,0.8195946216583252,0.07715937495231628,-0.17260392010211945,1.0,0.0,20.0,1.0,1.1395165920257568,-0.004257644526660442,-0.0020360748222601308,0.0,0.0,0.0,0.0,4.324424982070923,4.344280242919922,4.364163875579834,528,8,0000000000000000,0,0,4.384040117263794,1,1,1,1,1,1779078343.3333142
4.401274347305291,0,forward_4mps,4.0,0.0,0.3800007104873657,0.6901624798774719,-0.10860297083854675,2.7900924269347547,-0.19283583164386714,0.0,0.0,0.0,-0.0772637149300994,0.9970106911940314,2.0302667693094594,-0.3165737532917651,0.0,0.0,0.0,0.004072965472264484,0.0,0.0,0.0,0.0,0.0,-0.07795223144761827,0.2105966968803207,-0.07795223144761827,0.2105966968803207,0.9898289442062378,0.8195946216583252,0.07715937495231628,-0.17260392010211945,1.0,0.0,20.0,1.0,1.1395165920257568,-0.004257644526660442,-0.0020360748222601308,0.0,0.0,0.0,0.0,4.424775123596191,4.444570064544678,4.364163875579834,528,8,0000000000000000,0,0,4.384040117263794,1,1,1,1,1,1779078343.3333142
4.451274347305291,0,forward_4mps,4.0,0.0,0.3800007104873657,0.6901624798774719,-0.10860297083854675,2.7900924269347547,-0.19283583164386714,0.0,0.0,0.0,-0.0772637149300994,0.9970106911940314,2.0302667693094594,-0.3165737532917651,0.0,0.0,0.0,0.004072965472264484,0.0,0.0,0.0,0.0,0.0,-0.07755450682147334,0.21102189429012347,-0.07755450682147334,0.21102189429012347,0.9895073771476746,0.8194427490234375,0.07674075663089752,-0.172920361161232,1.0,0.0,20.0,1.0,1.139925241470337,-0.006634917110204697,0.0005353495836595192,0.0,0.0,0.0,0.0,4.424775123596191,4.444570064544678,4.464332103729248,528,8,0000000000000000,0,0,4.4842529296875,1,1,1,1,1,1779078343.4333186
4.501274347305291,0,forward_4mps,4.0,0.0,0.3769058287143707,0.686715841293335,-0.09630566090345383,2.973261605697901,-0.22130517856284604,0.0,0.0,0.0,-0.0765393276927382,0.9970665631322433,2.0307246319633805,-0.3136232851251604,0.0,0.0,0.0,0.010602840374837687,0.0,0.0,0.0,0.0,0.0,-0.07755450682147334,0.21102189429012347,-0.07755450682147334,0.21102189429012347,0.9895073771476746,0.8194427490234375,0.07674075663089752,-0.172920361161232,1.0,0.0,20.0,1.0,1.139925241470337,-0.006634917110204697,0.0005353495836595192,0.0,0.0,0.0,0.0,4.524487495422363,4.5443737506866455,4.464332103729248,528,8,0000000000000000,0,0,4.4842529296875,1,1,1,1,1,1779078343.4333186
4.551274347305291,0,forward_4mps,4.0,0.0,0.3769058287143707,0.686715841293335,-0.09630566090345383,2.973261605697901,-0.22130517856284604,0.0,0.0,0.0,-0.0765393276927382,0.9970665631322433,2.0307246319633805,-0.3136232851251604,0.0,0.0,0.0,0.010602840374837687,0.0,0.0,0.0,0.0,0.0,-0.0773326959864316,0.2112091409651252,-0.0773326959864316,0.2112091409651252,0.9893162846565247,0.8193717002868652,0.07650649547576904,-0.17305879294872284,1.0,0.0,20.0,1.0,1.140052080154419,-0.00602579303085804,0.0008792505419000219,0.0,0.0,0.0,0.0,4.524487495422363,4.5443737506866455,4.564136028289795,528,8,4b0100004b010000,331,331,4.584283351898193,1,1,1,1,1,1779078343.5332146
4.60127434730529,0,forward_4mps,4.0,0.0,0.366604745388031,0.6733976602554321,-0.11221308261156082,3.228259920868307,-0.2603919056396878,0.0,0.0,0.0,-0.0758180821609146,0.9971216668077376,2.195510869893683,-0.3358214554083985,0.0,0.0,0.0,-0.013377827722455791,0.0,0.0,0.0,0.0,0.0,-0.0773326959864316,0.2112091409651252,-0.0773326959864316,0.2112091409651252,0.9893162846565247,0.8193717002868652,0.07650649547576904,-0.17305879294872284,1.0,0.0,20.0,1.0,1.140052080154419,-0.00602579303085804,0.0008792505419000219,0.0,0.0,0.0,0.0,4.624495267868042,4.6443023681640625,4.564136028289795,528,8,4b0100004b010000,331,331,4.584283351898193,1,1,1,1,1,1779078343.5332146
4.65127434730529,0,forward_4mps,4.0,0.0,0.366604745388031,0.6733976602554321,-0.11221308261156082,3.228259920868307,-0.2603919056396878,0.0,0.0,0.0,-0.0758180821609146,0.9971216668077376,2.195510869893683,-0.3358214554083985,0.0,0.0,0.0,-0.013377827722455791,0.0,0.0,0.0,0.0,0.0,-0.07683663106761009,0.21167862354435046,-0.07683663106761009,0.21167862354435046,0.9889721870422363,0.819254457950592,0.07598929107189178,-0.17341865599155426,1.0,0.0,20.0,1.0,1.139636754989624,-0.005749912932515144,0.0017197918470903562,0.0,0.0,0.0,0.0,4.624495267868042,4.6443023681640625,4.6641950607299805,528,8,4b0100004b010000,331,331,4.684100389480591,1,1,1,1,1,1779078343.6332896
4.70127434730529,0,forward_4mps,4.0,0.0,0.3564586639404297,0.6435580849647522,-0.09584507346153259,3.4876528058560257,-0.30009035426498454,0.0,0.0,0.0,-0.07560018447100285,0.9971382111362248,2.511201013764354,-0.3829857383236842,0.0,0.0,0.0,0.032946225155424114,0.0,0.0,0.0,0.0,0.0,-0.07683663106761009,0.21167862354435046,-0.07683663106761009,0.21167862354435046,0.9889721870422363,0.819254457950592,0.07598929107189178,-0.17341865599155426,1.0,0.0,20.0,1.0,1.139636754989624,-0.005749912932515144,0.0017197918470903562,0.0,0.0,0.0,0.0,4.724378824234009,4.744241237640381,4.6641950607299805,528,8,4b0100004b010000,331,331,4.684100389480591,1,1,1,1,1,1779078343.6332896
4.75127434730529,0,forward_4mps,4.0,0.0,0.3564586639404297,0.6435580849647522,-0.09584507346153259,3.4876528058560257,-0.30009035426498454,0.0,0.0,0.0,-0.07560018447100285,0.9971382111362248,2.511201013764354,-0.3829857383236842,0.0,0.0,0.0,0.032946225155424114,0.0,0.0,0.0,0.0,0.0,-0.0764550957665283,0.21199373182340467,-0.0764550957665283,0.21199373182340467,0.9887186288833618,0.8192459940910339,0.07559257745742798,-0.17367501556873322,1.0,0.0,20.0,1.0,1.140498161315918,-0.006640905048698187,-8.000059045588188e-05,0.0,0.0,0.0,0.0,4.724378824234009,4.744241237640381,4.764249563217163,528,8,4b0100004b010000,331,331,4.784137010574341,1,1,1,1,1,1779078343.7336924
4.80127434730529,0,forward_4mps,4.0,0.0,0.32678648829460144,0.5884233117103577,-0.0911492258310318,3.7659825574530945,-0.34185429928084965,0.0,0.0,0.0,-0.07323095814548365,0.9973150087956635,2.73666195034597,-0.404074483679315,0.0,0.0,0.0,0.039531990063699854,0.0,0.0,0.0,0.0,0.0,-0.0764550957665283,0.21199373182340467,-0.0764550957665283,0.21199373182340467,0.9887186288833618,0.8192459940910339,0.07559257745742798,-0.17367501556873322,1.0,0.0,20.0,1.0,1.140498161315918,-0.006640905048698187,-8.000059045588188e-05,0.0,0.0,0.0,0.0,4.824856519699097,4.8444459438323975,4.764249563217163,528,8,4b0100004b010000,331,331,4.784137010574341,1,1,1,1,1,1779078343.7336924
4.8512743473052895,0,forward_4mps,4.0,0.0,0.32678648829460144,0.5884233117103577,-0.0911492258310318,3.7659825574530945,-0.34185429928084965,0.0,0.0,0.0,-0.07323095814548365,0.9973150087956635,2.73666195034597,-0.404074483679315,0.0,0.0,0.0,0.039531990063699854,0.0,0.0,0.0,0.0,0.0,-0.07630229491955519,0.21211044592992198,-0.07630229491955519,0.21211044592992198,0.9886043071746826,0.8192435503005981,0.07543277740478516,-0.17377011477947235,1.0,0.0,20.0,1.0,1.14013671875,-0.0065631200559437275,9.745507572404868e-05,0.0,0.0,0.0,0.0,4.824856519699097,4.8444459438323975,4.864097356796265,528,8,4b0100004b010000,331,331,4.884080171585083,1,1,1,1,1,1779078343.8333914
4.901274347305289,0,forward_4mps,4.0,0.0,0.27372390031814575,0.4856083393096924,-0.0936095267534256,3.9311685617441894,-0.3661571794204984,0.0,0.0,0.0,-0.07296166077593422,0.997334746239605,2.901355714977618,-0.4267910219062501,0.0,0.0,0.0,-0.015309902805907414,0.0,0.0,0.0,0.0,0.0,-0.07630229491955519,0.21211044592992198,-0.07630229491955519,0.21211044592992198,0.9886043071746826,0.8192435503005981,0.07543277740478516,-0.17377011477947235,1.0,0.0,20.0,1.0,1.14013671875,-0.0065631200559437275,9.745507572404868e-05,0.0,0.0,0.0,0.0,4.924352169036865,4.944516658782959,4.864097356796265,528,8,4b0100004b010000,331,331,4.884080171585083,1,1,1,1,1,1779078343.8333914
4.951274347305289,0,forward_4mps,4.0,0.0,0.27372390031814575,0.4856083393096924,-0.0936095267534256,3.9311685617441894,-0.3661571794204984,0.0,0.0,0.0,-0.07296166077593422,0.997334746239605,2.901355714977618,-0.4267910219062501,0.0,0.0,0.0,-0.015309902805907414,0.0,0.0,0.0,0.0,0.0,-0.07603420071986662,0.2123330582194681,-0.07603420071986662,0.2123330582194681,0.9884281158447266,0.8192427158355713,0.07515434175729752,-0.17395231127738953,1.0,0.0,20.0,1.0,1.1394474506378174,-0.004683749750256538,0.0016953442064721643,0.0,0.0,0.0,0.0,4.924352169036865,4.944516658782959,4.964368104934692,528,8,4b0100004b010000,331,331,4.984045505523682,1,1,1,1,1,1779078343.9332485
5.001274347305289,0,stop_after_4mps,0.0,0.0,0.19580692052841187,0.32065269351005554,-0.0961623266339302,4.274225310319791,-0.41636340289243695,0.0,0.0,0.0,-0.07184792866990188,0.9974155980060893,3.0273441164712094,-0.4384188961327569,0.0,0.0,0.0,0.04062258236264126,0.0,0.0,0.0,0.0,0.0,-0.07603420071986662,0.2123330582194681,-0.07603420071986662,0.2123330582194681,0.9884281158447266,0.8192427158355713,0.07515434175729752,-0.17395231127738953,1.0,0.0,20.0,1.0,1.1394474506378174,-0.004683749750256538,0.0016953442064721643,0.0,0.0,0.0,0.0,5.02729868888855,5.047159194946289,4.964368104934692,528,8,4b0100004b010000,331,331,4.984045505523682,1,1,1,1,1,1779078343.9332485
5.051274347305289,0,stop_after_4mps,0.0,0.0,0.19580692052841187,0.32065269351005554,-0.0961623266339302,4.274225310319791,-0.41636340289243695,0.0,0.0,0.0,-0.07184792866990188,0.9974155980060893,3.0273441164712094,-0.4384188961327569,0.0,0.0,0.0,0.04062258236264126,0.0,4.0,0.0,4.0,0.0,3.0,0.20031152923919668,-1.0,0.20031152923919668,1.1981065273284912,0.8848689198493958,0.13035137951374054,-0.17724944651126862,1.0,0.0,20.0,1.0,1.1412320137023926,-0.004691974259912968,0.006011040560902499,330.84177146661716,330.84177146661716,331.0,331.0,5.02729868888855,5.047159194946289,5.0668275356292725,528,8,4b0100004b010000,331,331,5.086739778518677,1,1,1,1,1,1779078344.0347865
5.101274347305289,0,stop_after_4mps,0.0,0.0,0.13553987443447113,0.2046387940645218,-0.09581705927848816,4.643037828087901,-0.46898046347383393,0.0,0.0,0.0,-0.07017671237905325,0.9975345753605073,3.153898664335813,-0.44596165080257877,0.0,0.0,0.0,-0.004770140822856272,0.0,4.0,0.0,4.0,0.0,3.0,0.20031152923919668,-1.0,0.20031152923919668,1.1981065273284912,0.8848689198493958,0.13035137951374054,-0.17724944651126862,1.0,0.0,20.0,1.0,1.1412320137023926,-0.004691974259912968,0.006011040560902499,330.84177146661716,330.84177146661716,331.0,331.0,5.126963138580322,5.147111892700195,5.0668275356292725,528,8,4b0100004b010000,331,331,5.086739778518677,1,1,1,1,1,1779078344.0347865
5.151274347305288,0,stop_after_4mps,0.0,0.0,0.13553987443447113,0.2046387940645218,-0.09581705927848816,4.643037828087901,-0.46898046347383393,0.0,0.0,0.0,-0.07017671237905325,0.9975345753605073,3.153898664335813,-0.44596165080257877,0.0,0.0,0.0,-0.004770140822856272,0.0,4.0,0.0,4.0,0.0,3.0,0.19705977564765312,-1.0,0.19705977564765312,1.1928132772445679,0.9036803841590881,0.11067885160446167,-0.1780790537595749,1.0,0.0,20.0,1.0,1.1425602436065674,0.15852215886116028,-0.018830371208618656,330.84177146661716,330.84177146661716,331.0,331.0,5.126963138580322,5.147111892700195,5.166844844818115,528,8,4b0100004b010000,331,331,5.186806678771973,1,1,1,1,1,1779078344.1345172
5.201274347305288,0,stop_after_4mps,0.0,0.0,0.09568770229816437,0.1166074275970459,-0.09696096181869507,4.934454860604194,-0.5100642204910418,0.0,0.0,0.0,-0.06925286491517252,0.9975991382820261,3.154719264727281,-0.4401192334406119,0.0,0.0,0.0,0.03339391710185718,0.0,4.0,0.0,4.0,0.0,3.0,0.19705977564765312,-1.0,0.19705977564765312,1.1928132772445679,0.9036803841590881,0.11067885160446167,-0.1780790537595749,1.0,0.0,20.0,1.0,1.1425602436065674,0.15852215886116028,-0.018830371208618656,330.84177146661716,330.84177146661716,331.0,331.0,5.2274816036224365,5.247241735458374,5.166844844818115,528,8,4b0100004b010000,331,331,5.186806678771973,1,1,1,1,1,1779078344.1345172
5.251274347305288,0,stop_after_4mps,0.0,0.0,0.09568770229816437,0.1166074275970459,-0.09696096181869507,4.934454860604194,-0.5100642204910418,0.0,0.0,0.0,-0.06925286491517252,0.9975991382820261,3.154719264727281,-0.4401192334406119,0.0,0.0,0.0,0.03339391710185718,0.0,4.0,0.0,4.0,0.0,3.0,0.19053515922872782,-1.0,0.19053515922872782,1.184355616569519,0.9232785701751709,0.09313377737998962,-0.17591702938079834,1.0,0.0,20.0,1.0,1.140834093093872,0.3747532367706299,0.02873313379447727,330.84177146661716,330.84177146661716,331.0,331.0,5.2274816036224365,5.247241735458374,5.266900300979614,528,8,4b0100004b010000,331,331,5.286903381347656,1,1,1,1,1,1779078344.23427
5.301274347305288,0,stop_after_4mps,0.0,0.0,0.06410948932170868,0.058172132819890976,-0.09768231213092804,5.137235627801955,-0.5378986317033544,0.0,0.0,0.0,-0.06730127903996495,0.9977326985919549,3.1300586082664723,-0.42420145893731964,0.0,0.0,0.0,0.046586314493566365,0.0,4.0,0.0,4.0,0.0,3.0,0.19053515922872782,-1.0,0.19053515922872782,1.184355616569519,0.9232785701751709,0.09313377737998962,-0.17591702938079834,1.0,0.0,20.0,1.0,1.140834093093872,0.3747532367706299,0.02873313379447727,330.84177146661716,330.84177146661716,331.0,331.0,5.327404499053955,5.347176790237427,5.266900300979614,528,8,4b0100004b010000,331,331,5.286903381347656,1,1,1,1,1,1779078344.23427
5.351274347305288,0,stop_after_4mps,0.0,0.0,0.06410948932170868,0.058172132819890976,-0.09768231213092804,5.137235627801955,-0.5378986317033544,0.0,0.0,0.0,-0.06730127903996495,0.9977326985919549,3.1300586082664723,-0.42420145893731964,0.0,0.0,0.0,0.046586314493566365,0.0,4.0,0.0,4.0,0.0,3.0,0.17723409060679768,-1.0,0.17723409060679768,1.1891226768493652,0.9052121639251709,0.0969458520412445,-0.16043445467948914,1.0,0.0,20.0,1.0,1.1408681869506836,0.6472688913345337,0.05807955549903277,330.84177146661716,330.84177146661716,331.0,331.0,5.327404499053955,5.347176790237427,5.366789817810059,528,8,4b0100004b010000,331,331,5.386558532714844,1,1,1,1,1,1779078344.3342004
5.4012743473052875,0,stop_after_4mps,0.0,0.0,0.03981262817978859,0.024100495502352715,-0.09791376441717148,5.511440263594166,-0.5879009209821996,0.0,0.0,0.0,-0.06561226925177838,0.997845193466217,2.9139215730369363,-0.3848677511654316,0.0,0.0,0.0,0.020996073466572087,0.0,4.0,0.0,4.0,0.0,3.0,0.17723409060679768,-1.0,0.17723409060679768,1.1891226768493652,0.9052121639251709,0.0969458520412445,-0.16043445467948914,1.0,0.0,20.0,1.0,1.1408681869506836,0.6472688913345337,0.05807955549903277,330.84177146661716,330.84177146661716,331.0,331.0,5.426903486251831,5.446761846542358,5.366789817810059,528,8,4b0100004b010000,331,331,5.386558532714844,1,1,1,1,1,1779078344.3342004
5.451274347305287,0,stop_after_4mps,0.0,0.0,0.03981262817978859,0.024100495502352715,-0.09791376441717148,5.511440263594166,-0.5879009209821996,0.0,0.0,0.0,-0.06561226925177838,0.997845193466217,2.9139215730369363,-0.3848677511654316,0.0,0.0,0.0,0.020996073466572087,0.0,4.0,0.0,4.0,0.0,3.0,0.17285300938211498,-1.0,0.17285300938211498,1.188230037689209,0.9096744060516357,0.09151258319616318,-0.15723995864391327,1.0,0.0,20.0,1.0,1.1414134502410889,0.8939979672431946,0.028126739895558844,330.84177146661716,330.84177146661716,331.0,331.0,5.426903486251831,5.446761846542358,5.466651678085327,528,8,4b0100004b010000,331,331,5.486582517623901,1,1,1,1,1,1779078344.4344404
5.501274347305287,0,stop_after_4mps,0.0,0.0,0.024182170629501343,-0.0046065435744822025,-0.09809018671512604,5.806292429829249,-0.6263029100287245,0.0,0.0,0.0,-0.06396974566387124,0.9979518383367504,2.624974560022774,-0.337915648038795,0.0,0.0,0.0,0.028079730319116626,0.0,4.0,0.0,4.0,0.0,3.0,0.17285300938211498,-1.0,0.17285300938211498,1.188230037689209,0.9096744060516357,0.09151258319616318,-0.15723995864391327,1.0,0.0,20.0,1.0,1.1414134502410889,0.8939979672431946,0.028126739895558844,330.84177146661716,330.84177146661716,331.0,331.0,5.526843786239624,5.546773195266724,5.466651678085327,528,8,4b0100004b010000,331,331,5.486582517623901,1,1,1,1,1,1779078344.4344404
5.551274347305287,0,stop_after_4mps,0.0,0.0,0.024182170629501343,-0.0046065435744822025,-0.09809018671512604,5.806292429829249,-0.6263029100287245,0.0,0.0,0.0,-0.06396974566387124,0.9979518383367504,2.624974560022774,-0.337915648038795,0.0,0.0,0.0,0.028079730319116626,0.0,4.0,0.0,4.0,0.0,3.0,0.1599545428699217,-1.0,0.1599545428699217,1.1916872262954712,0.9056780338287354,0.08564791828393936,-0.14486731588840485,1.0,0.0,20.0,1.0,1.1403698921203613,1.3086106777191162,0.0025178349868080927,330.84177146661716,330.84177146661716,331.0,331.0,5.526843786239624,5.546773195266724,5.56664776802063,528,8,0000000000000000,0,0,5.586580991744995,1,1,1,1,1,1779078344.53434
5.601274347305287,0,stop_after_4mps,0.0,0.0,0.0064216675236821175,-0.010458214208483696,-0.09877235442399979,6.016709024803016,-0.6529362671394966,0.0,0.0,0.0,-0.06184543426810656,0.9980857389323772,2.296440891754264,-0.2856904757995278,0.0,0.0,0.0,0.04620244205563229,0.0,4.0,0.0,4.0,0.0,3.0,0.1599545428699217,-1.0,0.1599545428699217,1.1916872262954712,0.9056780338287354,0.08564791828393936,-0.14486731588840485,1.0,0.0,20.0,1.0,1.1403698921203613,1.3086106777191162,0.0025178349868080927,330.84177146661716,330.84177146661716,331.0,331.0,5.626864194869995,5.646787881851196,5.56664776802063,528,8,0000000000000000,0,0,5.586580991744995,1,1,1,1,1,1779078344.53434
5.651274347305287,0,stop_after_4mps,0.0,0.0,0.0064216675236821175,-0.010458214208483696,-0.09877235442399979,6.016709024803016,-0.6529362671394966,0.0,0.0,0.0,-0.06184543426810656,0.9980857389323772,2.296440891754264,-0.2856904757995278,0.0,0.0,0.0,0.04620244205563229,0.0,4.0,0.0,4.0,0.0,3.0,0.13617918073879387,-1.0,0.13617918073879387,1.203446626663208,0.8796921372413635,0.09145168215036392,-0.11979575455188751,1.0,0.0,20.0,1.0,1.1409244537353516,1.497767686843872,0.06930975329565485,330.84177146661716,330.84177146661716,331.0,331.0,5.626864194869995,5.646787881851196,5.666677951812744,528,8,0000000000000000,0,0,5.686578035354614,1,1,1,1,1,1779078344.6342614
5.7012743473052865,0,stop_after_4mps,0.0,0.0,-0.00016007653903216124,-0.02307783253490925,-0.09984386712312698,6.237849080830337,-0.680143869889537,0.0,0.0,0.0,-0.060566402024520474,0.9981641703376275,1.8614962106483424,-0.2267377771059871,0.0,0.0,0.0,0.02423642197930782,0.0,4.0,0.0,4.0,0.0,3.0,0.13617918073879387,-1.0,0.13617918073879387,1.203446626663208,0.8796921372413635,0.09145168215036392,-0.11979575455188751,1.0,0.0,20.0,1.0,1.1409244537353516,1.497767686843872,0.06930975329565485,330.84177146661716,330.84177146661716,331.0,331.0,5.727239370346069,5.747061252593994,5.666677951812744,528,8,0000000000000000,0,0,5.686578035354614,1,1,1,1,1,1779078344.6342614
5.751274347305286,0,stop_after_4mps,0.0,0.0,-0.00016007653903216124,-0.02307783253490925,-0.09984386712312698,6.237849080830337,-0.680143869889537,0.0,0.0,0.0,-0.060566402024520474,0.9981641703376275,1.8614962106483424,-0.2267377771059871,0.0,0.0,0.0,0.02423642197930782,0.0,4.0,0.0,4.0,0.0,3.0,0.12939603167505978,-1.0,0.12939603167505978,1.2110185623168945,0.8784927129745483,0.08546168357133865,-0.11367347091436386,1.0,0.0,20.0,1.0,1.1411664485931396,1.7517354488372803,-0.0068990833191536795,330.84177146661716,330.84177146661716,331.0,331.0,5.727239370346069,5.747061252593994,5.76711368560791,528,8,0000000000000000,0,0,5.7867865562438965,1,1,1,1,1,1779078344.734309
5.801274347305286,0,stop_after_4mps,0.0,0.0,-0.004257644526660442,-0.03364210203289986,-0.0992702841758728,6.351361887403944,-0.6938884072244871,0.0,0.0,0.0,-0.05984209696145659,0.9982078558252563,1.6439503622281078,-0.19781907133375387,0.0,0.0,0.0,0.022433053206815788,0.0,4.0,0.0,4.0,0.0,3.0,0.12939603167505978,-1.0,0.12939603167505978,1.2110185623168945,0.8784927129745483,0.08546168357133865,-0.11367347091436386,1.0,0.0,20.0,1.0,1.1411664485931396,1.7517354488372803,-0.0068990833191536795,330.84177146661716,330.84177146661716,331.0,331.0,5.826838731765747,5.84679913520813,5.76711368560791,528,8,0000000000000000,0,0,5.7867865562438965,1,1,1,1,1,1779078344.734309
5.851274347305286,0,stop_after_4mps,0.0,0.0,-0.004257644526660442,-0.03364210203289986,-0.0992702841758728,6.351361887403944,-0.6938884072244871,0.0,0.0,0.0,-0.05984209696145659,0.9982078558252563,1.6439503622281078,-0.19781907133375387,0.0,0.0,0.0,0.022433053206815788,0.0,4.0,0.0,4.0,0.0,3.0,0.11579557609788088,-1.0,0.11579557609788088,1.2287285327911377,0.8670485019683838,0.07436469942331314,-0.10040038079023361,1.0,0.0,20.0,1.0,1.1406855583190918,1.896936058998108,0.02598501704144928,330.84177146661716,330.84177146661716,331.0,331.0,5.826838731765747,5.84679913520813,5.866636514663696,528,8,0000000000000000,0,0,5.886596441268921,1,1,1,1,1,1779078344.8342068
5.901274347305286,0,stop_after_4mps,0.0,0.0,-0.006634917110204697,-0.038390982896089554,-0.0995175689458847,6.426520485284942,-0.7028943597732666,0.0,0.0,0.0,-0.05949554981371931,0.9982285707954683,1.4724155498074956,-0.17614096282149763,0.0,0.0,0.0,0.010718646135821843,0.0,4.0,0.0,4.0,0.0,3.0,0.11579557609788088,-1.0,0.11579557609788088,1.2287285327911377,0.8670485019683838,0.07436469942331314,-0.10040038079023361,1.0,0.0,20.0,1.0,1.1406855583190918,1.896936058998108,0.02598501704144928,330.84177146661716,330.84177146661716,331.0,331.0,5.926881790161133,5.946849584579468,5.866636514663696,528,8,0000000000000000,0,0,5.886596441268921,1,1,1,1,1,1779078344.8342068
5.951274347305286,0,stop_after_4mps,0.0,0.0,-0.006634917110204697,-0.038390982896089554,-0.0995175689458847,6.426520485284942,-0.7028943597732666,0.0,0.0,0.0,-0.05949554981371931,0.9982285707954683,1.4724155498074956,-0.17614096282149763,0.0,0.0,0.0,0.010718646135821843,0.0,4.0,0.0,4.0,0.0,3.0,0.10887605716191073,-1.0,0.10887605716191073,1.2465194463729858,0.8585743308067322,0.06305188685655594,-0.09347818791866302,1.0,0.0,20.0,1.0,1.1409175395965576,2.058023452758789,0.010680506539058013,330.84177146661716,330.84177146661716,331.0,331.0,5.926881790161133,5.946849584579468,5.966686010360718,528,8,0000000000000000,0,0,5.986779451370239,1,1,1,1,1,1779078344.9342089
6.001274347305285,0,stop_after_4mps,0.0,0.0,-0.00602579303085804,-0.03369973972439766,-0.09892620891332626,6.472346012277646,-0.7083627902407551,0.0,0.0,0.0,-0.05923199492257313,0.9982442440492668,1.347048001136471,-0.16042216262736933,0.0,0.0,0.0,0.017738304524557234,0.0,4.0,0.0,4.0,0.0,3.0,0.10887605716191073,-1.0,0.10887605716191073,1.2465194463729858,0.8585743308067322,0.06305188685655594,-0.09347818791866302,1.0,0.0,20.0,1.0,1.1409175395965576,2.058023452758789,0.010680506539058013,330.84177146661716,330.84177146661716,331.0,331.0,6.026965379714966,6.046827077865601,5.966686010360718,528,8,0000000000000000,0,0,5.986779451370239,1,1,1,1,1,1779078344.9342089
6.051274347305285,0,stop_after_4mps,0.0,0.0,-0.00602579303085804,-0.03369973972439766,-0.09892620891332626,6.472346012277646,-0.7083627902407551,0.0,0.0,0.0,-0.05923199492257313,0.9982442440492668,1.347048001136471,-0.16042216262736933,0.0,0.0,0.0,0.017738304524557234,0.0,0.0,0.0,0.0,0.0,-0.11407969861994946,0.2008746364561452,-0.11407969861994946,0.2008746364561452,1.3092846870422363,0.8418242931365967,0.14936280250549316,-0.16910114884376526,1.0,0.0,20.0,1.0,1.1436364650726318,2.1326611042022705,-0.01366756284535932,0.0,0.0,0.0,0.0,6.026965379714966,6.046827077865601,6.0666749477386475,528,8,0000000000000000,0,0,6.086713552474976,1,1,1,1,1,1779078345.0368135
6.101274347305285,0,stop_after_4mps,0.0,0.0,-0.005749912932515144,-0.03415192291140556,-0.09910614043474197,6.499909392761623,-0.7116374285430309,0.0,0.0,0.0,-0.058998821886022824,0.9982580523171658,1.2810873662052606,-0.15195987102287012,0.0,0.0,0.0,0.016158685957849573,0.0,0.0,0.0,0.0,0.0,-0.11407969861994946,0.2008746364561452,-0.11407969861994946,0.2008746364561452,1.3092846870422363,0.8418242931365967,0.14936280250549316,-0.16910114884376526,1.0,0.0,20.0,1.0,1.1436364650726318,2.1326611042022705,-0.01366756284535932,0.0,0.0,0.0,0.0,6.127576589584351,6.147193908691406,6.0666749477386475,528,8,0000000000000000,0,0,6.086713552474976,1,1,1,1,1,1779078345.0368135
6.151274347305285,0,stop_after_4mps,0.0,0.0,-0.005749912932515144,-0.03415192291140556,-0.09910614043474197,6.499909392761623,-0.7116374285430309,0.0,0.0,0.0,-0.058998821886022824,0.9982580523171658,1.2810873662052606,-0.15195987102287012,0.0,0.0,0.0,0.016158685957849573,0.0,0.0,0.0,0.0,0.0,-0.11412342272281403,0.22404141686951484,-0.11412342272281403,0.22404141686951484,1.284562349319458,0.8315634727478027,0.14659865200519562,-0.18630465865135193,1.0,0.0,20.0,1.0,1.1422710418701172,2.2182490825653076,0.051232778755027596,0.0,0.0,0.0,0.0,6.127576589584351,6.147193908691406,6.166938304901123,528,8,0000000000000000,0,0,6.186807870864868,1,1,1,1,1,1779078345.1368258
6.201274347305285,0,stop_after_4mps,0.0,0.0,-0.006640905048698187,-0.03374466672539711,-0.09884294122457504,6.531083601796043,-0.7153268486610911,0.0,0.0,0.0,-0.05874867077910531,0.9982728052399746,1.2085200797910491,-0.14273793177138808,0.0,0.0,0.0,0.022435753754005514,0.0,0.0,0.0,0.0,0.0,-0.11412342272281403,0.22404141686951484,-0.11412342272281403,0.22404141686951484,1.284562349319458,0.8315634727478027,0.14659865200519562,-0.18630465865135193,1.0,0.0,20.0,1.0,1.1422710418701172,2.2182490825653076,0.051232778755027596,0.0,0.0,0.0,0.0,6.226906061172485,6.246883869171143,6.166938304901123,528,8,0000000000000000,0,0,6.186807870864868,1,1,1,1,1,1779078345.1368258
6.2512743473052845,0,stop_after_4mps,0.0,0.0,-0.006640905048698187,-0.03374466672539711,-0.09884294122457504,6.531083601796043,-0.7153268486610911,0.0,0.0,0.0,-0.05874867077910531,0.9982728052399746,1.2085200797910491,-0.14273793177138808,0.0,0.0,0.0,0.022435753754005514,0.0,0.0,0.0,0.0,0.0,-0.11432066550006234,0.24195941611098512,-0.11432066550006234,0.24195941611098512,1.268658995628357,0.8305811882019043,0.14503394067287445,-0.200966939330101,1.0,0.0,20.0,1.0,1.1419847011566162,2.1910159587860107,0.048437627874273886,0.0,0.0,0.0,0.0,6.226906061172485,6.246883869171143,6.266644477844238,528,8,0000000000000000,0,0,6.286638975143433,1,1,1,1,1,1779078345.2376876
6.301274347305284,0,stop_after_4mps,0.0,0.0,-0.0065631200559437275,-0.034026749432086945,-0.09890620410442352,6.539288261376844,-0.7162948786582334,0.0,0.0,0.0,-0.05868146377916281,0.9982767581230843,1.1821231286696419,-0.13945880974478947,0.0,0.0,0.0,0.017587141729863146,0.0,0.0,0.0,0.0,0.0,-0.11432066550006234,0.24195941611098512,-0.11432066550006234,0.24195941611098512,1.268658995628357,0.8305811882019043,0.14503394067287445,-0.200966939330101,1.0,0.0,20.0,1.0,1.1419847011566162,2.1910159587860107,0.048437627874273886,0.0,0.0,0.0,0.0,6.326901197433472,6.346884489059448,6.266644477844238,528,8,0000000000000000,0,0,6.286638975143433,1,1,1,1,1,1779078345.2376876
6.351274347305284,0,stop_after_4mps,0.0,0.0,-0.0065631200559437275,-0.034026749432086945,-0.09890620410442352,6.539288261376844,-0.7162948786582334,0.0,0.0,0.0,-0.05868146377916281,0.9982767581230843,1.1821231286696419,-0.13945880974478947,0.0,0.0,0.0,0.017587141729863146,0.0,0.0,0.0,0.0,0.0,-0.11439245100877006,0.2460003644785332,-0.11439245100877006,0.2460003644785332,1.2635283470153809,0.8310799598693848,0.14453810453414917,-0.2044459730386734,1.0,0.0,20.0,1.0,1.1425883769989014,2.101240873336792,0.050632503169267484,0.0,0.0,0.0,0.0,6.326901197433472,6.346884489059448,6.366692543029785,528,8,0000000000000000,0,0,6.386702299118042,1,1,1,1,1,1779078345.336699
6.401274347305284,0,stop_after_4mps,0.0,0.0,-0.004683749750256538,-0.03868991136550903,-0.09785054624080658,6.546253654392303,-0.7171160301619074,0.0,0.0,0.0,-0.058640614484158075,0.9982791585187584,1.1689263308251021,-0.13780494684374872,0.0,0.0,0.0,0.011950380881770615,0.0,0.0,0.0,0.0,0.0,-0.11439245100877006,0.2460003644785332,-0.11439245100877006,0.2460003644785332,1.2635283470153809,0.8310799598693848,0.14453810453414917,-0.2044459730386734,1.0,0.0,20.0,1.0,1.1425883769989014,2.101240873336792,0.050632503169267484,0.0,0.0,0.0,0.0,6.427188158035278,6.4473817348480225,6.366692543029785,528,8,0000000000000000,0,0,6.386702299118042,1,1,1,1,1,1779078345.336699
6.451274347305284,0,stop_after_4mps,0.0,0.0,-0.004683749750256538,-0.03868991136550903,-0.09785054624080658,6.546253654392303,-0.7171160301619074,0.0,0.0,0.0,-0.058640614484158075,0.9982791585187584,1.1689263308251021,-0.13780494684374872,0.0,0.0,0.0,0.011950380881770615,0.0,0.0,0.0,0.0,0.0,-0.11283528035000165,0.24507584734963872,-0.11283528035000165,0.24507584734963872,1.2506153583526611,0.8414961099624634,0.1411135345697403,-0.20623037219047546,1.0,0.0,20.0,1.0,1.1424424648284912,1.886337399482727,0.03446172309328653,0.0,0.0,0.0,0.0,6.427188158035278,6.4473817348480225,6.466830253601074,528,8,0000000000000000,0,0,6.4867682456970215,1,1,1,1,1,1779078345.437193
6.501274347305284,0,stop_after_4mps,0.0,0.0,-0.004691974259912968,-0.0392446368932724,-0.09800459444522858,6.548609292597688,-0.7173936783355861,0.0,0.0,0.0,-0.05862839683224409,0.9982798761293753,1.1557214583458075,-0.1362195397652872,0.0,0.0,0.0,0.01269636698631557,0.0,0.0,0.0,0.0,0.0,-0.11283528035000165,0.24507584734963872,-0.11283528035000165,0.24507584734963872,1.2506153583526611,0.8414961099624634,0.1411135345697403,-0.20623037219047546,1.0,0.0,20.0,1.0,1.1424424648284912,1.886337399482727,0.03446172309328653,0.0,0.0,0.0,0.0,6.527085781097412,6.546913146972656,6.466830253601074,528,8,0000000000000000,0,0,6.4867682456970215,1,1,1,1,1,1779078345.437193
6.5512743473052835,0,stop_after_4mps,0.0,0.0,-0.004691974259912968,-0.0392446368932724,-0.09800459444522858,6.548609292597688,-0.7173936783355861,0.0,0.0,0.0,-0.05862839683224409,0.9982798761293753,1.1557214583458075,-0.1362195397652872,0.0,0.0,0.0,0.01269636698631557,0.0,0.0,0.0,0.0,0.0,-0.10762100588069912,0.23356296966155576,-0.10762100588069912,0.23356296966155576,1.2410684823989868,0.8550070524215698,0.1335650384426117,-0.19969798624515533,1.0,0.0,20.0,1.0,1.1421029567718506,1.5774097442626953,0.027018958310839853,0.0,0.0,0.0,0.0,6.527085781097412,6.546913146972656,6.566730260848999,528,8,0000000000000000,0,0,6.586741209030151,1,1,1,1,1,1779078345.5367143
6.601274347305283,0,stop_after_4mps,0.0,0.0,0.15852215886116028,0.2113296538591385,-0.09419906139373779,6.556770642931507,-0.7183549091142711,0.0,0.0,0.0,-0.058585579569040994,0.9982823898409505,1.1425247605400561,-0.1345647374908028,0.0,0.0,0.0,0.015310765123907263,0.0,0.0,0.0,0.0,0.0,-0.10762100588069912,0.23356296966155576,-0.10762100588069912,0.23356296966155576,1.2410684823989868,0.8550070524215698,0.1335650384426117,-0.19969798624515533,1.0,0.0,20.0,1.0,1.1421029567718506,1.5774097442626953,0.027018958310839853,0.0,0.0,0.0,0.0,6.626995325088501,6.647070646286011,6.566730260848999,528,8,0000000000000000,0,0,6.586741209030151,1,1,1,1,1,1779078345.5367143
6.651274347305283,0,stop_after_4mps,0.0,0.0,0.15852215886116028,0.2113296538591385,-0.09419906139373779,6.556770642931507,-0.7183549091142711,0.0,0.0,0.0,-0.058585579569040994,0.9982823898409505,1.1425247605400561,-0.1345647374908028,0.0,0.0,0.0,0.015310765123907263,0.0,0.0,0.0,0.0,0.0,-0.10530409771102917,0.22726088843421827,-0.10530409771102917,0.22726088843421827,1.236698865890503,0.861958384513855,0.13022945821285248,-0.1958894282579422,1.0,0.0,20.0,1.0,1.142575740814209,1.2666667699813843,0.026196196088491077,0.0,0.0,0.0,0.0,6.626995325088501,6.647070646286011,6.666798114776611,528,8,0000000000000000,0,0,6.686878204345703,1,1,1,1,1,1779078345.6369333
6.701274347305283,0,stop_after_4mps,0.0,0.0,0.3747532367706299,0.6034432649612427,-0.08781935274600983,6.5589001478395135,-0.7186056619570451,0.0,0.0,0.0,-0.05857243967768926,0.9982831608868314,1.1293198828765842,-0.1329793464987205,0.0,0.0,0.0,0.014535127675948108,0.0,0.0,0.0,0.0,0.0,-0.10530409771102917,0.22726088843421827,-0.10530409771102917,0.22726088843421827,1.236698865890503,0.861958384513855,0.13022945821285248,-0.1958894282579422,1.0,0.0,20.0,1.0,1.142575740814209,1.2666667699813843,0.026196196088491077,0.0,0.0,0.0,0.0,6.727180004119873,6.7472569942474365,6.666798114776611,528,8,0000000000000000,0,0,6.686878204345703,1,1,1,1,1,1779078345.6369333
6.751274347305283,0,stop_after_4mps,0.0,0.0,0.3747532367706299,0.6034432649612427,-0.08781935274600983,6.5589001478395135,-0.7186056619570451,0.0,0.0,0.0,-0.05857243967768926,0.9982831608868314,1.1293198828765842,-0.1329793464987205,0.0,0.0,0.0,0.014535127675948108,0.0,0.0,0.0,0.0,0.0,-0.1025999275531916,0.2181272656329742,-0.1025999275531916,0.2181272656329742,1.2275230884552002,0.8730199933052063,0.12594377994537354,-0.1904294639825821,1.0,0.0,20.0,1.0,1.1426417827606201,1.0230450630187988,0.01567735290033102,0.0,0.0,0.0,0.0,6.727180004119873,6.7472569942474365,6.766791820526123,528,8,0000000000000000,0,0,6.786617040634155,1,1,1,1,1,1779078345.7375615
6.801274347305283,0,stop_after_4mps,0.0,0.0,0.6472688913345337,0.995917022228241,-0.0771622359752655,6.566813827386387,-0.7195368151368357,0.0,0.0,0.0,-0.058529133496764724,0.9982857008552801,1.1161228615006817,-0.1313271968327175,0.0,0.0,0.0,0.010555256407763386,0.0,0.0,0.0,0.0,0.0,-0.1025999275531916,0.2181272656329742,-0.1025999275531916,0.2181272656329742,1.2275230884552002,0.8730199933052063,0.12594377994537354,-0.1904294639825821,1.0,0.0,20.0,1.0,1.1426417827606201,1.0230450630187988,0.01567735290033102,0.0,0.0,0.0,0.0,6.827229261398315,6.847184419631958,6.766791820526123,528,8,0000000000000000,0,0,6.786617040634155,1,1,1,1,1,1779078345.7375615
6.851274347305282,0,stop_after_4mps,0.0,0.0,0.6472688913345337,0.995917022228241,-0.0771622359752655,6.566813827386387,-0.7195368151368357,0.0,0.0,0.0,-0.058529133496764724,0.9982857008552801,1.1161228615006817,-0.1313271968327175,0.0,0.0,0.0,0.010555256407763386,0.0,0.0,0.0,0.0,0.0,-0.10109010462191943,0.21466135237292866,-0.10109010462191943,0.21466135237292866,1.2173435688018799,0.8805312514305115,0.12306138873100281,-0.18901602923870087,1.0,0.0,20.0,1.0,1.1424541473388672,0.7690490484237671,0.007533185312771613,0.0,0.0,0.0,0.0,6.827229261398315,6.847184419631958,6.866945266723633,528,8,0000000000000000,0,0,6.886667251586914,1,1,1,1,1,1779078345.8367963
6.901274347305282,0,stop_after_4mps,0.0,0.0,0.8939979672431946,1.3926526308059692,-0.08598750084638596,6.567934544161063,-0.7196686703905715,0.0,0.0,0.0,-0.05852365101425867,0.9982860222761617,1.102915732260233,-0.12976091463286293,0.0,0.0,0.0,0.009869575525807686,0.0,0.0,0.0,0.0,0.0,-0.10109010462191943,0.21466135237292866,-0.10109010462191943,0.21466135237292866,1.2173435688018799,0.8805312514305115,0.12306138873100281,-0.18901602923870087,1.0,0.0,20.0,1.0,1.1424541473388672,0.7690490484237671,0.007533185312771613,0.0,0.0,0.0,0.0,6.9271628856658936,6.947022199630737,6.866945266723633,528,8,0000000000000000,0,0,6.886667251586914,1,1,1,1,1,1779078345.8367963
6.951274347305282,0,stop_after_4mps,0.0,0.0,0.8939979672431946,1.3926526308059692,-0.08598750084638596,6.567934544161063,-0.7196686703905715,0.0,0.0,0.0,-0.05852365101425867,0.9982860222761617,1.102915732260233,-0.12976091463286293,0.0,0.0,0.0,0.009869575525807686,0.0,0.0,0.0,0.0,0.0,-0.10121960768021271,0.2152609271806112,-0.10121960768021271,0.2152609271806112,1.2123000621795654,0.8817313313484192,0.12270853668451309,-0.18980230391025543,1.0,0.0,20.0,1.0,1.142322063446045,0.563194215297699,0.0104635562574504,0.0,0.0,0.0,0.0,6.9271628856658936,6.947022199630737,6.966731548309326,528,8,0000000000000000,0,0,6.986699342727661,1,1,1,1,1,1779078345.9368856
7.001274347305282,0,sine_low_wl5m,2.0,3.33816838555155e-05,1.3086106777191162,1.6557772159576416,-0.08128426969051361,6.575518884454659,-0.7205603766074338,0.0,0.0,0.0,-0.058483974348610065,0.9982883474950467,1.0831130007078156,-0.1273437845492142,0.0,0.0,0.0,0.009251322335170259,0.0,0.0,0.0,0.0,0.0,-0.10121960768021271,0.2152609271806112,-0.10121960768021271,0.2152609271806112,1.2123000621795654,0.8817313313484192,0.12270853668451309,-0.18980230391025543,1.0,0.0,20.0,1.0,1.142322063446045,0.563194215297699,0.0104635562574504,0.0,0.0,0.0,0.0,7.028683185577393,7.048611164093018,6.966731548309326,528,8,0000000000000000,0,0,6.986699342727661,1,1,1,1,1,1779078345.9368856
7.051274347305282,0,sine_low_wl5m,2.0,0.035260262358255724,1.3086106777191162,1.6557772159576416,-0.08128426969051361,6.575518884454659,-0.7205603766074338,0.0,0.0,0.0,-0.058483974348610065,0.9982883474950467,1.0831130007078156,-0.1273437845492142,0.0,0.0,0.0,0.009251322335170259,0.0,0.0,0.0,0.0,0.0,-0.10217776664868433,0.21837852770672128,-0.10217776664868433,0.21837852770672128,1.2025444507598877,0.8818013668060303,0.12287330627441406,-0.19256648421287537,1.0,0.0,20.0,1.0,1.1430649757385254,0.4020092785358429,0.0008020880101273449,0.0,0.0,0.0,0.0,7.028683185577393,7.048611164093018,7.068280220031738,528,8,0000000000000000,0,0,7.088249206542969,1,1,1,1,1,1779078346.0367997
7.1012743473052815,0,sine_low_wl5m,2.0,0.08719863766417638,1.497767686843872,1.9254649877548218,-0.0599321573972702,6.57765699820339,-0.7208117030300863,0.0,0.0,0.0,-0.058471094954280316,0.9982891019413402,1.0633031833956763,-0.12498688876422898,0.0,0.0,0.0,0.012266178862196667,0.0,0.0,0.0,0.0,0.0,-0.10217776664868433,0.21837852770672128,-0.10217776664868433,0.21837852770672128,1.2025444507598877,0.8818013668060303,0.12287330627441406,-0.19256648421287537,1.0,0.0,20.0,1.0,1.1430649757385254,0.4020092785358429,0.0008020880101273449,0.0,0.0,0.0,0.0,7.128773927688599,7.148896932601929,7.068280220031738,528,8,0000000000000000,0,0,7.088249206542969,1,1,1,1,1,1779078346.0367997
7.151274347305281,0,sine_low_wl5m,2.0,0.1207645009825769,1.497767686843872,1.9254649877548218,-0.0599321573972702,6.57765699820339,-0.7208117030300863,0.0,0.0,0.0,-0.058471094954280316,0.9982891019413402,1.0633031833956763,-0.12498688876422898,0.0,0.0,0.0,0.012266178862196667,0.0,0.0,0.0,0.0,0.0,-0.0894997601474612,0.19476608415866806,-0.0894997601474612,0.19476608415866806,1.003464698791504,0.8259538412094116,0.089809849858284,-0.16086779534816742,1.0,0.0,20.0,1.0,1.1402912139892578,0.2670900821685791,0.006758639537352388,0.0,0.0,0.0,0.0,7.128773927688599,7.148896932601929,7.1685261726379395,528,8,0000000000000000,0,0,7.18849778175354,1,1,1,1,1,1779078346.1371627
7.201274347305281,0,sine_low_wl5m,2.0,0.16875884756119497,1.7517354488372803,2.050513744354248,-0.06557083129882812,6.585981386945292,-0.7217893226745239,0.0,0.0,0.0,-0.058419177077661,0.9982921414844298,1.0501072813532342,-0.1233250318849569,0.0,0.0,0.0,0.013458318299793827,0.0,0.0,0.0,0.0,0.0,-0.0894997601474612,0.19476608415866806,-0.0894997601474612,0.19476608415866806,1.003464698791504,0.8259538412094116,0.089809849858284,-0.16086779534816742,1.0,0.0,20.0,1.0,1.1402912139892578,0.2670900821685791,0.006758639537352388,0.0,0.0,0.0,0.0,7.2289159297943115,7.248537063598633,7.1685261726379395,528,8,0000000000000000,0,0,7.18849778175354,1,1,1,1,1,1779078346.1371627
7.251274347305281,0,sine_low_wl5m,2.0,0.19869545728175447,1.7517354488372803,2.050513744354248,-0.06557083129882812,6.585981386945292,-0.7217893226745239,0.0,0.0,0.0,-0.058419177077661,0.9982921414844298,1.0501072813532342,-0.1233250318849569,0.0,0.0,0.0,0.013458318299793827,0.0,0.0,0.0,0.0,0.0,-0.0885978545470686,0.19601588414732182,-0.0885978545470686,0.19601588414732182,1.001768946647644,0.824865996837616,0.0887545794248581,-0.16168683767318726,1.0,0.0,20.0,1.0,1.140531301498413,0.1837330311536789,-0.003927687909343576,0.0,0.0,0.0,0.0,7.2289159297943115,7.248537063598633,7.268234014511108,528,8,0000000000000000,0,0,7.28846001625061,1,1,1,1,1,1779078346.2373264
7.301274347305281,0,sine_low_wl5m,2.0,0.23970310943601503,1.896936058998108,2.194755792617798,-0.11083847284317017,6.587075813253312,-0.7219178371303256,0.0,0.0,0.0,-0.05841223960990331,0.9982925474347464,1.0369000771257408,-0.12175936210237602,0.0,0.0,0.0,0.013383699187037737,0.0,0.0,0.0,0.0,0.0,-0.0885978545470686,0.19601588414732182,-0.0885978545470686,0.19601588414732182,1.001768946647644,0.824865996837616,0.0887545794248581,-0.16168683767318726,1.0,0.0,20.0,1.0,1.140531301498413,0.1837330311536789,-0.003927687909343576,0.0,0.0,0.0,0.0,7.328759670257568,7.348761081695557,7.268234014511108,528,8,0000000000000000,0,0,7.28846001625061,1,1,1,1,1,1779078346.2373264
7.351274347305281,0,sine_low_wl5m,2.0,0.26408239424883756,1.896936058998108,2.194755792617798,-0.11083847284317017,6.587075813253312,-0.7219178371303256,0.0,0.0,0.0,-0.05841223960990331,0.9982925474347464,1.0369000771257408,-0.12175936210237602,0.0,0.0,0.0,0.013383699187037737,0.0,0.0,0.0,0.0,0.0,-0.08675756750232479,0.19897860403582765,-0.08675756750232479,0.19897860403582765,0.9990144968032837,0.8232201933860779,0.08667206764221191,-0.16380320489406586,1.0,0.0,20.0,1.0,1.140047550201416,0.11494821310043335,-0.0011404349964658092,0.0,0.0,0.0,0.0,7.328759670257568,7.348761081695557,7.368535995483398,528,8,0000000000000000,0,0,7.388381481170654,1,1,1,1,1,1779078346.33755
7.40127434730528,0,sine_low_wl5m,2.0,0.2956172047837614,2.058023452758789,2.270953893661499,-0.10762044042348862,6.672482345937918,-0.7319128839679545,0.0,0.0,0.0,-0.05802867885148461,0.9983149164621108,0.7992114229551212,-0.09322591150294174,0.0,0.0,0.0,0.008388026160274432,0.0,0.0,0.0,0.0,0.0,-0.08675756750232479,0.19897860403582765,-0.08675756750232479,0.19897860403582765,0.9990144968032837,0.8232201933860779,0.08667206764221191,-0.16380320489406586,1.0,0.0,20.0,1.0,1.140047550201416,0.11494821310043335,-0.0011404349964658092,0.0,0.0,0.0,0.0,7.42891263961792,7.448618412017822,7.368535995483398,528,8,0000000000000000,0,0,7.388381481170654,1,1,1,1,1,1779078346.33755
7.45127434730528,0,sine_low_wl5m,2.0,0.31290844752781743,2.058023452758789,2.270953893661499,-0.10762044042348862,6.672482345937918,-0.7319128839679545,0.0,0.0,0.0,-0.05802867885148461,0.9983149164621108,0.7992114229551212,-0.09322591150294174,0.0,0.0,0.0,0.008388026160274432,0.0,0.0,0.0,0.0,0.0,-0.08445517862391325,0.20205595589970285,-0.08445517862391325,0.20205595589970285,0.9963371157646179,0.8227385878562927,0.08414582908153534,-0.16623923182487488,1.0,0.0,20.0,1.0,1.1400368213653564,0.07626386731863022,0.0005718446298813635,0.0,0.0,0.0,0.0,7.42891263961792,7.448618412017822,7.4684059619903564,528,8,0000000000000000,0,0,7.4882729053497314,1,1,1,1,1,1779078346.4372373
7.50127434730528,0,sine_low_wl5m,2.0,0.3329165171673775,2.1326611042022705,2.3329358100891113,-0.25620347261428833,6.765348738590591,-0.7427092301385477,0.0,0.0,0.0,-0.057658139613234516,0.9983363856618374,0.4227598843431468,-0.048995762856715065,0.0,0.0,0.0,0.012054072262036154,0.0,0.0,0.0,0.0,0.0,-0.08445517862391325,0.20205595589970285,-0.08445517862391325,0.20205595589970285,0.9963371157646179,0.8227385878562927,0.08414582908153534,-0.16623923182487488,1.0,0.0,20.0,1.0,1.1400368213653564,0.07626386731863022,0.0005718446298813635,0.0,0.0,0.0,0.0,7.529032945632935,7.5487189292907715,7.4684059619903564,528,8,0000000000000000,0,0,7.4882729053497314,1,1,1,1,1,1779078346.4372373
7.55127434730528,0,sine_low_wl5m,2.0,0.3420762395367308,2.1326611042022705,2.3329358100891113,-0.25620347261428833,6.765348738590591,-0.7427092301385477,0.0,0.0,0.0,-0.057658139613234516,0.9983363856618374,0.4227598843431468,-0.048995762856715065,0.0,0.0,0.0,0.012054072262036154,0.0,0.0,0.0,0.0,0.0,-0.08361156393730147,0.2034450250414324,-0.08361156393730147,0.2034450250414324,0.9953277111053467,0.8220519423484802,0.08322090655565262,-0.1672423779964447,1.0,0.0,20.0,1.0,1.1401095390319824,0.02993960864841938,-0.0005718934245972401,0.0,0.0,0.0,0.0,7.529032945632935,7.5487189292907715,7.5681538581848145,528,8,a7000000a4000000,167,164,7.588185787200928,1,1,1,1,1,1779078346.5371566
7.60127434730528,0,sine_low_wl5m,2.0,0.3493172609744907,2.2182490825653076,2.288311243057251,-0.06601797789335251,6.820456888408276,-0.7490593631311995,0.0,0.0,0.0,-0.056994956240203495,0.9983744663016865,0.17837913007705677,-0.020433119679177634,0.0,0.0,0.0,0.01115659237990754,0.0,0.0,0.0,0.0,0.0,-0.08361156393730147,0.2034450250414324,-0.08361156393730147,0.2034450250414324,0.9953277111053467,0.8220519423484802,0.08322090655565262,-0.1672423779964447,1.0,0.0,20.0,1.0,1.1401095390319824,0.02993960864841938,-0.0005718934245972401,0.0,0.0,0.0,0.0,7.628439426422119,7.648476600646973,7.5681538581848145,528,8,a7000000a4000000,167,164,7.588185787200928,1,1,1,1,1,1779078346.5371566
7.6512743473052796,0,sine_low_wl5m,2.0,0.34974689794004604,2.2182490825653076,2.288311243057251,-0.06601797789335251,6.820456888408276,-0.7490593631311995,0.0,0.0,0.0,-0.056994956240203495,0.9983744663016865,0.17837913007705677,-0.020433119679177634,0.0,0.0,0.0,0.01115659237990754,0.0,0.0,0.0,0.0,0.0,-0.08164524176022718,0.20612230852872984,-0.08164524176022718,0.20612230852872984,0.9933362603187561,0.8214799165725708,0.0811011791229248,-0.1693253368139267,1.0,0.0,20.0,1.0,1.140385627746582,0.00950706284493208,0.0010688153496094136,0.0,0.0,0.0,0.0,7.628439426422119,7.648476600646973,7.668146848678589,528,8,a9000000a2000000,169,162,7.688103914260864,1,1,1,1,1,1779078346.6369543
7.701274347305279,0,sine_low_wl5m,2.0,0.3437442865316128,2.1910159587860107,2.2763218879699707,-0.04559025168418884,6.900440558300954,-0.7581765299782809,0.0,0.0,0.0,-0.05638391140584658,0.9984091618843337,0.8061218128550804,-0.09134075836685907,0.0,0.0,0.0,0.00906504159684909,0.0,0.0,0.0,0.0,0.0,-0.08164524176022718,0.20612230852872984,-0.08164524176022718,0.20612230852872984,0.9933362603187561,0.8214799165725708,0.0811011791229248,-0.1693253368139267,1.0,0.0,20.0,1.0,1.140385627746582,0.00950706284493208,0.0010688153496094136,0.0,0.0,0.0,0.0,7.728474140167236,7.748310327529907,7.668146848678589,528,8,a9000000a2000000,169,162,7.688103914260864,1,1,1,1,1,1779078346.6369543
7.751274347305279,0,sine_low_wl5m,2.0,0.33545982530633506,2.1910159587860107,2.2763218879699707,-0.04559025168418884,6.900440558300954,-0.7581765299782809,0.0,0.0,0.0,-0.05638391140584658,0.9984091618843337,0.8061218128550804,-0.09134075836685907,0.0,0.0,0.0,0.00906504159684909,0.0,0.0,0.0,0.0,0.0,-0.0803958597908345,0.2078363709169308,-0.0803958597908345,0.2078363709169308,0.9920965433120728,0.8207652568817139,0.07976045459508896,-0.17058487236499786,1.0,0.0,20.0,1.0,1.1400847434997559,0.005769811104983091,-0.0017218937880132202,0.0,0.0,0.0,0.0,7.728474140167236,7.748310327529907,7.768180847167969,528,8,ab000000a0000000,171,160,7.788172006607056,1,1,1,1,1,1779078346.7369552
7.801274347305279,0,sine_low_wl5m,2.0,0.3166556303269576,2.101240873336792,2.146609306335449,-0.059255748987197876,6.960701215195599,-0.764990445108211,0.0,0.0,0.0,-0.05609347175744812,0.9984255217221745,0.8458227603727677,-0.0953408432224147,0.0,0.0,0.0,0.01062504396420881,0.0,0.0,0.0,0.0,0.0,-0.0803958597908345,0.2078363709169308,-0.0803958597908345,0.2078363709169308,0.9920965433120728,0.8207652568817139,0.07976045459508896,-0.17058487236499786,1.0,0.0,20.0,1.0,1.1400847434997559,0.005769811104983091,-0.0017218937880132202,0.0,0.0,0.0,0.0,7.828675985336304,7.848708629608154,7.768180847167969,528,8,ab000000a0000000,171,160,7.788172006607056,1,1,1,1,1,1779078346.7369552
7.851274347305279,0,sine_low_wl5m,2.0,0.30005733685756897,2.101240873336792,2.146609306335449,-0.059255748987197876,6.960701215195599,-0.764990445108211,0.0,0.0,0.0,-0.05609347175744812,0.9984255217221745,0.8458227603727677,-0.0953408432224147,0.0,0.0,0.0,0.01062504396420881,0.0,0.0,0.0,0.0,0.0,-0.07983803708360951,0.20852218498019717,-0.07983803708360951,0.20852218498019717,0.9915331602096558,0.8204706907272339,0.07916206121444702,-0.17108634114265442,1.0,0.0,20.0,1.0,1.1402158737182617,-0.003323326585814357,-0.0038134990657943194,0.0,0.0,0.0,0.0,7.828675985336304,7.848708629608154,7.868294715881348,528,8,ac0000009f000000,172,159,7.8898303508758545,1,1,1,1,1,1779078346.8370569
7.901274347305279,0,sine_low_wl5m,2.0,0.26958362082655646,1.886337399482727,1.9554890394210815,-0.09416636824607849,7.003192370795326,-0.76976417078446,0.0,0.0,0.0,-0.05575224087608714,0.9984446342373196,1.0177086766480328,-0.1140113428235245,0.0,0.0,0.0,0.01405657646568647,0.0,0.0,0.0,0.0,0.0,-0.07983803708360951,0.20852218498019717,-0.07983803708360951,0.20852218498019717,0.9915331602096558,0.8204706907272339,0.07916206121444702,-0.17108634114265442,1.0,0.0,20.0,1.0,1.1402158737182617,-0.003323326585814357,-0.0038134990657943194,0.0,0.0,0.0,0.0,7.928847312927246,7.948700189590454,7.868294715881348,528,8,ac0000009f000000,172,159,7.8898303508758545,1,1,1,1,1,1779078346.8370569
7.9512743473052785,0,sine_low_wl5m,2.0,0.24582122813060184,1.886337399482727,1.9554890394210815,-0.09416636824607849,7.003192370795326,-0.76976417078446,0.0,0.0,0.0,-0.05575224087608714,0.9984446342373196,1.0177086766480328,-0.1140113428235245,0.0,0.0,0.0,0.01405657646568647,0.0,0.0,0.0,0.0,0.0,-0.07878566625533219,0.20972530644979678,-0.07878566625533219,0.20972530644979678,0.9904776811599731,0.819970428943634,0.07803544402122498,-0.17196854948997498,1.0,0.0,20.0,1.0,1.1405017375946045,-0.0072266897186636925,0.0008205399222254509,0.0,0.0,0.0,0.0,7.928847312927246,7.948700189590454,7.968354225158691,528,8,ad0000009d000000,173,157,7.988387107849121,1,1,1,1,1,1779078346.9373734
8.001274347305278,0,sine_low_wl5m,2.0,0.20560268676261095,1.5774097442626953,1.6659835577011108,-0.07674255222082138,7.029046406018914,-0.7726560102955576,0.0,0.0,0.0,-0.055596763272817346,0.99845330382226,0.9780917658978073,-0.10926473256363634,0.0,0.0,0.0,0.018526645441559825,0.0,0.0,0.0,0.0,0.0,-0.07878566625533219,0.20972530644979678,-0.07878566625533219,0.20972530644979678,0.9904776811599731,0.819970428943634,0.07803544402122498,-0.17196854948997498,1.0,0.0,20.0,1.0,1.1405017375946045,-0.0072266897186636925,0.0008205399222254509,0.0,0.0,0.0,0.0,8.028679370880127,8.048642873764038,7.968354225158691,528,8,ad0000009d000000,173,157,7.988387107849121,1,1,1,1,1,1779078346.9373734
8.051274347305279,0,sine_low_wl5m,2.0,0.17615007449985517,1.5774097442626953,1.6659835577011108,-0.07674255222082138,7.029046406018914,-0.7726560102955576,0.0,0.0,0.0,-0.055596763272817346,0.99845330382226,0.9780917658978073,-0.10926473256363634,0.0,0.0,0.0,0.018526645441559825,0.0,2.0,0.0700340263678175,2.0,0.0700340263678175,2.6538368838560205,0.2597081368465298,0.6538368838560205,0.18967411047871233,0.8398373126983643,0.7782323360443115,-0.2287912368774414,-0.13207924365997314,1.0,0.0,20.0,1.0,1.1428687572479248,-0.010894599370658398,-0.005126979900319677,167.1586493342937,163.68312213232343,167.0,164.0,8.028679370880127,8.048642873764038,8.068268299102783,528,8,ae0000009d000000,174,157,8.088405847549438,1,1,1,1,1,1779078347.0397851
8.10127434730528,0,sine_low_wl5m,2.0,0.1287112777529293,1.2666667699813843,1.3634995222091675,-0.08508361876010895,7.065223173728292,-0.7766857306612585,0.0,0.0,0.0,-0.05535556799134791,0.998466705049475,1.0244080297549891,-0.11393774547162554,0.0,0.0,0.0,0.007895044049890883,0.0,2.0,0.0700340263678175,2.0,0.0700340263678175,2.6538368838560205,0.2597081368465298,0.6538368838560205,0.18967411047871233,0.8398373126983643,0.7782323360443115,-0.2287912368774414,-0.13207924365997314,1.0,0.0,20.0,1.0,1.1428687572479248,-0.010894599370658398,-0.005126979900319677,167.1586493342937,163.68312213232343,167.0,164.0,8.128691673278809,8.148582696914673,8.068268299102783,528,8,ae0000009d000000,174,157,8.088405847549438,1,1,1,1,1,1779078347.0397851
8.15127434730528,0,sine_low_wl5m,2.0,0.0953980880900887,1.2666667699813843,1.3634995222091675,-0.08508361876010895,7.065223173728292,-0.7766857306612585,0.0,0.0,0.0,-0.05535556799134791,0.998466705049475,1.0244080297549891,-0.11393774547162554,0.0,0.0,0.0,0.007895044049890883,0.0,2.0,0.1531492194459372,2.0,0.1531492194459372,2.7498539111402263,0.3921082507729298,0.7498539111402263,0.23895903132699262,0.8274294137954712,0.8200345039367676,-0.2753100097179413,-0.168393075466156,1.0,0.0,20.0,1.0,1.14158296585083,0.03653191775083542,-0.02125940218698171,169.22099766282534,161.6207738037918,169.0,162.0,8.128691673278809,8.148582696914673,8.168433427810669,528,8,ae0000009d000000,174,157,8.190290927886963,1,1,1,1,1,1779078347.139307
8.201274347305281,0,sine_low_wl5m,2.0,0.04373498470775667,1.0230450630187988,1.0555212497711182,-0.07302600890398026,7.130187524882407,-0.783902029643045,0.0,0.0,0.0,-0.05528422934703123,0.9984706575485855,1.0971253799508065,-0.12186687628687468,0.0,0.0,0.0,-0.000811788551721652,0.0,2.0,0.1531492194459372,2.0,0.1531492194459372,2.7498539111402263,0.3921082507729298,0.7498539111402263,0.23895903132699262,0.8274294137954712,0.8200345039367676,-0.2753100097179413,-0.168393075466156,1.0,0.0,20.0,1.0,1.14158296585083,0.03653191775083542,-0.02125940218698171,169.22099766282534,161.6207738037918,169.0,162.0,8.228637218475342,8.248568296432495,8.168433427810669,528,8,ae0000009d000000,174,157,8.190290927886963,1,1,1,1,1,1779078347.139307
8.251274347305282,0,sine_low_wl5m,2.0,0.008642566481289901,1.0230450630187988,1.0555212497711182,-0.07302600890398026,7.130187524882407,-0.783902029643045,0.0,0.0,0.0,-0.05528422934703123,0.9984706575485855,1.0971253799508065,-0.12186687628687468,0.0,0.0,0.0,-0.000811788551721652,0.0,2.0,0.22659686378488583,2.0,0.22659686378488583,2.8038188633340506,0.49836298202646717,0.8038188633340506,0.27176611824158137,0.8219866752624512,0.8534702062606812,-0.3047017455101013,-0.1987410932779312,1.0,0.0,20.0,1.0,1.1413936614990234,0.08799348771572113,0.022284694346830235,171.04346382006145,159.79830764655574,171.0,160.0,8.228637218475342,8.248568296432495,8.268287897109985,528,8,ae0000009d000000,174,157,8.288637638092041,1,1,1,1,1,1779078347.2386491
8.301274347305283,0,sine_low_wl5m,2.0,-0.04399993927740787,0.7690490484237671,0.7880195379257202,-0.10184934735298157,7.154999688619549,-0.7866579949747473,0.0,0.0,0.0,-0.05527089272364963,0.9984713958935082,1.1235654697035198,-0.12477341253602012,0.0,0.0,0.0,0.007580834024695678,0.0,2.0,0.22659686378488583,2.0,0.22659686378488583,2.8038188633340506,0.49836298202646717,0.8038188633340506,0.27176611824158137,0.8219866752624512,0.8534702062606812,-0.3047017455101013,-0.1987410932779312,1.0,0.0,20.0,1.0,1.1413936614990234,0.08799348771572113,0.022284694346830235,171.04346382006145,159.79830764655574,171.0,160.0,8.328672170639038,8.348562240600586,8.268287897109985,528,8,ae0000009d000000,174,157,8.288637638092041,1,1,1,1,1,1779078347.2386491
8.351274347305283,0,sine_low_wl5m,2.0,-0.07862949496866671,0.7690490484237671,0.7880195379257202,-0.10184934735298157,7.154999688619549,-0.7866579949747473,0.0,0.0,0.0,-0.05527089272364963,0.9984713958935082,1.1235654697035198,-0.12477341253602012,0.0,0.0,0.0,0.007580834024695678,0.0,2.0,0.2857923350990904,2.0,0.2857923350990904,2.8109687677757074,0.5636309544055036,0.8109687677757074,0.2778386193064132,0.827390193939209,0.8872767090797424,-0.32576799392700195,-0.21430428326129913,1.0,0.0,20.0,1.0,1.1421444416046143,0.2562195658683777,0.00619026326738328,172.51228891449085,158.32948255212625,173.0,158.0,8.328672170639038,8.348562240600586,8.36834192276001,528,8,ad0000009e000000,173,158,8.389055967330933,1,1,1,1,1,1779078347.3397565
8.401274347305284,0,sine_low_wl5m,2.0,-0.12898216888444425,0.563194215297699,0.5523614287376404,-0.08795465528964996,7.218436010580066,-0.7936378636814164,0.0,0.0,0.0,-0.05441267340459426,0.998518533114416,1.170051522252636,-0.12789998258457216,0.0,0.0,0.0,0.03210794187378671,0.0,2.0,0.2857923350990904,2.0,0.2857923350990904,2.8109687677757074,0.5636309544055036,0.8109687677757074,0.2778386193064132,0.827390193939209,0.8872767090797424,-0.32576799392700195,-0.21430428326129913,1.0,0.0,20.0,1.0,1.1421444416046143,0.2562195658683777,0.00619026326738328,172.51228891449085,158.32948255212625,173.0,158.0,8.428443908691406,8.44846248626709,8.36834192276001,528,8,ad0000009e000000,173,158,8.389055967330933,1,1,1,1,1,1779078347.3397565
8.451274347305285,0,sine_low_wl5m,2.0,-0.16096659920085973,0.563194215297699,0.5523614287376404,-0.08795465528964996,7.218436010580066,-0.7936378636814164,0.0,0.0,0.0,-0.05441267340459426,0.998518533114416,1.170051522252636,-0.12789998258457216,0.0,0.0,0.0,0.03210794187378671,0.0,2.0,0.3270646678322726,2.0,0.3270646678322726,2.8121605868114714,0.6106567532154419,0.8121605868114714,0.28359208538316927,0.831978440284729,0.903044581413269,-0.3396569788455963,-0.224385604262352,1.0,0.0,20.0,1.0,1.141350507736206,0.4591822922229767,-0.00031358300330879083,173.53638479004132,157.30538667657584,174.0,157.0,8.428443908691406,8.44846248626709,8.468178033828735,528,8,ab000000a0000000,171,160,8.488281726837158,1,1,1,1,1,1779078347.4386675
8.501274347305285,0,sine_low_wl5m,2.0,-0.20582441082401362,0.4020092785358429,0.3753686845302582,-0.09066729247570038,7.392555069832497,-0.8124683837568403,0.0,0.0,0.0,-0.053762329910682215,0.998553760136416,1.2627766783875647,-0.13637159654078643,0.0,0.0,0.0,0.0013594802173549799,0.0,2.0,0.3270646678322726,2.0,0.3270646678322726,2.8121605868114714,0.6106567532154419,0.8121605868114714,0.28359208538316927,0.831978440284729,0.903044581413269,-0.3396569788455963,-0.224385604262352,1.0,0.0,20.0,1.0,1.141350507736206,0.4591822922229767,-0.00031358300330879083,173.53638479004132,157.30538667657584,174.0,157.0,8.528511047363281,8.548368215560913,8.468178033828735,528,8,ab000000a0000000,171,160,8.488281726837158,1,1,1,1,1,1779078347.4386675
8.551274347305286,0,sine_low_wl5m,2.0,-0.23318424911021682,0.4020092785358429,0.3753686845302582,-0.09066729247570038,7.392555069832497,-0.8124683837568403,0.0,0.0,0.0,-0.053762329910682215,0.998553760136416,1.2627766783875647,-0.13637159654078643,0.0,0.0,0.0,0.0013594802173549799,0.0,2.0,0.3477778788138806,2.0,0.3477778788138806,2.7748661293838968,0.6228221228664752,0.7748661293838968,0.2750442440525946,0.8431522846221924,0.916135311126709,-0.3396347165107727,-0.22281146049499512,1.0,0.0,20.0,1.0,1.141371250152588,0.6024015545845032,0.018024741996786265,174.0503444460851,156.79142702053207,174.0,157.0,8.528511047363281,8.548368215560913,8.568239688873291,528,8,a9000000a1000000,169,161,8.58830738067627,1,1,1,1,1,1779078347.538799
8.601274347305287,0,sine_low_wl5m,2.0,-0.26975922367817856,0.2670900821685791,0.2595236003398895,-0.0929650217294693,7.622443635204424,-0.8368098922817343,0.0,0.0,0.0,-0.05185758040719475,0.9986544904792204,1.336042512385532,-0.13912971732400395,0.0,0.0,0.0,-0.008919526965923845,0.0,2.0,0.3477778788138806,2.0,0.3477778788138806,2.7748661293838968,0.6228221228664752,0.7748661293838968,0.2750442440525946,0.8431522846221924,0.916135311126709,-0.3396347165107727,-0.22281146049499512,1.0,0.0,20.0,1.0,1.141371250152588,0.6024015545845032,0.018024741996786265,174.0503444460851,156.79142702053207,174.0,157.0,8.628432989120483,8.648426055908203,8.568239688873291,528,8,a9000000a1000000,169,161,8.58830738067627,1,1,1,1,1,1779078347.538799
8.651274347305288,0,sine_low_wl5m,2.0,-0.2907772789483302,0.2670900821685791,0.2595236003398895,-0.0929650217294693,7.622443635204424,-0.8368098922817343,0.0,0.0,0.0,-0.05185758040719475,0.9986544904792204,1.336042512385532,-0.13912971732400395,0.0,0.0,0.0,-0.008919526965923845,0.0,2.0,0.34665002753724067,2.0,0.34665002753724067,2.7229214076068984,0.6078312074257457,0.7229214076068984,0.26118117988850503,0.8554943799972534,0.9209243655204773,-0.32944396138191223,-0.21311654150485992,1.0,0.0,20.0,1.0,1.1411464214324951,0.7110668420791626,-0.0024940247967548583,174.0223589225115,156.81941254410566,174.0,157.0,8.628432989120483,8.648426055908203,8.668202877044678,528,8,a7000000a3000000,167,163,8.688151121139526,1,1,1,1,1,1779078347.6382709
8.701274347305288,0,sine_low_wl5m,2.0,-0.3167440434539605,0.1837330311536789,0.16563645005226135,-0.09601739048957825,7.723623915094059,-0.847401037824834,0.0,0.0,0.0,-0.052336719201178515,0.9986294947693348,1.3491352068591276,-0.1418019084532469,0.0,0.0,0.0,0.008576250582732342,0.0,2.0,0.34665002753724067,2.0,0.34665002753724067,2.7229214076068984,0.6078312074257457,0.7229214076068984,0.26118117988850503,0.8554943799972534,0.9209243655204773,-0.32944396138191223,-0.21311654150485992,1.0,0.0,20.0,1.0,1.1411464214324951,0.7110668420791626,-0.0024940247967548583,174.0223589225115,156.81941254410566,174.0,157.0,8.72850513458252,8.748455047607422,8.668202877044678,528,8,a7000000a3000000,167,163,8.688151121139526,1,1,1,1,1,1779078347.6382709
8.751274347305289,0,sine_low_wl5m,2.0,-0.33008850976436865,0.1837330311536789,0.16563645005226135,-0.09601739048957825,7.723623915094059,-0.847401037824834,0.0,0.0,0.0,-0.052336719201178515,0.9986294947693348,1.3491352068591276,-0.1418019084532469,0.0,0.0,0.0,0.008576250582732342,0.0,2.0,0.32372968370752847,2.0,0.32372968370752847,2.693829997225583,0.5774987801230202,0.693829997225583,0.2537690964154918,0.8595613837242126,0.9122788906097412,-0.3155122399330139,-0.20311026275157928,1.0,0.0,20.0,1.0,1.1410596370697021,0.7797936797142029,0.03210794187378671,173.45363338586805,157.38813808074912,173.0,157.0,8.72850513458252,8.748455047607422,8.768189668655396,528,8,a5000000a6000000,165,166,8.788401365280151,1,1,1,1,1,1779078347.7384481
8.80127434730529,0,sine_low_wl5m,2.0,-0.34382399284573345,0.11494821310043335,0.10026755928993225,-0.09434274584054947,8.049144156694256,-0.8808504422239279,0.0,0.0,0.0,-0.050635038621759124,0.9987172236743357,1.3959207840074663,-0.1419113610423554,0.0,0.0,0.0,-0.004013922049719885,0.0,2.0,0.32372968370752847,2.0,0.32372968370752847,2.693829997225583,0.5774987801230202,0.693829997225583,0.2537690964154918,0.8595613837242126,0.9122788906097412,-0.3155122399330139,-0.20311026275157928,1.0,0.0,20.0,1.0,1.1410596370697021,0.7797936797142029,0.03210794187378671,173.45363338586805,157.38813808074912,173.0,157.0,8.828500509262085,8.848327875137329,8.768189668655396,528,8,a5000000a6000000,165,166,8.788401365280151,1,1,1,1,1,1779078347.7384481
8.85127434730529,0,sine_low_wl5m,2.0,-0.3486569474747363,0.11494821310043335,0.10026755928993225,-0.09434274584054947,8.049144156694256,-0.8808504422239279,0.0,0.0,0.0,-0.050635038621759124,0.9987172236743357,1.3959207840074663,-0.1419113610423554,0.0,0.0,0.0,-0.004013922049719885,0.0,2.0,0.2804577113014333,2.0,0.2804577113014333,2.6425820974352225,0.5174264728317567,0.6425820974352225,0.23696876153032337,0.866601288318634,0.8959269523620605,-0.29006505012512207,-0.18311861157417297,1.0,0.0,20.0,1.0,1.1415917873382568,0.8446049094200134,-0.0077781411043328355,172.37992018544153,158.46185128117563,172.0,158.0,8.828500509262085,8.848327875137329,8.868197441101074,528,8,a3000000a8000000,163,168,8.88843584060669,1,1,1,1,1,1779078347.838616
8.901274347305291,0,sine_low_wl5m,2.0,-0.34930103050039213,0.07626386731863022,0.05522174388170242,-0.09555652737617493,8.11938311617374,-0.8879964326006227,0.0,0.0,0.0,-0.05069409449941578,0.9987142277863494,1.3892883325652665,-0.14140309863143558,0.0,0.0,0.0,-0.019401206834418074,0.0,2.0,0.2804577113014333,2.0,0.2804577113014333,2.6425820974352225,0.5174264728317567,0.6425820974352225,0.23696876153032337,0.866601288318634,0.8959269523620605,-0.29006505012512207,-0.18311861157417297,1.0,0.0,20.0,1.0,1.1415917873382568,0.8446049094200134,-0.0077781411043328355,172.37992018544153,158.46185128117563,172.0,158.0,8.928391933441162,8.948355913162231,8.868197441101074,528,8,a3000000a8000000,163,168,8.88843584060669,1,1,1,1,1,1779078347.838616
8.951274347305292,0,sine_low_wl5m,2.0,-0.3453204256607528,0.07626386731863022,0.05522174388170242,-0.09555652737617493,8.11938311617374,-0.8879964326006227,0.0,0.0,0.0,-0.05069409449941578,0.9987142277863494,1.3892883325652665,-0.14140309863143558,0.0,0.0,0.0,-0.019401206834418074,0.0,2.0,0.21957941762088756,2.0,0.21957941762088756,2.577394001417634,0.437303700406977,0.577394001417634,0.21772428278608946,0.8715960383415222,0.8589611649513245,-0.2464464008808136,-0.15604747831821442,1.0,0.0,20.0,1.0,1.14137864112854,0.8902031183242798,-0.003573405951418025,170.86933899605629,159.97243247056088,171.0,160.0,8.928391933441162,8.948355913162231,8.968157052993774,528,8,a1000000aa000000,161,170,8.988242387771606,1,1,1,1,1,1779078347.9386258
9.001274347305293,0,sine_low_wl5m,2.0,-0.3328304818664843,0.02993960864841938,0.0422007218003273,-0.0942034050822258,8.194990911786787,-0.8957100485719087,0.0,0.0,0.0,-0.050799568193945016,0.9987088684252827,1.4157204998967277,-0.14439552203088601,0.0,0.0,0.0,0.004727020496544216,0.0,2.0,0.21957941762088756,2.0,0.21957941762088756,2.577394001417634,0.437303700406977,0.577394001417634,0.21772428278608946,0.8715960383415222,0.8589611649513245,-0.2464464008808136,-0.15604747831821442,1.0,0.0,20.0,1.0,1.14137864112854,0.8902031183242798,-0.003573405951418025,170.86933899605629,159.97243247056088,171.0,160.0,9.028735399246216,9.048474073410034,8.968157052993774,528,8,a1000000aa000000,161,170,8.988242387771606,1,1,1,1,1,1779078347.9386258
9.051274347305293,0,sine_low_wl5m,2.0,-0.3202812711621759,0.02993960864841938,0.0422007218003273,-0.0942034050822258,8.194990911786787,-0.8957100485719087,0.0,0.0,0.0,-0.050799568193945016,0.9987088684252827,1.4157204998967277,-0.14439552203088601,0.0,0.0,0.0,0.004727020496544216,0.0,2.0,0.14489659457465373,2.0,0.14489659457465373,2.509741233970075,0.3201532520109488,0.5097412339700749,0.17525665743629507,0.8756076693534851,0.8134905695915222,-0.19754867255687714,-0.11554505676031113,1.0,0.0,20.0,1.0,1.1412794589996338,0.9024016857147217,0.009881461248422745,169.01622418545048,161.82554728116668,169.0,162.0,9.028735399246216,9.048474073410034,9.068272829055786,528,8,9f000000ac000000,159,172,9.08946681022644,1,1,1,1,1,1779078348.0395567
9.101274347305294,0,sine_low_wl5m,2.0,-0.29543779937462844,0.00950706284493208,0.020714543759822845,-0.09489616751670837,8.338733525560233,-0.910283607865858,0.0,0.0,0.0,-0.050203594186005236,0.9987390045105913,1.448973408116487,-0.14604004596537257,0.0,0.0,0.0,0.025161967049241077,0.0,2.0,0.14489659457465373,2.0,0.14489659457465373,2.509741233970075,0.3201532520109488,0.5097412339700749,0.17525665743629507,0.8756076693534851,0.8134905695915222,-0.19754867255687714,-0.11554505676031113,1.0,0.0,20.0,1.0,1.1412794589996338,0.9024016857147217,0.009881461248422745,169.01622418545048,161.82554728116668,169.0,162.0,9.12851881980896,9.148322105407715,9.068272829055786,528,8,9f000000ac000000,159,172,9.08946681022644,1,1,1,1,1,1779078348.0395567
9.151274347305295,0,sine_low_wl5m,2.0,-0.2751262979491517,0.00950706284493208,0.020714543759822845,-0.09489616751670837,8.338733525560233,-0.910283607865858,0.0,0.0,0.0,-0.050203594186005236,0.9987390045105913,1.448973408116487,-0.14604004596537257,0.0,0.0,0.0,0.025161967049241077,0.0,2.0,0.06110449164926589,2.0,0.06110449164926589,2.2928473622362016,0.08824846106327135,0.29284736223620156,0.02714396941400546,0.9178671836853027,0.7456611394882202,-0.10452935099601746,-0.00469895638525486,1.0,0.0,20.0,1.0,1.13999342918396,0.9194465279579163,0.008576250582732342,166.93707960294432,163.9046918636728,167.0,164.0,9.12851881980896,9.148322105407715,9.168209314346313,528,8,9e000000ad000000,158,173,9.188233375549316,1,1,1,1,1,1779078348.1385858
9.201274347305295,0,sine_low_wl5m,2.0,-0.23950736720322147,0.005769811104983091,-0.004492869600653648,-0.09428657591342926,8.39334608257357,-0.9157587305278951,0.0,0.0,0.0,-0.04980464933052825,0.9987589783852073,1.4226222252850027,-0.14223617596165464,0.0,0.0,0.0,0.01627609114516423,0.0,2.0,0.06110449164926589,2.0,0.06110449164926589,2.2928473622362016,0.08824846106327135,0.29284736223620156,0.02714396941400546,0.9178671836853027,0.7456611394882202,-0.10452935099601746,-0.00469895638525486,1.0,0.0,20.0,1.0,1.13999342918396,0.9194465279579163,0.008576250582732342,166.93707960294432,163.9046918636728,167.0,164.0,9.228479862213135,9.248364686965942,9.168209314346313,528,8,9e000000ad000000,158,173,9.188233375549316,1,1,1,1,1,1779078348.1385858
9.251274347305296,0,sine_low_wl5m,2.0,-0.21269461005510232,0.005769811104983091,-0.004492869600653648,-0.09428657591342926,8.39334608257357,-0.9157587305278951,0.0,0.0,0.0,-0.04980464933052825,0.9987589783852073,1.4226222252850027,-0.14223617596165464,0.0,0.0,0.0,0.01627609114516423,0.0,2.0,-0.026777685438778957,2.0,-0.026777685438778957,2.230583778113146,-0.08256887472613804,0.23058377811314612,-0.055791189287359086,0.9295222163200378,0.7029222846031189,-0.07337717711925507,0.03126181662082672,1.0,0.0,20.0,1.0,1.1404542922973633,0.948628306388855,0.024632496011163872,164.75644746683295,166.08532399978418,165.0,166.0,9.228479862213135,9.248364686965942,9.268145561218262,528,8,9d000000ae000000,157,174,9.288138151168823,1,1,1,1,1,1779078348.2390862
9.301274347305297,0,sine_low_wl5m,2.0,-0.1685283842468436,-0.003323326585814357,-0.01534262578934431,-0.09524089097976685,8.53262396755283,-0.929638620521101,0.0,0.0,0.0,-0.04946420032107742,0.9987758972295018,1.435953456601956,-0.142580391924766,0.0,0.0,0.0,0.01633486418232967,0.0,2.0,-0.026777685438778957,2.0,-0.026777685438778957,2.230583778113146,-0.08256887472613804,0.23058377811314612,-0.055791189287359086,0.9295222163200378,0.7029222846031189,-0.07337717711925507,0.03126181662082672,1.0,0.0,20.0,1.0,1.1404542922973633,0.948628306388855,0.024632496011163872,164.75644746683295,166.08532399978418,165.0,166.0,9.328623533248901,9.348347902297974,9.268145561218262,528,8,9d000000ae000000,157,174,9.288138151168823,1,1,1,1,1,1779078348.2390862
9.351274347305297,0,sine_low_wl5m,2.0,-0.13687103610198234,-0.003323326585814357,-0.01534262578934431,-0.09524089097976685,8.53262396755283,-0.929638620521101,0.0,0.0,0.0,-0.04946420032107742,0.9987758972295018,1.435953456601956,-0.142580391924766,0.0,0.0,0.0,0.01633486418232967,0.0,2.0,-0.11246549051934414,2.0,-0.11246549051934414,2.1766139635471142,-0.23790040752311528,0.17661396354711423,-0.12543491700377113,0.9435297846794128,0.6765129566192627,-0.05370010435581207,0.04847721755504608,1.0,0.0,20.0,1.0,1.1397359371185303,0.9578559398651123,0.010754920020764659,162.63026457488743,168.21150689172973,163.0,168.0,9.328623533248901,9.348347902297974,9.368214845657349,528,8,9d000000ae000000,157,174,9.389110565185547,1,1,1,1,1,1779078348.3388057
9.401274347305298,0,sine_low_wl5m,2.0,-0.08690955251200297,-0.0072266897186636925,-0.02125636860728264,-0.09413935244083405,8.601693222686736,-0.9364978563279936,0.0,0.0,0.0,-0.04948038967381077,0.9987750953231302,1.4491833850808717,-0.14394147720452707,0.0,0.0,0.0,-0.005593149522827474,0.0,2.0,-0.11246549051934414,2.0,-0.11246549051934414,2.1766139635471142,-0.23790040752311528,0.17661396354711423,-0.12543491700377113,0.9435297846794128,0.6765129566192627,-0.05370010435581207,0.04847721755504608,1.0,0.0,20.0,1.0,1.1397359371185303,0.9578559398651123,0.010754920020764659,162.63026457488743,168.21150689172973,163.0,168.0,9.428463220596313,9.448322772979736,9.368214845657349,528,8,9d000000ae000000,157,174,9.389110565185547,1,1,1,1,1,1779078348.3388057
9.451274347305299,0,sine_low_wl5m,2.0,-0.05246266791038581,-0.0072266897186636925,-0.02125636860728264,-0.09413935244083405,8.601693222686736,-0.9364978563279936,0.0,0.0,0.0,-0.04948038967381077,0.9987750953231302,1.4491833850808717,-0.14394147720452707,0.0,0.0,0.0,-0.005593149522827474,0.0,2.0,-0.19135945089164635,2.0,-0.19135945089164635,2.118076678068309,-0.4077227277540113,0.1180766780683089,-0.21636327686236495,0.9571963548660278,0.6389951705932617,-0.02741527557373047,0.0691734030842781,1.0,0.0,20.0,1.0,1.1398649215698242,0.9610947370529175,-0.008821580921305514,160.6726582543182,170.16911321229892,161.0,170.0,9.428463220596313,9.448322772979736,9.468189477920532,528,8,9d000000ae000000,157,174,9.488475561141968,1,1,1,1,1,1779078348.4385445
9.5012743473053,0,stop_after_sine_low,0.0,0.0,-0.010894599370658398,-0.025695666670799255,-0.0942612737417221,8.698823447067653,-0.9461206496614233,0.0,0.0,0.0,-0.04924246998374074,0.9987868537129934,1.4426342091176376,-0.14259692639357516,0.0,0.0,0.0,-0.0030075575346245054,0.0,2.0,-0.19135945089164635,2.0,-0.19135945089164635,2.118076678068309,-0.4077227277540113,0.1180766780683089,-0.21636327686236495,0.9571963548660278,0.6389951705932617,-0.02741527557373047,0.0691734030842781,1.0,0.0,20.0,1.0,1.1398649215698242,0.9610947370529175,-0.008821580921305514,160.6726582543182,170.16911321229892,161.0,170.0,9.5295569896698,9.549468278884888,9.468189477920532,528,8,9d000000ae000000,157,174,9.488475561141968,1,1,1,1,1,1779078348.4385445
9.5512743473053,0,stop_after_sine_low,0.0,0.0,-0.010894599370658398,-0.025695666670799255,-0.0942612737417221,8.698823447067653,-0.9461206496614233,0.0,0.0,0.0,-0.04924246998374074,0.9987868537129934,1.4426342091176376,-0.14259692639357516,0.0,0.0,0.0,-0.0030075575346245054,0.0,2.0,-0.25821504427717074,2.0,-0.25821504427717074,2.065276933644776,-0.5840966859296391,0.06527693364477605,-0.3258816416524684,0.9711639285087585,0.6020429134368896,-0.005722460336983204,0.09343622624874115,1.0,0.0,20.0,1.0,1.1399576663970947,0.9656659960746765,0.011235853783521725,159.0137615332093,171.82800993340783,159.0,172.0,9.5295569896698,9.549468278884888,9.569287300109863,528,8,9e000000ad000000,158,173,9.589835166931152,1,1,1,1,1,1779078348.5384636
9.601274347305301,0,stop_after_sine_low,0.0,0.0,0.03653191775083542,0.004167336039245129,-0.09202468395233154,8.778269980462914,-0.9539577839878721,0.0,0.0,0.0,-0.049034365050140236,0.9987970920282706,1.4559292261277763,-0.14329846251173228,0.0,0.0,0.0,0.022496434326716042,0.0,2.0,-0.25821504427717074,2.0,-0.25821504427717074,2.065276933644776,-0.5840966859296391,0.06527693364477605,-0.3258816416524684,0.9711639285087585,0.6020429134368896,-0.005722460336983204,0.09343622624874115,1.0,0.0,20.0,1.0,1.1399576663970947,0.9656659960746765,0.011235853783521725,159.0137615332093,171.82800993340783,159.0,172.0,9.629488945007324,9.649432897567749,9.569287300109863,528,8,9e000000ad000000,158,173,9.589835166931152,1,1,1,1,1,1779078348.5384636
9.651274347305302,0,stop_after_sine_low,0.0,0.0,0.03653191775083542,0.004167336039245129,-0.09202468395233154,8.778269980462914,-0.9539577839878721,0.0,0.0,0.0,-0.049034365050140236,0.9987970920282706,1.4559292261277763,-0.14329846251173228,0.0,0.0,0.0,0.022496434326716042,0.0,2.0,-0.3088548967205566,2.0,-0.3088548967205566,2.030982394573586,-0.7203492638035863,0.03098239457358609,-0.4114943670830297,0.9806182384490967,0.5772223472595215,0.008381621912121773,0.10694679617881775,1.0,0.0,20.0,1.0,1.1398093700408936,0.9671469926834106,0.01627609114516423,157.757228146521,173.0845433200962,158.0,173.0,9.629488945007324,9.649432897567749,9.669280767440796,528,8,9f000000ac000000,159,172,9.689352750778198,1,1,1,1,1,1779078348.6384158
9.701274347305302,0,stop_after_sine_low,0.0,0.0,0.08799348771572113,0.06718877702951431,-0.1053888127207756,9.017763386971588,-0.9773021275588661,0.0,0.0,0.0,-0.048207836626090926,0.998837326338895,1.4694022511942422,-0.14216948990098036,0.0,0.0,0.0,0.021076187396615834,0.0,2.0,-0.3088548967205566,2.0,-0.3088548967205566,2.030982394573586,-0.7203492638035863,0.03098239457358609,-0.4114943670830297,0.9806182384490967,0.5772223472595215,0.008381621912121773,0.10694679617881775,1.0,0.0,20.0,1.0,1.1398093700408936,0.9671469926834106,0.01627609114516423,157.757228146521,173.0845433200962,158.0,173.0,9.72961688041687,9.749474287033081,9.669280767440796,528,8,9f000000ac000000,159,172,9.689352750778198,1,1,1,1,1,1779078348.6384158
9.751274347305303,0,stop_after_sine_low,0.0,0.0,0.08799348771572113,0.06718877702951431,-0.1053888127207756,9.017763386971588,-0.9773021275588661,0.0,0.0,0.0,-0.048207836626090926,0.998837326338895,1.4694022511942422,-0.14216948990098036,0.0,0.0,0.0,0.021076187396615834,0.0,2.0,-0.3401070590961804,2.0,-0.3401070590961804,2.0073250247706023,-0.825074825788975,0.007325024770602262,-0.48496776669279457,0.9883133769035339,0.5596712231636047,0.016133826225996017,0.12166357785463333,1.0,0.0,20.0,1.0,1.140038251876831,0.9701073169708252,0.010389817459551955,156.98176408933244,173.8600073772847,157.0,174.0,9.72961688041687,9.749474287033081,9.76923155784607,528,8,a0000000aa000000,160,170,9.78921127319336,1,1,1,1,1,1779078348.7387369
9.801274347305304,0,stop_after_sine_low,0.0,0.0,0.2562195658683777,0.22092106938362122,-0.09396160393953323,9.46050827778405,-1.0192956612671953,0.0,0.0,0.0,-0.04639439407386547,0.9989232003505168,1.476529984898231,-0.13744960456481328,0.0,0.0,0.0,0.004574846980410133,0.0,2.0,-0.3401070590961804,2.0,-0.3401070590961804,2.0073250247706023,-0.825074825788975,0.007325024770602262,-0.48496776669279457,0.9883133769035339,0.5596712231636047,0.016133826225996017,0.12166357785463333,1.0,0.0,20.0,1.0,1.140038251876831,0.9701073169708252,0.010389817459551955,156.98176408933244,173.8600073772847,157.0,174.0,9.829478740692139,9.849415063858032,9.76923155784607,528,8,a0000000aa000000,160,170,9.78921127319336,1,1,1,1,1,1779078348.7387369
9.851274347305305,0,stop_after_sine_low,0.0,0.0,0.2562195658683777,0.22092106938362122,-0.09396160393953323,9.46050827778405,-1.0192956612671953,0.0,0.0,0.0,-0.04639439407386547,0.9989232003505168,1.476529984898231,-0.13744960456481328,0.0,0.0,0.0,0.004574846980410133,0.0,2.0,-0.3499706414938167,2.0,-0.3499706414938167,2.001579047719442,-0.8677532167322203,0.0015790477194421726,-0.5177825752384035,0.9914858937263489,0.5514073967933655,0.015462609007954597,0.12851490080356598,1.0,0.0,20.0,1.0,1.1403870582580566,0.9759025573730469,0.003517369500774333,156.73701770882437,174.1047537577928,157.0,174.0,9.829478740692139,9.849415063858032,9.869226217269897,528,8,a2000000a8000000,162,168,9.889235258102417,1,1,1,1,1,1779078348.8386536
9.901274347305305,0,stop_after_sine_low,0.0,0.0,0.4591822922229767,0.43724772334098816,-0.09236324578523636,9.905367153888069,-1.059781946976904,0.0,0.0,0.0,-0.044219845680977594,0.9990218242100373,1.463866723865182,-0.12984507955450988,0.0,0.0,0.0,0.018608988666168415,0.0,2.0,-0.3499706414938167,2.0,-0.3499706414938167,2.001579047719442,-0.8677532167322203,0.0015790477194421726,-0.5177825752384035,0.9914858937263489,0.5514073967933655,0.015462609007954597,0.12851490080356598,1.0,0.0,20.0,1.0,1.1403870582580566,0.9759025573730469,0.003517369500774333,156.73701770882437,174.1047537577928,157.0,174.0,9.929516553878784,9.949349641799927,9.869226217269897,528,8,a2000000a8000000,162,168,9.889235258102417,1,1,1,1,1,1779078348.8386536
9.951274347305306,0,stop_after_sine_low,0.0,0.0,0.4591822922229767,0.43724772334098816,-0.09236324578523636,9.905367153888069,-1.059781946976904,0.0,0.0,0.0,-0.044219845680977594,0.9990218242100373,1.463866723865182,-0.12984507955450988,0.0,0.0,0.0,0.018608988666168415,0.0,2.0,-0.3378486739641538,2.0,-0.3378486739641538,2.0031480561472246,-0.8375655065012927,0.003148056147224576,-0.4997168325371389,0.9911962151527405,0.5535774827003479,0.014487228356301785,0.1258087307214737,1.0,0.0,20.0,1.0,1.1400771141052246,0.9947137832641602,0.017464473643833956,157.03780169966248,173.8039697669547,157.0,174.0,9.929516553878784,9.949349641799927,9.969275712966919,528,8,a5000000a6000000,165,166,9.989349842071533,1,1,1,1,1,1779078348.9389
10.001274347305307,0,stop_after_sine_low,0.0,0.0,0.6024015545845032,0.5901142954826355,-0.0977276936173439,10.012403487111586,-1.0692054963844149,0.0,0.0,0.0,-0.04367596193756644,0.9990457498777663,1.3977625627433474,-0.12244789834890371,0.0,0.0,0.0,0.012181685101955539,0.0,2.0,-0.3378486739641538,2.0,-0.3378486739641538,2.0031480561472246,-0.8375655065012927,0.003148056147224576,-0.4997168325371389,0.9911962151527405,0.5535774827003479,0.014487228356301785,0.1258087307214737,1.0,0.0,20.0,1.0,1.1400771141052246,0.9947137832641602,0.017464473643833956,157.03780169966248,173.8039697669547,157.0,174.0,10.029537677764893,10.04941177368164,9.969275712966919,528,8,a5000000a6000000,165,166,9.989349842071533,1,1,1,1,1,1779078348.9389
10.051274347305307,0,stop_after_sine_low,0.0,0.0,0.6024015545845032,0.5901142954826355,-0.0977276936173439,10.012403487111586,-1.0692054963844149,0.0,0.0,0.0,-0.04367596193756644,0.9990457498777663,1.3977625627433474,-0.12244789834890371,0.0,0.0,0.0,0.012181685101955539,0.0,2.0,-0.30450085345551403,2.0,-0.30450085345551403,2.0171366790985052,-0.7410507549146947,0.017136679098505248,-0.4365499014591807,0.9879339337348938,0.5703907012939453,0.007202225737273693,0.11818760633468628,1.0,0.0,20.0,1.0,1.1399178504943848,0.997739315032959,0.010304882344831932,157.86526560053466,172.9765058660825,158.0,173.0,10.029537677764893,10.04941177368164,10.069337368011475,528,8,0000000000000000,0,0,10.08923625946045,1,1,1,1,1,1779078349.0386531
10.101274347305308,0,stop_after_sine_low,0.0,0.0,0.7110668420791626,0.6979018449783325,-0.09150352329015732,10.07371088732864,-1.0745594299545964,0.0,0.0,0.0,-0.04340085694353668,0.9990577388802745,1.324957143855834,-0.11533467956370308,0.0,0.0,0.0,0.02026723343184531,0.0,2.0,-0.30450085345551403,2.0,-0.30450085345551403,2.0171366790985052,-0.7410507549146947,0.017136679098505248,-0.4365499014591807,0.9879339337348938,0.5703907012939453,0.007202225737273693,0.11818760633468628,1.0,0.0,20.0,1.0,1.1399178504943848,0.997739315032959,0.010304882344831932,157.86526560053466,172.9765058660825,158.0,173.0,10.129552125930786,10.149379253387451,10.069337368011475,528,8,0000000000000000,0,0,10.08923625946045,1,1,1,1,1,1779078349.0386531
10.151274347305309,0,stop_after_sine_low,0.0,0.0,0.7110668420791626,0.6979018449783325,-0.09150352329015732,10.07371088732864,-1.0745594299545964,0.0,0.0,0.0,-0.04340085694353668,0.9990577388802745,1.324957143855834,-0.11533467956370308,0.0,0.0,0.0,0.02026723343184531,0.0,2.0,-0.2520104910954006,2.0,-0.2520104910954006,2.042574291349913,-0.588215098994328,0.042574291349913196,-0.3362046078989274,0.9808627963066101,0.6012187004089355,-0.0034851310774683952,0.10163542628288269,1.0,0.0,20.0,1.0,1.1406581401824951,1.010831594467163,0.011258185588281764,159.16771593564548,171.67405553097166,159.0,172.0,10.129552125930786,10.149379253387451,10.169290542602539,528,8,0000000000000000,0,0,10.189235925674438,1,1,1,1,1,1779078349.1391037
10.20127434730531,0,stop_after_sine_low,0.0,0.0,0.7797936797142029,0.7971246242523193,-0.08967394381761551,10.111894400362461,-1.0778772547809654,0.0,0.0,0.0,-0.04328455030431674,0.9990627846661856,1.2388600040542814,-0.10754948195903112,0.0,0.0,0.0,0.009409774582118429,0.0,2.0,-0.2520104910954006,2.0,-0.2520104910954006,2.042574291349913,-0.588215098994328,0.042574291349913196,-0.3362046078989274,0.9808627963066101,0.6012187004089355,-0.0034851310774683952,0.10163542628288269,1.0,0.0,20.0,1.0,1.1406581401824951,1.010831594467163,0.011258185588281764,159.16771593564548,171.67405553097166,159.0,172.0,10.229973793029785,10.249687671661377,10.169290542602539,528,8,0000000000000000,0,0,10.189235925674438,1,1,1,1,1,1779078349.1391037
10.25127434730531,0,stop_after_sine_low,0.0,0.0,0.7797936797142029,0.7971246242523193,-0.08967394381761551,10.111894400362461,-1.0778772547809654,0.0,0.0,0.0,-0.04328455030431674,0.9990627846661856,1.2388600040542814,-0.10754948195903112,0.0,0.0,0.0,0.009409774582118429,0.0,2.0,-0.18372283759300484,2.0,-0.18372283759300484,2.081500918112283,-0.4211510330904839,0.08150091811228322,-0.23742819549747907,0.9704371094703674,0.6335846185684204,-0.01996573433279991,0.08311197906732559,1.0,0.0,20.0,1.0,1.1398496627807617,1.0051263570785522,0.008083790761785488,160.86214655469783,169.97962491191936,161.0,170.0,10.229973793029785,10.249687671661377,10.26938533782959,528,8,0000000000000000,0,0,10.289302349090576,1,1,1,1,1,1779078349.238604
10.301274347305311,0,stop_after_sine_low,0.0,0.0,0.8446049094200134,0.8408846855163574,-0.10395187139511108,10.147067115477153,-1.0809232011899101,0.0,0.0,0.0,-0.04307245181050964,0.9990719513103304,1.179279086472725,-0.10187259926502164,0.0,0.0,0.0,0.02107833195832218,0.0,2.0,-0.18372283759300484,2.0,-0.18372283759300484,2.081500918112283,-0.4211510330904839,0.08150091811228322,-0.23742819549747907,0.9704371094703674,0.6335846185684204,-0.01996573433279991,0.08311197906732559,1.0,0.0,20.0,1.0,1.1398496627807617,1.0051263570785522,0.008083790761785488,160.86214655469783,169.97962491191936,161.0,170.0,10.329553604125977,10.349443197250366,10.26938533782959,528,8,0000000000000000,0,0,10.289302349090576,1,1,1,1,1,1779078349.238604
10.351274347305312,0,stop_after_sine_low,0.0,0.0,0.8446049094200134,0.8408846855163574,-0.10395187139511108,10.147067115477153,-1.0809232011899101,0.0,0.0,0.0,-0.04307245181050964,0.9990719513103304,1.179279086472725,-0.10187259926502164,0.0,0.0,0.0,0.02107833195832218,0.0,2.0,-0.10385079660895813,2.0,-0.10385079660895813,2.134151686481492,-0.23582540685780495,0.13415168648149178,-0.13197461024884682,0.9563549160957336,0.6738346219062805,-0.041006457060575485,0.05505652725696564,1.0,0.0,20.0,1.0,1.140002727508545,1.0027592182159424,0.011405312995492667,162.84402211943404,167.99774934718312,163.0,168.0,10.329553604125977,10.349443197250366,10.36931562423706,528,8,0000000000000000,0,0,10.389264345169067,1,1,1,1,1,1779078349.3395255
10.401274347305312,0,stop_after_sine_low,0.0,0.0,0.8902031183242798,0.8752957582473755,-0.09615961462259293,10.149270513433251,-1.081113444638423,0.0,0.0,0.0,-0.04305036276926826,0.9990729033786445,1.172658401326269,-0.10124842749279299,0.0,0.0,0.0,0.022410924650124488,0.0,2.0,-0.10385079660895813,2.0,-0.10385079660895813,2.134151686481492,-0.23582540685780495,0.13415168648149178,-0.13197461024884682,0.9563549160957336,0.6738346219062805,-0.041006457060575485,0.05505652725696564,1.0,0.0,20.0,1.0,1.140002727508545,1.0027592182159424,0.011405312995492667,162.84402211943404,167.99774934718312,163.0,168.0,10.42974066734314,10.449679851531982,10.36931562423706,528,8,0000000000000000,0,0,10.389264345169067,1,1,1,1,1,1779078349.3395255
10.451274347305313,0,stop_after_sine_low,0.0,0.0,0.8902031183242798,0.8752957582473755,-0.09615961462259293,10.149270513433251,-1.081113444638423,0.0,0.0,0.0,-0.04305036276926826,0.9990729033786445,1.172658401326269,-0.10124842749279299,0.0,0.0,0.0,0.022410924650124488,0.0,2.0,-0.017459139119153026,2.0,-0.017459139119153026,2.184260285097996,-0.07591556377176384,0.18426028509799597,-0.05845642465261081,0.9468152523040771,0.7139452695846558,-0.06809095293283463,0.036740418523550034,1.0,0.0,20.0,1.0,1.1402087211608887,1.0086637735366821,0.014664283064516549,164.98766979472387,165.85410167189326,165.0,166.0,10.42974066734314,10.449679851531982,10.469613313674927,528,8,0000000000000000,0,0,10.489447116851807,1,1,1,1,1,1779078349.438657
10.501274347305314,0,stop_after_sine_low,0.0,0.0,0.9024016857147217,0.9168094396591187,-0.09121459722518921,10.158031027294545,-1.0818685597602316,0.0,0.0,0.0,-0.042978148181821045,0.9990760125129926,1.1527972118492296,-0.09936570169611887,0.0,0.0,0.0,0.016198905582513978,0.0,2.0,-0.017459139119153026,2.0,-0.017459139119153026,2.184260285097996,-0.07591556377176384,0.18426028509799597,-0.05845642465261081,0.9468152523040771,0.7139452695846558,-0.06809095293283463,0.036740418523550034,1.0,0.0,20.0,1.0,1.1402087211608887,1.0086637735366821,0.014664283064516549,164.98766979472387,165.85410167189326,165.0,166.0,10.529737949371338,10.549427509307861,10.469613313674927,528,8,0000000000000000,0,0,10.489447116851807,1,1,1,1,1,1779078349.438657
10.551274347305315,0,stop_after_sine_low,0.0,0.0,0.9024016857147217,0.9168094396591187,-0.09121459722518921,10.158031027294545,-1.0818685597602316,0.0,0.0,0.0,-0.042978148181821045,0.9990760125129926,1.1527972118492296,-0.09936570169611887,0.0,0.0,0.0,0.016198905582513978,0.0,0.0,0.0,0.0,0.0,-0.11829969135928035,-0.05947005798094254,-0.11829969135928035,-0.05947005798094254,0.9816088080406189,0.6657971143722534,0.11612401902675629,0.039594992995262146,1.0,0.0,20.0,1.0,1.1408586502075195,1.0036909580230713,0.0017844286541744293,0.0,0.0,0.0,0.0,10.529737949371338,10.549427509307861,10.56926417350769,528,8,0000000000000000,0,0,10.589322328567505,1,1,1,1,1,1779078349.54021
10.601274347305315,0,stop_after_sine_low,0.0,0.0,0.9194465279579163,0.9513586163520813,-0.04308132082223892,10.165257470751756,-1.0824907805748534,0.0,0.0,0.0,-0.04293254187426258,0.9990779733575427,1.139555631940653,-0.0981195297259903,0.0,0.0,0.0,0.0071268546884513855,0.0,0.0,0.0,0.0,0.0,-0.11829969135928035,-0.05947005798094254,-0.11829969135928035,-0.05947005798094254,0.9816088080406189,0.6657971143722534,0.11612401902675629,0.039594992995262146,1.0,0.0,20.0,1.0,1.1408586502075195,1.0036909580230713,0.0017844286541744293,0.0,0.0,0.0,0.0,10.629765510559082,10.649569272994995,10.56926417350769,528,8,0000000000000000,0,0,10.589322328567505,1,1,1,1,1,1779078349.54021
10.651274347305316,0,stop_after_sine_low,0.0,0.0,0.9194465279579163,0.9513586163520813,-0.04308132082223892,10.165257470751756,-1.0824907805748534,0.0,0.0,0.0,-0.04293254187426258,0.9990779733575427,1.139555631940653,-0.0981195297259903,0.0,0.0,0.0,0.0071268546884513855,0.0,0.0,0.0,0.0,0.0,-0.1062207737440068,0.002801886139865133,-0.1062207737440068,0.002801886139865133,0.9568709135055542,0.6650660037994385,0.10163956880569458,-0.0018634392181411386,1.0,0.0,20.0,1.0,1.1410462856292725,0.9955853819847107,0.03179467056822188,0.0,0.0,0.0,0.0,10.629765510559082,10.649569272994995,10.669394493103027,528,8,0000000000000000,0,0,10.689374923706055,1,1,1,1,1,1779078349.6402578
10.701274347305317,0,stop_after_sine_low,0.0,0.0,0.948628306388855,0.956272304058075,-0.07313723117113113,10.168184946705649,-1.0827427750716505,0.0,0.0,0.0,-0.04292052946506682,0.999078489484404,1.1329326539324507,-0.09752182375849427,0.0,0.0,0.0,0.00969270571957943,0.0,0.0,0.0,0.0,0.0,-0.1062207737440068,0.002801886139865133,-0.1062207737440068,0.002801886139865133,0.9568709135055542,0.6650660037994385,0.10163956880569458,-0.0018634392181411386,1.0,0.0,20.0,1.0,1.1410462856292725,0.9955853819847107,0.03179467056822188,0.0,0.0,0.0,0.0,10.729706525802612,10.749500274658203,10.669394493103027,528,8,0000000000000000,0,0,10.689374923706055,1,1,1,1,1,1779078349.6402578
10.751274347305317,0,stop_after_sine_low,0.0,0.0,0.948628306388855,0.956272304058075,-0.07313723117113113,10.168184946705649,-1.0827427750716505,0.0,0.0,0.0,-0.04292052946506682,0.999078489484404,1.1329326539324507,-0.09752182375849427,0.0,0.0,0.0,0.00969270571957943,0.0,0.0,0.0,0.0,0.0,-0.099686993779151,0.011486423402001707,-0.099686993779151,0.011486423402001707,0.9485043287277222,0.6697659492492676,0.09455354511737823,-0.007693215273320675,1.0,0.0,20.0,1.0,1.141160011291504,0.9809122681617737,0.007953820136702677,0.0,0.0,0.0,0.0,10.729706525802612,10.749500274658203,10.769325971603394,528,8,0000000000000000,0,0,10.789441585540771,1,1,1,1,1,1779078349.7395701
10.801274347305318,0,stop_after_sine_low,0.0,0.0,0.9578559398651123,0.9936839938163757,-0.09443739056587219,10.175397249612917,-1.0833632047878634,0.0,0.0,0.0,-0.04289310866084909,0.9990796671083886,1.1196872685037653,-0.09631975572532402,0.0,0.0,0.0,0.012544755571919265,0.0,0.0,0.0,0.0,0.0,-0.099686993779151,0.011486423402001707,-0.099686993779151,0.011486423402001707,0.9485043287277222,0.6697659492492676,0.09455354511737823,-0.007693215273320675,1.0,0.0,20.0,1.0,1.141160011291504,0.9809122681617737,0.007953820136702677,0.0,0.0,0.0,0.0,10.829653978347778,10.849600791931152,10.769325971603394,528,8,0000000000000000,0,0,10.789441585540771,1,1,1,1,1,1779078349.7395701
10.851274347305319,0,stop_after_sine_low,0.0,0.0,0.9578559398651123,0.9936839938163757,-0.09443739056587219,10.175397249612917,-1.0833632047878634,0.0,0.0,0.0,-0.04289310866084909,0.9990796671083886,1.1196872685037653,-0.09631975572532402,0.0,0.0,0.0,0.012544755571919265,0.0,0.0,0.0,0.0,0.0,-0.09690551311935061,0.017059817963428783,-0.09690551311935061,0.017059817963428783,0.9452369809150696,0.671676516532898,0.09159867465496063,-0.011458679102361202,1.0,0.0,20.0,1.0,1.1409990787506104,0.8691956400871277,0.0071268546884513855,0.0,0.0,0.0,0.0,10.829653978347778,10.849600791931152,10.869375944137573,528,8,0000000000000000,0,0,10.889305591583252,1,1,1,1,1,1779078349.8395915
10.90127434730532,0,stop_after_sine_low,0.0,0.0,0.9610947370529175,1.0052661895751953,-0.08660806715488434,10.176479337487063,-1.0834562821534894,0.0,0.0,0.0,-0.04288946680513223,0.9990798234561498,1.1064372254703159,-0.09517181056926743,0.0,0.0,0.0,0.01268011662038092,0.0,0.0,0.0,0.0,0.0,-0.09690551311935061,0.017059817963428783,-0.09690551311935061,0.017059817963428783,0.9452369809150696,0.671676516532898,0.09159867465496063,-0.011458679102361202,1.0,0.0,20.0,1.0,1.1409990787506104,0.8691956400871277,0.0071268546884513855,0.0,0.0,0.0,0.0,10.92982816696167,10.949641466140747,10.869375944137573,528,8,0000000000000000,0,0,10.889305591583252,1,1,1,1,1,1779078349.8395915
10.95127434730532,0,stop_after_sine_low,0.0,0.0,0.9610947370529175,1.0052661895751953,-0.08660806715488434,10.176479337487063,-1.0834562821534894,0.0,0.0,0.0,-0.04288946680513223,0.9990798234561498,1.1064372254703159,-0.09517181056926743,0.0,0.0,0.0,0.01268011662038092,0.0,0.0,0.0,0.0,0.0,-0.09097615774917948,0.033035514764318034,-0.09097615774917948,0.033035514764318034,0.9380395412445068,0.6740278601646423,0.08533923327922821,-0.02226685732603073,1.0,0.0,20.0,1.0,1.1410937309265137,0.6700432896614075,-0.0010099242786795143,0.0,0.0,0.0,0.0,10.92982816696167,10.949641466140747,10.96938943862915,528,8,0000000000000000,0,0,10.989513158798218,1,1,1,1,1,1779078349.9397156
11.001274347305321,0,stop_after_sine_low,0.0,0.0,0.9656659960746765,1.0229296684265137,-0.11776179075241089,10.186001705429762,-1.0842741255429524,0.0,0.0,0.0,-0.04282505171350484,0.9990825866492398,1.0799477043921335,-0.09275298920579164,0.0,0.0,0.0,0.021048519218828055,0.0,0.0,0.0,0.0,0.0,-0.09097615774917948,0.033035514764318034,-0.09097615774917948,0.033035514764318034,0.9380395412445068,0.6740278601646423,0.08533923327922821,-0.02226685732603073,1.0,0.0,20.0,1.0,1.1410937309265137,0.6700432896614075,-0.0010099242786795143,0.0,0.0,0.0,0.0,11.029907464981079,11.049731016159058,10.96938943862915,528,8,0000000000000000,0,0,10.989513158798218,1,1,1,1,1,1779078349.9397156
11.051274347305322,0,stop_after_sine_low,0.0,0.0,0.9656659960746765,1.0229296684265137,-0.11776179075241089,10.186001705429762,-1.0842741255429524,0.0,0.0,0.0,-0.04282505171350484,0.9990825866492398,1.0799477043921335,-0.09275298920579164,0.0,0.0,0.0,0.021048519218828055,0.0,0.0,0.0,0.0,0.0,-0.08370308475707369,0.05415581662137377,-0.08370308475707369,0.05415581662137377,0.9304911494255066,0.675493597984314,0.0778849795460701,-0.03658190742135048,1.0,0.0,20.0,1.0,1.1412088871002197,0.4755752384662628,0.022834530386026137,0.0,0.0,0.0,0.0,11.029907464981079,11.049731016159058,11.069319248199463,528,8,0000000000000000,0,0,11.089836359024048,1,1,1,1,1,1779078350.0395813
11.101274347305322,0,stop_after_sine_low,0.0,0.0,0.9671469926834106,1.031708002090454,-0.07395418733358383,10.19477923016529,-1.0850260368016063,0.0,0.0,0.0,-0.04271431340606561,0.999087327229331,1.0667170952489715,-0.09137844869517871,0.0,0.0,0.0,0.025451839717129263,0.0,0.0,0.0,0.0,0.0,-0.08370308475707369,0.05415581662137377,-0.08370308475707369,0.05415581662137377,0.9304911494255066,0.675493597984314,0.0778849795460701,-0.03658190742135048,1.0,0.0,20.0,1.0,1.1412088871002197,0.4755752384662628,0.022834530386026137,0.0,0.0,0.0,0.0,11.129817724227905,11.149745225906372,11.069319248199463,528,8,0000000000000000,0,0,11.089836359024048,1,1,1,1,1,1779078350.0395813
11.151274347305323,0,stop_after_sine_low,0.0,0.0,0.9671469926834106,1.031708002090454,-0.07395418733358383,10.19477923016529,-1.0850260368016063,0.0,0.0,0.0,-0.04271431340606561,0.999087327229331,1.0667170952489715,-0.09137844869517871,0.0,0.0,0.0,0.025451839717129263,0.0,0.0,0.0,0.0,0.0,-0.08093921040485753,0.057996868131703516,-0.08093921040485753,0.057996868131703516,0.9287934303283691,0.6764136552810669,0.07517580687999725,-0.039229873567819595,1.0,0.0,20.0,1.0,1.1410725116729736,0.32730504870414734,0.002810316498493016,0.0,0.0,0.0,0.0,11.129817724227905,11.149745225906372,11.169454336166382,528,8,0000000000000000,0,0,11.189501523971558,1,1,1,1,1,1779078350.13986
11.201274347305324,0,stop_after_sine_low,0.0,0.0,0.9701073169708252,1.0422463417053223,-0.0786156877875328,10.19584467837191,-1.0851172754001284,0.0,0.0,0.0,-0.04269981341735567,0.9990879470467667,1.0534685702087336,-0.0902127342611485,0.0,0.0,0.0,0.025573396008664304,0.0,0.0,0.0,0.0,0.0,-0.08093921040485753,0.057996868131703516,-0.08093921040485753,0.057996868131703516,0.9287934303283691,0.6764136552810669,0.07517580687999725,-0.039229873567819595,1.0,0.0,20.0,1.0,1.1410725116729736,0.32730504870414734,0.002810316498493016,0.0,0.0,0.0,0.0,11.230380773544312,11.249916315078735,11.169454336166382,528,8,0000000000000000,0,0,11.189501523971558,1,1,1,1,1,1779078350.13986
11.251274347305324,0,stop_after_sine_low,0.0,0.0,0.9701073169708252,1.0422463417053223,-0.0786156877875328,10.19584467837191,-1.0851172754001284,0.0,0.0,0.0,-0.04269981341735567,0.9990879470467667,1.0534685702087336,-0.0902127342611485,0.0,0.0,0.0,0.025573396008664304,0.0,0.0,0.0,0.0,0.0,-0.07449782596851563,0.0696000900719891,-0.07449782596851563,0.0696000900719891,0.9255310297012329,0.6787513494491577,0.06895004957914352,-0.04724115505814552,1.0,0.0,20.0,1.0,1.14125394821167,0.22537139058113098,0.003889845571787941,0.0,0.0,0.0,0.0,11.230380773544312,11.249916315078735,11.26926040649414,528,8,0000000000000000,0,0,11.289405822753906,1,1,1,1,1,1779078350.2396934
11.301274347305325,0,stop_after_sine_low,0.0,0.0,0.9759025573730469,1.0485807657241821,-0.08618398010730743,10.204153833770704,-1.0858267983938457,0.0,0.0,0.0,-0.042579057554002896,0.9990931006957324,1.040238895793801,-0.08882652689730888,0.0,0.0,0.0,0.03215229581758108,0.0,0.0,0.0,0.0,0.0,-0.07449782596851563,0.0696000900719891,-0.07449782596851563,0.0696000900719891,0.9255310297012329,0.6787513494491577,0.06895004957914352,-0.04724115505814552,1.0,0.0,20.0,1.0,1.14125394821167,0.22537139058113098,0.003889845571787941,0.0,0.0,0.0,0.0,11.3297758102417,11.349786281585693,11.26926040649414,528,8,0000000000000000,0,0,11.289405822753906,1,1,1,1,1,1779078350.2396934
11.351274347305326,0,stop_after_sine_low,0.0,0.0,0.9759025573730469,1.0485807657241821,-0.08618398010730743,10.204153833770704,-1.0858267983938457,0.0,0.0,0.0,-0.042579057554002896,0.9990931006957324,1.040238895793801,-0.08882652689730888,0.0,0.0,0.0,0.03215229581758108,0.0,0.0,0.0,0.0,0.0,-0.06671159476503687,0.08157903245183737,-0.06671159476503687,0.08157903245183737,0.923554003238678,0.6811864972114563,0.061611760407686234,-0.055570535361766815,1.0,0.0,20.0,1.0,1.1413979530334473,0.15728279948234558,0.00345882730897422,0.0,0.0,0.0,0.0,11.3297758102417,11.349786281585693,11.369393348693848,528,8,0000000000000000,0,0,11.389391660690308,1,1,1,1,1,1779078350.3397822
11.401274347305327,0,stop_after_sine_low,0.0,0.0,0.9947137832641602,1.0493335723876953,-0.08860697597265244,10.20519715476932,-1.0859158545298742,0.0,0.0,0.0,-0.04256309888033136,0.9990937806901328,1.0269902458987659,-0.08766217028141599,0.0,0.0,0.0,0.03162789848150871,0.0,0.0,0.0,0.0,0.0,-0.06671159476503687,0.08157903245183737,-0.06671159476503687,0.08157903245183737,0.923554003238678,0.6811864972114563,0.061611760407686234,-0.055570535361766815,1.0,0.0,20.0,1.0,1.1413979530334473,0.15728279948234558,0.00345882730897422,0.0,0.0,0.0,0.0,11.429804801940918,11.449498414993286,11.369393348693848,528,8,0000000000000000,0,0,11.389391660690308,1,1,1,1,1,1779078350.3397822
11.451274347305327,0,stop_after_sine_low,0.0,0.0,0.9947137832641602,1.0493335723876953,-0.08860697597265244,10.20519715476932,-1.0859158545298742,0.0,0.0,0.0,-0.04256309888033136,0.9990937806901328,1.0269902458987659,-0.08766217028141599,0.0,0.0,0.0,0.03162789848150871,0.0,0.0,0.0,0.0,0.0,-0.0628786795277544,0.08669515840317854,-0.0628786795277544,0.08669515840317854,0.9235126972198486,0.6822788715362549,0.05806925892829895,-0.059150274842977524,1.0,0.0,20.0,1.0,1.141143798828125,0.10584000498056412,0.0007150146513622196,0.0,0.0,0.0,0.0,11.429804801940918,11.449498414993286,11.46964716911316,528,8,0000000000000000,0,0,11.489339351654053,1,1,1,1,1,1779078350.4400177
11.501274347305328,0,sine_high_wl5m,2.0,7.318980964123481e-05,0.997739315032959,1.0596132278442383,-0.10232676565647125,10.21405924385773,-1.0866698604200147,0.0,0.0,0.0,-0.04242614596980307,0.9990996057141395,0.9872588502489577,-0.0839981386730273,0.0,0.0,0.0,0.0275036655468852,0.0,0.0,0.0,0.0,0.0,-0.0628786795277544,0.08669515840317854,-0.0628786795277544,0.08669515840317854,0.9235126972198486,0.6822788715362549,0.05806925892829895,-0.059150274842977524,1.0,0.0,20.0,1.0,1.141143798828125,0.10584000498056412,0.0007150146513622196,0.0,0.0,0.0,0.0,11.53126311302185,11.551236391067505,11.46964716911316,528,8,0000000000000000,0,0,11.489339351654053,1,1,1,1,1,1779078350.4400177
11.551274347305329,0,sine_high_wl5m,2.0,0.0957690339006741,0.997739315032959,1.0596132278442383,-0.10232676565647125,10.21405924385773,-1.0866698604200147,0.0,0.0,0.0,-0.04242614596980307,0.9990996057141395,0.9872588502489577,-0.0839981386730273,0.0,0.0,0.0,0.0275036655468852,0.0,0.0,0.0,0.0,0.0,-0.05653702001988582,0.10426901740697056,-0.05653702001988582,0.10426901740697056,0.9261191487312317,0.6898015737533569,0.052360016852617264,-0.07192493230104446,1.0,0.0,20.0,1.0,1.1411149501800537,0.07253140211105347,0.0015185322150202871,0.0,0.0,0.0,0.0,11.53126311302185,11.551236391067505,11.570890426635742,528,8,0000000000000000,0,0,11.590837240219116,1,1,1,1,1,1779078350.539784
11.60127434730533,0,sine_high_wl5m,2.0,0.23665144977968441,1.010831594467163,1.059086799621582,-0.09736503660678864,10.223950863934547,-1.0875096775979207,0.0,0.0,0.0,-0.0423367230490492,0.9991033989940521,0.9740218723952372,-0.0826962917844922,0.0,0.0,0.0,0.011894981119546264,0.0,0.0,0.0,0.0,0.0,-0.05653702001988582,0.10426901740697056,-0.05653702001988582,0.10426901740697056,0.9261191487312317,0.6898015737533569,0.052360016852617264,-0.07192493230104446,1.0,0.0,20.0,1.0,1.1411149501800537,0.07253140211105347,0.0015185322150202871,0.0,0.0,0.0,0.0,11.631128787994385,11.65123438835144,11.570890426635742,528,8,0000000000000000,0,0,11.590837240219116,1,1,1,1,1,1779078350.539784
11.65127434730533,0,sine_high_wl5m,2.0,0.3277648343877875,1.010831594467163,1.059086799621582,-0.09736503660678864,10.223950863934547,-1.0875096775979207,0.0,0.0,0.0,-0.0423367230490492,0.9991033989940521,0.9740218723952372,-0.0826962917844922,0.0,0.0,0.0,0.011894981119546264,0.0,0.0,0.0,0.0,0.0,-0.08182850327694727,0.20673230671524556,-0.08182850327694727,0.20673230671524556,0.9935328364372253,0.8206438422203064,0.0812993049621582,-0.16965359449386597,1.0,0.0,20.0,1.0,1.140287160873413,0.046554312109947205,0.00044422731151243846,0.0,0.0,0.0,0.0,11.631128787994385,11.65123438835144,11.670785665512085,528,8,0000000000000000,0,0,11.6907217502594,1,1,1,1,1,1779078350.6398373
11.701274347305331,0,sine_high_wl5m,2.0,0.45798497492671353,1.0051263570785522,1.0625940561294556,-0.08284700661897659,10.242936218299448,-1.089117390307755,0.0,0.0,0.0,-0.042185415307295214,0.999109799138889,0.8945328446377955,-0.07567463601492781,0.0,0.0,0.0,0.01151303413652955,0.0,0.0,0.0,0.0,0.0,-0.08182850327694727,0.20673230671524556,-0.08182850327694727,0.20673230671524556,0.9935328364372253,0.8206438422203064,0.0812993049621582,-0.16965359449386597,1.0,0.0,20.0,1.0,1.140287160873413,0.046554312109947205,0.00044422731151243846,0.0,0.0,0.0,0.0,11.7312593460083,11.751083850860596,11.670785665512085,528,8,0000000000000000,0,0,11.6907217502594,1,1,1,1,1,1779078350.6398373
11.751274347305332,0,sine_high_wl5m,2.0,0.5392297747232456,1.0051263570785522,1.0625940561294556,-0.08284700661897659,10.242936218299448,-1.089117390307755,0.0,0.0,0.0,-0.042185415307295214,0.999109799138889,0.8945328446377955,-0.07567463601492781,0.0,0.0,0.0,0.01151303413652955,0.0,0.0,0.0,0.0,0.0,-0.08131060560178818,0.20724257097979482,-0.08131060560178818,0.20724257097979482,0.9930177330970764,0.8204983472824097,0.08074287325143814,-0.17004218697547913,1.0,0.0,20.0,1.0,1.1397407054901123,0.011932093650102615,-0.0016935950141863218,0.0,0.0,0.0,0.0,11.7312593460083,11.751083850860596,11.77096700668335,528,8,0000000000000000,0,0,11.79081654548645,1,1,1,1,1,1779078350.7398307
11.801274347305332,0,sine_high_wl5m,2.0,0.6505992538968622,1.0027592182159424,1.064669132232666,-0.08175434917211533,10.330597248273516,-1.0965024702305404,0.0,0.0,0.0,-0.04191379086553243,0.9991212309501187,0.576503153551852,-0.04845464399827573,0.0,0.0,0.0,0.022834530386026137,0.0,0.0,0.0,0.0,0.0,-0.08131060560178818,0.20724257097979482,-0.08131060560178818,0.20724257097979482,0.9930177330970764,0.8204983472824097,0.08074287325143814,-0.17004218697547913,1.0,0.0,20.0,1.0,1.1397407054901123,0.011932093650102615,-0.0016935950141863218,0.0,0.0,0.0,0.0,11.831329107284546,11.851051568984985,11.77096700668335,528,8,0000000000000000,0,0,11.79081654548645,1,1,1,1,1,1779078350.7398307
11.851274347305333,0,sine_high_wl5m,2.0,0.7167593444711904,1.0027592182159424,1.064669132232666,-0.08175434917211533,10.330597248273516,-1.0965024702305404,0.0,0.0,0.0,-0.04191379086553243,0.9991212309501187,0.576503153551852,-0.04845464399827573,0.0,0.0,0.0,0.022834530386026137,0.0,0.0,0.0,0.0,0.0,-0.07998755840702651,0.2083814027689157,-0.07998755840702651,0.2083814027689157,0.9916626811027527,0.8205499649047852,0.07932067662477493,-0.1709873527288437,1.0,0.0,20.0,1.0,1.1405770778656006,-0.0004682258586399257,-0.0009970393516659576,0.0,0.0,0.0,0.0,11.831329107284546,11.851051568984985,11.871080875396729,528,8,0000000000000000,0,0,11.890844106674194,1,1,1,1,1,1779078350.839663
11.901274347305334,0,sine_high_wl5m,2.0,0.8023366104668024,1.0086637735366821,1.0625008344650269,-0.07176484912633896,10.4128912139421,-1.1033709699286278,0.0,0.0,0.0,-0.04152275694695,0.9991375584250272,0.2717031850091884,-0.022622278647675634,0.0,0.0,0.0,-0.00044373152871617343,0.0,0.0,0.0,0.0,0.0,-0.07998755840702651,0.2083814027689157,-0.07998755840702651,0.2083814027689157,0.9916626811027527,0.8205499649047852,0.07932067662477493,-0.1709873527288437,1.0,0.0,20.0,1.0,1.1405770778656006,-0.0004682258586399257,-0.0009970393516659576,0.0,0.0,0.0,0.0,11.93134355545044,11.951312065124512,11.871080875396729,528,8,0000000000000000,0,0,11.890844106674194,1,1,1,1,1,1779078350.839663
11.951274347305334,0,sine_high_wl5m,2.0,0.849336268745181,1.0086637735366821,1.0625008344650269,-0.07176484912633896,10.4128912139421,-1.1033709699286278,0.0,0.0,0.0,-0.04152275694695,0.9991375584250272,0.2717031850091884,-0.022622278647675634,0.0,0.0,0.0,-0.00044373152871617343,0.0,0.0,0.0,0.0,0.0,-0.07896208091795556,0.20934775783536416,-0.07896208091795556,0.20934775783536416,0.9906745553016663,0.8203397393226624,0.07822572439908981,-0.17173628509044647,1.0,0.0,20.0,1.0,1.1407344341278076,-0.008322812616825104,-0.0016936028090629893,0.0,0.0,0.0,0.0,11.93134355545044,11.951312065124512,11.971347332000732,528,8,0000000000000000,0,0,11.990805625915527,1,1,1,1,1,1779078350.9401553
12.001274347305335,0,sine_high_wl5m,2.0,0.9036148397641571,1.0036909580230713,1.0619516372680664,-0.0690489336848259,10.434828305494285,-1.105150496291988,0.0,0.0,0.0,-0.04024739959186449,0.9991897451565908,0.1988488177082259,-0.01604530855876111,0.0,0.0,0.0,-0.06962803753867106,0.0,0.0,0.0,0.0,0.0,-0.07896208091795556,0.20934775783536416,-0.07896208091795556,0.20934775783536416,0.9906745553016663,0.8203397393226624,0.07822572439908981,-0.17173628509044647,1.0,0.0,20.0,1.0,1.1407344341278076,-0.008322812616825104,-0.0016936028090629893,0.0,0.0,0.0,0.0,12.031460285186768,12.05111312866211,11.971347332000732,528,8,0000000000000000,0,0,11.990805625915527,1,1,1,1,1,1779078350.9401553
12.051274347305336,0,sine_high_wl5m,2.0,0.9284895786255386,1.0036909580230713,1.0619516372680664,-0.0690489336848259,10.434828305494285,-1.105150496291988,0.0,0.0,0.0,-0.04024739959186449,0.9991897451565908,0.1988488177082259,-0.01604530855876111,0.0,0.0,0.0,-0.06962803753867106,0.0,0.0,0.0,0.0,0.0,-0.0785891342382497,0.2098367387080096,-0.0785891342382497,0.2098367387080096,0.9902794361114502,0.8200119137763977,0.07782520353794098,-0.17206862568855286,1.0,0.0,20.0,1.0,1.1400973796844482,-0.008712578564882278,0.0009137279270457596,0.0,0.0,0.0,0.0,12.031460285186768,12.05111312866211,12.07142686843872,528,8,a9000000a2000000,169,162,12.090827941894531,1,1,1,1,1,1779078351.0401928
12.101274347305337,0,sine_high_wl5m,2.0,0.9481531504836536,0.9955853819847107,1.0575225353240967,-0.07690002024173737,10.495854452191672,-1.1102622752071796,0.0,0.0,0.0,-0.04104930342748073,0.9991571221225011,0.7025072502729227,-0.05782111608498504,0.0,0.0,0.0,0.08868737776811159,0.0,0.0,0.0,0.0,0.0,-0.0785891342382497,0.2098367387080096,-0.0785891342382497,0.2098367387080096,0.9902794361114502,0.8200119137763977,0.07782520353794098,-0.17206862568855286,1.0,0.0,20.0,1.0,1.1400973796844482,-0.008712578564882278,0.0009137279270457596,0.0,0.0,0.0,0.0,12.13153076171875,12.151245355606079,12.07142686843872,528,8,a9000000a2000000,169,162,12.090827941894531,1,1,1,1,1,1779078351.0401928
12.151274347305337,0,sine_high_wl5m,2.0,0.949309077275309,0.9955853819847107,1.0575225353240967,-0.07690002024173737,10.495854452191672,-1.1102622752071796,0.0,0.0,0.0,-0.04104930342748073,0.9991571221225011,0.7025072502729227,-0.05782111608498504,0.0,0.0,0.0,0.08868737776811159,0.0,0.0,0.0,0.0,0.0,-0.07781595725927067,0.21069035660945143,-0.07781595725927067,0.21069035660945143,0.9896600842475891,0.8195989727973938,0.0770113468170166,-0.17268159985542297,1.0,0.0,20.0,1.0,1.1401560306549072,-0.003699315944686532,0.0010941920764281393,0.0,0.0,0.0,0.0,12.13153076171875,12.151245355606079,12.170987844467163,528,8,af0000009c000000,175,156,12.190821886062622,1,1,1,1,1,1779078351.1397786
12.201274347305338,0,sine_high_wl5m,2.0,0.9330936471090082,0.9809122681617737,1.0272305011749268,-0.059838201850652695,10.550588637798874,-1.114567562664041,0.0,0.0,0.0,-0.038350793980584025,0.9992643377010203,0.7956331803780313,-0.06116134377873621,0.0,0.0,0.0,0.004468839245630728,0.0,0.0,0.0,0.0,0.0,-0.07781595725927067,0.21069035660945143,-0.07781595725927067,0.21069035660945143,0.9896600842475891,0.8195989727973938,0.0770113468170166,-0.17268159985542297,1.0,0.0,20.0,1.0,1.1401560306549072,-0.003699315944686532,0.0010941920764281393,0.0,0.0,0.0,0.0,12.231077909469604,12.250864267349243,12.170987844467163,528,8,af0000009c000000,175,156,12.190821886062622,1,1,1,1,1,1779078351.1397786
12.251274347305339,0,sine_high_wl5m,2.0,0.910495953305326,0.9809122681617737,1.0272305011749268,-0.059838201850652695,10.550588637798874,-1.114567562664041,0.0,0.0,0.0,-0.038350793980584025,0.9992643377010203,0.7956331803780313,-0.06116134377873621,0.0,0.0,0.0,0.004468839245630728,0.0,0.0,0.0,0.0,0.0,-0.0773038419853922,0.21124232040943267,-0.0773038419853922,0.21124232040943267,0.9893245100975037,0.8193165063858032,0.07647858560085297,-0.17307431995868683,1.0,0.0,20.0,1.0,1.1401164531707764,-0.003530150046572089,-0.00028263505619295236,0.0,0.0,0.0,0.0,12.231077909469604,12.250864267349243,12.270745992660522,528,8,b400000097000000,180,151,12.290661573410034,1,1,1,1,1,1779078351.2395933
12.30127434730534,0,sine_high_wl5m,2.0,0.8594140782261891,0.8691956400871277,0.9120864272117615,-0.08157480508089066,10.610976684533552,-1.1192588918498183,0.0,0.0,0.0,-0.039128518405848085,0.9992341862883611,0.9480149389105453,-0.07435972069668553,0.0,0.0,0.0,-0.02462192333713286,0.0,0.0,0.0,0.0,0.0,-0.0773038419853922,0.21124232040943267,-0.0773038419853922,0.21124232040943267,0.9893245100975037,0.8193165063858032,0.07647858560085297,-0.17307431995868683,1.0,0.0,20.0,1.0,1.1401164531707764,-0.003530150046572089,-0.00028263505619295236,0.0,0.0,0.0,0.0,12.331144571304321,12.351176977157593,12.270745992660522,528,8,b400000097000000,180,151,12.290661573410034,1,1,1,1,1,1779078351.2395933
12.35127434730534,0,sine_high_wl5m,2.0,0.814449273308309,0.8691956400871277,0.9120864272117615,-0.08157480508089066,10.610976684533552,-1.1192588918498183,0.0,0.0,0.0,-0.039128518405848085,0.9992341862883611,0.9480149389105453,-0.07435972069668553,0.0,0.0,0.0,-0.02462192333713286,0.0,0.0,0.0,0.0,0.0,-0.07701202121936122,0.21148856787288475,-0.07701202121936122,0.21148856787288475,0.9891185760498047,0.8192888498306274,0.07617402076721191,-0.17327022552490234,1.0,0.0,20.0,1.0,1.1399495601654053,-0.011902364902198315,-0.0007206265690307713,0.0,0.0,0.0,0.0,12.331144571304321,12.351176977157593,12.370770454406738,528,8,b800000093000000,184,147,12.390685558319092,1,1,1,1,1,1779078351.3398128
12.40127434730534,0,sine_high_wl5m,2.0,0.7317613570312858,0.6700432896614075,0.694793701171875,-0.08842779695987701,10.671282976764147,-1.1239818897108838,0.0,0.0,0.0,-0.038570901942995346,0.999255865893868,1.0210279040993742,-0.07894020437998127,0.0,0.0,0.0,0.05498743401361426,0.0,0.0,0.0,0.0,0.0,-0.07701202121936122,0.21148856787288475,-0.07701202121936122,0.21148856787288475,0.9891185760498047,0.8192888498306274,0.07617402076721191,-0.17327022552490234,1.0,0.0,20.0,1.0,1.1399495601654053,-0.011902364902198315,-0.0007206265690307713,0.0,0.0,0.0,0.0,12.431005239486694,12.450901746749878,12.370770454406738,528,8,b800000093000000,184,147,12.390685558319092,1,1,1,1,1,1779078351.3398128
12.451274347305342,0,sine_high_wl5m,2.0,0.6672659838799412,0.6700432896614075,0.694793701171875,-0.08842779695987701,10.671282976764147,-1.1239818897108838,0.0,0.0,0.0,-0.038570901942995346,0.999255865893868,1.0210279040993742,-0.07894020437998127,0.0,0.0,0.0,0.05498743401361426,0.0,0.0,0.0,0.0,0.0,-0.07630193828656485,0.2119521745448452,-0.07630193828656485,0.2119521745448452,0.9885958433151245,0.8195339441299438,0.07543177902698517,-0.17370200157165527,1.0,0.0,20.0,1.0,1.1402666568756104,-0.012363231740891933,-0.0017970185713023015,0.0,0.0,0.0,0.0,12.431005239486694,12.450901746749878,12.470725059509277,528,8,bb00000090000000,187,144,12.490684986114502,1,1,1,1,1,1779078351.4396958
12.501274347305342,0,sine_high_wl5m,2.0,0.5580650731317753,0.4755752384662628,0.4864116609096527,-0.09212171286344528,10.705598417070451,-1.1265903297909423,0.0,0.0,0.0,-0.03743735213585563,0.9992989766156353,1.0543603570092375,-0.07911133552064403,0.0,0.0,0.0,0.05894529161867492,0.0,0.0,0.0,0.0,0.0,-0.07630193828656485,0.2119521745448452,-0.07630193828656485,0.2119521745448452,0.9885958433151245,0.8195339441299438,0.07543177902698517,-0.17370200157165527,1.0,0.0,20.0,1.0,1.1402666568756104,-0.012363231740891933,-0.0017970185713023015,0.0,0.0,0.0,0.0,12.531515121459961,12.551292657852173,12.470725059509277,528,8,bb00000090000000,187,144,12.490684986114502,1,1,1,1,1,1779078351.4396958
12.551274347305343,0,sine_high_wl5m,2.0,0.47808550194618865,0.4755752384662628,0.4864116609096527,-0.09212171286344528,10.705598417070451,-1.1265903297909423,0.0,0.0,0.0,-0.03743735213585563,0.9992989766156353,1.0543603570092375,-0.07911133552064403,0.0,0.0,0.0,0.05894529161867492,0.0,2.0,0.19009908049488872,2.0,0.19009908049488872,2.709084306720939,0.45142322512129257,0.7090843067209391,0.26132414462640385,0.8357248306274414,0.8169898986816406,-0.2640490233898163,-0.17870913445949554,1.0,0.0,20.0,1.0,1.1416161060333252,-0.01091752015054226,0.0006417215395460754,170.13783947419137,160.70393199242577,170.0,161.0,12.531515121459961,12.551292657852173,12.570953369140625,528,8,bd0000008e000000,189,142,12.590852975845337,1,1,1,1,1,1779078351.5411415
12.601274347305344,0,sine_high_wl5m,2.0,0.34945108772870903,0.32730504870414734,0.33014512062072754,-0.09119518846273422,10.770735365380487,-1.1313894680035539,0.0,0.0,0.0,-0.03653526934688815,0.9993323641780798,1.114190228525085,-0.08157790959647553,0.0,0.0,0.0,0.005380060639791403,0.0,2.0,0.19009908049488872,2.0,0.19009908049488872,2.709084306720939,0.45142322512129257,0.7090843067209391,0.26132414462640385,0.8357248306274414,0.8169898986816406,-0.2640490233898163,-0.17870913445949554,1.0,0.0,20.0,1.0,1.1416161060333252,-0.01091752015054226,0.0006417215395460754,170.13783947419137,160.70393199242577,170.0,161.0,12.631103992462158,12.651068687438965,12.570953369140625,528,8,bd0000008e000000,189,142,12.590852975845337,1,1,1,1,1,1779078351.5411415
12.651274347305344,0,sine_high_wl5m,2.0,0.2589499140686292,0.32730504870414734,0.33014512062072754,-0.09119518846273422,10.770735365380487,-1.1313894680035539,0.0,0.0,0.0,-0.03653526934688815,0.9993323641780798,1.114190228525085,-0.08157790959647553,0.0,0.0,0.0,0.005380060639791403,0.0,2.0,0.415576429373218,2.0,0.415576429373218,2.817035738493087,0.7516562642580717,0.8170357384930869,0.33607983488485377,0.8301305770874023,0.8813231587409973,-0.3385075032711029,-0.24687564373016357,1.0,0.0,20.0,1.0,1.1413602828979492,0.08649790287017822,0.08376425668507109,175.7326388888291,155.10913257778805,176.0,155.0,12.631103992462158,12.651068687438965,12.670970916748047,528,8,bd0000008e000000,189,142,12.690828561782837,1,1,1,1,1,1779078351.6411767
12.701274347305345,0,sine_high_wl5m,2.0,0.11865759023651637,0.22537139058113098,0.2131587117910385,-0.08625693619251251,10.824347642534475,-1.1353049393330725,0.0,0.0,0.0,-0.03632313709973264,0.9993400971197113,1.1540185032023607,-0.08400147967448418,0.0,0.0,0.0,0.013796719711388532,0.0,2.0,0.415576429373218,2.0,0.415576429373218,2.817035738493087,0.7516562642580717,0.8170357384930869,0.33607983488485377,0.8301305770874023,0.8813231587409973,-0.3385075032711029,-0.24687564373016357,1.0,0.0,20.0,1.0,1.1413602828979492,0.08649790287017822,0.08376425668507109,175.7326388888291,155.10913257778805,176.0,155.0,12.731360912322998,12.751407384872437,12.670970916748047,528,8,bd0000008e000000,189,142,12.690828561782837,1,1,1,1,1,1779078351.6411767
12.751274347305346,0,sine_high_wl5m,2.0,0.02342116173856959,0.22537139058113098,0.2131587117910385,-0.08625693619251251,10.824347642534475,-1.1353049393330725,0.0,0.0,0.0,-0.03632313709973264,0.9993400971197113,1.1540185032023607,-0.08400147967448418,0.0,0.0,0.0,0.013796719711388532,0.0,2.0,0.6149936833108187,2.0,0.6149936833108187,2.8835183948790997,0.9740086414833876,0.8835183948790997,0.3590149581725689,0.8345417976379395,0.9247034788131714,-0.4064166247844696,-0.2856754958629608,1.0,0.0,20.0,1.0,1.141587495803833,0.2784322202205658,0.022982393490500713,180.68080570535838,150.16096576125878,181.0,150.0,12.731360912322998,12.751407384872437,12.77103590965271,528,8,bc0000008f000000,188,143,12.790896892547607,1,1,1,1,1,1779078351.7411802
12.801274347305347,0,sine_high_wl5m,2.0,-0.11943163036705251,0.15728279948234558,0.12841668725013733,-0.0919409766793251,10.859241211586003,-1.1378330153824505,0.0,0.0,0.0,-0.03606581970238584,0.9993494166952793,1.180591760530509,-0.08532458754913545,0.0,0.0,0.0,0.00833740193800371,0.0,2.0,0.6149936833108187,2.0,0.6149936833108187,2.8835183948790997,0.9740086414833876,0.8835183948790997,0.3590149581725689,0.8345417976379395,0.9247034788131714,-0.4064166247844696,-0.2856754958629608,1.0,0.0,20.0,1.0,1.141587495803833,0.2784322202205658,0.022982393490500713,180.68080570535838,150.16096576125878,181.0,150.0,12.831093311309814,12.85113787651062,12.77103590965271,528,8,bc0000008f000000,188,143,12.790896892547607,1,1,1,1,1,1779078351.7411802
12.851274347305347,0,sine_high_wl5m,2.0,-0.2134379213202368,0.15728279948234558,0.12841668725013733,-0.0919409766793251,10.859241211586003,-1.1378330153824505,0.0,0.0,0.0,-0.03606581970238584,0.9993494166952793,1.180591760530509,-0.08532458754913545,0.0,0.0,0.0,0.00833740193800371,0.0,2.0,0.7757326624871166,2.0,0.7757326624871166,2.8449456714007697,1.0,0.8449456714007697,0.2242673375128834,0.8474653959274292,0.9070233702659607,-0.4109930098056793,-0.3061645030975342,1.0,0.0,20.0,1.0,1.1415963172912598,0.4486296474933624,0.059742342432095724,184.66924335144003,146.1725281151771,185.0,146.0,12.831093311309814,12.85113787651062,12.870909452438354,528,8,b900000092000000,185,146,12.890793085098267,1,1,1,1,1,1779078351.8410907
12.901274347305348,0,sine_high_wl5m,2.0,-0.3500683672082699,0.10584000498056412,0.06711164861917496,-0.09413604438304901,10.956079927708577,-1.1446799032567099,0.0,0.0,0.0,-0.03460636204184982,0.9994010204648724,1.2339072134319267,-0.08555584882965243,0.0,0.0,0.0,0.03947217619659982,0.0,2.0,0.7757326624871166,2.0,0.7757326624871166,2.8449456714007697,1.0,0.8449456714007697,0.2242673375128834,0.8474653959274292,0.9070233702659607,-0.4109930098056793,-0.3061645030975342,1.0,0.0,20.0,1.0,1.1415963172912598,0.4486296474933624,0.059742342432095724,184.66924335144003,146.1725281151771,185.0,146.0,12.931087732315063,12.951178550720215,12.870909452438354,528,8,b900000092000000,185,146,12.890793085098267,1,1,1,1,1,1779078351.8410907
12.951274347305349,0,sine_high_wl5m,2.0,-0.436925801235791,0.10584000498056412,0.06711164861917496,-0.09413604438304901,10.956079927708577,-1.1446799032567099,0.0,0.0,0.0,-0.03460636204184982,0.9994010204648724,1.2339072134319267,-0.08555584882965243,0.0,0.0,0.0,0.03947217619659982,0.0,2.0,0.8877568518693497,2.0,0.8877568518693497,2.845254724885157,1.0,0.845254724885157,0.11224314813065028,0.8527077436447144,0.8805309534072876,-0.4261707365512848,-0.3188364505767822,1.0,0.0,20.0,1.0,1.1413159370422363,0.5930973291397095,-0.009734544046702468,187.44891444611477,143.39285702050236,187.0,143.0,12.931087732315063,12.951178550720215,12.970791339874268,528,8,b500000096000000,181,150,12.990861892700195,1,1,1,1,1,1779078351.9411335
13.00127434730535,0,sine_high_wl5m,2.0,-0.5586250237930241,0.07253140211105347,0.02696709893643856,-0.09407477080821991,11.067294743733255,-1.1522778367003919,0.0,0.0,0.0,-0.03414046838026477,0.9994170442907085,1.2804267941719123,-0.08758193991603067,0.0,0.0,0.0,0.014709846341753423,0.0,2.0,0.8877568518693497,2.0,0.8877568518693497,2.845254724885157,1.0,0.845254724885157,0.11224314813065028,0.8527077436447144,0.8805309534072876,-0.4261707365512848,-0.3188364505767822,1.0,0.0,20.0,1.0,1.1413159370422363,0.5930973291397095,-0.009734544046702468,187.44891444611477,143.39285702050236,187.0,143.0,13.031331300735474,13.051244974136353,12.970791339874268,528,8,b500000096000000,181,150,12.990861892700195,1,1,1,1,1,1779078351.9411335
13.05127434730535,0,sine_high_wl5m,2.0,-0.632934701443048,0.07253140211105347,0.02696709893643856,-0.09407477080821991,11.067294743733255,-1.1522778367003919,0.0,0.0,0.0,-0.03414046838026477,0.9994170442907085,1.2804267941719123,-0.08758193991603067,0.0,0.0,0.0,0.014709846341753423,0.0,2.0,0.9439801135989574,2.0,0.9439801135989574,2.784186270416376,1.0,0.784186270416376,0.05601988640104261,0.8679533004760742,0.8564406633377075,-0.4165436625480652,-0.32249724864959717,1.0,0.0,20.0,1.0,1.141937017440796,0.692022979259491,0.04505948194746234,188.8439897092339,141.99778175738328,189.0,142.0,13.031331300735474,13.051244974136353,13.070896863937378,528,8,b00000009b000000,176,155,13.090845584869385,1,1,1,1,1,1779078352.0411358
13.10127434730535,0,sine_high_wl5m,2.0,-0.7322068915239008,0.046554312109947205,-0.003020181320607662,-0.09491078555583954,11.169919642607804,-1.1592129965575597,0.0,0.0,0.0,-0.033216469315155935,0.99944818083092,1.3137623656551867,-0.08742184439602013,0.0,0.0,0.0,0.05184225940765168,0.0,2.0,0.9439801135989574,2.0,0.9439801135989574,2.784186270416376,1.0,0.784186270416376,0.05601988640104261,0.8679533004760742,0.8564406633377075,-0.4165436625480652,-0.32249724864959717,1.0,0.0,20.0,1.0,1.141937017440796,0.692022979259491,0.04505948194746234,188.8439897092339,141.99778175738328,189.0,142.0,13.131061792373657,13.151010036468506,13.070896863937378,528,8,b00000009b000000,176,155,13.090845584869385,1,1,1,1,1,1779078352.0411358
13.151274347305351,0,sine_high_wl5m,2.0,-0.7892523591389502,0.046554312109947205,-0.003020181320607662,-0.09491078555583954,11.169919642607804,-1.1592129965575597,0.0,0.0,0.0,-0.033216469315155935,0.99944818083092,1.3137623656551867,-0.08742184439602013,0.0,0.0,0.0,0.05184225940765168,0.0,2.0,0.94088380347066,2.0,0.94088380347066,2.7325538258928446,1.0,0.7325538258928446,0.05911619652933997,0.8783884644508362,0.8501293659210205,-0.40024375915527344,-0.32019662857055664,1.0,0.0,20.0,1.0,1.141519546508789,0.7660900354385376,0.02243731908384605,188.7671605546447,142.07461091197246,189.0,142.0,13.131061792373657,13.151010036468506,13.170819759368896,528,8,ab000000a0000000,171,160,13.19070839881897,1,1,1,1,1,1779078352.1411283
13.201274347305352,0,sine_high_wl5m,2.0,-0.8597353193627247,0.011932093650102615,-0.0066455053165555,-0.09543739259243011,11.339705701599906,-1.1700405968596714,0.0,0.0,0.0,-0.03135060755116045,0.9995084488918405,1.3671737378727544,-0.08585007447184062,0.0,0.0,0.0,0.02980004432140783,0.0,2.0,0.94088380347066,2.0,0.94088380347066,2.7325538258928446,1.0,0.7325538258928446,0.05911619652933997,0.8783884644508362,0.8501293659210205,-0.40024375915527344,-0.32019662857055664,1.0,0.0,20.0,1.0,1.141519546508789,0.7660900354385376,0.02243731908384605,188.7671605546447,142.07461091197246,189.0,142.0,13.231078147888184,13.251123666763306,13.170819759368896,528,8,ab000000a0000000,171,160,13.19070839881897,1,1,1,1,1,1779078352.1411283
13.251274347305353,0,sine_high_wl5m,2.0,-0.8959703306283754,0.011932093650102615,-0.0066455053165555,-0.09543739259243011,11.339705701599906,-1.1700405968596714,0.0,0.0,0.0,-0.03135060755116045,0.9995084488918405,1.3671737378727544,-0.08585007447184062,0.0,0.0,0.0,0.02980004432140783,0.0,2.0,0.87868775583834,2.0,0.87868775583834,2.7075097155659438,1.0,0.7075097155659438,0.12131224416165998,0.879968523979187,0.8638144731521606,-0.3825233280658722,-0.3120950758457184,1.0,0.0,20.0,1.0,1.1412529945373535,0.820926308631897,0.03947217619659982,187.2238817613773,143.61788970523986,187.0,144.0,13.231078147888184,13.251123666763306,13.271013498306274,528,8,a5000000a6000000,165,166,13.290715217590332,1,1,1,1,1,1779078352.2410293
13.301274347305354,0,sine_high_wl5m,2.0,-0.9332164989215157,-0.0004682258586399257,-0.021222300827503204,-0.0957137942314148,11.666803076277345,-1.1900442071191795,0.0,0.0,0.0,-0.02976719552384745,0.9995568588482824,1.4072671913536083,-0.08389234020499803,0.0,0.0,0.0,0.03647679246081485,0.0,2.0,0.87868775583834,2.0,0.87868775583834,2.7075097155659438,1.0,0.7075097155659438,0.12131224416165998,0.879968523979187,0.8638144731521606,-0.3825233280658722,-0.3120950758457184,1.0,0.0,20.0,1.0,1.1412529945373535,0.820926308631897,0.03947217619659982,187.2238817613773,143.61788970523986,187.0,144.0,13.330986499786377,13.350912809371948,13.271013498306274,528,8,a5000000a6000000,165,166,13.290715217590332,1,1,1,1,1,1779078352.2410293
13.351274347305354,0,sine_high_wl5m,2.0,-0.9463582116100506,-0.0004682258586399257,-0.021222300827503204,-0.0957137942314148,11.666803076277345,-1.1900442071191795,0.0,0.0,0.0,-0.02976719552384745,0.9995568588482824,1.4072671913536083,-0.08389234020499803,0.0,0.0,0.0,0.03647679246081485,0.0,2.0,0.7612802514080644,2.0,0.7612802514080644,2.6738157034178935,1.0,0.6738157034178935,0.23871974859193557,0.8799108862876892,0.8885254859924316,-0.3527195453643799,-0.29199090600013733,1.0,0.0,20.0,1.0,1.1412241458892822,0.874910831451416,0.014709846341753423,184.31063375518826,146.5311377114289,184.0,147.0,13.330986499786377,13.350912809371948,13.370694398880005,528,8,9f000000ac000000,159,172,13.390795469284058,1,1,1,1,1,1779078352.3410256
13.401274347305355,0,sine_high_wl5m,2.0,-0.9481032543287631,-0.008322812616825104,-0.025837767869234085,-0.09417053312063217,11.910008852079933,-1.2044712751267987,0.0,0.0,0.0,-0.02990067066281328,0.9995528749865682,1.420520629846703,-0.08506315765558442,0.0,0.0,0.0,-0.006635305345876705,0.0,2.0,0.7612802514080644,2.0,0.7612802514080644,2.6738157034178935,1.0,0.6738157034178935,0.23871974859193557,0.8799108862876892,0.8885254859924316,-0.3527195453643799,-0.29199090600013733,1.0,0.0,20.0,1.0,1.1412241458892822,0.874910831451416,0.014709846341753423,184.31063375518826,146.5311377114289,184.0,147.0,13.431001901626587,13.450905084609985,13.370694398880005,528,8,9f000000ac000000,159,172,13.390795469284058,1,1,1,1,1,1779078352.3410256
13.451274347305356,0,sine_high_wl5m,2.0,-0.9373070404055303,-0.008322812616825104,-0.025837767869234085,-0.09417053312063217,11.910008852079933,-1.2044712751267987,0.0,0.0,0.0,-0.02990067066281328,0.9995528749865682,1.420520629846703,-0.08506315765558442,0.0,0.0,0.0,-0.006635305345876705,0.0,2.0,0.5960373048897302,2.0,0.5960373048897302,2.5877567602801634,0.9437964626379158,0.5877567602801634,0.34775915774818567,0.89384526014328,0.8982548117637634,-0.3130541145801544,-0.25173240900039673,1.0,0.0,20.0,1.0,1.1416082382202148,0.8989233374595642,0.07372471921311552,180.21043856905155,150.63133289756558,180.0,151.0,13.431001901626587,13.450905084609985,13.470820188522339,528,8,9a000000b1000000,154,177,13.490758419036865,1,1,1,1,1,1779078352.4412065
13.501274347305356,0,sine_high_wl5m,2.0,-0.9034187046481861,-0.008712578564882278,-0.02733232080936432,-0.0949045792222023,12.175624133337868,-1.2200442613102758,0.0,0.0,0.0,-0.028944588298712152,0.9995810176309963,1.4605129264685748,-0.08465431158217342,0.0,0.0,0.0,-0.020709178516732957,0.0,2.0,0.5960373048897302,2.0,0.5960373048897302,2.5877567602801634,0.9437964626379158,0.5877567602801634,0.34775915774818567,0.89384526014328,0.8982548117637634,-0.3130541145801544,-0.25173240900039673,1.0,0.0,20.0,1.0,1.1416082382202148,0.8989233374595642,0.07372471921311552,180.21043856905155,150.63133289756558,180.0,151.0,13.531095743179321,13.551102876663208,13.470820188522339,528,8,9a000000b1000000,154,177,13.490758419036865,1,1,1,1,1,1779078352.4412065
13.551274347305357,0,sine_high_wl5m,2.0,-0.8692907553781,-0.008712578564882278,-0.02733232080936432,-0.0949045792222023,12.175624133337868,-1.2200442613102758,0.0,0.0,0.0,-0.028944588298712152,0.9995810176309963,1.4605129264685748,-0.08465431158217342,0.0,0.0,0.0,-0.020709178516732957,0.0,2.0,0.3932821087357633,2.0,0.3932821087357633,2.518936461107477,0.6625545834399406,0.5189364611074772,0.26927247470417726,0.898687481880188,0.8824378848075867,-0.26373666524887085,-0.19138115644454956,1.0,0.0,20.0,1.0,1.1414988040924072,0.9245637059211731,0.04442030924449248,175.1794469488286,155.6623245177886,175.0,156.0,13.531095743179321,13.551102876663208,13.57089114189148,528,8,95000000b6000000,149,182,13.590760946273804,1,1,1,1,1,1779078352.5411463
13.601274347305358,0,sine_high_wl5m,2.0,-0.8019293041629367,-0.003699315944686532,-0.027383971959352493,-0.09404543042182922,12.337878374834244,-1.229542600595107,0.0,0.0,0.0,-0.029295322653347836,0.9995707999289677,1.4803684296494524,-0.08684758255592433,0.0,0.0,0.0,0.006927375367519643,0.0,2.0,0.3932821087357633,2.0,0.3932821087357633,2.518936461107477,0.6625545834399406,0.5189364611074772,0.26927247470417726,0.898687481880188,0.8824378848075867,-0.26373666524887085,-0.19138115644454956,1.0,0.0,20.0,1.0,1.1414988040924072,0.9245637059211731,0.04442030924449248,175.1794469488286,155.6623245177886,175.0,156.0,13.631054162979126,13.650899410247803,13.57089114189148,528,8,95000000b6000000,149,182,13.590760946273804,1,1,1,1,1,1779078352.5411463
13.651274347305359,0,sine_high_wl5m,2.0,-0.7467666588604774,-0.003699315944686532,-0.027383971959352493,-0.09404543042182922,12.337878374834244,-1.229542600595107,0.0,0.0,0.0,-0.029295322653347836,0.9995707999289677,1.4803684296494524,-0.08684758255592433,0.0,0.0,0.0,0.006927375367519643,0.0,2.0,0.1658760778971068,2.0,0.1658760778971068,2.341764193057053,0.3076558974196339,0.34176419305705297,0.1417798195225271,0.9164917469024658,0.7864667177200317,-0.1462075561285019,-0.07608504593372345,1.0,0.0,20.0,1.0,1.139918327331543,0.9509840607643127,-0.015357865180860464,169.53679089246458,161.30498057415258,170.0,161.0,13.631054162979126,13.650899410247803,13.671071529388428,528,8,91000000ba000000,145,186,13.690690755844116,1,1,1,1,1,1779078352.6410804
13.70127434730536,0,sine_high_wl5m,2.0,-0.6500563304539422,-0.003530150046572089,-0.026586730033159256,-0.09459301084280014,12.449558936264891,-1.2360473771548728,0.0,0.0,0.0,-0.028727806180935,0.9995872714035682,1.5070215372142841,-0.08669420356805821,0.0,0.0,0.0,0.03621803386009784,0.0,2.0,0.1658760778971068,2.0,0.1658760778971068,2.341764193057053,0.3076558974196339,0.34176419305705297,0.1417798195225271,0.9164917469024658,0.7864667177200317,-0.1462075561285019,-0.07608504593372345,1.0,0.0,20.0,1.0,1.139918327331543,0.9509840607643127,-0.015357865180860464,169.53679089246458,161.30498057415258,170.0,161.0,13.731155633926392,13.751134872436523,13.671071529388428,528,8,91000000ba000000,145,186,13.690690755844116,1,1,1,1,1,1779078352.6410804
13.75127434730536,0,sine_high_wl5m,2.0,-0.5772127988670187,-0.003530150046572089,-0.026586730033159256,-0.09459301084280014,12.449558936264891,-1.2360473771548728,0.0,0.0,0.0,-0.028727806180935,0.9995872714035682,1.5070215372142841,-0.08669420356805821,0.0,0.0,0.0,0.03621803386009784,0.0,2.0,-0.07197122020884456,2.0,-0.07197122020884456,2.1981857174179775,-0.16279778524203892,0.19818571741797752,-0.09082656503319436,0.9386860728263855,0.689459502696991,-0.0634063184261322,0.04027125984430313,1.0,0.0,20.0,1.0,1.140143871307373,0.9724361300468445,0.013907473748754033,163.63505428417045,167.20671718244668,164.0,167.0,13.731155633926392,13.751134872436523,13.77085828781128,528,8,8f000000bc000000,143,188,13.79061484336853,1,1,1,1,1,1779078352.7412498
13.80127434730536,0,sine_high_wl5m,2.0,-0.4573672337174402,-0.011902364902198315,-0.02066720649600029,-0.0938011035323143,12.626723126320469,-1.2461986423051725,0.0,0.0,0.0,-0.028880364980574048,0.9995828752627712,1.506995004099664,-0.08715420918496831,0.0,0.0,0.0,-0.008371700157091072,0.0,2.0,-0.07197122020884456,2.0,-0.07197122020884456,2.1981857174179775,-0.16279778524203892,0.19818571741797752,-0.09082656503319436,0.9386860728263855,0.689459502696991,-0.0634063184261322,0.04027125984430313,1.0,0.0,20.0,1.0,1.140143871307373,0.9724361300468445,0.013907473748754033,163.63505428417045,167.20671718244668,164.0,167.0,13.831629753112793,13.85096549987793,13.77085828781128,528,8,8f000000bc000000,143,188,13.79061484336853,1,1,1,1,1,1779078352.7412498
13.851274347305361,0,sine_high_wl5m,2.0,-0.37146984168975894,-0.011902364902198315,-0.02066720649600029,-0.0938011035323143,12.626723126320469,-1.2461986423051725,0.0,0.0,0.0,-0.028880364980574048,0.9995828752627712,1.506995004099664,-0.08715420918496831,0.0,0.0,0.0,-0.008371700157091072,0.0,2.0,-0.30530916845999956,2.0,-0.30530916845999956,2.0504698238825045,-0.6690096387771093,0.05046982388250454,-0.3637004703171097,0.9743705987930298,0.595417320728302,0.0020824898965656757,0.09303075820207596,1.0,0.0,20.0,1.0,1.1399726867675781,0.9632217884063721,0.0021996689534770388,157.84520877293562,172.99656269368154,158.0,173.0,13.831629753112793,13.85096549987793,13.870796203613281,528,8,8e000000bd000000,142,189,13.89086365699768,1,1,1,1,1,1779078352.8412015
13.901274347305362,0,sine_high_wl5m,2.0,-0.2359078061694656,-0.012363231740891933,-0.021697796881198883,-0.09434136003255844,12.708142107450092,-1.2508882137050874,0.0,0.0,0.0,-0.028680647453933387,0.9995886256163699,1.5402241976716604,-0.08845843800899851,0.0,0.0,0.0,0.017087653671375394,0.0,2.0,-0.30530916845999956,2.0,-0.30530916845999956,2.0504698238825045,-0.6690096387771093,0.05046982388250454,-0.3637004703171097,0.9743705987930298,0.595417320728302,0.0020824898965656757,0.09303075820207596,1.0,0.0,20.0,1.0,1.1399726867675781,0.9632217884063721,0.0021996689534770388,157.84520877293562,172.99656269368154,158.0,173.0,13.931043148040771,13.95090103149414,13.870796203613281,528,8,8e000000bd000000,142,189,13.89086365699768,1,1,1,1,1,1779078352.8412015
13.951274347305363,0,sine_high_wl5m,2.0,-0.1423812390845925,-0.012363231740891933,-0.021697796881198883,-0.09434136003255844,12.708142107450092,-1.2508882137050874,0.0,0.0,0.0,-0.028680647453933387,0.9995886256163699,1.5402241976716604,-0.08845843800899851,0.0,0.0,0.0,0.017087653671375394,0.0,2.0,-0.5194127122102024,2.0,-0.5194127122102024,1.9622522602714643,-1.0,-0.037747739728535734,-0.48058728778979765,1.0058460235595703,0.5038380026817322,0.026276366785168648,0.16674654185771942,1.0,0.0,20.0,1.0,1.1398427486419678,0.9810276627540588,-0.006635305345876705,152.5326290960658,178.30914237055134,153.0,178.0,13.931043148040771,13.95090103149414,13.97077989578247,528,8,8e000000bc000000,142,188,13.99067497253418,1,1,1,1,1,1779078352.9411876
14.001274347305364,0,s0_stop,0.0,0.0,-0.01091752015054226,-0.018110860139131546,-0.09240992367267609,12.708142107450092,-1.2508882137050874,0.0,0.0,0.0,-0.028680647453933387,0.9995886256163699,1.5402241976716604,-0.08845843800899851,0.0,0.0,0.0,0.017087653671375394,0.0,2.0,-0.5194127122102024,2.0,-0.5194127122102024,1.9622522602714643,-1.0,-0.037747739728535734,-0.48058728778979765,1.0058460235595703,0.5038380026817322,0.026276366785168648,0.16674654185771942,1.0,0.0,20.0,1.0,1.1398427486419678,0.9810276627540588,-0.006635305345876705,152.5326290960658,178.30914237055134,153.0,178.0,14.032062530517578,13.95090103149414,13.97077989578247,528,8,8e000000bc000000,142,188,13.99067497253418,1,1,1,1,1,1779078352.9411876
14.051274347305364,0,s0_stop,0.0,0.0,-0.01091752015054226,-0.018110860139131546,-0.09240992367267609,12.864270049846558,-1.2596829700684289,0.0,0.0,0.0,-0.027660999484009654,0.9996173613476037,1.566960102688686,-0.08678700207998696,0.0,0.0,0.0,0.01386329012524428,0.0,2.0,-0.7009109855043267,2.0,-0.7009109855043267,1.8829588800350057,-1.0,-0.11704111996499433,-0.29908901449567327,1.040697693824768,0.4295364022254944,0.04040903598070145,0.2179480940103531,1.0,0.0,20.0,1.0,1.1402301788330078,0.9817219972610474,0.025076451671956004,148.0290883269588,182.81268313965836,148.0,183.0,14.032062530517578,14.051911354064941,14.07182002067566,528,8,90000000ba000000,144,186,14.091742992401123,1,1,1,1,1,1779078353.0411458
14.101274347305365,0,s0_stop,0.0,0.0,0.08649790287017822,0.07005935907363892,-0.09128737449645996,12.864270049846558,-1.2596829700684289,0.0,0.0,0.0,-0.027660999484009654,0.9996173613476037,1.566960102688686,-0.08678700207998696,0.0,0.0,0.0,0.01386329012524428,0.0,2.0,-0.7009109855043267,2.0,-0.7009109855043267,1.8829588800350057,-1.0,-0.11704111996499433,-0.29908901449567327,1.040697693824768,0.4295364022254944,0.04040903598070145,0.2179480940103531,1.0,0.0,20.0,1.0,1.1402301788330078,0.9817219972610474,0.025076451671956004,148.0290883269588,182.81268313965836,148.0,183.0,14.13193130493164,14.051911354064941,14.07182002067566,528,8,90000000ba000000,144,186,14.091742992401123,1,1,1,1,1,1779078353.0411458
14.151274347305366,0,s0_stop,0.0,0.0,0.08649790287017822,0.07005935907363892,-0.09128737449645996,12.98724168880883,-1.266499823890309,0.0,0.0,0.0,-0.027794151622030368,0.9996136679415761,1.5802160529394136,-0.0879434684163153,0.0,0.0,0.0,-0.01308347163950297,0.0,2.0,-0.838335078650545,2.0,-0.838335078650545,1.837027396632904,-1.0,-0.16297260336709596,-0.16166492134945498,1.0619981288909912,0.3928591012954712,0.049080342054367065,0.24549874663352966,1.0,0.0,20.0,1.0,1.1399626731872559,0.9967491626739502,-0.002729827694664537,144.61916604555717,186.22260542105997,145.0,186.0,14.13193130493164,14.151888370513916,14.17185640335083,528,8,94000000b7000000,148,183,14.191712379455566,1,1,1,1,1,1779078353.1410272
14.201274347305366,0,s0_stop,0.0,0.0,0.2784322202205658,0.2770038843154907,-0.09736577421426773,12.98724168880883,-1.266499823890309,0.0,0.0,0.0,-0.027794151622030368,0.9996136679415761,1.5802160529394136,-0.0879434684163153,0.0,0.0,0.0,-0.01308347163950297,0.0,2.0,-0.838335078650545,2.0,-0.838335078650545,1.837027396632904,-1.0,-0.16297260336709596,-0.16166492134945498,1.0619981288909912,0.3928591012954712,0.049080342054367065,0.24549874663352966,1.0,0.0,20.0,1.0,1.1399626731872559,0.9967491626739502,-0.002729827694664537,144.61916604555717,186.22260542105997,145.0,186.0,14.232189178466797,14.151888370513916,14.17185640335083,528,8,94000000b7000000,148,183,14.191712379455566,1,1,1,1,1,1779078353.1410272
14.251274347305367,0,s0_stop,0.0,0.0,0.2784322202205658,0.2770038843154907,-0.09736577421426773,13.191299544353724,-1.277635528247368,0.0,0.0,0.0,-0.027070437906764465,0.9996335285451043,1.5670615533937042,-0.0849354756475717,0.0,0.0,0.0,-0.0007257672294895849,0.0,2.0,-0.9231397007924632,2.0,-0.9231397007924632,1.799541271493755,-1.0,-0.2004587285062449,-0.07686029920753679,1.0811749696731567,0.3649749755859375,0.05438102036714554,0.267360657453537,1.0,0.0,20.0,1.0,1.1403934955596924,1.012016773223877,0.00813237976499711,142.51489768920794,188.32687377740916,143.0,188.0,14.232189178466797,14.252038717269897,14.271949529647827,528,8,98000000b3000000,152,179,14.2917959690094,1,1,1,1,1,1779078353.2411058
14.301274347305368,0,s0_stop,0.0,0.0,0.4486296474933624,0.4705808162689209,-0.08278404176235199,13.191299544353724,-1.277635528247368,0.0,0.0,0.0,-0.027070437906764465,0.9996335285451043,1.5670615533937042,-0.0849354756475717,0.0,0.0,0.0,-0.0007257672294895849,0.0,2.0,-0.9231397007924632,2.0,-0.9231397007924632,1.799541271493755,-1.0,-0.2004587285062449,-0.07686029920753679,1.0811749696731567,0.3649749755859375,0.05438102036714554,0.267360657453537,1.0,0.0,20.0,1.0,1.1403934955596924,1.012016773223877,0.00813237976499711,142.51489768920794,188.32687377740916,143.0,188.0,14.332174062728882,14.252038717269897,14.271949529647827,528,8,98000000b3000000,152,179,14.2917959690094,1,1,1,1,1,1779078353.2411058
14.351274347305369,0,s0_stop,0.0,0.0,0.4486296474933624,0.4705808162689209,-0.08278404176235199,13.510143993046402,-1.2942886873291284,0.0,0.0,0.0,-0.02560329258851516,0.9996721819719837,1.5407396374737674,-0.07897369097050853,0.0,0.0,0.0,-0.008634011552649057,0.0,2.0,-0.9499200382758235,2.0,-0.9499200382758235,1.7876724019335894,-1.0,-0.21232759806641055,-0.0500799617241765,1.0879324674606323,0.3559122681617737,0.0551331527531147,0.27316978573799133,1.0,0.0,20.0,1.0,1.1402103900909424,1.026695966720581,0.026291011229531286,141.85039361719782,188.99137784941934,142.0,189.0,14.332174062728882,14.352094411849976,14.371814489364624,528,8,9d000000ae000000,157,174,14.391657590866089,1,1,1,1,1,1779078353.341157
14.40127434730537,0,s0_stop,0.0,0.0,0.5930973291397095,0.6057992577552795,-0.08360567688941956,13.510143993046402,-1.2942886873291284,0.0,0.0,0.0,-0.02560329258851516,0.9996721819719837,1.5407396374737674,-0.07897369097050853,0.0,0.0,0.0,-0.008634011552649057,0.0,2.0,-0.9499200382758235,2.0,-0.9499200382758235,1.7876724019335894,-1.0,-0.21232759806641055,-0.0500799617241765,1.0879324674606323,0.3559122681617737,0.0551331527531147,0.27316978573799133,1.0,0.0,20.0,1.0,1.1402103900909424,1.026695966720581,0.026291011229531286,141.85039361719782,188.99137784941934,142.0,189.0,14.432022333145142,14.352094411849976,14.371814489364624,528,8,9d000000ae000000,157,174,14.391657590866089,1,1,1,1,1,1779078353.341157
14.45127434730537,0,s0_stop,0.0,0.0,0.5930973291397095,0.6057992577552795,-0.08360567688941956,13.791970923344843,-1.3081323503915308,0.0,0.0,0.0,-0.023976189506571703,0.9997125298488285,1.5011353974599373,-0.07204515197669197,0.0,0.0,0.0,0.01935814861624115,0.0,2.0,-0.9170142718327278,2.0,-0.9170142718327278,1.7924554460260682,-1.0,-0.2075445539739318,-0.08298572816727223,1.0858850479125977,0.35907697677612305,0.05359943211078644,0.271238774061203,1.0,0.0,20.0,1.0,1.1400706768035889,1.04529869556427,-0.013544408736571846,142.66688877181033,188.17488269480677,143.0,188.0,14.432022333145142,14.451913356781006,14.47176218032837,528,8,a3000000a8000000,163,168,14.491693496704102,1,1,1,1,1,1779078353.4410756
14.50127434730537,0,s0_stop,0.0,0.0,0.692022979259491,0.7178464531898499,-0.10440066456794739,13.791970923344843,-1.3081323503915308,0.0,0.0,0.0,-0.023976189506571703,0.9997125298488285,1.5011353974599373,-0.07204515197669197,0.0,0.0,0.0,0.01935814861624115,0.0,2.0,-0.9170142718327278,2.0,-0.9170142718327278,1.7924554460260682,-1.0,-0.2075445539739318,-0.08298572816727223,1.0858850479125977,0.35907697677612305,0.05359943211078644,0.271238774061203,1.0,0.0,20.0,1.0,1.1400706768035889,1.04529869556427,-0.013544408736571846,142.66688877181033,188.17488269480677,143.0,188.0,14.531951665878296,14.451913356781006,14.47176218032837,528,8,a3000000a8000000,163,168,14.491693496704102,1,1,1,1,1,1779078353.4410756
14.551274347305371,0,s0_stop,0.0,0.0,0.692022979259491,0.7178464531898499,-0.10440066456794739,13.937378516730323,-1.3149561290523717,0.0,0.0,0.0,-0.023185717470583917,0.9997311751192789,1.3418229433328765,-0.06227248099760005,0.0,0.0,0.0,0.03056050085971317,0.0,2.0,-0.8265142554682796,2.0,-0.8265142554682796,1.8190714965357881,-1.0,-0.18092850346421185,-0.1734857445317204,1.0738847255706787,0.37501806020736694,0.04652690514922142,0.25795719027519226,1.0,0.0,20.0,1.0,1.1402368545532227,1.0488754510879517,0.017884182785375638,144.91247770169323,185.9292937649239,145.0,186.0,14.531951665878296,14.55187702178955,14.571740865707397,528,8,0000000000000000,0,0,14.591683149337769,1,1,1,1,1,1779078353.5410886
14.601274347305372,0,s0_stop,0.0,0.0,0.7660900354385376,0.7908360958099365,-0.08384507149457932,13.937378516730323,-1.3149561290523717,0.0,0.0,0.0,-0.023185717470583917,0.9997311751192789,1.3418229433328765,-0.06227248099760005,0.0,0.0,0.0,0.03056050085971317,0.0,2.0,-0.8265142554682796,2.0,-0.8265142554682796,1.8190714965357881,-1.0,-0.18092850346421185,-0.1734857445317204,1.0738847255706787,0.37501806020736694,0.04652690514922142,0.25795719027519226,1.0,0.0,20.0,1.0,1.1402368545532227,1.0488754510879517,0.017884182785375638,144.91247770169323,185.9292937649239,145.0,186.0,14.63202691078186,14.55187702178955,14.571740865707397,528,8,0000000000000000,0,0,14.591683149337769,1,1,1,1,1,1779078353.5410886
14.651274347305373,0,s0_stop,0.0,0.0,0.7660900354385376,0.7908360958099365,-0.08384507149457932,13.992388345706702,-1.3174952304012926,0.0,0.0,0.0,-0.022962459594610633,0.9997363279632114,1.2289225998561042,-0.056482853863454606,0.0,0.0,0.0,0.006181070294429016,0.0,2.0,-0.6840524402801867,2.0,-0.6840524402801867,1.8649160639118911,-1.0,-0.13508393608810887,-0.31594755971981325,1.0531141757965088,0.41135793924331665,0.03603045642375946,0.23000411689281464,1.0,0.0,20.0,1.0,1.1398110389709473,1.06440269947052,-0.006586345612785612,148.4474016494316,182.39436981718555,148.0,182.0,14.63202691078186,14.65188455581665,14.671775579452515,528,8,0000000000000000,0,0,14.691828727722168,1,1,1,1,1,1779078353.6410043
14.701274347305374,0,s0_stop,0.0,0.0,0.820926308631897,0.8454127907752991,-0.07612565904855728,13.992388345706702,-1.3174952304012926,0.0,0.0,0.0,-0.022962459594610633,0.9997363279632114,1.2289225998561042,-0.056482853863454606,0.0,0.0,0.0,0.006181070294429016,0.0,2.0,-0.6840524402801867,2.0,-0.6840524402801867,1.8649160639118911,-1.0,-0.13508393608810887,-0.31594755971981325,1.0531141757965088,0.41135793924331665,0.03603045642375946,0.23000411689281464,1.0,0.0,20.0,1.0,1.1398110389709473,1.06440269947052,-0.006586345612785612,148.4474016494316,182.39436981718555,148.0,182.0,14.732027053833008,14.65188455581665,14.671775579452515,528,8,0000000000000000,0,0,14.691828727722168,1,1,1,1,1,1779078353.6410043
14.751274347305374,0,s0_stop,0.0,0.0,0.820926308631897,0.8454127907752991,-0.07612565904855728,14.031454427667008,-1.3192800886992013,0.0,0.0,0.0,-0.022681046059715985,0.9997427519865483,1.149238255135472,-0.05217211857166965,0.0,0.0,0.0,0.012931983352584758,0.0,2.0,-0.4986972843674834,2.0,-0.4986972843674834,1.9134225796491644,-1.0,-0.0865774203508356,-0.5013027156325166,1.034243106842041,0.4583381414413452,0.021055886521935463,0.18964922428131104,1.0,0.0,20.0,1.0,1.140066385269165,1.0833948850631714,-0.009015872185966575,153.04664375937884,177.79512770723827,153.0,178.0,14.732027053833008,14.752204656600952,14.772031307220459,528,8,0000000000000000,0,0,14.792040824890137,1,1,1,1,1,1779078353.7410283
14.801274347305375,0,s0_stop,0.0,0.0,0.874910831451416,0.8812599182128906,-0.06788577884435654,14.031454427667008,-1.3192800886992013,0.0,0.0,0.0,-0.022681046059715985,0.9997427519865483,1.149238255135472,-0.05217211857166965,0.0,0.0,0.0,0.012931983352584758,0.0,2.0,-0.4986972843674834,2.0,-0.4986972843674834,1.9134225796491644,-1.0,-0.0865774203508356,-0.5013027156325166,1.034243106842041,0.4583381414413452,0.021055886521935463,0.18964922428131104,1.0,0.0,20.0,1.0,1.140066385269165,1.0833948850631714,-0.009015872185966575,153.04664375937884,177.79512770723827,153.0,178.0,14.832207918167114,14.752204656600952,14.772031307220459,528,8,0000000000000000,0,0,14.792040824890137,1,1,1,1,1,1779078353.7410283
14.851274347305376,0,s0_stop,0.0,0.0,0.874910831451416,0.8812599182128906,-0.06788577884435654,14.04941892487151,-1.3200936720662197,0.0,0.0,0.0,-0.02257595067294469,0.9997451307464382,1.109390844932117,-0.050129438599354766,0.0,0.0,0.0,0.032995083739203554,0.0,2.0,-0.2818350016139756,2.0,-0.2818350016139756,2.0110342538509904,-0.7317443991842709,0.011034253850990439,-0.4499093975702953,1.0007290840148926,0.5622513294219971,-0.012500466778874397,0.1295892596244812,1.0,0.0,20.0,1.0,1.1423335075378418,1.066802740097046,0.04229299575127558,158.42767639366372,172.41409507295342,158.0,172.0,14.832207918167114,14.85187292098999,14.871867895126343,528,8,0000000000000000,0,0,14.891701698303223,1,1,1,1,1,1779078353.8411448
14.901274347305376,0,s0_stop,0.0,0.0,0.8989233374595642,0.917705237865448,-0.004182050935924053,14.04941892487151,-1.3200936720662197,0.0,0.0,0.0,-0.02257595067294469,0.9997451307464382,1.109390844932117,-0.050129438599354766,0.0,0.0,0.0,0.032995083739203554,0.0,2.0,-0.2818350016139756,2.0,-0.2818350016139756,2.0110342538509904,-0.7317443991842709,0.011034253850990439,-0.4499093975702953,1.0007290840148926,0.5622513294219971,-0.012500466778874397,0.1295892596244812,1.0,0.0,20.0,1.0,1.1423335075378418,1.066802740097046,0.04229299575127558,158.42767639366372,172.41409507295342,158.0,172.0,14.932232856750488,14.85187292098999,14.871867895126343,528,8,0000000000000000,0,0,14.891701698303223,1,1,1,1,1,1779078353.8411448
14.951274347305377,0,s0_stop,0.0,0.0,0.8989233374595642,0.917705237865448,-0.004182050935924053,14.05614568223258,-1.3203961650324132,0.0,0.0,0.0,-0.0224672798338757,0.9997475788102046,1.0894723445406493,-0.04899206309908967,0.0,0.0,0.0,0.03465509184153968,0.0,2.0,-0.04738621125198526,2.0,-0.04738621125198526,2.1259337110093357,-0.1385089943646633,0.1259337110093357,-0.09112278311267805,0.965539813041687,0.7099225521087646,-0.05267363786697388,0.05094444751739502,1.0,0.0,20.0,1.0,1.140064001083374,1.0870636701583862,0.01380743291893554,164.2450853777812,166.59668608883592,164.0,167.0,14.932232856750488,14.951940536499023,14.971890687942505,528,8,0000000000000000,0,0,14.991690158843994,1,1,1,1,1,1779078353.9410608
15.001274347305378,0,s0_stop,0.0,0.0,0.9245637059211731,0.9477993249893188,-0.01942063868045807,14.05614568223258,-1.3203961650324132,0.0,0.0,0.0,-0.0224672798338757,0.9997475788102046,1.0894723445406493,-0.04899206309908967,0.0,0.0,0.0,0.03465509184153968,0.0,2.0,-0.04738621125198526,2.0,-0.04738621125198526,2.1259337110093357,-0.1385089943646633,0.1259337110093357,-0.09112278311267805,0.965539813041687,0.7099225521087646,-0.05267363786697388,0.05094444751739502,1.0,0.0,20.0,1.0,1.140064001083374,1.0870636701583862,0.01380743291893554,164.2450853777812,166.59668608883592,164.0,167.0,15.032141208648682,14.951940536499023,14.971890687942505,528,8,0000000000000000,0,0,14.991690158843994,1,1,1,1,1,1779078353.9410608
15.051274347305378,0,s0_stop,0.0,0.0,0.9245637059211731,0.9477993249893188,-0.01942063868045807,14.059152894375597,-1.3205311737643557,0.0,0.0,0.0,-0.022430545945454874,0.9997484036539337,1.0695465038836296,-0.04801726994161368,0.0,0.0,0.0,0.030485064607931885,0.0,0.0,0.0,0.0,0.0,-0.11164460039979125,-0.060605845693785125,-0.11164460039979125,-0.060605845693785125,0.985898494720459,0.6691976189613342,0.11007024347782135,0.04055728763341904,1.0,0.0,20.0,1.0,1.1413636207580566,1.0645943880081177,0.04064865348922646,0.0,0.0,0.0,0.0,15.032141208648682,15.052220106124878,15.071960687637329,528,8,0000000000000000,0,0,15.091917991638184,1,1,1,1,1,1779078354.0426562
15.10127434730538,0,s0_stop,0.0,0.0,0.9509840607643127,0.9598613381385803,-0.08746585249900818,14.059152894375597,-1.3205311737643557,0.0,0.0,0.0,-0.022430545945454874,0.9997484036539337,1.0695465038836296,-0.04801726994161368,0.0,0.0,0.0,0.030485064607931885,0.0,0.0,0.0,0.0,0.0,-0.11164460039979125,-0.060605845693785125,-0.11164460039979125,-0.060605845693785125,0.985898494720459,0.6691976189613342,0.11007024347782135,0.04055728763341904,1.0,0.0,20.0,1.0,1.1413636207580566,1.0645943880081177,0.04064865348922646,0.0,0.0,0.0,0.0,15.132406949996948,15.052220106124878,15.071960687637329,528,8,0000000000000000,0,0,15.091917991638184,1,1,1,1,1,1779078354.0426562
15.15127434730538,0,s0_stop,0.0,0.0,0.9509840607643127,0.9598613381385803,-0.08746585249900818,14.065669347846576,-1.3208226763556568,0.0,0.0,0.0,-0.02234989714715571,0.9997502098511966,1.0562678489388573,-0.04725036654446103,0.0,0.0,0.0,0.021335261784491258,0.0,0.0,0.0,0.0,0.0,-0.10113171657429337,-0.011178838386299787,-0.10113171657429337,-0.011178838386299787,0.9763297438621521,0.6616517305374146,0.09873790293931961,0.007396497763693333,1.0,0.0,20.0,1.0,1.1413171291351318,1.062740445137024,0.01395973185157426,0.0,0.0,0.0,0.0,15.132406949996948,15.152111053466797,15.1727774143219,528,8,0000000000000000,0,0,15.191856622695923,1,1,1,1,1,1779078354.1421244
15.20127434730538,0,s0_stop,0.0,0.0,0.9724361300468445,0.9861538410186768,-0.10671121627092361,14.065669347846576,-1.3208226763556568,0.0,0.0,0.0,-0.02234989714715571,0.9997502098511966,1.0562678489388573,-0.04725036654446103,0.0,0.0,0.0,0.021335261784491258,0.0,0.0,0.0,0.0,0.0,-0.10113171657429337,-0.011178838386299787,-0.10113171657429337,-0.011178838386299787,0.9763297438621521,0.6616517305374146,0.09873790293931961,0.007396497763693333,1.0,0.0,20.0,1.0,1.1413171291351318,1.062740445137024,0.01395973185157426,0.0,0.0,0.0,0.0,15.232510089874268,15.152111053466797,15.1727774143219,528,8,0000000000000000,0,0,15.191856622695923,1,1,1,1,1,1779078354.1421244
15.251274347305381,0,s0_stop,0.0,0.0,0.9724361300468445,0.9861538410186768,-0.10671121627092361,14.067655944469346,-1.3209114832081492,0.0,0.0,0.0,-0.022334777663886644,0.9997505477401374,1.042982871606962,-0.04662447573367566,0.0,0.0,0.0,0.017801191751832493,0.0,0.0,0.0,0.0,0.0,-0.09453018636134299,-0.000758551596961235,-0.09453018636134299,-0.000758551596961235,0.9682390689849854,0.6691418290138245,0.09152781963348389,0.0005075786029919982,1.0,0.0,20.0,1.0,1.1417059898376465,1.036465048789978,0.006969381049308095,0.0,0.0,0.0,0.0,15.232510089874268,15.25204610824585,15.272321224212646,528,8,0000000000000000,0,0,15.29214358329773,1,1,1,1,1,1779078354.2426767
15.301274347305382,0,s0_stop,0.0,0.0,0.9632217884063721,0.9853007793426514,-0.08849889039993286,14.067655944469346,-1.3209114832081492,0.0,0.0,0.0,-0.022334777663886644,0.9997505477401374,1.042982871606962,-0.04662447573367566,0.0,0.0,0.0,0.017801191751832493,0.0,0.0,0.0,0.0,0.0,-0.09453018636134299,-0.000758551596961235,-0.09453018636134299,-0.000758551596961235,0.9682390689849854,0.6691418290138245,0.09152781963348389,0.0005075786029919982,1.0,0.0,20.0,1.0,1.1417059898376465,1.036465048789978,0.006969381049308095,0.0,0.0,0.0,0.0,15.33234167098999,15.25204610824585,15.272321224212646,528,8,0000000000000000,0,0,15.29214358329773,1,1,1,1,1,1779078354.2426767
15.351274347305383,0,s0_stop,0.0,0.0,0.9632217884063721,0.9853007793426514,-0.08849889039993286,14.075113001523166,-1.3212441187836113,0.0,0.0,0.0,-0.022286787614002896,0.9997516187022897,1.029700879969163,-0.04593167817952536,0.0,0.0,0.0,0.014318737542585001,0.0,0.0,0.0,0.0,0.0,-0.09146763285651839,0.005414542028481295,-0.09146763285651839,0.005414542028481295,0.9633573889732361,0.6714174747467041,0.08811601996421814,-0.0036354181356728077,1.0,0.0,20.0,1.0,1.1417560577392578,0.898227334022522,0.018858123333702136,0.0,0.0,0.0,0.0,15.33234167098999,15.352192401885986,15.372023105621338,528,8,0000000000000000,0,0,15.39186978340149,1,1,1,1,1,1779078354.34239
15.401274347305383,0,s0_stop,0.0,0.0,0.9810276627540588,0.9820778369903564,-0.09202222526073456,14.075113001523166,-1.3212441187836113,0.0,0.0,0.0,-0.022286787614002896,0.9997516187022897,1.029700879969163,-0.04593167817952536,0.0,0.0,0.0,0.014318737542585001,0.0,0.0,0.0,0.0,0.0,-0.09146763285651839,0.005414542028481295,-0.09146763285651839,0.005414542028481295,0.9633573889732361,0.6714174747467041,0.08811601996421814,-0.0036354181356728077,1.0,0.0,20.0,1.0,1.1417560577392578,0.898227334022522,0.018858123333702136,0.0,0.0,0.0,0.0,15.432337045669556,15.352192401885986,15.372023105621338,528,8,0000000000000000,0,0,15.39186978340149,1,1,1,1,1,1779078354.34239
15.451274347305384,0,s0_stop,0.0,0.0,0.9810276627540588,0.9820778369903564,-0.09202222526073456,14.07902473473064,-1.3214184119843488,0.0,0.0,0.0,-0.02226169317028481,0.9997521778006748,1.016416691800284,-0.04528798593895219,0.0,0.0,0.0,0.017232074788777682,0.0,0.0,0.0,0.0,0.0,-0.08560739400838635,0.017780967833100805,-0.08560739400838635,0.017780967833100805,0.9531508684158325,0.6730007529258728,0.08159676194190979,-0.011966604739427567,1.0,0.0,20.0,1.0,1.1414730548858643,0.6754075884819031,0.0013616054766214854,0.0,0.0,0.0,0.0,15.432337045669556,15.452144145965576,15.47199535369873,528,8,0000000000000000,0,0,15.491950273513794,1,1,1,1,1,1779078354.4424675
15.501274347305385,0,s0_stop,0.0,0.0,0.9817219972610474,1.006358027458191,-0.09971217811107635,14.07902473473064,-1.3214184119843488,0.0,0.0,0.0,-0.02226169317028481,0.9997521778006748,1.016416691800284,-0.04528798593895219,0.0,0.0,0.0,0.017232074788777682,0.0,0.0,0.0,0.0,0.0,-0.08560739400838635,0.017780967833100805,-0.08560739400838635,0.017780967833100805,0.9531508684158325,0.6730007529258728,0.08159676194190979,-0.011966604739427567,1.0,0.0,20.0,1.0,1.1414730548858643,0.6754075884819031,0.0013616054766214854,0.0,0.0,0.0,0.0,15.532667636871338,15.452144145965576,15.47199535369873,528,8,0000000000000000,0,0,15.491950273513794,1,1,1,1,1,1779078354.4424675
15.551274347305386,0,s0_stop,0.0,0.0,0.9817219972610474,1.006358027458191,-0.09971217811107635,14.084938603192857,-1.321681044892346,0.0,0.0,0.0,-0.022188430313156572,0.9997538064744931,1.0031367390525419,-0.04454896495912529,0.0,0.0,0.0,0.026800084215621862,0.0,0.0,0.0,0.0,0.0,-0.07813194119470329,0.040349913202276017,-0.07813194119470329,0.040349913202276017,0.9445796012878418,0.6732136607170105,0.07380183786153793,-0.027164112776517868,1.0,0.0,20.0,1.0,1.1415345668792725,0.4806409776210785,0.013721798647294663,0.0,0.0,0.0,0.0,15.532667636871338,15.552171230316162,15.572911024093628,528,8,0000000000000000,0,0,15.591871738433838,1,1,1,1,1,1779078354.5425417
15.601274347305386,0,s0_stop,0.0,0.0,0.9967491626739502,1.0019094944000244,-0.08764515817165375,14.084938603192857,-1.321681044892346,0.0,0.0,0.0,-0.022188430313156572,0.9997538064744931,1.0031367390525419,-0.04454896495912529,0.0,0.0,0.0,0.026800084215621862,0.0,0.0,0.0,0.0,0.0,-0.07813194119470329,0.040349913202276017,-0.07813194119470329,0.040349913202276017,0.9445796012878418,0.6732136607170105,0.07380183786153793,-0.027164112776517868,1.0,0.0,20.0,1.0,1.1415345668792725,0.4806409776210785,0.013721798647294663,0.0,0.0,0.0,0.0,15.632533073425293,15.552171230316162,15.572911024093628,528,8,0000000000000000,0,0,15.591871738433838,1,1,1,1,1,1779078354.5425417
15.651274347305387,0,s0_stop,0.0,0.0,0.9967491626739502,1.0019094944000244,-0.08764515817165375,14.089593877285196,-1.3218870861898815,0.0,0.0,0.0,-0.02211364221350957,0.9997554635149802,0.9832133917416865,-0.04351678525698933,0.0,0.0,0.0,0.033480078494270815,0.0,0.0,0.0,0.0,0.0,-0.07531867246417358,0.046332670574295194,-0.07531867246417358,0.046332670574295194,0.9416785836219788,0.6735090613365173,0.07092598080635071,-0.031205473467707634,1.0,0.0,20.0,1.0,1.1411316394805908,0.32112860679626465,0.008578062078230982,0.0,0.0,0.0,0.0,15.632533073425293,15.652057409286499,15.671948432922363,528,8,0000000000000000,0,0,15.69192886352539,1,1,1,1,1,1779078354.6421869
15.701274347305388,0,s0_stop,0.0,0.0,1.012016773223877,1.0308542251586914,-0.07940978556871414,14.089593877285196,-1.3218870861898815,0.0,0.0,0.0,-0.02211364221350957,0.9997554635149802,0.9832133917416865,-0.04351678525698933,0.0,0.0,0.0,0.033480078494270815,0.0,0.0,0.0,0.0,0.0,-0.07531867246417358,0.046332670574295194,-0.07531867246417358,0.046332670574295194,0.9416785836219788,0.6735090613365173,0.07092598080635071,-0.031205473467707634,1.0,0.0,20.0,1.0,1.1411316394805908,0.32112860679626465,0.008578062078230982,0.0,0.0,0.0,0.0,15.732075452804565,15.652057409286499,15.671948432922363,528,8,0000000000000000,0,0,15.69192886352539,1,1,1,1,1,1779078354.6421869
15.751274347305388,0,s0_stop,0.0,0.0,1.012016773223877,1.0308542251586914,-0.07940978556871414,14.094861068708234,-1.3221192315266204,0.0,0.0,0.0,-0.022020886114009753,0.9997575108868919,0.9699346733287467,-0.042748742787255295,0.0,0.0,0.0,0.0312743157201112,0.0,0.0,0.0,0.0,0.0,-0.06988393223910133,0.057939287908862235,-0.06988393223910133,0.057939287908862235,0.9364842176437378,0.6741493940353394,0.0654451996088028,-0.03905973583459854,1.0,0.0,20.0,1.0,1.1413452625274658,0.21777398884296417,0.004284289476536209,0.0,0.0,0.0,0.0,15.732075452804565,15.75190544128418,15.771895170211792,528,8,0000000000000000,0,0,15.791702032089233,1,1,1,1,1,1779078354.742561
15.80127434730539,0,s0_stop,0.0,0.0,1.026695966720581,1.048297643661499,-0.09101340919733047,14.094861068708234,-1.3221192315266204,0.0,0.0,0.0,-0.022020886114009753,0.9997575108868919,0.9699346733287467,-0.042748742787255295,0.0,0.0,0.0,0.0312743157201112,0.0,0.0,0.0,0.0,0.0,-0.06988393223910133,0.057939287908862235,-0.06988393223910133,0.057939287908862235,0.9364842176437378,0.6741493940353394,0.0654451996088028,-0.03905973583459854,1.0,0.0,20.0,1.0,1.1413452625274658,0.21777398884296417,0.004284289476536209,0.0,0.0,0.0,0.0,15.832491636276245,15.75190544128418,15.771895170211792,528,8,0000000000000000,0,0,15.791702032089233,1,1,1,1,1,1779078354.742561
15.85127434730539,0,s0_stop,0.0,0.0,1.026695966720581,1.048297643661499,-0.09101340919733047,14.097584384410652,-1.3222390520683367,0.0,0.0,0.0,-0.021983067965899737,0.9997583431623898,0.9566510840802195,-0.04209076862670298,0.0,0.0,0.0,0.02752929503277264,0.0,0.0,0.0,0.0,0.0,-0.06362721384724375,0.0712368246330421,-0.06362721384724375,0.0712368246330421,0.9310368299484253,0.6765334606170654,0.059239279478788376,-0.048194095492362976,1.0,0.0,20.0,1.0,1.1410126686096191,0.13818052411079407,0.003886890847049541,0.0,0.0,0.0,0.0,15.832491636276245,15.852049589157104,15.871916055679321,528,8,0000000000000000,0,0,15.89180874824524,1,1,1,1,1,1779078354.842109
15.90127434730539,0,s0_stop,0.0,0.0,1.04529869556427,1.0584666728973389,-0.07790817320346832,14.097584384410652,-1.3222390520683367,0.0,0.0,0.0,-0.021983067965899737,0.9997583431623898,0.9566510840802195,-0.04209076862670298,0.0,0.0,0.0,0.02752929503277264,0.0,0.0,0.0,0.0,0.0,-0.06362721384724375,0.0712368246330421,-0.06362721384724375,0.0712368246330421,0.9310368299484253,0.6765334606170654,0.059239279478788376,-0.048194095492362976,1.0,0.0,20.0,1.0,1.1410126686096191,0.13818052411079407,0.003886890847049541,0.0,0.0,0.0,0.0,15.932429552078247,15.852049589157104,15.871916055679321,528,8,0000000000000000,0,0,15.89180874824524,1,1,1,1,1,1779078354.842109
15.951274347305391,0,s0_stop,0.0,0.0,1.04529869556427,1.0584666728973389,-0.07790817320346832,14.10406059811281,-1.32252302612662,0.0,0.0,0.0,-0.0219086008225928,0.9997599777996699,0.9367269824060783,-0.041074333697314176,0.0,0.0,0.0,0.01731074192012138,0.0,0.0,0.0,0.0,0.0,-0.06084480116733075,0.07634738462209634,-0.06084480116733075,0.07634738462209634,0.9291400909423828,0.6776638627052307,0.056533344089984894,-0.051737863570451736,1.0,0.0,20.0,1.0,1.1410210132598877,0.07618717104196548,0.003199339205198431,0.0,0.0,0.0,0.0,15.932429552078247,15.952194452285767,15.972050905227661,528,8,0000000000000000,0,0,15.991742610931396,1,1,1,1,1,1779078354.9420712
16.00127434730539,0,s0_stop,0.0,0.0,1.0488754510879517,1.075432300567627,-0.09322357922792435,14.10406059811281,-1.32252302612662,0.0,0.0,0.0,-0.0219086008225928,0.9997599777996699,0.9367269824060783,-0.041074333697314176,0.0,0.0,0.0,0.01731074192012138,0.0,0.0,0.0,0.0,0.0,-0.06084480116733075,0.07634738462209634,-0.06084480116733075,0.07634738462209634,0.9291400909423828,0.6776638627052307,0.056533344089984894,-0.051737863570451736,1.0,0.0,20.0,1.0,1.1410210132598877,0.07618717104196548,0.003199339205198431,0.0,0.0,0.0,0.0,16.03252339363098,15.952194452285767,15.972050905227661,528,8,0000000000000000,0,0,15.991742610931396,1,1,1,1,1,1779078354.9420712
16.05127434730539,0,s0_stop,0.0,0.0,1.0488754510879517,1.075432300567627,-0.09322357922792435,14.1084993408563,-1.3227174008524243,0.0,0.0,0.0,-0.02187952022666335,0.9997606146446514,0.9167989581913538,-0.0401470768670424,0.0,0.0,0.0,0.013890492692714272,0.0,0.0,0.0,0.0,0.0,-0.05620991530454479,0.0976548738986851,-0.05620991530454479,0.0976548738986851,0.9281651973724365,0.6869351863861084,0.052172087132930756,-0.06708256900310516,1.0,0.0,20.0,1.0,1.1414413452148438,0.04017385467886925,-0.0011902931676856837,0.0,0.0,0.0,0.0,16.03252339363098,16.05194091796875,16.07180643081665,528,8,0000000000000000,0,0,16.091716766357422,1,1,1,1,1,1779078355.0423143
16.10127434730539,0,s0_stop,0.0,0.0,1.06440269947052,1.0780738592147827,-0.09362885355949402,14.1084993408563,-1.3227174008524243,0.0,0.0,0.0,-0.02187952022666335,0.9997606146446514,0.9167989581913538,-0.0401470768670424,0.0,0.0,0.0,0.013890492692714272,0.0,0.0,0.0,0.0,0.0,-0.05620991530454479,0.0976548738986851,-0.05620991530454479,0.0976548738986851,0.9281651973724365,0.6869351863861084,0.052172087132930756,-0.06708256900310516,1.0,0.0,20.0,1.0,1.1414413452148438,0.04017385467886925,-0.0011902931676856837,0.0,0.0,0.0,0.0,16.131993293762207,16.05194091796875,16.07180643081665,528,8,0000000000000000,0,0,16.091716766357422,1,1,1,1,1,1779078355.0423143
16.151274347305392,0,s0_stop,0.0,0.0,1.06440269947052,1.0780738592147827,-0.09362885355949402,14.113262158195347,-1.322925676963811,0.0,0.0,0.0,-0.021849141491582746,0.9997612790141859,0.9035144195582365,-0.03951032686990765,0.0,0.0,0.0,0.012319354479546595,0.0,0.0,0.0,0.0,0.0,-0.08127006443973009,0.20686917909234484,-0.08127006443973009,0.20686917909234484,0.9928876757621765,0.82122802734375,0.08069204539060593,-0.1698867678642273,1.0,0.0,20.0,1.0,1.1396996974945068,0.022652287036180496,0.004362667607132256,0.0,0.0,0.0,0.0,16.131993293762207,16.151899576187134,16.171808004379272,528,8,0000000000000000,0,0,16.19172477722168,1,1,1,1,1,1779078355.1420944
16.201274347305393,0,s0_stop,0.0,0.0,1.0833948850631714,1.0868513584136963,-0.07837507128715515,14.113262158195347,-1.322925676963811,0.0,0.0,0.0,-0.021849141491582746,0.9997612790141859,0.9035144195582365,-0.03951032686990765,0.0,0.0,0.0,0.012319354479546595,0.0,0.0,0.0,0.0,0.0,-0.08127006443973009,0.20686917909234484,-0.08127006443973009,0.20686917909234484,0.9928876757621765,0.82122802734375,0.08069204539060593,-0.1698867678642273,1.0,0.0,20.0,1.0,1.1396996974945068,0.022652287036180496,0.004362667607132256,0.0,0.0,0.0,0.0,16.231959342956543,16.151899576187134,16.171808004379272,528,8,0000000000000000,0,0,16.19172477722168,1,1,1,1,1,1779078355.1420944
16.251274347305394,0,s0_stop,0.0,0.0,1.0833948850631714,1.0868513584136963,-0.07837507128715515,14.117694665472605,-1.323119260203411,0.0,0.0,0.0,-0.021821165112972017,0.9997618900283769,0.8968731247543499,-0.03916961533059168,0.0,0.0,0.0,0.011690446077786432,0.0,0.0,0.0,0.0,0.0,-0.08070750366007588,0.20740677386867848,-0.08070750366007588,0.20740677386867848,0.9924130439758301,0.8211275339126587,0.08009517937898636,-0.17030741274356842,1.0,0.0,20.0,1.0,1.1401898860931396,0.007207282818853855,-0.0003982879741663952,0.0,0.0,0.0,0.0,16.231959342956543,16.251875400543213,16.271892786026,528,8,0000000000000000,0,0,16.291666269302368,1,1,1,1,1,1779078355.2422352
16.301274347305394,0,s0_stop,0.0,0.0,1.066802740097046,1.0759904384613037,-0.053299520164728165,14.117694665472605,-1.323119260203411,0.0,0.0,0.0,-0.021821165112972017,0.9997618900283769,0.8968731247543499,-0.03916961533059168,0.0,0.0,0.0,0.011690446077786432,0.0,0.0,0.0,0.0,0.0,-0.08070750366007588,0.20740677386867848,-0.08070750366007588,0.20740677386867848,0.9924130439758301,0.8211275339126587,0.08009517937898636,-0.17030741274356842,1.0,0.0,20.0,1.0,1.1401898860931396,0.007207282818853855,-0.0003982879741663952,0.0,0.0,0.0,0.0,16.332021474838257,16.251875400543213,16.271892786026,528,8,0000000000000000,0,0,16.291666269302368,1,1,1,1,1,1779078355.2422352
16.351274347305395,0,s0_stop,0.0,0.0,1.066802740097046,1.0759904384613037,-0.053299520164728165,14.123144111016526,-1.3233571166281246,0.0,0.0,0.0,-0.02180833821502438,0.9997621699105739,0.8835871054061378,-0.03856665198710609,0.0,0.0,0.0,0.0013616054766214854,0.0,0.0,0.0,0.0,0.0,-0.07984833214049859,0.20851803967936175,-0.07984833214049859,0.20851803967936175,0.9914663434028625,0.8204903602600098,0.07916693389415741,-0.17108704149723053,1.0,0.0,20.0,1.0,1.1397857666015625,-0.0036037929821759462,0.0026608475585366415,0.0,0.0,0.0,0.0,16.332021474838257,16.351898431777954,16.372013330459595,528,8,0000000000000000,0,0,16.391692876815796,1,1,1,1,1,1779078355.3422096
16.401274347305396,0,s0_stop,0.0,0.0,1.0870636701583862,1.0673253536224365,-0.09197814762592316,14.123144111016526,-1.3233571166281246,0.0,0.0,0.0,-0.02180833821502438,0.9997621699105739,0.8835871054061378,-0.03856665198710609,0.0,0.0,0.0,0.0013616054766214854,0.0,0.0,0.0,0.0,0.0,-0.07984833214049859,0.20851803967936175,-0.07984833214049859,0.20851803967936175,0.9914663434028625,0.8204903602600098,0.07916693389415741,-0.17108704149723053,1.0,0.0,20.0,1.0,1.1397857666015625,-0.0036037929821759462,0.0026608475585366415,0.0,0.0,0.0,0.0,16.43210005760193,16.351898431777954,16.372013330459595,528,8,0000000000000000,0,0,16.391692876815796,1,1,1,1,1,1779078355.3422096
16.451274347305397,0,s0_stop,0.0,0.0,1.0870636701583862,1.0673253536224365,-0.09197814762592316,14.126638546642486,-1.3235096320711706,0.0,0.0,0.0,-0.021807044878797168,0.9997621981219604,0.8703001795443088,-0.03798445061629598,0.0,0.0,0.0,0.000879513041754726,0.0,0.0,0.0,0.0,0.0,-0.07880793691760551,0.20949973165420901,-0.07880793691760551,0.20949973165420901,0.9905182719230652,0.8202847242355347,0.07806070148944855,-0.17184942960739136,1.0,0.0,20.0,1.0,1.1393556594848633,-0.0096198171377182,-0.00019744636346893864,0.0,0.0,0.0,0.0,16.43210005760193,16.45187759399414,16.47199845314026,528,8,0000000000000000,0,0,16.49169683456421,1,1,1,1,1,1779078355.442214
16.501274347305397,0,s0_stop,0.0,0.0,1.0645943880081177,1.0724050998687744,-0.08455154299736023,14.126638546642486,-1.3235096320711706,0.0,0.0,0.0,-0.021807044878797168,0.9997621981219604,0.8703001795443088,-0.03798445061629598,0.0,0.0,0.0,0.000879513041754726,0.0,0.0,0.0,0.0,0.0,-0.07880793691760551,0.20949973165420901,-0.07880793691760551,0.20949973165420901,0.9905182719230652,0.8202847242355347,0.07806070148944855,-0.17184942960739136,1.0,0.0,20.0,1.0,1.1393556594848633,-0.0096198171377182,-0.00019744636346893864,0.0,0.0,0.0,0.0,16.532028675079346,16.45187759399414,16.47199845314026,528,8,0000000000000000,0,0,16.49169683456421,1,1,1,1,1,1779078355.442214
16.551274347305398,0,s0_stop,0.0,0.0,1.0645943880081177,1.0724050998687744,-0.08455154299736023,14.132511136883746,-1.3237658677183837,0.0,0.0,0.0,-0.021800681551291695,0.9997623369000751,0.8570136299807867,-0.03739362583238788,0.0,0.0,0.0,0.0041335921521735266,0.0,0.0,0.0,0.0,0.0,-0.07838048506092232,0.20999565053976846,-0.07838048506092232,0.20999565053976846,0.9901066422462463,0.8200424313545227,0.07760503888130188,-0.1722053438425064,1.0,0.0,20.0,1.0,1.1397151947021484,-0.01500067301094532,0.0011834305386098475,0.0,0.0,0.0,0.0,16.532028675079346,16.552074670791626,16.57187843322754,528,8,0000000000000000,0,0,16.591800212860107,1,1,1,1,1,1779078355.5420754
16.6012743473054,0,s0_stop,0.0,0.0,1.062740445137024,1.049870252609253,-0.08834405988454819,14.132511136883746,-1.3237658677183837,0.0,0.0,0.0,-0.021800681551291695,0.9997623369000751,0.8570136299807867,-0.03739362583238788,0.0,0.0,0.0,0.0041335921521735266,0.0,0.0,0.0,0.0,0.0,-0.07838048506092232,0.20999565053976846,-0.07838048506092232,0.20999565053976846,0.9901066422462463,0.8200424313545227,0.07760503888130188,-0.1722053438425064,1.0,0.0,20.0,1.0,1.1397151947021484,-0.01500067301094532,0.0011834305386098475,0.0,0.0,0.0,0.0,16.632548332214355,16.552074670791626,16.57187843322754,528,8,0000000000000000,0,0,16.591800212860107,1,1,1,1,1,1779078355.5420754
16.6512743473054,0,s0_stop,0.0,0.0,1.062740445137024,1.049870252609253,-0.08834405988454819,14.136672503827397,-1.3239473360155385,0.0,0.0,0.0,-0.021788399123794513,0.9997626046535358,0.8370839776137584,-0.03650343890603916,0.0,0.0,0.0,0.009528288699876519,0.0,0.0,0.0,0.0,0.0,-0.07740389284450841,0.2108508681697738,-0.07740389284450841,0.2108508681697738,0.989354133605957,0.8199185132980347,0.07657986134290695,-0.17288053035736084,1.0,0.0,20.0,1.0,1.1399726867675781,-0.016335871070623398,-0.0012595708249023081,0.0,0.0,0.0,0.0,16.632548332214355,16.652204036712646,16.67295551300049,528,8,0000000000000000,0,0,16.691994428634644,1,1,1,1,1,1779078355.6421084
16.7012743473054,0,s0_stop,0.0,0.0,1.036465048789978,1.030310034751892,-0.13738051056861877,14.136672503827397,-1.3239473360155385,0.0,0.0,0.0,-0.021788399123794513,0.9997626046535358,0.8370839776137584,-0.03650343890603916,0.0,0.0,0.0,0.009528288699876519,0.0,0.0,0.0,0.0,0.0,-0.07740389284450841,0.2108508681697738,-0.07740389284450841,0.2108508681697738,0.989354133605957,0.8199185132980347,0.07657986134290695,-0.17288053035736084,1.0,0.0,20.0,1.0,1.1399726867675781,-0.016335871070623398,-0.0012595708249023081,0.0,0.0,0.0,0.0,16.732482194900513,16.652204036712646,16.67295551300049,528,8,0000000000000000,0,0,16.691994428634644,1,1,1,1,1,1779078355.6421084
16.7512743473054,0,s0_stop,0.0,0.0,1.036465048789978,1.030310034751892,-0.13738051056861877,14.143061905930615,-1.3242251036013049,0.0,0.0,0.0,-0.02172120036507703,0.9997640668951351,0.8238017521484244,-0.03581327644555253,0.0,0.0,0.0,0.01843455436670452,0.0,0.0,0.0,0.0,0.0,-0.07654498878220993,0.2115108187690722,-0.07654498878220993,0.2115108187690722,0.988664984703064,0.8199959397315979,0.07567735016345978,-0.17343801259994507,1.0,0.0,20.0,1.0,1.13997220993042,-0.02466433495283127,-0.0009548168163735424,0.0,0.0,0.0,0.0,16.732482194900513,16.752219915390015,16.771990537643433,528,8,0000000000000000,0,0,16.791862964630127,1,1,1,1,1,1779078355.7420897
16.8012743473054,0,s0_stop,0.0,0.0,0.898227334022522,0.908860445022583,-0.128569096326828,14.143061905930615,-1.3242251036013049,0.0,0.0,0.0,-0.02172120036507703,0.9997640668951351,0.8238017521484244,-0.03581327644555253,0.0,0.0,0.0,0.01843455436670452,0.0,0.0,0.0,0.0,0.0,-0.07654498878220993,0.2115108187690722,-0.07654498878220993,0.2115108187690722,0.988664984703064,0.8199959397315979,0.07567735016345978,-0.17343801259994507,1.0,0.0,20.0,1.0,1.13997220993042,-0.02466433495283127,-0.0009548168163735424,0.0,0.0,0.0,0.0,16.83251190185547,16.752219915390015,16.771990537643433,528,8,0000000000000000,0,0,16.791862964630127,1,1,1,1,1,1779078355.7420897
16.851274347305402,0,s0_stop,0.0,0.0,0.898227334022522,0.908860445022583,-0.128569096326828,14.14757605879543,-1.3244207553313907,0.0,0.0,0.0,-0.02165567686093589,0.9997654883319862,0.8105192387628645,-0.035129402144940716,0.0,0.0,0.0,0.02193385544588846,0.0,0.0,0.0,0.0,0.0,-0.07626148012993206,0.2117769792111623,-0.07626148012993206,0.2117769792111623,0.9884498119354248,0.8199236392974854,0.07538064569234848,-0.17364095151424408,1.0,0.0,20.0,1.0,1.139760971069336,-0.025353286415338516,-0.0005625836407485298,0.0,0.0,0.0,0.0,16.83251190185547,16.85220217704773,16.87211775779724,528,8,0000000000000000,0,0,16.89195227622986,1,1,1,1,1,1779078355.842142
16.901274347305403,0,s0_stop,0.0,0.0,0.6754075884819031,0.69404536485672,-0.0904868096113205,14.14757605879543,-1.3244207553313907,0.0,0.0,0.0,-0.02165567686093589,0.9997654883319862,0.8105192387628645,-0.035129402144940716,0.0,0.0,0.0,0.02193385544588846,0.0,0.0,0.0,0.0,0.0,-0.07626148012993206,0.2117769792111623,-0.07626148012993206,0.2117769792111623,0.9884498119354248,0.8199236392974854,0.07538064569234848,-0.17364095151424408,1.0,0.0,20.0,1.0,1.139760971069336,-0.025353286415338516,-0.0005625836407485298,0.0,0.0,0.0,0.0,16.932536125183105,16.85220217704773,16.87211775779724,528,8,0000000000000000,0,0,16.89195227622986,1,1,1,1,1,1779078355.842142
16.951274347305404,0,s0_stop,0.0,0.0,0.6754075884819031,0.69404536485672,-0.0904868096113205,14.15293017183424,-1.3246521880045425,0.0,0.0,0.0,-0.021597481405459047,0.9997667471950349,0.790592421585415,-0.03417352532059377,0.0,0.0,0.0,0.015587780852098549,0.0,0.0,0.0,0.0,0.0,-0.07576035896699923,0.21228498364821816,-0.07576035896699923,0.21228498364821816,0.9880469441413879,0.8197752833366394,0.0748547911643982,-0.1740259826183319,1.0,0.0,20.0,1.0,1.1400585174560547,-0.02863503433763981,0.002563477177089069,0.0,0.0,0.0,0.0,16.932536125183105,16.952277660369873,16.97201919555664,528,8,0000000000000000,0,0,16.992025136947632,1,1,1,1,1,1779078355.9422278
17.001274347305404,0,s0_stop,0.0,0.0,0.4806409776210785,0.4851154685020447,-0.098842091858387,14.15293017183424,-1.3246521880045425,0.0,0.0,0.0,-0.021597481405459047,0.9997667471950349,0.790592421585415,-0.03417352532059377,0.0,0.0,0.0,0.015587780852098549,0.0,0.0,0.0,0.0,0.0,-0.07576035896699923,0.21228498364821816,-0.07576035896699923,0.21228498364821816,0.9880469441413879,0.8197752833366394,0.0748547911643982,-0.1740259826183319,1.0,0.0,20.0,1.0,1.1400585174560547,-0.02863503433763981,0.002563477177089069,0.0,0.0,0.0,0.0,17.032133102416992,16.952277660369873,16.97201919555664,528,8,0000000000000000,0,0,16.992025136947632,1,1,1,1,1,1779078355.9422278
17.051274347305405,0,s0_stop,0.0,0.0,0.4806409776210785,0.4851154685020447,-0.098842091858387,14.156816797834656,-1.324819926706935,0.0,0.0,0.0,-0.021563906770496688,0.9997674719277445,0.7773074089284733,-0.03354697264922363,0.0,0.0,0.0,0.008663724723099155,0.0,0.0,0.0,0.0,0.0,-0.0753329108853107,0.2125374050584833,-0.0753329108853107,0.2125374050584833,0.9877951741218567,0.8199509978294373,0.0744134858250618,-0.17427025735378265,1.0,0.0,20.0,1.0,1.1402826309204102,-0.028866615146398544,-0.00047500687931230226,0.0,0.0,0.0,0.0,17.032133102416992,17.052091598510742,17.071967124938965,528,8,0000000000000000,0,0,17.091749668121338,1,1,1,1,1,1779078356.0422401
17.101274347305406,0,s0_stop,0.0,0.0,0.32112860679626465,0.3302376866340637,-0.08581763505935669,14.156816797834656,-1.324819926706935,0.0,0.0,0.0,-0.021563906770496688,0.9997674719277445,0.7773074089284733,-0.03354697264922363,0.0,0.0,0.0,0.008663724723099155,0.0,0.0,0.0,0.0,0.0,-0.0753329108853107,0.2125374050584833,-0.0753329108853107,0.2125374050584833,0.9877951741218567,0.8199509978294373,0.0744134858250618,-0.17427025735378265,1.0,0.0,20.0,1.0,1.1402826309204102,-0.028866615146398544,-0.00047500687931230226,0.0,0.0,0.0,0.0,17.132291316986084,17.052091598510742,17.071967124938965,528,8,0000000000000000,0,0,17.091749668121338,1,1,1,1,1,1779078356.0422401
17.151274347305407,0,s0_stop,0.0,0.0,0.32112860679626465,0.3302376866340637,-0.08581763505935669,14.162223210405969,-1.325053138751269,0.0,0.0,0.0,-0.021553063812186496,0.9997677057398423,0.764020817840444,-0.032956947789710256,0.0,0.0,0.0,0.0005329059036178595,0.0,0.0,0.0,0.0,0.0,-0.0751967816612454,0.21263836940970576,-0.0751967816612454,0.21263836940970576,0.9877179861068726,0.8199712038040161,0.07427321374416351,-0.1743573397397995,1.0,0.0,20.0,1.0,1.1395106315612793,-0.02895781211555004,-0.0012873455126076367,0.0,0.0,0.0,0.0,17.132291316986084,17.151976585388184,17.17200207710266,528,8,0000000000000000,0,0,17.191847324371338,1,1,1,1,1,1779078356.1422682
17.201274347305407,0,s0_stop,0.0,0.0,0.21777398884296417,0.21150735020637512,-0.10247925668954849,14.162223210405969,-1.325053138751269,0.0,0.0,0.0,-0.021553063812186496,0.9997677057398423,0.764020817840444,-0.032956947789710256,0.0,0.0,0.0,0.0005329059036178595,0.0,0.0,0.0,0.0,0.0,-0.0751967816612454,0.21263836940970576,-0.0751967816612454,0.21263836940970576,0.9877179861068726,0.8199712038040161,0.07427321374416351,-0.1743573397397995,1.0,0.0,20.0,1.0,1.1395106315612793,-0.02895781211555004,-0.0012873455126076367,0.0,0.0,0.0,0.0,17.232128381729126,17.151976585388184,17.17200207710266,528,8,0000000000000000,0,0,17.191847324371338,1,1,1,1,1,1779078356.1422682
17.251274347305408,0,s0_stop,0.0,0.0,0.21777398884296417,0.21150735020637512,-0.10247925668954849,14.166687193958017,-1.3252456393115613,0.0,0.0,0.0,-0.02154650426007398,0.9997678471296076,0.7507339241495838,-0.032373932238824295,0.0,0.0,0.0,-0.0019012555918422945,0.0,0.0,0.0,0.0,0.0,-0.07502969597633327,0.21284291599201585,-0.07502969597633327,0.21284291599201585,0.98757404088974,0.8198776245117188,0.07409738004207611,-0.17450514435768127,1.0,0.0,20.0,1.0,1.1401758193969727,-0.0288429856300354,0.000832091032780421,0.0,0.0,0.0,0.0,17.232128381729126,17.252095699310303,17.27187752723694,528,8,0000000000000000,0,0,17.2917537689209,1,1,1,1,1,1779078356.2421622
17.30127434730541,0,s0_stop,0.0,0.0,0.13818052411079407,0.12111053615808487,-0.10417553782463074,14.166687193958017,-1.3252456393115613,0.0,0.0,0.0,-0.02154650426007398,0.9997678471296076,0.7507339241495838,-0.032373932238824295,0.0,0.0,0.0,-0.0019012555918422945,0.0,0.0,0.0,0.0,0.0,-0.07502969597633327,0.21284291599201585,-0.07502969597633327,0.21284291599201585,0.98757404088974,0.8198776245117188,0.07409738004207611,-0.17450514435768127,1.0,0.0,20.0,1.0,1.1401758193969727,-0.0288429856300354,0.000832091032780421,0.0,0.0,0.0,0.0,17.332112789154053,17.252095699310303,17.27187752723694,528,8,0000000000000000,0,0,17.2917537689209,1,1,1,1,1,1779078356.2421622
17.35127434730541,0,s0_stop,0.0,0.0,0.13818052411079407,0.12111053615808487,-0.10417553782463074,14.172607604259621,-1.325501159626367,0.0,0.0,0.0,-0.02156455636501178,0.9997674579164798,0.7374454491628559,-0.031827573381372626,0.0,0.0,0.0,-0.007398801836310366,0.0,0.0,0.0,0.0,0.0,-0.07489546716031618,0.21290229359295348,-0.07489546716031618,0.21290229359295348,0.9875154495239258,0.8199639916419983,0.07396043092012405,-0.17457221448421478,1.0,0.0,20.0,1.0,1.1400907039642334,-0.02994402125477791,-0.0012506057543793811,0.0,0.0,0.0,0.0,17.332112789154053,17.352062225341797,17.37186908721924,528,8,0000000000000000,0,0,17.3917715549469,1,1,1,1,1,1779078356.342289
17.40127434730541,0,s0_stop,0.0,0.0,0.07618717104196548,0.07542525231838226,-0.09952732920646667,14.172607604259621,-1.325501159626367,0.0,0.0,0.0,-0.02156455636501178,0.9997674579164798,0.7374454491628559,-0.031827573381372626,0.0,0.0,0.0,-0.007398801836310366,0.0,0.0,0.0,0.0,0.0,-0.07489546716031618,0.21290229359295348,-0.07489546716031618,0.21290229359295348,0.9875154495239258,0.8199639916419983,0.07396043092012405,-0.17457221448421478,1.0,0.0,20.0,1.0,1.1400907039642334,-0.02994402125477791,-0.0012506057543793811,0.0,0.0,0.0,0.0,17.432180404663086,17.352062225341797,17.37186908721924,528,8,0000000000000000,0,0,17.3917715549469,1,1,1,1,1,1779078356.342289
17.45127434730541,0,s0_stop,0.0,0.0,0.07618717104196548,0.07542525231838226,-0.09952732920646667,14.17751743568149,-1.3257133839923902,0.0,0.0,0.0,-0.021597060698520496,0.9997667562832765,0.717512475944198,-0.031014024156257567,0.0,0.0,0.0,-0.013353710024070525,0.0,0.0,0.0,0.0,0.0,-0.07489284876981467,0.21298109953768496,-0.07489284876981467,0.21298109953768496,0.9874565601348877,0.8198434114456177,0.07395343482494354,-0.1746111512184143,1.0,0.0,20.0,1.0,1.1399784088134766,-0.03013385273516178,0.0018188078410597763,0.0,0.0,0.0,0.0,17.432180404663086,17.451977968215942,17.471921682357788,528,8,0000000000000000,0,0,17.49181032180786,1,1,1,1,1,1779078356.4421756
17.50127434730541,0,s0_stop,0.0,0.0,0.04017385467886925,0.038349706679582596,-0.10062724351882935,14.17751743568149,-1.3257133839923902,0.0,0.0,0.0,-0.021597060698520496,0.9997667562832765,0.717512475944198,-0.031014024156257567,0.0,0.0,0.0,-0.013353710024070525,0.0,0.0,0.0,0.0,0.0,-0.07489284876981467,0.21298109953768496,-0.07489284876981467,0.21298109953768496,0.9874565601348877,0.8198434114456177,0.07395343482494354,-0.1746111512184143,1.0,0.0,20.0,1.0,1.1399784088134766,-0.03013385273516178,0.0018188078410597763,0.0,0.0,0.0,0.0,17.53212571144104,17.451977968215942,17.471921682357788,528,8,0000000000000000,0,0,17.49181032180786,1,1,1,1,1,1779078356.4421756
17.551274347305412,0,s0_stop,0.0,0.0,0.04017385467886925,0.038349706679582596,-0.10062724351882935,14.183256823876455,-1.3259620376507872,0.0,0.0,0.0,-0.021646806510240594,0.9997656804311239,0.6975785697554896,-0.030221943088144593,0.0,0.0,0.0,-0.009749070979478209,0.0,0.0,0.0,0.0,0.0,-0.0747850286549988,0.21300645786641434,-0.0747850286549988,0.21300645786641434,0.9874340295791626,0.8199453949928284,0.0738452821969986,-0.17465366423130035,1.0,0.0,20.0,1.0,1.1402344703674316,-0.032707005739212036,-0.0008392735972706981,0.0,0.0,0.0,0.0,17.53212571144104,17.551972150802612,17.57198190689087,528,8,0000000000000000,0,0,17.591768980026245,1,1,1,1,1,1779078356.5422673
17.601274347305413,0,s0_stop,0.0,0.0,0.022652287036180496,0.007674696389585733,-0.09950356930494308,14.183256823876455,-1.3259620376507872,0.0,0.0,0.0,-0.021646806510240594,0.9997656804311239,0.6975785697554896,-0.030221943088144593,0.0,0.0,0.0,-0.009749070979478209,0.0,0.0,0.0,0.0,0.0,-0.0747850286549988,0.21300645786641434,-0.0747850286549988,0.21300645786641434,0.9874340295791626,0.8199453949928284,0.0738452821969986,-0.17465366423130035,1.0,0.0,20.0,1.0,1.1402344703674316,-0.032707005739212036,-0.0008392735972706981,0.0,0.0,0.0,0.0,17.632017612457275,17.551972150802612,17.57198190689087,528,8,0000000000000000,0,0,17.591768980026245,1,1,1,1,1,1779078356.5422673
17.651274347305414,0,s0_stop,0.0,0.0,0.022652287036180496,0.007674696389585733,-0.09950356930494308,14.18656650083811,-1.32610554878112,0.0,0.0,0.0,-0.02166526666060815,0.9997652805636554,0.66435947925225,-0.02880733706622323,0.0,0.0,0.0,-0.006403114869475216,0.0,0.0,0.0,0.0,0.0,-0.07468634412566434,0.21307682287615698,-0.07468634412566434,0.21307682287615698,0.9873253703117371,0.8199808597564697,0.07373972237110138,-0.1747189164161682,1.0,0.0,20.0,1.0,1.1399214267730713,-0.032855384051799774,0.0005035115048191825,0.0,0.0,0.0,0.0,17.632017612457275,17.652031898498535,17.67182230949402,528,8,0000000000000000,0,0,17.69191288948059,1,1,1,1,1,1779078356.6420276
17.701274347305414,0,s0_stop,0.0,0.0,0.007207282818853855,-0.009617027826607227,-0.09939103573560715,14.18656650083811,-1.32610554878112,0.0,0.0,0.0,-0.02166526666060815,0.9997652805636554,0.66435947925225,-0.02880733706622323,0.0,0.0,0.0,-0.006403114869475216,0.0,0.0,0.0,0.0,0.0,-0.07468634412566434,0.21307682287615698,-0.07468634412566434,0.21307682287615698,0.9873253703117371,0.8199808597564697,0.07373972237110138,-0.1747189164161682,1.0,0.0,20.0,1.0,1.1399214267730713,-0.032855384051799774,0.0005035115048191825,0.0,0.0,0.0,0.0,17.732038259506226,17.652031898498535,17.67182230949402,528,8,0000000000000000,0,0,17.69191288948059,1,1,1,1,1,1779078356.6420276
17.751274347305415,0,s0_stop,0.0,0.0,0.007207282818853855,-0.009617027826607227,-0.09939103573560715,14.192253132662593,-1.3263521603668187,0.0,0.0,0.0,-0.02166817542200857,0.9997652175255354,0.6311413460335963,-0.0273706427546791,0.0,0.0,0.0,0.007409200346023895,0.0,0.0,0.0,0.0,0.0,-0.0746629687390673,0.21308946266488404,-0.0746629687390673,0.21308946266488404,0.9873159527778625,0.8199911713600159,0.073715940117836,-0.17473147809505463,1.0,0.0,20.0,1.0,1.1398820877075195,-0.025741038843989372,0.00015785914173942583,0.0,0.0,0.0,0.0,17.732038259506226,17.752089262008667,17.771806001663208,528,8,0000000000000000,0,0,17.79175877571106,1,1,1,1,1,1779078356.742076
17.801274347305416,0,s0_stop,0.0,0.0,-0.0036037929821759462,-0.021361684426665306,-0.09904974699020386,14.192253132662593,-1.3263521603668187,0.0,0.0,0.0,-0.02166817542200857,0.9997652175255354,0.6311413460335963,-0.0273706427546791,0.0,0.0,0.0,0.007409200346023895,0.0,0.0,0.0,0.0,0.0,-0.0746629687390673,0.21308946266488404,-0.0746629687390673,0.21308946266488404,0.9873159527778625,0.8199911713600159,0.073715940117836,-0.17473147809505463,1.0,0.0,20.0,1.0,1.1398820877075195,-0.025741038843989372,0.00015785914173942583,0.0,0.0,0.0,0.0,17.832144021987915,17.752089262008667,17.771806001663208,528,8,0000000000000000,0,0,17.79175877571106,1,1,1,1,1,1779078356.742076
17.851274347305417,0,s0_stop,0.0,0.0,-0.0036037929821759462,-0.021361684426665306,-0.09904974699020386,14.196818814357766,-1.3265496167832391,0.0,0.0,0.0,-0.021608831031349453,0.9997665019500597,0.5846392000240821,-0.025284452365074747,0.0,0.0,0.0,0.014919775381804369,0.0,0.0,0.0,0.0,0.0,-0.074818989467666,0.2130581196688083,-0.074818989467666,0.2130581196688083,0.9874861240386963,0.8197859525680542,0.07388271391391754,-0.1746620535850525,1.0,0.0,20.0,1.0,1.140162467956543,-0.025439130142331123,-0.0009142622181990919,0.0,0.0,0.0,0.0,17.832144021987915,17.852002382278442,17.872150897979736,528,8,0000000000000000,0,0,17.891857624053955,1,1,1,1,1,1779078356.8420203
17.901274347305417,0,s0_stop,0.0,0.0,-0.0096198171377182,-0.029694683849811554,-0.09910754859447479,14.196818814357766,-1.3265496167832391,0.0,0.0,0.0,-0.021608831031349453,0.9997665019500597,0.5846392000240821,-0.025284452365074747,0.0,0.0,0.0,0.014919775381804369,0.0,0.0,0.0,0.0,0.0,-0.074818989467666,0.2130581196688083,-0.074818989467666,0.2130581196688083,0.9874861240386963,0.8197859525680542,0.07388271391391754,-0.1746620535850525,1.0,0.0,20.0,1.0,1.140162467956543,-0.025439130142331123,-0.0009142622181990919,0.0,0.0,0.0,0.0,17.932359218597412,17.852002382278442,17.872150897979736,528,8,0000000000000000,0,0,17.891857624053955,1,1,1,1,1,1779078356.8420203
17.951274347305418,0,s0_stop,0.0,0.0,-0.0096198171377182,-0.029694683849811554,-0.09910754859447479,14.201285453729072,-1.326742280349422,0.0,0.0,0.0,-0.021551919700210965,0.9997677304040352,0.5447801152003912,-0.023498489816365736,0.0,0.0,0.0,0.013721798647294663,0.0,0.0,0.0,0.0,0.0,-0.07470311982843356,0.21307686877991733,-0.07470311982843356,0.21307686877991733,0.9874071478843689,0.8199362754821777,0.07376239448785782,-0.17470945417881012,1.0,0.0,20.0,1.0,1.1403486728668213,-0.029067428782582283,-0.001892769235622553,0.0,0.0,0.0,0.0,17.932359218597412,17.9520103931427,17.971909284591675,528,8,0000000000000000,0,0,17.991812467575073,1,1,1,1,1,1779078356.942549
