timestamp,state,segment,cmd_ideal_v,cmd_ideal_omega,vn_body_vx,vn_body_vy,vn_body_vz,odom_pose_x,odom_pose_y,odom_pose_z,odom_qx,odom_qy,odom_qz,odom_qw,odom_linear_x,odom_linear_y,odom_linear_z,odom_angular_x,odom_angular_y,odom_omega_z,controller_controller_state,controller_base_v,controller_base_omega,controller_applied_v,controller_applied_omega,controller_model_corrected_v,controller_model_corrected_omega,controller_delta_v,controller_delta_omega,controller_a_v,controller_a_omega,controller_b_v,controller_b_omega,controller_used_model_estimate,controller_used_model_applied,controller_history_len,controller_history_ready,controller_history_span_sec,controller_latest_meas_v,controller_latest_meas_omega,controller_right_rpm,controller_left_rpm,controller_can_right_rpm,controller_can_left_rpm,velocity_timestamp,odom_timestamp,can_timestamp,can_id,can_dlc,can_data_hex,can_right_rpm,can_left_rpm,debug_timestamp,valid_cmd,valid_velocity_body,valid_odom,valid_can,valid_debug,controller_node_time_sec
0.0012087821960449219,0,forward_2mps,2.0,0.0,-0.018238112330436707,0.03727531433105469,0.19500137865543365,,,,,,,,,,,,,,nan,nan,nan,nan,nan,nan,nan,nan,nan,nan,nan,nan,nan,nan,nan,nan,nan,nan,nan,nan,nan,nan,nan,nan,0.04196333885192871,,0.06177568435668945,528,8,0000000000000000,0,0,nan,1,1,0,1,0,nan
0.051208782196044925,0,forward_2mps,2.0,0.0,-0.018238112330436707,0.03727531433105469,0.19500137865543365,,,,,,,,,,,,,,0.0,2.0,0.0,2.0,0.0,2.0,0.0,0.0,0.0,1.0,1.0,0.0,0.0,0.0,0.0,20.0,0.0,31.236470460891724,-0.013030663132667542,-0.001206576528233236,165.42088573330858,165.42088573330858,165.0,165.0,0.04196333885192871,,0.06177568435668945,528,8,0000000000000000,0,0,0.0817263126373291,1,1,0,1,1,1779092624.1085212
0.10120878219604493,0,forward_2mps,2.0,0.0,-0.018567105755209923,0.03725138679146767,0.19548478722572327,96.03459224013486,-8.122820421322205,0.0,0.0,0.0,0.9963971029332668,0.08481045493447771,-0.0,0.0,0.0,0.0,0.0,0.014025706872291651,0.0,2.0,0.0,2.0,0.0,2.0,0.0,0.0,0.0,1.0,1.0,0.0,0.0,0.0,0.0,20.0,0.0,31.236470460891724,-0.013030663132667542,-0.001206576528233236,165.42088573330858,165.42088573330858,165.0,165.0,0.12195730209350586,0.14192438125610352,0.06177568435668945,528,8,0000000000000000,0,0,0.0817263126373291,1,1,1,1,1,1779092624.1085212
0.15120878219604494,0,forward_2mps,2.0,0.0,-0.018567105755209923,0.03725138679146767,0.19548478722572327,96.03459224013486,-8.122820421322205,0.0,0.0,0.0,0.9963971029332668,0.08481045493447771,-0.0,0.0,0.0,0.0,0.0,0.014025706872291651,0.0,2.0,0.0,2.0,0.0,2.0,0.0,0.0,0.0,1.0,1.0,0.0,0.0,0.0,0.0,20.0,0.0,31.236470460891724,-0.013030663132667542,-0.001206576528233236,165.42088573330858,165.42088573330858,165.0,165.0,0.12195730209350586,0.14192438125610352,0.16172242164611816,528,8,a5000000a5000000,165,165,0.18164920806884766,1,1,1,1,1,1779092624.1282706
0.20120878219604493,0,forward_2mps,2.0,0.0,0.033166006207466125,0.03590734302997589,0.2019500732421875,96.03459224013486,-8.122820421322205,0.0,0.0,0.0,0.9964139974640497,0.0846117347518232,-0.0,0.0,0.0,0.0,0.0,-0.0793205346508488,0.0,2.0,0.0,2.0,0.0,2.0,0.0,0.0,0.0,1.0,1.0,0.0,0.0,0.0,0.0,20.0,0.0,31.236470460891724,-0.013030663132667542,-0.001206576528233236,165.42088573330858,165.42088573330858,165.0,165.0,0.2219386100769043,0.24189305305480957,0.16172242164611816,528,8,a5000000a5000000,165,165,0.18164920806884766,1,1,1,1,1,1779092624.1282706
0.2512087821960449,0,forward_2mps,2.0,0.0,0.033166006207466125,0.03590734302997589,0.2019500732421875,96.03459224013486,-8.122820421322205,0.0,0.0,0.0,0.9964139974640497,0.0846117347518232,-0.0,0.0,0.0,0.0,0.0,-0.0793205346508488,0.0,2.0,0.0,2.0,0.0,2.0,0.0,0.0,0.0,1.0,1.0,0.0,0.0,0.0,0.0,20.0,0.0,31.236470460891724,-0.018238112330436707,-0.001206576528233236,165.42088573330858,165.42088573330858,165.0,165.0,0.2219386100769043,0.24189305305480957,0.26178741455078125,528,8,a5000000a5000000,165,165,0.2817099094390869,1,1,1,1,1,1779092624.1482463
0.3012087821960449,0,forward_2mps,2.0,0.0,0.05652717128396034,0.03333934769034386,0.1960666924715042,96.03459224013486,-8.122820421322205,0.0,0.0,0.0,0.996309769357159,0.085830317973806,-0.0,0.0,0.0,0.0,0.0,0.01831150930471818,0.0,2.0,0.0,2.0,0.0,2.0,0.0,0.0,0.0,1.0,1.0,0.0,0.0,0.0,0.0,20.0,0.0,31.236470460891724,-0.018238112330436707,-0.001206576528233236,165.42088573330858,165.42088573330858,165.0,165.0,0.32201099395751953,0.34197235107421875,0.26178741455078125,528,8,a5000000a5000000,165,165,0.2817099094390869,1,1,1,1,1,1779092624.1482463
0.3512087821960449,0,forward_2mps,2.0,0.0,0.05652717128396034,0.03333934769034386,0.1960666924715042,96.03459224013486,-8.122820421322205,0.0,0.0,0.0,0.996309769357159,0.085830317973806,-0.0,0.0,0.0,0.0,0.0,0.01831150930471818,0.0,2.0,0.0,2.0,0.0,2.0,0.0,0.0,0.0,1.0,1.0,0.0,0.0,0.0,0.0,20.0,0.0,31.245521783828735,-0.018238112330436707,-0.001206576528233236,165.42088573330858,165.42088573330858,165.0,165.0,0.32201099395751953,0.34197235107421875,0.36180925369262695,528,8,a5000000a5000000,165,165,0.3816568851470947,1,1,1,1,1,1779092624.1684384
0.4012087821960449,0,forward_2mps,2.0,0.0,0.04897408187389374,0.04543926566839218,0.2038497030735016,96.03459224013486,-8.122820421322205,0.0,0.0,0.0,0.9963271455877736,0.08562837710081553,-0.0,0.0,0.0,0.0,0.0,-0.06540657972333254,0.0,2.0,0.0,2.0,0.0,2.0,0.0,0.0,0.0,1.0,1.0,0.0,0.0,0.0,0.0,20.0,0.0,31.245521783828735,-0.018238112330436707,-0.001206576528233236,165.42088573330858,165.42088573330858,165.0,165.0,0.4222431182861328,0.442033052444458,0.36180925369262695,528,8,a5000000a5000000,165,165,0.3816568851470947,1,1,1,1,1,1779092624.1684384
0.4512087821960449,0,forward_2mps,2.0,0.0,0.04897408187389374,0.04543926566839218,0.2038497030735016,96.03459224013486,-8.122820421322205,0.0,0.0,0.0,0.9963271455877736,0.08562837710081553,-0.0,0.0,0.0,0.0,0.0,-0.06540657972333254,0.0,2.0,0.0,2.0,0.0,2.0,0.0,0.0,0.0,1.0,1.0,0.0,0.0,0.0,0.0,20.0,0.0,31.245521783828735,-0.018567105755209923,0.014025706872291651,165.42088573330858,165.42088573330858,165.0,165.0,0.4222431182861328,0.442033052444458,0.4619314670562744,528,8,a5000000a5000000,165,165,0.4816749095916748,1,1,1,1,1,1779092624.1880684
0.5012087821960449,0,forward_2mps,2.0,0.0,0.06949414312839508,0.01860162429511547,0.20305313169956207,96.03459224013486,-8.122820421322205,0.0,0.0,0.0,0.9960435967930793,0.08886592872133657,-0.0,0.0,0.0,0.0,0.0,0.03858677886351478,0.0,2.0,0.0,2.0,0.0,2.0,0.0,0.0,0.0,1.0,1.0,0.0,0.0,0.0,0.0,20.0,0.0,31.245521783828735,-0.018567105755209923,0.014025706872291651,165.42088573330858,165.42088573330858,165.0,165.0,0.522336483001709,0.5419044494628906,0.4619314670562744,528,8,a5000000a5000000,165,165,0.4816749095916748,1,1,1,1,1,1779092624.1880684
0.551208782196045,0,forward_2mps,2.0,0.0,0.06949414312839508,0.01860162429511547,0.20305313169956207,96.03459224013486,-8.122820421322205,0.0,0.0,0.0,0.9960435967930793,0.08886592872133657,-0.0,0.0,0.0,0.0,0.0,0.03858677886351478,0.0,2.0,0.0,2.0,0.0,2.0,0.0,0.0,0.0,1.0,1.0,0.0,0.0,0.0,0.0,20.0,0.0,31.245521783828735,-0.018567105755209923,0.014025706872291651,165.42088573330858,165.42088573330858,165.0,165.0,0.522336483001709,0.5419044494628906,0.5618321895599365,528,8,a5000000a5000000,165,165,0.5816502571105957,1,1,1,1,1,1779092624.2084222
0.601208782196045,0,forward_2mps,2.0,0.0,0.08655119687318802,0.042816564440727234,0.20408537983894348,96.03050350670456,-8.122089588352244,0.0,0.0,0.0,0.9960919419667793,0.08832238192468773,-0.15710613039485954,0.028081639909461366,0.0,0.0,0.0,0.04374307356593552,0.0,2.0,0.0,2.0,0.0,2.0,0.0,0.0,0.0,1.0,1.0,0.0,0.0,0.0,0.0,20.0,0.0,31.245521783828735,-0.018567105755209923,0.014025706872291651,165.42088573330858,165.42088573330858,165.0,165.0,0.6220247745513916,0.6419312953948975,0.5618321895599365,528,8,a5000000a5000000,165,165,0.5816502571105957,1,1,1,1,1,1779092624.2084222
0.651208782196045,0,forward_2mps,2.0,0.0,0.08655119687318802,0.042816564440727234,0.20408537983894348,96.03050350670456,-8.122089588352244,0.0,0.0,0.0,0.9960919419667793,0.08832238192468773,-0.15710613039485954,0.028081639909461366,0.0,0.0,0.0,0.04374307356593552,0.0,2.0,0.0,2.0,0.0,2.0,0.0,0.0,0.0,1.0,1.0,0.0,0.0,0.0,0.0,20.0,0.0,31.244574785232544,-0.018567105755209923,0.014025706872291651,165.42088573330858,165.42088573330858,165.0,165.0,0.6220247745513916,0.6419312953948975,0.6618077754974365,528,8,a5000000a5000000,165,165,0.681757926940918,1,1,1,1,1,1779092624.2281752
0.7012087821960451,0,forward_2mps,2.0,0.0,0.10678540170192719,0.03946906700730324,0.19945713877677917,96.02857196572178,-8.12174488583911,0.0,0.0,0.0,0.9961040554421409,0.08818566057880627,-0.32077407626797444,0.05724529338157066,0.0,0.0,0.0,0.05075364863501148,0.0,2.0,0.0,2.0,0.0,2.0,0.0,0.0,0.0,1.0,1.0,0.0,0.0,0.0,0.0,20.0,0.0,31.244574785232544,-0.018567105755209923,0.014025706872291651,165.42088573330858,165.42088573330858,165.0,165.0,0.7220525741577148,0.7419121265411377,0.6618077754974365,528,8,a5000000a5000000,165,165,0.681757926940918,1,1,1,1,1,1779092624.2281752
0.7512087821960451,0,forward_2mps,2.0,0.0,0.10678540170192719,0.03946906700730324,0.19945713877677917,96.02857196572178,-8.12174488583911,0.0,0.0,0.0,0.9961040554421409,0.08818566057880627,-0.32077407626797444,0.05724529338157066,0.0,0.0,0.0,0.05075364863501148,0.0,2.0,0.0,2.0,0.0,2.0,0.0,0.0,0.0,1.0,1.0,0.0,0.0,0.0,0.0,20.0,0.0,31.244574785232544,0.033166006207466125,0.014025706872291651,165.42088573330858,165.42088573330858,165.0,165.0,0.7220525741577148,0.7419121265411377,0.7617809772491455,528,8,a5000000a5000000,165,165,0.7817227840423584,1,1,1,1,1,1779092624.248332
0.8012087821960452,0,forward_2mps,2.0,0.0,0.15577244758605957,0.0022538192570209503,0.2018357813358307,96.02101109293143,-8.120403387933688,0.0,0.0,0.0,0.9961481026512199,0.08768670129714462,-0.36011672444465914,0.0638941885342691,0.0,0.0,0.0,0.06142156965197444,0.0,2.0,0.0,2.0,0.0,2.0,0.0,0.0,0.0,1.0,1.0,0.0,0.0,0.0,0.0,20.0,0.0,31.244574785232544,0.033166006207466125,0.014025706872291651,165.42088573330858,165.42088573330858,165.0,165.0,0.8220601081848145,0.8419070243835449,0.7617809772491455,528,8,a5000000a5000000,165,165,0.7817227840423584,1,1,1,1,1,1779092624.248332
0.8512087821960452,0,forward_2mps,2.0,0.0,0.15577244758605957,0.0022538192570209503,0.2018357813358307,96.02101109293143,-8.120403387933688,0.0,0.0,0.0,0.9961481026512199,0.08768670129714462,-0.36011672444465914,0.0638941885342691,0.0,0.0,0.0,0.06142156965197444,0.0,2.0,0.0,2.0,0.0,2.0,0.0,0.0,0.0,1.0,1.0,0.0,0.0,0.0,0.0,20.0,0.0,31.244574785232544,0.033166006207466125,0.014025706872291651,165.42088573330858,165.42088573330858,165.0,165.0,0.8220601081848145,0.8419070243835449,0.8617551326751709,528,8,a5000000a5000000,165,165,0.8816349506378174,1,1,1,1,1,1779092624.2681904
0.9012087821960453,0,forward_2mps,2.0,0.0,0.22474782168865204,0.041730813682079315,0.19890965521335602,96.01270684057597,-8.118939321984897,0.0,0.0,0.0,0.9961957046969862,0.08714423643176382,-0.41257680310210554,0.07273859497856688,0.0,0.0,0.0,0.04278514407882908,0.0,2.0,0.0,2.0,0.0,2.0,0.0,0.0,0.0,1.0,1.0,0.0,0.0,0.0,0.0,20.0,0.0,31.244574785232544,0.033166006207466125,0.014025706872291651,165.42088573330858,165.42088573330858,165.0,165.0,0.9221413135528564,0.9419600963592529,0.8617551326751709,528,8,a5000000a5000000,165,165,0.8816349506378174,1,1,1,1,1,1779092624.2681904
0.9512087821960453,0,forward_2mps,2.0,0.0,0.22474782168865204,0.041730813682079315,0.19890965521335602,96.01270684057597,-8.118939321984897,0.0,0.0,0.0,0.9961957046969862,0.08714423643176382,-0.41257680310210554,0.07273859497856688,0.0,0.0,0.0,0.04278514407882908,0.0,2.0,0.0,2.0,0.0,2.0,0.0,0.0,0.0,1.0,1.0,0.0,0.0,0.0,0.0,20.0,0.0,31.25424361228943,0.05652717128396034,-0.0793205346508488,165.42088573330858,165.42088573330858,165.0,165.0,0.9221413135528564,0.9419600963592529,0.9618146419525146,528,8,a5000000a5000000,165,165,0.9816739559173584,1,1,1,1,1,1779092624.28841
1.0012087821960454,0,forward_2mps,2.0,0.0,0.2990696132183075,0.03131923824548721,0.21439781785011292,96.00429978530559,-8.117458919755768,0.0,0.0,0.0,0.9962056570059428,0.0870303909525741,-0.37984790809171903,0.06687887458019788,0.0,0.0,0.0,0.0011616571632449973,0.0,2.0,0.0,2.0,0.0,2.0,0.0,0.0,0.0,1.0,1.0,0.0,0.0,0.0,0.0,20.0,0.0,31.25424361228943,0.05652717128396034,-0.0793205346508488,165.42088573330858,165.42088573330858,165.0,165.0,1.0219883918762207,1.041919469833374,0.9618146419525146,528,8,a5000000a5000000,165,165,0.9816739559173584,1,1,1,1,1,1779092624.28841
1.0512087821960454,0,forward_2mps,2.0,0.0,0.2990696132183075,0.03131923824548721,0.21439781785011292,96.00429978530559,-8.117458919755768,0.0,0.0,0.0,0.9962056570059428,0.0870303909525741,-0.37984790809171903,0.06687887458019788,0.0,0.0,0.0,0.0011616571632449973,0.0,2.0,0.0,2.0,0.0,2.0,0.0,0.0,0.0,1.0,1.0,0.0,0.0,0.0,0.0,20.0,0.0,31.25424361228943,0.05652717128396034,-0.0793205346508488,165.42088573330858,165.42088573330858,165.0,165.0,1.0219883918762207,1.041919469833374,1.0617523193359375,528,8,a5000000a5000000,165,165,1.0816688537597656,1,1,1,1,1,1779092624.3087811
1.1012087821960455,0,forward_2mps,2.0,0.0,0.3559856116771698,0.03160487487912178,0.20428845286369324,95.95756220160933,-8.109061265520968,0.0,0.0,0.0,0.9959456669293065,0.08995681477652928,-0.5102926479835033,0.09294057248344745,0.0,0.0,0.0,-0.020927221551101917,0.0,2.0,0.0,2.0,0.0,2.0,0.0,0.0,0.0,1.0,1.0,0.0,0.0,0.0,0.0,20.0,0.0,31.25424361228943,0.05652717128396034,-0.0793205346508488,165.42088573330858,165.42088573330858,165.0,165.0,1.1220345497131348,1.1418838500976562,1.0617523193359375,528,8,a5000000a5000000,165,165,1.0816688537597656,1,1,1,1,1,1779092624.3087811
1.1512087821960455,0,forward_2mps,2.0,0.0,0.3559856116771698,0.03160487487912178,0.20428845286369324,95.95756220160933,-8.109061265520968,0.0,0.0,0.0,0.9959456669293065,0.08995681477652928,-0.5102926479835033,0.09294057248344745,0.0,0.0,0.0,-0.020927221551101917,0.0,2.0,0.0,2.0,0.0,2.0,0.0,0.0,0.0,1.0,1.0,0.0,0.0,0.0,0.0,20.0,0.0,31.25424361228943,0.05652717128396034,-0.0793205346508488,165.42088573330858,165.42088573330858,165.0,165.0,1.1220345497131348,1.1418838500976562,1.1629178524017334,528,8,a5000000a5000000,165,165,1.1816716194152832,1,1,1,1,1,1779092624.328278
1.2012087821960455,0,forward_2mps,2.0,0.0,0.39070549607276917,0.03313882648944855,0.20615550875663757,95.89688229145813,-8.097980032044012,0.0,0.0,0.0,0.9958668007785106,0.09082574033375274,-0.5232099388168177,0.09623680866305415,0.0,0.0,0.0,-0.05269021029739788,0.0,2.0,0.0,2.0,0.0,2.0,0.0,0.0,0.0,1.0,1.0,0.0,0.0,0.0,0.0,20.0,0.0,31.25424361228943,0.05652717128396034,-0.0793205346508488,165.42088573330858,165.42088573330858,165.0,165.0,1.2220075130462646,1.2419092655181885,1.1629178524017334,528,8,a5000000a5000000,165,165,1.1816716194152832,1,1,1,1,1,1779092624.328278
1.2512087821960456,0,forward_2mps,2.0,0.0,0.39070549607276917,0.03313882648944855,0.20615550875663757,95.89688229145813,-8.097980032044012,0.0,0.0,0.0,0.9958668007785106,0.09082574033375274,-0.5232099388168177,0.09623680866305415,0.0,0.0,0.0,-0.05269021029739788,0.0,2.0,0.0,2.0,0.0,2.0,0.0,0.0,0.0,1.0,1.0,0.0,0.0,0.0,0.0,20.0,0.0,31.26408886909485,0.06949414312839508,0.01831150930471818,165.42088573330858,165.42088573330858,165.0,165.0,1.2220075130462646,1.2419092655181885,1.2618014812469482,528,8,a5000000a5000000,165,165,1.2816379070281982,1,1,1,1,1,1779092624.3881214
1.3012087821960456,0,forward_2mps,2.0,0.0,0.44139355421066284,0.022090837359428406,0.1981484442949295,95.8067852452807,-8.080914450614895,0.0,0.0,0.0,0.995439016728921,0.09540002082682678,-0.5549475683896022,0.10735519845336579,0.0,0.0,0.0,-0.04461367729229815,0.0,2.0,0.0,2.0,0.0,2.0,0.0,0.0,0.0,1.0,1.0,0.0,0.0,0.0,0.0,20.0,0.0,31.26408886909485,0.06949414312839508,0.01831150930471818,165.42088573330858,165.42088573330858,165.0,165.0,1.3221368789672852,1.341996192932129,1.2618014812469482,528,8,a5000000a5000000,165,165,1.2816379070281982,1,1,1,1,1,1779092624.3881214
1.3512087821960457,0,forward_2mps,2.0,0.0,0.44139355421066284,0.022090837359428406,0.1981484442949295,95.8067852452807,-8.080914450614895,0.0,0.0,0.0,0.995439016728921,0.09540002082682678,-0.5549475683896022,0.10735519845336579,0.0,0.0,0.0,-0.04461367729229815,0.0,2.0,0.0,2.0,0.0,2.0,0.0,0.0,0.0,1.0,1.0,0.0,0.0,0.0,0.0,20.0,0.0,31.282658100128174,0.10678540170192719,-0.06540657972333254,165.42088573330858,165.42088573330858,165.0,165.0,1.3221368789672852,1.341996192932129,1.36175537109375,528,8,a5000000a5000000,165,165,1.3816845417022705,1,1,1,1,1,1779092624.4879801
1.4012087821960457,0,forward_2mps,2.0,0.0,0.4737642705440521,0.03449433296918869,0.20857201516628265,95.7123579623357,-8.062030737212853,0.0,0.0,0.0,0.9948583593986678,0.10127608174979462,-0.579694802201475,0.11926120018191934,0.0,0.0,0.0,-0.06370159421343638,0.0,2.0,0.0,2.0,0.0,2.0,0.0,0.0,0.0,1.0,1.0,0.0,0.0,0.0,0.0,20.0,0.0,31.282658100128174,0.10678540170192719,-0.06540657972333254,165.42088573330858,165.42088573330858,165.0,165.0,1.422060489654541,1.4419045448303223,1.36175537109375,528,8,a5000000a5000000,165,165,1.3816845417022705,1,1,1,1,1,1779092624.4879801
1.4512087821960458,0,forward_2mps,2.0,0.0,0.4737642705440521,0.03449433296918869,0.20857201516628265,95.7123579623357,-8.062030737212853,0.0,0.0,0.0,0.9948583593986678,0.10127608174979462,-0.579694802201475,0.11926120018191934,0.0,0.0,0.0,-0.06370159421343638,0.0,2.0,0.0,2.0,0.0,2.0,0.0,0.0,0.0,1.0,1.0,0.0,0.0,0.0,0.0,20.0,0.0,31.269792795181274,0.22474782168865204,0.03858677886351478,165.42088573330858,165.42088573330858,165.0,165.0,1.422060489654541,1.4419045448303223,1.4618744850158691,528,8,a5000000a5000000,165,165,1.48164701461792,1,1,1,1,1,1779092624.5884469
1.5012087821960458,0,forward_2mps,2.0,0.0,0.5118622183799744,0.027468543499708176,0.20817050337791443,95.62631414437628,-8.044259899634762,0.0,0.0,0.0,0.9948994625065533,0.10087149995995652,-0.7100818582285132,0.14548398811581645,0.0,0.0,0.0,0.018867934844176544,0.0,2.0,0.0,2.0,0.0,2.0,0.0,0.0,0.0,1.0,1.0,0.0,0.0,0.0,0.0,20.0,0.0,31.269792795181274,0.22474782168865204,0.03858677886351478,165.42088573330858,165.42088573330858,165.0,165.0,1.522068977355957,1.541954755783081,1.4618744850158691,528,8,a5000000a5000000,165,165,1.48164701461792,1,1,1,1,1,1779092624.5884469
1.5512087821960459,0,forward_2mps,2.0,0.0,0.5118622183799744,0.027468543499708176,0.20817050337791443,95.62631414437628,-8.044259899634762,0.0,0.0,0.0,0.9948994625065533,0.10087149995995652,-0.7100818582285132,0.14548398811581645,0.0,0.0,0.0,0.018867934844176544,0.0,2.0,0.0,2.0,0.0,2.0,0.0,0.0,0.0,1.0,1.0,0.0,0.0,0.0,0.0,20.0,0.0,31.278984785079956,0.3559856116771698,-0.01228448397248623,165.42088573330858,165.42088573330858,165.0,165.0,1.522068977355957,1.541954755783081,1.5617761611938477,528,8,a5000000a5000000,165,165,1.5817077159881592,1,1,1,1,1,1779092624.6879826
1.601208782196046,0,forward_2mps,2.0,0.0,0.5301188230514526,0.0056844428181648254,0.20635223388671875,95.56931370679199,-8.03248258835873,0.0,0.0,0.0,0.9947009137614666,0.1028109535122752,-0.7811110385869521,0.16321278469805883,0.0,0.0,0.0,-0.07939655831007311,0.0,2.0,0.0,2.0,0.0,2.0,0.0,0.0,0.0,1.0,1.0,0.0,0.0,0.0,0.0,20.0,0.0,31.278984785079956,0.3559856116771698,-0.01228448397248623,165.42088573330858,165.42088573330858,165.0,165.0,1.6220877170562744,1.6419110298156738,1.5617761611938477,528,8,a5000000a5000000,165,165,1.5817077159881592,1,1,1,1,1,1779092624.6879826
1.651208782196046,0,forward_2mps,2.0,0.0,0.5301188230514526,0.0056844428181648254,0.20635223388671875,95.56931370679199,-8.03248258835873,0.0,0.0,0.0,0.9947009137614666,0.1028109535122752,-0.7811110385869521,0.16321278469805883,0.0,0.0,0.0,-0.07939655831007311,0.0,2.0,0.0,2.0,0.0,2.0,0.0,0.0,0.0,1.0,1.0,0.0,0.0,0.0,0.0,20.0,0.0,31.29779028892517,0.44139355421066284,-0.03292912890403195,165.42088573330858,165.42088573330858,165.0,165.0,1.6220877170562744,1.6419110298156738,1.661733865737915,528,8,a5000000a5000000,165,165,1.6817383766174316,1,1,1,1,1,1779092624.788074
1.701208782196046,0,forward_2mps,2.0,0.0,0.5444786548614502,0.011216484941542149,0.20932519435882568,95.53872562146582,-8.026054133255721,0.0,0.0,0.0,0.99460935789786,0.10369293699190206,-0.8523955611871548,0.17968591561920855,0.0,0.0,0.0,-0.02639934132310296,0.0,2.0,0.0,2.0,0.0,2.0,0.0,0.0,0.0,1.0,1.0,0.0,0.0,0.0,0.0,20.0,0.0,31.29779028892517,0.44139355421066284,-0.03292912890403195,165.42088573330858,165.42088573330858,165.0,165.0,1.7220125198364258,1.7419216632843018,1.661733865737915,528,8,a5000000a5000000,165,165,1.6817383766174316,1,1,1,1,1,1779092624.788074
1.751208782196046,0,forward_2mps,2.0,0.0,0.5444786548614502,0.011216484941542149,0.20932519435882568,95.53872562146582,-8.026054133255721,0.0,0.0,0.0,0.99460935789786,0.10369293699190206,-0.8523955611871548,0.17968591561920855,0.0,0.0,0.0,-0.02639934132310296,0.0,2.0,0.0,2.0,0.0,2.0,0.0,0.0,0.0,1.0,1.0,0.0,0.0,0.0,0.0,20.0,0.0,31.316826820373535,0.5118622183799744,-0.03907397802327636,165.42088573330858,165.42088573330858,165.0,165.0,1.7220125198364258,1.7419216632843018,1.761805772781372,528,8,a5000000a5000000,165,165,1.7816519737243652,1,1,1,1,1,1779092624.8883605
1.801208782196046,0,forward_2mps,2.0,0.0,0.5454457998275757,0.011128115467727184,0.2112436145544052,95.51134407466914,-8.020281902300292,0.0,0.0,0.0,0.9946200575974895,0.10359025545275294,-0.9435323155101933,0.1986941789667686,0.0,0.0,0.0,0.03571920474047937,0.0,2.0,0.0,2.0,0.0,2.0,0.0,0.0,0.0,1.0,1.0,0.0,0.0,0.0,0.0,20.0,0.0,31.316826820373535,0.5118622183799744,-0.03907397802327636,165.42088573330858,165.42088573330858,165.0,165.0,1.8220977783203125,1.841928243637085,1.761805772781372,528,8,a5000000a5000000,165,165,1.7816519737243652,1,1,1,1,1,1779092624.8883605
1.8512087821960461,0,forward_2mps,2.0,0.0,0.5454457998275757,0.011128115467727184,0.2112436145544052,95.51134407466914,-8.020281902300292,0.0,0.0,0.0,0.9946200575974895,0.10359025545275294,-0.9435323155101933,0.1986941789667686,0.0,0.0,0.0,0.03571920474047937,0.0,2.0,0.0,2.0,0.0,2.0,0.0,0.0,0.0,1.0,1.0,0.0,0.0,0.0,0.0,20.0,0.0,31.327337980270386,0.5444786548614502,-0.051489808089853706,165.42088573330858,165.42088573330858,165.0,165.0,1.8220977783203125,1.841928243637085,1.8624277114868164,528,8,a5000000a5000000,165,165,1.8817105293273926,1,1,1,1,1,1779092624.9880705
1.9012087821960462,0,forward_2mps,2.0,0.0,0.5448077321052551,0.007704827468842268,0.20180317759513855,95.47937380886019,-8.013586918580712,0.0,0.0,0.0,0.9947264073559473,0.10256400201206013,-1.0285694429443728,0.21438614629866806,0.0,0.0,0.0,0.08301821864858105,0.0,2.0,0.0,2.0,0.0,2.0,0.0,0.0,0.0,1.0,1.0,0.0,0.0,0.0,0.0,20.0,0.0,31.327337980270386,0.5444786548614502,-0.051489808089853706,165.42088573330858,165.42088573330858,165.0,165.0,1.9219539165496826,1.9419751167297363,1.8624277114868164,528,8,a5000000a5000000,165,165,1.8817105293273926,1,1,1,1,1,1779092624.9880705
1.9512087821960462,0,forward_2mps,2.0,0.0,0.5448077321052551,0.007704827468842268,0.20180317759513855,95.47937380886019,-8.013586918580712,0.0,0.0,0.0,0.9947264073559473,0.10256400201206013,-1.0285694429443728,0.21438614629866806,0.0,0.0,0.0,0.08301821864858105,0.0,2.0,0.0,2.0,0.0,2.0,0.0,0.0,0.0,1.0,1.0,0.0,0.0,0.0,0.0,20.0,0.0,31.34322762489319,0.5448077321052551,-0.06693495666115741,165.42088573330858,165.42088573330858,165.0,165.0,1.9219539165496826,1.9419751167297363,1.9617726802825928,528,8,a5000000a5000000,165,165,1.9816689491271973,1,1,1,1,1,1779092625.088085
2.0012087821960463,0,stop_after_2mps,0.0,0.0,0.5419183373451233,0.006194552406668663,0.20207735896110535,95.4488671428954,-8.007272747182363,0.0,0.0,0.0,0.9948405539330789,0.10145083661618964,-0.9704300818403164,0.20000295236526797,0.0,0.0,0.0,0.05885053948264669,0.0,2.0,0.0,2.0,0.0,2.0,0.0,0.0,0.0,1.0,1.0,0.0,0.0,0.0,0.0,20.0,0.0,31.34322762489319,0.5448077321052551,-0.06693495666115741,165.42088573330858,165.42088573330858,165.0,165.0,2.0231454372406006,2.0429763793945312,1.9617726802825928,528,8,a5000000a5000000,165,165,1.9816689491271973,1,1,1,1,1,1779092625.088085
2.051208782196046,0,stop_after_2mps,0.0,0.0,0.5419183373451233,0.006194552406668663,0.20207735896110535,95.4488671428954,-8.007272747182363,0.0,0.0,0.0,0.9948405539330789,0.10145083661618964,-0.9704300818403164,0.20000295236526797,0.0,0.0,0.0,0.05885053948264669,0.0,2.0,0.0,2.0,0.0,2.0,0.0,0.0,0.0,1.0,1.0,0.0,0.0,0.0,0.0,20.0,0.0,31.339917182922363,0.5398705005645752,-0.07589736448865504,165.42088573330858,165.42088573330858,165.0,165.0,2.0231454372406006,2.0429763793945312,2.0628459453582764,528,8,a5000000a5000000,165,165,2.0827696323394775,1,1,1,1,1,1779092625.1879723
2.101208782196046,0,stop_after_2mps,0.0,0.0,0.5398705005645752,0.0065114060416817665,0.2074478715658188,95.40340594728298,-7.997954337909027,0.0,0.0,0.0,0.9949175416762721,0.10069302490661108,-1.0163385814139172,0.20785099068277846,0.0,0.0,0.0,0.0006882043240266575,0.0,2.0,0.0,2.0,0.0,2.0,0.0,0.0,0.0,1.0,1.0,0.0,0.0,0.0,0.0,20.0,0.0,31.339917182922363,0.5398705005645752,-0.07589736448865504,165.42088573330858,165.42088573330858,165.0,165.0,2.1230905055999756,2.142965316772461,2.0628459453582764,528,8,a5000000a5000000,165,165,2.0827696323394775,1,1,1,1,1,1779092625.1879723
2.1512087821960457,0,stop_after_2mps,0.0,0.0,0.5398705005645752,0.0065114060416817665,0.2074478715658188,95.40340594728298,-7.997954337909027,0.0,0.0,0.0,0.9949175416762721,0.10069302490661108,-1.0163385814139172,0.20785099068277846,0.0,0.0,0.0,0.0006882043240266575,0.0,2.0,0.0,2.0,0.0,2.4535715365935133,0.03753246082657293,0.45357153659351335,0.03753246082657293,0.8867925405502319,0.7679227590560913,-0.17580893635749817,-0.028822030872106552,1.0,0.0,20.0,1.0,1.139756202697754,0.5318073034286499,0.004400644228551319,165.42088573330858,165.42088573330858,165.0,165.0,2.1230905055999756,2.142965316772461,2.1628432273864746,528,8,a5000000a5000000,165,165,2.1827552318573,1,1,1,1,1,1779092625.2879827
2.2012087821960455,0,stop_after_2mps,0.0,0.0,0.5332411527633667,0.006681658327579498,0.20913851261138916,95.33854811487805,-7.984635147623726,0.0,0.0,0.0,0.9948378086890126,0.10147775324101091,-1.0681124716250103,0.22019527634514813,0.0,0.0,0.0,-0.028582597546500194,0.0,2.0,0.0,2.0,0.0,2.4535715365935133,0.03753246082657293,0.45357153659351335,0.03753246082657293,0.8867925405502319,0.7679227590560913,-0.17580893635749817,-0.028822030872106552,1.0,0.0,20.0,1.0,1.139756202697754,0.5318073034286499,0.004400644228551319,165.42088573330858,165.42088573330858,165.0,165.0,2.2230677604675293,2.242978096008301,2.1628432273864746,528,8,a5000000a5000000,165,165,2.1827552318573,1,1,1,1,1,1779092625.2879827
2.2512087821960454,0,stop_after_2mps,0.0,0.0,0.5332411527633667,0.006681658327579498,0.20913851261138916,95.33854811487805,-7.984635147623726,0.0,0.0,0.0,0.9948378086890126,0.10147775324101091,-1.0681124716250103,0.22019527634514813,0.0,0.0,0.0,-0.028582597546500194,0.0,2.0,0.0,2.0,0.0,2.3276409434903416,-0.03611127090248527,0.32764094349034156,-0.03611127090248527,0.9067175388336182,0.7141690850257874,-0.1105128675699234,0.025789553299546242,1.0,0.0,20.0,1.0,1.140890121459961,0.6810697317123413,-0.04109709358845223,165.42088573330858,165.42088573330858,165.0,165.0,2.2230677604675293,2.242978096008301,2.262803792953491,528,8,a5000000a5000000,165,165,2.282794952392578,1,1,1,1,1,1779092625.3880439
2.301208782196045,0,stop_after_2mps,0.0,0.0,0.5318073034286499,0.011260713450610638,0.20504648983478546,95.11326016825481,-7.938448943368732,0.0,0.0,0.0,0.995031964136346,0.09955596590343324,-1.1667254323036953,0.23582963462400366,0.0,0.0,0.0,0.025904024622229797,0.0,2.0,0.0,2.0,0.0,2.3276409434903416,-0.03611127090248527,0.32764094349034156,-0.03611127090248527,0.9067175388336182,0.7141690850257874,-0.1105128675699234,0.025789553299546242,1.0,0.0,20.0,1.0,1.140890121459961,0.6810697317123413,-0.04109709358845223,165.42088573330858,165.42088573330858,165.0,165.0,2.323110580444336,2.3431270122528076,2.262803792953491,528,8,a5000000a5000000,165,165,2.282794952392578,1,1,1,1,1,1779092625.3880439
2.351208782196045,0,stop_after_2mps,0.0,0.0,0.5318073034286499,0.011260713450610638,0.20504648983478546,95.11326016825481,-7.938448943368732,0.0,0.0,0.0,0.995031964136346,0.09955596590343324,-1.1667254323036953,0.23582963462400366,0.0,0.0,0.0,0.025904024622229797,0.0,2.0,0.0,2.0,0.0,2.292882456083535,-0.04205662177526721,0.292882456083535,-0.04205662177526721,0.9147273898124695,0.7133303284645081,-0.09736238420009613,0.030000263825058937,1.0,0.0,20.0,1.0,1.13930082321167,0.8396340608596802,0.012401125662910947,165.42088573330858,165.42088573330858,165.0,165.0,2.323110580444336,2.3431270122528076,2.3627915382385254,528,8,a5000000a5000000,165,165,2.3827998638153076,1,1,1,1,1,1779092625.4882617
2.401208782196045,0,stop_after_2mps,0.0,0.0,0.5882174968719482,-0.005452249199151993,0.2083364725112915,94.71258078976291,-7.857730034478094,0.0,0.0,0.0,0.9952092117563159,0.09776821996626682,-1.2262696382014362,0.24328255569017382,0.0,0.0,0.0,-0.023827642552225557,0.0,2.0,0.0,2.0,0.0,2.292882456083535,-0.04205662177526721,0.292882456083535,-0.04205662177526721,0.9147273898124695,0.7133303284645081,-0.09736238420009613,0.030000263825058937,1.0,0.0,20.0,1.0,1.13930082321167,0.8396340608596802,0.012401125662910947,165.42088573330858,165.42088573330858,165.0,165.0,2.423381805419922,2.443002700805664,2.3627915382385254,528,8,a5000000a5000000,165,165,2.3827998638153076,1,1,1,1,1,1779092625.4882617
2.4512087821960447,0,stop_after_2mps,0.0,0.0,0.5882174968719482,-0.005452249199151993,0.2083364725112915,94.71258078976291,-7.857730034478094,0.0,0.0,0.0,0.9952092117563159,0.09776821996626682,-1.2262696382014362,0.24328255569017382,0.0,0.0,0.0,-0.023827642552225557,0.0,2.0,0.0,2.0,0.0,2.258983885816038,-0.03801573235451257,0.25898388581603804,-0.03801573235451257,0.921786367893219,0.7006096839904785,-0.08230055123567581,0.02663419023156166,1.0,0.0,20.0,1.0,1.1401500701904297,0.9557409286499023,0.03975779299225157,165.42088573330858,165.42088573330858,165.0,165.0,2.423381805419922,2.443002700805664,2.4627747535705566,528,8,a5000000a5000000,165,165,2.4828100204467773,1,1,1,1,1,1779092625.5884702
2.5012087821960445,0,stop_after_2mps,0.0,0.0,0.6810697317123413,0.011564051732420921,0.21014434099197388,94.52053430572504,-7.819524493804503,0.0,0.0,0.0,0.9952734661706174,0.09711193302949328,-1.1613453064498847,0.22881055364598094,0.0,0.0,0.0,0.03051880438654654,0.0,2.0,0.0,2.0,0.0,2.258983885816038,-0.03801573235451257,0.25898388581603804,-0.03801573235451257,0.921786367893219,0.7006096839904785,-0.08230055123567581,0.02663419023156166,1.0,0.0,20.0,1.0,1.1401500701904297,0.9557409286499023,0.03975779299225157,165.42088573330858,165.42088573330858,165.0,165.0,2.5230603218078613,2.5430221557617188,2.4627747535705566,528,8,a5000000a5000000,165,165,2.4828100204467773,1,1,1,1,1,1779092625.5884702
2.5512087821960443,0,stop_after_2mps,0.0,0.0,0.6810697317123413,0.011564051732420921,0.21014434099197388,94.52053430572504,-7.819524493804503,0.0,0.0,0.0,0.9952734661706174,0.09711193302949328,-1.1613453064498847,0.22881055364598094,0.0,0.0,0.0,0.03051880438654654,0.0,2.0,0.0,2.0,0.0,2.2394476292956544,-0.037612948978994906,0.23944762929565444,-0.037612948978994906,0.9277673363685608,0.7173070907592773,-0.0776863619685173,0.02698003500699997,1.0,0.0,20.0,1.0,1.139803171157837,1.046098232269287,-0.030813028065889533,165.42088573330858,165.42088573330858,165.0,165.0,2.5230603218078613,2.5430221557617188,2.5629003047943115,528,8,0000000000000000,0,0,2.5827455520629883,1,1,1,1,1,1779092625.6879933
2.601208782196044,0,stop_after_2mps,0.0,0.0,0.7695884108543396,0.0011531267082318664,0.2183711975812912,94.45089394553308,-7.805860868849583,0.0,0.0,0.0,0.9953355443422275,0.0964735931172962,-1.1094294043327184,0.21710404415377563,0.0,0.0,0.0,0.01640685819866436,0.0,2.0,0.0,2.0,0.0,2.2394476292956544,-0.037612948978994906,0.23944762929565444,-0.037612948978994906,0.9277673363685608,0.7173070907592773,-0.0776863619685173,0.02698003500699997,1.0,0.0,20.0,1.0,1.139803171157837,1.046098232269287,-0.030813028065889533,165.42088573330858,165.42088573330858,165.0,165.0,2.623225212097168,2.6429500579833984,2.5629003047943115,528,8,0000000000000000,0,0,2.5827455520629883,1,1,1,1,1,1779092625.6879933
2.651208782196044,0,stop_after_2mps,0.0,0.0,0.7695884108543396,0.0011531267082318664,0.2183711975812912,94.45089394553308,-7.805860868849583,0.0,0.0,0.0,0.9953355443422275,0.0964735931172962,-1.1094294043327184,0.21710404415377563,0.0,0.0,0.0,0.01640685819866436,0.0,2.0,0.0,2.0,0.0,2.2087808620593288,-0.036574343303791806,0.20878086205932878,-0.036574343303791806,0.9373754858970642,0.7103427052497864,-0.07045703381299973,0.02598031796514988,1.0,0.0,20.0,1.0,1.1414260864257812,1.0896602869033813,0.03249523409140551,165.42088573330858,165.42088573330858,165.0,165.0,2.623225212097168,2.6429500579833984,2.6627962589263916,528,8,0000000000000000,0,0,2.6828038692474365,1,1,1,1,1,1779092625.7895157
2.7012087821960438,0,stop_after_2mps,0.0,0.0,0.8396340608596802,-0.0039012294728308916,0.21111133694648743,94.42099463653575,-7.800018245024081,0.0,0.0,0.0,0.995354061123988,0.09628236081434814,-1.0507738353394234,0.20520655240128047,0.0,0.0,0.0,0.005538877659468477,0.0,2.0,0.0,2.0,0.0,2.2087808620593288,-0.036574343303791806,0.20878086205932878,-0.036574343303791806,0.9373754858970642,0.7103427052497864,-0.07045703381299973,0.02598031796514988,1.0,0.0,20.0,1.0,1.1414260864257812,1.0896602869033813,0.03249523409140551,165.42088573330858,165.42088573330858,165.0,165.0,2.7230541706085205,2.742927312850952,2.6627962589263916,528,8,0000000000000000,0,0,2.6828038692474365,1,1,1,1,1,1779092625.7895157
2.7512087821960436,0,stop_after_2mps,0.0,0.0,0.8396340608596802,-0.0039012294728308916,0.21111133694648743,94.42099463653575,-7.800018245024081,0.0,0.0,0.0,0.995354061123988,0.09628236081434814,-1.0507738353394234,0.20520655240128047,0.0,0.0,0.0,0.005538877659468477,0.0,2.0,0.0,2.0,0.0,2.1948911699245772,-0.03474161816854428,0.19489116992457722,-0.03474161816854428,0.9414274096488953,0.7068647146224976,-0.06633070856332779,0.024557624012231827,1.0,0.0,20.0,1.0,1.1400806903839111,1.134346842765808,0.009888334333396476,165.42088573330858,165.42088573330858,165.0,165.0,2.7230541706085205,2.742927312850952,2.762775421142578,528,8,0000000000000000,0,0,2.78273606300354,1,1,1,1,1,1779092625.8879373
2.8012087821960434,0,stop_after_2mps,0.0,0.0,0.9084190726280212,0.00949945580214262,0.20027297735214233,94.41453488335353,-7.798757116822491,0.0,0.0,0.0,0.99535695167915,0.09625247396296017,-1.0377329124533503,0.20259508447046184,0.0,0.0,0.0,0.010219812834901903,0.0,2.0,0.0,2.0,0.0,2.1948911699245772,-0.03474161816854428,0.19489116992457722,-0.03474161816854428,0.9414274096488953,0.7068647146224976,-0.06633070856332779,0.024557624012231827,1.0,0.0,20.0,1.0,1.1400806903839111,1.134346842765808,0.009888334333396476,165.42088573330858,165.42088573330858,165.0,165.0,2.82315993309021,2.8429338932037354,2.762775421142578,528,8,0000000000000000,0,0,2.78273606300354,1,1,1,1,1,1779092625.8879373
2.8512087821960432,0,stop_after_2mps,0.0,0.0,0.9084190726280212,0.00949945580214262,0.20027297735214233,94.41453488335353,-7.798757116822491,0.0,0.0,0.0,0.99535695167915,0.09625247396296017,-1.0377329124533503,0.20259508447046184,0.0,0.0,0.0,0.010219812834901903,0.0,2.0,0.0,2.0,0.0,2.186118615974067,-0.039026860701796784,0.18611861597406687,-0.039026860701796784,0.9457098841667175,0.7260487079620361,-0.06743398308753967,0.02833540178835392,1.0,0.0,20.0,1.0,1.141298532485962,1.1730815172195435,-0.00719832365135808,165.42088573330858,165.42088573330858,165.0,165.0,2.82315993309021,2.8429338932037354,2.8628652095794678,528,8,0000000000000000,0,0,2.8827903270721436,1,1,1,1,1,1779092625.9880464
2.901208782196043,0,stop_after_2mps,0.0,0.0,0.9557409286499023,0.0025096479803323746,0.2199556678533554,94.41169142001526,-7.7982021222066225,0.0,0.0,0.0,0.9953590805458649,0.09623045658673013,-1.0246885173585079,0.20000138648661347,0.0,0.0,0.0,0.014200438461959815,0.0,2.0,0.0,2.0,0.0,2.186118615974067,-0.039026860701796784,0.18611861597406687,-0.039026860701796784,0.9457098841667175,0.7260487079620361,-0.06743398308753967,0.02833540178835392,1.0,0.0,20.0,1.0,1.141298532485962,1.1730815172195435,-0.00719832365135808,165.42088573330858,165.42088573330858,165.0,165.0,2.9230995178222656,2.9432289600372314,2.8628652095794678,528,8,0000000000000000,0,0,2.8827903270721436,1,1,1,1,1,1779092625.9880464
2.951208782196043,0,stop_after_2mps,0.0,0.0,0.9557409286499023,0.0025096479803323746,0.2199556678533554,94.41169142001526,-7.7982021222066225,0.0,0.0,0.0,0.9953590805458649,0.09623045658673013,-1.0246885173585079,0.20000138648661347,0.0,0.0,0.0,0.014200438461959815,0.0,2.0,0.0,2.0,0.0,2.1617229956450794,-0.03512827549727322,0.16172299564507941,-0.03512827549727322,0.9530073404312134,0.7104727625846863,-0.06013788282871246,0.02495768293738365,1.0,0.0,20.0,1.0,1.138472557067871,1.1936924457550049,0.038258265996952624,165.42088573330858,165.42088573330858,165.0,165.0,2.9230995178222656,2.9432289600372314,2.9629335403442383,528,8,0000000000000000,0,0,2.982759714126587,1,1,1,1,1,1779092626.0880265
3.0012087821960427,0,stop_after_2mps,0.0,0.0,1.0014437437057495,0.0020334115251898766,0.2272796630859375,94.40445172050615,-7.796790149750903,0.0,0.0,0.0,0.9953660631072582,0.09615820513278019,-1.018190678667038,0.19857967739379265,0.0,0.0,0.0,0.020216989629832014,0.0,2.0,0.0,2.0,0.0,2.1617229956450794,-0.03512827549727322,0.16172299564507941,-0.03512827549727322,0.9530073404312134,0.7104727625846863,-0.06013788282871246,0.02495768293738365,1.0,0.0,20.0,1.0,1.138472557067871,1.1936924457550049,0.038258265996952624,165.42088573330858,165.42088573330858,165.0,165.0,3.023231267929077,3.042956590652466,2.9629335403442383,528,8,0000000000000000,0,0,2.982759714126587,1,1,1,1,1,1779092626.0880265
3.0512087821960425,0,stop_after_2mps,0.0,0.0,1.0014437437057495,0.0020334115251898766,0.2272796630859375,94.40445172050615,-7.796790149750903,0.0,0.0,0.0,0.9953660631072582,0.09615820513278019,-1.018190678667038,0.19857967739379265,0.0,0.0,0.0,0.020216989629832014,0.0,0.0,0.0,0.0,0.0,-0.12875874421123867,-0.0553470199596483,-0.12875874421123867,-0.0553470199596483,0.9882175922393799,0.6591834425926208,0.12724165618419647,0.03648383915424347,1.0,0.0,20.0,1.0,1.1410853862762451,1.1972626447677612,0.018217576184978372,0.0,0.0,0.0,0.0,3.023231267929077,3.042956590652466,3.062840223312378,528,8,0000000000000000,0,0,3.083003044128418,1,1,1,1,1,1779092626.1891396
3.1012087821960423,0,stop_after_2mps,0.0,0.0,1.046098232269287,0.002077833516523242,0.22770150005817413,94.40231178129011,-7.796372887531321,0.0,0.0,0.0,0.9953681022758477,0.0961370946709827,-1.0116721836785638,0.19726381837707013,0.0,0.0,0.0,0.01962787030508328,0.0,0.0,0.0,0.0,0.0,-0.12875874421123867,-0.0553470199596483,-0.12875874421123867,-0.0553470199596483,0.9882175922393799,0.6591834425926208,0.12724165618419647,0.03648383915424347,1.0,0.0,20.0,1.0,1.1410853862762451,1.1972626447677612,0.018217576184978372,0.0,0.0,0.0,0.0,3.1234707832336426,3.1430351734161377,3.062840223312378,528,8,0000000000000000,0,0,3.083003044128418,1,1,1,1,1,1779092626.1891396
3.151208782196042,0,stop_after_2mps,0.0,0.0,1.046098232269287,0.002077833516523242,0.22770150005817413,94.40231178129011,-7.796372887531321,0.0,0.0,0.0,0.9953681022758477,0.0961370946709827,-1.0116721836785638,0.19726381837707013,0.0,0.0,0.0,0.01962787030508328,0.0,0.0,0.0,0.0,0.0,-0.1184271861791316,-0.012354472539184234,-0.1184271861791316,-0.012354472539184234,0.9718448519706726,0.6601018309593201,0.11509285122156143,0.008155209943652153,1.0,0.0,20.0,1.0,1.1412365436553955,1.177176594734192,-0.001931373089988221,0.0,0.0,0.0,0.0,3.1234707832336426,3.1430351734161377,3.1630375385284424,528,8,0000000000000000,0,0,3.182821750640869,1,1,1,1,1,1779092626.289226
3.201208782196042,0,stop_after_2mps,0.0,0.0,1.0576168298721313,-0.01199282519519329,0.2277238816022873,94.39728991966086,-7.795394187158921,0.0,0.0,0.0,0.9953727284425921,0.09608918499368149,-1.0051641287993234,0.19589438734229042,0.0,0.0,0.0,0.017713413571795476,0.0,0.0,0.0,0.0,0.0,-0.1184271861791316,-0.012354472539184234,-0.1184271861791316,-0.012354472539184234,0.9718448519706726,0.6601018309593201,0.11509285122156143,0.008155209943652153,1.0,0.0,20.0,1.0,1.1412365436553955,1.177176594734192,-0.001931373089988221,0.0,0.0,0.0,0.0,3.2231533527374268,3.2430572509765625,3.1630375385284424,528,8,0000000000000000,0,0,3.182821750640869,1,1,1,1,1,1779092626.289226
3.251208782196042,0,stop_after_2mps,0.0,0.0,1.0576168298721313,-0.01199282519519329,0.2277238816022873,94.39728991966086,-7.795394187158921,0.0,0.0,0.0,0.9953727284425921,0.09608918499368149,-1.0051641287993234,0.19589438734229042,0.0,0.0,0.0,0.017713413571795476,0.0,0.0,0.0,0.0,0.0,-0.11048872145949386,0.0072329144236911525,-0.11048872145949386,0.0072329144236911525,0.9547172784805298,0.6708806753158569,0.10548549145460129,-0.004852422513067722,1.0,0.0,20.0,1.0,1.1412599086761475,1.1442227363586426,0.024831718425809415,0.0,0.0,0.0,0.0,3.2231533527374268,3.2430572509765625,3.262939929962158,528,8,0000000000000000,0,0,3.2828214168548584,1,1,1,1,1,1779092626.3895373
3.3012087821960416,0,stop_after_2mps,0.0,0.0,1.0896602869033813,-0.011905421502888203,0.22726580500602722,94.39348564156019,-7.794652874967783,0.0,0.0,0.0,0.9953738940961985,0.0960771094057783,-0.9986418109146398,0.19459811544249014,0.0,0.0,0.0,0.009694481271206666,0.0,0.0,0.0,0.0,0.0,-0.11048872145949386,0.0072329144236911525,-0.11048872145949386,0.0072329144236911525,0.9547172784805298,0.6708806753158569,0.10548549145460129,-0.004852422513067722,1.0,0.0,20.0,1.0,1.1412599086761475,1.1442227363586426,0.024831718425809415,0.0,0.0,0.0,0.0,3.3231077194213867,3.3433303833007812,3.262939929962158,528,8,0000000000000000,0,0,3.2828214168548584,1,1,1,1,1,1779092626.3895373
3.3512087821960415,0,stop_after_2mps,0.0,0.0,1.0896602869033813,-0.011905421502888203,0.22726580500602722,94.39348564156019,-7.794652874967783,0.0,0.0,0.0,0.9953738940961985,0.0960771094057783,-0.9986418109146398,0.19459811544249014,0.0,0.0,0.0,0.009694481271206666,0.0,0.0,0.0,0.0,0.0,-0.10789518080316726,0.009874820649735737,-0.10789518080316726,0.009874820649735737,0.9500411748886108,0.6736046075820923,0.10250486433506012,-0.006651724688708782,1.0,0.0,20.0,1.0,1.141923189163208,1.0057873725891113,0.014955031547571251,0.0,0.0,0.0,0.0,3.3231077194213867,3.3433303833007812,3.3628628253936768,528,8,0000000000000000,0,0,3.382780075073242,1,1,1,1,1,1779092626.489657
3.4012087821960413,0,stop_after_2mps,0.0,0.0,1.114755630493164,-0.007146812975406647,0.22216247022151947,94.38746114115968,-7.7934790377071,0.0,0.0,0.0,0.9953747668363283,0.09606806725194886,-0.9855911587431632,0.19203644269566505,0.0,0.0,0.0,0.0013820068055754018,0.0,0.0,0.0,0.0,0.0,-0.10789518080316726,0.009874820649735737,-0.10789518080316726,0.009874820649735737,0.9500411748886108,0.6736046075820923,0.10250486433506012,-0.006651724688708782,1.0,0.0,20.0,1.0,1.141923189163208,1.0057873725891113,0.014955031547571251,0.0,0.0,0.0,0.0,3.4238250255584717,3.443357467651367,3.3628628253936768,528,8,0000000000000000,0,0,3.382780075073242,1,1,1,1,1,1779092626.489657
3.451208782196041,0,stop_after_2mps,0.0,0.0,1.114755630493164,-0.007146812975406647,0.22216247022151947,94.38746114115968,-7.7934790377071,0.0,0.0,0.0,0.9953747668363283,0.09606806725194886,-0.9855911587431632,0.19203644269566505,0.0,0.0,0.0,0.0013820068055754018,0.0,0.0,0.0,0.0,0.0,-0.10171889057368214,0.024267095650790424,-0.10171889057368214,0.024267095650790424,0.9403083920478821,0.6743401288986206,0.09564712643623352,-0.01636427640914917,1.0,0.0,20.0,1.0,1.1409251689910889,0.7395316958427429,0.005030571267104201,0.0,0.0,0.0,0.0,3.4238250255584717,3.443357467651367,3.462883710861206,528,8,0000000000000000,0,0,3.4830996990203857,1,1,1,1,1,1779092626.5894856
3.501208782196041,0,stop_after_2mps,0.0,0.0,1.134346842765808,-0.016253188252449036,0.2360622137784958,94.38256694869858,-7.792525460899233,0.0,0.0,0.0,0.9953750204833286,0.09606543914339383,-0.9660108713584099,0.18821604797853855,0.0,0.0,0.0,0.0006254088440161868,0.0,0.0,0.0,0.0,0.0,-0.10171889057368214,0.024267095650790424,-0.10171889057368214,0.024267095650790424,0.9403083920478821,0.6743401288986206,0.09564712643623352,-0.01636427640914917,1.0,0.0,20.0,1.0,1.1409251689910889,0.7395316958427429,0.005030571267104201,0.0,0.0,0.0,0.0,3.523420572280884,3.543058395385742,3.462883710861206,528,8,0000000000000000,0,0,3.4830996990203857,1,1,1,1,1,1779092626.5894856
3.5512087821960407,0,stop_after_2mps,0.0,0.0,1.134346842765808,-0.016253188252449036,0.2360622137784958,94.38256694869858,-7.792525460899233,0.0,0.0,0.0,0.9953750204833286,0.09606543914339383,-0.9660108713584099,0.18821604797853855,0.0,0.0,0.0,0.0006254088440161868,0.0,0.0,0.0,0.0,0.0,-0.0926052788025741,0.052029070902820995,-0.0926052788025741,0.052029070902820995,0.9310189485549927,0.6757535934448242,0.08621726930141449,-0.035158831626176834,1.0,0.0,20.0,1.0,1.1408474445343018,0.4915880560874939,0.0073814383718530194,0.0,0.0,0.0,0.0,3.523420572280884,3.543058395385742,3.5628936290740967,528,8,0000000000000000,0,0,3.5827574729919434,1,1,1,1,1,1779092626.6891146
3.6012087821960406,0,stop_after_2mps,0.0,0.0,1.154426097869873,-0.01820826530456543,0.24502700567245483,94.37733427439534,-7.791506182503939,0.0,0.0,0.0,0.9953772106905717,0.09604274276517283,-0.9594922952166104,0.18690056179474385,0.0,0.0,0.0,0.011209824876718844,0.0,0.0,0.0,0.0,0.0,-0.0926052788025741,0.052029070902820995,-0.0926052788025741,0.052029070902820995,0.9310189485549927,0.6757535934448242,0.08621726930141449,-0.035158831626176834,1.0,0.0,20.0,1.0,1.1408474445343018,0.4915880560874939,0.0073814383718530194,0.0,0.0,0.0,0.0,3.6232821941375732,3.6431119441986084,3.5628936290740967,528,8,0000000000000000,0,0,3.5827574729919434,1,1,1,1,1,1779092626.6891146
3.6512087821960404,0,stop_after_2mps,0.0,0.0,1.154426097869873,-0.01820826530456543,0.24502700567245483,94.37733427439534,-7.791506182503939,0.0,0.0,0.0,0.9953772106905717,0.09604274276517283,-0.9594922952166104,0.18690056179474385,0.0,0.0,0.0,0.011209824876718844,0.0,0.0,0.0,0.0,0.0,-0.08903325419807437,0.05877364587947116,-0.08903325419807437,0.05877364587947116,0.9288959503173828,0.6764888167381287,0.0827026292681694,-0.039759714156389236,1.0,0.0,20.0,1.0,1.1407678127288818,0.3195009231567383,0.0009170172684659706,0.0,0.0,0.0,0.0,3.6232821941375732,3.6431119441986084,3.6628386974334717,528,8,0000000000000000,0,0,3.6827774047851562,1,1,1,1,1,1779092626.789249
3.70120878219604,0,stop_after_2mps,0.0,0.0,1.1730815172195435,-0.01516185887157917,0.2345854640007019,94.37396229956421,-7.790849519432907,0.0,0.0,0.0,0.9953795103342477,0.09601890650675693,-0.9529740261492442,0.1855834880050837,0.0,0.0,0.0,0.014955031547571251,0.0,0.0,0.0,0.0,0.0,-0.08903325419807437,0.05877364587947116,-0.08903325419807437,0.05877364587947116,0.9288959503173828,0.6764888167381287,0.0827026292681694,-0.039759714156389236,1.0,0.0,20.0,1.0,1.1407678127288818,0.3195009231567383,0.0009170172684659706,0.0,0.0,0.0,0.0,3.723231554031372,3.7431819438934326,3.6628386974334717,528,8,0000000000000000,0,0,3.6827774047851562,1,1,1,1,1,1779092626.789249
3.75120878219604,0,stop_after_2mps,0.0,0.0,1.1730815172195435,-0.01516185887157917,0.2345854640007019,94.37396229956421,-7.790849519432907,0.0,0.0,0.0,0.9953795103342477,0.09601890650675693,-0.9529740261492442,0.1855834880050837,0.0,0.0,0.0,0.014955031547571251,0.0,0.0,0.0,0.0,0.0,-0.08120530595242464,0.0722415449401237,-0.08120530595242464,0.0722415449401237,0.9257787466049194,0.67940354347229,0.07517814636230469,-0.04908116161823273,1.0,0.0,20.0,1.0,1.141021966934204,0.18391968309879303,0.0019107758453865602,0.0,0.0,0.0,0.0,3.723231554031372,3.7431819438934326,3.7629778385162354,528,8,0000000000000000,0,0,3.7829947471618652,1,1,1,1,1,1779092626.8891776
3.80120878219604,0,stop_after_2mps,0.0,0.0,1.1905200481414795,-0.011208787560462952,0.21078810095787048,94.36840778537749,-7.789768428315531,0.0,0.0,0.0,0.9953845281067766,0.09596687556469545,-0.9399387182851692,0.18294298386076088,0.0,0.0,0.0,0.017009952566297233,0.0,0.0,0.0,0.0,0.0,-0.08120530595242464,0.0722415449401237,-0.08120530595242464,0.0722415449401237,0.9257787466049194,0.67940354347229,0.07517814636230469,-0.04908116161823273,1.0,0.0,20.0,1.0,1.141021966934204,0.18391968309879303,0.0019107758453865602,0.0,0.0,0.0,0.0,3.823195219039917,3.842996835708618,3.7629778385162354,528,8,0000000000000000,0,0,3.7829947471618652,1,1,1,1,1,1779092626.8891776
3.8512087821960397,0,stop_after_2mps,0.0,0.0,1.1905200481414795,-0.011208787560462952,0.21078810095787048,94.36840778537749,-7.789768428315531,0.0,0.0,0.0,0.9953845281067766,0.09596687556469545,-0.9399387182851692,0.18294298386076088,0.0,0.0,0.0,0.017009952566297233,0.0,0.0,0.0,0.0,0.0,-0.07104425102729343,0.08736117420274794,-0.07104425102729343,0.08736117420274794,0.9239852428436279,0.6842741370201111,0.06564383953809738,-0.05977899208664894,1.0,0.0,20.0,1.0,1.140855312347412,0.09112570434808731,-0.0003271379045405307,0.0,0.0,0.0,0.0,3.823195219039917,3.842996835708618,3.8629448413848877,528,8,0000000000000000,0,0,3.882761001586914,1,1,1,1,1,1779092626.989246
3.9012087821960395,0,stop_after_2mps,0.0,0.0,1.1936924457550049,-0.0029183991719037294,0.1989057958126068,94.36555211249969,-7.789212652918606,0.0,0.0,0.0,0.9953850534775381,0.09596142617488812,-0.9334133552084755,0.18166232624875836,0.0,0.0,0.0,0.009550152901387034,0.0,0.0,0.0,0.0,0.0,-0.07104425102729343,0.08736117420274794,-0.07104425102729343,0.08736117420274794,0.9239852428436279,0.6842741370201111,0.06564383953809738,-0.05977899208664894,1.0,0.0,20.0,1.0,1.140855312347412,0.09112570434808731,-0.0003271379045405307,0.0,0.0,0.0,0.0,3.923104763031006,3.9430015087127686,3.8629448413848877,528,8,0000000000000000,0,0,3.882761001586914,1,1,1,1,1,1779092626.989246
3.9512087821960393,0,stop_after_2mps,0.0,0.0,1.1936924457550049,-0.0029183991719037294,0.1989057958126068,94.36555211249969,-7.789212652918606,0.0,0.0,0.0,0.9953850534775381,0.09596142617488812,-0.9334133552084755,0.18166232624875836,0.0,0.0,0.0,0.009550152901387034,0.0,0.0,0.0,0.0,0.0,-0.06640848034338535,0.0918861063841734,-0.06640848034338535,0.0918861063841734,0.9244980812072754,0.6857503652572632,0.06139451265335083,-0.06301093101501465,1.0,0.0,20.0,1.0,1.1421592235565186,0.03312969207763672,0.0004553906856066105,0.0,0.0,0.0,0.0,3.923104763031006,3.9430015087127686,3.962829113006592,528,8,0000000000000000,0,0,3.9827771186828613,1,1,1,1,1,1779092627.0894897
4.00120878219604,0,forward_4mps,4.0,0.0,1.199605941772461,-0.01818816550076008,0.19034874439239502,94.35914625753864,-7.787966029530814,0.0,0.0,0.0,0.9953857307023652,0.09595440122328146,-0.9203611511843299,0.1791086034977958,0.0,0.0,0.0,-0.005924571202623773,0.0,0.0,0.0,0.0,0.0,-0.06640848034338535,0.0918861063841734,-0.06640848034338535,0.0918861063841734,0.9244980812072754,0.6857503652572632,0.06139451265335083,-0.06301093101501465,1.0,0.0,20.0,1.0,1.1421592235565186,0.03312969207763672,0.0004553906856066105,0.0,0.0,0.0,0.0,4.024187326431274,4.044075012207031,3.962829113006592,528,8,0000000000000000,0,0,3.9827771186828613,1,1,1,1,1,1779092627.0894897
4.051208782196039,0,forward_4mps,4.0,0.0,1.199605941772461,-0.01818816550076008,0.19034874439239502,94.35914625753864,-7.787966029530814,0.0,0.0,0.0,0.9953857307023652,0.09595440122328146,-0.9203611511843299,0.1791086034977958,0.0,0.0,0.0,-0.005924571202623773,0.0,0.0,0.0,0.0,0.0,-0.05807440161394209,0.11470138994894104,-0.05807440161394209,0.11470138994894104,0.9268817901611328,0.6958218812942505,0.053828105330467224,-0.07981173694133759,1.0,0.0,20.0,1.0,1.1419830322265625,-0.007749789860099554,0.003140074215799177,0.0,0.0,0.0,0.0,4.024187326431274,4.044075012207031,4.063966274261475,528,8,0000000000000000,0,0,4.08389949798584,1,1,1,1,1,1779092627.189776
4.101208782196039,0,forward_4mps,4.0,0.0,1.1972626447677612,-0.027603358030319214,0.19039545953273773,94.33713748763608,-7.7836821735382555,0.0,0.0,0.0,0.9953864789347535,0.09594663909628853,-0.855089905872178,0.1663925295167653,0.0,0.0,0.0,0.007079409486962659,0.0,0.0,0.0,0.0,0.0,-0.05807440161394209,0.11470138994894104,-0.05807440161394209,0.11470138994894104,0.9268817901611328,0.6958218812942505,0.053828105330467224,-0.07981173694133759,1.0,0.0,20.0,1.0,1.1419830322265625,-0.007749789860099554,0.003140074215799177,0.0,0.0,0.0,0.0,4.124222755432129,4.144078493118286,4.063966274261475,528,8,0000000000000000,0,0,4.08389949798584,1,1,1,1,1,1779092627.189776
4.151208782196039,0,forward_4mps,4.0,0.0,1.1972626447677612,-0.027603358030319214,0.19039545953273773,94.33713748763608,-7.7836821735382555,0.0,0.0,0.0,0.9953864789347535,0.09594663909628853,-0.855089905872178,0.1663925295167653,0.0,0.0,0.0,0.007079409486962659,0.0,0.0,0.0,0.0,0.0,-0.07991304629740746,0.20694361024964938,-0.07991304629740746,0.20694361024964938,0.9918729662895203,0.8233817219734192,0.0792635902762413,-0.17039358615875244,1.0,0.0,20.0,1.0,1.1398894786834717,-0.03654596209526062,-0.00024171877858920432,0.0,0.0,0.0,0.0,4.124222755432129,4.144078493118286,4.163955450057983,528,8,0000000000000000,0,0,4.18383002281189,1,1,1,1,1,1779092627.2890623
4.201208782196039,0,forward_4mps,4.0,0.0,1.1990938186645508,-0.022367775440216064,0.19728399813175201,94.19326478841927,-7.755807148808692,0.0,0.0,0.0,0.9954832205736147,0.09493765088932785,-0.0,0.0,0.0,0.0,0.0,0.003140074215799177,0.0,0.0,0.0,0.0,0.0,-0.07991304629740746,0.20694361024964938,-0.07991304629740746,0.20694361024964938,0.9918729662895203,0.8233817219734192,0.0792635902762413,-0.17039358615875244,1.0,0.0,20.0,1.0,1.1398894786834717,-0.03654596209526062,-0.00024171877858920432,0.0,0.0,0.0,0.0,4.224152565002441,4.244014263153076,4.163955450057983,528,8,0000000000000000,0,0,4.18383002281189,1,1,1,1,1,1779092627.2890623
4.251208782196039,0,forward_4mps,4.0,0.0,1.1990938186645508,-0.022367775440216064,0.19728399813175201,94.19326478841927,-7.755807148808692,0.0,0.0,0.0,0.9954832205736147,0.09493765088932785,-0.0,0.0,0.0,0.0,0.0,0.003140074215799177,0.0,0.0,0.0,0.0,0.0,-0.07893503891361289,0.2076744505160477,-0.07893503891361289,0.2076744505160477,0.9909060597419739,0.8235769271850586,0.07821720838546753,-0.17103588581085205,1.0,0.0,20.0,1.0,1.1382603645324707,-0.0660414919257164,-0.00037681936598413186,0.0,0.0,0.0,0.0,4.224152565002441,4.244014263153076,4.2646260261535645,528,8,0000000000000000,0,0,4.283820629119873,1,1,1,1,1,1779092627.3896987
4.3012087821960385,0,forward_4mps,4.0,0.0,1.177176594734192,-0.01296486146748066,0.2147318571805954,94.10310804201698,-7.738821179682892,0.0,0.0,0.0,0.9955205248537162,0.09454567464977592,-1.3584382625235645,0.26037317761241774,0.0,0.0,0.0,-0.11741769333058678,0.0,0.0,0.0,0.0,0.0,-0.07893503891361289,0.2076744505160477,-0.07893503891361289,0.2076744505160477,0.9909060597419739,0.8235769271850586,0.07821720838546753,-0.17103588581085205,1.0,0.0,20.0,1.0,1.1382603645324707,-0.0660414919257164,-0.00037681936598413186,0.0,0.0,0.0,0.0,4.3245086669921875,4.343982458114624,4.2646260261535645,528,8,0000000000000000,0,0,4.283820629119873,1,1,1,1,1,1779092627.3896987
4.351208782196038,0,forward_4mps,4.0,0.0,1.177176594734192,-0.01296486146748066,0.2147318571805954,94.10310804201698,-7.738821179682892,0.0,0.0,0.0,0.9955205248537162,0.09454567464977592,-1.3584382625235645,0.26037317761241774,0.0,0.0,0.0,-0.11741769333058678,0.0,0.0,0.0,0.0,0.0,-0.07772522880635237,0.20897719950099874,-0.07772522880635237,0.20897719950099874,0.9896492958068848,0.823043704032898,0.07692071795463562,-0.17199736833572388,1.0,0.0,20.0,1.0,1.1395132541656494,-0.06988940387964249,-0.0005955239828375664,0.0,0.0,0.0,0.0,4.3245086669921875,4.343982458114624,4.363927602767944,528,8,0000000000000000,0,0,4.383799076080322,1,1,1,1,1,1779092627.4890873
4.401208782196038,0,forward_4mps,4.0,0.0,1.178722620010376,-0.01617126353085041,0.22002682089805603,94.01108412090603,-7.720858057805478,0.0,0.0,0.0,0.995250902664382,0.09734290290377041,-1.7353346577740902,0.3427358508677617,0.0,0.0,0.0,-0.042859298130884,0.0,0.0,0.0,0.0,0.0,-0.07772522880635237,0.20897719950099874,-0.07772522880635237,0.20897719950099874,0.9896492958068848,0.823043704032898,0.07692071795463562,-0.17199736833572388,1.0,0.0,20.0,1.0,1.1395132541656494,-0.06988940387964249,-0.0005955239828375664,0.0,0.0,0.0,0.0,4.424254655838013,4.444163084030151,4.363927602767944,528,8,0000000000000000,0,0,4.383799076080322,1,1,1,1,1,1779092627.4890873
4.451208782196038,0,forward_4mps,4.0,0.0,1.178722620010376,-0.01617126353085041,0.22002682089805603,94.01108412090603,-7.720858057805478,0.0,0.0,0.0,0.995250902664382,0.09734290290377041,-1.7353346577740902,0.3427358508677617,0.0,0.0,0.0,-0.042859298130884,0.0,0.0,0.0,0.0,0.0,-0.07719589334277528,0.21005921922862714,-0.07719589334277528,0.21005921922862714,0.9891655445098877,0.8219146728515625,0.07635951787233353,-0.1726507544517517,1.0,0.0,20.0,1.0,1.1387176513671875,-0.05943886563181877,-0.0015750445192545814,0.0,0.0,0.0,0.0,4.424254655838013,4.444163084030151,4.464133024215698,528,8,0000000000000000,0,0,4.484177589416504,1,1,1,1,1,1779092627.589509
4.501208782196038,0,forward_4mps,4.0,0.0,1.1442227363586426,-0.023179449141025543,0.221269890666008,93.74077033758806,-7.668628491776941,0.0,0.0,0.0,0.9955886260010623,0.09382583747197175,-1.7573115196972753,0.334191716273724,0.0,0.0,0.0,-0.0356371899699066,0.0,0.0,0.0,0.0,0.0,-0.07719589334277528,0.21005921922862714,-0.07719589334277528,0.21005921922862714,0.9891655445098877,0.8219146728515625,0.07635951787233353,-0.1726507544517517,1.0,0.0,20.0,1.0,1.1387176513671875,-0.05943886563181877,-0.0015750445192545814,0.0,0.0,0.0,0.0,4.524620294570923,4.544116973876953,4.464133024215698,528,8,0000000000000000,0,0,4.484177589416504,1,1,1,1,1,1779092627.589509
4.551208782196038,0,forward_4mps,4.0,0.0,1.1442227363586426,-0.023179449141025543,0.221269890666008,93.74077033758806,-7.668628491776941,0.0,0.0,0.0,0.9955886260010623,0.09382583747197175,-1.7573115196972753,0.334191716273724,0.0,0.0,0.0,-0.0356371899699066,0.0,0.0,0.0,0.0,0.0,-0.07679978664346111,0.21058090450905056,-0.07679978664346111,0.21058090450905056,0.9887893795967102,0.8215434551239014,0.07593881338834763,-0.17300136387348175,1.0,0.0,20.0,1.0,1.1374530792236328,-0.05671665072441101,-0.0010338434196521299,0.0,0.0,0.0,0.0,4.524620294570923,4.544116973876953,4.563873052597046,528,8,4b0100004b010000,331,331,4.583800315856934,1,1,1,1,1,1779092627.6890693
4.6012087821960375,0,forward_4mps,4.0,0.0,1.1046754121780396,-0.01925288699567318,0.22453217208385468,93.58142994667317,-7.638005005087903,0.0,0.0,0.0,0.995432671993322,0.09546620097309598,-2.121803751165391,0.41075789267409285,0.0,0.0,0.0,0.002987860108989167,0.0,0.0,0.0,0.0,0.0,-0.07679978664346111,0.21058090450905056,-0.07679978664346111,0.21058090450905056,0.9887893795967102,0.8215434551239014,0.07593881338834763,-0.17300136387348175,1.0,0.0,20.0,1.0,1.1374530792236328,-0.05671665072441101,-0.0010338434196521299,0.0,0.0,0.0,0.0,4.624296426773071,4.644134521484375,4.563873052597046,528,8,4b0100004b010000,331,331,4.583800315856934,1,1,1,1,1,1779092627.6890693
4.651208782196037,0,forward_4mps,4.0,0.0,1.1046754121780396,-0.01925288699567318,0.22453217208385468,93.58142994667317,-7.638005005087903,0.0,0.0,0.0,0.995432671993322,0.09546620097309598,-2.121803751165391,0.41075789267409285,0.0,0.0,0.0,0.002987860108989167,0.0,0.0,0.0,0.0,0.0,-0.07590978252056357,0.21153258553787174,-0.07590978252056357,0.21153258553787174,0.9880013465881348,0.8210580348968506,0.07499896734952927,-0.17368052899837494,1.0,0.0,20.0,1.0,1.1399016380310059,-0.057558123022317886,0.0003752867766248206,0.0,0.0,0.0,0.0,4.624296426773071,4.644134521484375,4.664183855056763,528,8,4b0100004b010000,331,331,4.684402704238892,1,1,1,1,1,1779092627.789218
4.701208782196037,0,forward_4mps,4.0,0.0,1.0057873725891113,-0.017414052039384842,0.21045729517936707,93.36689281159396,-7.596878212049995,0.0,0.0,0.0,0.9956093319152681,0.09360586628643232,-2.2997233313934444,0.43629045694794283,0.0,0.0,0.0,0.029461870104501166,0.0,0.0,0.0,0.0,0.0,-0.07590978252056357,0.21153258553787174,-0.07590978252056357,0.21153258553787174,0.9880013465881348,0.8210580348968506,0.07499896734952927,-0.17368052899837494,1.0,0.0,20.0,1.0,1.1399016380310059,-0.057558123022317886,0.0003752867766248206,0.0,0.0,0.0,0.0,4.7241151332855225,4.7440197467803955,4.664183855056763,528,8,4b0100004b010000,331,331,4.684402704238892,1,1,1,1,1,1779092627.789218
4.751208782196037,0,forward_4mps,4.0,0.0,1.0057873725891113,-0.017414052039384842,0.21045729517936707,93.36689281159396,-7.596878212049995,0.0,0.0,0.0,0.9956093319152681,0.09360586628643232,-2.2997233313934444,0.43629045694794283,0.0,0.0,0.0,0.029461870104501166,0.0,0.0,0.0,0.0,0.0,-0.07501447046606251,0.21231205663357205,-0.07501447046606251,0.21231205663357205,0.9873374700546265,0.8209366798400879,0.07406459748744965,-0.17429475486278534,1.0,0.0,20.0,1.0,1.139801263809204,-0.05966547131538391,0.00034106839880343394,0.0,0.0,0.0,0.0,4.7241151332855225,4.7440197467803955,4.763880968093872,528,8,4b0100004b010000,331,331,4.783808469772339,1,1,1,1,1,1779092627.8891237
4.801208782196037,0,forward_4mps,4.0,0.0,0.8989626169204712,-0.019471177831292152,0.22416621446609497,93.10463518788735,-7.547493301794009,0.0,0.0,0.0,0.9957019191148714,0.09261581004861977,-2.5293379508303437,0.4746423258844431,0.0,0.0,0.0,-0.01555158563381416,0.0,0.0,0.0,0.0,0.0,-0.07501447046606251,0.21231205663357205,-0.07501447046606251,0.21231205663357205,0.9873374700546265,0.8209366798400879,0.07406459748744965,-0.17429475486278534,1.0,0.0,20.0,1.0,1.139801263809204,-0.05966547131538391,0.00034106839880343394,0.0,0.0,0.0,0.0,4.824608325958252,4.844091176986694,4.763880968093872,528,8,4b0100004b010000,331,331,4.783808469772339,1,1,1,1,1,1779092627.8891237
4.851208782196037,0,forward_4mps,4.0,0.0,0.8989626169204712,-0.019471177831292152,0.22416621446609497,93.10463518788735,-7.547493301794009,0.0,0.0,0.0,0.9957019191148714,0.09261581004861977,-2.5293379508303437,0.4746423258844431,0.0,0.0,0.0,-0.01555158563381416,0.0,0.0,0.0,0.0,0.0,-0.07472071538162885,0.2125863629155092,-0.07472071538162885,0.2125863629155092,0.9871429204940796,0.8208475112915039,0.073760025203228,-0.1745009869337082,1.0,0.0,20.0,1.0,1.1402814388275146,-0.05856703966856003,-8.837911148171381e-05,0.0,0.0,0.0,0.0,4.824608325958252,4.844091176986694,4.863845348358154,528,8,4b0100004b010000,331,331,4.883892774581909,1,1,1,1,1,1779092627.9893742
4.901208782196036,0,forward_4mps,4.0,0.0,0.7395316958427429,-0.013750140555202961,0.20273594558238983,92.86500896171327,-7.502665670686523,0.0,0.0,0.0,0.9957711263942643,0.0918687315657399,-2.6607991296011093,0.49517952999633486,0.0,0.0,0.0,0.02466567385422927,0.0,0.0,0.0,0.0,0.0,-0.07472071538162885,0.2125863629155092,-0.07472071538162885,0.2125863629155092,0.9871429204940796,0.8208475112915039,0.073760025203228,-0.1745009869337082,1.0,0.0,20.0,1.0,1.1402814388275146,-0.05856703966856003,-8.837911148171381e-05,0.0,0.0,0.0,0.0,4.9248151779174805,4.944297552108765,4.863845348358154,528,8,4b0100004b010000,331,331,4.883892774581909,1,1,1,1,1,1779092627.9893742
4.951208782196036,0,forward_4mps,4.0,0.0,0.7395316958427429,-0.013750140555202961,0.20273594558238983,92.86500896171327,-7.502665670686523,0.0,0.0,0.0,0.9957711263942643,0.0918687315657399,-2.6607991296011093,0.49517952999633486,0.0,0.0,0.0,0.02466567385422927,0.0,0.0,0.0,0.0,0.0,-0.07417110216963325,0.21306004542880871,-0.07417110216963325,0.21306004542880871,0.9867582321166992,0.8207891583442688,0.07318894565105438,-0.1748773753643036,1.0,0.0,20.0,1.0,1.139906883239746,-0.05952499061822891,0.000392115096812636,0.0,0.0,0.0,0.0,4.9248151779174805,4.944297552108765,4.9638824462890625,528,8,4b0100004b010000,331,331,4.983880996704102,1,1,1,1,1,1779092628.089102
5.001208782196036,0,stop_after_4mps,0.0,0.0,0.6071807742118835,-0.007848551496863365,0.22124868631362915,92.49663483337508,-7.434898038167821,0.0,0.0,0.0,0.9959466395448373,0.08994604593502703,-2.9112964447786656,0.530174923798815,0.0,0.0,0.0,0.050609223531961796,0.0,0.0,0.0,0.0,0.0,-0.07417110216963325,0.21306004542880871,-0.07417110216963325,0.21306004542880871,0.9867582321166992,0.8207891583442688,0.07318894565105438,-0.1748773753643036,1.0,0.0,20.0,1.0,1.139906883239746,-0.05952499061822891,0.000392115096812636,0.0,0.0,0.0,0.0,5.025380373001099,5.0453150272369385,4.9638824462890625,528,8,4b0100004b010000,331,331,4.983880996704102,1,1,1,1,1,1779092628.089102
5.051208782196036,0,stop_after_4mps,0.0,0.0,0.6071807742118835,-0.007848551496863365,0.22124868631362915,92.49663483337508,-7.434898038167821,0.0,0.0,0.0,0.9959466395448373,0.08994604593502703,-2.9112964447786656,0.530174923798815,0.0,0.0,0.0,0.050609223531961796,0.0,4.0,0.0,4.0,0.0,3.0,0.19978700852301395,-1.0,0.19978700852301395,1.19623863697052,0.8883266448974609,0.1275000274181366,-0.17747612297534943,1.0,0.0,20.0,1.0,1.140103816986084,-0.053090211004018784,-0.00044217721536874495,330.84177146661716,330.84177146661716,331.0,331.0,5.025380373001099,5.0453150272369385,5.065102577209473,528,8,4b0100004b010000,331,331,5.085019588470459,1,1,1,1,1,1779092628.1905303
5.101208782196036,0,stop_after_4mps,0.0,0.0,0.40751659870147705,-0.0037758934777230024,0.20578943192958832,92.23661738844052,-7.387901198230572,0.0,0.0,0.0,0.9960136781284401,0.08920063329963528,-2.977526923449372,0.5376326828301504,0.0,0.0,0.0,-0.03979416126695256,0.0,4.0,0.0,4.0,0.0,3.0,0.19978700852301395,-1.0,0.19978700852301395,1.19623863697052,0.8883266448974609,0.1275000274181366,-0.17747612297534943,1.0,0.0,20.0,1.0,1.140103816986084,-0.053090211004018784,-0.00044217721536874495,330.84177146661716,330.84177146661716,331.0,331.0,5.125402212142944,5.145236253738403,5.065102577209473,528,8,4b0100004b010000,331,331,5.085019588470459,1,1,1,1,1,1779092628.1905303
5.1512087821960355,0,stop_after_4mps,0.0,0.0,0.40751659870147705,-0.0037758934777230024,0.20578943192958832,92.23661738844052,-7.387901198230572,0.0,0.0,0.0,0.9960136781284401,0.08920063329963528,-2.977526923449372,0.5376326828301504,0.0,0.0,0.0,-0.03979416126695256,0.0,4.0,0.0,4.0,0.0,3.0,0.19674767944564117,-1.0,0.19674767944564117,1.1897177696228027,0.9122854471206665,0.1046101525425911,-0.17949004471302032,1.0,0.0,20.0,1.0,1.139585256576538,0.206854447722435,-0.11745172045822617,330.84177146661716,330.84177146661716,331.0,331.0,5.125402212142944,5.145236253738403,5.165117025375366,528,8,4b0100004b010000,331,331,5.185050010681152,1,1,1,1,1,1779092628.2901423
5.201208782196035,0,stop_after_4mps,0.0,0.0,0.2480725646018982,-0.0001586893922649324,0.20566779375076294,92.03964522170753,-7.3523370540206185,0.0,0.0,0.0,0.9960195474898815,0.08913507176219448,-2.925244309908518,0.5277947040343209,0.0,0.0,0.0,-0.03412299642953109,0.0,4.0,0.0,4.0,0.0,3.0,0.19674767944564117,-1.0,0.19674767944564117,1.1897177696228027,0.9122854471206665,0.1046101525425911,-0.17949004471302032,1.0,0.0,20.0,1.0,1.139585256576538,0.206854447722435,-0.11745172045822617,330.84177146661716,330.84177146661716,331.0,331.0,5.225363731384277,5.245461463928223,5.165117025375366,528,8,4b0100004b010000,331,331,5.185050010681152,1,1,1,1,1,1779092628.2901423
5.251208782196035,0,stop_after_4mps,0.0,0.0,0.2480725646018982,-0.0001586893922649324,0.20566779375076294,92.03964522170753,-7.3523370540206185,0.0,0.0,0.0,0.9960195474898815,0.08913507176219448,-2.925244309908518,0.5277947040343209,0.0,0.0,0.0,-0.03412299642953109,0.0,4.0,0.0,4.0,0.0,3.0,0.18950668327165887,-1.0,0.18950668327165887,1.1866896152496338,0.9194064140319824,0.09442946314811707,-0.17423366010189056,1.0,0.0,20.0,1.0,1.1413474082946777,0.6700640320777893,0.03863712573719688,330.84177146661716,330.84177146661716,331.0,331.0,5.225363731384277,5.245461463928223,5.265120029449463,528,8,4b0100004b010000,331,331,5.285104513168335,1,1,1,1,1,1779092628.3907132
5.301208782196035,0,stop_after_4mps,0.0,0.0,0.13371479511260986,0.009340616874396801,0.2035878747701645,91.68542554381592,-7.2890421868248705,0.0,0.0,0.0,0.9961953848394011,0.08714789282981902,-2.8225455872710743,0.497645075663524,0.0,0.0,0.0,0.03202150216250808,0.0,4.0,0.0,4.0,0.0,3.0,0.18950668327165887,-1.0,0.18950668327165887,1.1866896152496338,0.9194064140319824,0.09442946314811707,-0.17423366010189056,1.0,0.0,20.0,1.0,1.1413474082946777,0.6700640320777893,0.03863712573719688,330.84177146661716,330.84177146661716,331.0,331.0,5.325688600540161,5.345370531082153,5.265120029449463,528,8,4b0100004b010000,331,331,5.285104513168335,1,1,1,1,1,1779092628.3907132
5.351208782196035,0,stop_after_4mps,0.0,0.0,0.13371479511260986,0.009340616874396801,0.2035878747701645,91.68542554381592,-7.2890421868248705,0.0,0.0,0.0,0.9961953848394011,0.08714789282981902,-2.8225455872710743,0.497645075663524,0.0,0.0,0.0,0.03202150216250808,0.0,4.0,0.0,4.0,0.0,3.0,0.16535189600528308,-1.0,0.16535189600528308,1.1962772607803345,0.8776633739471436,0.10994622111320496,-0.14512330293655396,1.0,0.0,20.0,1.0,1.1408648490905762,1.1334621906280518,0.08755040656425585,330.84177146661716,330.84177146661716,331.0,331.0,5.325688600540161,5.345370531082153,5.365111827850342,528,8,4b0100004b010000,331,331,5.385188341140747,1,1,1,1,1,1779092628.4902716
5.401208782196035,0,stop_after_4mps,0.0,0.0,0.060078684240579605,0.012247473932802677,0.20446522533893585,91.37104254675802,-7.234163059874029,0.0,0.0,0.0,0.996352577864021,0.08533194351308285,-2.68672808191234,0.4636065545251358,0.0,0.0,0.0,0.04042373807901506,0.0,4.0,0.0,4.0,0.0,3.0,0.16535189600528308,-1.0,0.16535189600528308,1.1962772607803345,0.8776633739471436,0.10994622111320496,-0.14512330293655396,1.0,0.0,20.0,1.0,1.1408648490905762,1.1334621906280518,0.08755040656425585,330.84177146661716,330.84177146661716,331.0,331.0,5.425695419311523,5.44545316696167,5.365111827850342,528,8,4b0100004b010000,331,331,5.385188341140747,1,1,1,1,1,1779092628.4902716
5.451208782196034,0,stop_after_4mps,0.0,0.0,0.060078684240579605,0.012247473932802677,0.20446522533893585,91.37104254675802,-7.234163059874029,0.0,0.0,0.0,0.996352577864021,0.08533194351308285,-2.68672808191234,0.4636065545251358,0.0,0.0,0.0,0.04042373807901506,0.0,4.0,0.0,4.0,0.0,3.0,0.1620583399574991,-1.0,0.1620583399574991,1.1952898502349854,0.8938823342323303,0.09761785715818405,-0.14486108720302582,1.0,0.0,20.0,1.0,1.1408977508544922,1.6038568019866943,-0.039016530063383695,330.84177146661716,330.84177146661716,331.0,331.0,5.425695419311523,5.44545316696167,5.4651079177856445,528,8,4b0100004b010000,331,331,5.485180854797363,1,1,1,1,1,1779092628.590589
5.501208782196034,0,stop_after_4mps,0.0,0.0,0.011619588360190392,0.019850708544254303,0.20145463943481445,91.13953721411426,-7.194621289919875,0.0,0.0,0.0,0.9965078822251088,0.08349874647699083,-2.46547395034178,0.4160921894212768,0.0,0.0,0.0,0.049134213509422854,0.0,4.0,0.0,4.0,0.0,3.0,0.1620583399574991,-1.0,0.1620583399574991,1.1952898502349854,0.8938823342323303,0.09761785715818405,-0.14486108720302582,1.0,0.0,20.0,1.0,1.1408977508544922,1.6038568019866943,-0.039016530063383695,330.84177146661716,330.84177146661716,331.0,331.0,5.525426149368286,5.545381546020508,5.4651079177856445,528,8,4b0100004b010000,331,331,5.485180854797363,1,1,1,1,1,1779092628.590589
5.551208782196034,0,stop_after_4mps,0.0,0.0,0.011619588360190392,0.019850708544254303,0.20145463943481445,91.13953721411426,-7.194621289919875,0.0,0.0,0.0,0.9965078822251088,0.08349874647699083,-2.46547395034178,0.4160921894212768,0.0,0.0,0.0,0.049134213509422854,0.0,4.0,0.0,4.0,0.0,3.0,0.13315872192185485,-1.0,0.13315872192185485,1.210412621498108,0.8711147904396057,0.09644325077533722,-0.11599653214216232,1.0,0.0,20.0,1.0,1.141087532043457,1.9849717617034912,0.048955560157050895,330.84177146661716,330.84177146661716,331.0,331.0,5.525426149368286,5.545381546020508,5.565316438674927,528,8,0000000000000000,0,0,5.585050106048584,1,1,1,1,1,1779092628.690095
5.601208782196034,0,stop_after_4mps,0.0,0.0,-0.023143209517002106,0.02133174054324627,0.2017083466053009,90.9722829679039,-7.166683196261172,0.0,0.0,0.0,0.9966429489190575,0.08187082734359655,-2.1912711122472643,0.36245681448217953,0.0,0.0,0.0,0.05257810006335262,0.0,4.0,0.0,4.0,0.0,3.0,0.13315872192185485,-1.0,0.13315872192185485,1.210412621498108,0.8711147904396057,0.09644325077533722,-0.11599653214216232,1.0,0.0,20.0,1.0,1.141087532043457,1.9849717617034912,0.048955560157050895,330.84177146661716,330.84177146661716,331.0,331.0,5.625863790512085,5.645390748977661,5.565316438674927,528,8,0000000000000000,0,0,5.585050106048584,1,1,1,1,1,1779092628.690095
5.651208782196034,0,stop_after_4mps,0.0,0.0,-0.023143209517002106,0.02133174054324627,0.2017083466053009,90.9722829679039,-7.166683196261172,0.0,0.0,0.0,0.9966429489190575,0.08187082734359655,-2.1912711122472643,0.36245681448217953,0.0,0.0,0.0,0.05257810006335262,0.0,4.0,0.0,4.0,0.0,3.0,0.12232491133299948,-1.0,0.12232491133299948,1.241194486618042,0.8553122282028198,0.07507367432117462,-0.10462599247694016,1.0,0.0,20.0,1.0,1.140397071838379,2.2790486812591553,-0.006776493478899687,330.84177146661716,330.84177146661716,331.0,331.0,5.625863790512085,5.645390748977661,5.665078401565552,528,8,0000000000000000,0,0,5.685060024261475,1,1,1,1,1,1779092628.7903183
5.7012087821960336,0,stop_after_4mps,0.0,0.0,-0.058157891035079956,0.016024233773350716,0.1993061602115631,90.80176800570233,-7.1387579433776684,0.0,0.0,0.0,0.9967628240349085,0.0803982128032339,-1.8707029613417292,0.30375547278760234,0.0,0.0,0.0,0.023545340485671494,0.0,4.0,0.0,4.0,0.0,3.0,0.12232491133299948,-1.0,0.12232491133299948,1.241194486618042,0.8553122282028198,0.07507367432117462,-0.10462599247694016,1.0,0.0,20.0,1.0,1.140397071838379,2.2790486812591553,-0.006776493478899687,330.84177146661716,330.84177146661716,331.0,331.0,5.725794076919556,5.745363235473633,5.665078401565552,528,8,0000000000000000,0,0,5.685060024261475,1,1,1,1,1,1779092628.7903183
5.751208782196033,0,stop_after_4mps,0.0,0.0,-0.058157891035079956,0.016024233773350716,0.1993061602115631,90.80176800570233,-7.1387579433776684,0.0,0.0,0.0,0.9967628240349085,0.0803982128032339,-1.8707029613417292,0.30375547278760234,0.0,0.0,0.0,0.023545340485671494,0.0,4.0,0.0,4.0,0.0,3.0,0.11195446537290181,-1.0,0.11195446537290181,1.2551032304763794,0.8478236198425293,0.06918689608573914,-0.09491764008998871,1.0,0.0,20.0,1.0,1.1404945850372314,2.5064079761505127,0.031781648735839885,330.84177146661716,330.84177146661716,331.0,331.0,5.725794076919556,5.745363235473633,5.76512336730957,528,8,0000000000000000,0,0,5.785048484802246,1,1,1,1,1,1779092628.890433
5.801208782196033,0,stop_after_4mps,0.0,0.0,-0.06937360763549805,0.01679324544966221,0.200193852186203,90.65889385843407,-7.115669558679974,0.0,0.0,0.0,0.9968310733055052,0.07954754108452614,-1.562631747475336,0.2509957158731798,0.0,0.0,0.0,0.03089234754496334,0.0,4.0,0.0,4.0,0.0,3.0,0.11195446537290181,-1.0,0.11195446537290181,1.2551032304763794,0.8478236198425293,0.06918689608573914,-0.09491764008998871,1.0,0.0,20.0,1.0,1.1404945850372314,2.5064079761505127,0.031781648735839885,330.84177146661716,330.84177146661716,331.0,331.0,5.825629234313965,5.845260381698608,5.76512336730957,528,8,0000000000000000,0,0,5.785048484802246,1,1,1,1,1,1779092628.890433
5.851208782196033,0,stop_after_4mps,0.0,0.0,-0.06937360763549805,0.01679324544966221,0.200193852186203,90.65889385843407,-7.115669558679974,0.0,0.0,0.0,0.9968310733055052,0.07954754108452614,-1.562631747475336,0.2509957158731798,0.0,0.0,0.0,0.03089234754496334,0.0,4.0,0.0,4.0,0.0,3.0,0.08708201206284438,-1.0,0.08708201206284438,1.2742846012115479,0.84185791015625,0.061850838363170624,-0.07331068068742752,1.0,0.0,20.0,1.0,1.1408839225769043,2.6557610034942627,0.0115858359865707,330.84177146661716,330.84177146661716,331.0,331.0,5.825629234313965,5.845260381698608,5.865142107009888,528,8,0000000000000000,0,0,5.885133981704712,1,1,1,1,1,1779092628.990585
5.901208782196033,0,stop_after_4mps,0.0,0.0,-0.060344353318214417,0.015990812331438065,0.1990126222372055,90.5853778963055,-7.103893530960596,0.0,0.0,0.0,0.9968625230639869,0.0791524485439466,-1.3724013249647706,0.2193243919476293,0.0,0.0,0.0,0.004695298316798587,0.0,4.0,0.0,4.0,0.0,3.0,0.08708201206284438,-1.0,0.08708201206284438,1.2742846012115479,0.84185791015625,0.061850838363170624,-0.07331068068742752,1.0,0.0,20.0,1.0,1.1408839225769043,2.6557610034942627,0.0115858359865707,330.84177146661716,330.84177146661716,331.0,331.0,5.925365686416626,5.945322751998901,5.865142107009888,528,8,0000000000000000,0,0,5.885133981704712,1,1,1,1,1,1779092628.990585
5.951208782196033,0,stop_after_4mps,0.0,0.0,-0.060344353318214417,0.015990812331438065,0.1990126222372055,90.5853778963055,-7.103893530960596,0.0,0.0,0.0,0.9968625230639869,0.0791524485439466,-1.3724013249647706,0.2193243919476293,0.0,0.0,0.0,0.004695298316798587,0.0,4.0,0.0,4.0,0.0,3.0,0.06422786351839828,-1.0,0.06422786351839828,1.2918764352798462,0.8316095471382141,0.05503183603286743,-0.053412504494190216,1.0,0.0,20.0,1.0,1.1405770778656006,2.7606377601623535,0.0016664178902924317,330.84177146661716,330.84177146661716,331.0,331.0,5.925365686416626,5.945322751998901,5.965148210525513,528,8,0000000000000000,0,0,5.98517107963562,1,1,1,1,1,1779092629.0901566
6.0012087821960325,0,stop_after_4mps,0.0,0.0,-0.05809372290968895,0.01622801460325718,0.199493408203125,90.53211670431347,-7.095410460147284,0.0,0.0,0.0,0.9969002323862274,0.07867608701686787,-1.2478275520641,0.19819334837812166,0.0,0.0,0.0,0.016094931359400266,0.0,4.0,0.0,4.0,0.0,3.0,0.06422786351839828,-1.0,0.06422786351839828,1.2918764352798462,0.8316095471382141,0.05503183603286743,-0.053412504494190216,1.0,0.0,20.0,1.0,1.1405770778656006,2.7606377601623535,0.0016664178902924317,330.84177146661716,330.84177146661716,331.0,331.0,6.025421380996704,6.045296907424927,5.965148210525513,528,8,0000000000000000,0,0,5.98517107963562,1,1,1,1,1,1779092629.0901566
6.051208782196032,0,stop_after_4mps,0.0,0.0,-0.05809372290968895,0.01622801460325718,0.199493408203125,90.53211670431347,-7.095410460147284,0.0,0.0,0.0,0.9969002323862274,0.07867608701686787,-1.2478275520641,0.19819334837812166,0.0,0.0,0.0,0.016094931359400266,0.0,0.0,0.0,0.0,0.0,-0.1243157532684001,0.19471982477537686,-0.1243157532684001,0.19471982477537686,1.2969353199005127,0.8294766545295715,0.16122949123382568,-0.16151554882526398,1.0,0.0,20.0,1.0,1.142061471939087,2.8400230407714844,-0.03412299642953109,0.0,0.0,0.0,0.0,6.025421380996704,6.045296907424927,6.065129518508911,528,8,0000000000000000,0,0,6.0850441455841064,1,1,1,1,1,1779092629.1913698
6.101208782196032,0,stop_after_4mps,0.0,0.0,-0.05770412087440491,0.021808963268995285,0.19637714326381683,90.49488436945597,-7.089515795783586,0.0,0.0,0.0,0.9969307427478562,0.07828853149860307,-1.14945643477756,0.18165284705527662,0.0,0.0,0.0,0.0080857403899282,0.0,0.0,0.0,0.0,0.0,-0.1243157532684001,0.19471982477537686,-0.1243157532684001,0.19471982477537686,1.2969353199005127,0.8294766545295715,0.16122949123382568,-0.16151554882526398,1.0,0.0,20.0,1.0,1.142061471939087,2.8400230407714844,-0.03412299642953109,0.0,0.0,0.0,0.0,6.12562108039856,6.145465850830078,6.065129518508911,528,8,0000000000000000,0,0,6.0850441455841064,1,1,1,1,1,1779092629.1913698
6.151208782196032,0,stop_after_4mps,0.0,0.0,-0.05770412087440491,0.021808963268995285,0.19637714326381683,90.49488436945597,-7.089515795783586,0.0,0.0,0.0,0.9969307427478562,0.07828853149860307,-1.14945643477756,0.18165284705527662,0.0,0.0,0.0,0.0080857403899282,0.0,0.0,0.0,0.0,0.0,-0.12299973228391352,0.22160078822093246,-0.12299973228391352,0.22160078822093246,1.2837494611740112,0.8271229267120361,0.1579008400440216,-0.18329109251499176,1.0,0.0,20.0,1.0,1.1409294605255127,2.8788375854492188,0.012088205108452998,0.0,0.0,0.0,0.0,6.12562108039856,6.145465850830078,6.16529107093811,528,8,0000000000000000,0,0,6.185193061828613,1,1,1,1,1,1779092629.29224
6.201208782196032,0,stop_after_4mps,0.0,0.0,-0.058844517916440964,0.02208547666668892,0.19646549224853516,90.48164902079522,-7.087424802412039,0.0,0.0,0.0,0.9969340223123829,0.07824675811848825,-1.1100611972402512,0.17533172266862984,0.0,0.0,0.0,0.007284054546456243,0.0,0.0,0.0,0.0,0.0,-0.12299973228391352,0.22160078822093246,-0.12299973228391352,0.22160078822093246,1.2837494611740112,0.8271229267120361,0.1579008400440216,-0.18329109251499176,1.0,0.0,20.0,1.0,1.1409294605255127,2.8788375854492188,0.012088205108452998,0.0,0.0,0.0,0.0,6.225474834442139,6.245377063751221,6.16529107093811,528,8,0000000000000000,0,0,6.185193061828613,1,1,1,1,1,1779092629.29224
6.251208782196032,0,stop_after_4mps,0.0,0.0,-0.058844517916440964,0.02208547666668892,0.19646549224853516,90.48164902079522,-7.087424802412039,0.0,0.0,0.0,0.9969340223123829,0.07824675811848825,-1.1100611972402512,0.17533172266862984,0.0,0.0,0.0,0.007284054546456243,0.0,0.0,0.0,0.0,0.0,-0.12274974499827,0.23306468449284096,-0.12274974499827,0.23306468449284096,1.272375226020813,0.8279567956924438,0.15618373453617096,-0.192967489361763,1.0,0.0,20.0,1.0,1.1412444114685059,2.84247088432312,0.030630036820786914,0.0,0.0,0.0,0.0,6.225474834442139,6.245377063751221,6.26513147354126,528,8,0000000000000000,0,0,6.285096168518066,1,1,1,1,1,1779092629.3913946
6.301208782196031,0,stop_after_4mps,0.0,0.0,-0.058333419263362885,0.012691071256995201,0.1949828416109085,90.47622279656557,-7.086568104115229,0.0,0.0,0.0,0.9969365674512011,0.0782143239989767,-1.090367172485845,0.1721483779573467,0.0,0.0,0.0,0.01346976853373645,0.0,0.0,0.0,0.0,0.0,-0.12274974499827,0.23306468449284096,-0.12274974499827,0.23306468449284096,1.272375226020813,0.8279567956924438,0.15618373453617096,-0.192967489361763,1.0,0.0,20.0,1.0,1.1412444114685059,2.84247088432312,0.030630036820786914,0.0,0.0,0.0,0.0,6.325399398803711,6.345341920852661,6.26513147354126,528,8,0000000000000000,0,0,6.285096168518066,1,1,1,1,1,1779092629.3913946
6.351208782196031,0,stop_after_4mps,0.0,0.0,-0.058333419263362885,0.012691071256995201,0.1949828416109085,90.47622279656557,-7.086568104115229,0.0,0.0,0.0,0.9969365674512011,0.0782143239989767,-1.090367172485845,0.1721483779573467,0.0,0.0,0.0,0.01346976853373645,0.0,0.0,0.0,0.0,0.0,-0.12167382791818886,0.2343705345345354,-0.12167382791818886,0.2343705345345354,1.2687910795211792,0.8306990265846252,0.15437866747379303,-0.19469137489795685,1.0,0.0,20.0,1.0,1.1410675048828125,2.678522825241089,0.03997628131397574,0.0,0.0,0.0,0.0,6.325399398803711,6.345341920852661,6.365116357803345,528,8,0000000000000000,0,0,6.385063409805298,1,1,1,1,1,1779092629.4915519
6.401208782196031,0,stop_after_4mps,0.0,0.0,-0.0589091032743454,0.013133959844708443,0.19630514085292816,90.47097463348268,-7.085739934950757,0.0,0.0,0.0,0.9969395958738291,0.07817571348523963,-1.0772433890178066,0.16999086029265034,0.0,0.0,0.0,0.01627029497641832,0.0,0.0,0.0,0.0,0.0,-0.12167382791818886,0.2343705345345354,-0.12167382791818886,0.2343705345345354,1.2687910795211792,0.8306990265846252,0.15437866747379303,-0.19469137489795685,1.0,0.0,20.0,1.0,1.1410675048828125,2.678522825241089,0.03997628131397574,0.0,0.0,0.0,0.0,6.425799608230591,6.445393085479736,6.365116357803345,528,8,0000000000000000,0,0,6.385063409805298,1,1,1,1,1,1779092629.4915519
6.451208782196031,0,stop_after_4mps,0.0,0.0,-0.0589091032743454,0.013133959844708443,0.19630514085292816,90.47097463348268,-7.085739934950757,0.0,0.0,0.0,0.9969395958738291,0.07817571348523963,-1.0772433890178066,0.16999086029265034,0.0,0.0,0.0,0.01627029497641832,0.0,0.0,0.0,0.0,0.0,-0.11926857260724515,0.23334069200355778,-0.11926857260724515,0.23334069200355778,1.2627863883972168,0.8372617959976196,0.15061073005199432,-0.1953672468662262,1.0,0.0,20.0,1.0,1.1413195133209229,2.417482614517212,0.05104522661706708,0.0,0.0,0.0,0.0,6.425799608230591,6.445393085479736,6.465118885040283,528,8,0000000000000000,0,0,6.485085964202881,1,1,1,1,1,1779092629.5917864
6.501208782196031,0,stop_after_4mps,0.0,0.0,-0.052429523319005966,0.010616875253617764,0.1928776055574417,90.46756509793157,-7.0852020660254045,0.0,0.0,0.0,0.9969414038064021,0.07815265431525885,-1.0641140412349954,0.1678685754210344,0.0,0.0,0.0,0.014869595810810229,0.0,0.0,0.0,0.0,0.0,-0.11926857260724515,0.23334069200355778,-0.11926857260724515,0.23334069200355778,1.2627863883972168,0.8372617959976196,0.15061073005199432,-0.1953672468662262,1.0,0.0,20.0,1.0,1.1413195133209229,2.417482614517212,0.05104522661706708,0.0,0.0,0.0,0.0,6.5258402824401855,6.54551887512207,6.465118885040283,528,8,0000000000000000,0,0,6.485085964202881,1,1,1,1,1,1779092629.5917864
6.5512087821960305,0,stop_after_4mps,0.0,0.0,-0.052429523319005966,0.010616875253617764,0.1928776055574417,90.46756509793157,-7.0852020660254045,0.0,0.0,0.0,0.9969414038064021,0.07815265431525885,-1.0641140412349954,0.1678685754210344,0.0,0.0,0.0,0.014869595810810229,0.0,0.0,0.0,0.0,0.0,-0.12046166747237155,0.23212812934991006,-0.12046166747237155,0.23212812934991006,1.2531917095184326,0.8415048122406006,0.15096156299114227,-0.1953369379043579,1.0,0.0,20.0,1.0,1.1410479545593262,2.029275417327881,0.011373651402317051,0.0,0.0,0.0,0.0,6.5258402824401855,6.54551887512207,6.5652337074279785,528,8,0000000000000000,0,0,6.585092306137085,1,1,1,1,1,1779092629.6913424
6.60120878219603,0,stop_after_4mps,0.0,0.0,0.038162581622600555,-0.008409117348492146,0.204816997051239,90.46229550982842,-7.084371093778692,0.0,0.0,0.0,0.9969437764579413,0.07812238207951856,-1.0509868977345034,0.1657322975879902,0.0,0.0,0.0,0.012696517004799866,0.0,0.0,0.0,0.0,0.0,-0.12046166747237155,0.23212812934991006,-0.12046166747237155,0.23212812934991006,1.2531917095184326,0.8415048122406006,0.15096156299114227,-0.1953369379043579,1.0,0.0,20.0,1.0,1.1410479545593262,2.029275417327881,0.011373651402317051,0.0,0.0,0.0,0.0,6.625427484512329,6.6454455852508545,6.5652337074279785,528,8,0000000000000000,0,0,6.585092306137085,1,1,1,1,1,1779092629.6913424
6.65120878219603,0,stop_after_4mps,0.0,0.0,0.038162581622600555,-0.008409117348492146,0.204816997051239,90.46229550982842,-7.084371093778692,0.0,0.0,0.0,0.9969437764579413,0.07812238207951856,-1.0509868977345034,0.1657322975879902,0.0,0.0,0.0,0.012696517004799866,0.0,0.0,0.0,0.0,0.0,-0.11806088720845684,0.22220015824273603,-0.11806088720845684,0.22220015824273603,1.2494524717330933,0.8488543033599854,0.14751146733760834,-0.1886155605316162,1.0,0.0,20.0,1.0,1.1408019065856934,1.6173819303512573,0.006597627454427232,0.0,0.0,0.0,0.0,6.625427484512329,6.6454455852508545,6.6651575565338135,528,8,0000000000000000,0,0,6.685097694396973,1,1,1,1,1,1779092629.791408
6.70120878219603,0,stop_after_4mps,0.0,0.0,0.4405697286128998,0.0161889735609293,0.19278767704963684,90.45812829749312,-7.083714160311839,0.0,0.0,0.0,0.9969456315997789,0.07809870443303084,-1.0378573342914292,0.16361134539260871,0.0,0.0,0.0,0.010960536134470247,0.0,0.0,0.0,0.0,0.0,-0.11806088720845684,0.22220015824273603,-0.11806088720845684,0.22220015824273603,1.2494524717330933,0.8488543033599854,0.14751146733760834,-0.1886155605316162,1.0,0.0,20.0,1.0,1.1408019065856934,1.6173819303512573,0.006597627454427232,0.0,0.0,0.0,0.0,6.725417852401733,6.7456440925598145,6.6651575565338135,528,8,0000000000000000,0,0,6.685097694396973,1,1,1,1,1,1779092629.791408
6.75120878219603,0,stop_after_4mps,0.0,0.0,0.4405697286128998,0.0161889735609293,0.19278767704963684,90.45812829749312,-7.083714160311839,0.0,0.0,0.0,0.9969456315997789,0.07809870443303084,-1.0378573342914292,0.16361134539260871,0.0,0.0,0.0,0.010960536134470247,0.0,0.0,0.0,0.0,0.0,-0.10819917437144878,0.19844012195904145,-0.10819917437144878,0.19844012195904145,1.2422691583633423,0.8698163032531738,0.1344124972820282,-0.1726064532995224,1.0,0.0,20.0,1.0,1.1432693004608154,1.2381144762039185,0.004945129243698097,0.0,0.0,0.0,0.0,6.725417852401733,6.7456440925598145,6.765315771102905,528,8,0000000000000000,0,0,6.785141229629517,1,1,1,1,1,1779092629.8915398
6.80120878219603,0,stop_after_4mps,0.0,0.0,0.8996227979660034,-0.0010484555969014764,0.21320469677448273,90.4528990146532,-7.082890091700919,0.0,0.0,0.0,0.9969477679527872,0.0780714286660346,-1.0181599634492737,0.16044908880585507,0.0,0.0,0.0,0.01231035567770239,0.0,0.0,0.0,0.0,0.0,-0.10819917437144878,0.19844012195904145,-0.10819917437144878,0.19844012195904145,1.2422691583633423,0.8698163032531738,0.1344124972820282,-0.1726064532995224,1.0,0.0,20.0,1.0,1.1432693004608154,1.2381144762039185,0.004945129243698097,0.0,0.0,0.0,0.0,6.82546591758728,6.845427989959717,6.765315771102905,528,8,0000000000000000,0,0,6.785141229629517,1,1,1,1,1,1779092629.8915398
6.8512087821960295,0,stop_after_4mps,0.0,0.0,0.8996227979660034,-0.0010484555969014764,0.21320469677448273,90.4528990146532,-7.082890091700919,0.0,0.0,0.0,0.9969477679527872,0.0780714286660346,-1.0181599634492737,0.16044908880585507,0.0,0.0,0.0,0.01231035567770239,0.0,0.0,0.0,0.0,0.0,-0.10152370793215754,0.18382035070495698,-0.10152370793215754,0.18382035070495698,1.232478141784668,0.8864089846611023,0.12512575089931488,-0.16294001042842865,1.0,0.0,20.0,1.0,1.1419649124145508,0.8810374140739441,0.014718354785474161,0.0,0.0,0.0,0.0,6.82546591758728,6.845427989959717,6.865210294723511,528,8,0000000000000000,0,0,6.88505744934082,1,1,1,1,1,1779092629.992152
6.901208782196029,0,stop_after_4mps,0.0,0.0,1.3673111200332642,-0.02754138596355915,0.22303879261016846,90.44705673005225,-7.0819698380374785,0.0,0.0,0.0,0.9969504811654566,0.0780367740489355,-0.9984645779018967,0.15727420836049813,0.0,0.0,0.0,0.009029766750979298,0.0,0.0,0.0,0.0,0.0,-0.10152370793215754,0.18382035070495698,-0.10152370793215754,0.18382035070495698,1.232478141784668,0.8864089846611023,0.12512575089931488,-0.16294001042842865,1.0,0.0,20.0,1.0,1.1419649124145508,0.8810374140739441,0.014718354785474161,0.0,0.0,0.0,0.0,6.9254631996154785,6.945261240005493,6.865210294723511,528,8,0000000000000000,0,0,6.88505744934082,1,1,1,1,1,1779092629.992152
6.951208782196029,0,stop_after_4mps,0.0,0.0,1.3673111200332642,-0.02754138596355915,0.22303879261016846,90.44705673005225,-7.0819698380374785,0.0,0.0,0.0,0.9969504811654566,0.0780367740489355,-0.9984645779018967,0.15727420836049813,0.0,0.0,0.0,0.009029766750979298,0.0,0.0,0.0,0.0,0.0,-0.10034369479777593,0.18044286383601915,-0.10034369479777593,0.18044286383601915,1.2269343137741089,0.890021562576294,0.12311512231826782,-0.1605980396270752,1.0,0.0,20.0,1.0,1.1413142681121826,0.5987536907196045,0.0034247535660866103,0.0,0.0,0.0,0.0,6.9254631996154785,6.945261240005493,6.965153694152832,528,8,0000000000000000,0,0,6.985465049743652,1,1,1,1,1,1779092630.0913973
7.001208782196029,0,sine_low_wl5m,2.0,1.7339580656041086e-05,1.8061001300811768,-0.05146105960011482,0.1706571727991104,90.44223378140784,-7.08121038169347,0.0,0.0,0.0,0.9969523402664437,0.07801301966505907,-0.9853342811057003,0.1551578558937337,0.0,0.0,0.0,0.006037467889749965,0.0,0.0,0.0,0.0,0.0,-0.10034369479777593,0.18044286383601915,-0.10034369479777593,0.18044286383601915,1.2269343137741089,0.890021562576294,0.12311512231826782,-0.1605980396270752,1.0,0.0,20.0,1.0,1.1413142681121826,0.5987536907196045,0.0034247535660866103,0.0,0.0,0.0,0.0,7.026424407958984,7.046454429626465,6.965153694152832,528,8,0000000000000000,0,0,6.985465049743652,1,1,1,1,1,1779092630.0913973
7.051208782196029,0,sine_low_wl5m,2.0,0.03526580130902224,1.8061001300811768,-0.05146105960011482,0.1706571727991104,90.44223378140784,-7.08121038169347,0.0,0.0,0.0,0.9969523402664437,0.07801301966505907,-0.9853342811057003,0.1551578558937337,0.0,0.0,0.0,0.006037467889749965,0.0,0.0,0.0,0.0,0.0,-0.10065734433887373,0.17993965894564656,-0.10065734433887373,0.17993965894564656,1.2155970335006714,0.8912882208824158,0.1223587691783905,-0.160378098487854,1.0,0.0,20.0,1.0,1.1408824920654297,0.39482325315475464,0.002884984124509282,0.0,0.0,0.0,0.0,7.026424407958984,7.046454429626465,7.066230058670044,528,8,0000000000000000,0,0,7.086264133453369,1,1,1,1,1,1779092630.1913302
7.101208782196029,0,sine_low_wl5m,2.0,0.08718819833345239,2.1368274688720703,-0.059643395245075226,0.19267280399799347,90.43915374918285,-7.080725446635623,0.0,0.0,0.0,0.9969531938003339,0.07800211132600152,-0.9721998405619998,0.15306780951760077,0.0,0.0,0.0,0.006413090442350694,0.0,0.0,0.0,0.0,0.0,-0.10065734433887373,0.17993965894564656,-0.10065734433887373,0.17993965894564656,1.2155970335006714,0.8912882208824158,0.1223587691783905,-0.160378098487854,1.0,0.0,20.0,1.0,1.1408824920654297,0.39482325315475464,0.002884984124509282,0.0,0.0,0.0,0.0,7.12651801109314,7.146424293518066,7.066230058670044,528,8,0000000000000000,0,0,7.086264133453369,1,1,1,1,1,1779092630.1913302
7.151208782196028,0,sine_low_wl5m,2.0,0.12075643624481253,2.1368274688720703,-0.059643395245075226,0.19267280399799347,90.43915374918285,-7.080725446635623,0.0,0.0,0.0,0.9969531938003339,0.07800211132600152,-0.9721998405619998,0.15306780951760077,0.0,0.0,0.0,0.006413090442350694,0.0,0.0,0.0,0.0,0.0,-0.08787991076563911,0.17885925625946503,-0.08787991076563911,0.17885925625946503,1.0114459991455078,0.8362884521484375,0.08888578414916992,-0.14957793056964874,1.0,0.0,20.0,1.0,1.1403183937072754,0.2388974279165268,0.0019616350680811854,0.0,0.0,0.0,0.0,7.12651801109314,7.146424293518066,7.166173696517944,528,8,0000000000000000,0,0,7.186381578445435,1,1,1,1,1,1779092630.2917767
7.201208782196028,0,sine_low_wl5m,2.0,0.16872493609805453,2.3874807357788086,-0.08480539917945862,0.2175079882144928,90.43332381067204,-7.079808002557644,0.0,0.0,0.0,0.9969561269632202,0.07796461319403557,-0.9590733611423417,0.150927179402402,0.0,0.0,0.0,0.010798656112061305,0.0,0.0,0.0,0.0,0.0,-0.08787991076563911,0.17885925625946503,-0.08787991076563911,0.17885925625946503,1.0114459991455078,0.8362884521484375,0.08888578414916992,-0.14957793056964874,1.0,0.0,20.0,1.0,1.1403183937072754,0.2388974279165268,0.0019616350680811854,0.0,0.0,0.0,0.0,7.22651219367981,7.246559143066406,7.166173696517944,528,8,0000000000000000,0,0,7.186381578445435,1,1,1,1,1,1779092630.2917767
7.251208782196028,0,sine_low_wl5m,2.0,0.19864982071553033,2.3874807357788086,-0.08480539917945862,0.2175079882144928,90.43332381067204,-7.079808002557644,0.0,0.0,0.0,0.9969561269632202,0.07796461319403557,-0.9590733611423417,0.150927179402402,0.0,0.0,0.0,0.010798656112061305,0.0,0.0,0.0,0.0,0.0,-0.08774397351057657,0.18335980198355892,-0.08774397351057657,0.18335980198355892,1.0071041584014893,0.8323007225990295,0.08836732059717178,-0.15261049568653107,1.0,0.0,20.0,1.0,1.1402199268341064,0.13101980090141296,-0.000421651866728641,0.0,0.0,0.0,0.0,7.22651219367981,7.246559143066406,7.266194820404053,528,8,0000000000000000,0,0,7.2871527671813965,1,1,1,1,1,1779092630.3921113
7.301208782196028,0,sine_low_wl5m,2.0,0.2396702019262196,2.5708885192871094,-0.1310146003961563,0.23116974532604218,90.42900534050294,-7.079128735068577,0.0,0.0,0.0,0.996958947567982,0.07792853690492195,-0.9459461408040973,0.1487912234417078,0.0,0.0,0.0,0.015241343738616277,0.0,0.0,0.0,0.0,0.0,-0.08774397351057657,0.18335980198355892,-0.08774397351057657,0.18335980198355892,1.0071041584014893,0.8323007225990295,0.08836732059717178,-0.15261049568653107,1.0,0.0,20.0,1.0,1.1402199268341064,0.13101980090141296,-0.000421651866728641,0.0,0.0,0.0,0.0,7.326787948608398,7.346432447433472,7.266194820404053,528,8,0000000000000000,0,0,7.2871527671813965,1,1,1,1,1,1779092630.3921113
7.351208782196028,0,sine_low_wl5m,2.0,0.2640784871099194,2.5708885192871094,-0.1310146003961563,0.23116974532604218,90.42900534050294,-7.079128735068577,0.0,0.0,0.0,0.996958947567982,0.07792853690492195,-0.9459461408040973,0.1487912234417078,0.0,0.0,0.0,0.015241343738616277,0.0,0.0,0.0,0.0,0.0,-0.08775022272560813,0.19309768831159826,-0.08775022272560813,0.19309768831159826,0.9996746778488159,0.8253674507141113,0.08772167563438416,-0.15937654674053192,1.0,0.0,20.0,1.0,1.140195608139038,0.05620131269097328,0.0008432624877821355,0.0,0.0,0.0,0.0,7.326787948608398,7.346432447433472,7.366183280944824,528,8,0000000000000000,0,0,7.387018203735352,1,1,1,1,1,1779092630.491506
7.4012087821960275,0,sine_low_wl5m,2.0,0.2955848261536342,2.7110891342163086,-0.12702719867229462,0.2736439108848572,90.39081782159556,-7.073129363535972,0.0,0.0,0.0,0.9969704810618745,0.0777808452721791,-0.8277414105887001,0.12994708086858733,0.0,0.0,0.0,0.014718354785474161,0.0,0.0,0.0,0.0,0.0,-0.08775022272560813,0.19309768831159826,-0.08775022272560813,0.19309768831159826,0.9996746778488159,0.8253674507141113,0.08772167563438416,-0.15937654674053192,1.0,0.0,20.0,1.0,1.140195608139038,0.05620131269097328,0.0008432624877821355,0.0,0.0,0.0,0.0,7.426429510116577,7.446433067321777,7.366183280944824,528,8,0000000000000000,0,0,7.387018203735352,1,1,1,1,1,1779092630.491506
7.451208782196027,0,sine_low_wl5m,2.0,0.312908590979257,2.7110891342163086,-0.12702719867229462,0.2736439108848572,90.39081782159556,-7.073129363535972,0.0,0.0,0.0,0.9969704810618745,0.0777808452721791,-0.8277414105887001,0.12994708086858733,0.0,0.0,0.0,0.014718354785474161,0.0,0.0,0.0,0.0,0.0,-0.08426779042354762,0.19875833000361992,-0.08426779042354762,0.19875833000361992,0.9953194260597229,0.8249300718307495,0.08387336879968643,-0.163961723446846,1.0,0.0,20.0,1.0,1.1403820514678955,-0.0013724478194490075,-0.00027754769701552224,0.0,0.0,0.0,0.0,7.426429510116577,7.446433067321777,7.466245412826538,528,8,0000000000000000,0,0,7.486364126205444,1,1,1,1,1,1779092630.5917704
7.501208782196027,0,sine_low_wl5m,2.0,0.3329155140943685,2.8117263317108154,-0.14657120406627655,0.2628624737262726,90.3258642542564,-7.0629653828096135,0.0,0.0,0.0,0.9970084237997985,0.07729296780588471,-0.5322009815498207,0.08301658315811179,0.0,0.0,0.0,0.0038506047554498746,0.0,0.0,0.0,0.0,0.0,-0.08426779042354762,0.19875833000361992,-0.08426779042354762,0.19875833000361992,0.9953194260597229,0.8249300718307495,0.08387336879968643,-0.163961723446846,1.0,0.0,20.0,1.0,1.1403820514678955,-0.0013724478194490075,-0.00027754769701552224,0.0,0.0,0.0,0.0,7.526454448699951,7.5463707447052,7.466245412826538,528,8,0000000000000000,0,0,7.486364126205444,1,1,1,1,1,1779092630.5917704
7.551208782196027,0,sine_low_wl5m,2.0,0.342071720202099,2.8117263317108154,-0.14657120406627655,0.2628624737262726,90.3258642542564,-7.0629653828096135,0.0,0.0,0.0,0.9970084237997985,0.07729296780588471,-0.5322009815498207,0.08301658315811179,0.0,0.0,0.0,0.0038506047554498746,0.0,0.0,0.0,0.0,0.0,-0.08282999165842832,0.2009326235612863,-0.08282999165842832,0.2009326235612863,0.9941524863243103,0.8248797059059143,0.0823456421494484,-0.16574524343013763,1.0,0.0,20.0,1.0,1.14009690284729,-0.03736017271876335,-6.232062476737329e-06,0.0,0.0,0.0,0.0,7.526454448699951,7.5463707447052,7.566166400909424,528,8,a7000000a4000000,167,164,7.586362600326538,1,1,1,1,1,1779092630.6917374
7.601208782196027,0,sine_low_wl5m,2.0,0.3493169908675491,2.876695394515991,-0.158635213971138,0.26839280128479004,90.25271923197292,-7.05157026912155,0.0,0.0,0.0,0.9970377307619528,0.07691400026689423,-0.0,0.0,0.0,0.0,0.0,-0.000421651866728641,0.0,0.0,0.0,0.0,0.0,-0.08282999165842832,0.2009326235612863,-0.08282999165842832,0.2009326235612863,0.9941524863243103,0.8248797059059143,0.0823456421494484,-0.16574524343013763,1.0,0.0,20.0,1.0,1.14009690284729,-0.03736017271876335,-6.232062476737329e-06,0.0,0.0,0.0,0.0,7.626460790634155,7.646419525146484,7.566166400909424,528,8,a7000000a4000000,167,164,7.586362600326538,1,1,1,1,1,1779092630.6917374
7.651208782196027,0,sine_low_wl5m,2.0,0.3497459540550513,2.876695394515991,-0.158635213971138,0.26839280128479004,90.25271923197292,-7.05157026912155,0.0,0.0,0.0,0.9970377307619528,0.07691400026689423,-0.0,0.0,0.0,0.0,0.0,-0.000421651866728641,0.0,0.0,0.0,0.0,0.0,-0.08024175495477241,0.20498923762308577,-0.08024175495477241,0.20498923762308577,0.9919636845588684,0.824228823184967,0.07959690690040588,-0.16895803809165955,1.0,0.0,20.0,1.0,1.1402521133422852,-0.06198665499687195,0.0004685925623390165,0.0,0.0,0.0,0.0,7.626460790634155,7.646419525146484,7.666198253631592,528,8,a9000000a2000000,169,162,7.686275959014893,1,1,1,1,1,1779092630.7916815
7.7012087821960264,0,sine_low_wl5m,2.0,0.34377132781122977,2.862399101257324,-0.13092994689941406,0.17572712898254395,90.1978888308249,-7.042980353637062,0.0,0.0,0.0,0.9971180941746979,0.07586505301796338,-0.5587297419688212,0.08551618405862355,0.0,0.0,0.0,0.1023947405444395,0.0,0.0,0.0,0.0,0.0,-0.08024175495477241,0.20498923762308577,-0.08024175495477241,0.20498923762308577,0.9919636845588684,0.824228823184967,0.07959690690040588,-0.16895803809165955,1.0,0.0,20.0,1.0,1.1402521133422852,-0.06198665499687195,0.0004685925623390165,0.0,0.0,0.0,0.0,7.726734161376953,7.746525287628174,7.666198253631592,528,8,a9000000a2000000,169,162,7.686275959014893,1,1,1,1,1,1779092630.7916815
7.751208782196026,0,sine_low_wl5m,2.0,0.3354336319521795,2.862399101257324,-0.13092994689941406,0.17572712898254395,90.1978888308249,-7.042980353637062,0.0,0.0,0.0,0.9971180941746979,0.07586505301796338,-0.5587297419688212,0.08551618405862355,0.0,0.0,0.0,0.1023947405444395,0.0,0.0,0.0,0.0,0.0,-0.07808326125495782,0.2079578081431366,-0.07808326125495782,0.2079578081431366,0.9900564551353455,0.8237878084182739,0.0773068368434906,-0.1713131070137024,1.0,0.0,20.0,1.0,1.140336036682129,-0.07705812901258469,-0.00037592083178993995,0.0,0.0,0.0,0.0,7.726734161376953,7.746525287628174,7.766281604766846,528,8,ab000000a0000000,171,160,7.786527156829834,1,1,1,1,1,1779092630.891723
7.801208782196026,0,sine_low_wl5m,2.0,0.316620416209988,2.761352777481079,-0.11679649353027344,0.13519805669784546,90.13744292628625,-7.033827400864374,0.0,0.0,0.0,0.997141723572273,0.0755538424655997,-0.7757223009508945,0.1182323923233056,0.0,0.0,0.0,-0.04682591784727932,0.0,0.0,0.0,0.0,0.0,-0.07808326125495782,0.2079578081431366,-0.07808326125495782,0.2079578081431366,0.9900564551353455,0.8237878084182739,0.0773068368434906,-0.1713131070137024,1.0,0.0,20.0,1.0,1.140336036682129,-0.07705812901258469,-0.00037592083178993995,0.0,0.0,0.0,0.0,7.826507568359375,7.846399545669556,7.766281604766846,528,8,ab000000a0000000,171,160,7.786527156829834,1,1,1,1,1,1779092630.891723
7.851208782196026,0,sine_low_wl5m,2.0,0.30006798865406925,2.761352777481079,-0.11679649353027344,0.13519805669784546,90.13744292628625,-7.033827400864374,0.0,0.0,0.0,0.997141723572273,0.0755538424655997,-0.7757223009508945,0.1182323923233056,0.0,0.0,0.0,-0.04682591784727932,0.0,0.0,0.0,0.0,0.0,-0.07749299345959845,0.20895424399337154,-0.07749299345959845,0.20895424399337154,0.9894492626190186,0.8232216238975525,0.07667538523674011,-0.17201565206050873,1.0,0.0,20.0,1.0,1.1401782035827637,-0.079519122838974,0.0005542886172864316,0.0,0.0,0.0,0.0,7.826507568359375,7.846399545669556,7.866240501403809,528,8,ac0000009f000000,172,159,7.886181831359863,1,1,1,1,1,1779092630.99145
7.901208782196026,0,sine_low_wl5m,2.0,0.2695720223694306,2.5531482696533203,-0.12313567101955414,0.16892167925834656,90.08500536638225,-7.025760397427828,0.0,0.0,0.0,0.9970707096766839,0.0764852920817722,-0.874080568198359,0.1348952177933888,0.0,0.0,0.0,0.0052017019543555525,0.0,0.0,0.0,0.0,0.0,-0.07749299345959845,0.20895424399337154,-0.07749299345959845,0.20895424399337154,0.9894492626190186,0.8232216238975525,0.07667538523674011,-0.17201565206050873,1.0,0.0,20.0,1.0,1.1401782035827637,-0.079519122838974,0.0005542886172864316,0.0,0.0,0.0,0.0,7.926785707473755,7.946571588516235,7.866240501403809,528,8,ac0000009f000000,172,159,7.886181831359863,1,1,1,1,1,1779092630.99145
7.951208782196026,0,sine_low_wl5m,2.0,0.24578421980667536,2.5531482696533203,-0.12313567101955414,0.16892167925834656,90.08500536638225,-7.025760397427828,0.0,0.0,0.0,0.9970707096766839,0.0764852920817722,-0.874080568198359,0.1348952177933888,0.0,0.0,0.0,0.0052017019543555525,0.0,0.0,0.0,0.0,0.0,-0.07639274288239806,0.21046124921835432,-0.07639274288239806,0.21046124921835432,0.988407552242279,0.8224136829376221,0.07550716400146484,-0.17308621108531952,1.0,0.0,20.0,1.0,1.138364315032959,-0.07869111001491547,-0.0003252330573564958,0.0,0.0,0.0,0.0,7.926785707473755,7.946571588516235,7.966623067855835,528,8,ad0000009d000000,173,157,7.986712694168091,1,1,1,1,1,1779092631.0915513
8.001208782196025,0,sine_low_wl5m,2.0,0.20555680608547627,2.2311031818389893,-0.14069914817810059,0.18818730115890503,90.05058535093639,-7.020467532618701,0.0,0.0,0.0,0.9971133554407047,0.07592730998645313,-0.9794016443464144,0.15002714336734674,0.0,0.0,0.0,0.04312357512202526,0.0,0.0,0.0,0.0,0.0,-0.07639274288239806,0.21046124921835432,-0.07639274288239806,0.21046124921835432,0.988407552242279,0.8224136829376221,0.07550716400146484,-0.17308621108531952,1.0,0.0,20.0,1.0,1.138364315032959,-0.07869111001491547,-0.0003252330573564958,0.0,0.0,0.0,0.0,8.026684284210205,8.046479225158691,7.966623067855835,528,8,ad0000009d000000,173,157,7.986712694168091,1,1,1,1,1,1779092631.0915513
8.051208782196026,0,sine_low_wl5m,2.0,0.17610936393837903,2.2311031818389893,-0.14069914817810059,0.18818730115890503,90.05058535093639,-7.020467532618701,0.0,0.0,0.0,0.9971133554407047,0.07592730998645313,-0.9794016443464144,0.15002714336734674,0.0,0.0,0.0,0.04312357512202526,0.0,2.0,0.07003070563345623,2.0,0.07003070563345623,2.656973885774637,0.2615454987154236,0.656973885774637,0.19151479308196737,0.8394290208816528,0.7779504060745239,-0.23034098744392395,-0.13343872129917145,1.0,0.0,20.0,1.0,1.1415667533874512,-0.07533657550811768,-0.0012511869937295234,167.1585669364708,163.68320453014633,167.0,164.0,8.026684284210205,8.046479225158691,8.066185235977173,528,8,ae0000009d000000,174,157,8.086210012435913,1,1,1,1,1,1779092631.1931152
8.101208782196027,0,sine_low_wl5m,2.0,0.1287234782176294,1.813250184059143,-0.11026208847761154,0.19374114274978638,90.02543988824945,-7.016633214781802,0.0,0.0,0.0,0.9971575742001035,0.07534435755492873,-1.0058737475540758,0.15287870035475573,0.0,0.0,0.0,0.05289493739474066,0.0,2.0,0.07003070563345623,2.0,0.07003070563345623,2.656973885774637,0.2615454987154236,0.656973885774637,0.19151479308196737,0.8394290208816528,0.7779504060745239,-0.23034098744392395,-0.13343872129917145,1.0,0.0,20.0,1.0,1.1415667533874512,-0.07533657550811768,-0.0012511869937295234,167.1585669364708,163.68320453014633,167.0,164.0,8.126775979995728,8.146497249603271,8.066185235977173,528,8,ae0000009d000000,174,157,8.086210012435913,1,1,1,1,1,1779092631.1931152
8.151208782196028,0,sine_low_wl5m,2.0,0.09539973675892165,1.813250184059143,-0.11026208847761154,0.19374114274978638,90.02543988824945,-7.016633214781802,0.0,0.0,0.0,0.9971575742001035,0.07534435755492873,-1.0058737475540758,0.15287870035475573,0.0,0.0,0.0,0.05289493739474066,0.0,2.0,0.1531243273236475,2.0,0.1531243273236475,2.752033770557106,0.39672506258827517,0.7520337705571061,0.24360073526462767,0.8265582323074341,0.8175399303436279,-0.27471616864204407,-0.1712142527103424,1.0,0.0,20.0,1.0,1.1413981914520264,-0.17011843621730804,0.019844760261855124,169.22038001128777,161.62139145532933,169.0,162.0,8.126775979995728,8.146497249603271,8.166310787200928,528,8,ae0000009d000000,174,157,8.186482667922974,1,1,1,1,1,1779092631.2932942
8.201208782196028,0,sine_low_wl5m,2.0,0.04373195713108853,1.423960566520691,-0.10072967410087585,0.1778661459684372,89.99549729309389,-7.012117510617476,0.0,0.0,0.0,0.997228750221888,0.07439636907061668,-0.9995863734625186,0.1499792383241245,0.0,0.0,0.0,0.058882866995189694,0.0,2.0,0.1531243273236475,2.0,0.1531243273236475,2.752033770557106,0.39672506258827517,0.7520337705571061,0.24360073526462767,0.8265582323074341,0.8175399303436279,-0.27471616864204407,-0.1712142527103424,1.0,0.0,20.0,1.0,1.1413981914520264,-0.17011843621730804,0.019844760261855124,169.22038001128777,161.62139145532933,169.0,162.0,8.226582288742065,8.246570110321045,8.166310787200928,528,8,ae0000009d000000,174,157,8.186482667922974,1,1,1,1,1,1779092631.2932942
8.251208782196029,0,sine_low_wl5m,2.0,0.008640156106172584,1.423960566520691,-0.10072967410087585,0.1778661459684372,89.99549729309389,-7.012117510617476,0.0,0.0,0.0,0.997228750221888,0.07439636907061668,-0.9995863734625186,0.1499792383241245,0.0,0.0,0.0,0.058882866995189694,0.0,2.0,0.22656379015378947,2.0,0.22656379015378947,2.821317766545893,0.49985431873817526,0.8213177665458931,0.2732905285843858,0.8196430206298828,0.8563817143440247,-0.3124734163284302,-0.20150230824947357,1.0,0.0,20.0,1.0,1.1414878368377686,-0.09394809603691101,-0.009928003864525251,171.0426431596589,159.7991283069583,171.0,160.0,8.226582288742065,8.246570110321045,8.266296863555908,528,8,ae0000009d000000,174,157,8.28624963760376,1,1,1,1,1,1779092631.3928106
8.30120878219603,0,sine_low_wl5m,2.0,-0.04402113192086143,1.0535821914672852,-0.08237957209348679,0.20182660222053528,89.97813367186102,-7.009522253501036,0.0,0.0,0.0,0.9972590019721536,0.07398974919206239,-1.0128624044459307,0.1511267232395434,0.0,0.0,0.0,0.03085467533825392,0.0,2.0,0.22656379015378947,2.0,0.22656379015378947,2.821317766545893,0.49985431873817526,0.8213177665458931,0.2732905285843858,0.8196430206298828,0.8563817143440247,-0.3124734163284302,-0.20150230824947357,1.0,0.0,20.0,1.0,1.1414878368377686,-0.09394809603691101,-0.009928003864525251,171.0426431596589,159.7991283069583,171.0,160.0,8.326731443405151,8.346439361572266,8.266296863555908,528,8,ae0000009d000000,174,157,8.28624963760376,1,1,1,1,1,1779092631.3928106
8.35120878219603,0,sine_low_wl5m,2.0,-0.07864208746225147,1.0535821914672852,-0.08237957209348679,0.20182660222053528,89.97813367186102,-7.009522253501036,0.0,0.0,0.0,0.9972590019721536,0.07398974919206239,-1.0128624044459307,0.1511267232395434,0.0,0.0,0.0,0.03085467533825392,0.0,2.0,0.2857888282034521,2.0,0.2857888282034521,2.83815480898166,0.5681268177330933,0.8381548089816602,0.2823379895296412,0.8235759735107422,0.888480007648468,-0.33743610978126526,-0.21898049116134644,1.0,0.0,20.0,1.0,1.1410439014434814,0.19304947555065155,-0.036261457869531416,172.51220189742347,158.32956956919367,173.0,158.0,8.326731443405151,8.346439361572266,8.3662748336792,528,8,ad0000009e000000,173,158,8.38616394996643,1,1,1,1,1,1779092631.4927428
8.401208782196031,0,sine_low_wl5m,2.0,-0.1289279045745534,0.7283685207366943,-0.07653238624334335,0.2140984684228897,89.9429069482227,-7.004277456009324,0.0,0.0,0.0,0.997271012633417,0.07382768695495678,-0.9931794275494626,0.14785990737322394,0.0,0.0,0.0,-0.009455608487699305,0.0,2.0,0.2857888282034521,2.0,0.2857888282034521,2.83815480898166,0.5681268177330933,0.8381548089816602,0.2823379895296412,0.8235759735107422,0.888480007648468,-0.33743610978126526,-0.21898049116134644,1.0,0.0,20.0,1.0,1.1410439014434814,0.19304947555065155,-0.036261457869531416,172.51220189742347,158.32956956919367,173.0,158.0,8.42656683921814,8.446617126464844,8.3662748336792,528,8,ad0000009e000000,173,158,8.38616394996643,1,1,1,1,1,1779092631.4927428
8.451208782196032,0,sine_low_wl5m,2.0,-0.1609911072049853,0.7283685207366943,-0.07653238624334335,0.2140984684228897,89.9429069482227,-7.004277456009324,0.0,0.0,0.0,0.997271012633417,0.07382768695495678,-0.9931794275494626,0.14785990737322394,0.0,0.0,0.0,-0.009455608487699305,0.0,2.0,0.3270614819600592,2.0,0.3270614819600592,2.8183532164422123,0.6204700575644896,0.8183532164422123,0.2934085756044304,0.8290485143661499,0.8938902020454407,-0.3365515470504761,-0.22757062315940857,1.0,0.0,20.0,1.0,1.140805721282959,0.44830799102783203,0.07334101593842224,173.5363057385708,157.30546572804636,174.0,157.0,8.42656683921814,8.446617126464844,8.466221332550049,528,8,ab000000a0000000,171,160,8.486646890640259,1,1,1,1,1,1779092631.5937982
8.501208782196032,0,sine_low_wl5m,2.0,-0.20586977911859958,0.4915226399898529,-0.05553767830133438,0.1938159316778183,89.90341587519093,-6.998386416059492,0.0,0.0,0.0,0.9972493344165153,0.07411993662852882,-1.03913000060011,0.155323406273834,0.0,0.0,0.0,-0.01679177551905187,0.0,2.0,0.3270614819600592,2.0,0.3270614819600592,2.8183532164422123,0.6204700575644896,0.8183532164422123,0.2934085756044304,0.8290485143661499,0.8938902020454407,-0.3365515470504761,-0.22757062315940857,1.0,0.0,20.0,1.0,1.140805721282959,0.44830799102783203,0.07334101593842224,173.5363057385708,157.30546572804636,174.0,157.0,8.526620864868164,8.546592235565186,8.466221332550049,528,8,ab000000a0000000,171,160,8.486646890640259,1,1,1,1,1,1779092631.5937982
8.551208782196033,0,sine_low_wl5m,2.0,-0.2332083247107728,0.4915226399898529,-0.05553767830133438,0.1938159316778183,89.90341587519093,-6.998386416059492,0.0,0.0,0.0,0.9972493344165153,0.07411993662852882,-1.03913000060011,0.155323406273834,0.0,0.0,0.0,-0.01679177551905187,0.0,2.0,0.34777935414027905,2.0,0.34777935414027905,2.7896734610532334,0.6206073182137635,0.7896734610532334,0.2728279640734844,0.8412543535232544,0.9213018417358398,-0.3468249440193176,-0.22398731112480164,1.0,0.0,20.0,1.0,1.1408591270446777,0.667424738407135,-0.03320564869426271,174.05038105355501,156.79139041306212,174.0,157.0,8.526620864868164,8.546592235565186,8.566359043121338,528,8,a9000000a1000000,169,161,8.586286544799805,1,1,1,1,1,1779092631.6935248
8.601208782196034,0,sine_low_wl5m,2.0,-0.26979226240279586,0.31201839447021484,-0.04436318576335907,0.1875167340040207,89.822550984518,-6.986314471207973,0.0,0.0,0.0,0.9972804105302243,0.07370062939125664,-1.09845861537419,0.16324729015729547,0.0,0.0,0.0,0.027155563146575475,0.0,2.0,0.34777935414027905,2.0,0.34777935414027905,2.7896734610532334,0.6206073182137635,0.7896734610532334,0.2728279640734844,0.8412543535232544,0.9213018417358398,-0.3468249440193176,-0.22398731112480164,1.0,0.0,20.0,1.0,1.1408591270446777,0.667424738407135,-0.03320564869426271,174.05038105355501,156.79139041306212,174.0,157.0,8.626590490341187,8.647173166275024,8.566359043121338,528,8,a9000000a1000000,169,161,8.586286544799805,1,1,1,1,1,1779092631.6935248
8.651208782196035,0,sine_low_wl5m,2.0,-0.2908359946953002,0.31201839447021484,-0.04436318576335907,0.1875167340040207,89.822550984518,-6.986314471207973,0.0,0.0,0.0,0.9972804105302243,0.07370062939125664,-1.09845861537419,0.16324729015729547,0.0,0.0,0.0,0.027155563146575475,0.0,2.0,0.3466338502868902,2.0,0.3466338502868902,2.7111060941138585,0.609527923102608,0.7111060941138585,0.26289407281571775,0.8565870523452759,0.9158631563186646,-0.3222983777523041,-0.2116103172302246,1.0,0.0,20.0,1.0,1.1415042877197266,0.8130053281784058,0.05640662661447665,174.02195751424924,156.8198139523679,174.0,157.0,8.626590490341187,8.647173166275024,8.666443347930908,528,8,a7000000a3000000,167,163,8.686188459396362,1,1,1,1,1,1779092631.7932515
8.701208782196035,0,sine_low_wl5m,2.0,-0.31672818234501376,0.18048244714736938,-0.0392628014087677,0.18685492873191833,89.7497757533985,-6.97560309668287,0.0,0.0,0.0,0.9973696646630553,0.07248277043480486,-1.1383338153384932,0.1663328647020508,0.0,0.0,0.0,0.04055190711562206,0.0,2.0,0.3466338502868902,2.0,0.3466338502868902,2.7111060941138585,0.609527923102608,0.7111060941138585,0.26289407281571775,0.8565870523452759,0.9158631563186646,-0.3222983777523041,-0.2116103172302246,1.0,0.0,20.0,1.0,1.1415042877197266,0.8130053281784058,0.05640662661447665,174.02195751424924,156.8198139523679,174.0,157.0,8.726425886154175,8.74678635597229,8.666443347930908,528,8,a7000000a3000000,167,163,8.686188459396362,1,1,1,1,1,1779092631.7932515
8.751208782196036,0,sine_low_wl5m,2.0,-0.3300908862692816,0.18048244714736938,-0.0392628014087677,0.18685492873191833,89.7497757533985,-6.97560309668287,0.0,0.0,0.0,0.9973696646630553,0.07248277043480486,-1.1383338153384932,0.1663328647020508,0.0,0.0,0.0,0.04055190711562206,0.0,2.0,0.3236944942911376,2.0,0.3236944942911376,2.6738685243535927,0.5701634250332219,0.6738685243535927,0.2464689307420843,0.8633285164833069,0.9138132333755493,-0.30842694640159607,-0.1973283886909485,1.0,0.0,20.0,1.0,1.1410951614379883,0.9231007695198059,-0.015279156317135383,173.45276022620385,157.38901124041325,173.0,157.0,8.726425886154175,8.74678635597229,8.766148805618286,528,8,a5000000a6000000,165,166,8.78639531135559,1,1,1,1,1,1779092631.8928711
8.801208782196037,0,sine_low_wl5m,2.0,-0.34382551554879376,0.09059619158506393,-0.034133683890104294,0.1856812983751297,89.71764434274168,-6.97092844234383,0.0,0.0,0.0,0.9973968392306398,0.07210787122588841,-1.1582005925400511,0.16834660193979625,0.0,0.0,0.0,0.005692452452830232,0.0,2.0,0.3236944942911376,2.0,0.3236944942911376,2.6738685243535927,0.5701634250332219,0.6738685243535927,0.2464689307420843,0.8633285164833069,0.9138132333755493,-0.30842694640159607,-0.1973283886909485,1.0,0.0,20.0,1.0,1.1410951614379883,0.9231007695198059,-0.015279156317135383,173.45276022620385,157.38901124041325,173.0,157.0,8.827785730361938,8.846541404724121,8.766148805618286,528,8,a5000000a6000000,165,166,8.78639531135559,1,1,1,1,1,1779092631.8928711
8.851208782196037,0,sine_low_wl5m,2.0,-0.3486603240128648,0.09059619158506393,-0.034133683890104294,0.1856812983751297,89.71764434274168,-6.97092844234383,0.0,0.0,0.0,0.9973968392306398,0.07210787122588841,-1.1582005925400511,0.16834660193979625,0.0,0.0,0.0,0.005692452452830232,0.0,2.0,0.28047714977726845,2.0,0.28047714977726845,2.6082219859506037,0.5100412225004284,0.6082219859506037,0.22956407272315993,0.8726919293403625,0.8932706117630005,-0.27617427706718445,-0.17512768507003784,1.0,0.0,20.0,1.0,1.1410596370697021,0.9988369941711426,0.03188026105548532,172.380402514925,158.46136895169212,172.0,158.0,8.827785730361938,8.846541404724121,8.866228103637695,528,8,a3000000a8000000,163,168,8.886684894561768,1,1,1,1,1,1779092631.9928057
8.901208782196038,0,sine_low_wl5m,2.0,-0.3493027050032745,0.02296854928135872,-0.034115083515644073,0.1830255687236786,89.61165479734844,-6.955506970889719,0.0,0.0,0.0,0.997383143258441,0.07229706455944195,-1.1976185733817977,0.17454005194519776,0.0,0.0,0.0,0.00034153981131398705,0.0,2.0,0.28047714977726845,2.0,0.28047714977726845,2.6082219859506037,0.5100412225004284,0.6082219859506037,0.22956407272315993,0.8726919293403625,0.8932706117630005,-0.27617427706718445,-0.17512768507003784,1.0,0.0,20.0,1.0,1.1410596370697021,0.9988369941711426,0.03188026105548532,172.380402514925,158.46136895169212,172.0,158.0,8.926486253738403,8.946382761001587,8.866228103637695,528,8,a3000000a8000000,163,168,8.886684894561768,1,1,1,1,1,1779092631.9928057
8.951208782196039,0,sine_low_wl5m,2.0,-0.345314974446553,0.02296854928135872,-0.034115083515644073,0.1830255687236786,89.61165479734844,-6.955506970889719,0.0,0.0,0.0,0.997383143258441,0.07229706455944195,-1.1976185733817977,0.17454005194519776,0.0,0.0,0.0,0.00034153981131398705,0.0,2.0,0.21951786963973788,2.0,0.21951786963973788,2.522922064181422,0.41960728348406123,0.5229220641814218,0.20008941384432335,0.882495105266571,0.8595297932624817,-0.2264663726091385,-0.14114709198474884,1.0,0.0,20.0,1.0,1.141434669494629,1.0600718259811401,0.005692452452830232,170.86781179782275,159.9739596687944,171.0,160.0,8.926486253738403,8.946382761001587,8.966408491134644,528,8,a1000000aa000000,161,170,8.986550092697144,1,1,1,1,1,1779092632.0931954
9.00120878219604,0,sine_low_wl5m,2.0,-0.3328109160510162,-0.021501338109374046,-0.03358415514230728,0.18301202356815338,89.43723328642,-6.930411268558507,0.0,0.0,0.0,0.9975125379430025,0.07048926617939782,-1.2311621592281952,0.174873492558473,0.0,0.0,0.0,0.028518991537483027,0.0,2.0,0.21951786963973788,2.0,0.21951786963973788,2.522922064181422,0.41960728348406123,0.5229220641814218,0.20008941384432335,0.882495105266571,0.8595297932624817,-0.2264663726091385,-0.14114709198474884,1.0,0.0,20.0,1.0,1.141434669494629,1.0600718259811401,0.005692452452830232,170.86781179782275,159.9739596687944,171.0,160.0,9.026744604110718,9.046388387680054,8.966408491134644,528,8,a1000000aa000000,161,170,8.986550092697144,1,1,1,1,1,1779092632.0931954
9.05120878219604,0,sine_low_wl5m,2.0,-0.3202988704997873,-0.021501338109374046,-0.03358415514230728,0.18301202356815338,89.43723328642,-6.930411268558507,0.0,0.0,0.0,0.9975125379430025,0.07048926617939782,-1.2311621592281952,0.174873492558473,0.0,0.0,0.0,0.028518991537483027,0.0,2.0,0.14493121547728413,2.0,0.14493121547728413,2.4589645637879514,0.3066192921094731,0.45896456378795136,0.16168807663218895,0.8866062164306641,0.8217312097549438,-0.18013326823711395,-0.10702742636203766,1.0,0.0,20.0,1.0,1.1412074565887451,1.1031482219696045,0.014192921020276535,169.01708323850715,161.82468822810998,169.0,162.0,9.026744604110718,9.046388387680054,9.066331624984741,528,8,9f000000ac000000,159,172,9.086259365081787,1,1,1,1,1,1779092632.1928172
9.101208782196041,0,sine_low_wl5m,2.0,-0.2954504627766212,-0.051631201058626175,-0.03635281324386597,0.17985743284225464,89.15824350104737,-6.890938822839806,0.0,0.0,0.0,0.9975777232423008,0.06956066482364526,-1.2644130225204648,0.17719551283919158,0.0,0.0,0.0,0.029917503776337437,0.0,2.0,0.14493121547728413,2.0,0.14493121547728413,2.4589645637879514,0.3066192921094731,0.45896456378795136,0.16168807663218895,0.8866062164306641,0.8217312097549438,-0.18013326823711395,-0.10702742636203766,1.0,0.0,20.0,1.0,1.1412074565887451,1.1031482219696045,0.014192921020276535,169.01708323850715,161.82468822810998,169.0,162.0,9.12670111656189,9.146456956863403,9.066331624984741,528,8,9f000000ac000000,159,172,9.086259365081787,1,1,1,1,1,1779092632.1928172
9.151208782196042,0,sine_low_wl5m,2.0,-0.2751228789004148,-0.051631201058626175,-0.03635281324386597,0.17985743284225464,89.15824350104737,-6.890938822839806,0.0,0.0,0.0,0.9975777232423008,0.06956066482364526,-1.2644130225204648,0.17719551283919158,0.0,0.0,0.0,0.029917503776337437,0.0,2.0,0.06109602687807709,2.0,0.06109602687807709,2.234764855488658,0.08875051450547938,0.2347648554886579,0.027654487627402295,0.9336386322975159,0.7425507307052612,-0.08646280318498611,-0.0048057325184345245,1.0,0.0,20.0,1.0,1.1403388977050781,1.1394380331039429,0.04098664045622392,166.9368695654522,163.90490190116495,167.0,164.0,9.12670111656189,9.146456956863403,9.166264057159424,528,8,9e000000ad000000,158,173,9.186342477798462,1,1,1,1,1,1779092632.2930822
9.201208782196042,0,sine_low_wl5m,2.0,-0.23949535995798782,-0.07045892626047134,-0.035604435950517654,0.17989103496074677,89.00107311556364,-6.869063890146506,0.0,0.0,0.0,0.9976194799454601,0.06895921427445154,-1.2975587276635605,0.18024551875195216,0.0,0.0,0.0,0.0003618974893177824,0.0,2.0,0.06109602687807709,2.0,0.06109602687807709,2.234764855488658,0.08875051450547938,0.2347648554886579,0.027654487627402295,0.9336386322975159,0.7425507307052612,-0.08646280318498611,-0.0048057325184345245,1.0,0.0,20.0,1.0,1.1403388977050781,1.1394380331039429,0.04098664045622392,166.9368695654522,163.90490190116495,167.0,164.0,9.226885318756104,9.2466881275177,9.166264057159424,528,8,9e000000ad000000,158,173,9.186342477798462,1,1,1,1,1,1779092632.2930822
9.251208782196043,0,sine_low_wl5m,2.0,-0.21263206443688148,-0.07045892626047134,-0.035604435950517654,0.17989103496074677,89.00107311556364,-6.869063890146506,0.0,0.0,0.0,0.9976194799454601,0.06895921427445154,-1.2975587276635605,0.18024551875195216,0.0,0.0,0.0,0.0003618974893177824,0.0,2.0,-0.026479569166906917,2.0,-0.026479569166906917,2.1713372179062396,-0.0779055974265493,0.17133721790623957,-0.05142602825964239,0.9481172561645508,0.709503710269928,-0.058682285249233246,0.02879474125802517,1.0,0.0,20.0,1.0,1.1398611068725586,1.165574073791504,-0.0004025388667410842,164.76384466549467,166.0779268011225,165.0,166.0,9.226885318756104,9.2466881275177,9.2667818069458,528,8,9d000000ae000000,157,174,9.286258220672607,1,1,1,1,1,1779092632.3928998
9.301208782196044,0,sine_low_wl5m,2.0,-0.16848915500531111,-0.07851540297269821,-0.022294562309980392,0.1786484718322754,88.97983118710691,-6.866115096307152,0.0,0.0,0.0,0.9976236833034613,0.06889837815242861,-1.2975807011749327,0.18008726413716222,0.0,0.0,0.0,0.007031466746392595,0.0,2.0,-0.026479569166906917,2.0,-0.026479569166906917,2.1713372179062396,-0.0779055974265493,0.17133721790623957,-0.05142602825964239,0.9481172561645508,0.709503710269928,-0.058682285249233246,0.02879474125802517,1.0,0.0,20.0,1.0,1.1398611068725586,1.165574073791504,-0.0004025388667410842,164.76384466549467,166.0779268011225,165.0,166.0,9.326758861541748,9.34680438041687,9.2667818069458,528,8,9d000000ae000000,157,174,9.286258220672607,1,1,1,1,1,1779092632.3928998
9.351208782196045,0,sine_low_wl5m,2.0,-0.13682000315354642,-0.07851540297269821,-0.022294562309980392,0.1786484718322754,88.97983118710691,-6.866115096307152,0.0,0.0,0.0,0.9976236833034613,0.06889837815242861,-1.2975807011749327,0.18008726413716222,0.0,0.0,0.0,0.007031466746392595,0.0,2.0,-0.11245624838620454,2.0,-0.11245624838620454,2.1169328814608694,-0.2338688028152264,0.11693288146086944,-0.12141255442902187,0.9609828591346741,0.6764319539070129,-0.034336213022470474,0.04574008285999298,1.0,0.0,20.0,1.0,1.1399760246276855,1.182779312133789,0.027340922999551206,162.63049390116493,168.2112775654522,163.0,168.0,9.326758861541748,9.34680438041687,9.366236209869385,528,8,9d000000ae000000,157,174,9.386360883712769,1,1,1,1,1,1779092632.492545
9.401208782196045,0,sine_low_wl5m,2.0,-0.0868980108304499,-0.07931344211101532,-0.022140352055430412,0.17940786480903625,88.88286161501588,-6.8526848242077145,0.0,0.0,0.0,0.9976383893333508,0.0686851084905424,-1.2976575792751148,0.1795324642394446,0.0,0.0,0.0,-0.0019597434091768186,0.0,2.0,-0.11245624838620454,2.0,-0.11245624838620454,2.1169328814608694,-0.2338688028152264,0.11693288146086944,-0.12141255442902187,0.9609828591346741,0.6764319539070129,-0.034336213022470474,0.04574008285999298,1.0,0.0,20.0,1.0,1.1399760246276855,1.182779312133789,0.027340922999551206,162.63049390116493,168.2112775654522,163.0,168.0,9.4266037940979,9.446564674377441,9.366236209869385,528,8,9d000000ae000000,157,174,9.386360883712769,1,1,1,1,1,1779092632.492545
9.451208782196046,0,sine_low_wl5m,2.0,-0.052441408672533586,-0.07931344211101532,-0.022140352055430412,0.17940786480903625,88.88286161501588,-6.8526848242077145,0.0,0.0,0.0,0.9976383893333508,0.0686851084905424,-1.2976575792751148,0.1795324642394446,0.0,0.0,0.0,-0.0019597434091768186,0.0,2.0,-0.19140995257676802,2.0,-0.19140995257676802,2.0535862954364363,-0.4180195242534427,0.05358629543643634,-0.22660957167667467,0.9776161313056946,0.6322422623634338,-0.00761908944696188,0.07287965714931488,1.0,0.0,20.0,1.0,1.1398677825927734,1.1987977027893066,0.002152315858019701,160.67140514929562,170.17036631732148,161.0,170.0,9.4266037940979,9.446564674377441,9.46628737449646,528,8,9d000000ae000000,157,174,9.486443281173706,1,1,1,1,1,1779092632.5929177
9.501208782196047,0,stop_after_sine_low,0.0,0.0,-0.07658332586288452,-0.024147119373083115,0.17744390666484833,88.847404067482,-6.8477834676585525,0.0,0.0,0.0,0.9976455044038864,0.06858168518427477,-1.3174566242029526,0.1819933095155733,0.0,0.0,0.0,0.011351560614122909,0.0,2.0,-0.19140995257676802,2.0,-0.19140995257676802,2.0535862954364363,-0.4180195242534427,0.05358629543643634,-0.22660957167667467,0.9776161313056946,0.6322422623634338,-0.00761908944696188,0.07287965714931488,1.0,0.0,20.0,1.0,1.1398677825927734,1.1987977027893066,0.002152315858019701,160.67140514929562,170.17036631732148,161.0,170.0,9.527979612350464,9.547856330871582,9.46628737449646,528,8,9d000000ae000000,157,174,9.486443281173706,1,1,1,1,1,1779092632.5929177
9.551208782196047,0,stop_after_sine_low,0.0,0.0,-0.07658332586288452,-0.024147119373083115,0.17744390666484833,88.847404067482,-6.8477834676585525,0.0,0.0,0.0,0.9976455044038864,0.06858168518427477,-1.3174566242029526,0.1819933095155733,0.0,0.0,0.0,0.011351560614122909,0.0,2.0,-0.2582204253995514,2.0,-0.2582204253995514,2.0017986196664013,-0.6089673065702518,0.0017986196664012688,-0.35074688117070035,0.9934254288673401,0.5907778739929199,0.01136234775185585,0.10154398530721664,1.0,0.0,20.0,1.0,1.140413761138916,1.2177878618240356,0.0044552340344706474,159.01362801070476,171.8281434559124,159.0,172.0,9.527979612350464,9.547856330871582,9.567525625228882,528,8,9e000000ad000000,158,173,9.587669610977173,1,1,1,1,1,1779092632.6929207
9.601208782196048,0,stop_after_sine_low,0.0,0.0,-0.13893777132034302,-0.02336927503347397,0.16985052824020386,88.72144908114986,-6.830484673101147,0.0,0.0,0.0,0.9976824439716483,0.06804220007288751,-1.3242409422327774,0.1814712203926502,0.0,0.0,0.0,-0.00011228098592167956,0.0,2.0,-0.2582204253995514,2.0,-0.2582204253995514,2.0017986196664013,-0.6089673065702518,0.0017986196664012688,-0.35074688117070035,0.9934254288673401,0.5907778739929199,0.01136234775185585,0.10154398530721664,1.0,0.0,20.0,1.0,1.140413761138916,1.2177878618240356,0.0044552340344706474,159.01362801070476,171.8281434559124,159.0,172.0,9.627785921096802,9.647669315338135,9.567525625228882,528,8,9e000000ad000000,158,173,9.587669610977173,1,1,1,1,1,1779092632.6929207
9.651208782196049,0,stop_after_sine_low,0.0,0.0,-0.13893777132034302,-0.02336927503347397,0.16985052824020386,88.72144908114986,-6.830484673101147,0.0,0.0,0.0,0.9976824439716483,0.06804220007288751,-1.3242409422327774,0.1814712203926502,0.0,0.0,0.0,-0.00011228098592167956,0.0,2.0,-0.3088644914643736,2.0,-0.3088644914643736,1.9798905765629613,-0.7583368444607325,-0.020109423437038698,-0.44947235299635885,1.0013675689697266,0.5635390281677246,0.017401786521077156,0.11848791688680649,1.0,0.0,20.0,1.0,1.139653205871582,1.2350362539291382,0.009475347243333524,157.7569900708679,173.08478139574927,158.0,173.0,9.627785921096802,9.647669315338135,9.667493343353271,528,8,9f000000ac000000,159,172,9.687435626983643,1,1,1,1,1,1779092632.7925723
9.70120878219605,0,stop_after_sine_low,0.0,0.0,-0.12246963381767273,-0.008102870546281338,0.1839647889137268,88.52191873678485,-6.8033733615827705,0.0,0.0,0.0,0.9977515325328289,0.0670214840807878,-1.3311995757153605,0.17965066868605198,0.0,0.0,0.0,0.004398931691949149,0.0,2.0,-0.3088644914643736,2.0,-0.3088644914643736,1.9798905765629613,-0.7583368444607325,-0.020109423437038698,-0.44947235299635885,1.0013675689697266,0.5635390281677246,0.017401786521077156,0.11848791688680649,1.0,0.0,20.0,1.0,1.139653205871582,1.2350362539291382,0.009475347243333524,157.7569900708679,173.08478139574927,158.0,173.0,9.727818727493286,9.747796535491943,9.667493343353271,528,8,9f000000ac000000,159,172,9.687435626983643,1,1,1,1,1,1779092632.7925723
9.75120878219605,0,stop_after_sine_low,0.0,0.0,-0.12246963381767273,-0.008102870546281338,0.1839647889137268,88.52191873678485,-6.8033733615827705,0.0,0.0,0.0,0.9977515325328289,0.0670214840807878,-1.3311995757153605,0.17965066868605198,0.0,0.0,0.0,0.004398931691949149,0.0,2.0,-0.3401065023418203,2.0,-0.3401065023418203,1.9688306032127612,-0.8767332115835594,-0.031169396787238846,-0.5366267092417392,1.0088386535644531,0.5412683486938477,0.013767585158348083,0.13444143533706665,1.0,0.0,20.0,1.0,1.1400601863861084,1.245310664176941,0.011273740521561992,156.98177790415235,173.85999356246478,157.0,174.0,9.727818727493286,9.747796535491943,9.767763137817383,528,8,a0000000aa000000,160,170,9.787498950958252,1,1,1,1,1,1779092632.8932834
9.801208782196051,0,stop_after_sine_low,0.0,0.0,0.02782006375491619,-0.016019297763705254,0.1760704666376114,88.12438811195717,-6.750267104796739,0.0,0.0,0.0,0.9978564871057952,0.06544028683373812,-1.3515409129677722,0.17803613806752328,0.0,0.0,0.0,0.01656297926564987,0.0,2.0,-0.3401065023418203,2.0,-0.3401065023418203,1.9688306032127612,-0.8767332115835594,-0.031169396787238846,-0.5366267092417392,1.0088386535644531,0.5412683486938477,0.013767585158348083,0.13444143533706665,1.0,0.0,20.0,1.0,1.1400601863861084,1.245310664176941,0.011273740521561992,156.98177790415235,173.85999356246478,157.0,174.0,9.827716588973999,9.847608804702759,9.767763137817383,528,8,a0000000aa000000,160,170,9.787498950958252,1,1,1,1,1,1779092632.8932834
9.851208782196052,0,stop_after_sine_low,0.0,0.0,0.02782006375491619,-0.016019297763705254,0.1760704666376114,88.12438811195717,-6.750267104796739,0.0,0.0,0.0,0.9978564871057952,0.06544028683373812,-1.3515409129677722,0.17803613806752328,0.0,0.0,0.0,0.01656297926564987,0.0,2.0,-0.34996955473119834,2.0,-0.34996955473119834,1.9576022391302024,-0.9226709901957595,-0.04239776086979763,-0.5727014354645612,1.0147866010665894,0.5314244031906128,0.013451477512717247,0.14036032557487488,1.0,0.0,20.0,1.0,1.140632152557373,1.2542814016342163,-0.003903931955979396,156.7370446748096,174.10472679180754,157.0,174.0,9.827716588973999,9.847608804702759,9.867461919784546,528,8,a2000000a8000000,162,168,9.887553453445435,1,1,1,1,1,1779092632.9933326
9.901208782196052,0,stop_after_sine_low,0.0,0.0,0.32810983061790466,-0.03996744751930237,0.17223802208900452,87.56306236525168,-6.678246762235649,0.0,0.0,0.0,0.9980686132920565,0.06212119735864229,-1.313104171527694,0.1640946105319326,0.0,0.0,0.0,0.034910186295313325,0.0,2.0,-0.34996955473119834,2.0,-0.34996955473119834,1.9576022391302024,-0.9226709901957595,-0.04239776086979763,-0.5727014354645612,1.0147866010665894,0.5314244031906128,0.013451477512717247,0.14036032557487488,1.0,0.0,20.0,1.0,1.140632152557373,1.2542814016342163,-0.003903931955979396,156.7370446748096,174.10472679180754,157.0,174.0,9.92773175239563,9.947609424591064,9.867461919784546,528,8,a2000000a8000000,162,168,9.887553453445435,1,1,1,1,1,1779092632.9933326
9.951208782196053,0,stop_after_sine_low,0.0,0.0,0.32810983061790466,-0.03996744751930237,0.17223802208900452,87.56306236525168,-6.678246762235649,0.0,0.0,0.0,0.9980686132920565,0.06212119735864229,-1.313104171527694,0.1640946105319326,0.0,0.0,0.0,0.034910186295313325,0.0,2.0,-0.3378314097281803,2.0,-0.3378314097281803,1.958309450098987,-0.8931215701340673,-0.04169054990101295,-0.5552901604058871,1.0152173042297363,0.5326922535896301,0.011890359222888947,0.13792753219604492,1.0,0.0,20.0,1.0,1.139850378036499,1.260530948638916,-0.0057212371016948016,157.0382300794434,173.80354138717374,157.0,174.0,9.92773175239563,9.947609424591064,9.967480897903442,528,8,a5000000a6000000,165,166,9.987514019012451,1,1,1,1,1,1779092633.0930228
10.001208782196054,0,stop_after_sine_low,0.0,0.0,0.5689690709114075,-0.04181653633713722,0.18652456998825073,87.36148759065883,-6.653339056130314,0.0,0.0,0.0,0.9981452363086684,0.06087764149761956,-1.2211013224396703,0.1495079581618823,0.0,0.0,0.0,0.015228726818751828,0.0,2.0,-0.3378314097281803,2.0,-0.3378314097281803,1.958309450098987,-0.8931215701340673,-0.04169054990101295,-0.5552901604058871,1.0152173042297363,0.5326922535896301,0.011890359222888947,0.13792753219604492,1.0,0.0,20.0,1.0,1.139850378036499,1.260530948638916,-0.0057212371016948016,157.0382300794434,173.80354138717374,157.0,174.0,10.02772045135498,10.047770738601685,9.967480897903442,528,8,a5000000a6000000,165,166,9.987514019012451,1,1,1,1,1,1779092633.0930228
10.051208782196055,0,stop_after_sine_low,0.0,0.0,0.5689690709114075,-0.04181653633713722,0.18652456998825073,87.36148759065883,-6.653339056130314,0.0,0.0,0.0,0.9981452363086684,0.06087764149761956,-1.2211013224396703,0.1495079581618823,0.0,0.0,0.0,0.015228726818751828,0.0,2.0,-0.3044996035035032,2.0,-0.3044996035035032,1.966961909919893,-0.7929167400748282,-0.03303809008010705,-0.48841713657132496,1.012906551361084,0.5452806949615479,0.0076513951644301414,0.1278625875711441,1.0,0.0,20.0,1.0,1.1396214962005615,1.2721537351608276,0.02472135354960918,157.86529661575995,172.9764748508572,158.0,173.0,10.02772045135498,10.047770738601685,10.06743860244751,528,8,0000000000000000,0,0,10.08751368522644,1,1,1,1,1,1779092633.1928515
10.101208782196055,0,stop_after_sine_low,0.0,0.0,0.7435071468353271,-0.04423883557319641,0.1845991015434265,87.31510641193748,-6.6476630702103385,0.0,0.0,0.0,0.9981501033290486,0.0607977896325975,-1.148517782103128,0.14043453461962838,0.0,0.0,0.0,0.010266709248705555,0.0,2.0,-0.3044996035035032,2.0,-0.3044996035035032,1.966961909919893,-0.7929167400748282,-0.03303809008010705,-0.48841713657132496,1.012906551361084,0.5452806949615479,0.0076513951644301414,0.1278625875711441,1.0,0.0,20.0,1.0,1.1396214962005615,1.2721537351608276,0.02472135354960918,157.86529661575995,172.9764748508572,158.0,173.0,10.127878665924072,10.147912740707397,10.06743860244751,528,8,0000000000000000,0,0,10.08751368522644,1,1,1,1,1,1779092633.1928515
10.151208782196056,0,stop_after_sine_low,0.0,0.0,0.7435071468353271,-0.04423883557319641,0.1845991015434265,87.31510641193748,-6.6476630702103385,0.0,0.0,0.0,0.9981501033290486,0.0607977896325975,-1.148517782103128,0.14043453461962838,0.0,0.0,0.0,0.010266709248705555,0.0,2.0,-0.25198348925856756,2.0,-0.25198348925856756,1.9885446896507328,-0.6287101029883395,-0.011455310349267167,-0.37672661372977195,1.0068020820617676,0.5788466930389404,-0.0020709338132292032,0.11194327473640442,1.0,0.0,20.0,1.0,1.140277624130249,1.2835462093353271,0.0138464473760713,159.16838593581028,171.67338553080683,159.0,172.0,10.127878665924072,10.147912740707397,10.167448043823242,528,8,0000000000000000,0,0,10.187804937362671,1,1,1,1,1,1779092633.2930732
10.201208782196057,0,stop_after_sine_low,0.0,0.0,0.8756629228591919,-0.04490481689572334,0.17899459600448608,87.27937938708102,-6.6433026282937275,0.0,0.0,0.0,0.9981651545432347,0.060550179650273546,-1.0825765498624438,0.13182649753950462,0.0,0.0,0.0,0.023926435899167032,0.0,2.0,-0.25198348925856756,2.0,-0.25198348925856756,1.9885446896507328,-0.6287101029883395,-0.011455310349267167,-0.37672661372977195,1.0068020820617676,0.5788466930389404,-0.0020709338132292032,0.11194327473640442,1.0,0.0,20.0,1.0,1.140277624130249,1.2835462093353271,0.0138464473760713,159.16838593581028,171.67338553080683,159.0,172.0,10.227754592895508,10.247653484344482,10.167448043823242,528,8,0000000000000000,0,0,10.187804937362671,1,1,1,1,1,1779092633.2930732
10.251208782196057,0,stop_after_sine_low,0.0,0.0,0.8756629228591919,-0.04490481689572334,0.17899459600448608,87.27937938708102,-6.6433026282937275,0.0,0.0,0.0,0.9981651545432347,0.060550179650273546,-1.0825765498624438,0.13182649753950462,0.0,0.0,0.0,0.023926435899167032,0.0,2.0,-0.18371418316776641,2.0,-0.18371418316776641,2.019631472579651,-0.4483517460012075,0.01963147257965092,-0.2646375628334411,0.9969945549964905,0.6159439086914062,-0.013561581261456013,0.09244534373283386,1.0,0.0,20.0,1.0,1.140195369720459,1.2792942523956299,0.01608924684254257,160.8623612981011,169.97941016851607,161.0,170.0,10.227754592895508,10.247653484344482,10.267630815505981,528,8,0000000000000000,0,0,10.287845373153687,1,1,1,1,1,1779092633.3928034
10.301208782196058,0,stop_after_sine_low,0.0,0.0,0.9595809578895569,-0.06449805200099945,0.17907500267028809,87.27214527867815,-6.642422950887441,0.0,0.0,0.0,0.9981702139249438,0.06046671839145939,-1.0759973690763285,0.13084274137019672,0.0,0.0,0.0,0.024262147964458684,0.0,2.0,-0.18371418316776641,2.0,-0.18371418316776641,2.019631472579651,-0.4483517460012075,0.01963147257965092,-0.2646375628334411,0.9969945549964905,0.6159439086914062,-0.013561581261456013,0.09244534373283386,1.0,0.0,20.0,1.0,1.140195369720459,1.2792942523956299,0.01608924684254257,160.8623612981011,169.97941016851607,161.0,170.0,10.327985763549805,10.34769082069397,10.267630815505981,528,8,0000000000000000,0,0,10.287845373153687,1,1,1,1,1,1779092633.3928034
10.351208782196059,0,stop_after_sine_low,0.0,0.0,0.9595809578895569,-0.06449805200099945,0.17907500267028809,87.27214527867815,-6.642422950887441,0.0,0.0,0.0,0.9981702139249438,0.06046671839145939,-1.0759973690763285,0.13084274137019672,0.0,0.0,0.0,0.024262147964458684,0.0,2.0,-0.10378602570247926,2.0,-0.10378602570247926,2.056161943793599,-0.24588111335279478,0.05616194379359918,-0.14209508765031553,0.9850995540618896,0.6708120703697205,-0.025524213910102844,0.061153993010520935,1.0,0.0,20.0,1.0,1.1398284435272217,1.2790535688400269,0.014358741639966954,162.84562928854197,167.99614217807516,163.0,168.0,10.327985763549805,10.34769082069397,10.367474555969238,528,8,0000000000000000,0,0,10.387627601623535,1,1,1,1,1,1779092633.4934545
10.40120878219606,0,stop_after_sine_low,0.0,0.0,1.0299577713012695,-0.058884333819150925,0.17492219805717468,87.26876646755154,-6.642012327932904,0.0,0.0,0.0,0.9981723741967662,0.06043104657699451,-1.0694054500157955,0.1299635904546914,0.0,0.0,0.0,0.02345361736520887,0.0,2.0,-0.10378602570247926,2.0,-0.10378602570247926,2.056161943793599,-0.24588111335279478,0.05616194379359918,-0.14209508765031553,0.9850995540618896,0.6708120703697205,-0.025524213910102844,0.061153993010520935,1.0,0.0,20.0,1.0,1.1398284435272217,1.2790535688400269,0.014358741639966954,162.84562928854197,167.99614217807516,163.0,168.0,10.42781376838684,10.447691440582275,10.367474555969238,528,8,0000000000000000,0,0,10.387627601623535,1,1,1,1,1,1779092633.4934545
10.45120878219606,0,stop_after_sine_low,0.0,0.0,1.0299577713012695,-0.058884333819150925,0.17492219805717468,87.26876646755154,-6.642012327932904,0.0,0.0,0.0,0.9981723741967662,0.06043104657699451,-1.0694054500157955,0.1299635904546914,0.0,0.0,0.0,0.02345361736520887,0.0,2.0,-0.01744765293581183,2.0,-0.01744765293581183,2.0945592001863185,-0.07109422984148768,0.09455920018631847,-0.053646576905675855,0.9763577580451965,0.720242977142334,-0.04503912478685379,0.033757466822862625,1.0,0.0,20.0,1.0,1.1400816440582275,1.2768723964691162,0.024212898607597767,164.98795480291716,165.85381666369997,165.0,166.0,10.42781376838684,10.447691440582275,10.46760082244873,528,8,0000000000000000,0,0,10.487437725067139,1,1,1,1,1,1779092633.5928106
10.501208782196061,0,stop_after_sine_low,0.0,0.0,1.074856162071228,-0.07052171975374222,0.20397216081619263,87.26335658229704,-6.641355460797229,0.0,0.0,0.0,0.9981756194496751,0.06037741909238251,-1.0562166998348383,0.12824561069835105,0.0,0.0,0.0,0.021731547535671174,0.0,2.0,-0.01744765293581183,2.0,-0.01744765293581183,2.0945592001863185,-0.07109422984148768,0.09455920018631847,-0.053646576905675855,0.9763577580451965,0.720242977142334,-0.04503912478685379,0.033757466822862625,1.0,0.0,20.0,1.0,1.1400816440582275,1.2768723964691162,0.024212898607597767,164.98795480291716,165.85381666369997,165.0,166.0,10.528031587600708,10.547733306884766,10.46760082244873,528,8,0000000000000000,0,0,10.487437725067139,1,1,1,1,1,1779092633.5928106
10.551208782196062,0,stop_after_sine_low,0.0,0.0,1.074856162071228,-0.07052171975374222,0.20397216081619263,87.26335658229704,-6.641355460797229,0.0,0.0,0.0,0.9981756194496751,0.06037741909238251,-1.0562166998348383,0.12824561069835105,0.0,0.0,0.0,0.021731547535671174,0.0,0.0,0.0,0.0,0.0,-0.1247256901878066,-0.054860289879220744,-0.1247256901878066,-0.054860289879220744,0.9938550591468811,0.6617844104766846,0.1239592581987381,0.036305684596300125,1.0,0.0,20.0,1.0,1.141352653503418,1.2714482545852661,0.014251760872642022,0.0,0.0,0.0,0.0,10.528031587600708,10.547733306884766,10.567466735839844,528,8,0000000000000000,0,0,10.587348937988281,1,1,1,1,1,1779092633.6941795
10.601208782196062,0,stop_after_sine_low,0.0,0.0,1.116384506225586,-0.06881758570671082,0.1863267719745636,87.25802623005036,-6.640708475440524,0.0,0.0,0.0,0.9981768744546192,0.06035666743622794,-1.0430192558735343,0.12659917282790703,0.0,0.0,0.0,0.009783511378548914,0.0,0.0,0.0,0.0,0.0,-0.1247256901878066,-0.054860289879220744,-0.1247256901878066,-0.054860289879220744,0.9938550591468811,0.6617844104766846,0.1239592581987381,0.036305684596300125,1.0,0.0,20.0,1.0,1.141352653503418,1.2714482545852661,0.014251760872642022,0.0,0.0,0.0,0.0,10.62777853012085,10.647796869277954,10.567466735839844,528,8,0000000000000000,0,0,10.587348937988281,1,1,1,1,1,1779092633.6941795
10.651208782196063,0,stop_after_sine_low,0.0,0.0,1.116384506225586,-0.06881758570671082,0.1863267719745636,87.25802623005036,-6.640708475440524,0.0,0.0,0.0,0.9981768744546192,0.06035666743622794,-1.0430192558735343,0.12659917282790703,0.0,0.0,0.0,0.009783511378548914,0.0,0.0,0.0,0.0,0.0,-0.11394625290158472,-0.008262991925982469,-0.11394625290158472,-0.008262991925982469,0.9824773073196411,0.66435706615448,0.1119496077299118,0.0054895770736038685,1.0,0.0,20.0,1.0,1.1412866115570068,1.2632477283477783,0.034910186295313325,0.0,0.0,0.0,0.0,10.62777853012085,10.647796869277954,10.66744065284729,528,8,0000000000000000,0,0,10.687464952468872,1,1,1,1,1,1779092633.7939777
10.701208782196064,0,stop_after_sine_low,0.0,0.0,1.152467966079712,-0.07106512039899826,0.17637167870998383,87.25386992573097,-6.640204133644019,0.0,0.0,0.0,0.9981778792435848,0.06034004796799067,-1.0298206422539102,0.12496235907668299,0.0,0.0,0.0,0.007848694218242809,0.0,0.0,0.0,0.0,0.0,-0.11394625290158472,-0.008262991925982469,-0.11394625290158472,-0.008262991925982469,0.9824773073196411,0.66435706615448,0.1119496077299118,0.0054895770736038685,1.0,0.0,20.0,1.0,1.1412866115570068,1.2632477283477783,0.034910186295313325,0.0,0.0,0.0,0.0,10.728196620941162,10.747750759124756,10.66744065284729,528,8,0000000000000000,0,0,10.687464952468872,1,1,1,1,1,1779092633.7939777
10.751208782196064,0,stop_after_sine_low,0.0,0.0,1.152467966079712,-0.07106512039899826,0.17637167870998383,87.25386992573097,-6.640204133644019,0.0,0.0,0.0,0.9981778792435848,0.06034004796799067,-1.0298206422539102,0.12496235907668299,0.0,0.0,0.0,0.007848694218242809,0.0,0.0,0.0,0.0,0.0,-0.10724894533844832,0.0013592587496220857,-0.10724894533844832,0.0013592587496220857,0.9729271531105042,0.6738587617874146,0.1043454110622406,-0.000915948417969048,1.0,0.0,20.0,1.0,1.1411950588226318,1.2251677513122559,0.015228726818751828,0.0,0.0,0.0,0.0,10.728196620941162,10.747750759124756,10.767409324645996,528,8,0000000000000000,0,0,10.787408113479614,1,1,1,1,1,1779092633.8940601
10.801208782196065,0,stop_after_sine_low,0.0,0.0,1.170990228652954,-0.07043179124593735,0.16167385876178741,87.2507877858639,-6.6398302942835485,0.0,0.0,0.0,0.9981794149626262,0.06031463789884933,-1.0232255479632133,0.12410922312639466,0.0,0.0,0.0,0.017765962419463224,0.0,0.0,0.0,0.0,0.0,-0.10724894533844832,0.0013592587496220857,-0.10724894533844832,0.0013592587496220857,0.9729271531105042,0.6738587617874146,0.1043454110622406,-0.000915948417969048,1.0,0.0,20.0,1.0,1.1411950588226318,1.2251677513122559,0.015228726818751828,0.0,0.0,0.0,0.0,10.827783584594727,10.847635984420776,10.767409324645996,528,8,0000000000000000,0,0,10.787408113479614,1,1,1,1,1,1779092633.8940601
10.851208782196066,0,stop_after_sine_low,0.0,0.0,1.170990228652954,-0.07043179124593735,0.16167385876178741,87.2507877858639,-6.6398302942835485,0.0,0.0,0.0,0.9981794149626262,0.06031463789884933,-1.0232255479632133,0.12410922312639466,0.0,0.0,0.0,0.017765962419463224,0.0,0.0,0.0,0.0,0.0,-0.10428199437191962,0.006295104641447539,-0.10428199437191962,0.006295104641447539,0.9668353796005249,0.6770080327987671,0.10082352161407471,-0.004261836409568787,1.0,0.0,20.0,1.0,1.1411783695220947,1.0706931352615356,0.017765962419463224,0.0,0.0,0.0,0.0,10.827783584594727,10.847635984420776,10.867640495300293,528,8,0000000000000000,0,0,10.887451887130737,1,1,1,1,1,1779092633.995003
10.901208782196067,0,stop_after_sine_low,0.0,0.0,1.1812492609024048,-0.07134181261062622,0.18046216666698456,87.24400889956746,-6.639009211605828,0.0,0.0,0.0,0.9981844227410478,0.06023170425217243,-1.0100429807725577,0.12233997724671285,0.0,0.0,0.0,0.023575774777971813,0.0,0.0,0.0,0.0,0.0,-0.10428199437191962,0.006295104641447539,-0.10428199437191962,0.006295104641447539,0.9668353796005249,0.6770080327987671,0.10082352161407471,-0.004261836409568787,1.0,0.0,20.0,1.0,1.1411783695220947,1.0706931352615356,0.017765962419463224,0.0,0.0,0.0,0.0,10.928121089935303,10.947684526443481,10.867640495300293,528,8,0000000000000000,0,0,10.887451887130737,1,1,1,1,1,1779092633.995003
10.951208782196067,0,stop_after_sine_low,0.0,0.0,1.1812492609024048,-0.07134181261062622,0.18046216666698456,87.24400889956746,-6.639009211605828,0.0,0.0,0.0,0.9981844227410478,0.06023170425217243,-1.0100429807725577,0.12233997724671285,0.0,0.0,0.0,0.023575774777971813,0.0,0.0,0.0,0.0,0.0,-0.09803292810121206,0.017967435607659635,-0.09803292810121206,0.017967435607659635,0.9531084299087524,0.6780186891555786,0.09343601018190384,-0.012182257138192654,1.0,0.0,20.0,1.0,1.1408281326293945,0.784792423248291,0.008670051850134907,0.0,0.0,0.0,0.0,10.928121089935303,10.947684526443481,10.96747374534607,528,8,0000000000000000,0,0,10.987409591674805,1,1,1,1,1,1779092634.0942645
11.001208782196068,0,stop_after_sine_low,0.0,0.0,1.1937462091445923,-0.07762394100427628,0.1847705841064453,87.24095582500512,-6.638639649609968,0.0,0.0,0.0,0.9981867278745516,0.060193490471111104,-0.9968490463272304,0.12066443698284918,0.0,0.0,0.0,0.025801215380562355,0.0,0.0,0.0,0.0,0.0,-0.09803292810121206,0.017967435607659635,-0.09803292810121206,0.017967435607659635,0.9531084299087524,0.6780186891555786,0.09343601018190384,-0.012182257138192654,1.0,0.0,20.0,1.0,1.1408281326293945,0.784792423248291,0.008670051850134907,0.0,0.0,0.0,0.0,11.027770757675171,11.047605037689209,10.96747374534607,528,8,0000000000000000,0,0,10.987409591674805,1,1,1,1,1,1779092634.0942645
11.051208782196069,0,stop_after_sine_low,0.0,0.0,1.1937462091445923,-0.07762394100427628,0.1847705841064453,87.24095582500512,-6.638639649609968,0.0,0.0,0.0,0.9981867278745516,0.060193490471111104,-0.9968490463272304,0.12066443698284918,0.0,0.0,0.0,0.025801215380562355,0.0,0.0,0.0,0.0,0.0,-0.08922631655364974,0.04528651625176935,-0.08922631655364974,0.04528651625176935,0.9409091472625732,0.6778749227523804,0.083953857421875,-0.030698593705892563,1.0,0.0,20.0,1.0,1.1415295600891113,0.5461415648460388,0.02653772386832889,0.0,0.0,0.0,0.0,11.027770757675171,11.047605037689209,11.067584753036499,528,8,0000000000000000,0,0,11.087378740310669,1,1,1,1,1,1779092634.194113
11.10120878219607,0,stop_after_sine_low,0.0,0.0,1.2259588241577148,-0.07306548207998276,0.1745096892118454,87.23509465800797,-6.637931428943646,0.0,0.0,0.0,0.998193044752406,0.06008864624803275,-0.9902725551187265,0.11965731213033638,0.0,0.0,0.0,0.03510003033794044,0.0,0.0,0.0,0.0,0.0,-0.08922631655364974,0.04528651625176935,-0.08922631655364974,0.04528651625176935,0.9409091472625732,0.6778749227523804,0.083953857421875,-0.030698593705892563,1.0,0.0,20.0,1.0,1.1415295600891113,0.5461415648460388,0.02653772386832889,0.0,0.0,0.0,0.0,11.127993106842041,11.147743463516235,11.067584753036499,528,8,0000000000000000,0,0,11.087378740310669,1,1,1,1,1,1779092634.194113
11.15120878219607,0,stop_after_sine_low,0.0,0.0,1.2259588241577148,-0.07306548207998276,0.1745096892118454,87.23509465800797,-6.637931428943646,0.0,0.0,0.0,0.998193044752406,0.06008864624803275,-0.9902725551187265,0.11965731213033638,0.0,0.0,0.0,0.03510003033794044,0.0,0.0,0.0,0.0,0.0,-0.08596791432163149,0.05084971861849653,-0.08596791432163149,0.05084971861849653,0.9381871819496155,0.6782115697860718,0.08065399527549744,-0.03448686748743057,1.0,0.0,20.0,1.0,1.141455888748169,0.35661521553993225,-0.0018229299917622616,0.0,0.0,0.0,0.0,11.127993106842041,11.147743463516235,11.167435646057129,528,8,0000000000000000,0,0,11.187488317489624,1,1,1,1,1,1779092634.2944245
11.20120878219607,0,stop_after_sine_low,0.0,0.0,1.2349148988723755,-0.0659937784075737,0.20477637648582458,87.23114909529968,-6.637455223032774,0.0,0.0,0.0,0.9981971485953016,0.06002043432206513,-0.977085047504942,0.11792834367343402,0.0,0.0,0.0,0.0341687183888876,0.0,0.0,0.0,0.0,0.0,-0.08596791432163149,0.05084971861849653,-0.08596791432163149,0.05084971861849653,0.9381871819496155,0.6782115697860718,0.08065399527549744,-0.03448686748743057,1.0,0.0,20.0,1.0,1.141455888748169,0.35661521553993225,-0.0018229299917622616,0.0,0.0,0.0,0.0,11.227815628051758,11.247676610946655,11.167435646057129,528,8,0000000000000000,0,0,11.187488317489624,1,1,1,1,1,1779092634.2944245
11.251208782196072,0,stop_after_sine_low,0.0,0.0,1.2349148988723755,-0.0659937784075737,0.20477637648582458,87.23114909529968,-6.637455223032774,0.0,0.0,0.0,0.9981971485953016,0.06002043432206513,-0.977085047504942,0.11792834367343402,0.0,0.0,0.0,0.0341687183888876,0.0,0.0,0.0,0.0,0.0,-0.07896772386506792,0.06476706137686992,-0.07896772386506792,0.06476706137686992,0.9337849617004395,0.6801831126213074,0.07373887300491333,-0.04405346140265465,1.0,0.0,20.0,1.0,1.1413886547088623,0.2227175384759903,0.009875302583811509,0.0,0.0,0.0,0.0,11.227815628051758,11.247676610946655,11.267435073852539,528,8,0000000000000000,0,0,11.287928581237793,1,1,1,1,1,1779092634.3944683
11.301208782196072,0,stop_after_sine_low,0.0,0.0,1.253188967704773,-0.0649385005235672,0.1834162026643753,87.22339238058414,-6.6365208062897745,0.0,0.0,0.0,0.9982039017027435,0.05990801803948714,-0.9573052687443817,0.11532228579746624,0.0,0.0,0.0,0.025744876278403606,0.0,0.0,0.0,0.0,0.0,-0.07896772386506792,0.06476706137686992,-0.07896772386506792,0.06476706137686992,0.9337849617004395,0.6801831126213074,0.07373887300491333,-0.04405346140265465,1.0,0.0,20.0,1.0,1.1413886547088623,0.2227175384759903,0.009875302583811509,0.0,0.0,0.0,0.0,11.327878713607788,11.347689628601074,11.267435073852539,528,8,0000000000000000,0,0,11.287928581237793,1,1,1,1,1,1779092634.3944683
11.351208782196073,0,stop_after_sine_low,0.0,0.0,1.253188967704773,-0.0649385005235672,0.1834162026643753,87.22339238058414,-6.6365208062897745,0.0,0.0,0.0,0.9982039017027435,0.05990801803948714,-0.9573052687443817,0.11532228579746624,0.0,0.0,0.0,0.025744876278403606,0.0,0.0,0.0,0.0,0.0,-0.07023704472705251,0.08011840454691867,-0.07023704472705251,0.08011840454691867,0.9301096200942993,0.6839332580566406,0.06532815098762512,-0.05479564145207405,1.0,0.0,20.0,1.0,1.141362190246582,0.12418325245380402,-0.006829766333236646,0.0,0.0,0.0,0.0,11.327878713607788,11.347689628601074,11.367412090301514,528,8,0000000000000000,0,0,11.387375593185425,1,1,1,1,1,1779092634.4943714
11.401208782196074,0,stop_after_sine_low,0.0,0.0,1.2589105367660522,-0.06417331099510193,0.18650411069393158,87.22240175119376,-6.636401493808714,0.0,0.0,0.0,0.9982046232872641,0.059895993588313025,-0.944103797908362,0.11370888810757389,0.0,0.0,0.0,0.025164375237030242,0.0,0.0,0.0,0.0,0.0,-0.07023704472705251,0.08011840454691867,-0.07023704472705251,0.08011840454691867,0.9301096200942993,0.6839332580566406,0.06532815098762512,-0.05479564145207405,1.0,0.0,20.0,1.0,1.141362190246582,0.12418325245380402,-0.006829766333236646,0.0,0.0,0.0,0.0,11.42790961265564,11.447669267654419,11.367412090301514,528,8,0000000000000000,0,0,11.387375593185425,1,1,1,1,1,1779092634.4943714
11.451208782196074,0,stop_after_sine_low,0.0,0.0,1.2589105367660522,-0.06417331099510193,0.18650411069393158,87.22240175119376,-6.636401493808714,0.0,0.0,0.0,0.9982046232872641,0.059895993588313025,-0.944103797908362,0.11370888810757389,0.0,0.0,0.0,0.025164375237030242,0.0,0.0,0.0,0.0,0.0,-0.06658142041099098,0.08547028165758322,-0.06658142041099098,0.08547028165758322,0.9291857481002808,0.6853682994842529,0.061866506934165955,-0.058578621596097946,1.0,0.0,20.0,1.0,1.1412549018859863,0.06595666706562042,0.0027888191719801334,0.0,0.0,0.0,0.0,11.42790961265564,11.447669267654419,11.467980146408081,528,8,0000000000000000,0,0,11.487449884414673,1,1,1,1,1,1779092634.5940142
11.501208782196075,0,sine_high_wl5m,2.0,5.241282329216733e-05,1.2655699253082275,-0.07765078544616699,0.19680219888687134,87.21395037648725,-6.635385292808624,0.0,0.0,0.0,0.9982105277136503,0.05979751133313122,-0.93092165389432,0.11193486841435751,0.0,0.0,0.0,0.019810264061155762,0.0,0.0,0.0,0.0,0.0,-0.06658142041099098,0.08547028165758322,-0.06658142041099098,0.08547028165758322,0.9291857481002808,0.6853682994842529,0.061866506934165955,-0.058578621596097946,1.0,0.0,20.0,1.0,1.1412549018859863,0.06595666706562042,0.0027888191719801334,0.0,0.0,0.0,0.0,11.528738975524902,11.548857927322388,11.467980146408081,528,8,0000000000000000,0,0,11.487449884414673,1,1,1,1,1,1779092634.5940142
11.551208782196076,0,sine_high_wl5m,2.0,0.09576843528703625,1.2655699253082275,-0.07765078544616699,0.19680219888687134,87.21395037648725,-6.635385292808624,0.0,0.0,0.0,0.9982105277136503,0.05979751133313122,-0.93092165389432,0.11193486841435751,0.0,0.0,0.0,0.019810264061155762,0.0,0.0,0.0,0.0,0.0,-0.05917216253315581,0.10919228406497038,-0.05917216253315581,0.10919228406497038,0.9297997355461121,0.6962647438049316,0.055018261075019836,-0.07602673768997192,1.0,0.0,20.0,1.0,1.14109468460083,0.02666725404560566,0.0012219503823968725,0.0,0.0,0.0,0.0,11.528738975524902,11.548857927322388,11.568471431732178,528,8,0000000000000000,0,0,11.58844518661499,1,1,1,1,1,1779092634.6938896
11.601208782196077,0,sine_high_wl5m,2.0,0.23656961038332835,1.2744708061218262,-0.07461629062891006,0.15558238327503204,87.21298283726107,-6.635268972447414,0.0,0.0,0.0,0.9982110588462879,0.0597886443814598,-0.9177190516759686,0.11033083588975162,0.0,0.0,0.0,0.01895208133100583,0.0,0.0,0.0,0.0,0.0,-0.05917216253315581,0.10919228406497038,-0.05917216253315581,0.10919228406497038,0.9297997355461121,0.6962647438049316,0.055018261075019836,-0.07602673768997192,1.0,0.0,20.0,1.0,1.14109468460083,0.02666725404560566,0.0012219503823968725,0.0,0.0,0.0,0.0,11.628724098205566,11.648650884628296,11.568471431732178,528,8,0000000000000000,0,0,11.58844518661499,1,1,1,1,1,1779092634.6938896
11.651208782196077,0,sine_high_wl5m,2.0,0.32770980143208683,1.2744708061218262,-0.07461629062891006,0.15558238327503204,87.21298283726107,-6.635268972447414,0.0,0.0,0.0,0.9982110588462879,0.0597886443814598,-0.9177190516759686,0.11033083588975162,0.0,0.0,0.0,0.01895208133100583,0.0,0.0,0.0,0.0,0.0,-0.08123652298082178,0.2061269831515011,-0.08123652298082178,0.2061269831515011,0.9930315613746643,0.822461724281311,0.08067043125629425,-0.16953155398368835,1.0,0.0,20.0,1.0,1.1409189701080322,0.004790850915014744,0.0022162948109596854,0.0,0.0,0.0,0.0,11.628724098205566,11.648650884628296,11.668663263320923,528,8,0000000000000000,0,0,11.68852972984314,1,1,1,1,1,1779092634.7950377
11.701208782196078,0,sine_high_wl5m,2.0,0.4578838562807963,1.2773284912109375,-0.07957568764686584,0.1599462330341339,87.17363682005059,-6.6305489973175575,0.0,0.0,0.0,0.9982206092775261,0.059628979645844044,-0.8055109679738325,0.09657945834210116,0.0,0.0,0.0,0.005225644598031419,0.0,0.0,0.0,0.0,0.0,-0.08123652298082178,0.2061269831515011,-0.08123652298082178,0.2061269831515011,0.9930315613746643,0.822461724281311,0.08067043125629425,-0.16953155398368835,1.0,0.0,20.0,1.0,1.1409189701080322,0.004790850915014744,0.0022162948109596854,0.0,0.0,0.0,0.0,11.728761672973633,11.748865842819214,11.668663263320923,528,8,0000000000000000,0,0,11.68852972984314,1,1,1,1,1,1779092634.7950377
11.751208782196079,0,sine_high_wl5m,2.0,0.5392382764009462,1.2773284912109375,-0.07957568764686584,0.1599462330341339,87.17363682005059,-6.6305489973175575,0.0,0.0,0.0,0.9982206092775261,0.059628979645844044,-0.8055109679738325,0.09657945834210116,0.0,0.0,0.0,0.005225644598031419,0.0,0.0,0.0,0.0,0.0,-0.08066872363844241,0.2068377113812037,-0.08066872363844241,0.2068377113812037,0.9924005270004272,0.8220758438110352,0.08005568385124207,-0.17003628611564636,1.0,0.0,20.0,1.0,1.1399922370910645,-0.010805203579366207,-0.002623565591145817,0.0,0.0,0.0,0.0,11.728761672973633,11.748865842819214,11.768585920333862,528,8,0000000000000000,0,0,11.788448333740234,1,1,1,1,1,1779092634.8937635
11.80120878219608,0,sine_high_wl5m,2.0,0.6505703042441078,1.2771306037902832,-0.07947759330272675,0.16804155707359314,87.09846083722994,-6.621560816554982,0.0,0.0,0.0,0.9982488959725787,0.059153543338735765,-0.5084540997942807,0.06047158511785539,0.0,0.0,0.0,0.013025908709123438,0.0,0.0,0.0,0.0,0.0,-0.08066872363844241,0.2068377113812037,-0.08066872363844241,0.2068377113812037,0.9924005270004272,0.8220758438110352,0.08005568385124207,-0.17003628611564636,1.0,0.0,20.0,1.0,1.1399922370910645,-0.010805203579366207,-0.002623565591145817,0.0,0.0,0.0,0.0,11.828893661499023,11.848650932312012,11.768585920333862,528,8,0000000000000000,0,0,11.788448333740234,1,1,1,1,1,1779092634.8937635
11.85120878219608,0,sine_high_wl5m,2.0,0.7167604790021547,1.2771306037902832,-0.07947759330272675,0.16804155707359314,87.09846083722994,-6.621560816554982,0.0,0.0,0.0,0.9982488959725787,0.059153543338735765,-0.5084540997942807,0.06047158511785539,0.0,0.0,0.0,0.013025908709123438,0.0,0.0,0.0,0.0,0.0,-0.07935601974159752,0.20815423143665002,-0.07935601974159752,0.20815423143665002,0.9911806583404541,0.8218570351600647,0.0786561518907547,-0.17107301950454712,1.0,0.0,20.0,1.0,1.1414728164672852,-0.030421435832977295,-0.00044961220214061724,0.0,0.0,0.0,0.0,11.828893661499023,11.848650932312012,11.869264125823975,528,8,0000000000000000,0,0,11.88871955871582,1,1,1,1,1,1779092634.9941137
11.90120878219608,0,sine_high_wl5m,2.0,0.8022986266448328,1.2770410776138306,-0.08773189783096313,0.17431803047657013,87.04774694281761,-6.615542986899873,0.0,0.0,0.0,0.9982772477680257,0.05867313344875714,-0.0,0.0,0.0,0.0,0.0,-0.006829766333236646,0.0,0.0,0.0,0.0,0.0,-0.07935601974159752,0.20815423143665002,-0.07935601974159752,0.20815423143665002,0.9911806583404541,0.8218570351600647,0.0786561518907547,-0.17107301950454712,1.0,0.0,20.0,1.0,1.1414728164672852,-0.030421435832977295,-0.00044961220214061724,0.0,0.0,0.0,0.0,11.92875361442566,11.948715686798096,11.869264125823975,528,8,0000000000000000,0,0,11.88871955871582,1,1,1,1,1,1779092634.9941137
11.951208782196082,0,sine_high_wl5m,2.0,0.8493114252008716,1.2770410776138306,-0.08773189783096313,0.17431803047657013,87.04774694281761,-6.615542986899873,0.0,0.0,0.0,0.9982772477680257,0.05867313344875714,-0.0,0.0,0.0,0.0,0.0,-0.006829766333236646,0.0,0.0,0.0,0.0,0.0,-0.07828942979979919,0.20942178453272792,-0.07828942979979919,0.20942178453272792,0.9900702238082886,0.821311891078949,0.07751203328371048,-0.17200060188770294,1.0,0.0,20.0,1.0,1.140334129333496,-0.0375431589782238,7.240927644075376e-05,0.0,0.0,0.0,0.0,11.92875361442566,11.948715686798096,11.968531370162964,528,8,0000000000000000,0,0,11.988468170166016,1,1,1,1,1,1779092635.094216
12.001208782196082,0,sine_high_wl5m,2.0,0.9036159967712777,1.2729319334030151,-0.08342747390270233,0.19479219615459442,87.02225309134704,-6.61251099422283,0.0,0.0,0.0,0.9982645212012629,0.05888926651617715,-0.4952786170277285,0.05863866435217945,0.0,0.0,0.0,0.04282235776773921,0.0,0.0,0.0,0.0,0.0,-0.07828942979979919,0.20942178453272792,-0.07828942979979919,0.20942178453272792,0.9900702238082886,0.821311891078949,0.07751203328371048,-0.17200060188770294,1.0,0.0,20.0,1.0,1.140334129333496,-0.0375431589782238,7.240927644075376e-05,0.0,0.0,0.0,0.0,12.028785467147827,12.048685789108276,11.968531370162964,528,8,0000000000000000,0,0,11.988468170166016,1,1,1,1,1,1779092635.094216
12.051208782196083,0,sine_high_wl5m,2.0,0.9284806977091312,1.2729319334030151,-0.08342747390270233,0.19479219615459442,87.02225309134704,-6.61251099422283,0.0,0.0,0.0,0.9982645212012629,0.05888926651617715,-0.4952786170277285,0.05863866435217945,0.0,0.0,0.0,0.04282235776773921,0.0,0.0,0.0,0.0,0.0,-0.07796866383712957,0.20995447094254951,-0.07796866383712957,0.20995447094254951,0.9897674918174744,0.8208408951759338,0.07717084884643555,-0.17233921587467194,1.0,0.0,20.0,1.0,1.1398749351501465,-0.035343900322914124,0.0020124016323782674,0.0,0.0,0.0,0.0,12.028785467147827,12.048685789108276,12.068537473678589,528,8,a8000000a3000000,168,163,12.088521003723145,1,1,1,1,1,1779092635.194003
12.101208782196084,0,sine_high_wl5m,2.0,0.9481520500462722,1.278190016746521,-0.06706264615058899,0.18177837133407593,86.95417241524187,-6.604571823881478,0.0,0.0,0.0,0.9983649304914222,0.057161749140992306,-0.6870636463044463,0.07893492322062401,0.0,0.0,0.0,0.05085428626918632,0.0,0.0,0.0,0.0,0.0,-0.07796866383712957,0.20995447094254951,-0.07796866383712957,0.20995447094254951,0.9897674918174744,0.8208408951759338,0.07717084884643555,-0.17233921587467194,1.0,0.0,20.0,1.0,1.1398749351501465,-0.035343900322914124,0.0020124016323782674,0.0,0.0,0.0,0.0,12.128749370574951,12.148681402206421,12.068537473678589,528,8,a8000000a3000000,168,163,12.088521003723145,1,1,1,1,1,1779092635.194003
12.151208782196084,0,sine_high_wl5m,2.0,0.9493119091218941,1.278190016746521,-0.06706264615058899,0.18177837133407593,86.95417241524187,-6.604571823881478,0.0,0.0,0.0,0.9983649304914222,0.057161749140992306,-0.6870636463044463,0.07893492322062401,0.0,0.0,0.0,0.05085428626918632,0.0,0.0,0.0,0.0,0.0,-0.0770466335359058,0.21094400262139196,-0.0770466335359058,0.21094400262139196,0.9889262318611145,0.8203792572021484,0.0761934369802475,-0.17305408418178558,1.0,0.0,20.0,1.0,1.139786720275879,-0.03508283197879791,0.00014683747020830342,0.0,0.0,0.0,0.0,12.128749370574951,12.148681402206421,12.1684889793396,528,8,ae0000009d000000,174,157,12.188459873199463,1,1,1,1,1,1779092635.294115
12.201208782196085,0,sine_high_wl5m,2.0,0.933101894201513,1.2539350986480713,-0.07268237322568893,0.1562787890434265,86.90255123799072,-6.598684769966489,0.0,0.0,0.0,0.9983881423394562,0.056754887331134665,-0.7928397158605991,0.09043258619195937,0.0,0.0,0.0,-0.009167373111994219,0.0,0.0,0.0,0.0,0.0,-0.0770466335359058,0.21094400262139196,-0.0770466335359058,0.21094400262139196,0.9889262318611145,0.8203792572021484,0.0761934369802475,-0.17305408418178558,1.0,0.0,20.0,1.0,1.139786720275879,-0.03508283197879791,0.00014683747020830342,0.0,0.0,0.0,0.0,12.228778600692749,12.248695373535156,12.1684889793396,528,8,ae0000009d000000,174,157,12.188459873199463,1,1,1,1,1,1779092635.294115
12.251208782196086,0,sine_high_wl5m,2.0,0.9104949006011784,1.2539350986480713,-0.07268237322568893,0.1562787890434265,86.90255123799072,-6.598684769966489,0.0,0.0,0.0,0.9983881423394562,0.056754887331134665,-0.7928397158605991,0.09043258619195937,0.0,0.0,0.0,-0.009167373111994219,0.0,0.0,0.0,0.0,0.0,-0.0763909611410537,0.21164729310862287,-0.0763909611410537,0.21164729310862287,0.9885359406471252,0.8200107216835022,0.07551521062850952,-0.17355304956436157,1.0,0.0,20.0,1.0,1.1412220001220703,-0.027720727026462555,-0.0012130004390214473,0.0,0.0,0.0,0.0,12.228778600692749,12.248695373535156,12.268837928771973,528,8,b300000098000000,179,152,12.288481712341309,1,1,1,1,1,1779092635.3953693
12.301208782196086,0,sine_high_wl5m,2.0,0.8594278019234832,1.1740856170654297,-0.07641944289207458,0.15617549419403076,86.85052105962957,-6.5927559675751155,0.0,0.0,0.0,0.9984009633432241,0.05652889876268517,-0.8787759692988764,0.09983163460703329,0.0,0.0,0.0,0.013732403271517106,0.0,0.0,0.0,0.0,0.0,-0.0763909611410537,0.21164729310862287,-0.0763909611410537,0.21164729310862287,0.9885359406471252,0.8200107216835022,0.07551521062850952,-0.17355304956436157,1.0,0.0,20.0,1.0,1.1412220001220703,-0.027720727026462555,-0.0012130004390214473,0.0,0.0,0.0,0.0,12.328827619552612,12.348649024963379,12.268837928771973,528,8,b300000098000000,179,152,12.288481712341309,1,1,1,1,1,1779092635.3953693
12.351208782196087,0,sine_high_wl5m,2.0,0.8144812263117063,1.1740856170654297,-0.07641944289207458,0.15617549419403076,86.85052105962957,-6.5927559675751155,0.0,0.0,0.0,0.9984009633432241,0.05652889876268517,-0.8787759692988764,0.09983163460703329,0.0,0.0,0.0,0.013732403271517106,0.0,0.0,0.0,0.0,0.0,-0.07606202521064456,0.21192425317813088,-0.07606202521064456,0.21192425317813088,0.9882911443710327,0.8199708461761475,0.07517142593860626,-0.1737717092037201,1.0,0.0,20.0,1.0,1.1401612758636475,-0.0286663006991148,-0.0007096748934928757,0.0,0.0,0.0,0.0,12.328827619552612,12.348649024963379,12.369236707687378,528,8,b700000094000000,183,148,12.388446807861328,1,1,1,1,1,1779092635.4944036
12.401208782196088,0,sine_high_wl5m,2.0,0.7317474828433645,0.9458011388778687,-0.053035665303468704,0.1664586067199707,86.82449981845349,-6.589813963436793,0.0,0.0,0.0,0.998426859200533,0.056069660485498385,-0.8986915136248704,0.10125678060092158,0.0,0.0,0.0,0.03529434978064713,0.0,0.0,0.0,0.0,0.0,-0.07606202521064456,0.21192425317813088,-0.07606202521064456,0.21192425317813088,0.9882911443710327,0.8199708461761475,0.07517142593860626,-0.1737717092037201,1.0,0.0,20.0,1.0,1.1401612758636475,-0.0286663006991148,-0.0007096748934928757,0.0,0.0,0.0,0.0,12.428761720657349,12.448693037033081,12.369236707687378,528,8,b700000094000000,183,148,12.388446807861328,1,1,1,1,1,1779092635.4944036
12.451208782196089,0,sine_high_wl5m,2.0,0.6672554401385791,0.9458011388778687,-0.053035665303468704,0.1664586067199707,86.82449981845349,-6.589813963436793,0.0,0.0,0.0,0.998426859200533,0.056069660485498385,-0.8986915136248704,0.10125678060092158,0.0,0.0,0.0,0.03529434978064713,0.0,0.0,0.0,0.0,0.0,-0.07565116532862962,0.212381337305553,-0.07565116532862962,0.212381337305553,0.9880302548408508,0.8197336196899414,0.07474564015865326,-0.17409612238407135,1.0,0.0,20.0,1.0,1.1424574851989746,-0.02382170595228672,0.002579194759216663,0.0,0.0,0.0,0.0,12.428761720657349,12.448693037033081,12.468555450439453,528,8,ba00000090000000,186,144,12.488612413406372,1,1,1,1,1,1779092635.5939546
12.50120878219609,0,sine_high_wl5m,2.0,0.5580644490249185,0.662588894367218,-0.06185387074947357,0.18382953107357025,86.79831690508883,-6.5868808351221135,0.0,0.0,0.0,0.9984552649890316,0.05556153179748308,-0.9450555733312486,0.10550666223134553,0.0,0.0,0.0,0.034096780145389895,0.0,0.0,0.0,0.0,0.0,-0.07565116532862962,0.212381337305553,-0.07565116532862962,0.212381337305553,0.9880302548408508,0.8197336196899414,0.07474564015865326,-0.17409612238407135,1.0,0.0,20.0,1.0,1.1424574851989746,-0.02382170595228672,0.002579194759216663,0.0,0.0,0.0,0.0,12.528820037841797,12.548637866973877,12.468555450439453,528,8,ba00000090000000,186,144,12.488612413406372,1,1,1,1,1,1779092635.5939546
12.55120878219609,0,sine_high_wl5m,2.0,0.4781591017952905,0.662588894367218,-0.06185387074947357,0.18382953107357025,86.79831690508883,-6.5868808351221135,0.0,0.0,0.0,0.9984552649890316,0.05556153179748308,-0.9450555733312486,0.10550666223134553,0.0,0.0,0.0,0.034096780145389895,0.0,2.0,0.19003669975874324,2.0,0.19003669975874324,2.7121658459185656,0.4507816623165035,0.7121658459185656,0.26074496255776025,0.8353021144866943,0.8181800842285156,-0.26547786593437195,-0.17878387868404388,1.0,0.0,20.0,1.0,1.1410729885101318,-0.02396918274462223,-0.010349275616368205,170.13629161269748,160.70547985391966,170.0,161.0,12.528820037841797,12.548637866973877,12.568762302398682,528,8,bd0000008e000000,189,142,12.588610649108887,1,1,1,1,1,1779092635.6951683
12.60120878219609,0,sine_high_wl5m,2.0,0.3493913877086344,0.4425933063030243,-0.05359358713030815,0.16358494758605957,86.7562199103548,-6.582211165367163,0.0,0.0,0.0,0.998489474577333,0.05494332678571153,-1.017892074556157,0.11236218835923666,0.0,0.0,0.0,0.022124337348653315,0.0,2.0,0.19003669975874324,2.0,0.19003669975874324,2.7121658459185656,0.4507816623165035,0.7121658459185656,0.26074496255776025,0.8353021144866943,0.8181800842285156,-0.26547786593437195,-0.17878387868404388,1.0,0.0,20.0,1.0,1.1410729885101318,-0.02396918274462223,-0.010349275616368205,170.13629161269748,160.70547985391966,170.0,161.0,12.62876582145691,12.648694038391113,12.568762302398682,528,8,bd0000008e000000,189,142,12.588610649108887,1,1,1,1,1,1779092635.6951683
12.651208782196091,0,sine_high_wl5m,2.0,0.25894943854960034,0.4425933063030243,-0.05359358713030815,0.16358494758605957,86.7562199103548,-6.582211165367163,0.0,0.0,0.0,0.998489474577333,0.05494332678571153,-1.017892074556157,0.11236218835923666,0.0,0.0,0.0,0.022124337348653315,0.0,2.0,0.41559616058375537,2.0,0.41559616058375537,2.8344483364261843,0.7457200668718408,0.8344483364261843,0.3301239062880854,0.8279142379760742,0.8882998824119568,-0.3466801345348358,-0.2468268871307373,1.0,0.0,20.0,1.0,1.141061782836914,0.1772281378507614,-0.0015627924405908476,175.73312848197764,155.10864298463952,176.0,155.0,12.62876582145691,12.648694038391113,12.66855764389038,528,8,bd0000008e000000,189,142,12.688528060913086,1,1,1,1,1,1779092635.7950082
12.701208782196092,0,sine_high_wl5m,2.0,0.11870741778753822,0.2898198962211609,-0.04253139719367027,0.15125569701194763,86.69533643619818,-6.57551634036382,0.0,0.0,0.0,0.9985118728362786,0.05453475776958541,-1.0774762401131848,0.11804708052299868,0.0,0.0,0.0,0.022041418450145123,0.0,2.0,0.41559616058375537,2.0,0.41559616058375537,2.8344483364261843,0.7457200668718408,0.8344483364261843,0.3301239062880854,0.8279142379760742,0.8882998824119568,-0.3466801345348358,-0.2468268871307373,1.0,0.0,20.0,1.0,1.141061782836914,0.1772281378507614,-0.0015627924405908476,175.73312848197764,155.10864298463952,176.0,155.0,12.728721141815186,12.748726844787598,12.66855764389038,528,8,bd0000008e000000,189,142,12.688528060913086,1,1,1,1,1,1779092635.7950082
12.751208782196093,0,sine_high_wl5m,2.0,0.023482814921834804,0.2898198962211609,-0.04253139719367027,0.15125569701194763,86.69533643619818,-6.57551634036382,0.0,0.0,0.0,0.9985118728362786,0.05453475776958541,-1.0774762401131848,0.11804708052299868,0.0,0.0,0.0,0.022041418450145123,0.0,2.0,0.6149861566011317,2.0,0.6149861566011317,2.8652936413168133,0.9726711406244063,0.8652936413168133,0.35768498402327464,0.8378024101257324,0.924280047416687,-0.40054991841316223,-0.2840343713760376,1.0,0.0,20.0,1.0,1.1410763263702393,0.44985082745552063,0.0032526211784593183,180.6806189441109,150.1611525225062,181.0,150.0,12.728721141815186,12.748726844787598,12.768514633178711,528,8,bc0000008f000000,188,143,12.788507223129272,1,1,1,1,1,1779092635.8951476
12.801208782196094,0,sine_high_wl5m,2.0,-0.11944231304832824,0.16669845581054688,-0.03146222233772278,0.15723596513271332,86.60911137988602,-6.566184656730388,0.0,0.0,0.0,0.9985836353567472,0.053204541137979795,-1.1042356875751476,0.11800234624330176,0.0,0.0,0.0,0.033484547633036474,0.0,2.0,0.6149861566011317,2.0,0.6149861566011317,2.8652936413168133,0.9726711406244063,0.8652936413168133,0.35768498402327464,0.8378024101257324,0.924280047416687,-0.40054991841316223,-0.2840343713760376,1.0,0.0,20.0,1.0,1.1410763263702393,0.44985082745552063,0.0032526211784593183,180.6806189441109,150.1611525225062,181.0,150.0,12.828744649887085,12.848670244216919,12.768514633178711,528,8,bc0000008f000000,188,143,12.788507223129272,1,1,1,1,1,1779092635.8951476
12.851208782196094,0,sine_high_wl5m,2.0,-0.2133817900965274,0.16669845581054688,-0.03146222233772278,0.15723596513271332,86.60911137988602,-6.566184656730388,0.0,0.0,0.0,0.9985836353567472,0.053204541137979795,-1.1042356875751476,0.11800234624330176,0.0,0.0,0.0,0.033484547633036474,0.0,2.0,0.7757321456340724,2.0,0.7757321456340724,2.8322990504362977,1.0,0.8322990504362977,0.22426785436592755,0.8499886989593506,0.9087108373641968,-0.40742218494415283,-0.30498436093330383,1.0,0.0,20.0,1.0,1.1410341262817383,0.6465796232223511,0.010220949087264687,184.66923052669682,146.17254093992034,185.0,146.0,12.828744649887085,12.848670244216919,12.86850619316101,528,8,ba00000091000000,186,145,12.888504266738892,1,1,1,1,1,1779092635.9951344
12.901208782196095,0,sine_high_wl5m,2.0,-0.3499582148383061,0.09448139369487762,-0.023363929241895676,0.15519948303699493,86.57459608395625,-6.562509714840858,0.0,0.0,0.0,0.9985979395840926,0.052935385692416626,-1.1307494174899695,0.12021921352971719,0.0,0.0,0.0,0.02000354530213233,0.0,2.0,0.7757321456340724,2.0,0.7757321456340724,2.8322990504362977,1.0,0.8322990504362977,0.22426785436592755,0.8499886989593506,0.9087108373641968,-0.40742218494415283,-0.30498436093330383,1.0,0.0,20.0,1.0,1.1410341262817383,0.6465796232223511,0.010220949087264687,184.66923052669682,146.17254093992034,185.0,146.0,12.92869257926941,12.94858717918396,12.86850619316101,528,8,ba00000091000000,186,145,12.888504266738892,1,1,1,1,1,1779092635.9951344
12.951208782196096,0,sine_high_wl5m,2.0,-0.43685017547448474,0.09448139369487762,-0.023363929241895676,0.15519948303699493,86.57459608395625,-6.562509714840858,0.0,0.0,0.0,0.9985979395840926,0.052935385692416626,-1.1307494174899695,0.12021921352971719,0.0,0.0,0.0,0.02000354530213233,0.0,2.0,0.8877437353771133,2.0,0.8877437353771133,2.8039527121201595,1.0,0.8039527121201595,0.11225626462288674,0.8612797260284424,0.8773460388183594,-0.41498762369155884,-0.3172057867050171,1.0,0.0,20.0,1.0,1.1408438682556152,0.8111392855644226,0.03992404350994005,187.44858898485026,143.3931824817669,187.0,143.0,12.92869257926941,12.94858717918396,12.968512296676636,528,8,b600000095000000,182,149,12.988544464111328,1,1,1,1,1,1779092636.095124
13.001208782196096,0,sine_high_wl5m,2.0,-0.5587139131470665,0.043401509523391724,-0.022143889218568802,0.1539667844772339,86.48012559256581,-6.552598716662267,0.0,0.0,0.0,0.998652305584281,0.05189963922032395,-1.1706804434793696,0.12200930098066705,0.0,0.0,0.0,0.007402415970683748,0.0,2.0,0.8877437353771133,2.0,0.8877437353771133,2.8039527121201595,1.0,0.8039527121201595,0.11225626462288674,0.8612797260284424,0.8773460388183594,-0.41498762369155884,-0.3172057867050171,1.0,0.0,20.0,1.0,1.1408438682556152,0.8111392855644226,0.03992404350994005,187.44858898485026,143.3931824817669,187.0,143.0,13.028765201568604,13.04865574836731,12.968512296676636,528,8,b600000095000000,182,149,12.988544464111328,1,1,1,1,1,1779092636.095124
13.051208782196097,0,sine_high_wl5m,2.0,-0.6329613392839304,0.043401509523391724,-0.022143889218568802,0.1539667844772339,86.48012559256581,-6.552598716662267,0.0,0.0,0.0,0.998652305584281,0.05189963922032395,-1.1706804434793696,0.12200930098066705,0.0,0.0,0.0,0.007402415970683748,0.0,2.0,0.9439774073974593,2.0,0.9439774073974593,2.721296072672102,1.0,0.7212960726721018,0.05602259260254072,0.8820477724075317,0.8504456877708435,-0.400313138961792,-0.3204944431781769,1.0,0.0,20.0,1.0,1.1399376392364502,0.9354336261749268,0.015652397712320586,188.84392255989655,141.99784890672058,189.0,142.0,13.028765201568604,13.04865574836731,13.068661212921143,528,8,b00000009b000000,176,155,13.088560581207275,1,1,1,1,1,1779092636.1952093
13.101208782196098,0,sine_high_wl5m,2.0,-0.7321722802853624,0.015749460086226463,-0.030056104063987732,0.15244057774543762,86.25131285673328,-6.529262178401697,0.0,0.0,0.0,0.9987523103726808,0.04993818704390809,-1.250550708505403,0.1253699340883636,0.0,0.0,0.0,0.02954856260030979,0.0,2.0,0.9439774073974593,2.0,0.9439774073974593,2.721296072672102,1.0,0.7212960726721018,0.05602259260254072,0.8820477724075317,0.8504456877708435,-0.400313138961792,-0.3204944431781769,1.0,0.0,20.0,1.0,1.1399376392364502,0.9354336261749268,0.015652397712320586,188.84392255989655,141.99784890672058,189.0,142.0,13.128703832626343,13.148972272872925,13.068661212921143,528,8,b00000009b000000,176,155,13.088560581207275,1,1,1,1,1,1779092636.1952093
13.151208782196099,0,sine_high_wl5m,2.0,-0.7895591656541814,0.015749460086226463,-0.030056104063987732,0.15244057774543762,86.25131285673328,-6.529262178401697,0.0,0.0,0.0,0.9987523103726808,0.04993818704390809,-1.250550708505403,0.1253699340883636,0.0,0.0,0.0,0.02954856260030979,0.0,2.0,0.9408905165420364,2.0,0.9408905165420364,2.6311848569891505,1.0,0.6311848569891505,0.05910948345796363,0.9020916223526001,0.8378937840461731,-0.3735698163509369,-0.3171609044075012,1.0,0.0,20.0,1.0,1.1415059566497803,1.0233900547027588,0.04267308030681706,188.76732712697665,142.0744443396405,189.0,142.0,13.128703832626343,13.148972272872925,13.168497800827026,528,8,ac0000009f000000,172,159,13.188426733016968,1,1,1,1,1,1779092636.2952983
13.2012087821961,0,sine_high_wl5m,2.0,-0.8597526815631508,-0.003759112674742937,-0.02870822884142399,0.15191908180713654,86.11491921952125,-6.515773572701402,0.0,0.0,0.0,0.9988090522280679,0.04879013411816625,-1.2706901513313662,0.12443906379891712,0.0,0.0,0.0,0.01226476339328333,0.0,2.0,0.9408905165420364,2.0,0.9408905165420364,2.6311848569891505,1.0,0.6311848569891505,0.05910948345796363,0.9020916223526001,0.8378937840461731,-0.3735698163509369,-0.3171609044075012,1.0,0.0,20.0,1.0,1.1415059566497803,1.0233900547027588,0.04267308030681706,188.76732712697665,142.0744443396405,189.0,142.0,13.228694915771484,13.248635053634644,13.168497800827026,528,8,ac0000009f000000,172,159,13.188426733016968,1,1,1,1,1,1779092636.2952983
13.2512087821961,0,sine_high_wl5m,2.0,-0.8959465497673453,-0.003759112674742937,-0.02870822884142399,0.15191908180713654,86.11491921952125,-6.515773572701402,0.0,0.0,0.0,0.9988090522280679,0.04879013411816625,-1.2706901513313662,0.12443906379891712,0.0,0.0,0.0,0.01226476339328333,0.0,2.0,0.8786913171955592,2.0,0.8786913171955592,2.604340806432293,1.0,0.604340806432293,0.12130868280444085,0.9041553139686584,0.8525714874267578,-0.3547285795211792,-0.3079516887664795,1.0,0.0,20.0,1.0,1.141993761062622,1.0820481777191162,0.024662841062447448,187.22397012980713,143.61780133681003,187.0,144.0,13.228694915771484,13.248635053634644,13.268466711044312,528,8,a6000000a5000000,166,165,13.288739442825317,1,1,1,1,1,1779092636.3951766
13.3012087821961,0,sine_high_wl5m,2.0,-0.9332394562722691,-0.0255080908536911,-0.03743099048733711,0.149992436170578,85.97437642412186,-6.50216599882715,0.0,0.0,0.0,0.998847766002429,0.04799104449745671,-1.2841260466991105,0.1236807925303413,0.0,0.0,0.0,0.013442997570784616,0.0,2.0,0.8786913171955592,2.0,0.8786913171955592,2.604340806432293,1.0,0.604340806432293,0.12130868280444085,0.9041553139686584,0.8525714874267578,-0.3547285795211792,-0.3079516887664795,1.0,0.0,20.0,1.0,1.141993761062622,1.0820481777191162,0.024662841062447448,187.22397012980713,143.61780133681003,187.0,144.0,13.328754663467407,13.348673343658447,13.268466711044312,528,8,a6000000a5000000,166,165,13.288739442825317,1,1,1,1,1,1779092636.3951766
13.351208782196101,0,sine_high_wl5m,2.0,-0.9463589528201792,-0.0255080908536911,-0.03743099048733711,0.149992436170578,85.97437642412186,-6.50216599882715,0.0,0.0,0.0,0.998847766002429,0.04799104449745671,-1.2841260466991105,0.1236807925303413,0.0,0.0,0.0,0.013442997570784616,0.0,2.0,0.7612770206581768,2.0,0.7612770206581768,2.5553901789128055,1.0,0.5553901789128055,0.23872297934182318,0.9076114892959595,0.8762031197547913,-0.3193014860153198,-0.28394246101379395,1.0,0.0,20.0,1.0,1.1406829357147217,1.1381853818893433,0.004162205925373147,184.31055359016204,146.53121787645512,184.0,147.0,13.328754663467407,13.348673343658447,13.368680715560913,528,8,a0000000ab000000,160,171,13.388417720794678,1,1,1,1,1,1779092636.4949162
13.401208782196102,0,sine_high_wl5m,2.0,-0.9481002739348622,-0.03445190563797951,-0.0367470346391201,0.14994549751281738,85.8510831206702,-6.490314123186417,0.0,0.0,0.0,0.998856400512065,0.047810994092166686,-1.290789987821355,0.12385298174625187,0.0,0.0,0.0,0.015507870665362883,0.0,2.0,0.7612770206581768,2.0,0.7612770206581768,2.5553901789128055,1.0,0.5553901789128055,0.23872297934182318,0.9076114892959595,0.8762031197547913,-0.3193014860153198,-0.28394246101379395,1.0,0.0,20.0,1.0,1.1406829357147217,1.1381853818893433,0.004162205925373147,184.31055359016204,146.53121787645512,184.0,147.0,13.42881965637207,13.448647260665894,13.368680715560913,528,8,a0000000ab000000,160,171,13.388417720794678,1,1,1,1,1,1779092636.4949162
13.451208782196103,0,sine_high_wl5m,2.0,-0.9372969817723911,-0.03445190563797951,-0.0367470346391201,0.14994549751281738,85.8510831206702,-6.490314123186417,0.0,0.0,0.0,0.998856400512065,0.047810994092166686,-1.290789987821355,0.12385298174625187,0.0,0.0,0.0,0.015507870665362883,0.0,2.0,0.5959706088655272,2.0,0.5959706088655272,2.486720399898244,0.9330673889457586,0.4867203998982439,0.33709678008023136,0.9180020093917847,0.8955002427101135,-0.2828143239021301,-0.23959146440029144,1.0,0.0,20.0,1.0,1.1411232948303223,1.1770389080047607,0.005992389618929188,180.2087836317418,150.63298783487537,180.0,151.0,13.42881965637207,13.448647260665894,13.4684739112854,528,8,9b000000b0000000,155,176,13.488500595092773,1,1,1,1,1,1779092636.5952055
13.501208782196104,0,sine_high_wl5m,2.0,-0.9034037598166115,-0.03372395411133766,-0.03580048307776451,0.14816150069236755,85.56079192651255,-6.462841908274748,0.0,0.0,0.0,0.9988960923312931,0.046974426289981594,-1.3174775946011714,0.1241869325370816,0.0,0.0,0.0,-0.00526107945729305,0.0,2.0,0.5959706088655272,2.0,0.5959706088655272,2.486720399898244,0.9330673889457586,0.4867203998982439,0.33709678008023136,0.9180020093917847,0.8955002427101135,-0.2828143239021301,-0.23959146440029144,1.0,0.0,20.0,1.0,1.1411232948303223,1.1770389080047607,0.005992389618929188,180.2087836317418,150.63298783487537,180.0,151.0,13.528717041015625,13.549163341522217,13.4684739112854,528,8,9b000000b0000000,155,176,13.488500595092773,1,1,1,1,1,1779092636.5952055
13.551208782196104,0,sine_high_wl5m,2.0,-0.86932005484711,-0.03372395411133766,-0.03580048307776451,0.14816150069236755,85.56079192651255,-6.462841908274748,0.0,0.0,0.0,0.9988960923312931,0.046974426289981594,-1.3174775946011714,0.1241869325370816,0.0,0.0,0.0,-0.00526107945729305,0.0,2.0,0.39310625241826863,2.0,0.39310625241826863,2.4074120412881346,0.6540347433549084,0.4074120412881346,0.2609284909366398,0.9270738363265991,0.8797231316566467,-0.23184871673583984,-0.18226324021816254,1.0,0.0,20.0,1.0,1.1394541263580322,1.2024595737457275,0.013670343458637851,175.17508340265832,155.66668806395884,175.0,156.0,13.528717041015625,13.549163341522217,13.56853199005127,528,8,96000000b5000000,150,181,13.588554620742798,1,1,1,1,1,1779092636.6954684
13.601208782196105,0,sine_high_wl5m,2.0,-0.8019495593095963,-0.03557823225855827,-0.03580497205257416,0.14885301887989044,85.18925284218295,-6.427952363615577,0.0,0.0,0.0,0.9989153600502683,0.046562897844129696,-1.363926488859215,0.12743154163688525,0.0,0.0,0.0,0.004849832649019513,0.0,2.0,0.39310625241826863,2.0,0.39310625241826863,2.4074120412881346,0.6540347433549084,0.4074120412881346,0.2609284909366398,0.9270738363265991,0.8797231316566467,-0.23184871673583984,-0.18226324021816254,1.0,0.0,20.0,1.0,1.1394541263580322,1.2024595737457275,0.013670343458637851,175.17508340265832,155.66668806395884,175.0,156.0,13.628801107406616,13.648655414581299,13.56853199005127,528,8,96000000b5000000,150,181,13.588554620742798,1,1,1,1,1,1779092636.6954684
13.651208782196106,0,sine_high_wl5m,2.0,-0.7467708075158523,-0.03557823225855827,-0.03580497205257416,0.14885301887989044,85.18925284218295,-6.427952363615577,0.0,0.0,0.0,0.9989153600502683,0.046562897844129696,-1.363926488859215,0.12743154163688525,0.0,0.0,0.0,0.004849832649019513,0.0,2.0,0.1658347295320516,2.0,0.1658347295320516,2.245563428430028,0.3145365392089916,0.2455634284300281,0.14870180967694,0.9451916217803955,0.7946180105209351,-0.12248773872852325,-0.08410166949033737,1.0,0.0,20.0,1.0,1.1398582458496094,1.2264080047607422,0.030185290787658525,169.53576490998893,161.30600655662823,170.0,161.0,13.628801107406616,13.648655414581299,13.668506145477295,528,8,92000000b9000000,146,185,13.68850302696228,1,1,1,1,1,1779092636.7952933
13.701208782196106,0,sine_high_wl5m,2.0,-0.6500426434258035,-0.02732214331626892,-0.02708800882101059,0.1478101909160614,84.84889876623556,-6.396396618390657,0.0,0.0,0.0,0.9988979475442122,0.04693495916649255,-1.5624473734856659,0.14715349889116675,0.0,0.0,0.0,-0.12351347081947568,0.0,2.0,0.1658347295320516,2.0,0.1658347295320516,2.245563428430028,0.3145365392089916,0.2455634284300281,0.14870180967694,0.9451916217803955,0.7946180105209351,-0.12248773872852325,-0.08410166949033737,1.0,0.0,20.0,1.0,1.1398582458496094,1.2264080047607422,0.030185290787658525,169.53576490998893,161.30600655662823,170.0,161.0,13.728830575942993,13.748966455459595,13.668506145477295,528,8,92000000b9000000,146,185,13.68850302696228,1,1,1,1,1,1779092636.7952933
13.751208782196107,0,sine_high_wl5m,2.0,-0.5771766100206956,-0.02732214331626892,-0.02708800882101059,0.1478101909160614,84.84889876623556,-6.396396618390657,0.0,0.0,0.0,0.9988979475442122,0.04693495916649255,-1.5624473734856659,0.14715349889116675,0.0,0.0,0.0,-0.12351347081947568,0.0,2.0,-0.07194058945691953,2.0,-0.07194058945691953,2.122160430422488,-0.15553021441426076,0.12216043042248792,-0.08358962495734124,0.9623791575431824,0.6917754411697388,-0.04232296720147133,0.03565139323472977,1.0,0.0,20.0,1.0,1.140092134475708,1.2317992448806763,0.0005404279723851871,163.63581432908757,167.20595713752957,164.0,167.0,13.728830575942993,13.748966455459595,13.768530368804932,528,8,8f000000bc000000,143,188,13.788510084152222,1,1,1,1,1,1779092636.8951337
13.801208782196108,0,sine_high_wl5m,2.0,-0.4573847306111464,-0.028278863057494164,-0.027330271899700165,0.14883634448051453,84.7201863231935,-6.383480588928709,0.0,0.0,0.0,0.9986408466772843,0.05211966373334312,-1.706337029848079,0.1785959727210706,0.0,0.0,0.0,-0.08605343448089461,0.0,2.0,-0.07194058945691953,2.0,-0.07194058945691953,2.122160430422488,-0.15553021441426076,0.12216043042248792,-0.08358962495734124,0.9623791575431824,0.6917754411697388,-0.04232296720147133,0.03565139323472977,1.0,0.0,20.0,1.0,1.140092134475708,1.2317992448806763,0.0005404279723851871,163.63581432908757,167.20595713752957,164.0,167.0,13.828741788864136,13.848612308502197,13.768530368804932,528,8,8f000000bc000000,143,188,13.788510084152222,1,1,1,1,1,1779092636.8951337
13.851208782196109,0,sine_high_wl5m,2.0,-0.37152578961551863,-0.028278863057494164,-0.027330271899700165,0.14883634448051453,84.7201863231935,-6.383480588928709,0.0,0.0,0.0,0.9986408466772843,0.05211966373334312,-1.706337029848079,0.1785959727210706,0.0,0.0,0.0,-0.08605343448089461,0.0,2.0,-0.3052671506306932,2.0,-0.3052671506306932,1.979994900422086,-0.6893822461794092,-0.020005099577913965,-0.38411509554871603,0.9979198575019836,0.5856783390045166,0.024123771116137505,0.09848909825086594,1.0,0.0,20.0,1.0,1.1397590637207031,1.2486238479614258,0.012103096742553547,157.84625136691668,172.99552009970049,158.0,173.0,13.828741788864136,13.848612308502197,13.868897914886475,528,8,8e000000bd000000,142,189,13.888532638549805,1,1,1,1,1,1779092636.995123
13.90120878219611,0,sine_high_wl5m,2.0,-0.2359859001144798,-0.023868294432759285,-0.024443015456199646,0.14760544896125793,84.55731182041885,-6.365655174365655,0.0,0.0,0.0,0.9983182538321226,0.05797123481160045,-1.7965985436800638,0.20935893093625066,0.0,0.0,0.0,-0.2577755039618574,0.0,2.0,-0.3052671506306932,2.0,-0.3052671506306932,1.979994900422086,-0.6893822461794092,-0.020005099577913965,-0.38411509554871603,0.9979198575019836,0.5856783390045166,0.024123771116137505,0.09848909825086594,1.0,0.0,20.0,1.0,1.1397590637207031,1.2486238479614258,0.012103096742553547,157.84625136691668,172.99552009970049,158.0,173.0,13.928738832473755,13.948627471923828,13.868897914886475,528,8,8e000000bd000000,142,189,13.888532638549805,1,1,1,1,1,1779092636.995123
13.95120878219611,0,sine_high_wl5m,2.0,-0.1424075696342198,-0.023868294432759285,-0.024443015456199646,0.14760544896125793,84.55731182041885,-6.365655174365655,0.0,0.0,0.0,0.9983182538321226,0.05797123481160045,-1.7965985436800638,0.20935893093625066,0.0,0.0,0.0,-0.2577755039618574,0.0,2.0,-0.5193838903242927,2.0,-0.5193838903242927,1.9254724800752285,-1.0,-0.07452751992477147,-0.48061610967570734,1.024239420890808,0.48549020290374756,0.02785518206655979,0.1793004721403122,1.0,0.0,20.0,1.0,1.139939546585083,1.2542229890823364,0.00869373128366303,152.53334425735017,178.308427209267,153.0,178.0,13.928738832473755,13.948627471923828,13.968439102172852,528,8,8e000000bd000000,142,189,13.988422870635986,1,1,1,1,1,1779092637.0952168
14.00120878219611,0,s0_stop,0.0,0.0,-0.023840129375457764,-0.024586908519268036,0.14807230234146118,84.36096708671141,-6.340350719072758,0.0,0.0,0.0,0.9976247743546,0.06888257830492041,-1.9562597066967096,0.2714401547419074,0.0,0.0,0.0,-0.19987127434726437,0.0,2.0,-0.5193838903242927,2.0,-0.5193838903242927,1.9254724800752285,-1.0,-0.07452751992477147,-0.48061610967570734,1.024239420890808,0.48549020290374756,0.02785518206655979,0.1793004721403122,1.0,0.0,20.0,1.0,1.139939546585083,1.2542229890823364,0.00869373128366303,152.53334425735017,178.308427209267,153.0,178.0,14.030060529708862,14.049631357192993,13.968439102172852,528,8,8e000000bd000000,142,189,13.988422870635986,1,1,1,1,1,1779092637.0952168
14.051208782196111,0,s0_stop,0.0,0.0,-0.023840129375457764,-0.024586908519268036,0.14807230234146118,84.36096708671141,-6.340350719072758,0.0,0.0,0.0,0.9976247743546,0.06888257830492041,-1.9562597066967096,0.2714401547419074,0.0,0.0,0.0,-0.19987127434726437,0.0,2.0,-0.7009186344902267,2.0,-0.7009186344902267,1.8270017891819856,-1.0,-0.17299821081801436,-0.29908136550977327,1.070292592048645,0.4048091769218445,0.04457351937890053,0.2367204874753952,1.0,0.0,20.0,1.0,1.1400551795959473,1.2684730291366577,-0.005617069252841073,148.02889853165541,182.81287293496175,148.0,183.0,14.030060529708862,14.049631357192993,14.069517612457275,528,8,8300000040010000,131,320,14.089506387710571,1,1,1,1,1,1779092637.1952229
14.101208782196112,0,s0_stop,0.0,0.0,0.017081035301089287,-0.018142586573958397,0.1498132199048996,84.1684611169652,-6.3113837678543625,0.0,0.0,0.0,0.9968096247423504,0.07981586321662323,-2.054879714033392,0.3311973093466094,0.0,0.0,0.0,-0.22322621339368043,0.0,2.0,-0.7009186344902267,2.0,-0.7009186344902267,1.8270017891819856,-1.0,-0.17299821081801436,-0.29908136550977327,1.070292592048645,0.4048091769218445,0.04457351937890053,0.2367204874753952,1.0,0.0,20.0,1.0,1.1400551795959473,1.2684730291366577,-0.005617069252841073,148.02889853165541,182.81287293496175,148.0,183.0,14.129743576049805,14.149696350097656,14.069517612457275,528,8,8300000040010000,131,320,14.089506387710571,1,1,1,1,1,1779092637.1952229
14.151208782196113,0,s0_stop,0.0,0.0,0.017081035301089287,-0.018142586573958397,0.1498132199048996,84.1684611169652,-6.3113837678543625,0.0,0.0,0.0,0.9968096247423504,0.07981586321662323,-2.054879714033392,0.3311973093466094,0.0,0.0,0.0,-0.22322621339368043,0.0,2.0,-0.8383284050312366,2.0,-0.8383284050312366,1.7883532789414425,-1.0,-0.21164672105855753,-0.16167159496876338,1.0894811153411865,0.3724166750907898,0.05162287503480911,0.26105043292045593,1.0,0.0,20.0,1.0,1.1403136253356934,1.2814900875091553,-0.00402919401460749,144.61933163895975,186.22243982765744,145.0,186.0,14.129743576049805,14.149696350097656,14.169787168502808,528,8,870000003d010000,135,317,14.189489841461182,1,1,1,1,1,1779092637.2949018
14.201208782196113,0,s0_stop,0.0,0.0,0.335719496011734,-0.033708032220602036,0.15601298213005066,83.98325782125599,-6.27948821367236,0.0,0.0,0.0,0.9959614243251247,0.08978218785632823,-2.126355034749472,0.3865067542089754,0.0,0.0,0.0,-0.23622524740068493,0.0,2.0,-0.8383284050312366,2.0,-0.8383284050312366,1.7883532789414425,-1.0,-0.21164672105855753,-0.16167159496876338,1.0894811153411865,0.3724166750907898,0.05162287503480911,0.26105043292045593,1.0,0.0,20.0,1.0,1.1403136253356934,1.2814900875091553,-0.00402919401460749,144.61933163895975,186.22243982765744,145.0,186.0,14.229990005493164,14.249612808227539,14.169787168502808,528,8,870000003d010000,135,317,14.189489841461182,1,1,1,1,1,1779092637.2949018
14.251208782196114,0,s0_stop,0.0,0.0,0.335719496011734,-0.033708032220602036,0.15601298213005066,83.98325782125599,-6.27948821367236,0.0,0.0,0.0,0.9959614243251247,0.08978218785632823,-2.126355034749472,0.3865067542089754,0.0,0.0,0.0,-0.23622524740068493,0.0,2.0,-0.9231524979231394,2.0,-0.9231524979231394,1.7575789786132328,-1.0,-0.24242102138676724,-0.07684750207686064,1.105241060256958,0.35056477785110474,0.05745154619216919,0.27694547176361084,1.0,0.0,20.0,1.0,1.1402580738067627,1.3045250177383423,0.014039325621491286,142.51458015230426,188.32719131431287,143.0,188.0,14.229990005493164,14.249612808227539,14.269813537597656,528,8,8b00000038010000,139,312,14.289554595947266,1,1,1,1,1,1779092637.395196
14.301208782196115,0,s0_stop,0.0,0.0,0.5488399863243103,-0.03591778874397278,0.13867135345935822,83.74701992157507,-6.233744890686146,0.0,0.0,0.0,0.9949569523420994,0.1003028563208516,-2.104678948831284,0.4287075566255051,0.0,0.0,0.0,-0.16622290882192362,0.0,2.0,-0.9231524979231394,2.0,-0.9231524979231394,1.7575789786132328,-1.0,-0.24242102138676724,-0.07684750207686064,1.105241060256958,0.35056477785110474,0.05745154619216919,0.27694547176361084,1.0,0.0,20.0,1.0,1.1402580738067627,1.3045250177383423,0.014039325621491286,142.51458015230426,188.32719131431287,143.0,188.0,14.329724073410034,14.34987497329712,14.269813537597656,528,8,8b00000038010000,139,312,14.289554595947266,1,1,1,1,1,1779092637.395196
14.351208782196116,0,s0_stop,0.0,0.0,0.5488399863243103,-0.03591778874397278,0.13867135345935822,83.74701992157507,-6.233744890686146,0.0,0.0,0.0,0.9949569523420994,0.1003028563208516,-2.104678948831284,0.4287075566255051,0.0,0.0,0.0,-0.16622290882192362,0.0,2.0,-0.9499208712221096,2.0,-0.9499208712221096,1.751525928688408,-1.0,-0.24847407131159205,-0.05007912877789045,1.1090312004089355,0.34417736530303955,0.057503096759319305,0.28171348571777344,1.0,0.0,20.0,1.0,1.1391098499298096,1.3203879594802856,-0.0008107188140999817,141.85037294919096,188.9913985174262,142.0,189.0,14.329724073410034,14.34987497329712,14.369511365890503,528,8,9200000031010000,146,305,14.389402151107788,1,1,1,1,1,1779092637.4949625
14.401208782196116,0,s0_stop,0.0,0.0,0.7339640259742737,-0.05825336277484894,0.15465189516544342,83.46722878087003,-6.173279140457587,0.0,0.0,0.0,0.9937077786848824,0.11200379717293858,-1.8995175379108886,0.4337106443930651,0.0,0.0,0.0,-0.18385691628030545,0.0,2.0,-0.9499208712221096,2.0,-0.9499208712221096,1.751525928688408,-1.0,-0.24847407131159205,-0.05007912877789045,1.1090312004089355,0.34417736530303955,0.057503096759319305,0.28171348571777344,1.0,0.0,20.0,1.0,1.1391098499298096,1.3203879594802856,-0.0008107188140999817,141.85037294919096,188.9913985174262,142.0,189.0,14.42976975440979,14.449602365493774,14.369511365890503,528,8,9200000031010000,146,305,14.389402151107788,1,1,1,1,1,1779092637.4949625
14.451208782196117,0,s0_stop,0.0,0.0,0.7339640259742737,-0.05825336277484894,0.15465189516544342,83.46722878087003,-6.173279140457587,0.0,0.0,0.0,0.9937077786848824,0.11200379717293858,-1.8995175379108886,0.4337106443930651,0.0,0.0,0.0,-0.18385691628030545,1.0,2.0,-0.9170288268224923,2.0,-0.9170288268224923,1.7622787530552442,-1.0,-0.23772124694475583,-0.08297117317750768,1.1034756898880005,0.3485671877861023,0.05536823719739914,0.27836576104164124,1.0,0.0,20.0,1.0,1.1391916275024414,1.335005760192871,0.004650068899347659,129.7739359702026,321.727587686745,130.0,322.0,14.42976975440979,14.449602365493774,14.469461679458618,528,8,a100000022010000,161,290,14.489603042602539,1,1,1,1,1,1779092637.598639
14.501208782196118,0,s0_stop,0.0,0.0,0.8792239427566528,-0.07075513899326324,0.1653413027524948,83.29093602402979,-6.131456369866294,0.0,0.0,0.0,0.992753448330559,0.1201690094316502,-1.6919389576172377,0.41569634074767575,0.0,0.0,0.0,-0.16525533050712687,1.0,2.0,-0.9170288268224923,2.0,-0.9170288268224923,1.7622787530552442,-1.0,-0.23772124694475583,-0.08297117317750768,1.1034756898880005,0.3485671877861023,0.05536823719739914,0.27836576104164124,1.0,0.0,20.0,1.0,1.1391916275024414,1.335005760192871,0.004650068899347659,129.7739359702026,321.727587686745,130.0,322.0,14.529701948165894,14.549684047698975,14.469461679458618,528,8,a100000022010000,161,290,14.489603042602539,1,1,1,1,1,1779092637.598639
14.551208782196118,0,s0_stop,0.0,0.0,0.8792239427566528,-0.07075513899326324,0.1653413027524948,83.29093602402979,-6.131456369866294,0.0,0.0,0.0,0.992753448330559,0.1201690094316502,-1.6919389576172377,0.41569634074767575,0.0,0.0,0.0,-0.16525533050712687,1.0,2.0,-0.8265058669496006,2.0,-0.8265058669496006,1.7807991419011964,-1.0,-0.21920085809880363,-0.1734941330503994,1.0959601402282715,0.36560148000717163,0.04831512272357941,0.2691582441329956,1.0,0.0,20.0,1.0,1.1398143768310547,1.3474693298339844,-0.15119252879652592,131.95648538981416,319.5553821032453,132.0,320.0,14.529701948165894,14.549684047698975,14.569495916366577,528,8,0000000000000000,0,0,14.589404344558716,1,1,1,1,1,1779092637.695096
14.60120878219612,0,s0_stop,0.0,0.0,0.9829264283180237,-0.07197616994380951,0.16283385455608368,83.17121783868483,-6.101326706364102,0.0,0.0,0.0,0.9921296052560851,0.12521520025302363,-1.4815021935000994,0.38000938496196707,0.0,0.0,0.0,-0.10718409811164226,1.0,2.0,-0.8265058669496006,2.0,-0.8265058669496006,1.7807991419011964,-1.0,-0.21920085809880363,-0.1734941330503994,1.0959601402282715,0.36560148000717163,0.04831512272357941,0.2691582441329956,1.0,0.0,20.0,1.0,1.1398143768310547,1.3474693298339844,-0.15119252879652592,131.95648538981416,319.5553821032453,132.0,320.0,14.629721403121948,14.649627923965454,14.569495916366577,528,8,0000000000000000,0,0,14.589404344558716,1,1,1,1,1,1779092637.695096
14.65120878219612,0,s0_stop,0.0,0.0,0.9829264283180237,-0.07197616994380951,0.16283385455608368,83.17121783868483,-6.101326706364102,0.0,0.0,0.0,0.9921296052560851,0.12521520025302363,-1.4815021935000994,0.38000938496196707,0.0,0.0,0.0,-0.10718409811164226,1.0,2.0,-0.6840280085945654,2.0,-0.6840280085945654,1.7924659663232978,-1.0,-0.2075340336767022,-0.31597199140543464,1.0950841903686523,0.3890707492828369,0.03709885850548744,0.2538013160228729,1.0,0.0,20.0,1.0,1.1403372287750244,1.5404503345489502,-0.08772990862775296,135.44374306295222,316.08465171765766,135.0,316.0,14.629721403121948,14.649627923965454,14.669467210769653,528,8,0000000000000000,0,0,14.689596891403198,1,1,1,1,1,1779092637.7951756
14.70120878219612,0,s0_stop,0.0,0.0,1.04658842086792,-0.08049850165843964,0.1628541648387909,83.08553601362728,-6.07903792541631,0.0,0.0,0.0,0.9917693302843812,0.12803747696385595,-1.3249524384599725,0.3479012800130996,0.0,0.0,0.0,-0.052510929599527245,1.0,2.0,-0.6840280085945654,2.0,-0.6840280085945654,1.7924659663232978,-1.0,-0.2075340336767022,-0.31597199140543464,1.0950841903686523,0.3890707492828369,0.03709885850548744,0.2538013160228729,1.0,0.0,20.0,1.0,1.1403372287750244,1.5404503345489502,-0.08772990862775296,135.44374306295222,316.08465171765766,135.0,316.0,14.729703903198242,14.74983024597168,14.669467210769653,528,8,0000000000000000,0,0,14.689596891403198,1,1,1,1,1,1779092637.7951756
14.751208782196121,0,s0_stop,0.0,0.0,1.04658842086792,-0.08049850165843964,0.1628541648387909,83.08553601362728,-6.07903792541631,0.0,0.0,0.0,0.9917693302843812,0.12803747696385595,-1.3249524384599725,0.3479012800130996,0.0,0.0,0.0,-0.052510929599527245,1.0,2.0,-0.49860059160333736,2.0,-0.49860059160333736,1.828850389641136,-1.0,-0.1711496103588639,-0.5013994083966626,1.0800671577453613,0.4426870346069336,0.0247187577188015,0.2227352112531662,1.0,0.0,20.0,1.0,1.1401848793029785,1.719102144241333,-0.21504363864943535,140.42277338166875,311.1292186990298,140.0,311.0,14.729703903198242,14.74983024597168,14.769644260406494,528,8,0000000000000000,0,0,14.789427995681763,1,1,1,1,1,1779092637.895227
14.801208782196122,0,s0_stop,0.0,0.0,1.1120455265045166,-0.07840634137392044,0.15261715650558472,83.03176595608477,-6.0648733647479975,0.0,0.0,0.0,0.9916868486107973,0.12867476167603978,-1.1894819464614776,0.313964597144107,0.0,0.0,0.0,-0.024903759711293952,1.0,2.0,-0.49860059160333736,2.0,-0.49860059160333736,1.828850389641136,-1.0,-0.1711496103588639,-0.5013994083966626,1.0800671577453613,0.4426870346069336,0.0247187577188015,0.2227352112531662,1.0,0.0,20.0,1.0,1.1401848793029785,1.719102144241333,-0.21504363864943535,140.42277338166875,311.1292186990298,140.0,311.0,14.829805135726929,14.849636316299438,14.769644260406494,528,8,0000000000000000,0,0,14.789427995681763,1,1,1,1,1,1779092637.895227
14.851208782196123,0,s0_stop,0.0,0.0,1.1120455265045166,-0.07840634137392044,0.15261715650558472,83.03176595608477,-6.0648733647479975,0.0,0.0,0.0,0.9916868486107973,0.12867476167603978,-1.1894819464614776,0.313964597144107,0.0,0.0,0.0,-0.024903759711293952,1.0,2.0,-0.28183689639567905,2.0,-0.28183689639567905,1.8729205410422671,-0.8555582549102906,-0.12707945895773287,-0.5737213585146115,1.0708049535751343,0.5343334674835205,-0.005532593000680208,0.17531651258468628,1.0,0.0,20.0,1.0,1.1393077373504639,1.8808976411819458,-0.23715787105696903,148.09203477886638,303.4963045122455,148.0,303.0,14.829805135726929,14.849636316299438,14.869548559188843,528,8,0000000000000000,0,0,14.889458417892456,1,1,1,1,1,1779092637.9951675
14.901208782196123,0,s0_stop,0.0,0.0,1.1551966667175293,-0.06684694439172745,0.15383800864219666,83.00405135540274,-6.057554623062068,0.0,0.0,0.0,0.9916761810011209,0.1287569494630565,-1.1315657323408141,0.29887820987284824,0.0,0.0,0.0,-0.006141606798780246,1.0,2.0,-0.28183689639567905,2.0,-0.28183689639567905,1.8729205410422671,-0.8555582549102906,-0.12707945895773287,-0.5737213585146115,1.0708049535751343,0.5343334674835205,-0.005532593000680208,0.17531651258468628,1.0,0.0,20.0,1.0,1.1393077373504639,1.8808976411819458,-0.23715787105696903,148.09203477886638,303.4963045122455,148.0,303.0,14.929694414138794,14.94962763786316,14.869548559188843,528,8,0000000000000000,0,0,14.889458417892456,1,1,1,1,1,1779092637.9951675
14.951208782196124,0,s0_stop,0.0,0.0,1.1551966667175293,-0.06684694439172745,0.15383800864219666,83.00405135540274,-6.057554623062068,0.0,0.0,0.0,0.9916761810011209,0.1287569494630565,-1.1315657323408141,0.29887820987284824,0.0,0.0,0.0,-0.006141606798780246,1.0,2.0,-0.047393837324738106,2.0,-0.047393837324738106,1.91579599671515,-0.1989513307168006,-0.0842040032848499,-0.15155749339206248,1.0647672414779663,0.7126652002334595,-0.03987681865692139,0.0943918526172638,1.0,0.0,20.0,1.0,1.1395955085754395,2.0032572746276855,-0.23099049485104137,170.38369442964682,281.310292537535,170.0,281.0,14.929694414138794,14.94962763786316,14.969720363616943,528,8,0000000000000000,0,0,14.989410877227783,1,1,1,1,1,1779092638.09479
15.001208782196125,0,s0_stop,0.0,0.0,1.1904135942459106,-0.07220780104398727,0.16484898328781128,82.98680334220562,-6.052997135685876,0.0,0.0,0.0,0.9916679422826352,0.12882038755152084,-1.0865235500762886,0.28713002232791335,0.0,0.0,0.0,-0.00495354988101452,1.0,2.0,-0.047393837324738106,2.0,-0.047393837324738106,1.91579599671515,-0.1989513307168006,-0.0842040032848499,-0.15155749339206248,1.0647672414779663,0.7126652002334595,-0.03987681865692139,0.0943918526172638,1.0,0.0,20.0,1.0,1.1395955085754395,2.0032572746276855,-0.23099049485104137,170.38369442964682,281.310292537535,170.0,281.0,15.030222654342651,15.049755573272705,14.969720363616943,528,8,0000000000000000,0,0,14.989410877227783,1,1,1,1,1,1779092638.09479
15.051208782196126,0,s0_stop,0.0,0.0,1.1904135942459106,-0.07220780104398727,0.16484898328781128,82.98680334220562,-6.052997135685876,0.0,0.0,0.0,0.9916679422826352,0.12882038755152084,-1.0865235500762886,0.28713002232791335,0.0,0.0,0.0,-0.00495354988101452,1.0,0.0,0.0,0.0,0.0,-0.03648933046149885,0.17281566000236834,-0.03648933046149885,0.17281566000236834,1.118772268295288,0.7721365690231323,0.04082325100898743,-0.13343729078769684,1.0,0.0,20.0,1.0,1.1407294273376465,2.1038050651550293,-0.2168549622023644,0.0,0.0,0.0,0.0,15.030222654342651,15.049755573272705,15.069457769393921,528,8,0000000000000000,0,0,15.089513063430786,1,1,1,1,1,1779092638.196756
15.101208782196126,0,s0_stop,0.0,0.0,1.2106940746307373,-0.08248879015445709,0.14113269746303558,82.97982528833987,-6.051153045962335,0.0,0.0,0.0,0.9916676393325908,0.1288227196597193,-1.0736639486926083,0.2837370837787667,0.0,0.0,0.0,2.1933719894435596e-05,1.0,0.0,0.0,0.0,0.0,-0.03648933046149885,0.17281566000236834,-0.03648933046149885,0.17281566000236834,1.118772268295288,0.7721365690231323,0.04082325100898743,-0.13343729078769684,1.0,0.0,20.0,1.0,1.1407294273376465,2.1038050651550293,-0.2168549622023644,0.0,0.0,0.0,0.0,15.12971305847168,15.149600982666016,15.069457769393921,528,8,0000000000000000,0,0,15.089513063430786,1,1,1,1,1,1779092638.196756
15.151208782196127,0,s0_stop,0.0,0.0,1.2106940746307373,-0.08248879015445709,0.14113269746303558,82.97982528833987,-6.051153045962335,0.0,0.0,0.0,0.9916676393325908,0.1288227196597193,-1.0736639486926083,0.2837370837787667,0.0,0.0,0.0,2.1933719894435596e-05,1.0,0.0,0.0,0.0,0.0,-0.022456027531598633,0.2040894975085701,-0.022456027531598633,0.2040894975085701,1.1292833089828491,0.7749898433685303,0.025359217077493668,-0.1581672877073288,1.0,0.0,20.0,1.0,1.140723466873169,2.1080915927886963,-0.15444738616487597,0.0,0.0,0.0,0.0,15.12971305847168,15.149600982666016,15.169644594192505,528,8,0000000000000000,0,0,15.189416646957397,1,1,1,1,1,1779092638.2960713
15.201208782196128,0,s0_stop,0.0,0.0,1.2250292301177979,-0.09100816398859024,0.1617477685213089,82.97766892557297,-6.0505831953459674,0.0,0.0,0.0,0.9916679519111555,0.12882031343050704,-1.0608070582531146,0.2803338868906193,0.0,0.0,0.0,0.00029212446998517507,1.0,0.0,0.0,0.0,0.0,-0.022456027531598633,0.2040894975085701,-0.022456027531598633,0.2040894975085701,1.1292833089828491,0.7749898433685303,0.025359217077493668,-0.1581672877073288,1.0,0.0,20.0,1.0,1.140723466873169,2.1080915927886963,-0.15444738616487597,0.0,0.0,0.0,0.0,15.229940176010132,15.2496817111969,15.169644594192505,528,8,0000000000000000,0,0,15.189416646957397,1,1,1,1,1,1779092638.2960713
15.251208782196128,0,s0_stop,0.0,0.0,1.2250292301177979,-0.09100816398859024,0.1617477685213089,82.97766892557297,-6.0505831953459674,0.0,0.0,0.0,0.9916679519111555,0.12882031343050704,-1.0608070582531146,0.2803338868906193,0.0,0.0,0.0,0.00029212446998517507,1.0,0.0,0.0,0.0,0.0,-0.019826012209740104,0.20799727396342788,-0.019826012209740104,0.20799727396342788,1.125472903251648,0.7891933917999268,0.022313639521598816,-0.16415007412433624,1.0,0.0,20.0,1.0,1.1402018070220947,1.9908699989318848,-0.19570278192260052,0.0,0.0,0.0,0.0,15.229940176010132,15.2496817111969,15.269570112228394,528,8,0000000000000000,0,0,15.289628744125366,1,1,1,1,1,1779092638.3963854
15.30120878219613,0,s0_stop,0.0,0.0,1.2346147298812866,-0.08944105356931686,0.17381493747234344,82.96926072699334,-6.048360923338032,0.0,0.0,0.0,0.9916659346516367,0.1288358414863503,-1.054369198018801,0.27866791353651515,0.0,0.0,0.0,-0.00500674798467148,1.0,0.0,0.0,0.0,0.0,-0.019826012209740104,0.20799727396342788,-0.019826012209740104,0.20799727396342788,1.125472903251648,0.7891933917999268,0.022313639521598816,-0.16415007412433624,1.0,0.0,20.0,1.0,1.1402018070220947,1.9908699989318848,-0.19570278192260052,0.0,0.0,0.0,0.0,15.32968807220459,15.349595546722412,15.269570112228394,528,8,0000000000000000,0,0,15.289628744125366,1,1,1,1,1,1779092638.3963854
15.35120878219613,0,s0_stop,0.0,0.0,1.2346147298812866,-0.08944105356931686,0.17381493747234344,82.96926072699334,-6.048360923338032,0.0,0.0,0.0,0.9916659346516367,0.1288358414863503,-1.054369198018801,0.27866791353651515,0.0,0.0,0.0,-0.00500674798467148,1.0,0.0,0.0,0.0,0.0,-0.019646714195288097,0.2083853008216933,-0.019646714195288097,0.2083853008216933,1.1224424839019775,0.7954169511795044,0.022052306681871414,-0.16575320065021515,1.0,0.0,20.0,1.0,1.140599012374878,1.7801575660705566,-0.1749407496684759,0.0,0.0,0.0,0.0,15.32968807220459,15.349595546722412,15.369531154632568,528,8,0000000000000000,0,0,15.389458656311035,1,1,1,1,1,1779092638.4957836
15.40120878219613,0,s0_stop,0.0,0.0,1.2464193105697632,-0.07669031620025635,0.1616145521402359,82.9682106684244,-6.048083386156441,0.0,0.0,0.0,0.9916654438198093,0.12883961942531774,-1.0350798721252237,0.2735782164273529,0.0,0.0,0.0,-0.006140812598768738,1.0,0.0,0.0,0.0,0.0,-0.019646714195288097,0.2083853008216933,-0.019646714195288097,0.2083853008216933,1.1224424839019775,0.7954169511795044,0.022052306681871414,-0.16575320065021515,1.0,0.0,20.0,1.0,1.140599012374878,1.7801575660705566,-0.1749407496684759,0.0,0.0,0.0,0.0,15.429852962493896,15.449685096740723,15.369531154632568,528,8,0000000000000000,0,0,15.389458656311035,1,1,1,1,1,1779092638.4957836
15.451208782196131,0,s0_stop,0.0,0.0,1.2464193105697632,-0.07669031620025635,0.1616145521402359,82.9682106684244,-6.048083386156441,0.0,0.0,0.0,0.9916654438198093,0.12883961942531774,-1.0350798721252237,0.2735782164273529,0.0,0.0,0.0,-0.006140812598768738,1.0,0.0,0.0,0.0,0.0,-0.020771117741728524,0.20651267299636444,-0.020771117741728524,0.20651267299636444,1.1129958629608154,0.8063678741455078,0.023118168115615845,-0.16652518510818481,1.0,0.0,20.0,1.0,1.1409552097320557,1.5341688394546509,-0.09265812520642307,0.0,0.0,0.0,0.0,15.429852962493896,15.449685096740723,15.469590902328491,528,8,0000000000000000,0,0,15.48946213722229,1,1,1,1,1,1779092638.5970128
15.501208782196132,0,s0_stop,0.0,0.0,1.2514863014221191,-0.08853714913129807,0.16241012513637543,82.96198352624063,-6.046437261607752,0.0,0.0,0.0,0.9916630154036449,0.1288583093189974,-1.02221155218797,0.27021826069673244,0.0,0.0,0.0,-0.006629264815158209,1.0,0.0,0.0,0.0,0.0,-0.020771117741728524,0.20651267299636444,-0.020771117741728524,0.20651267299636444,1.1129958629608154,0.8063678741455078,0.023118168115615845,-0.16652518510818481,1.0,0.0,20.0,1.0,1.1409552097320557,1.5341688394546509,-0.09265812520642307,0.0,0.0,0.0,0.0,15.529726028442383,15.54964303970337,15.469590902328491,528,8,0000000000000000,0,0,15.48946213722229,1,1,1,1,1,1779092638.5970128
15.551208782196133,0,s0_stop,0.0,0.0,1.2514863014221191,-0.08853714913129807,0.16241012513637543,82.96198352624063,-6.046437261607752,0.0,0.0,0.0,0.9916630154036449,0.1288583093189974,-1.02221155218797,0.27021826069673244,0.0,0.0,0.0,-0.006629264815158209,1.0,0.0,0.0,0.0,0.0,-0.030494185173543343,0.19695715111523499,-0.030494185173543343,0.19695715111523499,1.087686538696289,0.8199336528778076,0.033168114721775055,-0.16149179637432098,1.0,0.0,20.0,1.0,1.1408352851867676,1.233847975730896,-0.010532314576856175,0.0,0.0,0.0,0.0,15.529726028442383,15.54964303970337,15.56949758529663,528,8,0000000000000000,0,0,15.58943796157837,1,1,1,1,1,1779092638.6958203
15.601208782196133,0,s0_stop,0.0,0.0,1.2641501426696777,-0.08560433983802795,0.1297064572572708,82.96011631087548,-6.045943655304711,0.0,0.0,0.0,0.9916625617939113,0.12886180014394105,-1.015780658224633,0.26852592623510785,0.0,0.0,0.0,-0.0033685434593434607,1.0,0.0,0.0,0.0,0.0,-0.030494185173543343,0.19695715111523499,-0.030494185173543343,0.19695715111523499,1.087686538696289,0.8199336528778076,0.033168114721775055,-0.16149179637432098,1.0,0.0,20.0,1.0,1.1408352851867676,1.233847975730896,-0.010532314576856175,0.0,0.0,0.0,0.0,15.629771709442139,15.649916887283325,15.56949758529663,528,8,0000000000000000,0,0,15.58943796157837,1,1,1,1,1,1779092638.6958203
15.651208782196134,0,s0_stop,0.0,0.0,1.2641501426696777,-0.08560433983802795,0.1297064572572708,82.96011631087548,-6.045943655304711,0.0,0.0,0.0,0.9916625617939113,0.12886180014394105,-1.015780658224633,0.26852592623510785,0.0,0.0,0.0,-0.0033685434593434607,1.0,0.0,0.0,0.0,0.0,-0.03248842685317412,0.19143482646508517,-0.03248842685317412,0.19143482646508517,1.0639137029647827,0.8153339624404907,0.03456488251686096,-0.15608331561088562,1.0,0.0,20.0,1.0,1.1406936645507812,0.9319528341293335,0.051436846881395146,0.0,0.0,0.0,0.0,15.629771709442139,15.649916887283325,15.669517755508423,528,8,0000000000000000,0,0,15.68940281867981,1,1,1,1,1,1779092638.7969756
15.701208782196135,0,s0_stop,0.0,0.0,1.2797064781188965,-0.09073536843061447,0.16092133522033691,82.95090867768285,-6.043509645255418,0.0,0.0,0.0,0.9916629989980928,0.12885843557217513,-1.002924474262054,0.26512005832159985,0.0,0.0,0.0,0.001985209392711072,1.0,0.0,0.0,0.0,0.0,-0.03248842685317412,0.19143482646508517,-0.03248842685317412,0.19143482646508517,1.0639137029647827,0.8153339624404907,0.03456488251686096,-0.15608331561088562,1.0,0.0,20.0,1.0,1.1406936645507812,0.9319528341293335,0.051436846881395146,0.0,0.0,0.0,0.0,15.729997873306274,15.749677896499634,15.669517755508423,528,8,0000000000000000,0,0,15.68940281867981,1,1,1,1,1,1779092638.7969756
15.751208782196136,0,s0_stop,0.0,0.0,1.2797064781188965,-0.09073536843061447,0.16092133522033691,82.95090867768285,-6.043509645255418,0.0,0.0,0.0,0.9916629989980928,0.12885843557217513,-1.002924474262054,0.26512005832159985,0.0,0.0,0.0,0.001985209392711072,1.0,0.0,0.0,0.0,0.0,-0.034249570913419694,0.18307773429028976,-0.034249570913419694,0.18307773429028976,1.023840069770813,0.8003787994384766,0.03506608307361603,-0.14653153717517853,1.0,0.0,20.0,1.0,1.140831470489502,0.6429550051689148,6.819493464350977e-05,0.0,0.0,0.0,0.0,15.729997873306274,15.749677896499634,15.769545078277588,528,8,0000000000000000,0,0,15.789500713348389,1,1,1,1,1,1779092638.8957925
15.801208782196136,0,s0_stop,0.0,0.0,1.300681710243225,-0.10125669836997986,0.1508794128894806,82.94991432161324,-6.043246798709043,0.0,0.0,0.0,0.9916635125661346,0.1288544832165173,-0.983639537785391,0.26001375491689316,0.0,0.0,0.0,0.003938938534002245,1.0,0.0,0.0,0.0,0.0,-0.034249570913419694,0.18307773429028976,-0.034249570913419694,0.18307773429028976,1.023840069770813,0.8003787994384766,0.03506608307361603,-0.14653153717517853,1.0,0.0,20.0,1.0,1.140831470489502,0.6429550051689148,6.819493464350977e-05,0.0,0.0,0.0,0.0,15.830098390579224,15.849638223648071,15.769545078277588,528,8,0000000000000000,0,0,15.789500713348389,1,1,1,1,1,1779092638.8957925
15.851208782196137,0,s0_stop,0.0,0.0,1.300681710243225,-0.10125669836997986,0.1508794128894806,82.94991432161324,-6.043246798709043,0.0,0.0,0.0,0.9916635125661346,0.1288544832165173,-0.983639537785391,0.26001375491689316,0.0,0.0,0.0,0.003938938534002245,1.0,0.0,0.0,0.0,0.0,-0.03151542681296516,0.17922354567650062,-0.03151542681296516,0.17922354567650062,0.9971583485603333,0.786564290523529,0.03142587095499039,-0.140970841050148,1.0,0.0,20.0,1.0,1.1407396793365479,0.4375869333744049,-0.00519286128208211,0.0,0.0,0.0,0.0,15.830098390579224,15.849638223648071,15.869473457336426,528,8,0000000000000000,0,0,15.889442205429077,1,1,1,1,1,1779092638.996097
15.901208782196138,0,s0_stop,0.0,0.0,1.313766598701477,-0.09320566803216934,0.16655327379703522,82.94116638948744,-6.0409360556915175,0.0,0.0,0.0,0.991675017830518,0.12876590779721875,-0.9643980104862301,0.2547431709346283,0.0,0.0,0.0,0.023965613243363236,1.0,0.0,0.0,0.0,0.0,-0.03151542681296516,0.17922354567650062,-0.03151542681296516,0.17922354567650062,0.9971583485603333,0.786564290523529,0.03142587095499039,-0.140970841050148,1.0,0.0,20.0,1.0,1.1407396793365479,0.4375869333744049,-0.00519286128208211,0.0,0.0,0.0,0.0,15.929831981658936,15.94969367980957,15.869473457336426,528,8,0000000000000000,0,0,15.889442205429077,1,1,1,1,1,1779092638.996097
15.951208782196138,0,s0_stop,0.0,0.0,1.313766598701477,-0.09320566803216934,0.16655327379703522,82.94116638948744,-6.0409360556915175,0.0,0.0,0.0,0.991675017830518,0.12876590779721875,-0.9643980104862301,0.2547431709346283,0.0,0.0,0.0,0.023965613243363236,1.0,0.0,0.0,0.0,0.0,-0.031650592326658344,0.18424177658284968,-0.031650592326658344,0.18424177658284968,0.9890574812889099,0.7892340421676636,0.0313042551279068,-0.14540988206863403,1.0,0.0,20.0,1.0,1.1408822536468506,0.28737545013427734,0.02262747020827617,0.0,0.0,0.0,0.0,15.929831981658936,15.94969367980957,15.969764232635498,528,8,0000000000000000,0,0,15.989491939544678,1,1,1,1,1,1779092639.0957825
16.001208782196137,0,s0_stop,0.0,0.0,1.3344357013702393,-0.08342429250478745,0.16532950103282928,82.94017929326728,-6.040675349510536,0.0,0.0,0.0,0.9916770091270396,0.128750571139896,-0.951547144237998,0.25131716334505433,0.0,0.0,0.0,0.025114879099380583,1.0,0.0,0.0,0.0,0.0,-0.031650592326658344,0.18424177658284968,-0.031650592326658344,0.18424177658284968,0.9890574812889099,0.7892340421676636,0.0313042551279068,-0.14540988206863403,1.0,0.0,20.0,1.0,1.1408822536468506,0.28737545013427734,0.02262747020827617,0.0,0.0,0.0,0.0,16.02982211112976,16.049704790115356,15.969764232635498,528,8,0000000000000000,0,0,15.989491939544678,1,1,1,1,1,1779092639.0957825
16.051208782196138,0,s0_stop,0.0,0.0,1.3344357013702393,-0.08342429250478745,0.16532950103282928,82.94017929326728,-6.040675349510536,0.0,0.0,0.0,0.9916770091270396,0.128750571139896,-0.951547144237998,0.25131716334505433,0.0,0.0,0.0,0.025114879099380583,1.0,0.0,0.0,0.0,0.0,-0.03756931396319515,0.20423271454731384,-0.03756931396319515,0.20423271454731384,0.9804837703704834,0.8217785954475403,0.03683610260486603,-0.16783407330513,1.0,0.0,20.0,1.0,1.140326976776123,0.16278868913650513,0.016093101129123467,0.0,0.0,0.0,0.0,16.02982211112976,16.049704790115356,16.069541215896606,528,8,0000000000000000,0,0,16.089441537857056,1,1,1,1,1,1779092639.1965086
16.10120878219614,0,s0_stop,0.0,0.0,1.4343549013137817,-0.060302734375,0.1567428857088089,82.93372900207048,-6.03897316785859,0.0,0.0,0.0,0.99169036603226,0.12864765026537456,-0.9387398392741939,0.24772613849711939,0.0,0.0,0.0,0.03121413803327905,1.0,0.0,0.0,0.0,0.0,-0.03756931396319515,0.20423271454731384,-0.03756931396319515,0.20423271454731384,0.9804837703704834,0.8217785954475403,0.03683610260486603,-0.16783407330513,1.0,0.0,20.0,1.0,1.140326976776123,0.16278868913650513,0.016093101129123467,0.0,0.0,0.0,0.0,16.129756450653076,16.149633407592773,16.069541215896606,528,8,0000000000000000,0,0,16.089441537857056,1,1,1,1,1,1779092639.1965086
16.15120878219614,0,s0_stop,0.0,0.0,1.4343549013137817,-0.060302734375,0.1567428857088089,82.93372900207048,-6.03897316785859,0.0,0.0,0.0,0.99169036603226,0.12864765026537456,-0.9387398392741939,0.24772613849711939,0.0,0.0,0.0,0.03121413803327905,1.0,0.0,0.0,0.0,0.0,-0.08529647041053745,0.20084780496034121,-0.08529647041053745,0.20084780496034121,1.0015454292297363,0.8267652988433838,0.08542829006910324,-0.16605399549007416,1.0,0.0,20.0,1.0,1.1404321193695068,0.07959167659282684,-0.012511032445799526,0.0,0.0,0.0,0.0,16.129756450653076,16.149633407592773,16.169602870941162,528,8,0000000000000000,0,0,16.189440965652466,1,1,1,1,1,1779092639.296225
16.20120878219614,0,s0_stop,0.0,0.0,1.6273415088653564,-0.08559096604585648,0.13536500930786133,82.93115017286532,-6.03829288517968,0.0,0.0,0.0,0.9916962014680701,0.12860265935742085,-0.9259025552604394,0.24424861849687984,0.0,0.0,0.0,0.03165540437764661,1.0,0.0,0.0,0.0,0.0,-0.08529647041053745,0.20084780496034121,-0.08529647041053745,0.20084780496034121,1.0015454292297363,0.8267652988433838,0.08542829006910324,-0.16605399549007416,1.0,0.0,20.0,1.0,1.1404321193695068,0.07959167659282684,-0.012511032445799526,0.0,0.0,0.0,0.0,16.22976326942444,16.249633073806763,16.169602870941162,528,8,0000000000000000,0,0,16.189440965652466,1,1,1,1,1,1779092639.296225
16.25120878219614,0,s0_stop,0.0,0.0,1.6273415088653564,-0.08559096604585648,0.13536500930786133,82.93115017286532,-6.03829288517968,0.0,0.0,0.0,0.9916962014680701,0.12860265935742085,-0.9259025552604394,0.24424861849687984,0.0,0.0,0.0,0.03165540437764661,1.0,0.0,0.0,0.0,0.0,-0.0844486931549358,0.2021948631639511,-0.0844486931549358,0.2021948631639511,0.9992692470550537,0.8254549503326416,0.08438698202371597,-0.16690275073051453,1.0,0.0,20.0,1.0,1.140056848526001,0.023830844089388847,0.010640509209954288,0.0,0.0,0.0,0.0,16.22976326942444,16.249633073806763,16.269688606262207,528,8,0000000000000000,0,0,16.289377212524414,1,1,1,1,1,1779092639.3961885
16.30120878219614,0,s0_stop,0.0,0.0,1.7993327379226685,-0.08876752108335495,0.15901830792427063,82.92454797421969,-6.036552909459589,0.0,0.0,0.0,0.991711241640934,0.12848662655310406,-0.9195294101986322,0.2423372778575548,0.0,0.0,0.0,0.03217211073011112,1.0,0.0,0.0,0.0,0.0,-0.0844486931549358,0.2021948631639511,-0.0844486931549358,0.2021948631639511,0.9992692470550537,0.8254549503326416,0.08438698202371597,-0.16690275073051453,1.0,0.0,20.0,1.0,1.140056848526001,0.023830844089388847,0.010640509209954288,0.0,0.0,0.0,0.0,16.329766750335693,16.349635362625122,16.269688606262207,528,8,0000000000000000,0,0,16.289377212524414,1,1,1,1,1,1779092639.3961885
16.351208782196142,0,s0_stop,0.0,0.0,1.7993327379226685,-0.08876752108335495,0.15901830792427063,82.92454797421969,-6.036552909459589,0.0,0.0,0.0,0.991711241640934,0.12848662655310406,-0.9195294101986322,0.2423372778575548,0.0,0.0,0.0,0.03217211073011112,1.0,0.0,0.0,0.0,0.0,-0.08241280687373227,0.2041708362124345,-0.08241280687373227,0.2041708362124345,0.996166467666626,0.8244777917861938,0.0820968747138977,-0.16833432018756866,1.0,0.0,20.0,1.0,1.1386184692382812,-0.011782655492424965,-0.006625678504182407,0.0,0.0,0.0,0.0,16.329766750335693,16.349635362625122,16.36963963508606,528,8,0000000000000000,0,0,16.389492511749268,1,1,1,1,1,1779092639.49594
16.401208782196143,0,s0_stop,0.0,0.0,1.9454079866409302,-0.1112697422504425,0.15035302937030792,82.92008450146277,-6.035377261735061,0.0,0.0,0.0,0.9917203604174163,0.1284162245728707,-0.9002722595941414,0.23712546061936896,0.0,0.0,0.0,0.027566502698844066,1.0,0.0,0.0,0.0,0.0,-0.08241280687373227,0.2041708362124345,-0.08241280687373227,0.2041708362124345,0.996166467666626,0.8244777917861938,0.0820968747138977,-0.16833432018756866,1.0,0.0,20.0,1.0,1.1386184692382812,-0.011782655492424965,-0.006625678504182407,0.0,0.0,0.0,0.0,16.429883003234863,16.449724674224854,16.36963963508606,528,8,0000000000000000,0,0,16.389492511749268,1,1,1,1,1,1779092639.49594
16.451208782196144,0,s0_stop,0.0,0.0,1.9454079866409302,-0.1112697422504425,0.15035302937030792,82.92008450146277,-6.035377261735061,0.0,0.0,0.0,0.9917203604174163,0.1284162245728707,-0.9002722595941414,0.23712546061936896,0.0,0.0,0.0,0.027566502698844066,1.0,0.0,0.0,0.0,0.0,-0.08075187179220991,0.20640575342384399,-0.08075187179220991,0.20640575342384399,0.9932821989059448,0.8229828476905823,0.0802093967795372,-0.16986839473247528,1.0,0.0,20.0,1.0,1.1398382186889648,-0.025119829922914505,0.005452783945697738,0.0,0.0,0.0,0.0,16.429883003234863,16.449724674224854,16.469531297683716,528,8,0000000000000000,0,0,16.489420652389526,1,1,1,1,1,1779092639.5958235
16.501208782196144,0,s0_stop,0.0,0.0,2.0707662105560303,-0.13720394670963287,0.11721640825271606,82.91484034781801,-6.033997040984619,0.0,0.0,0.0,0.991732411731324,0.12832312153922895,-0.8874550981970626,0.23357133001668234,0.0,0.0,0.0,0.032446685047369854,1.0,0.0,0.0,0.0,0.0,-0.08075187179220991,0.20640575342384399,-0.08075187179220991,0.20640575342384399,0.9932821989059448,0.8229828476905823,0.0802093967795372,-0.16986839473247528,1.0,0.0,20.0,1.0,1.1398382186889648,-0.025119829922914505,0.005452783945697738,0.0,0.0,0.0,0.0,16.529839515686035,16.549603700637817,16.469531297683716,528,8,0000000000000000,0,0,16.489420652389526,1,1,1,1,1,1779092639.5958235
16.551208782196145,0,s0_stop,0.0,0.0,2.0707662105560303,-0.13720394670963287,0.11721640825271606,82.91484034781801,-6.033997040984619,0.0,0.0,0.0,0.991732411731324,0.12832312153922895,-0.8874550981970626,0.23357133001668234,0.0,0.0,0.0,0.032446685047369854,1.0,0.0,0.0,0.0,0.0,-0.07989806546792214,0.20716289357423756,-0.07989806546792214,0.20716289357423756,0.9922799468040466,0.8228546380996704,0.07928124815225601,-0.17046494781970978,1.0,0.0,20.0,1.0,1.1386475563049316,-0.03816403076052666,-0.003259338505012237,0.0,0.0,0.0,0.0,16.529839515686035,16.549603700637817,16.569660186767578,528,8,0000000000000000,0,0,16.58949565887451,1,1,1,1,1,1779092639.6958222
16.601208782196146,0,s0_stop,0.0,0.0,2.123608112335205,-0.13270077109336853,0.1533724069595337,82.91136356559963,-6.033082545852379,0.0,0.0,0.0,0.9917421967638903,0.12824747622441995,-0.8746285350972551,0.23005281539823277,0.0,0.0,0.0,0.04030699789708803,1.0,0.0,0.0,0.0,0.0,-0.07989806546792214,0.20716289357423756,-0.07989806546792214,0.20716289357423756,0.9922799468040466,0.8228546380996704,0.07928124815225601,-0.17046494781970978,1.0,0.0,20.0,1.0,1.1386475563049316,-0.03816403076052666,-0.003259338505012237,0.0,0.0,0.0,0.0,16.62969970703125,16.649690866470337,16.569660186767578,528,8,0000000000000000,0,0,16.58949565887451,1,1,1,1,1,1779092639.6958222
16.651208782196147,0,s0_stop,0.0,0.0,2.123608112335205,-0.13270077109336853,0.1533724069595337,82.91136356559963,-6.033082545852379,0.0,0.0,0.0,0.9917421967638903,0.12824747622441995,-0.8746285350972551,0.23005281539823277,0.0,0.0,0.0,0.04030699789708803,1.0,0.0,0.0,0.0,0.0,-0.07876615828271086,0.2087627076830139,-0.07876615828271086,0.2087627076830139,0.9905852675437927,0.8217008709907532,0.07802459597587585,-0.1715404987335205,1.0,0.0,20.0,1.0,1.1412007808685303,-0.03797078877687454,0.002000116929186597,0.0,0.0,0.0,0.0,16.62969970703125,16.649690866470337,16.66947841644287,528,8,0000000000000000,0,0,16.68953824043274,1,1,1,1,1,1779092639.7958448
16.701208782196147,0,s0_stop,0.0,0.0,2.06783390045166,-0.13056127727031708,0.1909123659133911,82.90600229919029,-6.031673902155197,0.0,0.0,0.0,0.991759257078565,0.12811547915444338,-0.8618266574324877,0.22644028413545694,0.0,0.0,0.0,0.04923370811900527,1.0,0.0,0.0,0.0,0.0,-0.07876615828271086,0.2087627076830139,-0.07876615828271086,0.2087627076830139,0.9905852675437927,0.8217008709907532,0.07802459597587585,-0.1715404987335205,1.0,0.0,20.0,1.0,1.1412007808685303,-0.03797078877687454,0.002000116929186597,0.0,0.0,0.0,0.0,16.72973871231079,16.749622583389282,16.66947841644287,528,8,0000000000000000,0,0,16.68953824043274,1,1,1,1,1,1779092639.7958448
16.751208782196148,0,s0_stop,0.0,0.0,2.06783390045166,-0.13056127727031708,0.1909123659133911,82.90600229919029,-6.031673902155197,0.0,0.0,0.0,0.991759257078565,0.12811547915444338,-0.8618266574324877,0.22644028413545694,0.0,0.0,0.0,0.04923370811900527,1.0,0.0,0.0,0.0,0.0,-0.07773546235045894,0.20998700644792045,-0.07773546235045894,0.20998700644792045,0.9896288514137268,0.8210715055465698,0.0769292563199997,-0.17241434752941132,1.0,0.0,20.0,1.0,1.1405839920043945,-0.03583637252449989,-0.0033186520624942464,0.0,0.0,0.0,0.0,16.72973871231079,16.749622583389282,16.770769119262695,528,8,0000000000000000,0,0,16.789523124694824,1,1,1,1,1,1779092639.896345
16.80120878219615,0,s0_stop,0.0,0.0,1.8856924772262573,-0.12077456712722778,0.19033530354499817,82.90266601949128,-6.030798044139283,0.0,0.0,0.0,0.9917723887816404,0.12801378382954945,-0.8490093002494971,0.22288646884974897,0.0,0.0,0.0,0.0501805176592614,1.0,0.0,0.0,0.0,0.0,-0.07773546235045894,0.20998700644792045,-0.07773546235045894,0.20998700644792045,0.9896288514137268,0.8210715055465698,0.0769292563199997,-0.17241434752941132,1.0,0.0,20.0,1.0,1.1405839920043945,-0.03583637252449989,-0.0033186520624942464,0.0,0.0,0.0,0.0,16.829717874526978,16.8497633934021,16.770769119262695,528,8,0000000000000000,0,0,16.789523124694824,1,1,1,1,1,1779092639.896345
16.85120878219615,0,s0_stop,0.0,0.0,1.8856924772262573,-0.12077456712722778,0.19033530354499817,82.90266601949128,-6.030798044139283,0.0,0.0,0.0,0.9917723887816404,0.12801378382954945,-0.8490093002494971,0.22288646884974897,0.0,0.0,0.0,0.0501805176592614,1.0,0.0,0.0,0.0,0.0,-0.07714565594402426,0.21060912555645186,-0.07714565594402426,0.21060912555645186,0.9890394806861877,0.8209067583084106,0.07630009949207306,-0.17289045453071594,1.0,0.0,20.0,1.0,1.1400971412658691,-0.04253115504980087,0.000363519789813085,0.0,0.0,0.0,0.0,16.829717874526978,16.8497633934021,16.869677305221558,528,8,0000000000000000,0,0,16.889435052871704,1,1,1,1,1,1779092639.995842
16.90120878219615,0,s0_stop,0.0,0.0,1.6680890321731567,-0.11709344387054443,0.15794378519058228,82.89679631630595,-6.0292593900496145,0.0,0.0,0.0,0.9917957546553652,0.12783262904123754,-0.8362256563651012,0.21920393338927394,0.0,0.0,0.0,0.051436846881395146,1.0,0.0,0.0,0.0,0.0,-0.07714565594402426,0.21060912555645186,-0.07714565594402426,0.21060912555645186,0.9890394806861877,0.8209067583084106,0.07630009949207306,-0.17289045453071594,1.0,0.0,20.0,1.0,1.1400971412658691,-0.04253115504980087,0.000363519789813085,0.0,0.0,0.0,0.0,16.929773092269897,16.94965434074402,16.869677305221558,528,8,0000000000000000,0,0,16.889435052871704,1,1,1,1,1,1779092639.995842
16.95120878219615,0,s0_stop,0.0,0.0,1.6680890321731567,-0.11709344387054443,0.15794378519058228,82.89679631630595,-6.0292593900496145,0.0,0.0,0.0,0.9917957546553652,0.12783262904123754,-0.8362256563651012,0.21920393338927394,0.0,0.0,0.0,0.051436846881395146,1.0,0.0,0.0,0.0,0.0,-0.07636174032068029,0.21145270767753024,-0.07636174032068029,0.21145270767753024,0.9884012937545776,0.8204726576805115,0.07547604292631149,-0.17349116504192352,1.0,0.0,20.0,1.0,1.140692949295044,-0.04198332503437996,0.0006124666320712492,0.0,0.0,0.0,0.0,16.929773092269897,16.94965434074402,16.970072746276855,528,8,0000000000000000,0,0,16.989447116851807,1,1,1,1,1,1779092640.0959077
17.00120878219615,0,s0_stop,0.0,0.0,1.391454815864563,-0.11514852195978165,0.15767011046409607,82.89266241374321,-6.0281768956135116,0.0,0.0,0.0,0.9918123230232904,0.12770401676981147,-0.8169836523834869,0.2139335034313408,0.0,0.0,0.0,0.05350386418201142,1.0,0.0,0.0,0.0,0.0,-0.07636174032068029,0.21145270767753024,-0.07636174032068029,0.21145270767753024,0.9884012937545776,0.8204726576805115,0.07547604292631149,-0.17349116504192352,1.0,0.0,20.0,1.0,1.140692949295044,-0.04198332503437996,0.0006124666320712492,0.0,0.0,0.0,0.0,17.029679536819458,17.050304412841797,16.970072746276855,528,8,0000000000000000,0,0,16.989447116851807,1,1,1,1,1,1779092640.0959077
17.051208782196152,0,s0_stop,0.0,0.0,1.391454815864563,-0.11514852195978165,0.15767011046409607,82.89266241374321,-6.0281768956135116,0.0,0.0,0.0,0.9918123230232904,0.12770401676981147,-0.8169836523834869,0.2139335034313408,0.0,0.0,0.0,0.05350386418201142,1.0,0.0,0.0,0.0,0.0,-0.07559421062965212,0.21215843835860906,-0.07559421062965212,0.21215843835860906,0.9878500699996948,0.8202841281890869,0.07467574626207352,-0.17403019964694977,1.0,0.0,20.0,1.0,1.13999342918396,-0.040353864431381226,0.0007259933663859083,0.0,0.0,0.0,0.0,17.029679536819458,17.050304412841797,17.069719314575195,528,8,0000000000000000,0,0,17.089394330978394,1,1,1,1,1,1779092640.1959903
17.101208782196153,0,s0_stop,0.0,0.0,1.09340500831604,-0.10164760798215866,0.13217884302139282,82.88721853612991,-6.026753283985311,0.0,0.0,0.0,0.9918332757956403,0.12754118168062134,-0.8041868646840253,0.21030042428095985,0.0,0.0,0.0,0.049589207695889016,1.0,0.0,0.0,0.0,0.0,-0.07559421062965212,0.21215843835860906,-0.07559421062965212,0.21215843835860906,0.9878500699996948,0.8202841281890869,0.07467574626207352,-0.17403019964694977,1.0,0.0,20.0,1.0,1.13999342918396,-0.040353864431381226,0.0007259933663859083,0.0,0.0,0.0,0.0,17.129953622817993,17.149623155593872,17.069719314575195,528,8,0000000000000000,0,0,17.089394330978394,1,1,1,1,1,1779092640.1959903
17.151208782196154,0,s0_stop,0.0,0.0,1.09340500831604,-0.10164760798215866,0.13217884302139282,82.88721853612991,-6.026753283985311,0.0,0.0,0.0,0.9918332757956403,0.12754118168062134,-0.8041868646840253,0.21030042428095985,0.0,0.0,0.0,0.049589207695889016,1.0,0.0,0.0,0.0,0.0,-0.07531226563933754,0.21240057618019678,-0.07531226563933754,0.21240057618019678,0.9876696467399597,0.8202592730522156,0.07438363879919052,-0.17422354221343994,1.0,0.0,20.0,1.0,1.1398520469665527,-0.04077213630080223,6.871162703858062e-05,0.0,0.0,0.0,0.0,17.129953622817993,17.149623155593872,17.16979146003723,528,8,0000000000000000,0,0,17.18938159942627,1,1,1,1,1,1779092640.2958364
17.201208782196154,0,s0_stop,0.0,0.0,0.7804303765296936,-0.08756038546562195,0.1381613165140152,82.88160182264363,-6.025286612935853,0.0,0.0,0.0,0.9918559864238821,0.12736444635418462,-0.7913935716993404,0.20665359612432052,0.0,0.0,0.0,0.04990704678182617,1.0,0.0,0.0,0.0,0.0,-0.07531226563933754,0.21240057618019678,-0.07531226563933754,0.21240057618019678,0.9876696467399597,0.8202592730522156,0.07438363879919052,-0.17422354221343994,1.0,0.0,20.0,1.0,1.1398520469665527,-0.04077213630080223,6.871162703858062e-05,0.0,0.0,0.0,0.0,17.22969961166382,17.24974489212036,17.16979146003723,528,8,0000000000000000,0,0,17.18938159942627,1,1,1,1,1,1779092640.2958364
17.251208782196155,0,s0_stop,0.0,0.0,0.7804303765296936,-0.08756038546562195,0.1381613165140152,82.88160182264363,-6.025286612935853,0.0,0.0,0.0,0.9918559864238821,0.12736444635418462,-0.7913935716993404,0.20665359612432052,0.0,0.0,0.0,0.04990704678182617,1.0,0.0,0.0,0.0,0.0,-0.07506117430400384,0.21275306195304225,-0.07506117430400384,0.21275306195304225,0.987543523311615,0.81996089220047,0.07412617653608322,-0.17444919049739838,1.0,0.0,20.0,1.0,1.140279769897461,-0.03451927378773689,-0.00011932546185974855,0.0,0.0,0.0,0.0,17.22969961166382,17.24974489212036,17.2696270942688,528,8,0000000000000000,0,0,17.28944206237793,1,1,1,1,1,1779092640.3958213
17.301208782196156,0,s0_stop,0.0,0.0,0.536638081073761,-0.08228307217359543,0.1400977075099945,82.87844564453484,-6.024463138401853,0.0,0.0,0.0,0.9918689447975332,0.12726349180431984,-0.778566750953,0.20313488983429942,0.0,0.0,0.0,0.04691795371323633,1.0,0.0,0.0,0.0,0.0,-0.07506117430400384,0.21275306195304225,-0.07506117430400384,0.21275306195304225,0.987543523311615,0.81996089220047,0.07412617653608322,-0.17444919049739838,1.0,0.0,20.0,1.0,1.140279769897461,-0.03451927378773689,-0.00011932546185974855,0.0,0.0,0.0,0.0,17.329883098602295,17.34960126876831,17.2696270942688,528,8,0000000000000000,0,0,17.28944206237793,1,1,1,1,1,1779092640.3958213
17.351208782196156,0,s0_stop,0.0,0.0,0.536638081073761,-0.08228307217359543,0.1400977075099945,82.87844564453484,-6.024463138401853,0.0,0.0,0.0,0.9918689447975332,0.12726349180431984,-0.778566750953,0.20313488983429942,0.0,0.0,0.0,0.04691795371323633,1.0,0.0,0.0,0.0,0.0,-0.07464994796156642,0.21302583174140147,-0.07464994796156642,0.21302583174140147,0.9873318672180176,0.8200981616973877,0.07370427250862122,-0.17470209300518036,1.0,0.0,20.0,1.0,1.140134334564209,-0.034398745745420456,-0.0025720145265735366,0.0,0.0,0.0,0.0,17.329883098602295,17.34960126876831,17.369516372680664,528,8,0000000000000000,0,0,17.38948893547058,1,1,1,1,1,1779092640.495996
17.401208782196157,0,s0_stop,0.0,0.0,0.3560197651386261,-0.07295286655426025,0.13792817294597626,82.8731948127392,-6.023095214901173,0.0,0.0,0.0,0.9918923546224487,0.12708090667576502,-0.7657713770438356,0.19949537589005822,0.0,0.0,0.0,0.05100872214810874,1.0,0.0,0.0,0.0,0.0,-0.07464994796156642,0.21302583174140147,-0.07464994796156642,0.21302583174140147,0.9873318672180176,0.8200981616973877,0.07370427250862122,-0.17470209300518036,1.0,0.0,20.0,1.0,1.140134334564209,-0.034398745745420456,-0.0025720145265735366,0.0,0.0,0.0,0.0,17.429728984832764,17.449666738510132,17.369516372680664,528,8,0000000000000000,0,0,17.38948893547058,1,1,1,1,1,1779092640.495996
17.451208782196158,0,s0_stop,0.0,0.0,0.3560197651386261,-0.07295286655426025,0.13792817294597626,82.8731948127392,-6.023095214901173,0.0,0.0,0.0,0.9918923546224487,0.12708090667576502,-0.7657713770438356,0.19949537589005822,0.0,0.0,0.0,0.05100872214810874,1.0,0.0,0.0,0.0,0.0,-0.07449575846039114,0.21314170790900924,-0.07449575846039114,0.21314170790900924,0.987145721912384,0.8201435804367065,0.0735381692647934,-0.17480680346488953,1.0,0.0,20.0,1.0,1.1400091648101807,-0.03939446434378624,7.931997662535546e-05,0.0,0.0,0.0,0.0,17.429728984832764,17.449666738510132,17.469603300094604,528,8,0000000000000000,0,0,17.48941946029663,1,1,1,1,1,1779092640.596528
17.50120878219616,0,s0_stop,0.0,0.0,0.21539098024368286,-0.0683518499135971,0.13312138617038727,82.86863252148792,-6.0219081023410075,0.0,0.0,0.0,0.9919110660126856,0.12693477506805464,-0.74652348318208,0.19424612646014397,0.0,0.0,0.0,0.04696689963147994,1.0,0.0,0.0,0.0,0.0,-0.07449575846039114,0.21314170790900924,-0.07449575846039114,0.21314170790900924,0.987145721912384,0.8201435804367065,0.0735381692647934,-0.17480680346488953,1.0,0.0,20.0,1.0,1.1400091648101807,-0.03939446434378624,7.931997662535546e-05,0.0,0.0,0.0,0.0,17.52980327606201,17.549636363983154,17.469603300094604,528,8,0000000000000000,0,0,17.48941946029663,1,1,1,1,1,1779092640.596528
17.55120878219616,0,s0_stop,0.0,0.0,0.21539098024368286,-0.0683518499135971,0.13312138617038727,82.86863252148792,-6.0219081023410075,0.0,0.0,0.0,0.9919110660126856,0.12693477506805464,-0.74652348318208,0.19424612646014397,0.0,0.0,0.0,0.04696689963147994,1.0,0.0,0.0,0.0,0.0,-0.07433733499573761,0.21325884480020998,-0.07433733499573761,0.21325884480020998,0.9870499968528748,0.8201821446418762,0.0733746662735939,-0.17491109669208527,1.0,0.0,20.0,1.0,1.1402580738067627,-0.03971704840660095,-0.00011518332430523115,0.0,0.0,0.0,0.0,17.52980327606201,17.549636363983154,17.569528341293335,528,8,0000000000000000,0,0,17.58950638771057,1,1,1,1,1,1779092640.6960008
17.60120878219616,0,s0_stop,0.0,0.0,0.11764847487211227,-0.0611400306224823,0.13288471102714539,82.86281090107558,-6.0203953351231085,0.0,0.0,0.0,0.9919317210573224,0.12677326516367063,-0.7272784232436998,0.18898569110330804,0.0,0.0,0.0,0.03876454367087803,1.0,0.0,0.0,0.0,0.0,-0.07433733499573761,0.21325884480020998,-0.07433733499573761,0.21325884480020998,0.9870499968528748,0.8201821446418762,0.0733746662735939,-0.17491109669208527,1.0,0.0,20.0,1.0,1.1402580738067627,-0.03971704840660095,-0.00011518332430523115,0.0,0.0,0.0,0.0,17.629734754562378,17.64966630935669,17.569528341293335,528,8,0000000000000000,0,0,17.58950638771057,1,1,1,1,1,1779092640.6960008
17.65120878219616,0,s0_stop,0.0,0.0,0.11764847487211227,-0.0611400306224823,0.13288471102714539,82.86281090107558,-6.0203953351231085,0.0,0.0,0.0,0.9919317210573224,0.12677326516367063,-0.7272784232436998,0.18898569110330804,0.0,0.0,0.0,0.03876454367087803,1.0,0.0,0.0,0.0,0.0,-0.07454028646848562,0.2132742103403501,-0.07454028646848562,0.2132742103403501,0.9872239232063293,0.8198416233062744,0.07358795404434204,-0.17485107481479645,1.0,0.0,20.0,1.0,1.14054536819458,-0.03093712218105793,0.0009299127548726742,0.0,0.0,0.0,0.0,17.629734754562378,17.64966630935669,17.669477939605713,528,8,0000000000000000,0,0,17.68942379951477,1,1,1,1,1,1779092640.7964387
17.70120878219616,0,s0_stop,0.0,0.0,0.04718640446662903,-0.05487612262368202,0.13151933252811432,82.85855433461818,-6.0192902677017415,0.0,0.0,0.0,0.9919458797590542,0.12666243179820882,-0.7144477057322708,0.18548115993881317,0.0,0.0,0.0,0.03642424993945691,1.0,0.0,0.0,0.0,0.0,-0.07454028646848562,0.2132742103403501,-0.07454028646848562,0.2132742103403501,0.9872239232063293,0.8198416233062744,0.07358795404434204,-0.17485107481479645,1.0,0.0,20.0,1.0,1.14054536819458,-0.03093712218105793,0.0009299127548726742,0.0,0.0,0.0,0.0,17.72990894317627,17.749626398086548,17.669477939605713,528,8,0000000000000000,0,0,17.68942379951477,1,1,1,1,1,1779092640.7964387
17.751208782196162,0,s0_stop,0.0,0.0,0.04718640446662903,-0.05487612262368202,0.13151933252811432,82.85855433461818,-6.0192902677017415,0.0,0.0,0.0,0.9919458797590542,0.12666243179820882,-0.7144477057322708,0.18548115993881317,0.0,0.0,0.0,0.03642424993945691,1.0,0.0,0.0,0.0,0.0,-0.0745037263353255,0.21325351705993242,-0.0745037263353255,0.21325351705993242,0.9872430562973022,0.8199269771575928,0.07355328649282455,-0.17485231161117554,1.0,0.0,20.0,1.0,1.1399283409118652,-0.03085719235241413,-0.0010881461785328186,0.0,0.0,0.0,0.0,17.72990894317627,17.749626398086548,17.769555807113647,528,8,0000000000000000,0,0,17.789472818374634,1,1,1,1,1,1779092640.8958893
17.801208782196163,0,s0_stop,0.0,0.0,0.0043423715978860855,-0.05360342562198639,0.13215745985507965,82.85295376129149,-6.017838025710142,0.0,0.0,0.0,0.9919644039571545,0.12651727661441065,-0.7016280497733302,0.1819338230088479,0.0,0.0,0.0,0.03500439678246198,1.0,0.0,0.0,0.0,0.0,-0.0745037263353255,0.21325351705993242,-0.0745037263353255,0.21325351705993242,0.9872430562973022,0.8199269771575928,0.07355328649282455,-0.17485231161117554,1.0,0.0,20.0,1.0,1.1399283409118652,-0.03085719235241413,-0.0010881461785328186,0.0,0.0,0.0,0.0,17.82971692085266,17.849631309509277,17.769555807113647,528,8,0000000000000000,0,0,17.789472818374634,1,1,1,1,1,1779092640.8958893
17.851208782196164,0,s0_stop,0.0,0.0,0.0043423715978860855,-0.05360342562198639,0.13215745985507965,82.85295376129149,-6.017838025710142,0.0,0.0,0.0,0.9919644039571545,0.12651727661441065,-0.7016280497733302,0.1819338230088479,0.0,0.0,0.0,0.03500439678246198,1.0,0.0,0.0,0.0,0.0,-0.07466141056624331,0.2132406562642043,-0.07466141056624331,0.2132406562642043,0.9873361587524414,0.819709837436676,0.07371591031551361,-0.174795463681221,1.0,0.0,20.0,1.0,1.1392173767089844,-0.02681746706366539,0.0009593147700826739,0.0,0.0,0.0,0.0,17.82971692085266,17.849631309509277,17.869499921798706,528,8,0000000000000000,0,0,17.8893826007843,1,1,1,1,1,1779092640.9962103
17.901208782196164,0,s0_stop,0.0,0.0,-0.014862694777548313,-0.04098863527178764,0.13085219264030457,82.84951549984616,-6.01694713234498,0.0,0.0,0.0,0.991975709671973,0.1264286020676707,-0.6887860597583021,0.17847244615132016,0.0,0.0,0.0,0.03509900090863843,1.0,0.0,0.0,0.0,0.0,-0.07466141056624331,0.2132406562642043,-0.07466141056624331,0.2132406562642043,0.9873361587524414,0.819709837436676,0.07371591031551361,-0.174795463681221,1.0,0.0,20.0,1.0,1.1392173767089844,-0.02681746706366539,0.0009593147700826739,0.0,0.0,0.0,0.0,17.92982006072998,17.94962787628174,17.869499921798706,528,8,0000000000000000,0,0,17.8893826007843,1,1,1,1,1,1779092640.9962103
17.951208782196165,0,s0_stop,0.0,0.0,-0.014862694777548313,-0.04098863527178764,0.13085219264030457,82.84951549984616,-6.01694713234498,0.0,0.0,0.0,0.991975709671973,0.1264286020676707,-0.6887860597583021,0.17847244615132016,0.0,0.0,0.0,0.03509900090863843,1.0,0.0,0.0,0.0,0.0,-0.07461466014378149,0.21321161028879368,-0.07461466014378149,0.21321161028879368,0.9873424768447876,0.8198273777961731,0.07367022335529327,-0.1747967153787613,1.0,0.0,20.0,1.0,1.1399142742156982,-0.027458518743515015,-0.0010382207819344307,0.0,0.0,0.0,0.0,17.92982006072998,17.94962787628174,17.969516038894653,528,8,0000000000000000,0,0,17.989441633224487,1,1,1,1,1,1779092641.095865
